timestamp,value_kwh
2026-01-05 00:15+01:00,51.417503
2026-01-05 00:30+01:00,47.159498
2026-01-05 00:45+01:00,48.920779
2026-01-05 01:00+01:00,46.968785
2026-01-05 01:15+01:00,49.162008
2026-01-05 01:30+01:00,51.873500
2026-01-05 01:45+01:00,52.170067
2026-01-05 02:00+01:00,51.612939
2026-01-05 02:15+01:00,50.710557
2026-01-05 02:30+01:00,50.720521
2026-01-05 02:45+01:00,49.565940
2026-01-05 03:00+01:00,51.172407
2026-01-05 03:15+01:00,48.977571
2026-01-05 03:30+01:00,52.550473
2026-01-05 03:45+01:00,55.260578
2026-01-05 04:00+01:00,46.961185
2026-01-05 04:15+01:00,52.701899
2026-01-05 04:30+01:00,52.378700
2026-01-05 04:45+01:00,53.165336
2026-01-05 05:00+01:00,52.949610
2026-01-05 05:15+01:00,50.037482
2026-01-05 05:30+01:00,46.314616
2026-01-05 05:45+01:00,47.809354
2026-01-05 06:00+01:00,3.180480
2026-01-05 06:15+01:00,35.473366
2026-01-05 06:30+01:00,2.352059
2026-01-05 06:45+01:00,2.931034
2026-01-05 07:00+01:00,34.874813
2026-01-05 07:15+01:00,33.985328
2026-01-05 07:30+01:00,
2026-01-05 07:45+01:00,37.647653
2026-01-05 08:00+01:00,36.356029
2026-01-05 08:15+01:00,2.471276
2026-01-05 08:30+01:00,3.384212
2026-01-05 08:45+01:00,2.107763
2026-01-05 09:00+01:00,34.490736
2026-01-05 09:15+01:00,35.617143
2026-01-05 09:30+01:00,2.295545
2026-01-05 09:45+01:00,2.338454
2026-01-05 10:00+01:00,2.336178
2026-01-05 10:15+01:00,2.578887
2026-01-05 10:30+01:00,33.032020
2026-01-05 10:45+01:00,35.824927
2026-01-05 11:00+01:00,3.137291
2026-01-05 11:15+01:00,3.388900
2026-01-05 11:30+01:00,33.079497
2026-01-05 11:45+01:00,35.988406
2026-01-05 12:00+01:00,2.489114
2026-01-05 12:15+01:00,2.413493
2026-01-05 12:30+01:00,2.184438
2026-01-05 12:45+01:00,0.000000
2026-01-05 13:00+01:00,3.085580
2026-01-05 13:15+01:00,36.180059
2026-01-05 13:30+01:00,38.539423
2026-01-05 13:45+01:00,2.666707
2026-01-05 14:00+01:00,2.360835
2026-01-05 14:15+01:00,3.243162
2026-01-05 14:30+01:00,3.337896
2026-01-05 14:45+01:00,34.514644
2026-01-05 15:00+01:00,
2026-01-05 15:15+01:00,0.000000
2026-01-05 15:30+01:00,2.810419
2026-01-05 15:45+01:00,2.318788
2026-01-05 16:00+01:00,2.754312
2026-01-05 16:15+01:00,33.644510
2026-01-05 16:30+01:00,2.261337
2026-01-05 16:45+01:00,32.931145
2026-01-05 17:00+01:00,35.233855
2026-01-05 17:15+01:00,3.005036
2026-01-05 17:30+01:00,2.505550
2026-01-05 17:45+01:00,33.960879
2026-01-05 18:00+01:00,
2026-01-05 18:15+01:00,2.772507
2026-01-05 18:30+01:00,36.268571
2026-01-05 18:45+01:00,1.813206
2026-01-05 19:00+01:00,49.912750
2026-01-05 19:15+01:00,49.192575
2026-01-05 19:30+01:00,52.661717
2026-01-05 19:45+01:00,55.564847
2026-01-05 20:00+01:00,48.687493
2026-01-05 20:15+01:00,48.379556
2026-01-05 20:30+01:00,52.237021
2026-01-05 20:45+01:00,50.101219
2026-01-05 21:00+01:00,56.085300
2026-01-05 21:15+01:00,52.153823
2026-01-05 21:30+01:00,52.622855
2026-01-05 21:45+01:00,51.287192
2026-01-05 22:00+01:00,48.622027
2026-01-05 22:15+01:00,47.861726
2026-01-05 22:30+01:00,52.775618
2026-01-05 22:45+01:00,51.024307
2026-01-05 23:00+01:00,52.794567
2026-01-05 23:15+01:00,53.822315
2026-01-05 23:30+01:00,54.260338
2026-01-05 23:45+01:00,48.446514
2026-01-06 00:00+01:00,49.042270
2026-01-06 00:15+01:00,
2026-01-06 00:30+01:00,51.830384
2026-01-06 00:45+01:00,52.472419
2026-01-06 01:00+01:00,48.634993
2026-01-06 01:15+01:00,55.315076
2026-01-06 01:30+01:00,49.140972
2026-01-06 01:45+01:00,49.167699
2026-01-06 02:00+01:00,45.088264
2026-01-06 02:15+01:00,50.517045
2026-01-06 02:30+01:00,49.113481
2026-01-06 02:45+01:00,52.871111
2026-01-06 03:00+01:00,47.571794
2026-01-06 03:15+01:00,
2026-01-06 03:30+01:00,48.118858
2026-01-06 03:45+01:00,53.194293
2026-01-06 04:00+01:00,51.682885
2026-01-06 04:15+01:00,
2026-01-06 04:30+01:00,
2026-01-06 04:45+01:00,50.820529
2026-01-06 05:00+01:00,49.267021
2026-01-06 05:15+01:00,50.275663
2026-01-06 05:30+01:00,50.465769
2026-01-06 05:45+01:00,49.296794
2026-01-06 06:00+01:00,
2026-01-06 06:15+01:00,2.478553
2026-01-06 06:30+01:00,1.882231
2026-01-06 06:45+01:00,38.199444
2026-01-06 07:00+01:00,34.896844
2026-01-06 07:15+01:00,36.864415
2026-01-06 07:30+01:00,0.000000
2026-01-06 07:45+01:00,2.683872
2026-01-06 08:00+01:00,2.319148
2026-01-06 08:15+01:00,2.380159
2026-01-06 08:30+01:00,34.120640
2026-01-06 08:45+01:00,3.274768
2026-01-06 09:00+01:00,34.319701
2026-01-06 09:15+01:00,3.930505
2026-01-06 09:30+01:00,3.262963
2026-01-06 09:45+01:00,2.900803
2026-01-06 10:00+01:00,35.259004
2026-01-06 10:15+01:00,
2026-01-06 10:30+01:00,36.268771
2026-01-06 10:45+01:00,2.348429
2026-01-06 11:00+01:00,37.451975
2026-01-06 11:15+01:00,2.666645
2026-01-06 11:30+01:00,2.697717
2026-01-06 11:45+01:00,0.000000
2026-01-06 12:00+01:00,34.522124
2026-01-06 12:15+01:00,35.573013
2026-01-06 12:30+01:00,34.698119
2026-01-06 12:45+01:00,37.586114
2026-01-06 13:00+01:00,2.732069
2026-01-06 13:15+01:00,2.281566
2026-01-06 13:30+01:00,
2026-01-06 13:45+01:00,2.353951
2026-01-06 14:00+01:00,2.877619
2026-01-06 14:15+01:00,
2026-01-06 14:30+01:00,35.341200
2026-01-06 14:45+01:00,2.942630
2026-01-06 15:00+01:00,2.157174
2026-01-06 15:15+01:00,2.697870
2026-01-06 15:30+01:00,2.277867
2026-01-06 15:45+01:00,2.809321
2026-01-06 16:00+01:00,2.423947
2026-01-06 16:15+01:00,34.443397
2026-01-06 16:30+01:00,2.102701
2026-01-06 16:45+01:00,2.936858
2026-01-06 17:00+01:00,2.534258
2026-01-06 17:15+01:00,33.271719
2026-01-06 17:30+01:00,1.685090
2026-01-06 17:45+01:00,
2026-01-06 18:00+01:00,34.261522
2026-01-06 18:15+01:00,0.000000
2026-01-06 18:30+01:00,2.671747
2026-01-06 18:45+01:00,2.412799
2026-01-06 19:00+01:00,52.221852
2026-01-06 19:15+01:00,46.892214
2026-01-06 19:30+01:00,56.268621
2026-01-06 19:45+01:00,47.575956
2026-01-06 20:00+01:00,51.352660
2026-01-06 20:15+01:00,59.760457
2026-01-06 20:30+01:00,52.340601
2026-01-06 20:45+01:00,53.043313
2026-01-06 21:00+01:00,52.557194
2026-01-06 21:15+01:00,52.574255
2026-01-06 21:30+01:00,46.769532
2026-01-06 21:45+01:00,49.645985
2026-01-06 22:00+01:00,53.468293
2026-01-06 22:15+01:00,49.366535
2026-01-06 22:30+01:00,48.872008
2026-01-06 22:45+01:00,50.991061
2026-01-06 23:00+01:00,52.377244
2026-01-06 23:15+01:00,50.668738
2026-01-06 23:30+01:00,48.804020
2026-01-06 23:45+01:00,
2026-01-07 00:00+01:00,51.822856
2026-01-07 00:15+01:00,50.339034
2026-01-07 00:30+01:00,
2026-01-07 00:45+01:00,50.437880
2026-01-07 01:00+01:00,48.016279
2026-01-07 01:15+01:00,54.701754
2026-01-07 01:30+01:00,52.988610
2026-01-07 01:45+01:00,52.220912
2026-01-07 02:00+01:00,52.280556
2026-01-07 02:15+01:00,49.935496
2026-01-07 02:30+01:00,51.203056
2026-01-07 02:45+01:00,51.566065
2026-01-07 03:00+01:00,54.035682
2026-01-07 03:15+01:00,50.826594
2026-01-07 03:30+01:00,47.074873
2026-01-07 03:45+01:00,48.678475
2026-01-07 04:00+01:00,50.407380
2026-01-07 04:15+01:00,48.936865
2026-01-07 04:30+01:00,51.504135
2026-01-07 04:45+01:00,52.562413
2026-01-07 05:00+01:00,52.415405
2026-01-07 05:15+01:00,47.356175
2026-01-07 05:30+01:00,52.119684
2026-01-07 05:45+01:00,51.455825
2026-01-07 06:00+01:00,2.363389
2026-01-07 06:15+01:00,3.756177
2026-01-07 06:30+01:00,2.907741
2026-01-07 06:45+01:00,36.080545
2026-01-07 07:00+01:00,2.497189
2026-01-07 07:15+01:00,2.440805
2026-01-07 07:30+01:00,34.984486
2026-01-07 07:45+01:00,2.312576
2026-01-07 08:00+01:00,33.853332
2026-01-07 08:15+01:00,1.753897
2026-01-07 08:30+01:00,2.843090
2026-01-07 08:45+01:00,35.485029
2026-01-07 09:00+01:00,35.205972
2026-01-07 09:15+01:00,34.645720
2026-01-07 09:30+01:00,35.213782
2026-01-07 09:45+01:00,36.372816
2026-01-07 10:00+01:00,36.533732
2026-01-07 10:15+01:00,2.684603
2026-01-07 10:30+01:00,33.986088
2026-01-07 10:45+01:00,34.090449
2026-01-07 11:00+01:00,3.014596
2026-01-07 11:15+01:00,2.552759
2026-01-07 11:30+01:00,1.843024
2026-01-07 11:45+01:00,
2026-01-07 12:00+01:00,1.660983
2026-01-07 12:15+01:00,34.735380
2026-01-07 12:30+01:00,34.554609
2026-01-07 12:45+01:00,3.203749
2026-01-07 13:00+01:00,2.114427
2026-01-07 13:15+01:00,0.000000
2026-01-07 13:30+01:00,
2026-01-07 13:45+01:00,3.534601
2026-01-07 14:00+01:00,2.997264
2026-01-07 14:15+01:00,34.968196
2026-01-07 14:30+01:00,2.862954
2026-01-07 14:45+01:00,
2026-01-07 15:00+01:00,37.363519
2026-01-07 15:15+01:00,35.950780
2026-01-07 15:30+01:00,36.190935
2026-01-07 15:45+01:00,31.908585
2026-01-07 16:00+01:00,2.966126
2026-01-07 16:15+01:00,2.134705
2026-01-07 16:30+01:00,2.744566
2026-01-07 16:45+01:00,38.697573
2026-01-07 17:00+01:00,33.907305
2026-01-07 17:15+01:00,3.590541
2026-01-07 17:30+01:00,34.587184
2026-01-07 17:45+01:00,36.653269
2026-01-07 18:00+01:00,2.324297
2026-01-07 18:15+01:00,2.550774
2026-01-07 18:30+01:00,3.026490
2026-01-07 18:45+01:00,1.893519
2026-01-07 19:00+01:00,49.814130
2026-01-07 19:15+01:00,48.083732
2026-01-07 19:30+01:00,55.598521
2026-01-07 19:45+01:00,54.706524
2026-01-07 20:00+01:00,51.660930
2026-01-07 20:15+01:00,49.233501
2026-01-07 20:30+01:00,51.111907
2026-01-07 20:45+01:00,50.750952
2026-01-07 21:00+01:00,53.262655
2026-01-07 21:15+01:00,54.887117
2026-01-07 21:30+01:00,48.262380
2026-01-07 21:45+01:00,52.276930
2026-01-07 22:00+01:00,51.169444
2026-01-07 22:15+01:00,43.894145
2026-01-07 22:30+01:00,51.509850
2026-01-07 22:45+01:00,55.629617
2026-01-07 23:00+01:00,52.744980
2026-01-07 23:15+01:00,52.672794
2026-01-07 23:30+01:00,
2026-01-07 23:45+01:00,51.514604
2026-01-08 00:00+01:00,52.107843
2026-01-08 00:15+01:00,53.084259
2026-01-08 00:30+01:00,48.313057
2026-01-08 00:45+01:00,
2026-01-08 01:00+01:00,53.589168
2026-01-08 01:15+01:00,55.326405
2026-01-08 01:30+01:00,53.219365
2026-01-08 01:45+01:00,54.920073
2026-01-08 02:00+01:00,48.275329
2026-01-08 02:15+01:00,50.881443
2026-01-08 02:30+01:00,51.497096
2026-01-08 02:45+01:00,53.165973
2026-01-08 03:00+01:00,47.685446
2026-01-08 03:15+01:00,49.433744
2026-01-08 03:30+01:00,52.594742
2026-01-08 03:45+01:00,48.386242
2026-01-08 04:00+01:00,51.197003
2026-01-08 04:15+01:00,50.163775
2026-01-08 04:30+01:00,46.605254
2026-01-08 04:45+01:00,52.646454
2026-01-08 05:00+01:00,
2026-01-08 05:15+01:00,52.192345
2026-01-08 05:30+01:00,47.696056
2026-01-08 05:45+01:00,49.558612
2026-01-08 06:00+01:00,34.870013
2026-01-08 06:15+01:00,2.763406
2026-01-08 06:30+01:00,3.390497
2026-01-08 06:45+01:00,35.564624
2026-01-08 07:00+01:00,37.234953
2026-01-08 07:15+01:00,36.286889
2026-01-08 07:30+01:00,35.943866
2026-01-08 07:45+01:00,35.582638
2026-01-08 08:00+01:00,35.907919
2026-01-08 08:15+01:00,3.121529
2026-01-08 08:30+01:00,3.239982
2026-01-08 08:45+01:00,2.290899
2026-01-08 09:00+01:00,34.462984
2026-01-08 09:15+01:00,2.392273
2026-01-08 09:30+01:00,34.881112
2026-01-08 09:45+01:00,
2026-01-08 10:00+01:00,33.944019
2026-01-08 10:15+01:00,3.358297
2026-01-08 10:30+01:00,2.937656
2026-01-08 10:45+01:00,
2026-01-08 11:00+01:00,37.440451
2026-01-08 11:15+01:00,2.830032
2026-01-08 11:30+01:00,1.688455
2026-01-08 11:45+01:00,1.891675
2026-01-08 12:00+01:00,2.364852
2026-01-08 12:15+01:00,35.690396
2026-01-08 12:30+01:00,3.420111
2026-01-08 12:45+01:00,32.986606
2026-01-08 13:00+01:00,2.716625
2026-01-08 13:15+01:00,2.082655
2026-01-08 13:30+01:00,2.811907
2026-01-08 13:45+01:00,34.978534
2026-01-08 14:00+01:00,2.912345
2026-01-08 14:15+01:00,0.000000
2026-01-08 14:30+01:00,3.020921
2026-01-08 14:45+01:00,2.276313
2026-01-08 15:00+01:00,2.324598
2026-01-08 15:15+01:00,2.558533
2026-01-08 15:30+01:00,0.000000
2026-01-08 15:45+01:00,3.047790
2026-01-08 16:00+01:00,34.078780
2026-01-08 16:15+01:00,34.149423
2026-01-08 16:30+01:00,36.568547
2026-01-08 16:45+01:00,39.282415
2026-01-08 17:00+01:00,
2026-01-08 17:15+01:00,36.802130
2026-01-08 17:30+01:00,33.634551
2026-01-08 17:45+01:00,35.076811
2026-01-08 18:00+01:00,2.360690
2026-01-08 18:15+01:00,2.097840
2026-01-08 18:30+01:00,34.591395
2026-01-08 18:45+01:00,2.881847
2026-01-08 19:00+01:00,50.964994
2026-01-08 19:15+01:00,51.832450
2026-01-08 19:30+01:00,50.737526
2026-01-08 19:45+01:00,50.791830
2026-01-08 20:00+01:00,49.079966
2026-01-08 20:15+01:00,
2026-01-08 20:30+01:00,
2026-01-08 20:45+01:00,52.065317
2026-01-08 21:00+01:00,51.168719
2026-01-08 21:15+01:00,49.649401
2026-01-08 21:30+01:00,54.664376
2026-01-08 21:45+01:00,49.797986
2026-01-08 22:00+01:00,49.463384
2026-01-08 22:15+01:00,54.294999
2026-01-08 22:30+01:00,47.998993
2026-01-08 22:45+01:00,46.224123
2026-01-08 23:00+01:00,54.190546
2026-01-08 23:15+01:00,48.102377
2026-01-08 23:30+01:00,50.957414
2026-01-08 23:45+01:00,50.335689
2026-01-09 00:00+01:00,52.493004
2026-01-09 00:15+01:00,
2026-01-09 00:30+01:00,48.715982
2026-01-09 00:45+01:00,49.734628
2026-01-09 01:00+01:00,51.038587
2026-01-09 01:15+01:00,47.663189
2026-01-09 01:30+01:00,52.685531
2026-01-09 01:45+01:00,49.856924
2026-01-09 02:00+01:00,50.138172
2026-01-09 02:15+01:00,49.853880
2026-01-09 02:30+01:00,50.225318
2026-01-09 02:45+01:00,51.946556
2026-01-09 03:00+01:00,52.324203
2026-01-09 03:15+01:00,52.044176
2026-01-09 03:30+01:00,50.279198
2026-01-09 03:45+01:00,50.428788
2026-01-09 04:00+01:00,53.381059
2026-01-09 04:15+01:00,51.444414
2026-01-09 04:30+01:00,50.293488
2026-01-09 04:45+01:00,50.541138
2026-01-09 05:00+01:00,53.195747
2026-01-09 05:15+01:00,50.923413
2026-01-09 05:30+01:00,53.119713
2026-01-09 05:45+01:00,49.071949
2026-01-09 06:00+01:00,34.249620
2026-01-09 06:15+01:00,36.575032
2026-01-09 06:30+01:00,35.135387
2026-01-09 06:45+01:00,33.059312
2026-01-09 07:00+01:00,3.696063
2026-01-09 07:15+01:00,2.342248
2026-01-09 07:30+01:00,2.789851
2026-01-09 07:45+01:00,2.897572
2026-01-09 08:00+01:00,35.486445
2026-01-09 08:15+01:00,37.580624
2026-01-09 08:30+01:00,35.661666
2026-01-09 08:45+01:00,35.517898
2026-01-09 09:00+01:00,33.500204
2026-01-09 09:15+01:00,34.445475
2026-01-09 09:30+01:00,37.720821
2026-01-09 09:45+01:00,35.943613
2026-01-09 10:00+01:00,34.393792
2026-01-09 10:15+01:00,39.871009
2026-01-09 10:30+01:00,3.109976
2026-01-09 10:45+01:00,34.761992
2026-01-09 11:00+01:00,3.352133
2026-01-09 11:15+01:00,36.481407
2026-01-09 11:30+01:00,2.326643
2026-01-09 11:45+01:00,
2026-01-09 12:00+01:00,2.610032
2026-01-09 12:15+01:00,32.849337
2026-01-09 12:30+01:00,
2026-01-09 12:45+01:00,35.155768
2026-01-09 13:00+01:00,2.578171
2026-01-09 13:15+01:00,0.000000
2026-01-09 13:30+01:00,
2026-01-09 13:45+01:00,36.367101
2026-01-09 14:00+01:00,34.681591
2026-01-09 14:15+01:00,
2026-01-09 14:30+01:00,3.074090
2026-01-09 14:45+01:00,37.673091
2026-01-09 15:00+01:00,2.378006
2026-01-09 15:15+01:00,3.246841
2026-01-09 15:30+01:00,35.751840
2026-01-09 15:45+01:00,3.163723
2026-01-09 16:00+01:00,2.773172
2026-01-09 16:15+01:00,
2026-01-09 16:30+01:00,33.132454
2026-01-09 16:45+01:00,2.448849
2026-01-09 17:00+01:00,34.761212
2026-01-09 17:15+01:00,2.755623
2026-01-09 17:30+01:00,34.484656
2026-01-09 17:45+01:00,34.480659
2026-01-09 18:00+01:00,3.359363
2026-01-09 18:15+01:00,33.728302
2026-01-09 18:30+01:00,2.501974
2026-01-09 18:45+01:00,33.259816
2026-01-09 19:00+01:00,53.284461
2026-01-09 19:15+01:00,50.163875
2026-01-09 19:30+01:00,46.946901
2026-01-09 19:45+01:00,
2026-01-09 20:00+01:00,48.736944
2026-01-09 20:15+01:00,51.234095
2026-01-09 20:30+01:00,50.351670
2026-01-09 20:45+01:00,52.171652
2026-01-09 21:00+01:00,50.800454
2026-01-09 21:15+01:00,53.696510
2026-01-09 21:30+01:00,51.706373
2026-01-09 21:45+01:00,55.558976
2026-01-09 22:00+01:00,49.498480
2026-01-09 22:15+01:00,52.383533
2026-01-09 22:30+01:00,51.396447
2026-01-09 22:45+01:00,50.898108
2026-01-09 23:00+01:00,55.514266
2026-01-09 23:15+01:00,50.913393
2026-01-09 23:30+01:00,50.500690
2026-01-09 23:45+01:00,51.637263
2026-01-10 00:00+01:00,53.753310
2026-01-10 00:15+01:00,53.343027
2026-01-10 00:30+01:00,50.575929
2026-01-10 00:45+01:00,57.713652
2026-01-10 01:00+01:00,50.633688
2026-01-10 01:15+01:00,53.143036
2026-01-10 01:30+01:00,49.669622
2026-01-10 01:45+01:00,49.968383
2026-01-10 02:00+01:00,48.915740
2026-01-10 02:15+01:00,48.988312
2026-01-10 02:30+01:00,53.773141
2026-01-10 02:45+01:00,50.229955
2026-01-10 03:00+01:00,49.962401
2026-01-10 03:15+01:00,53.571407
2026-01-10 03:30+01:00,46.273729
2026-01-10 03:45+01:00,53.055577
2026-01-10 04:00+01:00,49.876843
2026-01-10 04:15+01:00,
2026-01-10 04:30+01:00,49.246728
2026-01-10 04:45+01:00,49.859575
2026-01-10 05:00+01:00,50.393081
2026-01-10 05:15+01:00,51.450557
2026-01-10 05:30+01:00,51.455634
2026-01-10 05:45+01:00,53.136224
2026-01-10 06:00+01:00,2.209893
2026-01-10 06:15+01:00,3.272006
2026-01-10 06:30+01:00,2.303842
2026-01-10 06:45+01:00,3.403793
2026-01-10 07:00+01:00,2.860620
2026-01-10 07:15+01:00,2.628843
2026-01-10 07:30+01:00,2.610483
2026-01-10 07:45+01:00,
2026-01-10 08:00+01:00,3.057603
2026-01-10 08:15+01:00,2.465972
2026-01-10 08:30+01:00,2.739884
2026-01-10 08:45+01:00,2.346143
2026-01-10 09:00+01:00,2.924199
2026-01-10 09:15+01:00,2.367620
2026-01-10 09:30+01:00,2.683250
2026-01-10 09:45+01:00,0.000000
2026-01-10 10:00+01:00,0.000000
2026-01-10 10:15+01:00,3.152108
2026-01-10 10:30+01:00,
2026-01-10 10:45+01:00,2.869813
2026-01-10 11:00+01:00,2.654043
2026-01-10 11:15+01:00,3.308287
2026-01-10 11:30+01:00,2.534483
2026-01-10 11:45+01:00,2.671756
2026-01-10 12:00+01:00,3.103034
2026-01-10 12:15+01:00,2.169518
2026-01-10 12:30+01:00,1.919435
2026-01-10 12:45+01:00,2.224892
2026-01-10 13:00+01:00,1.970663
2026-01-10 13:15+01:00,2.275993
2026-01-10 13:30+01:00,2.156328
2026-01-10 13:45+01:00,2.896543
2026-01-10 14:00+01:00,
2026-01-10 14:15+01:00,
2026-01-10 14:30+01:00,3.596708
2026-01-10 14:45+01:00,
2026-01-10 15:00+01:00,
2026-01-10 15:15+01:00,3.089522
2026-01-10 15:30+01:00,3.282643
2026-01-10 15:45+01:00,3.207627
2026-01-10 16:00+01:00,0.000000
2026-01-10 16:15+01:00,2.475062
2026-01-10 16:30+01:00,3.022141
2026-01-10 16:45+01:00,2.237811
2026-01-10 17:00+01:00,2.581830
2026-01-10 17:15+01:00,2.800788
2026-01-10 17:30+01:00,2.753844
2026-01-10 17:45+01:00,2.787808
2026-01-10 18:00+01:00,2.732554
2026-01-10 18:15+01:00,1.508825
2026-01-10 18:30+01:00,2.708995
2026-01-10 18:45+01:00,0.000000
2026-01-10 19:00+01:00,55.463717
2026-01-10 19:15+01:00,51.992548
2026-01-10 19:30+01:00,53.049616
2026-01-10 19:45+01:00,50.124624
2026-01-10 20:00+01:00,50.407671
2026-01-10 20:15+01:00,49.448223
2026-01-10 20:30+01:00,50.801581
2026-01-10 20:45+01:00,50.190497
2026-01-10 21:00+01:00,53.146258
2026-01-10 21:15+01:00,53.482268
2026-01-10 21:30+01:00,
2026-01-10 21:45+01:00,48.762013
2026-01-10 22:00+01:00,51.893172
2026-01-10 22:15+01:00,51.332725
2026-01-10 22:30+01:00,51.283488
2026-01-10 22:45+01:00,48.612089
2026-01-10 23:00+01:00,
2026-01-10 23:15+01:00,53.261333
2026-01-10 23:30+01:00,52.351837
2026-01-10 23:45+01:00,50.445406
2026-01-11 00:00+01:00,52.269849
2026-01-11 00:15+01:00,47.915464
2026-01-11 00:30+01:00,50.074332
2026-01-11 00:45+01:00,49.798465
2026-01-11 01:00+01:00,52.701050
2026-01-11 01:15+01:00,54.231635
2026-01-11 01:30+01:00,50.382958
2026-01-11 01:45+01:00,46.185725
2026-01-11 02:00+01:00,
2026-01-11 02:15+01:00,48.168503
2026-01-11 02:30+01:00,51.421809
2026-01-11 02:45+01:00,49.616444
2026-01-11 03:00+01:00,50.451798
2026-01-11 03:15+01:00,52.652805
2026-01-11 03:30+01:00,51.049631
2026-01-11 03:45+01:00,47.026513
2026-01-11 04:00+01:00,51.110166
2026-01-11 04:15+01:00,49.842306
2026-01-11 04:30+01:00,52.061870
2026-01-11 04:45+01:00,47.596709
2026-01-11 05:00+01:00,56.682296
2026-01-11 05:15+01:00,50.794266
2026-01-11 05:30+01:00,53.995801
2026-01-11 05:45+01:00,51.257094
2026-01-11 06:00+01:00,2.734713
2026-01-11 06:15+01:00,2.831751
2026-01-11 06:30+01:00,1.841379
2026-01-11 06:45+01:00,2.793104
2026-01-11 07:00+01:00,2.564117
2026-01-11 07:15+01:00,
2026-01-11 07:30+01:00,2.217366
2026-01-11 07:45+01:00,2.771457
2026-01-11 08:00+01:00,2.739484
2026-01-11 08:15+01:00,0.000000
2026-01-11 08:30+01:00,2.158170
2026-01-11 08:45+01:00,3.049466
2026-01-11 09:00+01:00,1.416985
2026-01-11 09:15+01:00,2.637601
2026-01-11 09:30+01:00,1.986389
2026-01-11 09:45+01:00,2.312737
2026-01-11 10:00+01:00,2.328504
2026-01-11 10:15+01:00,0.000000
2026-01-11 10:30+01:00,2.688596
2026-01-11 10:45+01:00,0.000000
2026-01-11 11:00+01:00,2.671437
2026-01-11 11:15+01:00,
2026-01-11 11:30+01:00,2.243004
2026-01-11 11:45+01:00,3.074349
2026-01-11 12:00+01:00,3.338899
2026-01-11 12:15+01:00,2.236947
2026-01-11 12:30+01:00,2.214410
2026-01-11 12:45+01:00,3.227605
2026-01-11 13:00+01:00,2.919864
2026-01-11 13:15+01:00,2.535324
2026-01-11 13:30+01:00,2.737403
2026-01-11 13:45+01:00,3.121086
2026-01-11 14:00+01:00,3.135343
2026-01-11 14:15+01:00,2.239554
2026-01-11 14:30+01:00,2.433687
2026-01-11 14:45+01:00,2.564946
2026-01-11 15:00+01:00,2.073667
2026-01-11 15:15+01:00,2.560051
2026-01-11 15:30+01:00,2.233151
2026-01-11 15:45+01:00,0.000000
2026-01-11 16:00+01:00,2.644040
2026-01-11 16:15+01:00,
2026-01-11 16:30+01:00,1.603633
2026-01-11 16:45+01:00,3.198572
2026-01-11 17:00+01:00,1.474337
2026-01-11 17:15+01:00,3.234979
2026-01-11 17:30+01:00,2.641218
2026-01-11 17:45+01:00,2.772168
2026-01-11 18:00+01:00,2.744951
2026-01-11 18:15+01:00,1.722348
2026-01-11 18:30+01:00,2.940283
2026-01-11 18:45+01:00,2.771407
2026-01-11 19:00+01:00,50.448223
2026-01-11 19:15+01:00,52.836950
2026-01-11 19:30+01:00,50.802667
2026-01-11 19:45+01:00,52.287364
2026-01-11 20:00+01:00,50.823355
2026-01-11 20:15+01:00,49.174406
2026-01-11 20:30+01:00,
2026-01-11 20:45+01:00,55.266927
2026-01-11 21:00+01:00,52.148919
2026-01-11 21:15+01:00,
2026-01-11 21:30+01:00,51.762955
2026-01-11 21:45+01:00,55.806147
2026-01-11 22:00+01:00,51.844742
2026-01-11 22:15+01:00,50.328413
2026-01-11 22:30+01:00,49.995664
2026-01-11 22:45+01:00,49.912271
2026-01-11 23:00+01:00,51.483293
2026-01-11 23:15+01:00,
2026-01-11 23:30+01:00,49.616893
2026-01-11 23:45+01:00,50.486094
2026-01-12 00:00+01:00,43.875167
2026-01-12 00:15+01:00,50.329635
2026-01-12 00:30+01:00,49.068728
2026-01-12 00:45+01:00,49.807150
2026-01-12 01:00+01:00,53.538986
2026-01-12 01:15+01:00,49.960343
2026-01-12 01:30+01:00,51.629958
2026-01-12 01:45+01:00,53.836389
2026-01-12 02:00+01:00,58.544335
2026-01-12 02:15+01:00,52.730729
2026-01-12 02:30+01:00,53.327768
2026-01-12 02:45+01:00,50.104552
2026-01-12 03:00+01:00,50.025218
2026-01-12 03:15+01:00,49.454211
2026-01-12 03:30+01:00,50.553181
2026-01-12 03:45+01:00,51.757672
2026-01-12 04:00+01:00,47.943621
2026-01-12 04:15+01:00,49.576120
2026-01-12 04:30+01:00,49.585679
2026-01-12 04:45+01:00,49.718831
2026-01-12 05:00+01:00,49.977602
2026-01-12 05:15+01:00,53.497431
2026-01-12 05:30+01:00,54.838088
2026-01-12 05:45+01:00,53.728854
2026-01-12 06:00+01:00,3.087775
2026-01-12 06:15+01:00,33.567413
2026-01-12 06:30+01:00,0.000000
2026-01-12 06:45+01:00,33.907427
2026-01-12 07:00+01:00,1.822820
2026-01-12 07:15+01:00,2.492268
2026-01-12 07:30+01:00,3.008083
2026-01-12 07:45+01:00,32.909347
2026-01-12 08:00+01:00,
2026-01-12 08:15+01:00,36.997764
2026-01-12 08:30+01:00,32.423751
2026-01-12 08:45+01:00,3.231831
2026-01-12 09:00+01:00,35.284144
2026-01-12 09:15+01:00,4.004318
2026-01-12 09:30+01:00,36.525764
2026-01-12 09:45+01:00,3.121128
2026-01-12 10:00+01:00,
2026-01-12 10:15+01:00,2.772124
2026-01-12 10:30+01:00,2.144107
2026-01-12 10:45+01:00,2.397249
2026-01-12 11:00+01:00,35.319298
2026-01-12 11:15+01:00,3.383307
2026-01-12 11:30+01:00,33.922655
2026-01-12 11:45+01:00,34.022879
2026-01-12 12:00+01:00,35.720061
2026-01-12 12:15+01:00,1.877109
2026-01-12 12:30+01:00,33.233742
2026-01-12 12:45+01:00,36.226212
2026-01-12 13:00+01:00,2.264420
2026-01-12 13:15+01:00,2.397741
2026-01-12 13:30+01:00,3.235938
2026-01-12 13:45+01:00,
2026-01-12 14:00+01:00,2.066976
2026-01-12 14:15+01:00,2.651260
2026-01-12 14:30+01:00,3.234142
2026-01-12 14:45+01:00,2.993232
2026-01-12 15:00+01:00,2.382513
2026-01-12 15:15+01:00,33.984602
2026-01-12 15:30+01:00,2.712291
2026-01-12 15:45+01:00,
2026-01-12 16:00+01:00,36.226216
2026-01-12 16:15+01:00,36.532118
2026-01-12 16:30+01:00,34.255207
2026-01-12 16:45+01:00,35.081095
2026-01-12 17:00+01:00,2.183716
2026-01-12 17:15+01:00,0.000000
2026-01-12 17:30+01:00,2.661066
2026-01-12 17:45+01:00,35.627930
2026-01-12 18:00+01:00,35.615460
2026-01-12 18:15+01:00,0.000000
2026-01-12 18:30+01:00,36.512644
2026-01-12 18:45+01:00,2.865901
2026-01-12 19:00+01:00,50.635749
2026-01-12 19:15+01:00,50.408345
2026-01-12 19:30+01:00,48.409417
2026-01-12 19:45+01:00,58.160456
2026-01-12 20:00+01:00,53.117737
2026-01-12 20:15+01:00,48.324018
2026-01-12 20:30+01:00,
2026-01-12 20:45+01:00,49.472043
2026-01-12 21:00+01:00,52.929495
2026-01-12 21:15+01:00,48.063017
2026-01-12 21:30+01:00,53.281882
2026-01-12 21:45+01:00,49.866369
2026-01-12 22:00+01:00,54.196696
2026-01-12 22:15+01:00,57.053979
2026-01-12 22:30+01:00,47.334233
2026-01-12 22:45+01:00,
2026-01-12 23:00+01:00,48.635868
2026-01-12 23:15+01:00,50.163984
2026-01-12 23:30+01:00,50.769603
2026-01-12 23:45+01:00,46.582228
2026-01-13 00:00+01:00,51.908057
2026-01-13 00:15+01:00,49.711548
2026-01-13 00:30+01:00,49.323240
2026-01-13 00:45+01:00,49.122599
2026-01-13 01:00+01:00,48.644214
2026-01-13 01:15+01:00,51.184269
2026-01-13 01:30+01:00,46.626920
2026-01-13 01:45+01:00,47.928124
2026-01-13 02:00+01:00,
2026-01-13 02:15+01:00,51.126982
2026-01-13 02:30+01:00,
2026-01-13 02:45+01:00,49.572275
2026-01-13 03:00+01:00,53.466359
2026-01-13 03:15+01:00,48.750858
2026-01-13 03:30+01:00,46.265771
2026-01-13 03:45+01:00,
2026-01-13 04:00+01:00,47.166012
2026-01-13 04:15+01:00,48.039964
2026-01-13 04:30+01:00,48.278782
2026-01-13 04:45+01:00,49.686600
2026-01-13 05:00+01:00,48.951580
2026-01-13 05:15+01:00,51.293155
2026-01-13 05:30+01:00,47.864936
2026-01-13 05:45+01:00,51.536731
2026-01-13 06:00+01:00,2.975063
2026-01-13 06:15+01:00,2.764869
2026-01-13 06:30+01:00,1.361197
2026-01-13 06:45+01:00,2.736587
2026-01-13 07:00+01:00,2.899889
2026-01-13 07:15+01:00,33.899967
2026-01-13 07:30+01:00,36.641570
2026-01-13 07:45+01:00,2.910189
2026-01-13 08:00+01:00,2.417637
2026-01-13 08:15+01:00,2.443918
2026-01-13 08:30+01:00,2.636718
2026-01-13 08:45+01:00,35.859021
2026-01-13 09:00+01:00,1.920970
2026-01-13 09:15+01:00,2.846787
2026-01-13 09:30+01:00,
2026-01-13 09:45+01:00,35.072930
2026-01-13 10:00+01:00,37.164859
2026-01-13 10:15+01:00,0.000000
2026-01-13 10:30+01:00,2.492187
2026-01-13 10:45+01:00,37.322487
2026-01-13 11:00+01:00,2.790003
2026-01-13 11:15+01:00,1.881797
2026-01-13 11:30+01:00,2.762052
2026-01-13 11:45+01:00,35.979266
2026-01-13 12:00+01:00,40.428208
2026-01-13 12:15+01:00,36.900235
2026-01-13 12:30+01:00,36.010093
2026-01-13 12:45+01:00,2.434311
2026-01-13 13:00+01:00,2.634548
2026-01-13 13:15+01:00,2.238245
2026-01-13 13:30+01:00,2.539018
2026-01-13 13:45+01:00,35.488186
2026-01-13 14:00+01:00,3.084245
2026-01-13 14:15+01:00,1.822350
2026-01-13 14:30+01:00,1.766599
2026-01-13 14:45+01:00,38.009209
2026-01-13 15:00+01:00,
2026-01-13 15:15+01:00,0.000000
2026-01-13 15:30+01:00,
2026-01-13 15:45+01:00,34.402640
2026-01-13 16:00+01:00,
2026-01-13 16:15+01:00,2.108977
2026-01-13 16:30+01:00,36.568543
2026-01-13 16:45+01:00,3.154383
2026-01-13 17:00+01:00,
2026-01-13 17:15+01:00,36.503297
2026-01-13 17:30+01:00,
2026-01-13 17:45+01:00,
2026-01-13 18:00+01:00,2.387302
2026-01-13 18:15+01:00,2.793489
2026-01-13 18:30+01:00,2.260887
2026-01-13 18:45+01:00,31.651034
2026-01-13 19:00+01:00,50.304913
2026-01-13 19:15+01:00,49.831233
2026-01-13 19:30+01:00,52.509202
2026-01-13 19:45+01:00,51.693066
2026-01-13 20:00+01:00,47.461342
2026-01-13 20:15+01:00,48.729704
2026-01-13 20:30+01:00,
2026-01-13 20:45+01:00,51.896682
2026-01-13 21:00+01:00,53.456726
2026-01-13 21:15+01:00,51.989618
2026-01-13 21:30+01:00,51.241428
2026-01-13 21:45+01:00,52.402061
2026-01-13 22:00+01:00,48.322021
2026-01-13 22:15+01:00,51.575692
2026-01-13 22:30+01:00,
2026-01-13 22:45+01:00,51.721513
2026-01-13 23:00+01:00,52.978205
2026-01-13 23:15+01:00,50.774533
2026-01-13 23:30+01:00,53.100404
2026-01-13 23:45+01:00,49.857531
2026-01-14 00:00+01:00,51.144718
2026-01-14 00:15+01:00,48.050873
2026-01-14 00:30+01:00,
2026-01-14 00:45+01:00,48.974228
2026-01-14 01:00+01:00,54.865146
2026-01-14 01:15+01:00,53.227674
2026-01-14 01:30+01:00,49.616202
2026-01-14 01:45+01:00,52.681778
2026-01-14 02:00+01:00,51.696853
2026-01-14 02:15+01:00,49.053275
2026-01-14 02:30+01:00,46.415017
2026-01-14 02:45+01:00,49.606132
2026-01-14 03:00+01:00,51.353268
2026-01-14 03:15+01:00,49.502578
2026-01-14 03:30+01:00,51.522347
2026-01-14 03:45+01:00,46.526069
2026-01-14 04:00+01:00,51.123915
2026-01-14 04:15+01:00,51.449410
2026-01-14 04:30+01:00,48.354210
2026-01-14 04:45+01:00,47.558395
2026-01-14 05:00+01:00,48.801096
2026-01-14 05:15+01:00,49.872832
2026-01-14 05:30+01:00,50.029885
2026-01-14 05:45+01:00,57.178730
2026-01-14 06:00+01:00,35.765403
2026-01-14 06:15+01:00,3.302142
2026-01-14 06:30+01:00,3.091237
2026-01-14 06:45+01:00,3.127956
2026-01-14 07:00+01:00,33.543480
2026-01-14 07:15+01:00,3.408221
2026-01-14 07:30+01:00,3.090663
2026-01-14 07:45+01:00,2.586969
2026-01-14 08:00+01:00,2.506896
2026-01-14 08:15+01:00,35.990395
2026-01-14 08:30+01:00,2.358603
2026-01-14 08:45+01:00,0.000000
2026-01-14 09:00+01:00,33.557260
2026-01-14 09:15+01:00,1.658922
2026-01-14 09:30+01:00,33.874434
2026-01-14 09:45+01:00,31.441643
2026-01-14 10:00+01:00,2.607463
2026-01-14 10:15+01:00,
2026-01-14 10:30+01:00,36.045973
2026-01-14 10:45+01:00,2.111087
2026-01-14 11:00+01:00,33.429719
2026-01-14 11:15+01:00,2.707683
2026-01-14 11:30+01:00,34.997156
2026-01-14 11:45+01:00,33.894319
2026-01-14 12:00+01:00,34.472800
2026-01-14 12:15+01:00,36.298650
2026-01-14 12:30+01:00,
2026-01-14 12:45+01:00,35.535769
2026-01-14 13:00+01:00,2.323302
2026-01-14 13:15+01:00,2.845667
2026-01-14 13:30+01:00,2.278732
2026-01-14 13:45+01:00,31.940537
2026-01-14 14:00+01:00,36.108310
2026-01-14 14:15+01:00,34.029427
2026-01-14 14:30+01:00,36.217056
2026-01-14 14:45+01:00,1.625712
2026-01-14 15:00+01:00,2.344535
2026-01-14 15:15+01:00,2.978624
2026-01-14 15:30+01:00,
2026-01-14 15:45+01:00,3.024025
2026-01-14 16:00+01:00,34.623917
2026-01-14 16:15+01:00,32.324377
2026-01-14 16:30+01:00,2.819791
2026-01-14 16:45+01:00,36.777529
2026-01-14 17:00+01:00,39.148375
2026-01-14 17:15+01:00,3.256252
2026-01-14 17:30+01:00,2.219379
2026-01-14 17:45+01:00,0.000000
2026-01-14 18:00+01:00,
2026-01-14 18:15+01:00,33.582993
2026-01-14 18:30+01:00,2.634679
2026-01-14 18:45+01:00,36.354547
2026-01-14 19:00+01:00,51.439181
2026-01-14 19:15+01:00,54.059365
2026-01-14 19:30+01:00,52.150750
2026-01-14 19:45+01:00,44.732705
2026-01-14 20:00+01:00,49.790998
2026-01-14 20:15+01:00,47.892807
2026-01-14 20:30+01:00,55.848308
2026-01-14 20:45+01:00,50.277867
2026-01-14 21:00+01:00,51.844949
2026-01-14 21:15+01:00,50.712776
2026-01-14 21:30+01:00,49.186575
2026-01-14 21:45+01:00,50.323926
2026-01-14 22:00+01:00,51.640381
2026-01-14 22:15+01:00,48.864111
2026-01-14 22:30+01:00,51.700933
2026-01-14 22:45+01:00,
2026-01-14 23:00+01:00,52.777581
2026-01-14 23:15+01:00,
2026-01-14 23:30+01:00,50.999370
2026-01-14 23:45+01:00,51.106507
2026-01-15 00:00+01:00,
2026-01-15 00:15+01:00,51.122813
2026-01-15 00:30+01:00,48.770885
2026-01-15 00:45+01:00,55.523947
2026-01-15 01:00+01:00,48.284915
2026-01-15 01:15+01:00,53.432793
2026-01-15 01:30+01:00,50.982612
2026-01-15 01:45+01:00,49.056407
2026-01-15 02:00+01:00,48.140638
2026-01-15 02:15+01:00,51.476535
2026-01-15 02:30+01:00,
2026-01-15 02:45+01:00,49.014227
2026-01-15 03:00+01:00,50.471819
2026-01-15 03:15+01:00,43.514783
2026-01-15 03:30+01:00,45.278598
2026-01-15 03:45+01:00,51.171497
2026-01-15 04:00+01:00,50.453885
2026-01-15 04:15+01:00,52.126794
2026-01-15 04:30+01:00,53.765162
2026-01-15 04:45+01:00,46.443930
2026-01-15 05:00+01:00,50.083166
2026-01-15 05:15+01:00,
2026-01-15 05:30+01:00,55.887409
2026-01-15 05:45+01:00,
2026-01-15 06:00+01:00,2.877037
2026-01-15 06:15+01:00,35.646031
2026-01-15 06:30+01:00,2.509037
2026-01-15 06:45+01:00,2.630779
2026-01-15 07:00+01:00,2.559021
2026-01-15 07:15+01:00,3.333444
2026-01-15 07:30+01:00,2.954994
2026-01-15 07:45+01:00,34.584794
2026-01-15 08:00+01:00,2.321907
2026-01-15 08:15+01:00,2.196175
2026-01-15 08:30+01:00,3.219712
2026-01-15 08:45+01:00,32.957793
2026-01-15 09:00+01:00,0.000000
2026-01-15 09:15+01:00,2.124738
2026-01-15 09:30+01:00,2.099247
2026-01-15 09:45+01:00,2.125740
2026-01-15 10:00+01:00,1.882212
2026-01-15 10:15+01:00,3.610070
2026-01-15 10:30+01:00,2.331517
2026-01-15 10:45+01:00,1.668023
2026-01-15 11:00+01:00,3.192778
2026-01-15 11:15+01:00,2.415389
2026-01-15 11:30+01:00,0.000000
2026-01-15 11:45+01:00,2.499517
2026-01-15 12:00+01:00,39.717932
2026-01-15 12:15+01:00,2.274188
2026-01-15 12:30+01:00,
2026-01-15 12:45+01:00,3.086354
2026-01-15 13:00+01:00,1.859983
2026-01-15 13:15+01:00,34.036834
2026-01-15 13:30+01:00,2.431402
2026-01-15 13:45+01:00,2.060133
2026-01-15 14:00+01:00,2.591251
2026-01-15 14:15+01:00,3.255819
2026-01-15 14:30+01:00,36.283979
2026-01-15 14:45+01:00,34.560922
2026-01-15 15:00+01:00,35.015288
2026-01-15 15:15+01:00,35.441643
2026-01-15 15:30+01:00,33.592162
2026-01-15 15:45+01:00,
2026-01-15 16:00+01:00,3.092348
2026-01-15 16:15+01:00,2.833615
2026-01-15 16:30+01:00,33.351739
2026-01-15 16:45+01:00,34.781863
2026-01-15 17:00+01:00,2.513483
2026-01-15 17:15+01:00,
2026-01-15 17:30+01:00,32.098633
2026-01-15 17:45+01:00,39.581760
2026-01-15 18:00+01:00,35.332004
2026-01-15 18:15+01:00,30.955812
2026-01-15 18:30+01:00,2.186610
2026-01-15 18:45+01:00,33.384019
2026-01-15 19:00+01:00,
2026-01-15 19:15+01:00,51.774962
2026-01-15 19:30+01:00,49.023858
2026-01-15 19:45+01:00,
2026-01-15 20:00+01:00,49.657276
2026-01-15 20:15+01:00,50.760104
2026-01-15 20:30+01:00,53.173591
2026-01-15 20:45+01:00,49.754691
2026-01-15 21:00+01:00,53.470371
2026-01-15 21:15+01:00,50.874160
2026-01-15 21:30+01:00,51.135084
2026-01-15 21:45+01:00,52.441072
2026-01-15 22:00+01:00,44.586092
2026-01-15 22:15+01:00,47.302210
2026-01-15 22:30+01:00,54.184813
2026-01-15 22:45+01:00,49.245705
2026-01-15 23:00+01:00,
2026-01-15 23:15+01:00,52.842903
2026-01-15 23:30+01:00,53.459482
2026-01-15 23:45+01:00,46.801450
2026-01-16 00:00+01:00,53.008313
2026-01-16 00:15+01:00,54.117434
2026-01-16 00:30+01:00,47.553994
2026-01-16 00:45+01:00,52.337714
2026-01-16 01:00+01:00,47.971993
2026-01-16 01:15+01:00,52.229404
2026-01-16 01:30+01:00,53.024890
2026-01-16 01:45+01:00,54.551663
2026-01-16 02:00+01:00,56.277592
2026-01-16 02:15+01:00,49.247959
2026-01-16 02:30+01:00,47.825232
2026-01-16 02:45+01:00,49.733432
2026-01-16 03:00+01:00,45.551617
2026-01-16 03:15+01:00,52.202876
2026-01-16 03:30+01:00,51.788044
2026-01-16 03:45+01:00,54.108783
2026-01-16 04:00+01:00,48.920952
2026-01-16 04:15+01:00,48.918786
2026-01-16 04:30+01:00,53.512085
2026-01-16 04:45+01:00,
2026-01-16 05:00+01:00,52.782119
2026-01-16 05:15+01:00,50.583392
2026-01-16 05:30+01:00,47.786117
2026-01-16 05:45+01:00,49.673012
2026-01-16 06:00+01:00,32.595345
2026-01-16 06:15+01:00,2.159724
2026-01-16 06:30+01:00,1.836426
2026-01-16 06:45+01:00,35.422217
2026-01-16 07:00+01:00,36.246747
2026-01-16 07:15+01:00,0.000000
2026-01-16 07:30+01:00,37.877202
2026-01-16 07:45+01:00,37.692649
2026-01-16 08:00+01:00,2.574963
2026-01-16 08:15+01:00,37.803761
2026-01-16 08:30+01:00,0.000000
2026-01-16 08:45+01:00,0.000000
2026-01-16 09:00+01:00,37.178697
2026-01-16 09:15+01:00,2.658921
2026-01-16 09:30+01:00,31.457535
2026-01-16 09:45+01:00,32.639904
2026-01-16 10:00+01:00,
2026-01-16 10:15+01:00,35.077861
2026-01-16 10:30+01:00,3.027608
2026-01-16 10:45+01:00,2.123513
2026-01-16 11:00+01:00,3.110644
2026-01-16 11:15+01:00,36.240088
2026-01-16 11:30+01:00,33.975319
2026-01-16 11:45+01:00,2.685509
2026-01-16 12:00+01:00,2.352769
2026-01-16 12:15+01:00,2.629504
2026-01-16 12:30+01:00,2.147303
2026-01-16 12:45+01:00,2.879882
2026-01-16 13:00+01:00,2.498134
2026-01-16 13:15+01:00,2.954744
2026-01-16 13:30+01:00,34.338108
2026-01-16 13:45+01:00,38.826023
2026-01-16 14:00+01:00,36.831212
2026-01-16 14:15+01:00,35.326062
2026-01-16 14:30+01:00,34.998681
2026-01-16 14:45+01:00,2.204579
2026-01-16 15:00+01:00,38.513245
2026-01-16 15:15+01:00,0.000000
2026-01-16 15:30+01:00,3.004900
2026-01-16 15:45+01:00,2.545366
2026-01-16 16:00+01:00,
2026-01-16 16:15+01:00,
2026-01-16 16:30+01:00,34.584771
2026-01-16 16:45+01:00,2.266592
2026-01-16 17:00+01:00,35.546165
2026-01-16 17:15+01:00,3.173908
2026-01-16 17:30+01:00,4.173989
2026-01-16 17:45+01:00,32.436482
2026-01-16 18:00+01:00,34.698291
2026-01-16 18:15+01:00,38.159271
2026-01-16 18:30+01:00,3.628702
2026-01-16 18:45+01:00,2.302495
2026-01-16 19:00+01:00,47.901238
2026-01-16 19:15+01:00,51.196056
2026-01-16 19:30+01:00,52.008316
2026-01-16 19:45+01:00,50.759168
2026-01-16 20:00+01:00,49.797069
2026-01-16 20:15+01:00,51.497740
2026-01-16 20:30+01:00,54.521246
2026-01-16 20:45+01:00,49.256737
2026-01-16 21:00+01:00,53.231897
2026-01-16 21:15+01:00,51.765646
2026-01-16 21:30+01:00,54.298476
2026-01-16 21:45+01:00,47.259688
2026-01-16 22:00+01:00,52.557204
2026-01-16 22:15+01:00,55.062781
2026-01-16 22:30+01:00,52.065687
2026-01-16 22:45+01:00,
2026-01-16 23:00+01:00,50.438004
2026-01-16 23:15+01:00,50.356770
2026-01-16 23:30+01:00,51.597112
2026-01-16 23:45+01:00,54.101830
2026-01-17 00:00+01:00,52.197557
2026-01-17 00:15+01:00,53.727261
2026-01-17 00:30+01:00,
2026-01-17 00:45+01:00,51.246664
2026-01-17 01:00+01:00,49.956852
2026-01-17 01:15+01:00,48.765201
2026-01-17 01:30+01:00,52.750305
2026-01-17 01:45+01:00,53.239195
2026-01-17 02:00+01:00,53.101935
2026-01-17 02:15+01:00,51.936674
2026-01-17 02:30+01:00,50.888223
2026-01-17 02:45+01:00,50.504664
2026-01-17 03:00+01:00,49.394081
2026-01-17 03:15+01:00,52.206429
2026-01-17 03:30+01:00,50.332258
2026-01-17 03:45+01:00,49.225540
2026-01-17 04:00+01:00,52.054941
2026-01-17 04:15+01:00,49.659987
2026-01-17 04:30+01:00,51.292860
2026-01-17 04:45+01:00,49.713979
2026-01-17 05:00+01:00,52.805491
2026-01-17 05:15+01:00,
2026-01-17 05:30+01:00,52.687890
2026-01-17 05:45+01:00,48.252605
2026-01-17 06:00+01:00,2.792926
2026-01-17 06:15+01:00,2.820393
2026-01-17 06:30+01:00,
2026-01-17 06:45+01:00,2.418388
2026-01-17 07:00+01:00,2.247279
2026-01-17 07:15+01:00,0.000000
2026-01-17 07:30+01:00,2.664190
2026-01-17 07:45+01:00,2.603923
2026-01-17 08:00+01:00,
2026-01-17 08:15+01:00,1.920733
2026-01-17 08:30+01:00,2.719543
2026-01-17 08:45+01:00,
2026-01-17 09:00+01:00,2.347457
2026-01-17 09:15+01:00,1.808055
2026-01-17 09:30+01:00,2.306295
2026-01-17 09:45+01:00,3.119090
2026-01-17 10:00+01:00,3.263556
2026-01-17 10:15+01:00,1.918424
2026-01-17 10:30+01:00,2.753712
2026-01-17 10:45+01:00,0.000000
2026-01-17 11:00+01:00,3.207807
2026-01-17 11:15+01:00,2.187834
2026-01-17 11:30+01:00,2.514624
2026-01-17 11:45+01:00,
2026-01-17 12:00+01:00,3.165000
2026-01-17 12:15+01:00,2.252075
2026-01-17 12:30+01:00,3.429300
2026-01-17 12:45+01:00,2.489320
2026-01-17 13:00+01:00,1.614363
2026-01-17 13:15+01:00,2.480950
2026-01-17 13:30+01:00,3.156507
2026-01-17 13:45+01:00,2.139493
2026-01-17 14:00+01:00,2.389935
2026-01-17 14:15+01:00,2.752650
2026-01-17 14:30+01:00,0.000000
2026-01-17 14:45+01:00,
2026-01-17 15:00+01:00,2.662418
2026-01-17 15:15+01:00,1.406492
2026-01-17 15:30+01:00,3.614942
2026-01-17 15:45+01:00,2.429495
2026-01-17 16:00+01:00,1.798842
2026-01-17 16:15+01:00,
2026-01-17 16:30+01:00,2.125277
2026-01-17 16:45+01:00,2.629649
2026-01-17 17:00+01:00,2.984287
2026-01-17 17:15+01:00,3.396625
2026-01-17 17:30+01:00,2.453932
2026-01-17 17:45+01:00,2.456738
2026-01-17 18:00+01:00,2.448837
2026-01-17 18:15+01:00,3.406460
2026-01-17 18:30+01:00,
2026-01-17 18:45+01:00,0.000000
2026-01-17 19:00+01:00,53.884551
2026-01-17 19:15+01:00,52.342863
2026-01-17 19:30+01:00,53.195016
2026-01-17 19:45+01:00,51.653742
2026-01-17 20:00+01:00,51.529495
2026-01-17 20:15+01:00,48.740877
2026-01-17 20:30+01:00,53.344870
2026-01-17 20:45+01:00,47.202847
2026-01-17 21:00+01:00,
2026-01-17 21:15+01:00,53.548274
2026-01-17 21:30+01:00,53.568216
2026-01-17 21:45+01:00,53.091083
2026-01-17 22:00+01:00,45.631893
2026-01-17 22:15+01:00,48.617698
2026-01-17 22:30+01:00,46.640256
2026-01-17 22:45+01:00,50.942792
2026-01-17 23:00+01:00,47.555910
2026-01-17 23:15+01:00,51.730859
2026-01-17 23:30+01:00,51.676638
2026-01-17 23:45+01:00,54.117500
2026-01-18 00:00+01:00,50.398035
2026-01-18 00:15+01:00,54.295505
2026-01-18 00:30+01:00,53.639941
2026-01-18 00:45+01:00,53.680198
2026-01-18 01:00+01:00,51.858992
2026-01-18 01:15+01:00,52.013974
2026-01-18 01:30+01:00,53.926961
2026-01-18 01:45+01:00,46.038402
2026-01-18 02:00+01:00,48.894282
2026-01-18 02:15+01:00,54.520047
2026-01-18 02:30+01:00,47.055411
2026-01-18 02:45+01:00,
2026-01-18 03:00+01:00,
2026-01-18 03:15+01:00,52.081082
2026-01-18 03:30+01:00,49.017803
2026-01-18 03:45+01:00,48.878985
2026-01-18 04:00+01:00,54.326910
2026-01-18 04:15+01:00,54.116804
2026-01-18 04:30+01:00,58.341789
2026-01-18 04:45+01:00,49.184678
2026-01-18 05:00+01:00,53.454254
2026-01-18 05:15+01:00,49.640671
2026-01-18 05:30+01:00,46.823870
2026-01-18 05:45+01:00,
2026-01-18 06:00+01:00,2.122207
2026-01-18 06:15+01:00,2.532363
2026-01-18 06:30+01:00,2.677793
2026-01-18 06:45+01:00,
2026-01-18 07:00+01:00,1.990037
2026-01-18 07:15+01:00,1.669146
2026-01-18 07:30+01:00,2.201046
2026-01-18 07:45+01:00,3.538734
2026-01-18 08:00+01:00,2.882203
2026-01-18 08:15+01:00,2.141437
2026-01-18 08:30+01:00,
2026-01-18 08:45+01:00,2.711596
2026-01-18 09:00+01:00,2.738074
2026-01-18 09:15+01:00,2.031785
2026-01-18 09:30+01:00,0.000000
2026-01-18 09:45+01:00,
2026-01-18 10:00+01:00,3.710669
2026-01-18 10:15+01:00,1.584515
2026-01-18 10:30+01:00,2.069955
2026-01-18 10:45+01:00,1.817108
2026-01-18 11:00+01:00,3.183606
2026-01-18 11:15+01:00,2.621570
2026-01-18 11:30+01:00,3.078037
2026-01-18 11:45+01:00,
2026-01-18 12:00+01:00,
2026-01-18 12:15+01:00,3.454908
2026-01-18 12:30+01:00,2.436097
2026-01-18 12:45+01:00,2.862912
2026-01-18 13:00+01:00,2.955964
2026-01-18 13:15+01:00,2.374014
2026-01-18 13:30+01:00,3.322854
2026-01-18 13:45+01:00,
2026-01-18 14:00+01:00,2.112979
2026-01-18 14:15+01:00,3.182352
2026-01-18 14:30+01:00,3.216869
2026-01-18 14:45+01:00,2.287247
2026-01-18 15:00+01:00,2.702802
2026-01-18 15:15+01:00,2.491118
2026-01-18 15:30+01:00,2.804131
2026-01-18 15:45+01:00,1.937206
2026-01-18 16:00+01:00,
2026-01-18 16:15+01:00,3.252803
2026-01-18 16:30+01:00,2.527502
2026-01-18 16:45+01:00,3.215296
2026-01-18 17:00+01:00,2.568218
2026-01-18 17:15+01:00,0.000000
2026-01-18 17:30+01:00,3.268581
2026-01-18 17:45+01:00,2.276622
2026-01-18 18:00+01:00,2.691113
2026-01-18 18:15+01:00,2.787149
2026-01-18 18:30+01:00,2.774651
2026-01-18 18:45+01:00,
2026-01-18 19:00+01:00,51.963601
2026-01-18 19:15+01:00,51.670693
2026-01-18 19:30+01:00,49.863067
2026-01-18 19:45+01:00,53.578001
2026-01-18 20:00+01:00,48.451772
2026-01-18 20:15+01:00,50.858545
2026-01-18 20:30+01:00,
2026-01-18 20:45+01:00,49.132661
2026-01-18 21:00+01:00,47.397128
2026-01-18 21:15+01:00,50.608426
2026-01-18 21:30+01:00,48.812791
2026-01-18 21:45+01:00,50.308291
2026-01-18 22:00+01:00,46.259275
2026-01-18 22:15+01:00,53.978697
2026-01-18 22:30+01:00,51.924792
2026-01-18 22:45+01:00,50.814621
2026-01-18 23:00+01:00,49.217634
2026-01-18 23:15+01:00,48.411872
2026-01-18 23:30+01:00,
2026-01-18 23:45+01:00,51.116068
2026-01-19 00:00+01:00,47.052484
2026-01-19 00:15+01:00,54.956683
2026-01-19 00:30+01:00,52.170138
2026-01-19 00:45+01:00,234.254276
2026-01-19 01:00+01:00,48.065041
2026-01-19 01:15+01:00,47.498471
2026-01-19 01:30+01:00,45.949075
2026-01-19 01:45+01:00,52.192491
2026-01-19 02:00+01:00,53.618713
2026-01-19 02:15+01:00,47.979685
2026-01-19 02:30+01:00,53.767314
2026-01-19 02:45+01:00,48.508044
2026-01-19 03:00+01:00,54.043393
2026-01-19 03:15+01:00,45.953484
2026-01-19 03:30+01:00,
2026-01-19 03:45+01:00,49.650388
2026-01-19 04:00+01:00,
2026-01-19 04:15+01:00,51.819380
2026-01-19 04:30+01:00,57.797133
2026-01-19 04:45+01:00,46.775957
2026-01-19 05:00+01:00,51.140221
2026-01-19 05:15+01:00,50.991115
2026-01-19 05:30+01:00,44.639865
2026-01-19 05:45+01:00,49.933126
2026-01-19 06:00+01:00,1.453800
2026-01-19 06:15+01:00,2.384137
2026-01-19 06:30+01:00,39.401535
2026-01-19 06:45+01:00,33.625041
2026-01-19 07:00+01:00,2.966751
2026-01-19 07:15+01:00,34.109555
2026-01-19 07:30+01:00,37.750232
2026-01-19 07:45+01:00,3.425037
2026-01-19 08:00+01:00,3.362411
2026-01-19 08:15+01:00,35.376515
2026-01-19 08:30+01:00,35.467627
2026-01-19 08:45+01:00,35.856828
2026-01-19 09:00+01:00,2.202062
2026-01-19 09:15+01:00,2.513999
2026-01-19 09:30+01:00,2.913937
2026-01-19 09:45+01:00,33.627180
2026-01-19 10:00+01:00,
2026-01-19 10:15+01:00,3.481675
2026-01-19 10:30+01:00,39.216661
2026-01-19 10:45+01:00,34.534139
2026-01-19 11:00+01:00,2.558172
2026-01-19 11:15+01:00,3.128523
2026-01-19 11:30+01:00,2.730224
2026-01-19 11:45+01:00,34.159291
2026-01-19 12:00+01:00,0.000000
2026-01-19 12:15+01:00,3.493362
2026-01-19 12:30+01:00,2.372115
2026-01-19 12:45+01:00,2.799782
2026-01-19 13:00+01:00,36.287940
2026-01-19 13:15+01:00,2.623638
2026-01-19 13:30+01:00,3.152421
2026-01-19 13:45+01:00,
2026-01-19 14:00+01:00,35.251359
2026-01-19 14:15+01:00,2.983359
2026-01-19 14:30+01:00,3.442920
2026-01-19 14:45+01:00,2.519605
2026-01-19 15:00+01:00,
2026-01-19 15:15+01:00,2.441741
2026-01-19 15:30+01:00,35.901961
2026-01-19 15:45+01:00,32.581734
2026-01-19 16:00+01:00,2.981984
2026-01-19 16:15+01:00,1.778481
2026-01-19 16:30+01:00,3.152090
2026-01-19 16:45+01:00,39.361861
2026-01-19 17:00+01:00,37.050018
2026-01-19 17:15+01:00,2.333129
2026-01-19 17:30+01:00,33.495617
2026-01-19 17:45+01:00,35.564977
2026-01-19 18:00+01:00,0.000000
2026-01-19 18:15+01:00,3.216739
2026-01-19 18:30+01:00,
2026-01-19 18:45+01:00,36.272734
2026-01-19 19:00+01:00,52.087539
2026-01-19 19:15+01:00,56.910542
2026-01-19 19:30+01:00,48.194460
2026-01-19 19:45+01:00,50.313969
2026-01-19 20:00+01:00,54.820887
2026-01-19 20:15+01:00,50.594654
2026-01-19 20:30+01:00,53.143300
2026-01-19 20:45+01:00,47.561926
2026-01-19 21:00+01:00,50.556874
2026-01-19 21:15+01:00,
2026-01-19 21:30+01:00,53.905168
2026-01-19 21:45+01:00,
2026-01-19 22:00+01:00,54.508445
2026-01-19 22:15+01:00,50.672006
2026-01-19 22:30+01:00,50.400759
2026-01-19 22:45+01:00,53.444644
2026-01-19 23:00+01:00,55.813276
2026-01-19 23:15+01:00,47.377529
2026-01-19 23:30+01:00,55.090614
2026-01-19 23:45+01:00,
2026-01-20 00:00+01:00,51.491075
2026-01-20 00:15+01:00,49.807852
2026-01-20 00:30+01:00,55.145283
2026-01-20 00:45+01:00,54.068803
2026-01-20 01:00+01:00,52.320521
2026-01-20 01:15+01:00,48.352093
2026-01-20 01:30+01:00,48.550928
2026-01-20 01:45+01:00,51.816991
2026-01-20 02:00+01:00,44.680901
2026-01-20 02:15+01:00,51.686601
2026-01-20 02:30+01:00,52.784136
2026-01-20 02:45+01:00,51.859449
2026-01-20 03:00+01:00,55.178507
2026-01-20 03:15+01:00,54.460398
2026-01-20 03:30+01:00,49.897852
2026-01-20 03:45+01:00,
2026-01-20 04:00+01:00,51.237372
2026-01-20 04:15+01:00,51.776883
2026-01-20 04:30+01:00,50.493768
2026-01-20 04:45+01:00,49.753557
2026-01-20 05:00+01:00,52.255484
2026-01-20 05:15+01:00,47.252130
2026-01-20 05:30+01:00,55.418660
2026-01-20 05:45+01:00,52.556834
2026-01-20 06:00+01:00,2.979263
2026-01-20 06:15+01:00,32.689043
2026-01-20 06:30+01:00,2.292827
2026-01-20 06:45+01:00,35.918602
2026-01-20 07:00+01:00,37.526924
2026-01-20 07:15+01:00,35.838059
2026-01-20 07:30+01:00,2.812678
2026-01-20 07:45+01:00,2.372751
2026-01-20 08:00+01:00,
2026-01-20 08:15+01:00,2.467684
2026-01-20 08:30+01:00,2.427093
2026-01-20 08:45+01:00,37.496850
2026-01-20 09:00+01:00,33.848431
2026-01-20 09:15+01:00,2.566966
2026-01-20 09:30+01:00,1.979908
2026-01-20 09:45+01:00,2.130701
2026-01-20 10:00+01:00,3.617007
2026-01-20 10:15+01:00,34.448932
2026-01-20 10:30+01:00,
2026-01-20 10:45+01:00,33.957194
2026-01-20 11:00+01:00,
2026-01-20 11:15+01:00,
2026-01-20 11:30+01:00,32.879908
2026-01-20 11:45+01:00,37.673875
2026-01-20 12:00+01:00,0.000000
2026-01-20 12:15+01:00,2.165748
2026-01-20 12:30+01:00,
2026-01-20 12:45+01:00,33.878036
2026-01-20 13:00+01:00,34.530759
2026-01-20 13:15+01:00,36.256209
2026-01-20 13:30+01:00,2.618137
2026-01-20 13:45+01:00,36.960862
2026-01-20 14:00+01:00,
2026-01-20 14:15+01:00,3.255628
2026-01-20 14:30+01:00,37.269858
2026-01-20 14:45+01:00,3.329487
2026-01-20 15:00+01:00,35.159943
2026-01-20 15:15+01:00,2.849900
2026-01-20 15:30+01:00,2.993843
2026-01-20 15:45+01:00,35.744321
2026-01-20 16:00+01:00,2.506642
2026-01-20 16:15+01:00,2.554052
2026-01-20 16:30+01:00,2.997223
2026-01-20 16:45+01:00,
2026-01-20 17:00+01:00,2.793336
2026-01-20 17:15+01:00,1.997219
2026-01-20 17:30+01:00,36.163625
2026-01-20 17:45+01:00,2.724791
2026-01-20 18:00+01:00,35.263248
2026-01-20 18:15+01:00,2.390832
2026-01-20 18:30+01:00,0.000000
2026-01-20 18:45+01:00,3.998986
2026-01-20 19:00+01:00,51.355074
2026-01-20 19:15+01:00,55.826531
2026-01-20 19:30+01:00,48.145741
2026-01-20 19:45+01:00,49.995667
2026-01-20 20:00+01:00,47.512585
2026-01-20 20:15+01:00,48.393859
2026-01-20 20:30+01:00,51.919325
2026-01-20 20:45+01:00,50.345628
2026-01-20 21:00+01:00,52.704110
2026-01-20 21:15+01:00,49.315240
2026-01-20 21:30+01:00,48.069275
2026-01-20 21:45+01:00,50.360576
2026-01-20 22:00+01:00,47.780282
2026-01-20 22:15+01:00,49.042256
2026-01-20 22:30+01:00,49.263348
2026-01-20 22:45+01:00,51.404038
2026-01-20 23:00+01:00,52.527222
2026-01-20 23:15+01:00,47.432396
2026-01-20 23:30+01:00,52.118178
2026-01-20 23:45+01:00,51.011138
2026-01-21 00:00+01:00,51.849565
2026-01-21 00:15+01:00,48.883336
2026-01-21 00:30+01:00,46.731817
2026-01-21 00:45+01:00,51.729282
2026-01-21 01:00+01:00,48.290964
2026-01-21 01:15+01:00,
2026-01-21 01:30+01:00,50.581834
2026-01-21 01:45+01:00,47.701434
2026-01-21 02:00+01:00,51.037509
2026-01-21 02:15+01:00,47.905581
2026-01-21 02:30+01:00,51.707318
2026-01-21 02:45+01:00,
2026-01-21 03:00+01:00,49.253970
2026-01-21 03:15+01:00,47.136775
2026-01-21 03:30+01:00,
2026-01-21 03:45+01:00,47.750812
2026-01-21 04:00+01:00,49.575238
2026-01-21 04:15+01:00,53.155812
2026-01-21 04:30+01:00,51.169798
2026-01-21 04:45+01:00,
2026-01-21 05:00+01:00,54.896318
2026-01-21 05:15+01:00,
2026-01-21 05:30+01:00,51.632770
2026-01-21 05:45+01:00,51.445934
2026-01-21 06:00+01:00,35.989143
2026-01-21 06:15+01:00,37.858473
2026-01-21 06:30+01:00,3.116143
2026-01-21 06:45+01:00,34.673763
2026-01-21 07:00+01:00,2.764977
2026-01-21 07:15+01:00,33.695739
2026-01-21 07:30+01:00,2.305551
2026-01-21 07:45+01:00,34.108972
2026-01-21 08:00+01:00,2.970987
2026-01-21 08:15+01:00,3.279841
2026-01-21 08:30+01:00,2.800004
2026-01-21 08:45+01:00,34.741593
2026-01-21 09:00+01:00,35.728755
2026-01-21 09:15+01:00,34.982237
2026-01-21 09:30+01:00,35.186344
2026-01-21 09:45+01:00,2.319539
2026-01-21 10:00+01:00,3.361357
2026-01-21 10:15+01:00,
2026-01-21 10:30+01:00,2.579676
2026-01-21 10:45+01:00,33.383771
2026-01-21 11:00+01:00,
2026-01-21 11:15+01:00,
2026-01-21 11:30+01:00,2.670809
2026-01-21 11:45+01:00,2.444538
2026-01-21 12:00+01:00,1.900621
2026-01-21 12:15+01:00,35.352355
2026-01-21 12:30+01:00,37.391315
2026-01-21 12:45+01:00,2.073503
2026-01-21 13:00+01:00,34.938340
2026-01-21 13:15+01:00,
2026-01-21 13:30+01:00,34.871632
2026-01-21 13:45+01:00,35.901920
2026-01-21 14:00+01:00,34.674832
2026-01-21 14:15+01:00,33.425072
2026-01-21 14:30+01:00,37.505925
2026-01-21 14:45+01:00,0.000000
2026-01-21 15:00+01:00,2.289299
2026-01-21 15:15+01:00,3.484932
2026-01-21 15:30+01:00,35.933754
2026-01-21 15:45+01:00,2.060352
2026-01-21 16:00+01:00,35.271862
2026-01-21 16:15+01:00,34.214195
2026-01-21 16:30+01:00,2.119978
2026-01-21 16:45+01:00,34.598235
2026-01-21 17:00+01:00,3.069876
2026-01-21 17:15+01:00,2.945470
2026-01-21 17:30+01:00,2.209694
2026-01-21 17:45+01:00,37.306414
2026-01-21 18:00+01:00,34.985120
2026-01-21 18:15+01:00,36.641768
2026-01-21 18:30+01:00,3.247702
2026-01-21 18:45+01:00,2.411367
2026-01-21 19:00+01:00,
2026-01-21 19:15+01:00,54.748154
2026-01-21 19:30+01:00,47.940553
2026-01-21 19:45+01:00,52.525595
2026-01-21 20:00+01:00,47.955180
2026-01-21 20:15+01:00,45.975223
2026-01-21 20:30+01:00,50.920975
2026-01-21 20:45+01:00,50.446500
2026-01-21 21:00+01:00,49.384763
2026-01-21 21:15+01:00,53.123577
2026-01-21 21:30+01:00,52.231032
2026-01-21 21:45+01:00,50.722493
2026-01-21 22:00+01:00,55.375936
2026-01-21 22:15+01:00,57.110415
2026-01-21 22:30+01:00,53.784154
2026-01-21 22:45+01:00,48.475539
2026-01-21 23:00+01:00,50.383285
2026-01-21 23:15+01:00,46.989482
2026-01-21 23:30+01:00,
2026-01-21 23:45+01:00,48.149029
2026-01-22 00:00+01:00,55.745142
2026-01-22 00:15+01:00,45.661549
2026-01-22 00:30+01:00,50.175419
2026-01-22 00:45+01:00,53.081507
2026-01-22 01:00+01:00,49.729319
2026-01-22 01:15+01:00,51.819928
2026-01-22 01:30+01:00,
2026-01-22 01:45+01:00,53.430851
2026-01-22 02:00+01:00,52.853616
2026-01-22 02:15+01:00,50.186760
2026-01-22 02:30+01:00,54.067607
2026-01-22 02:45+01:00,51.082418
2026-01-22 03:00+01:00,55.135183
2026-01-22 03:15+01:00,52.260247
2026-01-22 03:30+01:00,60.891041
2026-01-22 03:45+01:00,51.510402
2026-01-22 04:00+01:00,50.078060
2026-01-22 04:15+01:00,51.711447
2026-01-22 04:30+01:00,46.835113
2026-01-22 04:45+01:00,51.995972
2026-01-22 05:00+01:00,47.311728
2026-01-22 05:15+01:00,48.270929
2026-01-22 05:30+01:00,53.015154
2026-01-22 05:45+01:00,50.331883
2026-01-22 06:00+01:00,1.931278
2026-01-22 06:15+01:00,2.833203
2026-01-22 06:30+01:00,36.103849
2026-01-22 06:45+01:00,2.546071
2026-01-22 07:00+01:00,2.045575
2026-01-22 07:15+01:00,2.559858
2026-01-22 07:30+01:00,2.040735
2026-01-22 07:45+01:00,3.201425
2026-01-22 08:00+01:00,
2026-01-22 08:15+01:00,2.709445
2026-01-22 08:30+01:00,0.000000
2026-01-22 08:45+01:00,0.000000
2026-01-22 09:00+01:00,2.761436
2026-01-22 09:15+01:00,3.105263
2026-01-22 09:30+01:00,35.045343
2026-01-22 09:45+01:00,34.114566
2026-01-22 10:00+01:00,37.817003
2026-01-22 10:15+01:00,36.776282
2026-01-22 10:30+01:00,34.994112
2026-01-22 10:45+01:00,3.042205
2026-01-22 11:00+01:00,3.150629
2026-01-22 11:15+01:00,2.474905
2026-01-22 11:30+01:00,35.713848
2026-01-22 11:45+01:00,2.542086
2026-01-22 12:00+01:00,3.051718
2026-01-22 12:15+01:00,2.517141
2026-01-22 12:30+01:00,2.251157
2026-01-22 12:45+01:00,2.817643
2026-01-22 13:00+01:00,37.036410
2026-01-22 13:15+01:00,36.125194
2026-01-22 13:30+01:00,36.620729
2026-01-22 13:45+01:00,36.715990
2026-01-22 14:00+01:00,35.599715
2026-01-22 14:15+01:00,2.525822
2026-01-22 14:30+01:00,
2026-01-22 14:45+01:00,2.037033
2026-01-22 15:00+01:00,3.566698
2026-01-22 15:15+01:00,2.601370
2026-01-22 15:30+01:00,0.000000
2026-01-22 15:45+01:00,2.442698
2026-01-22 16:00+01:00,
2026-01-22 16:15+01:00,3.260913
2026-01-22 16:30+01:00,34.129654
2026-01-22 16:45+01:00,32.713982
2026-01-22 17:00+01:00,
2026-01-22 17:15+01:00,2.057497
2026-01-22 17:30+01:00,3.142109
2026-01-22 17:45+01:00,
2026-01-22 18:00+01:00,2.212081
2026-01-22 18:15+01:00,3.297789
2026-01-22 18:30+01:00,34.426119
2026-01-22 18:45+01:00,2.269231
2026-01-22 19:00+01:00,48.952518
2026-01-22 19:15+01:00,51.574817
2026-01-22 19:30+01:00,53.227566
2026-01-22 19:45+01:00,47.053518
2026-01-22 20:00+01:00,50.844990
2026-01-22 20:15+01:00,49.547472
2026-01-22 20:30+01:00,48.549179
2026-01-22 20:45+01:00,51.913501
2026-01-22 21:00+01:00,48.084637
2026-01-22 21:15+01:00,57.002227
2026-01-22 21:30+01:00,50.421269
2026-01-22 21:45+01:00,50.685295
2026-01-22 22:00+01:00,48.652575
2026-01-22 22:15+01:00,47.585322
2026-01-22 22:30+01:00,46.451748
2026-01-22 22:45+01:00,56.054020
2026-01-22 23:00+01:00,50.522008
2026-01-22 23:15+01:00,51.241377
2026-01-22 23:30+01:00,
2026-01-22 23:45+01:00,54.195426
2026-01-23 00:00+01:00,49.972031
2026-01-23 00:15+01:00,50.841101
2026-01-23 00:30+01:00,51.622764
2026-01-23 00:45+01:00,
2026-01-23 01:00+01:00,55.985775
2026-01-23 01:15+01:00,51.251514
2026-01-23 01:30+01:00,52.525203
2026-01-23 01:45+01:00,51.868357
2026-01-23 02:00+01:00,53.684345
2026-01-23 02:15+01:00,54.088686
2026-01-23 02:30+01:00,49.264918
2026-01-23 02:45+01:00,55.090631
2026-01-23 03:00+01:00,49.634515
2026-01-23 03:15+01:00,48.652995
2026-01-23 03:30+01:00,52.724576
2026-01-23 03:45+01:00,54.302578
2026-01-23 04:00+01:00,51.760699
2026-01-23 04:15+01:00,50.065350
2026-01-23 04:30+01:00,43.768801
2026-01-23 04:45+01:00,51.476970
2026-01-23 05:00+01:00,54.013551
2026-01-23 05:15+01:00,55.486471
2026-01-23 05:30+01:00,50.265453
2026-01-23 05:45+01:00,51.413611
2026-01-23 06:00+01:00,34.115300
2026-01-23 06:15+01:00,3.396491
2026-01-23 06:30+01:00,2.703083
2026-01-23 06:45+01:00,37.377010
2026-01-23 07:00+01:00,0.000000
2026-01-23 07:15+01:00,2.873079
2026-01-23 07:30+01:00,2.593685
2026-01-23 07:45+01:00,37.451687
2026-01-23 08:00+01:00,2.787261
2026-01-23 08:15+01:00,32.346798
2026-01-23 08:30+01:00,37.808952
2026-01-23 08:45+01:00,
2026-01-23 09:00+01:00,1.691877
2026-01-23 09:15+01:00,1.900193
2026-01-23 09:30+01:00,2.027430
2026-01-23 09:45+01:00,34.966389
2026-01-23 10:00+01:00,2.306961
2026-01-23 10:15+01:00,36.458427
2026-01-23 10:30+01:00,34.109110
2026-01-23 10:45+01:00,1.957865
2026-01-23 11:00+01:00,34.058084
2026-01-23 11:15+01:00,2.072185
2026-01-23 11:30+01:00,35.097363
2026-01-23 11:45+01:00,3.021332
2026-01-23 12:00+01:00,2.469604
2026-01-23 12:15+01:00,
2026-01-23 12:30+01:00,1.726617
2026-01-23 12:45+01:00,3.122913
2026-01-23 13:00+01:00,2.370507
2026-01-23 13:15+01:00,2.727583
2026-01-23 13:30+01:00,1.872489
2026-01-23 13:45+01:00,2.231570
2026-01-23 14:00+01:00,2.959958
2026-01-23 14:15+01:00,2.478894
2026-01-23 14:30+01:00,2.435401
2026-01-23 14:45+01:00,2.671580
2026-01-23 15:00+01:00,2.632839
2026-01-23 15:15+01:00,3.012893
2026-01-23 15:30+01:00,36.505848
2026-01-23 15:45+01:00,33.755270
2026-01-23 16:00+01:00,2.274765
2026-01-23 16:15+01:00,2.352279
2026-01-23 16:30+01:00,2.956208
2026-01-23 16:45+01:00,2.547543
2026-01-23 17:00+01:00,35.561482
2026-01-23 17:15+01:00,0.000000
2026-01-23 17:30+01:00,2.609863
2026-01-23 17:45+01:00,32.292509
2026-01-23 18:00+01:00,
2026-01-23 18:15+01:00,3.167130
2026-01-23 18:30+01:00,33.711864
2026-01-23 18:45+01:00,2.844898
2026-01-23 19:00+01:00,50.042689
2026-01-23 19:15+01:00,51.760967
2026-01-23 19:30+01:00,48.589429
2026-01-23 19:45+01:00,53.886098
2026-01-23 20:00+01:00,50.755581
2026-01-23 20:15+01:00,51.197975
2026-01-23 20:30+01:00,52.588145
2026-01-23 20:45+01:00,46.147721
2026-01-23 21:00+01:00,50.012873
2026-01-23 21:15+01:00,50.142938
2026-01-23 21:30+01:00,51.923926
2026-01-23 21:45+01:00,51.888998
2026-01-23 22:00+01:00,48.650448
2026-01-23 22:15+01:00,47.094755
2026-01-23 22:30+01:00,51.436001
2026-01-23 22:45+01:00,50.536541
2026-01-23 23:00+01:00,44.991358
2026-01-23 23:15+01:00,51.239032
2026-01-23 23:30+01:00,44.200451
2026-01-23 23:45+01:00,54.980678
2026-01-24 00:00+01:00,49.671907
2026-01-24 00:15+01:00,54.267078
2026-01-24 00:30+01:00,51.814126
2026-01-24 00:45+01:00,51.556054
2026-01-24 01:00+01:00,55.978470
2026-01-24 01:15+01:00,49.328672
2026-01-24 01:30+01:00,49.722508
2026-01-24 01:45+01:00,50.471280
2026-01-24 02:00+01:00,53.658673
2026-01-24 02:15+01:00,54.841433
2026-01-24 02:30+01:00,46.525498
2026-01-24 02:45+01:00,48.934699
2026-01-24 03:00+01:00,57.556701
2026-01-24 03:15+01:00,49.576437
2026-01-24 03:30+01:00,54.567878
2026-01-24 03:45+01:00,50.980985
2026-01-24 04:00+01:00,55.641532
2026-01-24 04:15+01:00,52.787553
2026-01-24 04:30+01:00,
2026-01-24 04:45+01:00,55.053241
2026-01-24 05:00+01:00,
2026-01-24 05:15+01:00,54.288516
2026-01-24 05:30+01:00,50.719288
2026-01-24 05:45+01:00,53.363379
2026-01-24 06:00+01:00,2.380858
2026-01-24 06:15+01:00,0.000000
2026-01-24 06:30+01:00,3.427669
2026-01-24 06:45+01:00,2.125323
2026-01-24 07:00+01:00,3.144124
2026-01-24 07:15+01:00,2.798489
2026-01-24 07:30+01:00,2.531396
2026-01-24 07:45+01:00,0.000000
2026-01-24 08:00+01:00,3.064565
2026-01-24 08:15+01:00,2.860404
2026-01-24 08:30+01:00,3.026255
2026-01-24 08:45+01:00,2.176830
2026-01-24 09:00+01:00,3.019128
2026-01-24 09:15+01:00,1.905836
2026-01-24 09:30+01:00,
2026-01-24 09:45+01:00,2.786058
2026-01-24 10:00+01:00,3.102506
2026-01-24 10:15+01:00,2.832437
2026-01-24 10:30+01:00,0.000000
2026-01-24 10:45+01:00,2.288733
2026-01-24 11:00+01:00,2.438641
2026-01-24 11:15+01:00,2.722538
2026-01-24 11:30+01:00,
2026-01-24 11:45+01:00,3.070337
2026-01-24 12:00+01:00,2.858004
2026-01-24 12:15+01:00,1.694803
2026-01-24 12:30+01:00,2.753913
2026-01-24 12:45+01:00,2.825344
2026-01-24 13:00+01:00,
2026-01-24 13:15+01:00,3.304284
2026-01-24 13:30+01:00,3.475132
2026-01-24 13:45+01:00,2.577206
2026-01-24 14:00+01:00,3.766317
2026-01-24 14:15+01:00,2.890436
2026-01-24 14:30+01:00,2.895057
2026-01-24 14:45+01:00,2.429253
2026-01-24 15:00+01:00,2.099199
2026-01-24 15:15+01:00,2.603588
2026-01-24 15:30+01:00,2.246518
2026-01-24 15:45+01:00,2.699525
2026-01-24 16:00+01:00,2.252086
2026-01-24 16:15+01:00,
2026-01-24 16:30+01:00,3.255881
2026-01-24 16:45+01:00,0.000000
2026-01-24 17:00+01:00,2.424359
2026-01-24 17:15+01:00,2.832095
2026-01-24 17:30+01:00,2.273222
2026-01-24 17:45+01:00,2.591779
2026-01-24 18:00+01:00,
2026-01-24 18:15+01:00,
2026-01-24 18:30+01:00,3.262224
2026-01-24 18:45+01:00,2.023331
2026-01-24 19:00+01:00,50.277478
2026-01-24 19:15+01:00,49.232409
2026-01-24 19:30+01:00,49.149412
2026-01-24 19:45+01:00,51.681324
2026-01-24 20:00+01:00,
2026-01-24 20:15+01:00,53.185483
2026-01-24 20:30+01:00,52.220366
2026-01-24 20:45+01:00,53.870697
2026-01-24 21:00+01:00,50.881825
2026-01-24 21:15+01:00,49.540961
2026-01-24 21:30+01:00,48.725644
2026-01-24 21:45+01:00,
2026-01-24 22:00+01:00,49.710275
2026-01-24 22:15+01:00,50.053362
2026-01-24 22:30+01:00,53.816136
2026-01-24 22:45+01:00,49.446929
2026-01-24 23:00+01:00,
2026-01-24 23:15+01:00,52.652047
2026-01-24 23:30+01:00,
2026-01-24 23:45+01:00,48.155764
2026-01-25 00:00+01:00,49.184689
2026-01-25 00:15+01:00,
2026-01-25 00:30+01:00,54.557933
2026-01-25 00:45+01:00,46.449036
2026-01-25 01:00+01:00,51.889050
2026-01-25 01:15+01:00,46.842648
2026-01-25 01:30+01:00,48.533843
2026-01-25 01:45+01:00,53.202569
2026-01-25 02:00+01:00,53.816109
2026-01-25 02:15+01:00,48.553926
2026-01-25 02:30+01:00,54.019271
2026-01-25 02:45+01:00,47.279280
2026-01-25 03:00+01:00,52.969304
2026-01-25 03:15+01:00,46.386308
2026-01-25 03:30+01:00,48.823154
2026-01-25 03:45+01:00,48.466250
2026-01-25 04:00+01:00,50.991150
2026-01-25 04:15+01:00,53.102850
2026-01-25 04:30+01:00,46.878197
2026-01-25 04:45+01:00,50.939944
2026-01-25 05:00+01:00,49.214453
2026-01-25 05:15+01:00,48.202399
2026-01-25 05:30+01:00,54.302048
2026-01-25 05:45+01:00,50.156594
2026-01-25 06:00+01:00,2.602461
2026-01-25 06:15+01:00,2.619262
2026-01-25 06:30+01:00,2.607334
2026-01-25 06:45+01:00,2.900953
2026-01-25 07:00+01:00,3.263111
2026-01-25 07:15+01:00,2.684649
2026-01-25 07:30+01:00,0.000000
2026-01-25 07:45+01:00,3.221834
2026-01-25 08:00+01:00,3.574850
2026-01-25 08:15+01:00,0.000000
2026-01-25 08:30+01:00,2.889180
2026-01-25 08:45+01:00,2.869355
2026-01-25 09:00+01:00,2.043863
2026-01-25 09:15+01:00,
2026-01-25 09:30+01:00,2.751718
2026-01-25 09:45+01:00,1.565725
2026-01-25 10:00+01:00,
2026-01-25 10:15+01:00,2.083537
2026-01-25 10:30+01:00,2.607732
2026-01-25 10:45+01:00,2.408139
2026-01-25 11:00+01:00,2.343181
2026-01-25 11:15+01:00,2.800960
2026-01-25 11:30+01:00,0.000000
2026-01-25 11:45+01:00,2.606359
2026-01-25 12:00+01:00,2.151630
2026-01-25 12:15+01:00,2.852463
2026-01-25 12:30+01:00,2.666210
2026-01-25 12:45+01:00,2.522505
2026-01-25 13:00+01:00,
2026-01-25 13:15+01:00,2.660585
2026-01-25 13:30+01:00,2.074586
2026-01-25 13:45+01:00,2.728594
2026-01-25 14:00+01:00,2.663055
2026-01-25 14:15+01:00,2.460549
2026-01-25 14:30+01:00,2.741083
2026-01-25 14:45+01:00,1.992824
2026-01-25 15:00+01:00,
2026-01-25 15:15+01:00,1.827510
2026-01-25 15:30+01:00,0.000000
2026-01-25 15:45+01:00,3.360388
2026-01-25 16:00+01:00,2.061093
2026-01-25 16:15+01:00,2.096137
2026-01-25 16:30+01:00,3.173656
2026-01-25 16:45+01:00,1.901002
2026-01-25 17:00+01:00,2.231022
2026-01-25 17:15+01:00,3.272436
2026-01-25 17:30+01:00,2.759543
2026-01-25 17:45+01:00,1.677139
2026-01-25 18:00+01:00,2.686393
2026-01-25 18:15+01:00,2.630089
2026-01-25 18:30+01:00,1.911404
2026-01-25 18:45+01:00,1.479589
2026-01-25 19:00+01:00,52.291677
2026-01-25 19:15+01:00,53.817827
2026-01-25 19:30+01:00,50.995954
2026-01-25 19:45+01:00,52.805921
2026-01-25 20:00+01:00,48.458772
2026-01-25 20:15+01:00,48.729600
2026-01-25 20:30+01:00,50.060792
2026-01-25 20:45+01:00,50.322135
2026-01-25 21:00+01:00,50.277312
2026-01-25 21:15+01:00,56.657528
2026-01-25 21:30+01:00,
2026-01-25 21:45+01:00,49.060748
2026-01-25 22:00+01:00,47.829182
2026-01-25 22:15+01:00,53.600127
2026-01-25 22:30+01:00,52.724865
2026-01-25 22:45+01:00,49.995653
2026-01-25 23:00+01:00,52.406887
2026-01-25 23:15+01:00,50.441933
2026-01-25 23:30+01:00,48.589135
2026-01-25 23:45+01:00,49.501930
2026-01-26 00:00+01:00,52.628000
2026-01-26 00:15+01:00,49.133693
2026-01-26 00:30+01:00,51.956351
2026-01-26 00:45+01:00,51.080964
2026-01-26 01:00+01:00,52.140299
2026-01-26 01:15+01:00,55.619881
2026-01-26 01:30+01:00,52.623412
2026-01-26 01:45+01:00,54.741298
2026-01-26 02:00+01:00,51.043839
2026-01-26 02:15+01:00,55.711744
2026-01-26 02:30+01:00,49.224424
2026-01-26 02:45+01:00,52.518555
2026-01-26 03:00+01:00,53.054902
2026-01-26 03:15+01:00,50.414693
2026-01-26 03:30+01:00,46.865667
2026-01-26 03:45+01:00,53.731599
2026-01-26 04:00+01:00,
2026-01-26 04:15+01:00,51.801835
2026-01-26 04:30+01:00,46.614980
2026-01-26 04:45+01:00,
2026-01-26 05:00+01:00,52.180303
2026-01-26 05:15+01:00,
2026-01-26 05:30+01:00,50.188655
2026-01-26 05:45+01:00,50.224464
2026-01-26 06:00+01:00,33.593242
2026-01-26 06:15+01:00,2.503490
2026-01-26 06:30+01:00,36.436618
2026-01-26 06:45+01:00,2.359965
2026-01-26 07:00+01:00,35.645518
2026-01-26 07:15+01:00,35.860939
2026-01-26 07:30+01:00,35.653871
2026-01-26 07:45+01:00,34.239497
2026-01-26 08:00+01:00,33.279805
2026-01-26 08:15+01:00,2.308350
2026-01-26 08:30+01:00,2.949572
2026-01-26 08:45+01:00,2.960718
2026-01-26 09:00+01:00,33.754854
2026-01-26 09:15+01:00,34.253748
2026-01-26 09:30+01:00,0.000000
2026-01-26 09:45+01:00,36.827567
2026-01-26 10:00+01:00,2.531092
2026-01-26 10:15+01:00,2.075439
2026-01-26 10:30+01:00,2.489292
2026-01-26 10:45+01:00,2.785326
2026-01-26 11:00+01:00,2.152160
2026-01-26 11:15+01:00,35.986663
2026-01-26 11:30+01:00,2.814762
2026-01-26 11:45+01:00,2.591402
2026-01-26 12:00+01:00,33.599098
2026-01-26 12:15+01:00,35.849556
2026-01-26 12:30+01:00,35.847645
2026-01-26 12:45+01:00,2.195974
2026-01-26 13:00+01:00,35.216813
2026-01-26 13:15+01:00,
2026-01-26 13:30+01:00,2.502715
2026-01-26 13:45+01:00,1.791576
2026-01-26 14:00+01:00,
2026-01-26 14:15+01:00,2.960316
2026-01-26 14:30+01:00,2.938192
2026-01-26 14:45+01:00,2.484394
2026-01-26 15:00+01:00,3.014625
2026-01-26 15:15+01:00,2.632108
2026-01-26 15:30+01:00,33.816465
2026-01-26 15:45+01:00,
2026-01-26 16:00+01:00,29.124599
2026-01-26 16:15+01:00,35.652189
2026-01-26 16:30+01:00,
2026-01-26 16:45+01:00,35.029770
2026-01-26 17:00+01:00,34.912677
2026-01-26 17:15+01:00,2.652026
2026-01-26 17:30+01:00,2.181244
2026-01-26 17:45+01:00,2.207636
2026-01-26 18:00+01:00,
2026-01-26 18:15+01:00,3.908926
2026-01-26 18:30+01:00,1.822765
2026-01-26 18:45+01:00,1.369148
2026-01-26 19:00+01:00,
2026-01-26 19:15+01:00,51.682658
2026-01-26 19:30+01:00,
2026-01-26 19:45+01:00,50.527010
2026-01-26 20:00+01:00,55.554066
2026-01-26 20:15+01:00,
2026-01-26 20:30+01:00,49.242441
2026-01-26 20:45+01:00,54.837176
2026-01-26 21:00+01:00,50.436734
2026-01-26 21:15+01:00,51.536396
2026-01-26 21:30+01:00,52.067079
2026-01-26 21:45+01:00,53.137056
2026-01-26 22:00+01:00,51.154908
2026-01-26 22:15+01:00,51.555714
2026-01-26 22:30+01:00,53.101364
2026-01-26 22:45+01:00,52.468027
2026-01-26 23:00+01:00,50.635279
2026-01-26 23:15+01:00,51.086551
2026-01-26 23:30+01:00,49.656468
2026-01-26 23:45+01:00,47.553763
2026-01-27 00:00+01:00,54.541732
2026-01-27 00:15+01:00,50.171471
2026-01-27 00:30+01:00,
2026-01-27 00:45+01:00,50.754795
2026-01-27 01:00+01:00,50.716668
2026-01-27 01:15+01:00,48.973994
2026-01-27 01:30+01:00,47.742071
2026-01-27 01:45+01:00,52.500111
2026-01-27 02:00+01:00,52.760237
2026-01-27 02:15+01:00,49.836450
2026-01-27 02:30+01:00,49.689707
2026-01-27 02:45+01:00,50.328857
2026-01-27 03:00+01:00,48.492174
2026-01-27 03:15+01:00,49.674567
2026-01-27 03:30+01:00,
2026-01-27 03:45+01:00,44.956347
2026-01-27 04:00+01:00,55.870309
2026-01-27 04:15+01:00,52.736485
2026-01-27 04:30+01:00,47.898693
2026-01-27 04:45+01:00,52.032573
2026-01-27 05:00+01:00,54.176345
2026-01-27 05:15+01:00,54.278869
2026-01-27 05:30+01:00,55.188241
2026-01-27 05:45+01:00,50.475685
2026-01-27 06:00+01:00,36.109848
2026-01-27 06:15+01:00,2.674334
2026-01-27 06:30+01:00,2.115465
2026-01-27 06:45+01:00,
2026-01-27 07:00+01:00,
2026-01-27 07:15+01:00,0.000000
2026-01-27 07:30+01:00,36.568357
2026-01-27 07:45+01:00,32.596503
2026-01-27 08:00+01:00,
2026-01-27 08:15+01:00,2.335575
2026-01-27 08:30+01:00,2.404400
2026-01-27 08:45+01:00,33.684153
2026-01-27 09:00+01:00,33.678544
2026-01-27 09:15+01:00,2.407605
2026-01-27 09:30+01:00,3.321815
2026-01-27 09:45+01:00,
2026-01-27 10:00+01:00,36.929909
2026-01-27 10:15+01:00,
2026-01-27 10:30+01:00,35.455348
2026-01-27 10:45+01:00,36.935248
2026-01-27 11:00+01:00,2.489765
2026-01-27 11:15+01:00,37.993209
2026-01-27 11:30+01:00,2.607944
2026-01-27 11:45+01:00,2.661572
2026-01-27 12:00+01:00,1.945874
2026-01-27 12:15+01:00,2.869191
2026-01-27 12:30+01:00,3.154983
2026-01-27 12:45+01:00,2.434918
2026-01-27 13:00+01:00,35.850002
2026-01-27 13:15+01:00,35.172942
2026-01-27 13:30+01:00,0.000000
2026-01-27 13:45+01:00,3.705841
2026-01-27 14:00+01:00,2.603609
2026-01-27 14:15+01:00,34.968117
2026-01-27 14:30+01:00,2.082590
2026-01-27 14:45+01:00,35.814248
2026-01-27 15:00+01:00,34.791605
2026-01-27 15:15+01:00,36.571566
2026-01-27 15:30+01:00,35.818090
2026-01-27 15:45+01:00,33.641079
2026-01-27 16:00+01:00,
2026-01-27 16:15+01:00,2.212221
2026-01-27 16:30+01:00,34.591885
2026-01-27 16:45+01:00,34.658110
2026-01-27 17:00+01:00,35.488207
2026-01-27 17:15+01:00,2.055087
2026-01-27 17:30+01:00,1.996200
2026-01-27 17:45+01:00,35.535344
2026-01-27 18:00+01:00,2.839698
2026-01-27 18:15+01:00,
2026-01-27 18:30+01:00,3.107200
2026-01-27 18:45+01:00,34.856094
2026-01-27 19:00+01:00,
2026-01-27 19:15+01:00,51.542908
2026-01-27 19:30+01:00,54.804657
2026-01-27 19:45+01:00,47.639422
2026-01-27 20:00+01:00,46.943249
2026-01-27 20:15+01:00,49.723340
2026-01-27 20:30+01:00,53.289750
2026-01-27 20:45+01:00,47.420085
2026-01-27 21:00+01:00,50.028599
2026-01-27 21:15+01:00,52.075865
2026-01-27 21:30+01:00,53.781432
2026-01-27 21:45+01:00,48.370357
2026-01-27 22:00+01:00,56.020609
2026-01-27 22:15+01:00,49.721022
2026-01-27 22:30+01:00,49.482055
2026-01-27 22:45+01:00,53.351878
2026-01-27 23:00+01:00,51.814568
2026-01-27 23:15+01:00,54.397233
2026-01-27 23:30+01:00,52.517583
2026-01-27 23:45+01:00,53.537317
2026-01-28 00:00+01:00,52.583454
2026-01-28 00:15+01:00,50.979623
2026-01-28 00:30+01:00,49.362064
2026-01-28 00:45+01:00,51.492240
2026-01-28 01:00+01:00,50.915721
2026-01-28 01:15+01:00,53.382977
2026-01-28 01:30+01:00,52.331679
2026-01-28 01:45+01:00,48.292073
2026-01-28 02:00+01:00,50.375210
2026-01-28 02:15+01:00,54.705745
2026-01-28 02:30+01:00,51.836079
2026-01-28 02:45+01:00,49.658857
2026-01-28 03:00+01:00,53.666899
2026-01-28 03:15+01:00,
2026-01-28 03:30+01:00,49.809149
2026-01-28 03:45+01:00,56.038202
2026-01-28 04:00+01:00,48.003092
2026-01-28 04:15+01:00,53.375546
2026-01-28 04:30+01:00,49.286083
2026-01-28 04:45+01:00,53.507220
2026-01-28 05:00+01:00,50.292585
2026-01-28 05:15+01:00,53.553930
2026-01-28 05:30+01:00,54.319134
2026-01-28 05:45+01:00,55.444110
2026-01-28 06:00+01:00,2.088824
2026-01-28 06:15+01:00,36.279783
2026-01-28 06:30+01:00,2.196968
2026-01-28 06:45+01:00,35.408889
2026-01-28 07:00+01:00,35.300906
2026-01-28 07:15+01:00,
2026-01-28 07:30+01:00,37.755410
2026-01-28 07:45+01:00,35.440265
2026-01-28 08:00+01:00,34.831311
2026-01-28 08:15+01:00,35.865585
2026-01-28 08:30+01:00,2.935424
2026-01-28 08:45+01:00,0.000000
2026-01-28 09:00+01:00,35.221430
2026-01-28 09:15+01:00,36.018470
2026-01-28 09:30+01:00,2.477638
2026-01-28 09:45+01:00,35.902809
2026-01-28 10:00+01:00,31.389923
2026-01-28 10:15+01:00,3.133569
2026-01-28 10:30+01:00,36.987174
2026-01-28 10:45+01:00,37.724105
2026-01-28 11:00+01:00,3.411801
2026-01-28 11:15+01:00,36.724546
2026-01-28 11:30+01:00,2.251309
2026-01-28 11:45+01:00,2.677268
2026-01-28 12:00+01:00,2.311615
2026-01-28 12:15+01:00,2.828041
2026-01-28 12:30+01:00,1.938462
2026-01-28 12:45+01:00,34.088265
2026-01-28 13:00+01:00,37.619718
2026-01-28 13:15+01:00,3.002454
2026-01-28 13:30+01:00,2.903261
2026-01-28 13:45+01:00,2.135628
2026-01-28 14:00+01:00,3.507403
2026-01-28 14:15+01:00,3.098846
2026-01-28 14:30+01:00,36.029660
2026-01-28 14:45+01:00,2.427440
2026-01-28 15:00+01:00,2.668531
2026-01-28 15:15+01:00,0.000000
2026-01-28 15:30+01:00,2.465271
2026-01-28 15:45+01:00,2.902117
2026-01-28 16:00+01:00,35.804471
2026-01-28 16:15+01:00,3.028080
2026-01-28 16:30+01:00,
2026-01-28 16:45+01:00,2.527340
2026-01-28 17:00+01:00,3.062808
2026-01-28 17:15+01:00,2.555981
2026-01-28 17:30+01:00,34.327187
2026-01-28 17:45+01:00,
2026-01-28 18:00+01:00,3.016444
2026-01-28 18:15+01:00,31.335638
2026-01-28 18:30+01:00,2.258295
2026-01-28 18:45+01:00,2.842440
2026-01-28 19:00+01:00,51.216346
2026-01-28 19:15+01:00,52.518165
2026-01-28 19:30+01:00,51.357286
2026-01-28 19:45+01:00,53.424733
2026-01-28 20:00+01:00,51.841219
2026-01-28 20:15+01:00,53.202050
2026-01-28 20:30+01:00,48.715930
2026-01-28 20:45+01:00,50.668730
2026-01-28 21:00+01:00,
2026-01-28 21:15+01:00,48.005235
2026-01-28 21:30+01:00,53.913702
2026-01-28 21:45+01:00,50.066744
2026-01-28 22:00+01:00,53.973722
2026-01-28 22:15+01:00,
2026-01-28 22:30+01:00,50.334095
2026-01-28 22:45+01:00,52.629758
2026-01-28 23:00+01:00,48.816662
2026-01-28 23:15+01:00,45.925388
2026-01-28 23:30+01:00,50.924006
2026-01-28 23:45+01:00,50.357823
2026-01-29 00:00+01:00,
2026-01-29 00:15+01:00,
2026-01-29 00:30+01:00,54.975525
2026-01-29 00:45+01:00,
2026-01-29 01:00+01:00,52.503033
2026-01-29 01:15+01:00,47.955967
2026-01-29 01:30+01:00,51.050648
2026-01-29 01:45+01:00,51.009583
2026-01-29 02:00+01:00,54.031169
2026-01-29 02:15+01:00,49.824244
2026-01-29 02:30+01:00,48.004611
2026-01-29 02:45+01:00,48.268334
2026-01-29 03:00+01:00,52.471047
2026-01-29 03:15+01:00,54.766467
2026-01-29 03:30+01:00,47.631108
2026-01-29 03:45+01:00,48.937233
2026-01-29 04:00+01:00,51.520136
2026-01-29 04:15+01:00,49.502699
2026-01-29 04:30+01:00,52.885644
2026-01-29 04:45+01:00,51.732913
2026-01-29 05:00+01:00,52.869652
2026-01-29 05:15+01:00,53.432610
2026-01-29 05:30+01:00,54.989324
2026-01-29 05:45+01:00,53.318217
2026-01-29 06:00+01:00,
2026-01-29 06:15+01:00,36.533913
2026-01-29 06:30+01:00,35.734348
2026-01-29 06:45+01:00,33.851341
2026-01-29 07:00+01:00,2.552173
2026-01-29 07:15+01:00,35.507356
2026-01-29 07:30+01:00,32.544841
2026-01-29 07:45+01:00,2.615377
2026-01-29 08:00+01:00,
2026-01-29 08:15+01:00,35.530482
2026-01-29 08:30+01:00,35.741552
2026-01-29 08:45+01:00,34.520316
2026-01-29 09:00+01:00,3.128588
2026-01-29 09:15+01:00,2.539066
2026-01-29 09:30+01:00,2.390220
2026-01-29 09:45+01:00,2.425568
2026-01-29 10:00+01:00,32.837593
2026-01-29 10:15+01:00,36.388372
2026-01-29 10:30+01:00,32.994924
2026-01-29 10:45+01:00,2.916572
2026-01-29 11:00+01:00,3.049385
2026-01-29 11:15+01:00,0.000000
2026-01-29 11:30+01:00,2.455923
2026-01-29 11:45+01:00,35.245987
2026-01-29 12:00+01:00,33.635178
2026-01-29 12:15+01:00,2.741160
2026-01-29 12:30+01:00,2.791609
2026-01-29 12:45+01:00,2.486687
2026-01-29 13:00+01:00,2.476195
2026-01-29 13:15+01:00,34.506795
2026-01-29 13:30+01:00,36.380082
2026-01-29 13:45+01:00,0.000000
2026-01-29 14:00+01:00,
2026-01-29 14:15+01:00,2.448336
2026-01-29 14:30+01:00,36.637463
2026-01-29 14:45+01:00,2.895079
2026-01-29 15:00+01:00,2.322451
2026-01-29 15:15+01:00,35.861556
2026-01-29 15:30+01:00,2.245186
2026-01-29 15:45+01:00,
2026-01-29 16:00+01:00,2.362702
2026-01-29 16:15+01:00,3.207319
2026-01-29 16:30+01:00,2.609800
2026-01-29 16:45+01:00,1.503612
2026-01-29 17:00+01:00,2.557389
2026-01-29 17:15+01:00,34.077272
2026-01-29 17:30+01:00,2.291176
2026-01-29 17:45+01:00,36.995756
2026-01-29 18:00+01:00,36.291217
2026-01-29 18:15+01:00,2.246998
2026-01-29 18:30+01:00,2.755357
2026-01-29 18:45+01:00,38.112308
2026-01-29 19:00+01:00,55.898307
2026-01-29 19:15+01:00,49.163081
2026-01-29 19:30+01:00,50.352676
2026-01-29 19:45+01:00,52.241780
2026-01-29 20:00+01:00,47.630947
2026-01-29 20:15+01:00,53.711474
2026-01-29 20:30+01:00,52.969621
2026-01-29 20:45+01:00,53.101068
2026-01-29 21:00+01:00,57.466163
2026-01-29 21:15+01:00,50.374511
2026-01-29 21:30+01:00,48.578515
2026-01-29 21:45+01:00,50.210524
2026-01-29 22:00+01:00,47.136203
2026-01-29 22:15+01:00,51.453561
2026-01-29 22:30+01:00,51.072293
2026-01-29 22:45+01:00,49.469000
2026-01-29 23:00+01:00,52.441887
2026-01-29 23:15+01:00,51.172043
2026-01-29 23:30+01:00,54.238085
2026-01-29 23:45+01:00,47.915061
2026-01-30 00:00+01:00,52.394300
2026-01-30 00:15+01:00,52.676244
2026-01-30 00:30+01:00,50.965938
2026-01-30 00:45+01:00,55.098804
2026-01-30 01:00+01:00,50.081549
2026-01-30 01:15+01:00,53.306478
2026-01-30 01:30+01:00,54.185427
2026-01-30 01:45+01:00,46.882381
2026-01-30 02:00+01:00,51.448000
2026-01-30 02:15+01:00,54.065617
2026-01-30 02:30+01:00,48.500278
2026-01-30 02:45+01:00,51.847899
2026-01-30 03:00+01:00,52.152602
2026-01-30 03:15+01:00,47.852649
2026-01-30 03:30+01:00,50.162094
2026-01-30 03:45+01:00,50.052035
2026-01-30 04:00+01:00,50.763233
2026-01-30 04:15+01:00,50.347571
2026-01-30 04:30+01:00,46.041949
2026-01-30 04:45+01:00,51.303279
2026-01-30 05:00+01:00,53.155162
2026-01-30 05:15+01:00,50.936059
2026-01-30 05:30+01:00,49.062440
2026-01-30 05:45+01:00,50.383321
2026-01-30 06:00+01:00,1.242696
2026-01-30 06:15+01:00,2.218669
2026-01-30 06:30+01:00,34.634387
2026-01-30 06:45+01:00,2.978893
2026-01-30 07:00+01:00,3.045140
2026-01-30 07:15+01:00,34.893077
2026-01-30 07:30+01:00,35.440940
2026-01-30 07:45+01:00,0.000000
2026-01-30 08:00+01:00,32.480887
2026-01-30 08:15+01:00,33.032232
2026-01-30 08:30+01:00,2.312604
2026-01-30 08:45+01:00,2.118603
2026-01-30 09:00+01:00,2.525538
2026-01-30 09:15+01:00,1.849027
2026-01-30 09:30+01:00,
2026-01-30 09:45+01:00,36.628268
2026-01-30 10:00+01:00,2.468390
2026-01-30 10:15+01:00,2.477645
2026-01-30 10:30+01:00,3.003597
2026-01-30 10:45+01:00,2.111318
2026-01-30 11:00+01:00,1.922351
2026-01-30 11:15+01:00,0.000000
2026-01-30 11:30+01:00,1.920688
2026-01-30 11:45+01:00,2.416703
2026-01-30 12:00+01:00,36.835781
2026-01-30 12:15+01:00,33.635973
2026-01-30 12:30+01:00,2.435148
2026-01-30 12:45+01:00,37.056305
2026-01-30 13:00+01:00,
2026-01-30 13:15+01:00,35.540371
2026-01-30 13:30+01:00,34.416231
2026-01-30 13:45+01:00,2.870531
2026-01-30 14:00+01:00,2.811730
2026-01-30 14:15+01:00,2.405463
2026-01-30 14:30+01:00,35.370325
2026-01-30 14:45+01:00,38.689461
2026-01-30 15:00+01:00,34.897115
2026-01-30 15:15+01:00,2.512690
2026-01-30 15:30+01:00,2.930013
2026-01-30 15:45+01:00,36.814296
2026-01-30 16:00+01:00,2.565036
2026-01-30 16:15+01:00,0.000000
2026-01-30 16:30+01:00,35.588811
2026-01-30 16:45+01:00,32.847169
2026-01-30 17:00+01:00,2.011579
2026-01-30 17:15+01:00,2.905436
2026-01-30 17:30+01:00,2.769800
2026-01-30 17:45+01:00,2.241417
2026-01-30 18:00+01:00,36.771774
2026-01-30 18:15+01:00,34.914468
2026-01-30 18:30+01:00,0.000000
2026-01-30 18:45+01:00,37.448232
2026-01-30 19:00+01:00,48.279126
2026-01-30 19:15+01:00,53.970277
2026-01-30 19:30+01:00,48.346748
2026-01-30 19:45+01:00,47.499502
2026-01-30 20:00+01:00,54.650007
2026-01-30 20:15+01:00,52.803942
2026-01-30 20:30+01:00,46.938467
2026-01-30 20:45+01:00,51.235696
2026-01-30 21:00+01:00,50.976997
2026-01-30 21:15+01:00,49.478303
2026-01-30 21:30+01:00,49.740213
2026-01-30 21:45+01:00,48.484377
2026-01-30 22:00+01:00,46.640651
2026-01-30 22:15+01:00,54.223030
2026-01-30 22:30+01:00,50.246761
2026-01-30 22:45+01:00,45.318271
2026-01-30 23:00+01:00,52.571637
2026-01-30 23:15+01:00,51.217435
2026-01-30 23:30+01:00,49.819833
2026-01-30 23:45+01:00,48.815047
2026-01-31 00:00+01:00,48.769590
2026-01-31 00:15+01:00,52.634524
2026-01-31 00:30+01:00,52.233451
2026-01-31 00:45+01:00,51.200488
2026-01-31 01:00+01:00,
2026-01-31 01:15+01:00,
2026-01-31 01:30+01:00,49.081282
2026-01-31 01:45+01:00,
2026-01-31 02:00+01:00,52.413209
2026-01-31 02:15+01:00,52.401367
2026-01-31 02:30+01:00,47.343327
2026-01-31 02:45+01:00,52.543917
2026-01-31 03:00+01:00,51.415622
2026-01-31 03:15+01:00,54.856358
2026-01-31 03:30+01:00,50.716086
2026-01-31 03:45+01:00,
2026-01-31 04:00+01:00,53.940695
2026-01-31 04:15+01:00,50.121387
2026-01-31 04:30+01:00,51.123876
2026-01-31 04:45+01:00,46.353995
2026-01-31 05:00+01:00,54.621425
2026-01-31 05:15+01:00,50.384839
2026-01-31 05:30+01:00,52.949803
2026-01-31 05:45+01:00,49.445644
2026-01-31 06:00+01:00,3.063914
2026-01-31 06:15+01:00,2.159175
2026-01-31 06:30+01:00,2.555770
2026-01-31 06:45+01:00,2.742369
2026-01-31 07:00+01:00,2.947408
2026-01-31 07:15+01:00,2.317783
2026-01-31 07:30+01:00,2.928254
2026-01-31 07:45+01:00,0.000000
2026-01-31 08:00+01:00,2.234373
2026-01-31 08:15+01:00,3.034042
2026-01-31 08:30+01:00,2.627424
2026-01-31 08:45+01:00,
2026-01-31 09:00+01:00,2.113188
2026-01-31 09:15+01:00,2.486183
2026-01-31 09:30+01:00,3.127271
2026-01-31 09:45+01:00,1.581916
2026-01-31 10:00+01:00,3.532228
2026-01-31 10:15+01:00,
2026-01-31 10:30+01:00,1.908795
2026-01-31 10:45+01:00,3.098938
2026-01-31 11:00+01:00,3.063468
2026-01-31 11:15+01:00,3.447166
2026-01-31 11:30+01:00,2.292382
2026-01-31 11:45+01:00,2.488465
2026-01-31 12:00+01:00,2.978926
2026-01-31 12:15+01:00,
2026-01-31 12:30+01:00,2.797325
2026-01-31 12:45+01:00,2.517945
2026-01-31 13:00+01:00,1.902564
2026-01-31 13:15+01:00,3.341832
2026-01-31 13:30+01:00,2.445782
2026-01-31 13:45+01:00,3.213276
2026-01-31 14:00+01:00,3.168096
2026-01-31 14:15+01:00,2.084403
2026-01-31 14:30+01:00,3.152665
2026-01-31 14:45+01:00,3.656569
2026-01-31 15:00+01:00,3.456688
2026-01-31 15:15+01:00,0.000000
2026-01-31 15:30+01:00,2.741942
2026-01-31 15:45+01:00,2.438310
2026-01-31 16:00+01:00,25.093426
2026-01-31 16:15+01:00,0.000000
2026-01-31 16:30+01:00,
2026-01-31 16:45+01:00,2.961431
2026-01-31 17:00+01:00,3.561929
2026-01-31 17:15+01:00,2.075896
2026-01-31 17:30+01:00,0.000000
2026-01-31 17:45+01:00,2.521921
2026-01-31 18:00+01:00,2.385603
2026-01-31 18:15+01:00,3.168905
2026-01-31 18:30+01:00,1.935356
2026-01-31 18:45+01:00,2.434856
2026-01-31 19:00+01:00,
2026-01-31 19:15+01:00,51.212402
2026-01-31 19:30+01:00,49.256293
2026-01-31 19:45+01:00,52.836058
2026-01-31 20:00+01:00,47.993168
2026-01-31 20:15+01:00,53.035099
2026-01-31 20:30+01:00,
2026-01-31 20:45+01:00,51.831883
2026-01-31 21:00+01:00,49.134932
2026-01-31 21:15+01:00,49.851023
2026-01-31 21:30+01:00,51.853848
2026-01-31 21:45+01:00,53.464289
2026-01-31 22:00+01:00,50.849157
2026-01-31 22:15+01:00,48.302761
2026-01-31 22:30+01:00,46.600049
2026-01-31 22:45+01:00,49.834179
2026-01-31 23:00+01:00,47.646541
2026-01-31 23:15+01:00,46.852693
2026-01-31 23:30+01:00,46.466532
2026-01-31 23:45+01:00,
2026-02-01 00:00+01:00,52.808262
2026-02-01 00:15+01:00,52.396611
2026-02-01 00:30+01:00,55.953769
2026-02-01 00:45+01:00,48.338886
2026-02-01 01:00+01:00,47.560680
2026-02-01 01:15+01:00,48.472031
2026-02-01 01:30+01:00,48.299414
2026-02-01 01:45+01:00,51.713744
2026-02-01 02:00+01:00,50.535779
2026-02-01 02:15+01:00,50.561804
2026-02-01 02:30+01:00,47.715483
2026-02-01 02:45+01:00,51.098320
2026-02-01 03:00+01:00,51.921980
2026-02-01 03:15+01:00,53.801897
2026-02-01 03:30+01:00,51.193779
2026-02-01 03:45+01:00,53.672760
2026-02-01 04:00+01:00,55.301264
2026-02-01 04:15+01:00,49.619705
2026-02-01 04:30+01:00,52.006417
2026-02-01 04:45+01:00,53.425823
2026-02-01 05:00+01:00,49.752603
2026-02-01 05:15+01:00,48.430442
2026-02-01 05:30+01:00,50.270727
2026-02-01 05:45+01:00,52.192647
2026-02-01 06:00+01:00,3.143515
2026-02-01 06:15+01:00,1.615745
2026-02-01 06:30+01:00,2.023869
2026-02-01 06:45+01:00,2.590399
2026-02-01 07:00+01:00,3.163867
2026-02-01 07:15+01:00,2.819605
2026-02-01 07:30+01:00,2.386363
2026-02-01 07:45+01:00,2.911958
2026-02-01 08:00+01:00,2.592322
2026-02-01 08:15+01:00,2.554188
2026-02-01 08:30+01:00,2.595069
2026-02-01 08:45+01:00,2.002969
2026-02-01 09:00+01:00,2.931098
2026-02-01 09:15+01:00,2.838643
2026-02-01 09:30+01:00,2.957766
2026-02-01 09:45+01:00,2.439130
2026-02-01 10:00+01:00,
2026-02-01 10:15+01:00,2.157919
2026-02-01 10:30+01:00,2.958451
2026-02-01 10:45+01:00,2.615238
2026-02-01 11:00+01:00,2.230400
2026-02-01 11:15+01:00,2.459042
2026-02-01 11:30+01:00,2.908484
2026-02-01 11:45+01:00,2.524007
2026-02-01 12:00+01:00,0.000000
2026-02-01 12:15+01:00,3.102711
2026-02-01 12:30+01:00,2.414225
2026-02-01 12:45+01:00,2.834026
2026-02-01 13:00+01:00,3.556942
2026-02-01 13:15+01:00,2.839365
2026-02-01 13:30+01:00,2.780451
2026-02-01 13:45+01:00,2.306577
2026-02-01 14:00+01:00,2.459530
2026-02-01 14:15+01:00,2.611610
2026-02-01 14:30+01:00,2.493019
2026-02-01 14:45+01:00,2.823243
2026-02-01 15:00+01:00,3.053798
2026-02-01 15:15+01:00,2.856811
2026-02-01 15:30+01:00,2.479367
2026-02-01 15:45+01:00,2.302288
2026-02-01 16:00+01:00,2.980135
2026-02-01 16:15+01:00,2.776654
2026-02-01 16:30+01:00,0.000000
2026-02-01 16:45+01:00,
2026-02-01 17:00+01:00,0.000000
2026-02-01 17:15+01:00,1.912073
2026-02-01 17:30+01:00,2.277293
2026-02-01 17:45+01:00,0.000000
2026-02-01 18:00+01:00,
2026-02-01 18:15+01:00,
2026-02-01 18:30+01:00,
2026-02-01 18:45+01:00,
2026-02-01 19:00+01:00,
2026-02-01 19:15+01:00,
2026-02-01 19:30+01:00,
2026-02-01 19:45+01:00,
2026-02-01 20:00+01:00,
2026-02-01 20:15+01:00,
2026-02-01 20:30+01:00,
2026-02-01 20:45+01:00,
2026-02-01 21:00+01:00,
2026-02-01 21:15+01:00,
2026-02-01 21:30+01:00,
2026-02-01 21:45+01:00,
2026-02-01 22:00+01:00,
2026-02-01 22:15+01:00,
2026-02-01 22:30+01:00,
2026-02-01 22:45+01:00,
2026-02-01 23:00+01:00,
2026-02-01 23:15+01:00,
2026-02-01 23:30+01:00,49.627778
2026-02-01 23:45+01:00,55.510028
2026-02-02 00:00+01:00,51.540883
2026-02-02 00:15+01:00,52.409732
2026-02-02 00:30+01:00,50.872778
2026-02-02 00:45+01:00,50.833341
2026-02-02 01:00+01:00,47.691720
2026-02-02 01:15+01:00,
2026-02-02 01:30+01:00,47.892985
2026-02-02 01:45+01:00,49.673828
2026-02-02 02:00+01:00,46.401152
2026-02-02 02:15+01:00,52.879964
2026-02-02 02:30+01:00,
2026-02-02 02:45+01:00,48.540246
2026-02-02 03:00+01:00,50.610633
2026-02-02 03:15+01:00,
2026-02-02 03:30+01:00,
2026-02-02 03:45+01:00,
2026-02-02 04:00+01:00,
2026-02-02 04:15+01:00,
2026-02-02 04:30+01:00,
2026-02-02 04:45+01:00,
2026-02-02 05:00+01:00,
2026-02-02 05:15+01:00,
2026-02-02 05:30+01:00,
2026-02-02 05:45+01:00,
2026-02-02 06:00+01:00,
2026-02-02 06:15+01:00,
2026-02-02 06:30+01:00,
2026-02-02 06:45+01:00,
2026-02-02 07:00+01:00,
2026-02-02 07:15+01:00,
2026-02-02 07:30+01:00,
2026-02-02 07:45+01:00,
2026-02-02 08:00+01:00,
2026-02-02 08:15+01:00,
2026-02-02 08:30+01:00,
2026-02-02 08:45+01:00,
2026-02-02 09:00+01:00,
2026-02-02 09:15+01:00,2.054288
2026-02-02 09:30+01:00,2.193281
2026-02-02 09:45+01:00,0.000000
2026-02-02 10:00+01:00,1.650083
2026-02-02 10:15+01:00,3.340666
2026-02-02 10:30+01:00,3.060924
2026-02-02 10:45+01:00,34.668017
2026-02-02 11:00+01:00,0.000000
2026-02-02 11:15+01:00,2.143973
2026-02-02 11:30+01:00,1.902526
2026-02-02 11:45+01:00,38.287286
2026-02-02 12:00+01:00,3.356258
2026-02-02 12:15+01:00,36.407127
2026-02-02 12:30+01:00,34.788681
2026-02-02 12:45+01:00,3.079546
2026-02-02 13:00+01:00,1.433608
2026-02-02 13:15+01:00,33.619992
2026-02-02 13:30+01:00,33.922689
2026-02-02 13:45+01:00,3.183401
2026-02-02 14:00+01:00,2.275507
2026-02-02 14:15+01:00,37.057451
2026-02-02 14:30+01:00,3.280043
2026-02-02 14:45+01:00,2.568934
2026-02-02 15:00+01:00,
2026-02-02 15:15+01:00,34.096419
2026-02-02 15:30+01:00,2.697796
2026-02-02 15:45+01:00,2.734103
2026-02-02 16:00+01:00,36.329186
2026-02-02 16:15+01:00,3.103941
2026-02-02 16:30+01:00,32.063534
2026-02-02 16:45+01:00,1.942212
2026-02-02 17:00+01:00,36.672431
2026-02-02 17:15+01:00,2.910391
2026-02-02 17:30+01:00,2.259301
2026-02-02 17:45+01:00,34.379713
2026-02-02 18:00+01:00,37.393491
2026-02-02 18:15+01:00,36.288372
2026-02-02 18:30+01:00,2.662143
2026-02-02 18:45+01:00,35.340845
2026-02-02 19:00+01:00,51.819491
2026-02-02 19:15+01:00,
2026-02-02 19:30+01:00,53.029013
2026-02-02 19:45+01:00,56.540929
2026-02-02 20:00+01:00,50.352388
2026-02-02 20:15+01:00,48.502771
2026-02-02 20:30+01:00,51.359070
2026-02-02 20:45+01:00,51.469268
2026-02-02 21:00+01:00,50.184580
2026-02-02 21:15+01:00,47.552800
2026-02-02 21:30+01:00,
2026-02-02 21:45+01:00,51.008416
2026-02-02 22:00+01:00,50.718677
2026-02-02 22:15+01:00,49.289046
2026-02-02 22:30+01:00,51.120074
2026-02-02 22:45+01:00,51.138436
2026-02-02 23:00+01:00,50.513239
2026-02-02 23:15+01:00,
2026-02-02 23:30+01:00,52.746877
2026-02-02 23:45+01:00,52.770872
2026-02-03 00:00+01:00,52.386609
2026-02-03 00:15+01:00,52.947538
2026-02-03 00:30+01:00,51.934741
2026-02-03 00:45+01:00,49.057891
2026-02-03 01:00+01:00,49.445317
2026-02-03 01:15+01:00,49.793555
2026-02-03 01:30+01:00,53.580793
2026-02-03 01:45+01:00,50.861560
2026-02-03 02:00+01:00,
2026-02-03 02:15+01:00,53.643504
2026-02-03 02:30+01:00,52.430417
2026-02-03 02:45+01:00,48.832241
2026-02-03 03:00+01:00,51.945006
2026-02-03 03:15+01:00,46.103011
2026-02-03 03:30+01:00,54.787684
2026-02-03 03:45+01:00,51.352383
2026-02-03 04:00+01:00,50.214776
2026-02-03 04:15+01:00,50.876063
2026-02-03 04:30+01:00,48.397157
2026-02-03 04:45+01:00,53.996083
2026-02-03 05:00+01:00,51.566580
2026-02-03 05:15+01:00,
2026-02-03 05:30+01:00,49.512495
2026-02-03 05:45+01:00,57.545515
2026-02-03 06:00+01:00,2.378307
2026-02-03 06:15+01:00,2.654977
2026-02-03 06:30+01:00,2.727041
2026-02-03 06:45+01:00,2.336987
2026-02-03 07:00+01:00,2.814757
2026-02-03 07:15+01:00,
2026-02-03 07:30+01:00,2.316341
2026-02-03 07:45+01:00,2.565022
2026-02-03 08:00+01:00,0.000000
2026-02-03 08:15+01:00,31.317282
2026-02-03 08:30+01:00,3.617909
2026-02-03 08:45+01:00,3.653331
2026-02-03 09:00+01:00,2.087552
2026-02-03 09:15+01:00,33.445612
2026-02-03 09:30+01:00,0.000000
2026-02-03 09:45+01:00,3.510138
2026-02-03 10:00+01:00,0.000000
2026-02-03 10:15+01:00,2.557168
2026-02-03 10:30+01:00,0.000000
2026-02-03 10:45+01:00,0.000000
2026-02-03 11:00+01:00,35.954209
2026-02-03 11:15+01:00,32.436791
2026-02-03 11:30+01:00,2.430917
2026-02-03 11:45+01:00,2.748907
2026-02-03 12:00+01:00,36.501556
2026-02-03 12:15+01:00,2.401714
2026-02-03 12:30+01:00,2.353219
2026-02-03 12:45+01:00,3.385960
2026-02-03 13:00+01:00,3.142503
2026-02-03 13:15+01:00,2.789481
2026-02-03 13:30+01:00,3.628140
2026-02-03 13:45+01:00,2.990294
2026-02-03 14:00+01:00,3.135697
2026-02-03 14:15+01:00,2.469381
2026-02-03 14:30+01:00,3.771668
2026-02-03 14:45+01:00,31.995075
2026-02-03 15:00+01:00,35.706857
2026-02-03 15:15+01:00,2.394811
2026-02-03 15:30+01:00,35.390396
2026-02-03 15:45+01:00,33.654616
2026-02-03 16:00+01:00,3.397444
2026-02-03 16:15+01:00,36.817867
2026-02-03 16:30+01:00,2.227360
2026-02-03 16:45+01:00,36.387614
2026-02-03 17:00+01:00,3.211719
2026-02-03 17:15+01:00,34.888908
2026-02-03 17:30+01:00,2.638167
2026-02-03 17:45+01:00,33.848962
2026-02-03 18:00+01:00,2.465952
2026-02-03 18:15+01:00,35.830802
2026-02-03 18:30+01:00,33.856318
2026-02-03 18:45+01:00,35.677548
2026-02-03 19:00+01:00,51.293868
2026-02-03 19:15+01:00,50.913969
2026-02-03 19:30+01:00,
2026-02-03 19:45+01:00,52.255329
2026-02-03 20:00+01:00,52.808287
2026-02-03 20:15+01:00,57.055629
2026-02-03 20:30+01:00,50.372046
2026-02-03 20:45+01:00,51.886086
2026-02-03 21:00+01:00,52.308310
2026-02-03 21:15+01:00,
2026-02-03 21:30+01:00,
2026-02-03 21:45+01:00,
2026-02-03 22:00+01:00,53.314462
2026-02-03 22:15+01:00,50.037586
2026-02-03 22:30+01:00,46.686864
2026-02-03 22:45+01:00,47.586294
2026-02-03 23:00+01:00,51.133733
2026-02-03 23:15+01:00,49.095341
2026-02-03 23:30+01:00,53.310343
2026-02-03 23:45+01:00,46.543195
2026-02-04 00:00+01:00,51.575949
2026-02-04 00:15+01:00,51.991457
2026-02-04 00:30+01:00,52.667032
2026-02-04 00:45+01:00,52.188331
2026-02-04 01:00+01:00,50.619460
2026-02-04 01:15+01:00,48.848468
2026-02-04 01:30+01:00,54.887029
2026-02-04 01:45+01:00,
2026-02-04 02:00+01:00,
2026-02-04 02:15+01:00,47.250299
2026-02-04 02:30+01:00,46.638616
2026-02-04 02:45+01:00,54.855293
2026-02-04 03:00+01:00,55.027168
2026-02-04 03:15+01:00,52.470742
2026-02-04 03:30+01:00,49.568536
2026-02-04 03:45+01:00,53.135096
2026-02-04 04:00+01:00,48.020016
2026-02-04 04:15+01:00,50.399252
2026-02-04 04:30+01:00,50.721084
2026-02-04 04:45+01:00,55.954031
2026-02-04 05:00+01:00,49.089552
2026-02-04 05:15+01:00,55.912281
2026-02-04 05:30+01:00,53.037449
2026-02-04 05:45+01:00,52.279406
2026-02-04 06:00+01:00,2.440492
2026-02-04 06:15+01:00,0.000000
2026-02-04 06:30+01:00,2.623431
2026-02-04 06:45+01:00,35.646005
2026-02-04 07:00+01:00,0.000000
2026-02-04 07:15+01:00,35.872571
2026-02-04 07:30+01:00,3.009784
2026-02-04 07:45+01:00,3.186425
2026-02-04 08:00+01:00,37.148201
2026-02-04 08:15+01:00,33.914750
2026-02-04 08:30+01:00,35.162489
2026-02-04 08:45+01:00,35.509173
2026-02-04 09:00+01:00,2.631192
2026-02-04 09:15+01:00,0.000000
2026-02-04 09:30+01:00,38.998224
2026-02-04 09:45+01:00,34.611230
2026-02-04 10:00+01:00,2.574950
2026-02-04 10:15+01:00,2.355733
2026-02-04 10:30+01:00,
2026-02-04 10:45+01:00,35.980517
2026-02-04 11:00+01:00,2.395632
2026-02-04 11:15+01:00,2.472429
2026-02-04 11:30+01:00,2.843914
2026-02-04 11:45+01:00,3.124300
2026-02-04 12:00+01:00,1.950423
2026-02-04 12:15+01:00,35.711643
2026-02-04 12:30+01:00,3.088086
2026-02-04 12:45+01:00,2.411826
2026-02-04 13:00+01:00,
2026-02-04 13:15+01:00,0.000000
2026-02-04 13:30+01:00,33.592278
2026-02-04 13:45+01:00,37.649039
2026-02-04 14:00+01:00,36.384771
2026-02-04 14:15+01:00,2.742280
2026-02-04 14:30+01:00,33.558129
2026-02-04 14:45+01:00,2.997794
2026-02-04 15:00+01:00,2.514524
2026-02-04 15:15+01:00,32.993030
2026-02-04 15:30+01:00,35.729315
2026-02-04 15:45+01:00,2.861910
2026-02-04 16:00+01:00,3.095151
2026-02-04 16:15+01:00,38.410981
2026-02-04 16:30+01:00,2.184333
2026-02-04 16:45+01:00,2.247295
2026-02-04 17:00+01:00,2.565823
2026-02-04 17:15+01:00,36.300352
2026-02-04 17:30+01:00,168.828358
2026-02-04 17:45+01:00,1.827935
2026-02-04 18:00+01:00,35.540657
2026-02-04 18:15+01:00,34.493985
2026-02-04 18:30+01:00,3.233537
2026-02-04 18:45+01:00,
2026-02-04 19:00+01:00,52.247334
2026-02-04 19:15+01:00,52.105482
2026-02-04 19:30+01:00,48.197873
2026-02-04 19:45+01:00,47.187827
2026-02-04 20:00+01:00,56.768270
2026-02-04 20:15+01:00,50.037465
2026-02-04 20:30+01:00,52.141341
2026-02-04 20:45+01:00,54.329096
2026-02-04 21:00+01:00,50.636570
2026-02-04 21:15+01:00,47.779186
2026-02-04 21:30+01:00,52.363541
2026-02-04 21:45+01:00,50.314334
2026-02-04 22:00+01:00,52.716046
2026-02-04 22:15+01:00,46.429142
2026-02-04 22:30+01:00,55.501433
2026-02-04 22:45+01:00,52.523934
2026-02-04 23:00+01:00,54.084414
2026-02-04 23:15+01:00,52.346778
2026-02-04 23:30+01:00,52.802945
2026-02-04 23:45+01:00,52.718706
2026-02-05 00:00+01:00,47.682953
2026-02-05 00:15+01:00,49.390666
2026-02-05 00:30+01:00,49.094511
2026-02-05 00:45+01:00,47.572218
2026-02-05 01:00+01:00,54.987309
2026-02-05 01:15+01:00,52.437708
2026-02-05 01:30+01:00,50.758261
2026-02-05 01:45+01:00,56.120788
2026-02-05 02:00+01:00,49.651938
2026-02-05 02:15+01:00,51.754578
2026-02-05 02:30+01:00,51.202554
2026-02-05 02:45+01:00,53.803848
2026-02-05 03:00+01:00,50.319658
2026-02-05 03:15+01:00,50.912330
2026-02-05 03:30+01:00,
2026-02-05 03:45+01:00,51.402196
2026-02-05 04:00+01:00,49.714058
2026-02-05 04:15+01:00,51.716861
2026-02-05 04:30+01:00,45.636838
2026-02-05 04:45+01:00,49.569357
2026-02-05 05:00+01:00,
2026-02-05 05:15+01:00,49.104478
2026-02-05 05:30+01:00,49.537948
2026-02-05 05:45+01:00,54.836643
2026-02-05 06:00+01:00,3.129490
2026-02-05 06:15+01:00,2.306553
2026-02-05 06:30+01:00,31.716856
2026-02-05 06:45+01:00,2.634482
2026-02-05 07:00+01:00,3.320668
2026-02-05 07:15+01:00,34.465936
2026-02-05 07:30+01:00,34.490604
2026-02-05 07:45+01:00,35.230450
2026-02-05 08:00+01:00,35.907021
2026-02-05 08:15+01:00,3.152421
2026-02-05 08:30+01:00,2.422013
2026-02-05 08:45+01:00,2.791663
2026-02-05 09:00+01:00,35.790631
2026-02-05 09:15+01:00,37.294068
2026-02-05 09:30+01:00,
2026-02-05 09:45+01:00,34.135900
2026-02-05 10:00+01:00,
2026-02-05 10:15+01:00,36.930507
2026-02-05 10:30+01:00,2.762913
2026-02-05 10:45+01:00,3.304335
2026-02-05 11:00+01:00,
2026-02-05 11:15+01:00,36.338013
2026-02-05 11:30+01:00,36.418405
2026-02-05 11:45+01:00,2.806080
2026-02-05 12:00+01:00,2.264882
2026-02-05 12:15+01:00,34.941154
2026-02-05 12:30+01:00,2.846478
2026-02-05 12:45+01:00,33.963483
2026-02-05 13:00+01:00,35.110729
2026-02-05 13:15+01:00,2.540757
2026-02-05 13:30+01:00,33.104635
2026-02-05 13:45+01:00,37.059346
2026-02-05 14:00+01:00,36.608401
2026-02-05 14:15+01:00,
2026-02-05 14:30+01:00,2.118835
2026-02-05 14:45+01:00,2.092287
2026-02-05 15:00+01:00,1.457545
2026-02-05 15:15+01:00,35.676150
2026-02-05 15:30+01:00,33.636300
2026-02-05 15:45+01:00,
2026-02-05 16:00+01:00,2.152632
2026-02-05 16:15+01:00,35.296347
2026-02-05 16:30+01:00,2.615642
2026-02-05 16:45+01:00,2.352749
2026-02-05 17:00+01:00,37.385250
2026-02-05 17:15+01:00,0.000000
2026-02-05 17:30+01:00,36.372178
2026-02-05 17:45+01:00,2.541394
2026-02-05 18:00+01:00,2.851510
2026-02-05 18:15+01:00,2.370832
2026-02-05 18:30+01:00,38.272217
2026-02-05 18:45+01:00,32.962623
2026-02-05 19:00+01:00,53.997299
2026-02-05 19:15+01:00,51.332135
2026-02-05 19:30+01:00,48.583774
2026-02-05 19:45+01:00,49.818870
2026-02-05 20:00+01:00,51.007578
2026-02-05 20:15+01:00,50.590266
2026-02-05 20:30+01:00,
2026-02-05 20:45+01:00,47.237791
2026-02-05 21:00+01:00,
2026-02-05 21:15+01:00,
2026-02-05 21:30+01:00,
2026-02-05 21:45+01:00,54.710328
2026-02-05 22:00+01:00,51.935619
2026-02-05 22:15+01:00,58.167418
2026-02-05 22:30+01:00,49.660000
2026-02-05 22:45+01:00,56.597424
2026-02-05 23:00+01:00,52.071052
2026-02-05 23:15+01:00,51.315593
2026-02-05 23:30+01:00,44.759715
2026-02-05 23:45+01:00,52.070265
2026-02-06 00:00+01:00,45.988433
2026-02-06 00:15+01:00,51.584629
2026-02-06 00:30+01:00,49.838114
2026-02-06 00:45+01:00,53.426626
2026-02-06 01:00+01:00,52.805531
2026-02-06 01:15+01:00,53.542598
2026-02-06 01:30+01:00,53.890218
2026-02-06 01:45+01:00,47.205808
2026-02-06 02:00+01:00,51.357997
2026-02-06 02:15+01:00,
2026-02-06 02:30+01:00,
2026-02-06 02:45+01:00,48.627105
2026-02-06 03:00+01:00,50.223667
2026-02-06 03:15+01:00,53.080912
2026-02-06 03:30+01:00,54.242085
2026-02-06 03:45+01:00,50.465500
2026-02-06 04:00+01:00,51.830217
2026-02-06 04:15+01:00,48.116702
2026-02-06 04:30+01:00,46.656406
2026-02-06 04:45+01:00,53.152444
2026-02-06 05:00+01:00,49.146774
2026-02-06 05:15+01:00,49.341315
2026-02-06 05:30+01:00,
2026-02-06 05:45+01:00,56.041489
2026-02-06 06:00+01:00,2.800352
2026-02-06 06:15+01:00,31.434007
2026-02-06 06:30+01:00,33.938425
2026-02-06 06:45+01:00,3.232872
2026-02-06 07:00+01:00,38.862475
2026-02-06 07:15+01:00,35.230598
2026-02-06 07:30+01:00,36.721525
2026-02-06 07:45+01:00,2.351618
2026-02-06 08:00+01:00,36.840631
2026-02-06 08:15+01:00,3.205582
2026-02-06 08:30+01:00,35.241054
2026-02-06 08:45+01:00,
2026-02-06 09:00+01:00,33.438919
2026-02-06 09:15+01:00,2.478463
2026-02-06 09:30+01:00,35.422522
2026-02-06 09:45+01:00,2.805204
2026-02-06 10:00+01:00,
2026-02-06 10:15+01:00,
2026-02-06 10:30+01:00,0.000000
2026-02-06 10:45+01:00,32.856334
2026-02-06 11:00+01:00,
2026-02-06 11:15+01:00,31.612429
2026-02-06 11:30+01:00,3.105148
2026-02-06 11:45+01:00,2.108428
2026-02-06 12:00+01:00,36.633486
2026-02-06 12:15+01:00,3.226809
2026-02-06 12:30+01:00,2.630963
2026-02-06 12:45+01:00,2.184509
2026-02-06 13:00+01:00,35.851709
2026-02-06 13:15+01:00,
2026-02-06 13:30+01:00,34.701662
2026-02-06 13:45+01:00,2.713879
2026-02-06 14:00+01:00,37.074623
2026-02-06 14:15+01:00,2.675744
2026-02-06 14:30+01:00,2.424529
2026-02-06 14:45+01:00,1.711129
2026-02-06 15:00+01:00,2.674918
2026-02-06 15:15+01:00,35.698568
2026-02-06 15:30+01:00,
2026-02-06 15:45+01:00,2.336344
2026-02-06 16:00+01:00,2.769121
2026-02-06 16:15+01:00,2.381586
2026-02-06 16:30+01:00,32.169703
2026-02-06 16:45+01:00,34.188591
2026-02-06 17:00+01:00,2.159904
2026-02-06 17:15+01:00,1.853194
2026-02-06 17:30+01:00,2.101365
2026-02-06 17:45+01:00,1.862796
2026-02-06 18:00+01:00,32.868099
2026-02-06 18:15+01:00,2.461267
2026-02-06 18:30+01:00,2.664992
2026-02-06 18:45+01:00,4.137194
2026-02-06 19:00+01:00,48.060141
2026-02-06 19:15+01:00,53.027145
2026-02-06 19:30+01:00,50.557428
2026-02-06 19:45+01:00,51.412003
2026-02-06 20:00+01:00,50.748400
2026-02-06 20:15+01:00,49.040491
2026-02-06 20:30+01:00,50.549463
2026-02-06 20:45+01:00,47.187753
2026-02-06 21:00+01:00,51.188879
2026-02-06 21:15+01:00,50.175011
2026-02-06 21:30+01:00,53.345060
2026-02-06 21:45+01:00,50.531272
2026-02-06 22:00+01:00,55.472879
2026-02-06 22:15+01:00,51.221018
2026-02-06 22:30+01:00,49.451971
2026-02-06 22:45+01:00,48.269881
2026-02-06 23:00+01:00,48.898915
2026-02-06 23:15+01:00,44.664089
2026-02-06 23:30+01:00,56.841406
2026-02-06 23:45+01:00,50.731253
2026-02-07 00:00+01:00,45.023797
2026-02-07 00:15+01:00,52.692093
2026-02-07 00:30+01:00,48.784329
2026-02-07 00:45+01:00,53.308376
2026-02-07 01:00+01:00,51.926319
2026-02-07 01:15+01:00,49.144164
2026-02-07 01:30+01:00,48.164429
2026-02-07 01:45+01:00,
2026-02-07 02:00+01:00,52.659387
2026-02-07 02:15+01:00,
2026-02-07 02:30+01:00,47.367542
2026-02-07 02:45+01:00,51.713126
2026-02-07 03:00+01:00,52.247582
2026-02-07 03:15+01:00,51.686277
2026-02-07 03:30+01:00,52.260756
2026-02-07 03:45+01:00,50.457012
2026-02-07 04:00+01:00,53.277980
2026-02-07 04:15+01:00,51.181738
2026-02-07 04:30+01:00,49.425806
2026-02-07 04:45+01:00,51.082897
2026-02-07 05:00+01:00,50.767163
2026-02-07 05:15+01:00,53.306439
2026-02-07 05:30+01:00,53.114125
2026-02-07 05:45+01:00,52.002707
2026-02-07 06:00+01:00,3.101149
2026-02-07 06:15+01:00,0.000000
2026-02-07 06:30+01:00,2.853965
2026-02-07 06:45+01:00,2.499179
2026-02-07 07:00+01:00,2.355449
2026-02-07 07:15+01:00,3.258736
2026-02-07 07:30+01:00,3.255474
2026-02-07 07:45+01:00,0.000000
2026-02-07 08:00+01:00,1.749027
2026-02-07 08:15+01:00,1.432662
2026-02-07 08:30+01:00,2.542142
2026-02-07 08:45+01:00,2.107706
2026-02-07 09:00+01:00,2.725926
2026-02-07 09:15+01:00,2.706261
2026-02-07 09:30+01:00,3.036626
2026-02-07 09:45+01:00,2.118014
2026-02-07 10:00+01:00,1.834646
2026-02-07 10:15+01:00,0.000000
2026-02-07 10:30+01:00,2.885296
2026-02-07 10:45+01:00,2.188492
2026-02-07 11:00+01:00,2.488620
2026-02-07 11:15+01:00,3.180911
2026-02-07 11:30+01:00,
2026-02-07 11:45+01:00,2.685228
2026-02-07 12:00+01:00,2.341115
2026-02-07 12:15+01:00,3.353454
2026-02-07 12:30+01:00,
2026-02-07 12:45+01:00,2.970723
2026-02-07 13:00+01:00,2.939165
2026-02-07 13:15+01:00,2.644534
2026-02-07 13:30+01:00,2.337600
2026-02-07 13:45+01:00,1.781652
2026-02-07 14:00+01:00,3.572089
2026-02-07 14:15+01:00,2.746604
2026-02-07 14:30+01:00,3.288267
2026-02-07 14:45+01:00,2.441684
2026-02-07 15:00+01:00,2.677231
2026-02-07 15:15+01:00,3.595977
2026-02-07 15:30+01:00,
2026-02-07 15:45+01:00,2.589724
2026-02-07 16:00+01:00,2.721244
2026-02-07 16:15+01:00,2.883759
2026-02-07 16:30+01:00,2.213403
2026-02-07 16:45+01:00,1.728079
2026-02-07 17:00+01:00,1.859845
2026-02-07 17:15+01:00,2.656317
2026-02-07 17:30+01:00,2.505825
2026-02-07 17:45+01:00,3.204335
2026-02-07 18:00+01:00,3.390703
2026-02-07 18:15+01:00,2.634526
2026-02-07 18:30+01:00,2.738305
2026-02-07 18:45+01:00,2.839406
2026-02-07 19:00+01:00,49.477809
2026-02-07 19:15+01:00,47.967388
2026-02-07 19:30+01:00,51.364350
2026-02-07 19:45+01:00,53.794319
2026-02-07 20:00+01:00,54.011729
2026-02-07 20:15+01:00,51.407912
2026-02-07 20:30+01:00,52.018580
2026-02-07 20:45+01:00,52.980393
2026-02-07 21:00+01:00,53.367084
2026-02-07 21:15+01:00,47.999128
2026-02-07 21:30+01:00,48.211959
2026-02-07 21:45+01:00,50.919029
2026-02-07 22:00+01:00,54.097920
2026-02-07 22:15+01:00,54.175530
2026-02-07 22:30+01:00,
2026-02-07 22:45+01:00,50.700300
2026-02-07 23:00+01:00,50.626638
2026-02-07 23:15+01:00,54.066231
2026-02-07 23:30+01:00,50.406468
2026-02-07 23:45+01:00,49.822954
2026-02-08 00:00+01:00,55.136757
2026-02-08 00:15+01:00,53.517761
2026-02-08 00:30+01:00,52.078646
2026-02-08 00:45+01:00,48.500480
2026-02-08 01:00+01:00,51.931515
2026-02-08 01:15+01:00,52.775539
2026-02-08 01:30+01:00,55.407880
2026-02-08 01:45+01:00,53.917094
2026-02-08 02:00+01:00,56.169032
2026-02-08 02:15+01:00,49.595185
2026-02-08 02:30+01:00,54.638352
2026-02-08 02:45+01:00,49.529430
2026-02-08 03:00+01:00,51.022946
2026-02-08 03:15+01:00,52.495495
2026-02-08 03:30+01:00,
2026-02-08 03:45+01:00,49.625623
2026-02-08 04:00+01:00,51.203489
2026-02-08 04:15+01:00,45.894596
2026-02-08 04:30+01:00,51.781327
2026-02-08 04:45+01:00,48.735841
2026-02-08 05:00+01:00,52.693336
2026-02-08 05:15+01:00,53.553259
2026-02-08 05:30+01:00,52.589339
2026-02-08 05:45+01:00,50.844996
2026-02-08 06:00+01:00,3.442175
2026-02-08 06:15+01:00,2.285596
2026-02-08 06:30+01:00,2.222937
2026-02-08 06:45+01:00,2.548663
2026-02-08 07:00+01:00,2.399786
2026-02-08 07:15+01:00,2.778504
2026-02-08 07:30+01:00,0.000000
2026-02-08 07:45+01:00,
2026-02-08 08:00+01:00,1.928671
2026-02-08 08:15+01:00,2.766238
2026-02-08 08:30+01:00,2.431801
2026-02-08 08:45+01:00,0.000000
2026-02-08 09:00+01:00,3.032414
2026-02-08 09:15+01:00,0.000000
2026-02-08 09:30+01:00,2.686682
2026-02-08 09:45+01:00,2.595793
2026-02-08 10:00+01:00,2.319642
2026-02-08 10:15+01:00,2.995361
2026-02-08 10:30+01:00,2.556593
2026-02-08 10:45+01:00,3.528261
2026-02-08 11:00+01:00,3.073298
2026-02-08 11:15+01:00,2.615144
2026-02-08 11:30+01:00,2.953741
2026-02-08 11:45+01:00,2.503773
2026-02-08 12:00+01:00,1.864819
2026-02-08 12:15+01:00,2.714311
2026-02-08 12:30+01:00,3.601053
2026-02-08 12:45+01:00,2.266794
2026-02-08 13:00+01:00,2.741171
2026-02-08 13:15+01:00,2.442191
2026-02-08 13:30+01:00,3.154624
2026-02-08 13:45+01:00,
2026-02-08 14:00+01:00,2.479152
2026-02-08 14:15+01:00,2.590744
2026-02-08 14:30+01:00,2.937606
2026-02-08 14:45+01:00,3.194703
2026-02-08 15:00+01:00,2.655274
2026-02-08 15:15+01:00,2.642964
2026-02-08 15:30+01:00,2.858433
2026-02-08 15:45+01:00,2.499148
2026-02-08 16:00+01:00,2.166170
2026-02-08 16:15+01:00,2.952232
2026-02-08 16:30+01:00,3.529606
2026-02-08 16:45+01:00,2.656178
2026-02-08 17:00+01:00,2.867348
2026-02-08 17:15+01:00,0.000000
2026-02-08 17:30+01:00,2.772646
2026-02-08 17:45+01:00,0.000000
2026-02-08 18:00+01:00,1.672675
2026-02-08 18:15+01:00,2.965013
2026-02-08 18:30+01:00,2.034341
2026-02-08 18:45+01:00,2.792500
2026-02-08 19:00+01:00,48.234829
2026-02-08 19:15+01:00,55.213714
2026-02-08 19:30+01:00,50.651925
2026-02-08 19:45+01:00,52.983835
2026-02-08 20:00+01:00,46.366164
2026-02-08 20:15+01:00,53.914943
2026-02-08 20:30+01:00,55.611740
2026-02-08 20:45+01:00,54.315276
2026-02-08 21:00+01:00,52.332384
2026-02-08 21:15+01:00,54.565356
2026-02-08 21:30+01:00,51.464567
2026-02-08 21:45+01:00,50.611522
2026-02-08 22:00+01:00,55.417656
2026-02-08 22:15+01:00,50.161865
2026-02-08 22:30+01:00,46.026463
2026-02-08 22:45+01:00,47.531959
2026-02-08 23:00+01:00,49.633183
2026-02-08 23:15+01:00,49.419911
2026-02-08 23:30+01:00,49.240093
2026-02-08 23:45+01:00,50.768680
2026-02-09 00:00+01:00,49.249379
2026-02-09 00:15+01:00,49.546099
2026-02-09 00:30+01:00,49.409258
2026-02-09 00:45+01:00,49.867579
2026-02-09 01:00+01:00,53.368447
2026-02-09 01:15+01:00,47.310103
2026-02-09 01:30+01:00,55.854371
2026-02-09 01:45+01:00,48.229600
2026-02-09 02:00+01:00,51.041294
2026-02-09 02:15+01:00,49.914158
2026-02-09 02:30+01:00,49.889911
2026-02-09 02:45+01:00,56.300051
2026-02-09 03:00+01:00,47.965777
2026-02-09 03:15+01:00,52.379285
2026-02-09 03:30+01:00,47.628385
2026-02-09 03:45+01:00,54.914221
2026-02-09 04:00+01:00,
2026-02-09 04:15+01:00,50.387536
2026-02-09 04:30+01:00,50.082636
2026-02-09 04:45+01:00,52.813140
2026-02-09 05:00+01:00,51.158514
2026-02-09 05:15+01:00,50.728644
2026-02-09 05:30+01:00,50.309667
2026-02-09 05:45+01:00,50.330589
2026-02-09 06:00+01:00,1.858604
2026-02-09 06:15+01:00,31.802070
2026-02-09 06:30+01:00,2.636265
2026-02-09 06:45+01:00,36.344115
2026-02-09 07:00+01:00,2.320144
2026-02-09 07:15+01:00,34.548322
2026-02-09 07:30+01:00,39.790896
2026-02-09 07:45+01:00,34.365356
2026-02-09 08:00+01:00,2.174473
2026-02-09 08:15+01:00,
2026-02-09 08:30+01:00,3.455223
2026-02-09 08:45+01:00,1.958317
2026-02-09 09:00+01:00,2.546329
2026-02-09 09:15+01:00,2.949199
2026-02-09 09:30+01:00,0.000000
2026-02-09 09:45+01:00,2.852412
2026-02-09 10:00+01:00,34.238431
2026-02-09 10:15+01:00,2.751776
2026-02-09 10:30+01:00,34.420332
2026-02-09 10:45+01:00,37.059004
2026-02-09 11:00+01:00,2.392191
2026-02-09 11:15+01:00,2.822326
2026-02-09 11:30+01:00,2.614530
2026-02-09 11:45+01:00,2.764773
2026-02-09 12:00+01:00,
2026-02-09 12:15+01:00,35.655974
2026-02-09 12:30+01:00,
2026-02-09 12:45+01:00,2.579210
2026-02-09 13:00+01:00,0.000000
2026-02-09 13:15+01:00,3.757604
2026-02-09 13:30+01:00,2.809466
2026-02-09 13:45+01:00,33.773164
2026-02-09 14:00+01:00,
2026-02-09 14:15+01:00,
2026-02-09 14:30+01:00,3.035093
2026-02-09 14:45+01:00,2.538249
2026-02-09 15:00+01:00,2.129984
2026-02-09 15:15+01:00,2.237545
2026-02-09 15:30+01:00,3.089993
2026-02-09 15:45+01:00,
2026-02-09 16:00+01:00,36.740400
2026-02-09 16:15+01:00,35.005683
2026-02-09 16:30+01:00,36.125750
2026-02-09 16:45+01:00,3.292947
2026-02-09 17:00+01:00,2.410358
2026-02-09 17:15+01:00,2.470033
2026-02-09 17:30+01:00,2.342808
2026-02-09 17:45+01:00,
2026-02-09 18:00+01:00,34.582299
2026-02-09 18:15+01:00,35.379278
2026-02-09 18:30+01:00,2.683222
2026-02-09 18:45+01:00,2.756287
2026-02-09 19:00+01:00,52.815607
2026-02-09 19:15+01:00,49.536356
2026-02-09 19:30+01:00,49.506807
2026-02-09 19:45+01:00,53.988762
2026-02-09 20:00+01:00,50.808882
2026-02-09 20:15+01:00,51.377914
2026-02-09 20:30+01:00,52.306467
2026-02-09 20:45+01:00,52.403723
2026-02-09 21:00+01:00,51.727558
2026-02-09 21:15+01:00,52.396064
2026-02-09 21:30+01:00,45.972626
2026-02-09 21:45+01:00,50.135856
2026-02-09 22:00+01:00,50.080929
2026-02-09 22:15+01:00,48.155278
2026-02-09 22:30+01:00,47.067126
2026-02-09 22:45+01:00,47.677263
2026-02-09 23:00+01:00,52.262354
2026-02-09 23:15+01:00,50.963637
2026-02-09 23:30+01:00,55.228301
2026-02-09 23:45+01:00,50.894858
2026-02-10 00:00+01:00,52.279118
2026-02-10 00:15+01:00,50.107261
2026-02-10 00:30+01:00,49.251925
2026-02-10 00:45+01:00,50.755962
2026-02-10 01:00+01:00,53.591255
2026-02-10 01:15+01:00,54.221184
2026-02-10 01:30+01:00,51.637736
2026-02-10 01:45+01:00,50.591704
2026-02-10 02:00+01:00,47.163361
2026-02-10 02:15+01:00,52.141646
2026-02-10 02:30+01:00,50.597837
2026-02-10 02:45+01:00,49.178419
2026-02-10 03:00+01:00,51.860313
2026-02-10 03:15+01:00,47.750045
2026-02-10 03:30+01:00,48.676795
2026-02-10 03:45+01:00,49.177083
2026-02-10 04:00+01:00,50.026583
2026-02-10 04:15+01:00,49.737078
2026-02-10 04:30+01:00,49.764066
2026-02-10 04:45+01:00,55.068622
2026-02-10 05:00+01:00,49.361950
2026-02-10 05:15+01:00,47.979426
2026-02-10 05:30+01:00,51.174948
2026-02-10 05:45+01:00,47.948578
2026-02-10 06:00+01:00,
2026-02-10 06:15+01:00,0.000000
2026-02-10 06:30+01:00,2.720226
2026-02-10 06:45+01:00,
2026-02-10 07:00+01:00,2.104902
2026-02-10 07:15+01:00,3.508957
2026-02-10 07:30+01:00,2.595063
2026-02-10 07:45+01:00,34.985088
2026-02-10 08:00+01:00,36.992254
2026-02-10 08:15+01:00,38.379953
2026-02-10 08:30+01:00,31.969681
2026-02-10 08:45+01:00,0.000000
2026-02-10 09:00+01:00,34.551103
2026-02-10 09:15+01:00,1.513825
2026-02-10 09:30+01:00,0.000000
2026-02-10 09:45+01:00,2.557735
2026-02-10 10:00+01:00,34.797485
2026-02-10 10:15+01:00,2.593409
2026-02-10 10:30+01:00,1.893780
2026-02-10 10:45+01:00,37.529509
2026-02-10 11:00+01:00,0.000000
2026-02-10 11:15+01:00,33.607089
2026-02-10 11:30+01:00,2.140317
2026-02-10 11:45+01:00,35.637992
2026-02-10 12:00+01:00,38.425104
2026-02-10 12:15+01:00,1.926819
2026-02-10 12:30+01:00,2.826158
2026-02-10 12:45+01:00,3.162379
2026-02-10 13:00+01:00,2.307913
2026-02-10 13:15+01:00,
2026-02-10 13:30+01:00,36.969127
2026-02-10 13:45+01:00,1.812301
2026-02-10 14:00+01:00,37.053482
2026-02-10 14:15+01:00,2.853055
2026-02-10 14:30+01:00,2.633824
2026-02-10 14:45+01:00,35.512677
2026-02-10 15:00+01:00,2.378007
2026-02-10 15:15+01:00,3.823178
2026-02-10 15:30+01:00,2.786023
2026-02-10 15:45+01:00,2.454768
2026-02-10 16:00+01:00,2.660188
2026-02-10 16:15+01:00,0.000000
2026-02-10 16:30+01:00,38.309151
2026-02-10 16:45+01:00,35.996599
2026-02-10 17:00+01:00,
2026-02-10 17:15+01:00,2.905878
2026-02-10 17:30+01:00,2.851542
2026-02-10 17:45+01:00,3.020232
2026-02-10 18:00+01:00,0.000000
2026-02-10 18:15+01:00,
2026-02-10 18:30+01:00,0.000000
2026-02-10 18:45+01:00,3.507610
2026-02-10 19:00+01:00,54.033969
2026-02-10 19:15+01:00,52.275809
2026-02-10 19:30+01:00,49.242863
2026-02-10 19:45+01:00,46.480523
2026-02-10 20:00+01:00,57.427902
2026-02-10 20:15+01:00,50.038018
2026-02-10 20:30+01:00,47.789756
2026-02-10 20:45+01:00,51.633530
2026-02-10 21:00+01:00,51.476420
2026-02-10 21:15+01:00,46.887725
2026-02-10 21:30+01:00,47.153678
2026-02-10 21:45+01:00,50.853097
2026-02-10 22:00+01:00,50.617399
2026-02-10 22:15+01:00,52.546237
2026-02-10 22:30+01:00,48.248646
2026-02-10 22:45+01:00,49.100034
2026-02-10 23:00+01:00,54.778189
2026-02-10 23:15+01:00,48.316664
2026-02-10 23:30+01:00,51.767428
2026-02-10 23:45+01:00,50.478075
2026-02-11 00:00+01:00,
2026-02-11 00:15+01:00,
2026-02-11 00:30+01:00,51.948696
2026-02-11 00:45+01:00,48.988499
2026-02-11 01:00+01:00,45.670967
2026-02-11 01:15+01:00,51.341275
2026-02-11 01:30+01:00,49.247275
2026-02-11 01:45+01:00,52.206326
2026-02-11 02:00+01:00,50.595278
2026-02-11 02:15+01:00,
2026-02-11 02:30+01:00,50.860983
2026-02-11 02:45+01:00,52.911926
2026-02-11 03:00+01:00,52.859245
2026-02-11 03:15+01:00,47.124518
2026-02-11 03:30+01:00,52.569162
2026-02-11 03:45+01:00,50.162295
2026-02-11 04:00+01:00,47.727826
2026-02-11 04:15+01:00,51.354182
2026-02-11 04:30+01:00,50.350338
2026-02-11 04:45+01:00,51.196021
2026-02-11 05:00+01:00,54.195153
2026-02-11 05:15+01:00,50.890326
2026-02-11 05:30+01:00,52.350912
2026-02-11 05:45+01:00,50.617588
2026-02-11 06:00+01:00,2.505403
2026-02-11 06:15+01:00,2.707825
2026-02-11 06:30+01:00,36.842445
2026-02-11 06:45+01:00,2.618802
2026-02-11 07:00+01:00,34.513411
2026-02-11 07:15+01:00,34.912333
2026-02-11 07:30+01:00,34.311638
2026-02-11 07:45+01:00,2.267238
2026-02-11 08:00+01:00,3.915444
2026-02-11 08:15+01:00,2.646068
2026-02-11 08:30+01:00,0.000000
2026-02-11 08:45+01:00,35.931796
2026-02-11 09:00+01:00,
2026-02-11 09:15+01:00,31.711999
2026-02-11 09:30+01:00,2.624422
2026-02-11 09:45+01:00,2.446324
2026-02-11 10:00+01:00,2.123990
2026-02-11 10:15+01:00,2.424988
2026-02-11 10:30+01:00,35.219813
2026-02-11 10:45+01:00,34.224890
2026-02-11 11:00+01:00,2.338581
2026-02-11 11:15+01:00,2.167606
2026-02-11 11:30+01:00,
2026-02-11 11:45+01:00,2.354603
2026-02-11 12:00+01:00,
2026-02-11 12:15+01:00,3.534446
2026-02-11 12:30+01:00,2.003147
2026-02-11 12:45+01:00,35.311520
2026-02-11 13:00+01:00,34.221124
2026-02-11 13:15+01:00,2.383222
2026-02-11 13:30+01:00,2.692201
2026-02-11 13:45+01:00,
2026-02-11 14:00+01:00,34.566166
2026-02-11 14:15+01:00,2.830743
2026-02-11 14:30+01:00,3.183292
2026-02-11 14:45+01:00,
2026-02-11 15:00+01:00,
2026-02-11 15:15+01:00,34.592177
2026-02-11 15:30+01:00,2.363004
2026-02-11 15:45+01:00,2.386883
2026-02-11 16:00+01:00,2.719517
2026-02-11 16:15+01:00,37.007544
2026-02-11 16:30+01:00,1.955745
2026-02-11 16:45+01:00,33.648946
2026-02-11 17:00+01:00,2.573987
2026-02-11 17:15+01:00,
2026-02-11 17:30+01:00,2.187277
2026-02-11 17:45+01:00,37.319245
2026-02-11 18:00+01:00,2.303456
2026-02-11 18:15+01:00,33.361852
2026-02-11 18:30+01:00,33.336596
2026-02-11 18:45+01:00,2.550684
2026-02-11 19:00+01:00,50.412672
2026-02-11 19:15+01:00,54.451917
2026-02-11 19:30+01:00,50.436174
2026-02-11 19:45+01:00,53.614238
2026-02-11 20:00+01:00,47.336862
2026-02-11 20:15+01:00,43.533253
2026-02-11 20:30+01:00,51.930760
2026-02-11 20:45+01:00,47.635165
2026-02-11 21:00+01:00,49.987723
2026-02-11 21:15+01:00,53.909183
2026-02-11 21:30+01:00,48.048136
2026-02-11 21:45+01:00,50.169669
2026-02-11 22:00+01:00,49.132420
2026-02-11 22:15+01:00,52.591996
2026-02-11 22:30+01:00,49.034649
2026-02-11 22:45+01:00,49.531861
2026-02-11 23:00+01:00,
2026-02-11 23:15+01:00,52.795580
2026-02-11 23:30+01:00,52.218031
2026-02-11 23:45+01:00,50.014424
2026-02-12 00:00+01:00,54.595843
2026-02-12 00:15+01:00,53.496584
2026-02-12 00:30+01:00,47.831432
2026-02-12 00:45+01:00,44.418796
2026-02-12 01:00+01:00,51.594310
2026-02-12 01:15+01:00,47.904698
2026-02-12 01:30+01:00,
2026-02-12 01:45+01:00,48.543413
2026-02-12 02:00+01:00,51.413042
2026-02-12 02:15+01:00,51.446744
2026-02-12 02:30+01:00,49.347342
2026-02-12 02:45+01:00,47.046908
2026-02-12 03:00+01:00,50.640317
2026-02-12 03:15+01:00,55.346293
2026-02-12 03:30+01:00,53.010113
2026-02-12 03:45+01:00,51.468762
2026-02-12 04:00+01:00,51.414005
2026-02-12 04:15+01:00,48.838151
2026-02-12 04:30+01:00,51.208675
2026-02-12 04:45+01:00,54.614905
2026-02-12 05:00+01:00,51.851046
2026-02-12 05:15+01:00,50.624745
2026-02-12 05:30+01:00,51.229981
2026-02-12 05:45+01:00,47.721740
2026-02-12 06:00+01:00,3.218287
2026-02-12 06:15+01:00,
2026-02-12 06:30+01:00,2.251922
2026-02-12 06:45+01:00,3.230776
2026-02-12 07:00+01:00,2.308191
2026-02-12 07:15+01:00,2.156699
2026-02-12 07:30+01:00,2.589350
2026-02-12 07:45+01:00,35.544728
2026-02-12 08:00+01:00,
2026-02-12 08:15+01:00,33.549352
2026-02-12 08:30+01:00,35.828394
2026-02-12 08:45+01:00,
2026-02-12 09:00+01:00,1.790097
2026-02-12 09:15+01:00,32.821677
2026-02-12 09:30+01:00,3.303317
2026-02-12 09:45+01:00,33.608964
2026-02-12 10:00+01:00,1.990129
2026-02-12 10:15+01:00,2.690536
2026-02-12 10:30+01:00,35.292153
2026-02-12 10:45+01:00,3.154779
2026-02-12 11:00+01:00,2.102195
2026-02-12 11:15+01:00,2.404260
2026-02-12 11:30+01:00,2.952354
2026-02-12 11:45+01:00,2.782194
2026-02-12 12:00+01:00,3.458395
2026-02-12 12:15+01:00,0.000000
2026-02-12 12:30+01:00,35.228491
2026-02-12 12:45+01:00,3.290891
2026-02-12 13:00+01:00,0.000000
2026-02-12 13:15+01:00,2.706825
2026-02-12 13:30+01:00,29.517399
2026-02-12 13:45+01:00,34.811319
2026-02-12 14:00+01:00,2.230510
2026-02-12 14:15+01:00,2.850103
2026-02-12 14:30+01:00,32.133263
2026-02-12 14:45+01:00,
2026-02-12 15:00+01:00,
2026-02-12 15:15+01:00,1.629782
2026-02-12 15:30+01:00,35.742211
2026-02-12 15:45+01:00,0.000000
2026-02-12 16:00+01:00,2.367220
2026-02-12 16:15+01:00,32.520734
2026-02-12 16:30+01:00,36.199271
2026-02-12 16:45+01:00,2.840330
2026-02-12 17:00+01:00,37.459797
2026-02-12 17:15+01:00,34.228379
2026-02-12 17:30+01:00,33.592144
2026-02-12 17:45+01:00,2.210677
2026-02-12 18:00+01:00,35.916735
2026-02-12 18:15+01:00,36.124973
2026-02-12 18:30+01:00,2.177758
2026-02-12 18:45+01:00,2.784146
2026-02-12 19:00+01:00,52.808441
2026-02-12 19:15+01:00,52.064750
2026-02-12 19:30+01:00,55.707702
2026-02-12 19:45+01:00,52.323510
2026-02-12 20:00+01:00,51.520695
2026-02-12 20:15+01:00,49.487130
2026-02-12 20:30+01:00,50.827118
2026-02-12 20:45+01:00,50.598887
2026-02-12 21:00+01:00,48.952921
2026-02-12 21:15+01:00,48.621004
2026-02-12 21:30+01:00,49.288979
2026-02-12 21:45+01:00,51.499662
2026-02-12 22:00+01:00,54.161539
2026-02-12 22:15+01:00,50.213198
2026-02-12 22:30+01:00,49.273106
2026-02-12 22:45+01:00,48.621214
2026-02-12 23:00+01:00,51.743263
2026-02-12 23:15+01:00,57.267959
2026-02-12 23:30+01:00,51.548991
2026-02-12 23:45+01:00,52.687260
2026-02-13 00:00+01:00,55.423408
2026-02-13 00:15+01:00,
2026-02-13 00:30+01:00,51.859237
2026-02-13 00:45+01:00,55.437987
2026-02-13 01:00+01:00,53.080870
2026-02-13 01:15+01:00,54.562491
2026-02-13 01:30+01:00,52.378144
2026-02-13 01:45+01:00,56.294697
2026-02-13 02:00+01:00,50.706646
2026-02-13 02:15+01:00,55.763859
2026-02-13 02:30+01:00,51.944256
2026-02-13 02:45+01:00,53.905731
2026-02-13 03:00+01:00,50.335799
2026-02-13 03:15+01:00,48.410114
2026-02-13 03:30+01:00,48.798854
2026-02-13 03:45+01:00,54.410458
2026-02-13 04:00+01:00,48.608519
2026-02-13 04:15+01:00,49.924902
2026-02-13 04:30+01:00,46.977824
2026-02-13 04:45+01:00,48.162343
2026-02-13 05:00+01:00,51.150064
2026-02-13 05:15+01:00,54.372298
2026-02-13 05:30+01:00,46.768100
2026-02-13 05:45+01:00,51.239025
2026-02-13 06:00+01:00,3.011455
2026-02-13 06:15+01:00,
2026-02-13 06:30+01:00,2.047040
2026-02-13 06:45+01:00,33.551641
2026-02-13 07:00+01:00,2.268129
2026-02-13 07:15+01:00,36.119727
2026-02-13 07:30+01:00,31.975723
2026-02-13 07:45+01:00,
2026-02-13 08:00+01:00,31.076174
2026-02-13 08:15+01:00,34.467816
2026-02-13 08:30+01:00,2.302100
2026-02-13 08:45+01:00,
2026-02-13 09:00+01:00,33.544034
2026-02-13 09:15+01:00,34.120391
2026-02-13 09:30+01:00,2.879267
2026-02-13 09:45+01:00,3.169600
2026-02-13 10:00+01:00,2.384950
2026-02-13 10:15+01:00,38.904727
2026-02-13 10:30+01:00,2.700084
2026-02-13 10:45+01:00,34.328553
2026-02-13 11:00+01:00,33.504817
2026-02-13 11:15+01:00,2.642394
2026-02-13 11:30+01:00,2.769478
2026-02-13 11:45+01:00,3.255404
2026-02-13 12:00+01:00,35.165934
2026-02-13 12:15+01:00,
2026-02-13 12:30+01:00,1.601185
2026-02-13 12:45+01:00,2.617508
2026-02-13 13:00+01:00,3.073246
2026-02-13 13:15+01:00,2.701492
2026-02-13 13:30+01:00,35.234404
2026-02-13 13:45+01:00,2.805416
2026-02-13 14:00+01:00,3.220175
2026-02-13 14:15+01:00,2.112376
2026-02-13 14:30+01:00,33.905272
2026-02-13 14:45+01:00,
2026-02-13 15:00+01:00,
2026-02-13 15:15+01:00,36.283327
2026-02-13 15:30+01:00,30.709929
2026-02-13 15:45+01:00,34.976940
2026-02-13 16:00+01:00,2.771402
2026-02-13 16:15+01:00,2.859077
2026-02-13 16:30+01:00,2.481465
2026-02-13 16:45+01:00,2.818902
2026-02-13 17:00+01:00,36.491845
2026-02-13 17:15+01:00,
2026-02-13 17:30+01:00,32.771784
2026-02-13 17:45+01:00,7.817873
2026-02-13 18:00+01:00,2.301549
2026-02-13 18:15+01:00,2.997129
2026-02-13 18:30+01:00,34.246006
2026-02-13 18:45+01:00,2.730025
2026-02-13 19:00+01:00,54.327818
2026-02-13 19:15+01:00,50.473617
2026-02-13 19:30+01:00,48.829184
2026-02-13 19:45+01:00,50.723786
2026-02-13 20:00+01:00,51.667225
2026-02-13 20:15+01:00,51.228603
2026-02-13 20:30+01:00,54.917912
2026-02-13 20:45+01:00,47.575045
2026-02-13 21:00+01:00,48.942720
2026-02-13 21:15+01:00,
2026-02-13 21:30+01:00,49.836714
2026-02-13 21:45+01:00,49.103486
2026-02-13 22:00+01:00,57.503006
2026-02-13 22:15+01:00,51.711462
2026-02-13 22:30+01:00,50.894318
2026-02-13 22:45+01:00,50.665601
2026-02-13 23:00+01:00,53.042132
2026-02-13 23:15+01:00,49.146579
2026-02-13 23:30+01:00,50.654059
2026-02-13 23:45+01:00,51.886322
2026-02-14 00:00+01:00,53.028200
2026-02-14 00:15+01:00,53.960846
2026-02-14 00:30+01:00,49.256596
2026-02-14 00:45+01:00,49.268654
2026-02-14 01:00+01:00,47.635629
2026-02-14 01:15+01:00,48.125583
2026-02-14 01:30+01:00,52.127272
2026-02-14 01:45+01:00,51.158893
2026-02-14 02:00+01:00,53.073447
2026-02-14 02:15+01:00,51.931984
2026-02-14 02:30+01:00,50.975251
2026-02-14 02:45+01:00,50.335177
2026-02-14 03:00+01:00,51.983939
2026-02-14 03:15+01:00,53.817468
2026-02-14 03:30+01:00,48.559287
2026-02-14 03:45+01:00,50.488418
2026-02-14 04:00+01:00,48.282689
2026-02-14 04:15+01:00,57.020302
2026-02-14 04:30+01:00,53.153188
2026-02-14 04:45+01:00,
2026-02-14 05:00+01:00,45.934810
2026-02-14 05:15+01:00,
2026-02-14 05:30+01:00,54.410026
2026-02-14 05:45+01:00,51.313109
2026-02-14 06:00+01:00,2.473637
2026-02-14 06:15+01:00,2.735077
2026-02-14 06:30+01:00,0.000000
2026-02-14 06:45+01:00,1.987143
2026-02-14 07:00+01:00,2.119945
2026-02-14 07:15+01:00,1.804566
2026-02-14 07:30+01:00,2.779239
2026-02-14 07:45+01:00,2.622837
2026-02-14 08:00+01:00,0.000000
2026-02-14 08:15+01:00,3.601435
2026-02-14 08:30+01:00,2.099580
2026-02-14 08:45+01:00,3.437542
2026-02-14 09:00+01:00,2.383227
2026-02-14 09:15+01:00,2.708832
2026-02-14 09:30+01:00,2.780484
2026-02-14 09:45+01:00,2.924970
2026-02-14 10:00+01:00,2.583790
2026-02-14 10:15+01:00,1.762749
2026-02-14 10:30+01:00,3.014037
2026-02-14 10:45+01:00,3.187447
2026-02-14 11:00+01:00,1.895178
2026-02-14 11:15+01:00,3.202837
2026-02-14 11:30+01:00,2.809711
2026-02-14 11:45+01:00,2.685127
2026-02-14 12:00+01:00,2.744507
2026-02-14 12:15+01:00,2.230698
2026-02-14 12:30+01:00,1.766462
2026-02-14 12:45+01:00,2.108413
2026-02-14 13:00+01:00,0.000000
2026-02-14 13:15+01:00,
2026-02-14 13:30+01:00,2.599152
2026-02-14 13:45+01:00,1.935772
2026-02-14 14:00+01:00,2.858157
2026-02-14 14:15+01:00,2.421899
2026-02-14 14:30+01:00,2.208649
2026-02-14 14:45+01:00,3.889864
2026-02-14 15:00+01:00,2.902081
2026-02-14 15:15+01:00,3.455232
2026-02-14 15:30+01:00,2.524142
2026-02-14 15:45+01:00,2.584643
2026-02-14 16:00+01:00,1.686325
2026-02-14 16:15+01:00,2.493918
2026-02-14 16:30+01:00,0.000000
2026-02-14 16:45+01:00,
2026-02-14 17:00+01:00,2.299418
2026-02-14 17:15+01:00,2.618665
2026-02-14 17:30+01:00,2.334617
2026-02-14 17:45+01:00,2.299250
2026-02-14 18:00+01:00,
2026-02-14 18:15+01:00,2.127923
2026-02-14 18:30+01:00,3.145893
2026-02-14 18:45+01:00,3.427134
2026-02-14 19:00+01:00,52.823376
2026-02-14 19:15+01:00,55.984919
2026-02-14 19:30+01:00,57.298816
2026-02-14 19:45+01:00,50.333804
2026-02-14 20:00+01:00,50.320158
2026-02-14 20:15+01:00,51.268245
2026-02-14 20:30+01:00,46.810966
2026-02-14 20:45+01:00,
2026-02-14 21:00+01:00,52.172604
2026-02-14 21:15+01:00,
2026-02-14 21:30+01:00,
2026-02-14 21:45+01:00,47.461896
2026-02-14 22:00+01:00,50.146340
2026-02-14 22:15+01:00,51.056265
2026-02-14 22:30+01:00,
2026-02-14 22:45+01:00,50.246991
2026-02-14 23:00+01:00,47.075787
2026-02-14 23:15+01:00,47.348026
2026-02-14 23:30+01:00,54.925521
2026-02-14 23:45+01:00,50.499314
2026-02-15 00:00+01:00,51.010186
2026-02-15 00:15+01:00,48.943823
2026-02-15 00:30+01:00,54.353655
2026-02-15 00:45+01:00,51.555648
2026-02-15 01:00+01:00,51.835494
2026-02-15 01:15+01:00,
2026-02-15 01:30+01:00,53.802738
2026-02-15 01:45+01:00,53.107825
2026-02-15 02:00+01:00,
2026-02-15 02:15+01:00,52.848541
2026-02-15 02:30+01:00,53.892228
2026-02-15 02:45+01:00,51.230903
2026-02-15 03:00+01:00,57.458812
2026-02-15 03:15+01:00,55.207362
2026-02-15 03:30+01:00,54.336842
2026-02-15 03:45+01:00,47.342083
2026-02-15 04:00+01:00,52.339972
2026-02-15 04:15+01:00,50.048963
2026-02-15 04:30+01:00,45.233062
2026-02-15 04:45+01:00,
2026-02-15 05:00+01:00,53.523312
2026-02-15 05:15+01:00,53.766084
2026-02-15 05:30+01:00,52.481656
2026-02-15 05:45+01:00,49.903753
2026-02-15 06:00+01:00,2.635359
2026-02-15 06:15+01:00,2.989296
2026-02-15 06:30+01:00,2.052568
2026-02-15 06:45+01:00,3.397548
2026-02-15 07:00+01:00,2.126706
2026-02-15 07:15+01:00,3.060196
2026-02-15 07:30+01:00,3.673138
2026-02-15 07:45+01:00,2.435680
2026-02-15 08:00+01:00,1.782303
2026-02-15 08:15+01:00,2.158362
2026-02-15 08:30+01:00,2.879311
2026-02-15 08:45+01:00,2.093351
2026-02-15 09:00+01:00,2.486170
2026-02-15 09:15+01:00,3.165785
2026-02-15 09:30+01:00,2.982462
2026-02-15 09:45+01:00,2.824044
2026-02-15 10:00+01:00,2.793854
2026-02-15 10:15+01:00,
2026-02-15 10:30+01:00,2.234428
2026-02-15 10:45+01:00,2.916508
2026-02-15 11:00+01:00,1.957808
2026-02-15 11:15+01:00,2.868354
2026-02-15 11:30+01:00,3.162791
2026-02-15 11:45+01:00,1.716867
2026-02-15 12:00+01:00,2.387638
2026-02-15 12:15+01:00,
2026-02-15 12:30+01:00,
2026-02-15 12:45+01:00,2.083394
2026-02-15 13:00+01:00,2.834875
2026-02-15 13:15+01:00,1.916630
2026-02-15 13:30+01:00,2.593262
2026-02-15 13:45+01:00,3.066758
2026-02-15 14:00+01:00,2.838434
2026-02-15 14:15+01:00,2.768006
2026-02-15 14:30+01:00,2.688145
2026-02-15 14:45+01:00,2.719666
2026-02-15 15:00+01:00,3.292805
2026-02-15 15:15+01:00,
2026-02-15 15:30+01:00,2.764296
2026-02-15 15:45+01:00,2.826612
2026-02-15 16:00+01:00,2.016392
2026-02-15 16:15+01:00,2.908687
2026-02-15 16:30+01:00,3.110294
2026-02-15 16:45+01:00,3.403824
2026-02-15 17:00+01:00,1.956636
2026-02-15 17:15+01:00,2.872201
2026-02-15 17:30+01:00,2.978298
2026-02-15 17:45+01:00,0.000000
2026-02-15 18:00+01:00,2.110048
2026-02-15 18:15+01:00,2.349427
2026-02-15 18:30+01:00,1.555669
2026-02-15 18:45+01:00,3.071440
2026-02-15 19:00+01:00,50.620781
2026-02-15 19:15+01:00,50.427763
2026-02-15 19:30+01:00,53.453337
2026-02-15 19:45+01:00,54.891353
2026-02-15 20:00+01:00,52.945352
2026-02-15 20:15+01:00,49.777398
2026-02-15 20:30+01:00,
2026-02-15 20:45+01:00,
2026-02-15 21:00+01:00,51.893120
2026-02-15 21:15+01:00,50.985342
2026-02-15 21:30+01:00,48.261648
2026-02-15 21:45+01:00,51.454920
2026-02-15 22:00+01:00,52.220224
2026-02-15 22:15+01:00,48.676832
2026-02-15 22:30+01:00,56.010982
2026-02-15 22:45+01:00,52.159992
2026-02-15 23:00+01:00,50.987529
2026-02-15 23:15+01:00,51.782134
2026-02-15 23:30+01:00,50.285979
2026-02-15 23:45+01:00,49.051471
2026-02-16 00:00+01:00,52.274043
2026-02-16 00:15+01:00,50.321423
2026-02-16 00:30+01:00,48.094011
2026-02-16 00:45+01:00,
2026-02-16 01:00+01:00,49.258345
2026-02-16 01:15+01:00,51.309287
2026-02-16 01:30+01:00,50.467532
2026-02-16 01:45+01:00,48.600737
2026-02-16 02:00+01:00,52.659308
2026-02-16 02:15+01:00,54.374421
2026-02-16 02:30+01:00,53.427378
2026-02-16 02:45+01:00,52.196810
2026-02-16 03:00+01:00,46.013047
2026-02-16 03:15+01:00,52.781160
2026-02-16 03:30+01:00,52.682482
2026-02-16 03:45+01:00,50.925297
2026-02-16 04:00+01:00,53.491280
2026-02-16 04:15+01:00,55.516105
2026-02-16 04:30+01:00,48.243118
2026-02-16 04:45+01:00,50.223877
2026-02-16 05:00+01:00,43.808099
2026-02-16 05:15+01:00,48.617041
2026-02-16 05:30+01:00,
2026-02-16 05:45+01:00,
2026-02-16 06:00+01:00,2.679764
2026-02-16 06:15+01:00,37.254150
2026-02-16 06:30+01:00,3.042647
2026-02-16 06:45+01:00,34.515606
2026-02-16 07:00+01:00,3.072158
2026-02-16 07:15+01:00,34.408605
2026-02-16 07:30+01:00,31.054808
2026-02-16 07:45+01:00,1.992783
2026-02-16 08:00+01:00,2.845545
2026-02-16 08:15+01:00,
2026-02-16 08:30+01:00,37.979632
2026-02-16 08:45+01:00,2.574925
2026-02-16 09:00+01:00,37.171938
2026-02-16 09:15+01:00,2.604462
2026-02-16 09:30+01:00,2.341599
2026-02-16 09:45+01:00,2.692468
2026-02-16 10:00+01:00,2.548748
2026-02-16 10:15+01:00,35.838323
2026-02-16 10:30+01:00,36.529244
2026-02-16 10:45+01:00,2.638879
2026-02-16 11:00+01:00,1.708010
2026-02-16 11:15+01:00,2.286533
2026-02-16 11:30+01:00,2.188579
2026-02-16 11:45+01:00,33.756312
2026-02-16 12:00+01:00,34.985469
2026-02-16 12:15+01:00,30.981603
2026-02-16 12:30+01:00,2.431170
2026-02-16 12:45+01:00,
2026-02-16 13:00+01:00,2.389177
2026-02-16 13:15+01:00,36.659192
2026-02-16 13:30+01:00,36.776865
2026-02-16 13:45+01:00,2.558201
2026-02-16 14:00+01:00,34.953467
2026-02-16 14:15+01:00,3.530909
2026-02-16 14:30+01:00,32.729668
2026-02-16 14:45+01:00,2.586057
2026-02-16 15:00+01:00,35.499830
2026-02-16 15:15+01:00,34.324893
2026-02-16 15:30+01:00,36.817303
2026-02-16 15:45+01:00,2.861994
2026-02-16 16:00+01:00,33.904608
2026-02-16 16:15+01:00,35.365807
2026-02-16 16:30+01:00,2.639763
2026-02-16 16:45+01:00,3.206282
2026-02-16 17:00+01:00,2.859590
2026-02-16 17:15+01:00,2.202352
2026-02-16 17:30+01:00,33.866900
2026-02-16 17:45+01:00,3.533495
2026-02-16 18:00+01:00,34.530283
2026-02-16 18:15+01:00,2.518117
2026-02-16 18:30+01:00,
2026-02-16 18:45+01:00,32.463118
2026-02-16 19:00+01:00,52.801561
2026-02-16 19:15+01:00,52.486700
2026-02-16 19:30+01:00,50.399270
2026-02-16 19:45+01:00,54.897510
2026-02-16 20:00+01:00,49.252969
2026-02-16 20:15+01:00,48.827247
2026-02-16 20:30+01:00,55.460718
2026-02-16 20:45+01:00,49.864509
2026-02-16 21:00+01:00,52.995354
2026-02-16 21:15+01:00,51.565450
2026-02-16 21:30+01:00,53.432324
2026-02-16 21:45+01:00,51.812047
2026-02-16 22:00+01:00,54.124638
2026-02-16 22:15+01:00,49.163019
2026-02-16 22:30+01:00,50.538080
2026-02-16 22:45+01:00,52.727458
2026-02-16 23:00+01:00,44.634313
2026-02-16 23:15+01:00,50.471237
2026-02-16 23:30+01:00,47.428788
2026-02-16 23:45+01:00,47.997154
2026-02-17 00:00+01:00,53.936515
2026-02-17 00:15+01:00,47.374821
2026-02-17 00:30+01:00,53.696914
2026-02-17 00:45+01:00,52.311688
2026-02-17 01:00+01:00,51.474063
2026-02-17 01:15+01:00,44.733729
2026-02-17 01:30+01:00,50.071286
2026-02-17 01:45+01:00,52.950189
2026-02-17 02:00+01:00,51.879891
2026-02-17 02:15+01:00,52.060208
2026-02-17 02:30+01:00,51.804566
2026-02-17 02:45+01:00,
2026-02-17 03:00+01:00,47.911225
2026-02-17 03:15+01:00,47.751410
2026-02-17 03:30+01:00,51.357497
2026-02-17 03:45+01:00,52.005266
2026-02-17 04:00+01:00,48.891752
2026-02-17 04:15+01:00,
2026-02-17 04:30+01:00,54.385453
2026-02-17 04:45+01:00,48.487339
2026-02-17 05:00+01:00,51.839242
2026-02-17 05:15+01:00,
2026-02-17 05:30+01:00,51.988703
2026-02-17 05:45+01:00,48.949724
2026-02-17 06:00+01:00,2.765307
2026-02-17 06:15+01:00,0.000000
2026-02-17 06:30+01:00,35.152274
2026-02-17 06:45+01:00,2.274753
2026-02-17 07:00+01:00,37.033318
2026-02-17 07:15+01:00,36.639268
2026-02-17 07:30+01:00,2.288111
2026-02-17 07:45+01:00,2.928765
2026-02-17 08:00+01:00,
2026-02-17 08:15+01:00,35.231418
2026-02-17 08:30+01:00,36.253158
2026-02-17 08:45+01:00,0.000000
2026-02-17 09:00+01:00,2.616567
2026-02-17 09:15+01:00,2.321326
2026-02-17 09:30+01:00,3.111105
2026-02-17 09:45+01:00,2.474592
2026-02-17 10:00+01:00,2.846328
2026-02-17 10:15+01:00,2.375361
2026-02-17 10:30+01:00,3.078337
2026-02-17 10:45+01:00,34.494586
2026-02-17 11:00+01:00,2.394919
2026-02-17 11:15+01:00,34.700071
2026-02-17 11:30+01:00,2.441331
2026-02-17 11:45+01:00,2.145594
2026-02-17 12:00+01:00,33.648801
2026-02-17 12:15+01:00,34.581362
2026-02-17 12:30+01:00,3.633289
2026-02-17 12:45+01:00,33.792658
2026-02-17 13:00+01:00,
2026-02-17 13:15+01:00,36.935654
2026-02-17 13:30+01:00,3.031261
2026-02-17 13:45+01:00,36.005422
2026-02-17 14:00+01:00,38.775752
2026-02-17 14:15+01:00,35.853860
2026-02-17 14:30+01:00,37.251197
2026-02-17 14:45+01:00,35.407129
2026-02-17 15:00+01:00,35.887772
2026-02-17 15:15+01:00,31.715777
2026-02-17 15:30+01:00,2.468987
2026-02-17 15:45+01:00,2.320213
2026-02-17 16:00+01:00,3.289125
2026-02-17 16:15+01:00,
2026-02-17 16:30+01:00,1.791289
2026-02-17 16:45+01:00,
2026-02-17 17:00+01:00,
2026-02-17 17:15+01:00,2.691062
2026-02-17 17:30+01:00,2.538799
2026-02-17 17:45+01:00,1.695770
2026-02-17 18:00+01:00,33.107148
2026-02-17 18:15+01:00,3.219382
2026-02-17 18:30+01:00,2.542293
2026-02-17 18:45+01:00,38.306533
2026-02-17 19:00+01:00,49.490389
2026-02-17 19:15+01:00,47.495294
2026-02-17 19:30+01:00,53.585001
2026-02-17 19:45+01:00,52.183716
2026-02-17 20:00+01:00,51.824556
2026-02-17 20:15+01:00,54.815010
2026-02-17 20:30+01:00,51.509312
2026-02-17 20:45+01:00,49.347490
2026-02-17 21:00+01:00,
2026-02-17 21:15+01:00,54.885711
2026-02-17 21:30+01:00,49.368415
2026-02-17 21:45+01:00,49.461589
2026-02-17 22:00+01:00,51.729339
2026-02-17 22:15+01:00,
2026-02-17 22:30+01:00,54.331764
2026-02-17 22:45+01:00,53.179265
2026-02-17 23:00+01:00,53.372826
2026-02-17 23:15+01:00,51.705025
2026-02-17 23:30+01:00,52.009954
2026-02-17 23:45+01:00,50.893389
2026-02-18 00:00+01:00,49.169130
2026-02-18 00:15+01:00,51.934529
2026-02-18 00:30+01:00,49.974377
2026-02-18 00:45+01:00,48.929431
2026-02-18 01:00+01:00,
2026-02-18 01:15+01:00,53.420435
2026-02-18 01:30+01:00,54.126878
2026-02-18 01:45+01:00,51.385331
2026-02-18 02:00+01:00,51.752628
2026-02-18 02:15+01:00,54.498124
2026-02-18 02:30+01:00,52.262390
2026-02-18 02:45+01:00,49.140484
2026-02-18 03:00+01:00,50.972250
2026-02-18 03:15+01:00,55.442736
2026-02-18 03:30+01:00,50.671350
2026-02-18 03:45+01:00,49.051666
2026-02-18 04:00+01:00,48.272454
2026-02-18 04:15+01:00,55.268657
2026-02-18 04:30+01:00,
2026-02-18 04:45+01:00,46.603886
2026-02-18 05:00+01:00,55.938885
2026-02-18 05:15+01:00,53.740970
2026-02-18 05:30+01:00,56.966939
2026-02-18 05:45+01:00,51.223977
2026-02-18 06:00+01:00,35.421550
2026-02-18 06:15+01:00,38.626046
2026-02-18 06:30+01:00,2.234190
2026-02-18 06:45+01:00,2.841383
2026-02-18 07:00+01:00,2.647373
2026-02-18 07:15+01:00,35.513034
2026-02-18 07:30+01:00,2.461097
2026-02-18 07:45+01:00,3.503274
2026-02-18 08:00+01:00,34.954172
2026-02-18 08:15+01:00,3.880379
2026-02-18 08:30+01:00,3.092882
2026-02-18 08:45+01:00,36.637110
2026-02-18 09:00+01:00,32.714437
2026-02-18 09:15+01:00,2.651863
2026-02-18 09:30+01:00,35.973535
2026-02-18 09:45+01:00,0.000000
2026-02-18 10:00+01:00,33.756091
2026-02-18 10:15+01:00,33.282200
2026-02-18 10:30+01:00,1.852446
2026-02-18 10:45+01:00,2.990641
2026-02-18 11:00+01:00,2.326586
2026-02-18 11:15+01:00,33.317037
2026-02-18 11:30+01:00,34.306034
2026-02-18 11:45+01:00,2.817616
2026-02-18 12:00+01:00,32.659234
2026-02-18 12:15+01:00,37.856746
2026-02-18 12:30+01:00,2.540343
2026-02-18 12:45+01:00,35.600148
2026-02-18 13:00+01:00,34.191131
2026-02-18 13:15+01:00,2.468348
2026-02-18 13:30+01:00,33.261485
2026-02-18 13:45+01:00,
2026-02-18 14:00+01:00,3.202679
2026-02-18 14:15+01:00,3.108321
2026-02-18 14:30+01:00,34.269188
2026-02-18 14:45+01:00,2.648656
2026-02-18 15:00+01:00,1.755941
2026-02-18 15:15+01:00,3.027436
2026-02-18 15:30+01:00,34.946716
2026-02-18 15:45+01:00,2.844111
2026-02-18 16:00+01:00,0.000000
2026-02-18 16:15+01:00,
2026-02-18 16:30+01:00,2.254782
2026-02-18 16:45+01:00,2.407718
2026-02-18 17:00+01:00,3.024406
2026-02-18 17:15+01:00,31.751082
2026-02-18 17:30+01:00,36.123572
2026-02-18 17:45+01:00,
2026-02-18 18:00+01:00,2.460333
2026-02-18 18:15+01:00,38.093868
2026-02-18 18:30+01:00,2.400562
2026-02-18 18:45+01:00,3.026723
2026-02-18 19:00+01:00,52.386660
2026-02-18 19:15+01:00,57.907560
2026-02-18 19:30+01:00,
2026-02-18 19:45+01:00,52.618392
2026-02-18 20:00+01:00,53.427446
2026-02-18 20:15+01:00,45.579729
2026-02-18 20:30+01:00,51.649880
2026-02-18 20:45+01:00,51.816364
2026-02-18 21:00+01:00,
2026-02-18 21:15+01:00,52.719251
2026-02-18 21:30+01:00,53.938305
2026-02-18 21:45+01:00,45.604268
2026-02-18 22:00+01:00,47.756872
2026-02-18 22:15+01:00,52.004841
2026-02-18 22:30+01:00,50.464484
2026-02-18 22:45+01:00,49.196967
2026-02-18 23:00+01:00,
2026-02-18 23:15+01:00,49.823189
2026-02-18 23:30+01:00,53.566656
2026-02-18 23:45+01:00,50.240349
2026-02-19 00:00+01:00,51.667985
2026-02-19 00:15+01:00,54.187491
2026-02-19 00:30+01:00,53.606041
2026-02-19 00:45+01:00,55.786297
2026-02-19 01:00+01:00,49.257669
2026-02-19 01:15+01:00,51.952401
2026-02-19 01:30+01:00,49.934746
2026-02-19 01:45+01:00,
2026-02-19 02:00+01:00,46.390748
2026-02-19 02:15+01:00,
2026-02-19 02:30+01:00,52.183090
2026-02-19 02:45+01:00,53.780672
2026-02-19 03:00+01:00,51.440727
2026-02-19 03:15+01:00,53.256489
2026-02-19 03:30+01:00,53.351201
2026-02-19 03:45+01:00,51.876438
2026-02-19 04:00+01:00,51.675479
2026-02-19 04:15+01:00,53.514942
2026-02-19 04:30+01:00,47.789556
2026-02-19 04:45+01:00,
2026-02-19 05:00+01:00,49.006375
2026-02-19 05:15+01:00,53.199818
2026-02-19 05:30+01:00,45.086614
2026-02-19 05:45+01:00,49.981167
2026-02-19 06:00+01:00,36.502290
2026-02-19 06:15+01:00,1.960243
2026-02-19 06:30+01:00,0.000000
2026-02-19 06:45+01:00,2.700241
2026-02-19 07:00+01:00,36.520144
2026-02-19 07:15+01:00,34.000015
2026-02-19 07:30+01:00,1.908498
2026-02-19 07:45+01:00,2.354576
2026-02-19 08:00+01:00,37.248944
2026-02-19 08:15+01:00,2.900467
2026-02-19 08:30+01:00,
2026-02-19 08:45+01:00,38.397975
2026-02-19 09:00+01:00,0.000000
2026-02-19 09:15+01:00,
2026-02-19 09:30+01:00,2.467497
2026-02-19 09:45+01:00,32.883308
2026-02-19 10:00+01:00,3.402909
2026-02-19 10:15+01:00,
2026-02-19 10:30+01:00,1.017968
2026-02-19 10:45+01:00,3.178141
2026-02-19 11:00+01:00,2.326622
2026-02-19 11:15+01:00,2.156286
2026-02-19 11:30+01:00,36.544376
2026-02-19 11:45+01:00,2.839299
2026-02-19 12:00+01:00,34.621322
2026-02-19 12:15+01:00,38.690917
2026-02-19 12:30+01:00,33.346196
2026-02-19 12:45+01:00,3.023854
2026-02-19 13:00+01:00,2.879622
2026-02-19 13:15+01:00,0.000000
2026-02-19 13:30+01:00,0.000000
2026-02-19 13:45+01:00,32.427020
2026-02-19 14:00+01:00,1.232425
2026-02-19 14:15+01:00,33.786851
2026-02-19 14:30+01:00,2.049968
2026-02-19 14:45+01:00,36.836939
2026-02-19 15:00+01:00,1.782367
2026-02-19 15:15+01:00,2.678603
2026-02-19 15:30+01:00,2.292018
2026-02-19 15:45+01:00,2.615222
2026-02-19 16:00+01:00,3.592776
2026-02-19 16:15+01:00,37.369930
2026-02-19 16:30+01:00,36.614383
2026-02-19 16:45+01:00,3.828198
2026-02-19 17:00+01:00,2.579342
2026-02-19 17:15+01:00,35.128561
2026-02-19 17:30+01:00,34.160288
2026-02-19 17:45+01:00,2.955386
2026-02-19 18:00+01:00,2.234185
2026-02-19 18:15+01:00,35.479590
2026-02-19 18:30+01:00,33.489531
2026-02-19 18:45+01:00,40.769436
2026-02-19 19:00+01:00,51.625950
2026-02-19 19:15+01:00,53.919927
2026-02-19 19:30+01:00,53.822273
2026-02-19 19:45+01:00,51.055885
2026-02-19 20:00+01:00,443.204055
2026-02-19 20:15+01:00,457.949532
2026-02-19 20:30+01:00,51.034382
2026-02-19 20:45+01:00,51.829048
2026-02-19 21:00+01:00,52.403220
2026-02-19 21:15+01:00,54.609341
2026-02-19 21:30+01:00,47.722810
2026-02-19 21:45+01:00,49.931385
2026-02-19 22:00+01:00,49.778298
2026-02-19 22:15+01:00,50.894938
2026-02-19 22:30+01:00,
2026-02-19 22:45+01:00,51.628077
2026-02-19 23:00+01:00,51.999416
2026-02-19 23:15+01:00,55.640841
2026-02-19 23:30+01:00,55.179103
2026-02-19 23:45+01:00,51.776587
2026-02-20 00:00+01:00,50.359698
2026-02-20 00:15+01:00,45.355450
2026-02-20 00:30+01:00,51.281953
2026-02-20 00:45+01:00,48.911712
2026-02-20 01:00+01:00,52.262388
2026-02-20 01:15+01:00,48.982938
2026-02-20 01:30+01:00,54.230777
2026-02-20 01:45+01:00,53.658883
2026-02-20 02:00+01:00,51.943411
2026-02-20 02:15+01:00,50.428007
2026-02-20 02:30+01:00,53.644842
2026-02-20 02:45+01:00,50.948709
2026-02-20 03:00+01:00,53.412876
2026-02-20 03:15+01:00,48.611499
2026-02-20 03:30+01:00,52.132584
2026-02-20 03:45+01:00,50.643740
2026-02-20 04:00+01:00,48.242599
2026-02-20 04:15+01:00,49.607664
2026-02-20 04:30+01:00,50.614514
2026-02-20 04:45+01:00,
2026-02-20 05:00+01:00,47.122811
2026-02-20 05:15+01:00,52.214375
2026-02-20 05:30+01:00,
2026-02-20 05:45+01:00,49.320126
2026-02-20 06:00+01:00,2.782620
2026-02-20 06:15+01:00,2.336686
2026-02-20 06:30+01:00,33.829663
2026-02-20 06:45+01:00,2.857611
2026-02-20 07:00+01:00,3.000302
2026-02-20 07:15+01:00,2.272707
2026-02-20 07:30+01:00,
2026-02-20 07:45+01:00,2.176097
2026-02-20 08:00+01:00,2.818591
2026-02-20 08:15+01:00,2.184341
2026-02-20 08:30+01:00,0.000000
2026-02-20 08:45+01:00,2.799907
2026-02-20 09:00+01:00,3.209725
2026-02-20 09:15+01:00,32.292250
2026-02-20 09:30+01:00,36.385845
2026-02-20 09:45+01:00,37.212285
2026-02-20 10:00+01:00,3.159468
2026-02-20 10:15+01:00,2.665102
2026-02-20 10:30+01:00,36.416020
2026-02-20 10:45+01:00,32.948495
2026-02-20 11:00+01:00,2.646520
2026-02-20 11:15+01:00,36.111737
2026-02-20 11:30+01:00,2.387938
2026-02-20 11:45+01:00,35.203570
2026-02-20 12:00+01:00,
2026-02-20 12:15+01:00,39.285487
2026-02-20 12:30+01:00,39.052849
2026-02-20 12:45+01:00,36.970761
2026-02-20 13:00+01:00,35.239127
2026-02-20 13:15+01:00,33.666258
2026-02-20 13:30+01:00,36.969353
2026-02-20 13:45+01:00,3.279146
2026-02-20 14:00+01:00,
2026-02-20 14:15+01:00,2.995997
2026-02-20 14:30+01:00,2.606207
2026-02-20 14:45+01:00,36.987900
2026-02-20 15:00+01:00,34.852054
2026-02-20 15:15+01:00,32.572166
2026-02-20 15:30+01:00,36.110235
2026-02-20 15:45+01:00,2.637363
2026-02-20 16:00+01:00,3.264975
2026-02-20 16:15+01:00,38.264688
2026-02-20 16:30+01:00,34.413908
2026-02-20 16:45+01:00,35.955623
2026-02-20 17:00+01:00,33.278728
2026-02-20 17:15+01:00,35.492131
2026-02-20 17:30+01:00,
2026-02-20 17:45+01:00,2.505226
2026-02-20 18:00+01:00,35.749870
2026-02-20 18:15+01:00,34.984303
2026-02-20 18:30+01:00,34.875223
2026-02-20 18:45+01:00,34.647720
2026-02-20 19:00+01:00,50.281115
2026-02-20 19:15+01:00,51.491352
2026-02-20 19:30+01:00,50.382455
2026-02-20 19:45+01:00,50.557423
2026-02-20 20:00+01:00,47.987433
2026-02-20 20:15+01:00,50.462378
2026-02-20 20:30+01:00,54.868444
2026-02-20 20:45+01:00,53.368881
2026-02-20 21:00+01:00,51.412866
2026-02-20 21:15+01:00,48.403797
2026-02-20 21:30+01:00,51.674895
2026-02-20 21:45+01:00,50.752971
2026-02-20 22:00+01:00,
2026-02-20 22:15+01:00,55.820510
2026-02-20 22:30+01:00,53.257836
2026-02-20 22:45+01:00,53.342847
2026-02-20 23:00+01:00,49.722208
2026-02-20 23:15+01:00,49.203053
2026-02-20 23:30+01:00,48.345437
2026-02-20 23:45+01:00,50.957011
2026-02-21 00:00+01:00,51.056069
2026-02-21 00:15+01:00,50.376296
2026-02-21 00:30+01:00,49.377731
2026-02-21 00:45+01:00,
2026-02-21 01:00+01:00,51.355966
2026-02-21 01:15+01:00,51.879267
2026-02-21 01:30+01:00,56.891485
2026-02-21 01:45+01:00,52.898680
2026-02-21 02:00+01:00,
2026-02-21 02:15+01:00,49.526578
2026-02-21 02:30+01:00,51.866290
2026-02-21 02:45+01:00,51.479488
2026-02-21 03:00+01:00,
2026-02-21 03:15+01:00,
2026-02-21 03:30+01:00,
2026-02-21 03:45+01:00,
2026-02-21 04:00+01:00,
2026-02-21 04:15+01:00,
2026-02-21 04:30+01:00,
2026-02-21 04:45+01:00,
2026-02-21 05:00+01:00,
2026-02-21 05:15+01:00,
2026-02-21 05:30+01:00,
2026-02-21 05:45+01:00,
2026-02-21 06:00+01:00,
2026-02-21 06:15+01:00,
2026-02-21 06:30+01:00,
2026-02-21 06:45+01:00,
2026-02-21 07:00+01:00,
2026-02-21 07:15+01:00,
2026-02-21 07:30+01:00,
2026-02-21 07:45+01:00,
2026-02-21 08:00+01:00,2.985035
2026-02-21 08:15+01:00,0.000000
2026-02-21 08:30+01:00,2.136586
2026-02-21 08:45+01:00,2.504686
2026-02-21 09:00+01:00,2.926189
2026-02-21 09:15+01:00,2.725514
2026-02-21 09:30+01:00,3.353054
2026-02-21 09:45+01:00,2.505965
2026-02-21 10:00+01:00,1.816774
2026-02-21 10:15+01:00,1.994728
2026-02-21 10:30+01:00,2.677763
2026-02-21 10:45+01:00,3.105641
2026-02-21 11:00+01:00,3.566609
2026-02-21 11:15+01:00,3.343381
2026-02-21 11:30+01:00,2.329267
2026-02-21 11:45+01:00,2.993003
2026-02-21 12:00+01:00,2.625763
2026-02-21 12:15+01:00,3.351824
2026-02-21 12:30+01:00,2.806907
2026-02-21 12:45+01:00,3.084644
2026-02-21 13:00+01:00,3.097689
2026-02-21 13:15+01:00,3.223366
2026-02-21 13:30+01:00,
2026-02-21 13:45+01:00,0.000000
2026-02-21 14:00+01:00,2.733053
2026-02-21 14:15+01:00,3.086614
2026-02-21 14:30+01:00,2.491216
2026-02-21 14:45+01:00,0.000000
2026-02-21 15:00+01:00,0.000000
2026-02-21 15:15+01:00,2.691875
2026-02-21 15:30+01:00,2.551462
2026-02-21 15:45+01:00,
2026-02-21 16:00+01:00,3.069042
2026-02-21 16:15+01:00,
2026-02-21 16:30+01:00,1.870935
2026-02-21 16:45+01:00,2.961841
2026-02-21 17:00+01:00,0.000000
2026-02-21 17:15+01:00,0.000000
2026-02-21 17:30+01:00,
2026-02-21 17:45+01:00,2.657450
2026-02-21 18:00+01:00,2.220381
2026-02-21 18:15+01:00,2.452230
2026-02-21 18:30+01:00,2.606857
2026-02-21 18:45+01:00,1.824120
2026-02-21 19:00+01:00,52.974966
2026-02-21 19:15+01:00,53.849078
2026-02-21 19:30+01:00,49.180157
2026-02-21 19:45+01:00,52.022494
2026-02-21 20:00+01:00,53.205947
2026-02-21 20:15+01:00,52.063940
2026-02-21 20:30+01:00,
2026-02-21 20:45+01:00,50.282927
2026-02-21 21:00+01:00,53.353217
2026-02-21 21:15+01:00,49.577405
2026-02-21 21:30+01:00,52.377116
2026-02-21 21:45+01:00,52.151295
2026-02-21 22:00+01:00,48.706797
2026-02-21 22:15+01:00,51.198787
2026-02-21 22:30+01:00,49.539288
2026-02-21 22:45+01:00,
2026-02-21 23:00+01:00,53.493675
2026-02-21 23:15+01:00,51.694527
2026-02-21 23:30+01:00,49.737528
2026-02-21 23:45+01:00,50.905036
2026-02-22 00:00+01:00,46.531455
2026-02-22 00:15+01:00,51.949163
2026-02-22 00:30+01:00,52.520541
2026-02-22 00:45+01:00,53.131454
2026-02-22 01:00+01:00,53.002851
2026-02-22 01:15+01:00,51.164905
2026-02-22 01:30+01:00,52.213194
2026-02-22 01:45+01:00,50.362302
2026-02-22 02:00+01:00,48.135202
2026-02-22 02:15+01:00,53.008841
2026-02-22 02:30+01:00,52.368082
2026-02-22 02:45+01:00,48.604101
2026-02-22 03:00+01:00,52.404491
2026-02-22 03:15+01:00,
2026-02-22 03:30+01:00,56.403369
2026-02-22 03:45+01:00,52.144644
2026-02-22 04:00+01:00,52.133157
2026-02-22 04:15+01:00,56.632622
2026-02-22 04:30+01:00,48.812357
2026-02-22 04:45+01:00,50.434716
2026-02-22 05:00+01:00,54.341683
2026-02-22 05:15+01:00,49.239179
2026-02-22 05:30+01:00,47.993030
2026-02-22 05:45+01:00,
2026-02-22 06:00+01:00,3.427673
2026-02-22 06:15+01:00,3.186732
2026-02-22 06:30+01:00,
2026-02-22 06:45+01:00,2.013904
2026-02-22 07:00+01:00,3.191209
2026-02-22 07:15+01:00,3.271736
2026-02-22 07:30+01:00,3.248829
2026-02-22 07:45+01:00,
2026-02-22 08:00+01:00,2.562771
2026-02-22 08:15+01:00,2.129695
2026-02-22 08:30+01:00,2.413397
2026-02-22 08:45+01:00,2.359010
2026-02-22 09:00+01:00,
2026-02-22 09:15+01:00,2.439596
2026-02-22 09:30+01:00,2.734959
2026-02-22 09:45+01:00,
2026-02-22 10:00+01:00,2.799015
2026-02-22 10:15+01:00,2.726478
2026-02-22 10:30+01:00,2.629483
2026-02-22 10:45+01:00,3.706250
2026-02-22 11:00+01:00,3.257027
2026-02-22 11:15+01:00,2.470838
2026-02-22 11:30+01:00,0.000000
2026-02-22 11:45+01:00,2.190841
2026-02-22 12:00+01:00,2.933248
2026-02-22 12:15+01:00,2.432953
2026-02-22 12:30+01:00,
2026-02-22 12:45+01:00,2.689760
2026-02-22 13:00+01:00,2.660446
2026-02-22 13:15+01:00,2.752695
2026-02-22 13:30+01:00,2.047458
2026-02-22 13:45+01:00,
2026-02-22 14:00+01:00,2.591654
2026-02-22 14:15+01:00,1.821567
2026-02-22 14:30+01:00,
2026-02-22 14:45+01:00,2.501255
2026-02-22 15:00+01:00,2.644039
2026-02-22 15:15+01:00,3.117517
2026-02-22 15:30+01:00,
2026-02-22 15:45+01:00,2.263455
2026-02-22 16:00+01:00,2.926853
2026-02-22 16:15+01:00,3.013175
2026-02-22 16:30+01:00,3.350726
2026-02-22 16:45+01:00,1.406963
2026-02-22 17:00+01:00,1.764120
2026-02-22 17:15+01:00,3.462608
2026-02-22 17:30+01:00,2.004001
2026-02-22 17:45+01:00,1.817310
2026-02-22 18:00+01:00,3.244634
2026-02-22 18:15+01:00,0.000000
2026-02-22 18:30+01:00,
2026-02-22 18:45+01:00,2.356596
2026-02-22 19:00+01:00,51.734268
2026-02-22 19:15+01:00,49.062393
2026-02-22 19:30+01:00,50.943102
2026-02-22 19:45+01:00,
2026-02-22 20:00+01:00,52.497818
2026-02-22 20:15+01:00,46.686991
2026-02-22 20:30+01:00,56.105817
2026-02-22 20:45+01:00,48.026586
2026-02-22 21:00+01:00,53.823734
2026-02-22 21:15+01:00,50.077293
2026-02-22 21:30+01:00,53.724021
2026-02-22 21:45+01:00,55.597391
2026-02-22 22:00+01:00,49.018803
2026-02-22 22:15+01:00,48.037215
2026-02-22 22:30+01:00,54.676534
2026-02-22 22:45+01:00,45.447094
2026-02-22 23:00+01:00,
2026-02-22 23:15+01:00,46.472205
2026-02-22 23:30+01:00,53.524514
2026-02-22 23:45+01:00,49.238763
2026-02-23 00:00+01:00,51.227833
2026-02-23 00:15+01:00,51.526455
2026-02-23 00:30+01:00,51.217919
2026-02-23 00:45+01:00,52.188597
2026-02-23 01:00+01:00,52.680584
2026-02-23 01:15+01:00,53.268331
2026-02-23 01:30+01:00,50.193642
2026-02-23 01:45+01:00,
2026-02-23 02:00+01:00,47.097717
2026-02-23 02:15+01:00,51.157517
2026-02-23 02:30+01:00,48.004090
2026-02-23 02:45+01:00,
2026-02-23 03:00+01:00,52.134184
2026-02-23 03:15+01:00,47.134148
2026-02-23 03:30+01:00,
2026-02-23 03:45+01:00,51.847713
2026-02-23 04:00+01:00,
2026-02-23 04:15+01:00,52.664297
2026-02-23 04:30+01:00,53.920878
2026-02-23 04:45+01:00,49.169786
2026-02-23 05:00+01:00,50.903640
2026-02-23 05:15+01:00,48.054457
2026-02-23 05:30+01:00,52.952843
2026-02-23 05:45+01:00,50.298747
2026-02-23 06:00+01:00,3.088514
2026-02-23 06:15+01:00,2.713922
2026-02-23 06:30+01:00,35.678604
2026-02-23 06:45+01:00,36.507636
2026-02-23 07:00+01:00,1.347461
2026-02-23 07:15+01:00,0.000000
2026-02-23 07:30+01:00,34.503390
2026-02-23 07:45+01:00,3.000886
2026-02-23 08:00+01:00,
2026-02-23 08:15+01:00,3.378129
2026-02-23 08:30+01:00,35.810028
2026-02-23 08:45+01:00,2.830719
2026-02-23 09:00+01:00,37.172326
2026-02-23 09:15+01:00,39.714451
2026-02-23 09:30+01:00,2.576700
2026-02-23 09:45+01:00,36.306519
2026-02-23 10:00+01:00,2.014134
2026-02-23 10:15+01:00,37.221385
2026-02-23 10:30+01:00,
2026-02-23 10:45+01:00,2.239994
2026-02-23 11:00+01:00,34.276154
2026-02-23 11:15+01:00,
2026-02-23 11:30+01:00,35.100272
2026-02-23 11:45+01:00,37.812153
2026-02-23 12:00+01:00,33.890483
2026-02-23 12:15+01:00,35.033792
2026-02-23 12:30+01:00,1.928573
2026-02-23 12:45+01:00,36.613739
2026-02-23 13:00+01:00,35.009033
2026-02-23 13:15+01:00,34.573004
2026-02-23 13:30+01:00,3.647760
2026-02-23 13:45+01:00,2.859282
2026-02-23 14:00+01:00,34.916327
2026-02-23 14:15+01:00,0.000000
2026-02-23 14:30+01:00,2.830003
2026-02-23 14:45+01:00,1.759903
2026-02-23 15:00+01:00,2.355910
2026-02-23 15:15+01:00,1.702132
2026-02-23 15:30+01:00,1.965064
2026-02-23 15:45+01:00,2.521208
2026-02-23 16:00+01:00,2.331874
2026-02-23 16:15+01:00,2.634899
2026-02-23 16:30+01:00,36.783534
2026-02-23 16:45+01:00,2.805453
2026-02-23 17:00+01:00,1.725922
2026-02-23 17:15+01:00,2.339780
2026-02-23 17:30+01:00,3.042674
2026-02-23 17:45+01:00,35.328577
2026-02-23 18:00+01:00,34.156803
2026-02-23 18:15+01:00,3.128510
2026-02-23 18:30+01:00,3.029334
2026-02-23 18:45+01:00,32.973789
2026-02-23 19:00+01:00,48.668078
2026-02-23 19:15+01:00,49.409612
2026-02-23 19:30+01:00,51.565845
2026-02-23 19:45+01:00,
2026-02-23 20:00+01:00,47.297017
2026-02-23 20:15+01:00,49.320025
2026-02-23 20:30+01:00,53.839793
2026-02-23 20:45+01:00,49.516575
2026-02-23 21:00+01:00,48.239566
2026-02-23 21:15+01:00,52.935918
2026-02-23 21:30+01:00,51.453001
2026-02-23 21:45+01:00,53.153828
2026-02-23 22:00+01:00,52.344277
2026-02-23 22:15+01:00,51.492366
2026-02-23 22:30+01:00,52.851571
2026-02-23 22:45+01:00,48.967917
2026-02-23 23:00+01:00,51.873042
2026-02-23 23:15+01:00,
2026-02-23 23:30+01:00,48.680942
2026-02-23 23:45+01:00,52.794008
2026-02-24 00:00+01:00,55.561085
2026-02-24 00:15+01:00,48.291911
2026-02-24 00:30+01:00,
2026-02-24 00:45+01:00,49.961960
2026-02-24 01:00+01:00,48.980043
2026-02-24 01:15+01:00,48.168195
2026-02-24 01:30+01:00,48.300177
2026-02-24 01:45+01:00,51.560436
2026-02-24 02:00+01:00,50.049714
2026-02-24 02:15+01:00,52.175904
2026-02-24 02:30+01:00,48.112877
2026-02-24 02:45+01:00,52.149159
2026-02-24 03:00+01:00,52.563868
2026-02-24 03:15+01:00,49.843114
2026-02-24 03:30+01:00,54.780166
2026-02-24 03:45+01:00,52.389468
2026-02-24 04:00+01:00,47.149232
2026-02-24 04:15+01:00,50.237857
2026-02-24 04:30+01:00,51.135771
2026-02-24 04:45+01:00,48.527350
2026-02-24 05:00+01:00,50.582929
2026-02-24 05:15+01:00,48.154752
2026-02-24 05:30+01:00,54.097674
2026-02-24 05:45+01:00,52.310078
2026-02-24 06:00+01:00,2.904426
2026-02-24 06:15+01:00,1.897206
2026-02-24 06:30+01:00,2.736106
2026-02-24 06:45+01:00,2.832415
2026-02-24 07:00+01:00,2.577726
2026-02-24 07:15+01:00,
2026-02-24 07:30+01:00,34.411743
2026-02-24 07:45+01:00,37.972856
2026-02-24 08:00+01:00,2.533975
2026-02-24 08:15+01:00,3.012386
2026-02-24 08:30+01:00,2.121493
2026-02-24 08:45+01:00,2.316629
2026-02-24 09:00+01:00,2.645553
2026-02-24 09:15+01:00,38.357502
2026-02-24 09:30+01:00,2.211888
2026-02-24 09:45+01:00,34.440473
2026-02-24 10:00+01:00,34.593252
2026-02-24 10:15+01:00,1.781894
2026-02-24 10:30+01:00,2.257516
2026-02-24 10:45+01:00,3.056926
2026-02-24 11:00+01:00,35.456770
2026-02-24 11:15+01:00,3.860172
2026-02-24 11:30+01:00,36.028583
2026-02-24 11:45+01:00,2.968844
2026-02-24 12:00+01:00,34.654269
2026-02-24 12:15+01:00,
2026-02-24 12:30+01:00,36.214860
2026-02-24 12:45+01:00,2.685243
2026-02-24 13:00+01:00,1.977140
2026-02-24 13:15+01:00,
2026-02-24 13:30+01:00,32.668274
2026-02-24 13:45+01:00,34.587819
2026-02-24 14:00+01:00,39.324638
2026-02-24 14:15+01:00,2.636430
2026-02-24 14:30+01:00,2.580805
2026-02-24 14:45+01:00,2.463186
2026-02-24 15:00+01:00,35.717721
2026-02-24 15:15+01:00,2.272447
2026-02-24 15:30+01:00,33.593856
2026-02-24 15:45+01:00,37.660379
2026-02-24 16:00+01:00,3.206571
2026-02-24 16:15+01:00,35.052632
2026-02-24 16:30+01:00,36.293279
2026-02-24 16:45+01:00,2.371237
2026-02-24 17:00+01:00,0.000000
2026-02-24 17:15+01:00,37.591467
2026-02-24 17:30+01:00,37.734491
2026-02-24 17:45+01:00,32.689558
2026-02-24 18:00+01:00,33.689362
2026-02-24 18:15+01:00,2.405119
2026-02-24 18:30+01:00,34.656122
2026-02-24 18:45+01:00,35.073794
2026-02-24 19:00+01:00,48.740270
2026-02-24 19:15+01:00,51.212170
2026-02-24 19:30+01:00,52.424356
2026-02-24 19:45+01:00,50.763614
2026-02-24 20:00+01:00,48.972402
2026-02-24 20:15+01:00,53.675344
2026-02-24 20:30+01:00,52.826976
2026-02-24 20:45+01:00,54.555949
2026-02-24 21:00+01:00,53.230216
2026-02-24 21:15+01:00,46.351050
2026-02-24 21:30+01:00,50.469258
2026-02-24 21:45+01:00,48.385680
2026-02-24 22:00+01:00,49.575809
2026-02-24 22:15+01:00,48.570342
2026-02-24 22:30+01:00,51.696047
2026-02-24 22:45+01:00,57.496089
2026-02-24 23:00+01:00,47.800132
2026-02-24 23:15+01:00,
2026-02-24 23:30+01:00,47.737159
2026-02-24 23:45+01:00,51.442438
2026-02-25 00:00+01:00,50.926884
2026-02-25 00:15+01:00,50.152767
2026-02-25 00:30+01:00,51.009532
2026-02-25 00:45+01:00,48.697319
2026-02-25 01:00+01:00,52.013433
2026-02-25 01:15+01:00,50.619001
2026-02-25 01:30+01:00,53.896082
2026-02-25 01:45+01:00,51.169771
2026-02-25 02:00+01:00,49.434318
2026-02-25 02:15+01:00,49.654645
2026-02-25 02:30+01:00,52.432041
2026-02-25 02:45+01:00,50.767173
2026-02-25 03:00+01:00,48.510154
2026-02-25 03:15+01:00,51.670261
2026-02-25 03:30+01:00,49.587486
2026-02-25 03:45+01:00,51.820589
2026-02-25 04:00+01:00,52.904663
2026-02-25 04:15+01:00,51.570206
2026-02-25 04:30+01:00,51.048352
2026-02-25 04:45+01:00,
2026-02-25 05:00+01:00,46.507869
2026-02-25 05:15+01:00,
2026-02-25 05:30+01:00,51.738692
2026-02-25 05:45+01:00,53.778001
2026-02-25 06:00+01:00,2.288993
2026-02-25 06:15+01:00,38.033668
2026-02-25 06:30+01:00,2.200228
2026-02-25 06:45+01:00,34.071486
2026-02-25 07:00+01:00,32.386307
2026-02-25 07:15+01:00,0.000000
2026-02-25 07:30+01:00,36.277015
2026-02-25 07:45+01:00,2.525981
2026-02-25 08:00+01:00,2.663279
2026-02-25 08:15+01:00,35.913942
2026-02-25 08:30+01:00,32.568445
2026-02-25 08:45+01:00,
2026-02-25 09:00+01:00,2.285724
2026-02-25 09:15+01:00,37.302647
2026-02-25 09:30+01:00,
2026-02-25 09:45+01:00,2.783597
2026-02-25 10:00+01:00,32.725821
2026-02-25 10:15+01:00,0.000000
2026-02-25 10:30+01:00,2.966409
2026-02-25 10:45+01:00,2.953187
2026-02-25 11:00+01:00,2.196536
2026-02-25 11:15+01:00,34.146680
2026-02-25 11:30+01:00,35.969242
2026-02-25 11:45+01:00,2.898711
2026-02-25 12:00+01:00,35.377367
2026-02-25 12:15+01:00,2.563250
2026-02-25 12:30+01:00,36.984459
2026-02-25 12:45+01:00,1.815082
2026-02-25 13:00+01:00,37.830133
2026-02-25 13:15+01:00,2.379148
2026-02-25 13:30+01:00,35.885871
2026-02-25 13:45+01:00,
2026-02-25 14:00+01:00,
2026-02-25 14:15+01:00,35.043296
2026-02-25 14:30+01:00,34.391404
2026-02-25 14:45+01:00,2.381241
2026-02-25 15:00+01:00,3.277012
2026-02-25 15:15+01:00,1.895444
2026-02-25 15:30+01:00,
2026-02-25 15:45+01:00,
2026-02-25 16:00+01:00,2.389545
2026-02-25 16:15+01:00,3.133446
2026-02-25 16:30+01:00,
2026-02-25 16:45+01:00,2.774376
2026-02-25 17:00+01:00,35.448774
2026-02-25 17:15+01:00,36.393653
2026-02-25 17:30+01:00,32.911376
2026-02-25 17:45+01:00,
2026-02-25 18:00+01:00,38.116946
2026-02-25 18:15+01:00,35.362957
2026-02-25 18:30+01:00,0.000000
2026-02-25 18:45+01:00,32.261743
2026-02-25 19:00+01:00,52.986903
2026-02-25 19:15+01:00,48.431834
2026-02-25 19:30+01:00,54.020836
2026-02-25 19:45+01:00,54.108364
2026-02-25 20:00+01:00,51.084687
2026-02-25 20:15+01:00,49.001848
2026-02-25 20:30+01:00,52.410892
2026-02-25 20:45+01:00,
2026-02-25 21:00+01:00,47.064969
2026-02-25 21:15+01:00,46.476542
2026-02-25 21:30+01:00,50.272208
2026-02-25 21:45+01:00,54.520608
2026-02-25 22:00+01:00,53.616099
2026-02-25 22:15+01:00,51.575060
2026-02-25 22:30+01:00,49.571403
2026-02-25 22:45+01:00,50.271696
2026-02-25 23:00+01:00,51.312902
2026-02-25 23:15+01:00,52.981595
2026-02-25 23:30+01:00,48.399944
2026-02-25 23:45+01:00,51.611450
2026-02-26 00:00+01:00,47.979243
2026-02-26 00:15+01:00,46.327350
2026-02-26 00:30+01:00,49.527036
2026-02-26 00:45+01:00,50.309266
2026-02-26 01:00+01:00,48.687441
2026-02-26 01:15+01:00,54.549076
2026-02-26 01:30+01:00,53.643431
2026-02-26 01:45+01:00,53.193667
2026-02-26 02:00+01:00,50.397259
2026-02-26 02:15+01:00,51.250929
2026-02-26 02:30+01:00,50.134609
2026-02-26 02:45+01:00,47.458016
2026-02-26 03:00+01:00,47.388204
2026-02-26 03:15+01:00,48.524170
2026-02-26 03:30+01:00,53.793840
2026-02-26 03:45+01:00,46.430561
2026-02-26 04:00+01:00,
2026-02-26 04:15+01:00,53.295338
2026-02-26 04:30+01:00,50.988268
2026-02-26 04:45+01:00,
2026-02-26 05:00+01:00,54.101361
2026-02-26 05:15+01:00,51.872426
2026-02-26 05:30+01:00,53.316888
2026-02-26 05:45+01:00,46.267610
2026-02-26 06:00+01:00,0.000000
2026-02-26 06:15+01:00,
2026-02-26 06:30+01:00,1.561936
2026-02-26 06:45+01:00,2.638845
2026-02-26 07:00+01:00,1.939344
2026-02-26 07:15+01:00,2.609985
2026-02-26 07:30+01:00,3.399563
2026-02-26 07:45+01:00,2.444125
2026-02-26 08:00+01:00,33.266467
2026-02-26 08:15+01:00,2.034924
2026-02-26 08:30+01:00,2.408340
2026-02-26 08:45+01:00,2.863034
2026-02-26 09:00+01:00,33.370968
2026-02-26 09:15+01:00,2.578818
2026-02-26 09:30+01:00,2.827312
2026-02-26 09:45+01:00,33.812341
2026-02-26 10:00+01:00,33.949435
2026-02-26 10:15+01:00,2.687641
2026-02-26 10:30+01:00,2.673019
2026-02-26 10:45+01:00,35.430532
2026-02-26 11:00+01:00,35.364352
2026-02-26 11:15+01:00,1.987670
2026-02-26 11:30+01:00,35.007322
2026-02-26 11:45+01:00,34.720834
2026-02-26 12:00+01:00,37.516410
2026-02-26 12:15+01:00,34.833212
2026-02-26 12:30+01:00,36.068806
2026-02-26 12:45+01:00,2.071705
2026-02-26 13:00+01:00,1.892492
2026-02-26 13:15+01:00,2.293392
2026-02-26 13:30+01:00,2.760332
2026-02-26 13:45+01:00,2.677473
2026-02-26 14:00+01:00,35.073097
2026-02-26 14:15+01:00,34.246916
2026-02-26 14:30+01:00,2.236627
2026-02-26 14:45+01:00,2.756371
2026-02-26 15:00+01:00,34.451414
2026-02-26 15:15+01:00,2.665038
2026-02-26 15:30+01:00,34.694885
2026-02-26 15:45+01:00,2.560646
2026-02-26 16:00+01:00,34.731918
2026-02-26 16:15+01:00,37.524908
2026-02-26 16:30+01:00,35.922566
2026-02-26 16:45+01:00,0.000000
2026-02-26 17:00+01:00,34.535338
2026-02-26 17:15+01:00,38.716665
2026-02-26 17:30+01:00,
2026-02-26 17:45+01:00,1.519384
2026-02-26 18:00+01:00,2.957830
2026-02-26 18:15+01:00,0.000000
2026-02-26 18:30+01:00,2.172609
2026-02-26 18:45+01:00,33.802843
2026-02-26 19:00+01:00,53.296001
2026-02-26 19:15+01:00,52.058267
2026-02-26 19:30+01:00,49.977625
2026-02-26 19:45+01:00,
2026-02-26 20:00+01:00,48.874565
2026-02-26 20:15+01:00,54.411524
2026-02-26 20:30+01:00,50.910890
2026-02-26 20:45+01:00,50.802104
2026-02-26 21:00+01:00,48.438391
2026-02-26 21:15+01:00,50.547253
2026-02-26 21:30+01:00,47.142727
2026-02-26 21:45+01:00,54.595622
2026-02-26 22:00+01:00,51.879567
2026-02-26 22:15+01:00,46.571759
2026-02-26 22:30+01:00,55.680267
2026-02-26 22:45+01:00,
2026-02-26 23:00+01:00,49.656621
2026-02-26 23:15+01:00,53.235686
2026-02-26 23:30+01:00,55.252816
2026-02-26 23:45+01:00,50.371278
2026-02-27 00:00+01:00,53.692326
2026-02-27 00:15+01:00,
2026-02-27 00:30+01:00,55.810419
2026-02-27 00:45+01:00,51.176119
2026-02-27 01:00+01:00,52.145456
2026-02-27 01:15+01:00,49.353097
2026-02-27 01:30+01:00,45.403086
2026-02-27 01:45+01:00,48.159489
2026-02-27 02:00+01:00,46.377000
2026-02-27 02:15+01:00,51.807180
2026-02-27 02:30+01:00,50.006974
2026-02-27 02:45+01:00,53.905125
2026-02-27 03:00+01:00,
2026-02-27 03:15+01:00,51.639421
2026-02-27 03:30+01:00,54.230585
2026-02-27 03:45+01:00,
2026-02-27 04:00+01:00,53.914688
2026-02-27 04:15+01:00,52.305278
2026-02-27 04:30+01:00,47.273664
2026-02-27 04:45+01:00,50.537653
2026-02-27 05:00+01:00,51.033091
2026-02-27 05:15+01:00,50.847796
2026-02-27 05:30+01:00,51.012587
2026-02-27 05:45+01:00,52.038093
2026-02-27 06:00+01:00,37.114601
2026-02-27 06:15+01:00,1.984117
2026-02-27 06:30+01:00,
2026-02-27 06:45+01:00,2.584357
2026-02-27 07:00+01:00,2.811967
2026-02-27 07:15+01:00,35.464075
2026-02-27 07:30+01:00,36.327728
2026-02-27 07:45+01:00,35.317789
2026-02-27 08:00+01:00,2.767140
2026-02-27 08:15+01:00,
2026-02-27 08:30+01:00,33.582616
2026-02-27 08:45+01:00,0.000000
2026-02-27 09:00+01:00,2.682770
2026-02-27 09:15+01:00,36.119993
2026-02-27 09:30+01:00,34.094237
2026-02-27 09:45+01:00,35.660178
2026-02-27 10:00+01:00,0.000000
2026-02-27 10:15+01:00,36.944197
2026-02-27 10:30+01:00,2.306918
2026-02-27 10:45+01:00,1.980093
2026-02-27 11:00+01:00,
2026-02-27 11:15+01:00,1.772136
2026-02-27 11:30+01:00,2.326867
2026-02-27 11:45+01:00,2.526623
2026-02-27 12:00+01:00,2.429845
2026-02-27 12:15+01:00,33.158201
2026-02-27 12:30+01:00,2.769361
2026-02-27 12:45+01:00,2.879496
2026-02-27 13:00+01:00,3.375572
2026-02-27 13:15+01:00,33.956260
2026-02-27 13:30+01:00,34.914354
2026-02-27 13:45+01:00,2.395059
2026-02-27 14:00+01:00,0.000000
2026-02-27 14:15+01:00,2.744876
2026-02-27 14:30+01:00,
2026-02-27 14:45+01:00,3.224615
2026-02-27 15:00+01:00,3.328099
2026-02-27 15:15+01:00,
2026-02-27 15:30+01:00,2.494998
2026-02-27 15:45+01:00,2.092660
2026-02-27 16:00+01:00,37.492724
2026-02-27 16:15+01:00,3.540011
2026-02-27 16:30+01:00,35.178321
2026-02-27 16:45+01:00,2.845892
2026-02-27 17:00+01:00,2.742002
2026-02-27 17:15+01:00,35.455944
2026-02-27 17:30+01:00,2.939717
2026-02-27 17:45+01:00,2.051231
2026-02-27 18:00+01:00,36.706146
2026-02-27 18:15+01:00,2.753933
2026-02-27 18:30+01:00,2.257340
2026-02-27 18:45+01:00,2.338011
2026-02-27 19:00+01:00,52.640494
2026-02-27 19:15+01:00,
2026-02-27 19:30+01:00,52.428474
2026-02-27 19:45+01:00,49.813546
2026-02-27 20:00+01:00,48.209710
2026-02-27 20:15+01:00,53.114880
2026-02-27 20:30+01:00,50.897534
2026-02-27 20:45+01:00,49.027006
2026-02-27 21:00+01:00,53.787740
2026-02-27 21:15+01:00,50.919842
2026-02-27 21:30+01:00,49.172303
2026-02-27 21:45+01:00,49.695761
2026-02-27 22:00+01:00,56.870312
2026-02-27 22:15+01:00,
2026-02-27 22:30+01:00,54.374481
2026-02-27 22:45+01:00,53.324461
2026-02-27 23:00+01:00,53.794881
2026-02-27 23:15+01:00,50.000554
2026-02-27 23:30+01:00,48.459736
2026-02-27 23:45+01:00,54.219351
2026-02-28 00:00+01:00,51.863087
2026-02-28 00:15+01:00,48.647296
2026-02-28 00:30+01:00,47.685379
2026-02-28 00:45+01:00,
2026-02-28 01:00+01:00,49.374539
2026-02-28 01:15+01:00,48.337836
2026-02-28 01:30+01:00,47.604283
2026-02-28 01:45+01:00,50.360082
2026-02-28 02:00+01:00,49.224384
2026-02-28 02:15+01:00,52.501832
2026-02-28 02:30+01:00,49.817328
2026-02-28 02:45+01:00,53.252702
2026-02-28 03:00+01:00,
2026-02-28 03:15+01:00,
2026-02-28 03:30+01:00,52.197367
2026-02-28 03:45+01:00,52.531787
2026-02-28 04:00+01:00,50.743761
2026-02-28 04:15+01:00,51.652469
2026-02-28 04:30+01:00,49.024279
2026-02-28 04:45+01:00,51.781368
2026-02-28 05:00+01:00,47.693341
2026-02-28 05:15+01:00,52.051146
2026-02-28 05:30+01:00,52.746350
2026-02-28 05:45+01:00,50.833265
2026-02-28 06:00+01:00,0.000000
2026-02-28 06:15+01:00,2.994470
2026-02-28 06:30+01:00,2.066778
2026-02-28 06:45+01:00,2.948286
2026-02-28 07:00+01:00,3.145861
2026-02-28 07:15+01:00,2.970937
2026-02-28 07:30+01:00,2.594514
2026-02-28 07:45+01:00,2.009425
2026-02-28 08:00+01:00,0.000000
2026-02-28 08:15+01:00,2.834544
2026-02-28 08:30+01:00,0.000000
2026-02-28 08:45+01:00,2.437523
2026-02-28 09:00+01:00,1.909365
2026-02-28 09:15+01:00,1.983349
2026-02-28 09:30+01:00,2.912789
2026-02-28 09:45+01:00,2.800562
2026-02-28 10:00+01:00,3.358343
2026-02-28 10:15+01:00,2.958849
2026-02-28 10:30+01:00,1.246832
2026-02-28 10:45+01:00,2.299968
2026-02-28 11:00+01:00,1.662992
2026-02-28 11:15+01:00,0.000000
2026-02-28 11:30+01:00,2.746848
2026-02-28 11:45+01:00,2.597314
2026-02-28 12:00+01:00,3.251311
2026-02-28 12:15+01:00,1.914000
2026-02-28 12:30+01:00,3.284276
2026-02-28 12:45+01:00,2.013499
2026-02-28 13:00+01:00,3.001441
2026-02-28 13:15+01:00,
2026-02-28 13:30+01:00,2.233853
2026-02-28 13:45+01:00,
2026-02-28 14:00+01:00,3.142723
2026-02-28 14:15+01:00,2.552021
2026-02-28 14:30+01:00,2.313663
2026-02-28 14:45+01:00,2.603603
2026-02-28 15:00+01:00,2.985081
2026-02-28 15:15+01:00,1.998969
2026-02-28 15:30+01:00,2.305764
2026-02-28 15:45+01:00,2.474602
2026-02-28 16:00+01:00,2.895418
2026-02-28 16:15+01:00,2.747881
2026-02-28 16:30+01:00,
2026-02-28 16:45+01:00,3.245722
2026-02-28 17:00+01:00,2.051400
2026-02-28 17:15+01:00,2.314268
2026-02-28 17:30+01:00,2.723266
2026-02-28 17:45+01:00,2.417313
2026-02-28 18:00+01:00,2.003662
2026-02-28 18:15+01:00,2.770468
2026-02-28 18:30+01:00,0.000000
2026-02-28 18:45+01:00,3.578435
2026-02-28 19:00+01:00,52.492537
2026-02-28 19:15+01:00,52.742531
2026-02-28 19:30+01:00,46.453461
2026-02-28 19:45+01:00,52.646102
2026-02-28 20:00+01:00,51.215194
2026-02-28 20:15+01:00,55.056870
2026-02-28 20:30+01:00,47.905794
2026-02-28 20:45+01:00,
2026-02-28 21:00+01:00,51.987799
2026-02-28 21:15+01:00,50.386150
2026-02-28 21:30+01:00,51.050690
2026-02-28 21:45+01:00,
2026-02-28 22:00+01:00,53.955842
2026-02-28 22:15+01:00,52.945161
2026-02-28 22:30+01:00,50.059307
2026-02-28 22:45+01:00,50.167778
2026-02-28 23:00+01:00,45.637266
2026-02-28 23:15+01:00,50.123454
2026-02-28 23:30+01:00,56.186671
2026-02-28 23:45+01:00,53.728613
2026-03-01 00:00+01:00,
2026-03-01 00:15+01:00,51.206334
2026-03-01 00:30+01:00,48.975753
2026-03-01 00:45+01:00,46.523115
2026-03-01 01:00+01:00,50.928382
2026-03-01 01:15+01:00,52.050108
2026-03-01 01:30+01:00,51.082006
2026-03-01 01:45+01:00,52.409924
2026-03-01 02:00+01:00,50.580261
2026-03-01 02:15+01:00,47.033831
2026-03-01 02:30+01:00,51.431834
2026-03-01 02:45+01:00,49.735498
2026-03-01 03:00+01:00,44.930750
2026-03-01 03:15+01:00,52.964091
2026-03-01 03:30+01:00,51.551239
2026-03-01 03:45+01:00,45.977292
2026-03-01 04:00+01:00,47.777125
2026-03-01 04:15+01:00,46.014363
2026-03-01 04:30+01:00,48.584953
2026-03-01 04:45+01:00,48.741109
2026-03-01 05:00+01:00,53.612029
2026-03-01 05:15+01:00,50.504399
2026-03-01 05:30+01:00,49.771145
2026-03-01 05:45+01:00,56.393709
2026-03-01 06:00+01:00,0.000000
2026-03-01 06:15+01:00,3.553542
2026-03-01 06:30+01:00,3.004641
2026-03-01 06:45+01:00,3.018697
2026-03-01 07:00+01:00,3.369774
2026-03-01 07:15+01:00,2.261264
2026-03-01 07:30+01:00,2.387691
2026-03-01 07:45+01:00,2.695537
2026-03-01 08:00+01:00,2.001490
2026-03-01 08:15+01:00,2.250835
2026-03-01 08:30+01:00,
2026-03-01 08:45+01:00,2.264777
2026-03-01 09:00+01:00,2.436433
2026-03-01 09:15+01:00,2.762374
2026-03-01 09:30+01:00,3.165925
2026-03-01 09:45+01:00,2.865728
2026-03-01 10:00+01:00,3.089825
2026-03-01 10:15+01:00,0.000000
2026-03-01 10:30+01:00,2.798847
2026-03-01 10:45+01:00,0.000000
2026-03-01 11:00+01:00,2.625241
2026-03-01 11:15+01:00,2.742856
2026-03-01 11:30+01:00,0.000000
2026-03-01 11:45+01:00,2.855786
2026-03-01 12:00+01:00,2.502147
2026-03-01 12:15+01:00,2.885876
2026-03-01 12:30+01:00,
2026-03-01 12:45+01:00,2.667675
2026-03-01 13:00+01:00,1.754500
2026-03-01 13:15+01:00,2.857646
2026-03-01 13:30+01:00,2.870723
2026-03-01 13:45+01:00,2.326936
2026-03-01 14:00+01:00,2.716267
2026-03-01 14:15+01:00,2.586849
2026-03-01 14:30+01:00,3.020852
2026-03-01 14:45+01:00,0.000000
2026-03-01 15:00+01:00,2.767919
2026-03-01 15:15+01:00,2.459090
2026-03-01 15:30+01:00,0.000000
2026-03-01 15:45+01:00,2.620044
2026-03-01 16:00+01:00,3.132593
2026-03-01 16:15+01:00,2.421415
2026-03-01 16:30+01:00,2.523789
2026-03-01 16:45+01:00,2.240131
2026-03-01 17:00+01:00,2.055519
2026-03-01 17:15+01:00,3.109389
2026-03-01 17:30+01:00,2.685608
2026-03-01 17:45+01:00,3.506931
2026-03-01 18:00+01:00,0.000000
2026-03-01 18:15+01:00,2.545515
2026-03-01 18:30+01:00,2.840275
2026-03-01 18:45+01:00,2.514815
2026-03-01 19:00+01:00,49.403431
2026-03-01 19:15+01:00,51.314271
2026-03-01 19:30+01:00,50.011607
2026-03-01 19:45+01:00,51.398688
2026-03-01 20:00+01:00,54.844198
2026-03-01 20:15+01:00,48.543907
2026-03-01 20:30+01:00,52.266808
2026-03-01 20:45+01:00,53.654827
2026-03-01 21:00+01:00,51.142605
2026-03-01 21:15+01:00,49.779560
2026-03-01 21:30+01:00,49.808756
2026-03-01 21:45+01:00,54.231870
2026-03-01 22:00+01:00,53.912222
2026-03-01 22:15+01:00,53.024812
2026-03-01 22:30+01:00,54.170627
2026-03-01 22:45+01:00,50.150552
2026-03-01 23:00+01:00,47.239359
2026-03-01 23:15+01:00,48.519141
2026-03-01 23:30+01:00,53.847059
2026-03-01 23:45+01:00,54.644726
2026-03-02 00:00+01:00,53.433747
2026-03-02 00:15+01:00,
2026-03-02 00:30+01:00,52.237627
2026-03-02 00:45+01:00,51.059803
2026-03-02 01:00+01:00,52.674742
2026-03-02 01:15+01:00,49.303830
2026-03-02 01:30+01:00,51.447747
2026-03-02 01:45+01:00,50.519815
2026-03-02 02:00+01:00,51.595035
2026-03-02 02:15+01:00,53.289523
2026-03-02 02:30+01:00,53.724584
2026-03-02 02:45+01:00,49.775000
2026-03-02 03:00+01:00,52.780078
2026-03-02 03:15+01:00,50.546770
2026-03-02 03:30+01:00,53.252629
2026-03-02 03:45+01:00,49.268148
2026-03-02 04:00+01:00,49.569507
2026-03-02 04:15+01:00,
2026-03-02 04:30+01:00,50.920808
2026-03-02 04:45+01:00,51.890016
2026-03-02 05:00+01:00,54.059364
2026-03-02 05:15+01:00,50.202351
2026-03-02 05:30+01:00,47.961370
2026-03-02 05:45+01:00,
2026-03-02 06:00+01:00,32.374823
2026-03-02 06:15+01:00,2.858754
2026-03-02 06:30+01:00,3.315869
2026-03-02 06:45+01:00,0.000000
2026-03-02 07:00+01:00,35.044076
2026-03-02 07:15+01:00,34.610244
2026-03-02 07:30+01:00,1.796482
2026-03-02 07:45+01:00,2.657810
2026-03-02 08:00+01:00,0.000000
2026-03-02 08:15+01:00,1.343531
2026-03-02 08:30+01:00,0.000000
2026-03-02 08:45+01:00,0.000000
2026-03-02 09:00+01:00,3.119491
2026-03-02 09:15+01:00,33.991189
2026-03-02 09:30+01:00,2.418883
2026-03-02 09:45+01:00,35.534410
2026-03-02 10:00+01:00,2.255191
2026-03-02 10:15+01:00,
2026-03-02 10:30+01:00,2.705561
2026-03-02 10:45+01:00,2.028374
2026-03-02 11:00+01:00,37.065973
2026-03-02 11:15+01:00,35.099178
2026-03-02 11:30+01:00,32.378277
2026-03-02 11:45+01:00,2.822898
2026-03-02 12:00+01:00,
2026-03-02 12:15+01:00,
2026-03-02 12:30+01:00,33.977407
2026-03-02 12:45+01:00,33.313651
2026-03-02 13:00+01:00,0.000000
2026-03-02 13:15+01:00,2.734784
2026-03-02 13:30+01:00,35.105626
2026-03-02 13:45+01:00,1.904061
2026-03-02 14:00+01:00,3.575496
2026-03-02 14:15+01:00,2.417025
2026-03-02 14:30+01:00,35.870512
2026-03-02 14:45+01:00,2.340023
2026-03-02 15:00+01:00,2.456556
2026-03-02 15:15+01:00,2.881660
2026-03-02 15:30+01:00,
2026-03-02 15:45+01:00,2.447759
2026-03-02 16:00+01:00,2.220081
2026-03-02 16:15+01:00,2.874860
2026-03-02 16:30+01:00,0.000000
2026-03-02 16:45+01:00,2.352471
2026-03-02 17:00+01:00,2.349277
2026-03-02 17:15+01:00,33.770634
2026-03-02 17:30+01:00,2.908379
2026-03-02 17:45+01:00,2.581823
2026-03-02 18:00+01:00,37.776660
2026-03-02 18:15+01:00,2.960486
2026-03-02 18:30+01:00,3.311065
2026-03-02 18:45+01:00,0.000000
2026-03-02 19:00+01:00,50.415506
2026-03-02 19:15+01:00,53.069525
2026-03-02 19:30+01:00,51.457686
2026-03-02 19:45+01:00,50.568206
2026-03-02 20:00+01:00,51.924795
2026-03-02 20:15+01:00,52.597554
2026-03-02 20:30+01:00,53.336071
2026-03-02 20:45+01:00,52.105904
2026-03-02 21:00+01:00,51.226750
2026-03-02 21:15+01:00,50.843188
2026-03-02 21:30+01:00,48.231616
2026-03-02 21:45+01:00,45.340009
2026-03-02 22:00+01:00,49.598180
2026-03-02 22:15+01:00,50.603813
2026-03-02 22:30+01:00,53.305556
2026-03-02 22:45+01:00,50.640622
2026-03-02 23:00+01:00,
2026-03-02 23:15+01:00,54.297847
2026-03-02 23:30+01:00,53.276159
2026-03-02 23:45+01:00,50.993510
2026-03-03 00:00+01:00,47.282092
2026-03-03 00:15+01:00,51.705319
2026-03-03 00:30+01:00,54.768891
2026-03-03 00:45+01:00,52.577496
2026-03-03 01:00+01:00,51.804616
2026-03-03 01:15+01:00,50.810021
2026-03-03 01:30+01:00,54.742429
2026-03-03 01:45+01:00,50.228817
2026-03-03 02:00+01:00,51.846313
2026-03-03 02:15+01:00,51.433986
2026-03-03 02:30+01:00,49.521132
2026-03-03 02:45+01:00,54.531003
2026-03-03 03:00+01:00,46.831864
2026-03-03 03:15+01:00,
2026-03-03 03:30+01:00,49.382505
2026-03-03 03:45+01:00,46.262646
2026-03-03 04:00+01:00,
2026-03-03 04:15+01:00,
2026-03-03 04:30+01:00,47.022280
2026-03-03 04:45+01:00,49.847547
2026-03-03 05:00+01:00,53.117909
2026-03-03 05:15+01:00,
2026-03-03 05:30+01:00,51.011388
2026-03-03 05:45+01:00,50.645292
2026-03-03 06:00+01:00,2.085561
2026-03-03 06:15+01:00,34.610899
2026-03-03 06:30+01:00,1.973726
2026-03-03 06:45+01:00,37.556956
2026-03-03 07:00+01:00,35.725756
2026-03-03 07:15+01:00,2.271368
2026-03-03 07:30+01:00,2.968750
2026-03-03 07:45+01:00,34.044223
2026-03-03 08:00+01:00,2.741209
2026-03-03 08:15+01:00,2.906915
2026-03-03 08:30+01:00,0.000000
2026-03-03 08:45+01:00,34.082839
2026-03-03 09:00+01:00,33.346352
2026-03-03 09:15+01:00,3.186668
2026-03-03 09:30+01:00,34.972904
2026-03-03 09:45+01:00,3.138266
2026-03-03 10:00+01:00,2.639726
2026-03-03 10:15+01:00,3.060995
2026-03-03 10:30+01:00,
2026-03-03 10:45+01:00,3.082205
2026-03-03 11:00+01:00,
2026-03-03 11:15+01:00,2.840582
2026-03-03 11:30+01:00,1.746359
2026-03-03 11:45+01:00,3.151462
2026-03-03 12:00+01:00,34.551417
2026-03-03 12:15+01:00,2.864500
2026-03-03 12:30+01:00,35.680646
2026-03-03 12:45+01:00,
2026-03-03 13:00+01:00,2.979763
2026-03-03 13:15+01:00,3.068413
2026-03-03 13:30+01:00,2.923466
2026-03-03 13:45+01:00,3.393113
2026-03-03 14:00+01:00,
2026-03-03 14:15+01:00,2.610612
2026-03-03 14:30+01:00,3.088100
2026-03-03 14:45+01:00,0.000000
2026-03-03 15:00+01:00,2.592755
2026-03-03 15:15+01:00,2.299784
2026-03-03 15:30+01:00,
2026-03-03 15:45+01:00,3.237467
2026-03-03 16:00+01:00,1.470701
2026-03-03 16:15+01:00,34.286501
2026-03-03 16:30+01:00,2.393668
2026-03-03 16:45+01:00,
2026-03-03 17:00+01:00,35.509576
2026-03-03 17:15+01:00,3.587210
2026-03-03 17:30+01:00,2.374076
2026-03-03 17:45+01:00,38.289818
2026-03-03 18:00+01:00,
2026-03-03 18:15+01:00,1.523788
2026-03-03 18:30+01:00,1.914031
2026-03-03 18:45+01:00,36.332700
2026-03-03 19:00+01:00,53.840871
2026-03-03 19:15+01:00,50.112404
2026-03-03 19:30+01:00,51.416103
2026-03-03 19:45+01:00,54.015733
2026-03-03 20:00+01:00,50.331125
2026-03-03 20:15+01:00,53.426288
2026-03-03 20:30+01:00,50.226890
2026-03-03 20:45+01:00,49.633028
2026-03-03 21:00+01:00,53.466244
2026-03-03 21:15+01:00,51.518906
2026-03-03 21:30+01:00,52.802657
2026-03-03 21:45+01:00,53.765288
2026-03-03 22:00+01:00,43.464992
2026-03-03 22:15+01:00,47.611293
2026-03-03 22:30+01:00,54.341203
2026-03-03 22:45+01:00,53.495938
2026-03-03 23:00+01:00,52.413096
2026-03-03 23:15+01:00,49.960979
2026-03-03 23:30+01:00,54.842576
2026-03-03 23:45+01:00,52.658734
2026-03-04 00:00+01:00,48.919524
2026-03-04 00:15+01:00,51.263995
2026-03-04 00:30+01:00,52.843972
2026-03-04 00:45+01:00,51.885802
2026-03-04 01:00+01:00,52.102027
2026-03-04 01:15+01:00,47.869643
2026-03-04 01:30+01:00,57.294130
2026-03-04 01:45+01:00,49.500055
2026-03-04 02:00+01:00,53.640035
2026-03-04 02:15+01:00,53.186987
2026-03-04 02:30+01:00,51.975885
2026-03-04 02:45+01:00,51.603260
2026-03-04 03:00+01:00,52.956103
2026-03-04 03:15+01:00,47.227592
2026-03-04 03:30+01:00,49.382781
2026-03-04 03:45+01:00,49.501224
2026-03-04 04:00+01:00,50.512281
2026-03-04 04:15+01:00,49.574361
2026-03-04 04:30+01:00,53.079560
2026-03-04 04:45+01:00,52.321301
2026-03-04 05:00+01:00,49.781089
2026-03-04 05:15+01:00,46.326454
2026-03-04 05:30+01:00,
2026-03-04 05:45+01:00,54.836652
2026-03-04 06:00+01:00,35.767808
2026-03-04 06:15+01:00,2.651471
2026-03-04 06:30+01:00,3.239401
2026-03-04 06:45+01:00,37.178766
2026-03-04 07:00+01:00,33.626392
2026-03-04 07:15+01:00,34.104568
2026-03-04 07:30+01:00,2.521602
2026-03-04 07:45+01:00,1.880487
2026-03-04 08:00+01:00,2.372229
2026-03-04 08:15+01:00,2.472541
2026-03-04 08:30+01:00,3.273058
2026-03-04 08:45+01:00,33.917992
2026-03-04 09:00+01:00,1.985806
2026-03-04 09:15+01:00,37.424997
2026-03-04 09:30+01:00,2.691441
2026-03-04 09:45+01:00,35.992386
2026-03-04 10:00+01:00,2.797252
2026-03-04 10:15+01:00,2.293036
2026-03-04 10:30+01:00,2.582932
2026-03-04 10:45+01:00,35.522328
2026-03-04 11:00+01:00,0.000000
2026-03-04 11:15+01:00,33.444732
2026-03-04 11:30+01:00,2.944131
2026-03-04 11:45+01:00,2.766514
2026-03-04 12:00+01:00,35.593673
2026-03-04 12:15+01:00,38.332957
2026-03-04 12:30+01:00,3.223947
2026-03-04 12:45+01:00,2.579888
2026-03-04 13:00+01:00,
2026-03-04 13:15+01:00,35.667346
2026-03-04 13:30+01:00,2.703791
2026-03-04 13:45+01:00,2.937362
2026-03-04 14:00+01:00,2.743680
2026-03-04 14:15+01:00,37.392099
2026-03-04 14:30+01:00,37.008377
2026-03-04 14:45+01:00,3.181923
2026-03-04 15:00+01:00,1.988658
2026-03-04 15:15+01:00,2.176489
2026-03-04 15:30+01:00,0.000000
2026-03-04 15:45+01:00,34.807075
2026-03-04 16:00+01:00,3.472986
2026-03-04 16:15+01:00,2.867430
2026-03-04 16:30+01:00,33.503862
2026-03-04 16:45+01:00,2.806411
2026-03-04 17:00+01:00,2.752984
2026-03-04 17:15+01:00,3.376758
2026-03-04 17:30+01:00,3.207816
2026-03-04 17:45+01:00,2.312830
2026-03-04 18:00+01:00,2.193713
2026-03-04 18:15+01:00,2.822469
2026-03-04 18:30+01:00,
2026-03-04 18:45+01:00,37.419930
2026-03-04 19:00+01:00,52.418730
2026-03-04 19:15+01:00,
2026-03-04 19:30+01:00,46.025146
2026-03-04 19:45+01:00,49.601301
2026-03-04 20:00+01:00,52.596096
2026-03-04 20:15+01:00,51.671356
2026-03-04 20:30+01:00,52.136380
2026-03-04 20:45+01:00,50.490563
2026-03-04 21:00+01:00,52.138563
2026-03-04 21:15+01:00,51.653877
2026-03-04 21:30+01:00,51.986193
2026-03-04 21:45+01:00,50.901511
2026-03-04 22:00+01:00,51.035141
2026-03-04 22:15+01:00,50.845909
2026-03-04 22:30+01:00,49.506085
2026-03-04 22:45+01:00,52.611764
2026-03-04 23:00+01:00,51.741155
2026-03-04 23:15+01:00,50.132530
2026-03-04 23:30+01:00,46.822088
2026-03-04 23:45+01:00,52.243901
2026-03-05 00:00+01:00,47.966805
2026-03-05 00:15+01:00,53.199898
2026-03-05 00:30+01:00,50.134054
2026-03-05 00:45+01:00,
2026-03-05 01:00+01:00,53.188115
2026-03-05 01:15+01:00,53.127888
2026-03-05 01:30+01:00,54.006571
2026-03-05 01:45+01:00,52.212124
2026-03-05 02:00+01:00,49.247355
2026-03-05 02:15+01:00,49.023722
2026-03-05 02:30+01:00,51.755951
2026-03-05 02:45+01:00,
2026-03-05 03:00+01:00,51.666653
2026-03-05 03:15+01:00,49.827307
2026-03-05 03:30+01:00,49.218196
2026-03-05 03:45+01:00,44.692517
2026-03-05 04:00+01:00,
2026-03-05 04:15+01:00,49.470119
2026-03-05 04:30+01:00,45.018403
2026-03-05 04:45+01:00,50.222589
2026-03-05 05:00+01:00,52.084258
2026-03-05 05:15+01:00,47.652935
2026-03-05 05:30+01:00,52.543474
2026-03-05 05:45+01:00,52.709445
2026-03-05 06:00+01:00,2.714200
2026-03-05 06:15+01:00,35.634910
2026-03-05 06:30+01:00,2.443278
2026-03-05 06:45+01:00,2.212965
2026-03-05 07:00+01:00,36.680365
2026-03-05 07:15+01:00,
2026-03-05 07:30+01:00,2.996194
2026-03-05 07:45+01:00,35.646928
2026-03-05 08:00+01:00,3.177440
2026-03-05 08:15+01:00,
2026-03-05 08:30+01:00,2.079936
2026-03-05 08:45+01:00,
2026-03-05 09:00+01:00,35.905916
2026-03-05 09:15+01:00,3.643953
2026-03-05 09:30+01:00,34.669198
2026-03-05 09:45+01:00,34.221521
2026-03-05 10:00+01:00,3.213966
2026-03-05 10:15+01:00,2.644753
2026-03-05 10:30+01:00,1.284552
2026-03-05 10:45+01:00,36.388242
2026-03-05 11:00+01:00,2.621365
2026-03-05 11:15+01:00,2.656161
2026-03-05 11:30+01:00,
2026-03-05 11:45+01:00,2.635918
2026-03-05 12:00+01:00,2.176602
2026-03-05 12:15+01:00,2.595562
2026-03-05 12:30+01:00,
2026-03-05 12:45+01:00,34.055295
2026-03-05 13:00+01:00,3.369182
2026-03-05 13:15+01:00,32.370637
2026-03-05 13:30+01:00,2.754994
2026-03-05 13:45+01:00,2.525507
2026-03-05 14:00+01:00,2.661063
2026-03-05 14:15+01:00,34.661760
2026-03-05 14:30+01:00,34.496952
2026-03-05 14:45+01:00,2.194812
2026-03-05 15:00+01:00,1.913168
2026-03-05 15:15+01:00,2.615815
2026-03-05 15:30+01:00,2.359092
2026-03-05 15:45+01:00,35.005953
2026-03-05 16:00+01:00,33.569541
2026-03-05 16:15+01:00,2.629974
2026-03-05 16:30+01:00,0.000000
2026-03-05 16:45+01:00,2.792339
2026-03-05 17:00+01:00,2.809476
2026-03-05 17:15+01:00,2.508808
2026-03-05 17:30+01:00,2.401258
2026-03-05 17:45+01:00,2.774483
2026-03-05 18:00+01:00,35.708077
2026-03-05 18:15+01:00,3.347520
2026-03-05 18:30+01:00,36.877981
2026-03-05 18:45+01:00,2.458593
2026-03-05 19:00+01:00,49.192086
2026-03-05 19:15+01:00,51.834059
2026-03-05 19:30+01:00,
2026-03-05 19:45+01:00,52.448690
2026-03-05 20:00+01:00,51.527489
2026-03-05 20:15+01:00,54.829705
2026-03-05 20:30+01:00,51.356061
2026-03-05 20:45+01:00,53.493831
2026-03-05 21:00+01:00,50.288151
2026-03-05 21:15+01:00,48.910220
2026-03-05 21:30+01:00,46.405502
2026-03-05 21:45+01:00,51.184779
2026-03-05 22:00+01:00,51.270483
2026-03-05 22:15+01:00,52.646262
2026-03-05 22:30+01:00,51.645111
2026-03-05 22:45+01:00,52.445670
2026-03-05 23:00+01:00,50.859157
2026-03-05 23:15+01:00,54.635550
2026-03-05 23:30+01:00,52.038313
2026-03-05 23:45+01:00,51.141298
2026-03-06 00:00+01:00,50.196527
2026-03-06 00:15+01:00,48.955949
2026-03-06 00:30+01:00,51.542998
2026-03-06 00:45+01:00,50.756740
2026-03-06 01:00+01:00,52.660266
2026-03-06 01:15+01:00,49.585804
2026-03-06 01:30+01:00,51.349192
2026-03-06 01:45+01:00,48.205930
2026-03-06 02:00+01:00,52.547361
2026-03-06 02:15+01:00,
2026-03-06 02:30+01:00,50.507884
2026-03-06 02:45+01:00,53.140084
2026-03-06 03:00+01:00,50.425409
2026-03-06 03:15+01:00,49.974962
2026-03-06 03:30+01:00,52.908290
2026-03-06 03:45+01:00,49.686416
2026-03-06 04:00+01:00,52.608364
2026-03-06 04:15+01:00,
2026-03-06 04:30+01:00,53.416469
2026-03-06 04:45+01:00,48.796875
2026-03-06 05:00+01:00,48.287003
2026-03-06 05:15+01:00,49.961831
2026-03-06 05:30+01:00,52.971243
2026-03-06 05:45+01:00,50.715725
2026-03-06 06:00+01:00,3.192087
2026-03-06 06:15+01:00,36.156019
2026-03-06 06:30+01:00,3.285454
2026-03-06 06:45+01:00,34.149265
2026-03-06 07:00+01:00,3.275828
2026-03-06 07:15+01:00,0.000000
2026-03-06 07:30+01:00,38.280741
2026-03-06 07:45+01:00,37.979815
2026-03-06 08:00+01:00,0.000000
2026-03-06 08:15+01:00,37.347087
2026-03-06 08:30+01:00,2.504538
2026-03-06 08:45+01:00,31.221086
2026-03-06 09:00+01:00,2.983242
2026-03-06 09:15+01:00,34.076880
2026-03-06 09:30+01:00,
2026-03-06 09:45+01:00,0.000000
2026-03-06 10:00+01:00,35.891318
2026-03-06 10:15+01:00,3.054099
2026-03-06 10:30+01:00,34.553657
2026-03-06 10:45+01:00,35.179246
2026-03-06 11:00+01:00,1.795739
2026-03-06 11:15+01:00,36.458069
2026-03-06 11:30+01:00,
2026-03-06 11:45+01:00,
2026-03-06 12:00+01:00,2.254883
2026-03-06 12:15+01:00,2.372773
2026-03-06 12:30+01:00,37.222794
2026-03-06 12:45+01:00,1.943610
2026-03-06 13:00+01:00,3.245542
2026-03-06 13:15+01:00,36.593306
2026-03-06 13:30+01:00,34.660384
2026-03-06 13:45+01:00,34.930053
2026-03-06 14:00+01:00,3.167276
2026-03-06 14:15+01:00,3.129035
2026-03-06 14:30+01:00,37.582333
2026-03-06 14:45+01:00,2.878022
2026-03-06 15:00+01:00,33.606693
2026-03-06 15:15+01:00,0.000000
2026-03-06 15:30+01:00,
2026-03-06 15:45+01:00,36.898783
2026-03-06 16:00+01:00,1.972700
2026-03-06 16:15+01:00,36.931936
2026-03-06 16:30+01:00,2.147801
2026-03-06 16:45+01:00,35.503900
2026-03-06 17:00+01:00,2.870638
2026-03-06 17:15+01:00,3.308924
2026-03-06 17:30+01:00,34.160403
2026-03-06 17:45+01:00,34.241773
2026-03-06 18:00+01:00,
2026-03-06 18:15+01:00,36.588077
2026-03-06 18:30+01:00,2.752155
2026-03-06 18:45+01:00,
2026-03-06 19:00+01:00,51.339673
2026-03-06 19:15+01:00,49.537554
2026-03-06 19:30+01:00,49.472880
2026-03-06 19:45+01:00,52.143696
2026-03-06 20:00+01:00,53.872565
2026-03-06 20:15+01:00,
2026-03-06 20:30+01:00,51.902069
2026-03-06 20:45+01:00,49.040377
2026-03-06 21:00+01:00,46.041131
2026-03-06 21:15+01:00,48.909734
2026-03-06 21:30+01:00,49.229006
2026-03-06 21:45+01:00,
2026-03-06 22:00+01:00,55.528457
2026-03-06 22:15+01:00,48.034443
2026-03-06 22:30+01:00,50.103831
2026-03-06 22:45+01:00,49.729214
2026-03-06 23:00+01:00,50.395973
2026-03-06 23:15+01:00,48.160576
2026-03-06 23:30+01:00,56.290261
2026-03-06 23:45+01:00,49.989823
2026-03-07 00:00+01:00,48.424376
2026-03-07 00:15+01:00,50.696060
2026-03-07 00:30+01:00,52.512332
2026-03-07 00:45+01:00,
2026-03-07 01:00+01:00,49.070456
2026-03-07 01:15+01:00,51.478734
2026-03-07 01:30+01:00,50.318516
2026-03-07 01:45+01:00,51.484463
2026-03-07 02:00+01:00,52.398204
2026-03-07 02:15+01:00,46.485577
2026-03-07 02:30+01:00,49.019617
2026-03-07 02:45+01:00,55.894788
2026-03-07 03:00+01:00,47.117539
2026-03-07 03:15+01:00,48.715102
2026-03-07 03:30+01:00,51.995785
2026-03-07 03:45+01:00,44.997025
2026-03-07 04:00+01:00,50.619099
2026-03-07 04:15+01:00,55.092545
2026-03-07 04:30+01:00,50.174226
2026-03-07 04:45+01:00,53.563566
2026-03-07 05:00+01:00,55.837538
2026-03-07 05:15+01:00,55.065234
2026-03-07 05:30+01:00,50.173649
2026-03-07 05:45+01:00,54.315847
2026-03-07 06:00+01:00,3.096483
2026-03-07 06:15+01:00,2.620308
2026-03-07 06:30+01:00,3.664622
2026-03-07 06:45+01:00,2.855700
2026-03-07 07:00+01:00,2.719628
2026-03-07 07:15+01:00,1.978580
2026-03-07 07:30+01:00,3.296456
2026-03-07 07:45+01:00,2.841150
2026-03-07 08:00+01:00,2.000537
2026-03-07 08:15+01:00,1.202152
2026-03-07 08:30+01:00,2.017595
2026-03-07 08:45+01:00,
2026-03-07 09:00+01:00,1.860478
2026-03-07 09:15+01:00,
2026-03-07 09:30+01:00,1.647810
2026-03-07 09:45+01:00,2.784947
2026-03-07 10:00+01:00,3.416688
2026-03-07 10:15+01:00,3.145427
2026-03-07 10:30+01:00,0.000000
2026-03-07 10:45+01:00,2.742828
2026-03-07 11:00+01:00,1.898864
2026-03-07 11:15+01:00,2.357614
2026-03-07 11:30+01:00,2.370042
2026-03-07 11:45+01:00,2.264068
2026-03-07 12:00+01:00,2.361263
2026-03-07 12:15+01:00,2.753237
2026-03-07 12:30+01:00,2.077876
2026-03-07 12:45+01:00,2.570600
2026-03-07 13:00+01:00,2.190496
2026-03-07 13:15+01:00,2.228255
2026-03-07 13:30+01:00,2.268035
2026-03-07 13:45+01:00,2.725830
2026-03-07 14:00+01:00,
2026-03-07 14:15+01:00,
2026-03-07 14:30+01:00,2.789826
2026-03-07 14:45+01:00,2.420671
2026-03-07 15:00+01:00,2.022160
2026-03-07 15:15+01:00,0.000000
2026-03-07 15:30+01:00,2.008759
2026-03-07 15:45+01:00,2.896704
2026-03-07 16:00+01:00,2.700874
2026-03-07 16:15+01:00,2.562414
2026-03-07 16:30+01:00,1.737589
2026-03-07 16:45+01:00,3.022340
2026-03-07 17:00+01:00,2.221975
2026-03-07 17:15+01:00,
2026-03-07 17:30+01:00,2.164295
2026-03-07 17:45+01:00,2.653532
2026-03-07 18:00+01:00,0.000000
2026-03-07 18:15+01:00,2.435628
2026-03-07 18:30+01:00,3.890763
2026-03-07 18:45+01:00,2.532196
2026-03-07 19:00+01:00,47.759292
2026-03-07 19:15+01:00,51.281140
2026-03-07 19:30+01:00,48.031408
2026-03-07 19:45+01:00,47.081550
2026-03-07 20:00+01:00,51.004418
2026-03-07 20:15+01:00,51.112787
2026-03-07 20:30+01:00,53.713145
2026-03-07 20:45+01:00,53.044444
2026-03-07 21:00+01:00,50.109568
2026-03-07 21:15+01:00,53.191434
2026-03-07 21:30+01:00,55.094460
2026-03-07 21:45+01:00,49.240184
2026-03-07 22:00+01:00,48.700545
2026-03-07 22:15+01:00,52.221003
2026-03-07 22:30+01:00,
2026-03-07 22:45+01:00,47.745939
2026-03-07 23:00+01:00,51.210050
2026-03-07 23:15+01:00,52.804450
2026-03-07 23:30+01:00,54.798400
2026-03-07 23:45+01:00,50.032758
2026-03-08 00:00+01:00,48.288142
2026-03-08 00:15+01:00,52.663831
2026-03-08 00:30+01:00,50.505683
2026-03-08 00:45+01:00,47.758420
2026-03-08 01:00+01:00,48.601970
2026-03-08 01:15+01:00,51.624509
2026-03-08 01:30+01:00,50.705631
2026-03-08 01:45+01:00,53.579120
2026-03-08 02:00+01:00,48.793653
2026-03-08 02:15+01:00,46.889811
2026-03-08 02:30+01:00,
2026-03-08 02:45+01:00,55.913665
2026-03-08 03:00+01:00,52.303908
2026-03-08 03:15+01:00,
2026-03-08 03:30+01:00,
2026-03-08 03:45+01:00,50.802549
2026-03-08 04:00+01:00,51.176760
2026-03-08 04:15+01:00,54.877035
2026-03-08 04:30+01:00,53.614445
2026-03-08 04:45+01:00,49.024189
2026-03-08 05:00+01:00,53.404931
2026-03-08 05:15+01:00,48.955980
2026-03-08 05:30+01:00,
2026-03-08 05:45+01:00,
2026-03-08 06:00+01:00,3.364418
2026-03-08 06:15+01:00,2.448837
2026-03-08 06:30+01:00,2.102682
2026-03-08 06:45+01:00,2.190485
2026-03-08 07:00+01:00,2.126352
2026-03-08 07:15+01:00,2.561081
2026-03-08 07:30+01:00,3.048650
2026-03-08 07:45+01:00,3.790379
2026-03-08 08:00+01:00,2.794073
2026-03-08 08:15+01:00,2.276090
2026-03-08 08:30+01:00,2.578281
2026-03-08 08:45+01:00,3.385333
2026-03-08 09:00+01:00,2.309814
2026-03-08 09:15+01:00,1.595835
2026-03-08 09:30+01:00,2.549408
2026-03-08 09:45+01:00,0.000000
2026-03-08 10:00+01:00,2.439298
2026-03-08 10:15+01:00,
2026-03-08 10:30+01:00,2.553899
2026-03-08 10:45+01:00,3.079098
2026-03-08 11:00+01:00,2.437795
2026-03-08 11:15+01:00,2.684026
2026-03-08 11:30+01:00,2.456671
2026-03-08 11:45+01:00,2.030869
2026-03-08 12:00+01:00,2.872083
2026-03-08 12:15+01:00,2.728596
2026-03-08 12:30+01:00,
2026-03-08 12:45+01:00,
2026-03-08 13:00+01:00,2.552191
2026-03-08 13:15+01:00,2.284506
2026-03-08 13:30+01:00,2.364263
2026-03-08 13:45+01:00,2.034332
2026-03-08 14:00+01:00,4.024721
2026-03-08 14:15+01:00,2.342716
2026-03-08 14:30+01:00,3.023824
2026-03-08 14:45+01:00,1.718805
2026-03-08 15:00+01:00,2.738644
2026-03-08 15:15+01:00,2.804727
2026-03-08 15:30+01:00,3.353720
2026-03-08 15:45+01:00,2.367442
2026-03-08 16:00+01:00,
2026-03-08 16:15+01:00,2.100386
2026-03-08 16:30+01:00,3.106963
2026-03-08 16:45+01:00,2.898613
2026-03-08 17:00+01:00,2.639266
2026-03-08 17:15+01:00,1.757059
2026-03-08 17:30+01:00,2.076072
2026-03-08 17:45+01:00,3.082987
2026-03-08 18:00+01:00,2.114796
2026-03-08 18:15+01:00,2.375838
2026-03-08 18:30+01:00,
2026-03-08 18:45+01:00,2.836486
2026-03-08 19:00+01:00,51.097969
2026-03-08 19:15+01:00,
2026-03-08 19:30+01:00,55.317138
2026-03-08 19:45+01:00,52.970232
2026-03-08 20:00+01:00,48.112171
2026-03-08 20:15+01:00,48.650225
2026-03-08 20:30+01:00,49.341023
2026-03-08 20:45+01:00,51.289501
2026-03-08 21:00+01:00,53.533268
2026-03-08 21:15+01:00,50.007711
2026-03-08 21:30+01:00,45.390697
2026-03-08 21:45+01:00,49.881416
2026-03-08 22:00+01:00,50.465768
2026-03-08 22:15+01:00,46.223065
2026-03-08 22:30+01:00,53.619854
2026-03-08 22:45+01:00,50.812426
2026-03-08 23:00+01:00,55.306891
2026-03-08 23:15+01:00,49.101950
2026-03-08 23:30+01:00,47.150989
2026-03-08 23:45+01:00,50.595123
2026-03-09 00:00+01:00,52.557746
2026-03-09 00:15+01:00,48.497657
2026-03-09 00:30+01:00,49.553298
2026-03-09 00:45+01:00,52.457646
2026-03-09 01:00+01:00,50.655164
2026-03-09 01:15+01:00,50.204495
2026-03-09 01:30+01:00,54.362374
2026-03-09 01:45+01:00,
2026-03-09 02:00+01:00,
2026-03-09 02:15+01:00,50.375193
2026-03-09 02:30+01:00,52.400271
2026-03-09 02:45+01:00,47.719114
2026-03-09 03:00+01:00,
2026-03-09 03:15+01:00,48.962887
2026-03-09 03:30+01:00,52.771565
2026-03-09 03:45+01:00,47.247498
2026-03-09 04:00+01:00,48.421219
2026-03-09 04:15+01:00,49.339393
2026-03-09 04:30+01:00,46.170634
2026-03-09 04:45+01:00,47.995291
2026-03-09 05:00+01:00,49.993726
2026-03-09 05:15+01:00,54.447032
2026-03-09 05:30+01:00,51.610038
2026-03-09 05:45+01:00,46.508197
2026-03-09 06:00+01:00,2.624716
2026-03-09 06:15+01:00,3.122884
2026-03-09 06:30+01:00,2.568859
2026-03-09 06:45+01:00,33.146368
2026-03-09 07:00+01:00,0.000000
2026-03-09 07:15+01:00,2.482657
2026-03-09 07:30+01:00,2.588062
2026-03-09 07:45+01:00,32.187581
2026-03-09 08:00+01:00,35.000608
2026-03-09 08:15+01:00,3.310268
2026-03-09 08:30+01:00,33.669129
2026-03-09 08:45+01:00,2.153656
2026-03-09 09:00+01:00,
2026-03-09 09:15+01:00,
2026-03-09 09:30+01:00,34.194807
2026-03-09 09:45+01:00,2.297698
2026-03-09 10:00+01:00,0.000000
2026-03-09 10:15+01:00,37.402589
2026-03-09 10:30+01:00,3.273624
2026-03-09 10:45+01:00,0.000000
2026-03-09 11:00+01:00,35.973159
2026-03-09 11:15+01:00,2.602641
2026-03-09 11:30+01:00,2.446580
2026-03-09 11:45+01:00,
2026-03-09 12:00+01:00,37.252300
2026-03-09 12:15+01:00,35.568977
2026-03-09 12:30+01:00,33.893244
2026-03-09 12:45+01:00,
2026-03-09 13:00+01:00,3.496676
2026-03-09 13:15+01:00,32.386450
2026-03-09 13:30+01:00,2.518802
2026-03-09 13:45+01:00,0.000000
2026-03-09 14:00+01:00,35.231581
2026-03-09 14:15+01:00,
2026-03-09 14:30+01:00,2.239858
2026-03-09 14:45+01:00,
2026-03-09 15:00+01:00,2.326801
2026-03-09 15:15+01:00,35.288783
2026-03-09 15:30+01:00,2.769512
2026-03-09 15:45+01:00,32.524680
2026-03-09 16:00+01:00,33.811405
2026-03-09 16:15+01:00,1.881512
2026-03-09 16:30+01:00,37.428263
2026-03-09 16:45+01:00,3.190598
2026-03-09 17:00+01:00,
2026-03-09 17:15+01:00,34.469375
2026-03-09 17:30+01:00,32.756755
2026-03-09 17:45+01:00,1.043235
2026-03-09 18:00+01:00,0.000000
2026-03-09 18:15+01:00,2.589552
2026-03-09 18:30+01:00,3.745002
2026-03-09 18:45+01:00,0.000000
2026-03-09 19:00+01:00,56.063979
2026-03-09 19:15+01:00,
2026-03-09 19:30+01:00,53.266858
2026-03-09 19:45+01:00,50.258725
2026-03-09 20:00+01:00,50.521701
2026-03-09 20:15+01:00,50.029027
2026-03-09 20:30+01:00,50.623457
2026-03-09 20:45+01:00,52.744639
2026-03-09 21:00+01:00,49.924356
2026-03-09 21:15+01:00,49.019809
2026-03-09 21:30+01:00,51.541078
2026-03-09 21:45+01:00,49.056359
2026-03-09 22:00+01:00,51.236201
2026-03-09 22:15+01:00,52.994305
2026-03-09 22:30+01:00,
2026-03-09 22:45+01:00,48.109774
2026-03-09 23:00+01:00,
2026-03-09 23:15+01:00,54.589261
2026-03-09 23:30+01:00,54.202231
2026-03-09 23:45+01:00,50.542097
2026-03-10 00:00+01:00,51.086288
2026-03-10 00:15+01:00,52.448787
2026-03-10 00:30+01:00,52.797929
2026-03-10 00:45+01:00,50.755517
2026-03-10 01:00+01:00,
2026-03-10 01:15+01:00,49.687397
2026-03-10 01:30+01:00,48.687958
2026-03-10 01:45+01:00,52.249003
2026-03-10 02:00+01:00,51.524958
2026-03-10 02:15+01:00,50.836620
2026-03-10 02:30+01:00,52.431325
2026-03-10 02:45+01:00,50.594238
2026-03-10 03:00+01:00,54.570324
2026-03-10 03:15+01:00,52.028724
2026-03-10 03:30+01:00,52.784989
2026-03-10 03:45+01:00,
2026-03-10 04:00+01:00,53.151098
2026-03-10 04:15+01:00,52.481008
2026-03-10 04:30+01:00,49.991834
2026-03-10 04:45+01:00,50.840492
2026-03-10 05:00+01:00,47.672486
2026-03-10 05:15+01:00,55.188712
2026-03-10 05:30+01:00,50.979988
2026-03-10 05:45+01:00,52.204800
2026-03-10 06:00+01:00,2.555104
2026-03-10 06:15+01:00,0.000000
2026-03-10 06:30+01:00,1.257215
2026-03-10 06:45+01:00,1.968028
2026-03-10 07:00+01:00,2.753103
2026-03-10 07:15+01:00,33.813009
2026-03-10 07:30+01:00,34.241904
2026-03-10 07:45+01:00,0.000000
2026-03-10 08:00+01:00,
2026-03-10 08:15+01:00,
2026-03-10 08:30+01:00,2.952977
2026-03-10 08:45+01:00,
2026-03-10 09:00+01:00,34.883175
2026-03-10 09:15+01:00,2.371190
2026-03-10 09:30+01:00,0.000000
2026-03-10 09:45+01:00,2.952188
2026-03-10 10:00+01:00,3.114059
2026-03-10 10:15+01:00,33.862066
2026-03-10 10:30+01:00,32.877223
2026-03-10 10:45+01:00,35.693717
2026-03-10 11:00+01:00,3.187414
2026-03-10 11:15+01:00,37.469505
2026-03-10 11:30+01:00,34.888386
2026-03-10 11:45+01:00,2.353779
2026-03-10 12:00+01:00,34.660297
2026-03-10 12:15+01:00,34.465062
2026-03-10 12:30+01:00,34.992214
2026-03-10 12:45+01:00,2.187910
2026-03-10 13:00+01:00,2.354937
2026-03-10 13:15+01:00,3.131479
2026-03-10 13:30+01:00,2.207438
2026-03-10 13:45+01:00,2.340900
2026-03-10 14:00+01:00,2.507666
2026-03-10 14:15+01:00,3.532160
2026-03-10 14:30+01:00,2.059170
2026-03-10 14:45+01:00,34.340871
2026-03-10 15:00+01:00,2.753054
2026-03-10 15:15+01:00,
2026-03-10 15:30+01:00,34.291859
2026-03-10 15:45+01:00,2.750534
2026-03-10 16:00+01:00,0.000000
2026-03-10 16:15+01:00,2.791202
2026-03-10 16:30+01:00,3.263064
2026-03-10 16:45+01:00,37.049524
2026-03-10 17:00+01:00,35.272475
2026-03-10 17:15+01:00,2.746854
2026-03-10 17:30+01:00,2.755447
2026-03-10 17:45+01:00,2.007682
2026-03-10 18:00+01:00,32.733820
2026-03-10 18:15+01:00,2.025011
2026-03-10 18:30+01:00,35.139423
2026-03-10 18:45+01:00,38.545211
2026-03-10 19:00+01:00,48.058411
2026-03-10 19:15+01:00,52.675916
2026-03-10 19:30+01:00,47.608906
2026-03-10 19:45+01:00,51.016243
2026-03-10 20:00+01:00,54.059394
2026-03-10 20:15+01:00,54.522239
2026-03-10 20:30+01:00,50.705955
2026-03-10 20:45+01:00,47.088493
2026-03-10 21:00+01:00,49.978510
2026-03-10 21:15+01:00,49.094625
2026-03-10 21:30+01:00,52.233060
2026-03-10 21:45+01:00,54.477852
2026-03-10 22:00+01:00,47.371569
2026-03-10 22:15+01:00,54.464690
2026-03-10 22:30+01:00,44.150527
2026-03-10 22:45+01:00,51.587443
2026-03-10 23:00+01:00,
2026-03-10 23:15+01:00,47.957222
2026-03-10 23:30+01:00,54.673725
2026-03-10 23:45+01:00,53.375790
2026-03-11 00:00+01:00,54.512665
2026-03-11 00:15+01:00,49.459559
2026-03-11 00:30+01:00,52.374833
2026-03-11 00:45+01:00,
2026-03-11 01:00+01:00,47.424977
2026-03-11 01:15+01:00,49.889213
2026-03-11 01:30+01:00,53.339593
2026-03-11 01:45+01:00,52.035038
2026-03-11 02:00+01:00,43.731256
2026-03-11 02:15+01:00,52.221895
2026-03-11 02:30+01:00,49.629161
2026-03-11 02:45+01:00,
2026-03-11 03:00+01:00,48.849996
2026-03-11 03:15+01:00,52.189635
2026-03-11 03:30+01:00,53.087695
2026-03-11 03:45+01:00,49.312845
2026-03-11 04:00+01:00,48.692883
2026-03-11 04:15+01:00,52.811713
2026-03-11 04:30+01:00,
2026-03-11 04:45+01:00,46.958778
2026-03-11 05:00+01:00,50.965710
2026-03-11 05:15+01:00,51.654203
2026-03-11 05:30+01:00,50.903400
2026-03-11 05:45+01:00,48.073654
2026-03-11 06:00+01:00,35.502122
2026-03-11 06:15+01:00,34.125131
2026-03-11 06:30+01:00,36.070808
2026-03-11 06:45+01:00,33.264033
2026-03-11 07:00+01:00,2.898490
2026-03-11 07:15+01:00,40.253981
2026-03-11 07:30+01:00,2.295427
2026-03-11 07:45+01:00,
2026-03-11 08:00+01:00,2.945987
2026-03-11 08:15+01:00,32.229465
2026-03-11 08:30+01:00,33.493151
2026-03-11 08:45+01:00,33.414970
2026-03-11 09:00+01:00,3.508411
2026-03-11 09:15+01:00,
2026-03-11 09:30+01:00,2.918599
2026-03-11 09:45+01:00,2.531933
2026-03-11 10:00+01:00,33.681931
2026-03-11 10:15+01:00,2.886368
2026-03-11 10:30+01:00,34.358601
2026-03-11 10:45+01:00,36.190762
2026-03-11 11:00+01:00,2.392147
2026-03-11 11:15+01:00,38.139124
2026-03-11 11:30+01:00,2.945649
2026-03-11 11:45+01:00,0.000000
2026-03-11 12:00+01:00,37.931031
2026-03-11 12:15+01:00,2.863416
2026-03-11 12:30+01:00,1.837311
2026-03-11 12:45+01:00,3.617919
2026-03-11 13:00+01:00,35.244804
2026-03-11 13:15+01:00,38.447276
2026-03-11 13:30+01:00,2.241579
2026-03-11 13:45+01:00,35.990402
2026-03-11 14:00+01:00,4.038103
2026-03-11 14:15+01:00,0.000000
2026-03-11 14:30+01:00,2.181612
2026-03-11 14:45+01:00,1.987353
2026-03-11 15:00+01:00,3.014118
2026-03-11 15:15+01:00,2.901241
2026-03-11 15:30+01:00,32.326588
2026-03-11 15:45+01:00,1.898215
2026-03-11 16:00+01:00,34.922437
2026-03-11 16:15+01:00,2.146982
2026-03-11 16:30+01:00,2.093172
2026-03-11 16:45+01:00,
2026-03-11 17:00+01:00,38.416436
2026-03-11 17:15+01:00,
2026-03-11 17:30+01:00,36.249058
2026-03-11 17:45+01:00,2.749189
2026-03-11 18:00+01:00,32.050247
2026-03-11 18:15+01:00,2.599205
2026-03-11 18:30+01:00,32.468079
2026-03-11 18:45+01:00,33.862031
2026-03-11 19:00+01:00,54.299309
2026-03-11 19:15+01:00,52.926071
2026-03-11 19:30+01:00,53.174924
2026-03-11 19:45+01:00,51.612025
2026-03-11 20:00+01:00,49.424467
2026-03-11 20:15+01:00,56.020471
2026-03-11 20:30+01:00,48.352335
2026-03-11 20:45+01:00,48.808474
2026-03-11 21:00+01:00,
2026-03-11 21:15+01:00,48.820261
2026-03-11 21:30+01:00,50.008668
2026-03-11 21:45+01:00,50.999903
2026-03-11 22:00+01:00,48.559513
2026-03-11 22:15+01:00,47.215114
2026-03-11 22:30+01:00,47.950320
2026-03-11 22:45+01:00,50.889997
2026-03-11 23:00+01:00,46.854850
2026-03-11 23:15+01:00,49.567582
2026-03-11 23:30+01:00,48.096482
2026-03-11 23:45+01:00,46.170934
2026-03-12 00:00+01:00,52.235808
2026-03-12 00:15+01:00,
2026-03-12 00:30+01:00,48.284790
2026-03-12 00:45+01:00,52.029346
2026-03-12 01:00+01:00,50.295525
2026-03-12 01:15+01:00,51.124351
2026-03-12 01:30+01:00,50.284230
2026-03-12 01:45+01:00,51.616674
2026-03-12 02:00+01:00,49.736293
2026-03-12 02:15+01:00,
2026-03-12 02:30+01:00,53.829855
2026-03-12 02:45+01:00,46.581939
2026-03-12 03:00+01:00,
2026-03-12 03:15+01:00,
2026-03-12 03:30+01:00,54.812214
2026-03-12 03:45+01:00,47.285033
2026-03-12 04:00+01:00,49.387465
2026-03-12 04:15+01:00,46.827359
2026-03-12 04:30+01:00,52.165298
2026-03-12 04:45+01:00,52.856185
2026-03-12 05:00+01:00,50.073305
2026-03-12 05:15+01:00,48.452313
2026-03-12 05:30+01:00,48.826486
2026-03-12 05:45+01:00,51.903912
2026-03-12 06:00+01:00,32.845956
2026-03-12 06:15+01:00,2.770584
2026-03-12 06:30+01:00,2.220570
2026-03-12 06:45+01:00,2.520432
2026-03-12 07:00+01:00,34.860758
2026-03-12 07:15+01:00,0.000000
2026-03-12 07:30+01:00,2.193040
2026-03-12 07:45+01:00,2.259978
2026-03-12 08:00+01:00,36.130302
2026-03-12 08:15+01:00,3.660038
2026-03-12 08:30+01:00,35.321057
2026-03-12 08:45+01:00,2.600738
2026-03-12 09:00+01:00,
2026-03-12 09:15+01:00,2.425594
2026-03-12 09:30+01:00,
2026-03-12 09:45+01:00,35.534893
2026-03-12 10:00+01:00,2.974666
2026-03-12 10:15+01:00,3.071441
2026-03-12 10:30+01:00,2.857968
2026-03-12 10:45+01:00,2.908289
2026-03-12 11:00+01:00,3.103115
2026-03-12 11:15+01:00,34.974416
2026-03-12 11:30+01:00,32.960125
2026-03-12 11:45+01:00,36.455289
2026-03-12 12:00+01:00,0.000000
2026-03-12 12:15+01:00,2.561824
2026-03-12 12:30+01:00,1.829341
2026-03-12 12:45+01:00,
2026-03-12 13:00+01:00,3.032569
2026-03-12 13:15+01:00,3.086569
2026-03-12 13:30+01:00,1.599932
2026-03-12 13:45+01:00,2.157945
2026-03-12 14:00+01:00,1.960630
2026-03-12 14:15+01:00,2.383667
2026-03-12 14:30+01:00,23.717760
2026-03-12 14:45+01:00,20.520428
2026-03-12 15:00+01:00,2.801430
2026-03-12 15:15+01:00,2.731549
2026-03-12 15:30+01:00,34.052263
2026-03-12 15:45+01:00,36.454427
2026-03-12 16:00+01:00,32.548668
2026-03-12 16:15+01:00,2.358951
2026-03-12 16:30+01:00,2.278778
2026-03-12 16:45+01:00,2.052725
2026-03-12 17:00+01:00,2.138942
2026-03-12 17:15+01:00,2.920561
2026-03-12 17:30+01:00,34.312039
2026-03-12 17:45+01:00,38.460890
2026-03-12 18:00+01:00,36.082303
2026-03-12 18:15+01:00,
2026-03-12 18:30+01:00,2.902551
2026-03-12 18:45+01:00,1.862592
2026-03-12 19:00+01:00,49.289679
2026-03-12 19:15+01:00,55.610782
2026-03-12 19:30+01:00,
2026-03-12 19:45+01:00,53.773374
2026-03-12 20:00+01:00,53.816519
2026-03-12 20:15+01:00,52.336939
2026-03-12 20:30+01:00,50.632688
2026-03-12 20:45+01:00,50.652678
2026-03-12 21:00+01:00,47.247184
2026-03-12 21:15+01:00,49.464592
2026-03-12 21:30+01:00,51.626880
2026-03-12 21:45+01:00,
2026-03-12 22:00+01:00,54.935230
2026-03-12 22:15+01:00,48.877504
2026-03-12 22:30+01:00,48.001766
2026-03-12 22:45+01:00,54.402576
2026-03-12 23:00+01:00,50.446852
2026-03-12 23:15+01:00,51.310190
2026-03-12 23:30+01:00,51.614830
2026-03-12 23:45+01:00,49.494533
2026-03-13 00:00+01:00,48.683817
2026-03-13 00:15+01:00,48.581838
2026-03-13 00:30+01:00,54.186207
2026-03-13 00:45+01:00,48.060268
2026-03-13 01:00+01:00,54.864428
2026-03-13 01:15+01:00,54.749485
2026-03-13 01:30+01:00,
2026-03-13 01:45+01:00,50.617486
2026-03-13 02:00+01:00,50.051263
2026-03-13 02:15+01:00,54.075587
2026-03-13 02:30+01:00,
2026-03-13 02:45+01:00,47.018064
2026-03-13 03:00+01:00,49.092167
2026-03-13 03:15+01:00,50.805159
2026-03-13 03:30+01:00,50.114085
2026-03-13 03:45+01:00,52.893763
2026-03-13 04:00+01:00,48.390639
2026-03-13 04:15+01:00,52.521664
2026-03-13 04:30+01:00,53.380807
2026-03-13 04:45+01:00,50.137679
2026-03-13 05:00+01:00,
2026-03-13 05:15+01:00,49.824705
2026-03-13 05:30+01:00,53.215850
2026-03-13 05:45+01:00,49.544119
2026-03-13 06:00+01:00,35.535834
2026-03-13 06:15+01:00,1.952444
2026-03-13 06:30+01:00,2.344336
2026-03-13 06:45+01:00,0.000000
2026-03-13 07:00+01:00,2.549503
2026-03-13 07:15+01:00,34.410678
2026-03-13 07:30+01:00,34.705691
2026-03-13 07:45+01:00,3.253412
2026-03-13 08:00+01:00,38.376749
2026-03-13 08:15+01:00,36.011338
2026-03-13 08:30+01:00,36.995650
2026-03-13 08:45+01:00,2.302104
2026-03-13 09:00+01:00,35.895020
2026-03-13 09:15+01:00,2.727263
2026-03-13 09:30+01:00,36.415403
2026-03-13 09:45+01:00,38.187172
2026-03-13 10:00+01:00,
2026-03-13 10:15+01:00,31.896914
2026-03-13 10:30+01:00,2.586373
2026-03-13 10:45+01:00,3.059615
2026-03-13 11:00+01:00,33.167506
2026-03-13 11:15+01:00,2.414804
2026-03-13 11:30+01:00,2.812707
2026-03-13 11:45+01:00,38.111917
2026-03-13 12:00+01:00,2.803050
2026-03-13 12:15+01:00,32.600228
2026-03-13 12:30+01:00,36.656456
2026-03-13 12:45+01:00,35.230951
2026-03-13 13:00+01:00,35.117627
2026-03-13 13:15+01:00,2.837765
2026-03-13 13:30+01:00,34.355832
2026-03-13 13:45+01:00,2.289722
2026-03-13 14:00+01:00,3.447033
2026-03-13 14:15+01:00,33.776505
2026-03-13 14:30+01:00,36.608674
2026-03-13 14:45+01:00,2.836959
2026-03-13 15:00+01:00,38.878691
2026-03-13 15:15+01:00,2.780680
2026-03-13 15:30+01:00,
2026-03-13 15:45+01:00,34.429138
2026-03-13 16:00+01:00,2.570477
2026-03-13 16:15+01:00,34.376064
2026-03-13 16:30+01:00,38.799630
2026-03-13 16:45+01:00,36.121291
2026-03-13 17:00+01:00,2.069445
2026-03-13 17:15+01:00,2.495448
2026-03-13 17:30+01:00,2.213857
2026-03-13 17:45+01:00,2.496819
2026-03-13 18:00+01:00,33.306038
2026-03-13 18:15+01:00,2.217449
2026-03-13 18:30+01:00,0.000000
2026-03-13 18:45+01:00,2.696967
2026-03-13 19:00+01:00,54.090191
2026-03-13 19:15+01:00,47.241056
2026-03-13 19:30+01:00,49.924980
2026-03-13 19:45+01:00,48.787948
2026-03-13 20:00+01:00,52.396796
2026-03-13 20:15+01:00,49.648159
2026-03-13 20:30+01:00,
2026-03-13 20:45+01:00,49.219962
2026-03-13 21:00+01:00,51.916096
2026-03-13 21:15+01:00,51.302599
2026-03-13 21:30+01:00,52.009840
2026-03-13 21:45+01:00,49.167127
2026-03-13 22:00+01:00,
2026-03-13 22:15+01:00,47.735810
2026-03-13 22:30+01:00,48.605357
2026-03-13 22:45+01:00,52.576309
2026-03-13 23:00+01:00,49.076628
2026-03-13 23:15+01:00,
2026-03-13 23:30+01:00,52.003339
2026-03-13 23:45+01:00,50.654601
2026-03-14 00:00+01:00,47.852239
2026-03-14 00:15+01:00,48.835322
2026-03-14 00:30+01:00,52.966674
2026-03-14 00:45+01:00,51.066235
2026-03-14 01:00+01:00,50.818262
2026-03-14 01:15+01:00,52.488324
2026-03-14 01:30+01:00,50.591367
2026-03-14 01:45+01:00,47.265141
2026-03-14 02:00+01:00,50.805696
2026-03-14 02:15+01:00,52.284619
2026-03-14 02:30+01:00,48.848461
2026-03-14 02:45+01:00,44.038597
2026-03-14 03:00+01:00,48.652709
2026-03-14 03:15+01:00,52.569306
2026-03-14 03:30+01:00,46.001348
2026-03-14 03:45+01:00,50.319978
2026-03-14 04:00+01:00,54.301897
2026-03-14 04:15+01:00,50.954697
2026-03-14 04:30+01:00,48.954811
2026-03-14 04:45+01:00,55.957279
2026-03-14 05:00+01:00,49.231603
2026-03-14 05:15+01:00,48.264387
2026-03-14 05:30+01:00,52.768358
2026-03-14 05:45+01:00,50.329147
2026-03-14 06:00+01:00,
2026-03-14 06:15+01:00,1.801046
2026-03-14 06:30+01:00,2.865943
2026-03-14 06:45+01:00,2.651067
2026-03-14 07:00+01:00,2.767799
2026-03-14 07:15+01:00,3.199407
2026-03-14 07:30+01:00,2.669056
2026-03-14 07:45+01:00,3.048763
2026-03-14 08:00+01:00,1.909489
2026-03-14 08:15+01:00,0.000000
2026-03-14 08:30+01:00,3.594604
2026-03-14 08:45+01:00,2.734952
2026-03-14 09:00+01:00,2.298646
2026-03-14 09:15+01:00,
2026-03-14 09:30+01:00,1.590635
2026-03-14 09:45+01:00,0.000000
2026-03-14 10:00+01:00,2.187065
2026-03-14 10:15+01:00,1.993324
2026-03-14 10:30+01:00,2.576059
2026-03-14 10:45+01:00,2.805933
2026-03-14 11:00+01:00,2.811889
2026-03-14 11:15+01:00,2.802087
2026-03-14 11:30+01:00,2.547143
2026-03-14 11:45+01:00,2.905361
2026-03-14 12:00+01:00,
2026-03-14 12:15+01:00,2.913464
2026-03-14 12:30+01:00,2.782723
2026-03-14 12:45+01:00,2.920181
2026-03-14 13:00+01:00,1.884485
2026-03-14 13:15+01:00,2.955144
2026-03-14 13:30+01:00,2.514506
2026-03-14 13:45+01:00,3.061083
2026-03-14 14:00+01:00,2.199444
2026-03-14 14:15+01:00,3.160158
2026-03-14 14:30+01:00,3.142088
2026-03-14 14:45+01:00,2.755260
2026-03-14 15:00+01:00,2.649421
2026-03-14 15:15+01:00,0.000000
2026-03-14 15:30+01:00,2.378487
2026-03-14 15:45+01:00,2.613684
2026-03-14 16:00+01:00,3.067347
2026-03-14 16:15+01:00,2.858778
2026-03-14 16:30+01:00,
2026-03-14 16:45+01:00,3.242180
2026-03-14 17:00+01:00,
2026-03-14 17:15+01:00,2.234036
2026-03-14 17:30+01:00,1.870396
2026-03-14 17:45+01:00,2.602274
2026-03-14 18:00+01:00,2.752304
2026-03-14 18:15+01:00,2.477500
2026-03-14 18:30+01:00,3.005825
2026-03-14 18:45+01:00,2.808129
2026-03-14 19:00+01:00,46.726443
2026-03-14 19:15+01:00,51.262274
2026-03-14 19:30+01:00,
2026-03-14 19:45+01:00,50.989059
2026-03-14 20:00+01:00,49.702298
2026-03-14 20:15+01:00,48.732452
2026-03-14 20:30+01:00,49.638661
2026-03-14 20:45+01:00,53.997407
2026-03-14 21:00+01:00,48.647024
2026-03-14 21:15+01:00,50.506384
2026-03-14 21:30+01:00,55.721300
2026-03-14 21:45+01:00,47.717163
2026-03-14 22:00+01:00,52.044368
2026-03-14 22:15+01:00,49.999691
2026-03-14 22:30+01:00,47.277305
2026-03-14 22:45+01:00,51.599767
2026-03-14 23:00+01:00,50.501574
2026-03-14 23:15+01:00,51.042536
2026-03-14 23:30+01:00,53.135018
2026-03-14 23:45+01:00,50.679120
2026-03-15 00:00+01:00,51.747693
2026-03-15 00:15+01:00,48.872528
2026-03-15 00:30+01:00,
2026-03-15 00:45+01:00,52.619649
2026-03-15 01:00+01:00,48.768642
2026-03-15 01:15+01:00,
2026-03-15 01:30+01:00,51.797491
2026-03-15 01:45+01:00,49.891995
2026-03-15 02:00+01:00,50.468884
2026-03-15 02:15+01:00,54.406057
2026-03-15 02:30+01:00,50.801936
2026-03-15 02:45+01:00,54.786993
2026-03-15 03:00+01:00,51.397750
2026-03-15 03:15+01:00,51.064182
2026-03-15 03:30+01:00,50.098198
2026-03-15 03:45+01:00,53.291609
2026-03-15 04:00+01:00,49.837517
2026-03-15 04:15+01:00,51.240539
2026-03-15 04:30+01:00,47.149791
2026-03-15 04:45+01:00,49.356233
2026-03-15 05:00+01:00,50.720635
2026-03-15 05:15+01:00,50.482031
2026-03-15 05:30+01:00,50.118341
2026-03-15 05:45+01:00,53.487670
2026-03-15 06:00+01:00,1.697360
2026-03-15 06:15+01:00,1.807340
2026-03-15 06:30+01:00,3.115613
2026-03-15 06:45+01:00,2.229101
2026-03-15 07:00+01:00,2.692861
2026-03-15 07:15+01:00,2.296849
2026-03-15 07:30+01:00,2.690837
2026-03-15 07:45+01:00,2.499424
2026-03-15 08:00+01:00,2.376495
2026-03-15 08:15+01:00,3.272549
2026-03-15 08:30+01:00,2.756488
2026-03-15 08:45+01:00,3.248350
2026-03-15 09:00+01:00,2.564845
2026-03-15 09:15+01:00,2.882283
2026-03-15 09:30+01:00,2.724182
2026-03-15 09:45+01:00,1.987644
2026-03-15 10:00+01:00,1.580242
2026-03-15 10:15+01:00,2.540659
2026-03-15 10:30+01:00,
2026-03-15 10:45+01:00,3.201319
2026-03-15 11:00+01:00,2.326724
2026-03-15 11:15+01:00,1.792802
2026-03-15 11:30+01:00,2.631500
2026-03-15 11:45+01:00,2.769564
2026-03-15 12:00+01:00,2.304857
2026-03-15 12:15+01:00,3.428794
2026-03-15 12:30+01:00,3.269316
2026-03-15 12:45+01:00,0.000000
2026-03-15 13:00+01:00,2.928909
2026-03-15 13:15+01:00,2.718076
2026-03-15 13:30+01:00,2.370146
2026-03-15 13:45+01:00,2.425473
2026-03-15 14:00+01:00,2.535340
2026-03-15 14:15+01:00,3.304168
2026-03-15 14:30+01:00,0.000000
2026-03-15 14:45+01:00,
2026-03-15 15:00+01:00,0.000000
2026-03-15 15:15+01:00,3.046529
2026-03-15 15:30+01:00,2.936764
2026-03-15 15:45+01:00,3.121678
2026-03-15 16:00+01:00,2.577589
2026-03-15 16:15+01:00,2.816525
2026-03-15 16:30+01:00,2.858203
2026-03-15 16:45+01:00,3.035701
2026-03-15 17:00+01:00,2.991326
2026-03-15 17:15+01:00,2.871495
2026-03-15 17:30+01:00,3.360883
2026-03-15 17:45+01:00,2.814652
2026-03-15 18:00+01:00,2.789604
2026-03-15 18:15+01:00,2.678085
2026-03-15 18:30+01:00,3.103205
2026-03-15 18:45+01:00,2.347335
2026-03-15 19:00+01:00,50.968249
2026-03-15 19:15+01:00,51.872962
2026-03-15 19:30+01:00,52.803448
2026-03-15 19:45+01:00,46.448632
2026-03-15 20:00+01:00,51.394502
2026-03-15 20:15+01:00,49.599936
2026-03-15 20:30+01:00,48.404220
2026-03-15 20:45+01:00,51.534553
2026-03-15 21:00+01:00,49.481483
2026-03-15 21:15+01:00,51.732400
2026-03-15 21:30+01:00,54.562461
2026-03-15 21:45+01:00,49.877040
2026-03-15 22:00+01:00,51.015725
2026-03-15 22:15+01:00,51.092181
2026-03-15 22:30+01:00,
2026-03-15 22:45+01:00,50.700286
2026-03-15 23:00+01:00,51.461222
2026-03-15 23:15+01:00,54.361685
2026-03-15 23:30+01:00,51.029076
2026-03-15 23:45+01:00,51.425985
2026-03-16 00:00+01:00,51.631404
2026-03-16 00:15+01:00,49.937890
2026-03-16 00:30+01:00,52.587757
2026-03-16 00:45+01:00,54.163849
2026-03-16 01:00+01:00,51.033535
2026-03-16 01:15+01:00,51.572923
2026-03-16 01:30+01:00,51.938444
2026-03-16 01:45+01:00,53.163787
2026-03-16 02:00+01:00,55.035341
2026-03-16 02:15+01:00,54.835541
2026-03-16 02:30+01:00,51.669993
2026-03-16 02:45+01:00,52.573563
2026-03-16 03:00+01:00,51.406968
2026-03-16 03:15+01:00,51.031930
2026-03-16 03:30+01:00,55.676139
2026-03-16 03:45+01:00,53.387647
2026-03-16 04:00+01:00,52.915991
2026-03-16 04:15+01:00,52.337516
2026-03-16 04:30+01:00,49.847577
2026-03-16 04:45+01:00,52.574865
2026-03-16 05:00+01:00,51.048338
2026-03-16 05:15+01:00,
2026-03-16 05:30+01:00,
2026-03-16 05:45+01:00,51.474143
2026-03-16 06:00+01:00,1.900409
2026-03-16 06:15+01:00,31.317805
2026-03-16 06:30+01:00,
2026-03-16 06:45+01:00,33.694769
2026-03-16 07:00+01:00,1.880191
2026-03-16 07:15+01:00,2.803037
2026-03-16 07:30+01:00,2.222494
2026-03-16 07:45+01:00,36.097670
2026-03-16 08:00+01:00,3.119358
2026-03-16 08:15+01:00,35.851920
2026-03-16 08:30+01:00,0.000000
2026-03-16 08:45+01:00,36.305843
2026-03-16 09:00+01:00,3.418592
2026-03-16 09:15+01:00,2.929987
2026-03-16 09:30+01:00,35.330498
2026-03-16 09:45+01:00,33.889447
2026-03-16 10:00+01:00,2.676574
2026-03-16 10:15+01:00,2.980566
2026-03-16 10:30+01:00,34.762147
2026-03-16 10:45+01:00,
2026-03-16 11:00+01:00,34.731489
2026-03-16 11:15+01:00,35.033258
2026-03-16 11:30+01:00,
2026-03-16 11:45+01:00,35.413800
2026-03-16 12:00+01:00,37.668367
2026-03-16 12:15+01:00,30.580973
2026-03-16 12:30+01:00,34.219992
2026-03-16 12:45+01:00,2.010300
2026-03-16 13:00+01:00,3.139281
2026-03-16 13:15+01:00,0.000000
2026-03-16 13:30+01:00,36.630970
2026-03-16 13:45+01:00,2.221273
2026-03-16 14:00+01:00,33.875485
2026-03-16 14:15+01:00,36.034990
2026-03-16 14:30+01:00,33.711795
2026-03-16 14:45+01:00,3.220952
2026-03-16 15:00+01:00,3.257035
2026-03-16 15:15+01:00,34.308955
2026-03-16 15:30+01:00,0.000000
2026-03-16 15:45+01:00,2.926030
2026-03-16 16:00+01:00,32.345969
2026-03-16 16:15+01:00,36.439059
2026-03-16 16:30+01:00,2.869572
2026-03-16 16:45+01:00,3.418600
2026-03-16 17:00+01:00,2.391654
2026-03-16 17:15+01:00,2.998743
2026-03-16 17:30+01:00,3.175736
2026-03-16 17:45+01:00,3.109561
2026-03-16 18:00+01:00,36.964966
2026-03-16 18:15+01:00,2.797662
2026-03-16 18:30+01:00,2.770218
2026-03-16 18:45+01:00,36.640489
2026-03-16 19:00+01:00,
2026-03-16 19:15+01:00,51.974173
2026-03-16 19:30+01:00,51.617351
2026-03-16 19:45+01:00,50.868094
2026-03-16 20:00+01:00,51.411985
2026-03-16 20:15+01:00,
2026-03-16 20:30+01:00,
2026-03-16 20:45+01:00,47.903939
2026-03-16 21:00+01:00,51.447357
2026-03-16 21:15+01:00,50.836953
2026-03-16 21:30+01:00,46.849617
2026-03-16 21:45+01:00,55.209831
2026-03-16 22:00+01:00,50.346513
2026-03-16 22:15+01:00,
2026-03-16 22:30+01:00,50.770695
2026-03-16 22:45+01:00,55.332661
2026-03-16 23:00+01:00,52.404856
2026-03-16 23:15+01:00,50.143725
2026-03-16 23:30+01:00,49.795543
2026-03-16 23:45+01:00,51.316020
2026-03-17 00:00+01:00,49.193267
2026-03-17 00:15+01:00,46.967194
2026-03-17 00:30+01:00,52.022243
2026-03-17 00:45+01:00,50.694564
2026-03-17 01:00+01:00,
2026-03-17 01:15+01:00,51.917678
2026-03-17 01:30+01:00,54.662533
2026-03-17 01:45+01:00,52.811557
2026-03-17 02:00+01:00,50.334651
2026-03-17 02:15+01:00,51.734365
2026-03-17 02:30+01:00,48.254678
2026-03-17 02:45+01:00,49.856375
2026-03-17 03:00+01:00,51.812497
2026-03-17 03:15+01:00,50.921071
2026-03-17 03:30+01:00,52.317728
2026-03-17 03:45+01:00,
2026-03-17 04:00+01:00,48.278245
2026-03-17 04:15+01:00,51.850831
2026-03-17 04:30+01:00,
2026-03-17 04:45+01:00,51.378060
2026-03-17 05:00+01:00,49.336053
2026-03-17 05:15+01:00,47.488056
2026-03-17 05:30+01:00,50.658649
2026-03-17 05:45+01:00,
2026-03-17 06:00+01:00,2.964565
2026-03-17 06:15+01:00,34.901985
2026-03-17 06:30+01:00,2.196594
2026-03-17 06:45+01:00,2.800203
2026-03-17 07:00+01:00,37.572654
2026-03-17 07:15+01:00,3.156124
2026-03-17 07:30+01:00,2.373820
2026-03-17 07:45+01:00,34.986813
2026-03-17 08:00+01:00,2.180563
2026-03-17 08:15+01:00,2.944712
2026-03-17 08:30+01:00,36.979037
2026-03-17 08:45+01:00,3.284927
2026-03-17 09:00+01:00,
2026-03-17 09:15+01:00,2.292486
2026-03-17 09:30+01:00,2.593132
2026-03-17 09:45+01:00,3.301700
2026-03-17 10:00+01:00,2.536547
2026-03-17 10:15+01:00,35.342868
2026-03-17 10:30+01:00,
2026-03-17 10:45+01:00,36.237040
2026-03-17 11:00+01:00,2.792827
2026-03-17 11:15+01:00,3.367775
2026-03-17 11:30+01:00,2.374067
2026-03-17 11:45+01:00,34.698846
2026-03-17 12:00+01:00,3.557096
2026-03-17 12:15+01:00,2.741028
2026-03-17 12:30+01:00,38.140693
2026-03-17 12:45+01:00,38.723011
2026-03-17 13:00+01:00,36.592909
2026-03-17 13:15+01:00,2.658340
2026-03-17 13:30+01:00,3.138592
2026-03-17 13:45+01:00,2.514267
2026-03-17 14:00+01:00,36.440261
2026-03-17 14:15+01:00,2.817283
2026-03-17 14:30+01:00,
2026-03-17 14:45+01:00,2.469990
2026-03-17 15:00+01:00,2.138443
2026-03-17 15:15+01:00,34.349583
2026-03-17 15:30+01:00,2.383508
2026-03-17 15:45+01:00,3.299406
2026-03-17 16:00+01:00,
2026-03-17 16:15+01:00,34.590921
2026-03-17 16:30+01:00,2.723061
2026-03-17 16:45+01:00,34.730753
2026-03-17 17:00+01:00,2.711540
2026-03-17 17:15+01:00,2.683310
2026-03-17 17:30+01:00,3.138732
2026-03-17 17:45+01:00,2.456317
2026-03-17 18:00+01:00,2.561219
2026-03-17 18:15+01:00,3.221570
2026-03-17 18:30+01:00,2.940538
2026-03-17 18:45+01:00,2.249255
2026-03-17 19:00+01:00,52.697954
2026-03-17 19:15+01:00,52.246646
2026-03-17 19:30+01:00,
2026-03-17 19:45+01:00,53.104458
2026-03-17 20:00+01:00,49.011427
2026-03-17 20:15+01:00,50.169805
2026-03-17 20:30+01:00,45.481848
2026-03-17 20:45+01:00,48.110556
2026-03-17 21:00+01:00,47.008955
2026-03-17 21:15+01:00,55.325928
2026-03-17 21:30+01:00,52.603192
2026-03-17 21:45+01:00,48.000745
2026-03-17 22:00+01:00,50.837710
2026-03-17 22:15+01:00,47.644302
2026-03-17 22:30+01:00,48.416018
2026-03-17 22:45+01:00,47.018254
2026-03-17 23:00+01:00,49.930020
2026-03-17 23:15+01:00,55.642572
2026-03-17 23:30+01:00,52.876638
2026-03-17 23:45+01:00,53.512109
2026-03-18 00:00+01:00,
2026-03-18 00:15+01:00,52.871099
2026-03-18 00:30+01:00,48.205764
2026-03-18 00:45+01:00,51.751081
2026-03-18 01:00+01:00,49.823618
2026-03-18 01:15+01:00,50.071765
2026-03-18 01:30+01:00,53.111648
2026-03-18 01:45+01:00,50.218819
2026-03-18 02:00+01:00,50.728958
2026-03-18 02:15+01:00,49.987866
2026-03-18 02:30+01:00,49.843216
2026-03-18 02:45+01:00,
2026-03-18 03:00+01:00,52.570118
2026-03-18 03:15+01:00,47.429788
2026-03-18 03:30+01:00,48.426169
2026-03-18 03:45+01:00,51.432371
2026-03-18 04:00+01:00,51.010247
2026-03-18 04:15+01:00,50.981041
2026-03-18 04:30+01:00,45.678735
2026-03-18 04:45+01:00,48.144326
2026-03-18 05:00+01:00,48.807607
2026-03-18 05:15+01:00,52.778164
2026-03-18 05:30+01:00,
2026-03-18 05:45+01:00,48.135269
2026-03-18 06:00+01:00,35.598825
2026-03-18 06:15+01:00,35.373466
2026-03-18 06:30+01:00,2.354622
2026-03-18 06:45+01:00,36.322119
2026-03-18 07:00+01:00,34.756012
2026-03-18 07:15+01:00,2.938584
2026-03-18 07:30+01:00,37.091900
2026-03-18 07:45+01:00,3.128224
2026-03-18 08:00+01:00,35.993804
2026-03-18 08:15+01:00,31.908580
2026-03-18 08:30+01:00,2.284866
2026-03-18 08:45+01:00,34.416206
2026-03-18 09:00+01:00,2.438252
2026-03-18 09:15+01:00,35.864338
2026-03-18 09:30+01:00,2.372982
2026-03-18 09:45+01:00,3.381676
2026-03-18 10:00+01:00,
2026-03-18 10:15+01:00,
2026-03-18 10:30+01:00,2.235233
2026-03-18 10:45+01:00,3.415378
2026-03-18 11:00+01:00,32.697989
2026-03-18 11:15+01:00,1.863922
2026-03-18 11:30+01:00,33.167732
2026-03-18 11:45+01:00,2.539839
2026-03-18 12:00+01:00,2.892384
2026-03-18 12:15+01:00,33.538461
2026-03-18 12:30+01:00,31.473662
2026-03-18 12:45+01:00,2.303872
2026-03-18 13:00+01:00,3.027309
2026-03-18 13:15+01:00,
2026-03-18 13:30+01:00,2.384139
2026-03-18 13:45+01:00,
2026-03-18 14:00+01:00,
2026-03-18 14:15+01:00,2.118718
2026-03-18 14:30+01:00,3.201204
2026-03-18 14:45+01:00,2.479887
2026-03-18 15:00+01:00,2.952049
2026-03-18 15:15+01:00,2.708660
2026-03-18 15:30+01:00,2.946674
2026-03-18 15:45+01:00,34.602883
2026-03-18 16:00+01:00,1.985829
2026-03-18 16:15+01:00,36.089784
2026-03-18 16:30+01:00,38.303532
2026-03-18 16:45+01:00,2.946369
2026-03-18 17:00+01:00,2.768008
2026-03-18 17:15+01:00,38.883950
2026-03-18 17:30+01:00,3.121316
2026-03-18 17:45+01:00,0.000000
2026-03-18 18:00+01:00,33.424287
2026-03-18 18:15+01:00,2.049987
2026-03-18 18:30+01:00,2.133057
2026-03-18 18:45+01:00,33.460872
2026-03-18 19:00+01:00,46.326060
2026-03-18 19:15+01:00,52.063384
2026-03-18 19:30+01:00,50.641874
2026-03-18 19:45+01:00,46.559235
2026-03-18 20:00+01:00,51.863169
2026-03-18 20:15+01:00,50.362536
2026-03-18 20:30+01:00,52.582100
2026-03-18 20:45+01:00,50.110953
2026-03-18 21:00+01:00,51.815894
2026-03-18 21:15+01:00,48.101263
2026-03-18 21:30+01:00,50.681583
2026-03-18 21:45+01:00,51.591058
2026-03-18 22:00+01:00,47.363858
2026-03-18 22:15+01:00,49.406425
2026-03-18 22:30+01:00,52.092135
2026-03-18 22:45+01:00,47.971041
2026-03-18 23:00+01:00,
2026-03-18 23:15+01:00,54.001845
2026-03-18 23:30+01:00,
2026-03-18 23:45+01:00,54.015888
2026-03-19 00:00+01:00,49.663086
2026-03-19 00:15+01:00,48.663799
2026-03-19 00:30+01:00,52.872164
2026-03-19 00:45+01:00,54.447813
2026-03-19 01:00+01:00,51.442177
2026-03-19 01:15+01:00,53.804746
2026-03-19 01:30+01:00,44.830646
2026-03-19 01:45+01:00,53.509154
2026-03-19 02:00+01:00,50.252445
2026-03-19 02:15+01:00,51.322570
2026-03-19 02:30+01:00,48.170430
2026-03-19 02:45+01:00,48.810330
2026-03-19 03:00+01:00,51.331155
2026-03-19 03:15+01:00,52.508726
2026-03-19 03:30+01:00,54.216635
2026-03-19 03:45+01:00,47.713287
2026-03-19 04:00+01:00,49.805226
2026-03-19 04:15+01:00,49.293793
2026-03-19 04:30+01:00,53.984823
2026-03-19 04:45+01:00,51.614076
2026-03-19 05:00+01:00,47.327476
2026-03-19 05:15+01:00,49.497397
2026-03-19 05:30+01:00,47.653024
2026-03-19 05:45+01:00,51.148205
2026-03-19 06:00+01:00,
2026-03-19 06:15+01:00,3.108793
2026-03-19 06:30+01:00,3.044896
2026-03-19 06:45+01:00,34.955611
2026-03-19 07:00+01:00,3.042286
2026-03-19 07:15+01:00,0.000000
2026-03-19 07:30+01:00,2.528514
2026-03-19 07:45+01:00,35.366934
2026-03-19 08:00+01:00,2.637576
2026-03-19 08:15+01:00,2.657274
2026-03-19 08:30+01:00,34.515643
2026-03-19 08:45+01:00,34.527134
2026-03-19 09:00+01:00,36.879644
2026-03-19 09:15+01:00,2.732108
2026-03-19 09:30+01:00,37.236374
2026-03-19 09:45+01:00,3.199341
2026-03-19 10:00+01:00,34.512366
2026-03-19 10:15+01:00,2.301524
2026-03-19 10:30+01:00,0.000000
2026-03-19 10:45+01:00,2.690037
2026-03-19 11:00+01:00,36.491290
2026-03-19 11:15+01:00,2.230805
2026-03-19 11:30+01:00,33.254696
2026-03-19 11:45+01:00,2.057796
2026-03-19 12:00+01:00,3.251589
2026-03-19 12:15+01:00,37.217911
2026-03-19 12:30+01:00,2.976534
2026-03-19 12:45+01:00,2.045814
2026-03-19 13:00+01:00,33.800067
2026-03-19 13:15+01:00,1.913560
2026-03-19 13:30+01:00,34.722511
2026-03-19 13:45+01:00,37.718659
2026-03-19 14:00+01:00,2.899310
2026-03-19 14:15+01:00,1.517934
2026-03-19 14:30+01:00,2.184029
2026-03-19 14:45+01:00,2.016617
2026-03-19 15:00+01:00,34.838610
2026-03-19 15:15+01:00,36.439215
2026-03-19 15:30+01:00,37.625506
2026-03-19 15:45+01:00,2.699898
2026-03-19 16:00+01:00,0.000000
2026-03-19 16:15+01:00,2.726686
2026-03-19 16:30+01:00,36.716795
2026-03-19 16:45+01:00,2.549143
2026-03-19 17:00+01:00,1.717090
2026-03-19 17:15+01:00,34.617075
2026-03-19 17:30+01:00,2.864140
2026-03-19 17:45+01:00,2.584559
2026-03-19 18:00+01:00,2.062160
2026-03-19 18:15+01:00,35.245857
2026-03-19 18:30+01:00,32.995288
2026-03-19 18:45+01:00,35.910758
2026-03-19 19:00+01:00,51.332259
2026-03-19 19:15+01:00,51.758313
2026-03-19 19:30+01:00,50.271171
2026-03-19 19:45+01:00,
2026-03-19 20:00+01:00,50.938782
2026-03-19 20:15+01:00,49.943070
2026-03-19 20:30+01:00,
2026-03-19 20:45+01:00,47.788062
2026-03-19 21:00+01:00,
2026-03-19 21:15+01:00,49.979434
2026-03-19 21:30+01:00,51.166585
2026-03-19 21:45+01:00,52.925043
2026-03-19 22:00+01:00,52.624939
2026-03-19 22:15+01:00,53.361755
2026-03-19 22:30+01:00,50.270219
2026-03-19 22:45+01:00,51.028002
2026-03-19 23:00+01:00,53.472213
2026-03-19 23:15+01:00,52.775892
2026-03-19 23:30+01:00,44.538893
2026-03-19 23:45+01:00,51.338836
2026-03-20 00:00+01:00,50.784558
2026-03-20 00:15+01:00,51.524356
2026-03-20 00:30+01:00,52.592624
2026-03-20 00:45+01:00,
2026-03-20 01:00+01:00,49.829649
2026-03-20 01:15+01:00,49.178067
2026-03-20 01:30+01:00,48.756841
2026-03-20 01:45+01:00,51.820986
2026-03-20 02:00+01:00,49.699551
2026-03-20 02:15+01:00,52.475647
2026-03-20 02:30+01:00,55.283713
2026-03-20 02:45+01:00,51.032481
2026-03-20 03:00+01:00,52.267045
2026-03-20 03:15+01:00,51.858933
2026-03-20 03:30+01:00,47.550159
2026-03-20 03:45+01:00,49.315784
2026-03-20 04:00+01:00,
2026-03-20 04:15+01:00,54.056115
2026-03-20 04:30+01:00,50.691089
2026-03-20 04:45+01:00,50.625474
2026-03-20 05:00+01:00,50.151362
2026-03-20 05:15+01:00,51.344425
2026-03-20 05:30+01:00,54.914004
2026-03-20 05:45+01:00,50.258900
2026-03-20 06:00+01:00,2.344380
2026-03-20 06:15+01:00,1.948322
2026-03-20 06:30+01:00,1.680367
2026-03-20 06:45+01:00,2.619580
2026-03-20 07:00+01:00,3.135398
2026-03-20 07:15+01:00,3.155774
2026-03-20 07:30+01:00,39.035243
2026-03-20 07:45+01:00,2.867674
2026-03-20 08:00+01:00,2.250798
2026-03-20 08:15+01:00,3.551125
2026-03-20 08:30+01:00,3.049459
2026-03-20 08:45+01:00,3.039027
2026-03-20 09:00+01:00,2.977641
2026-03-20 09:15+01:00,4.045575
2026-03-20 09:30+01:00,35.164853
2026-03-20 09:45+01:00,2.333887
2026-03-20 10:00+01:00,2.608622
2026-03-20 10:15+01:00,3.300004
2026-03-20 10:30+01:00,2.487601
2026-03-20 10:45+01:00,33.518294
2026-03-20 11:00+01:00,37.179810
2026-03-20 11:15+01:00,35.715888
2026-03-20 11:30+01:00,33.945626
2026-03-20 11:45+01:00,31.867843
2026-03-20 12:00+01:00,2.051382
2026-03-20 12:15+01:00,2.382284
2026-03-20 12:30+01:00,33.996937
2026-03-20 12:45+01:00,36.297073
2026-03-20 13:00+01:00,2.744946
2026-03-20 13:15+01:00,33.626641
2026-03-20 13:30+01:00,37.817875
2026-03-20 13:45+01:00,2.375305
2026-03-20 14:00+01:00,
2026-03-20 14:15+01:00,32.765241
2026-03-20 14:30+01:00,2.473656
2026-03-20 14:45+01:00,2.967443
2026-03-20 15:00+01:00,32.993554
2026-03-20 15:15+01:00,
2026-03-20 15:30+01:00,35.807748
2026-03-20 15:45+01:00,2.771560
2026-03-20 16:00+01:00,2.323179
2026-03-20 16:15+01:00,2.464293
2026-03-20 16:30+01:00,33.238889
2026-03-20 16:45+01:00,2.239031
2026-03-20 17:00+01:00,33.500551
2026-03-20 17:15+01:00,38.748588
2026-03-20 17:30+01:00,38.929584
2026-03-20 17:45+01:00,0.000000
2026-03-20 18:00+01:00,2.078433
2026-03-20 18:15+01:00,2.259588
2026-03-20 18:30+01:00,
2026-03-20 18:45+01:00,2.451283
2026-03-20 19:00+01:00,47.973269
2026-03-20 19:15+01:00,50.565408
2026-03-20 19:30+01:00,50.578788
2026-03-20 19:45+01:00,53.872222
2026-03-20 20:00+01:00,
2026-03-20 20:15+01:00,49.237733
2026-03-20 20:30+01:00,54.809036
2026-03-20 20:45+01:00,49.005618
2026-03-20 21:00+01:00,55.529298
2026-03-20 21:15+01:00,
2026-03-20 21:30+01:00,
2026-03-20 21:45+01:00,49.985843
2026-03-20 22:00+01:00,56.650484
2026-03-20 22:15+01:00,54.333043
2026-03-20 22:30+01:00,49.710716
2026-03-20 22:45+01:00,50.901678
2026-03-20 23:00+01:00,51.501266
2026-03-20 23:15+01:00,47.499184
2026-03-20 23:30+01:00,45.749172
2026-03-20 23:45+01:00,47.828666
2026-03-21 00:00+01:00,50.355788
2026-03-21 00:15+01:00,53.846001
2026-03-21 00:30+01:00,50.734255
2026-03-21 00:45+01:00,50.083666
2026-03-21 01:00+01:00,49.649188
2026-03-21 01:15+01:00,48.857767
2026-03-21 01:30+01:00,49.498035
2026-03-21 01:45+01:00,47.405370
2026-03-21 02:00+01:00,51.232864
2026-03-21 02:15+01:00,54.027299
2026-03-21 02:30+01:00,51.780583
2026-03-21 02:45+01:00,46.094814
2026-03-21 03:00+01:00,47.611001
2026-03-21 03:15+01:00,53.175287
2026-03-21 03:30+01:00,50.366385
2026-03-21 03:45+01:00,
2026-03-21 04:00+01:00,52.861704
2026-03-21 04:15+01:00,51.279749
2026-03-21 04:30+01:00,43.448007
2026-03-21 04:45+01:00,51.088232
2026-03-21 05:00+01:00,50.745618
2026-03-21 05:15+01:00,46.324325
2026-03-21 05:30+01:00,52.262248
2026-03-21 05:45+01:00,50.216684
2026-03-21 06:00+01:00,3.374157
2026-03-21 06:15+01:00,2.160312
2026-03-21 06:30+01:00,3.152141
2026-03-21 06:45+01:00,2.983795
2026-03-21 07:00+01:00,0.000000
2026-03-21 07:15+01:00,
2026-03-21 07:30+01:00,2.660344
2026-03-21 07:45+01:00,2.905448
2026-03-21 08:00+01:00,2.034300
2026-03-21 08:15+01:00,2.251577
2026-03-21 08:30+01:00,
2026-03-21 08:45+01:00,2.341698
2026-03-21 09:00+01:00,2.846088
2026-03-21 09:15+01:00,1.597020
2026-03-21 09:30+01:00,3.597414
2026-03-21 09:45+01:00,2.671547
2026-03-21 10:00+01:00,2.583329
2026-03-21 10:15+01:00,2.525950
2026-03-21 10:30+01:00,2.869836
2026-03-21 10:45+01:00,2.326999
2026-03-21 11:00+01:00,2.541546
2026-03-21 11:15+01:00,2.784187
2026-03-21 11:30+01:00,3.694403
2026-03-21 11:45+01:00,2.423008
2026-03-21 12:00+01:00,0.000000
2026-03-21 12:15+01:00,
2026-03-21 12:30+01:00,2.562731
2026-03-21 12:45+01:00,3.153900
2026-03-21 13:00+01:00,3.046957
2026-03-21 13:15+01:00,2.075915
2026-03-21 13:30+01:00,2.764382
2026-03-21 13:45+01:00,2.490919
2026-03-21 14:00+01:00,2.230836
2026-03-21 14:15+01:00,2.429908
2026-03-21 14:30+01:00,3.320363
2026-03-21 14:45+01:00,2.947315
2026-03-21 15:00+01:00,3.275178
2026-03-21 15:15+01:00,2.158710
2026-03-21 15:30+01:00,
2026-03-21 15:45+01:00,2.691970
2026-03-21 16:00+01:00,1.818205
2026-03-21 16:15+01:00,2.554067
2026-03-21 16:30+01:00,3.116671
2026-03-21 16:45+01:00,0.000000
2026-03-21 17:00+01:00,
2026-03-21 17:15+01:00,2.945486
2026-03-21 17:30+01:00,
2026-03-21 17:45+01:00,2.008698
2026-03-21 18:00+01:00,2.086691
2026-03-21 18:15+01:00,
2026-03-21 18:30+01:00,2.206894
2026-03-21 18:45+01:00,3.416809
2026-03-21 19:00+01:00,54.087439
2026-03-21 19:15+01:00,51.803597
2026-03-21 19:30+01:00,48.192391
2026-03-21 19:45+01:00,46.595138
2026-03-21 20:00+01:00,55.733832
2026-03-21 20:15+01:00,49.630874
2026-03-21 20:30+01:00,49.434512
2026-03-21 20:45+01:00,51.884755
2026-03-21 21:00+01:00,54.478662
2026-03-21 21:15+01:00,51.184985
2026-03-21 21:30+01:00,53.966617
2026-03-21 21:45+01:00,49.873394
2026-03-21 22:00+01:00,50.605044
2026-03-21 22:15+01:00,48.705425
2026-03-21 22:30+01:00,50.262544
2026-03-21 22:45+01:00,50.089240
2026-03-21 23:00+01:00,49.350851
2026-03-21 23:15+01:00,48.368701
2026-03-21 23:30+01:00,47.694346
2026-03-21 23:45+01:00,53.225558
2026-03-22 00:00+01:00,49.010823
2026-03-22 00:15+01:00,49.454919
2026-03-22 00:30+01:00,47.352780
2026-03-22 00:45+01:00,51.624591
2026-03-22 01:00+01:00,50.498251
2026-03-22 01:15+01:00,48.938619
2026-03-22 01:30+01:00,47.993956
2026-03-22 01:45+01:00,52.196673
2026-03-22 02:00+01:00,54.118399
2026-03-22 02:15+01:00,53.277516
2026-03-22 02:30+01:00,
2026-03-22 02:45+01:00,50.555495
2026-03-22 03:00+01:00,51.078926
2026-03-22 03:15+01:00,52.681431
2026-03-22 03:30+01:00,50.291018
2026-03-22 03:45+01:00,
2026-03-22 04:00+01:00,53.166525
2026-03-22 04:15+01:00,
2026-03-22 04:30+01:00,51.672087
2026-03-22 04:45+01:00,49.579841
2026-03-22 05:00+01:00,46.846751
2026-03-22 05:15+01:00,52.751141
2026-03-22 05:30+01:00,48.783527
2026-03-22 05:45+01:00,51.842481
2026-03-22 06:00+01:00,2.216767
2026-03-22 06:15+01:00,2.224929
2026-03-22 06:30+01:00,2.930539
2026-03-22 06:45+01:00,2.685040
2026-03-22 07:00+01:00,3.201919
2026-03-22 07:15+01:00,2.763624
2026-03-22 07:30+01:00,3.218519
2026-03-22 07:45+01:00,2.890128
2026-03-22 08:00+01:00,2.485969
2026-03-22 08:15+01:00,2.465880
2026-03-22 08:30+01:00,2.538453
2026-03-22 08:45+01:00,2.181656
2026-03-22 09:00+01:00,2.212101
2026-03-22 09:15+01:00,2.388732
2026-03-22 09:30+01:00,2.345195
2026-03-22 09:45+01:00,2.232899
2026-03-22 10:00+01:00,3.079558
2026-03-22 10:15+01:00,
2026-03-22 10:30+01:00,2.044776
2026-03-22 10:45+01:00,3.274366
2026-03-22 11:00+01:00,2.125000
2026-03-22 11:15+01:00,1.735665
2026-03-22 11:30+01:00,2.460060
2026-03-22 11:45+01:00,3.133683
2026-03-22 12:00+01:00,2.594489
2026-03-22 12:15+01:00,1.685030
2026-03-22 12:30+01:00,0.000000
2026-03-22 12:45+01:00,2.427569
2026-03-22 13:00+01:00,
2026-03-22 13:15+01:00,2.592977
2026-03-22 13:30+01:00,3.459821
2026-03-22 13:45+01:00,4.050689
2026-03-22 14:00+01:00,3.138949
2026-03-22 14:15+01:00,2.611757
2026-03-22 14:30+01:00,2.385909
2026-03-22 14:45+01:00,1.769899
2026-03-22 15:00+01:00,3.151818
2026-03-22 15:15+01:00,3.108297
2026-03-22 15:30+01:00,
2026-03-22 15:45+01:00,2.300429
2026-03-22 16:00+01:00,2.845796
2026-03-22 16:15+01:00,0.000000
2026-03-22 16:30+01:00,2.351934
2026-03-22 16:45+01:00,2.485025
2026-03-22 17:00+01:00,2.890911
2026-03-22 17:15+01:00,
2026-03-22 17:30+01:00,2.941876
2026-03-22 17:45+01:00,3.036955
2026-03-22 18:00+01:00,2.752715
2026-03-22 18:15+01:00,1.984315
2026-03-22 18:30+01:00,2.628100
2026-03-22 18:45+01:00,2.247581
2026-03-22 19:00+01:00,51.599947
2026-03-22 19:15+01:00,51.518364
2026-03-22 19:30+01:00,49.330955
2026-03-22 19:45+01:00,53.050562
2026-03-22 20:00+01:00,49.537065
2026-03-22 20:15+01:00,54.429908
2026-03-22 20:30+01:00,51.879090
2026-03-22 20:45+01:00,48.010936
2026-03-22 21:00+01:00,54.625811
2026-03-22 21:15+01:00,53.267570
2026-03-22 21:30+01:00,49.447343
2026-03-22 21:45+01:00,51.913272
2026-03-22 22:00+01:00,52.206076
2026-03-22 22:15+01:00,51.050016
2026-03-22 22:30+01:00,48.490009
2026-03-22 22:45+01:00,49.877727
2026-03-22 23:00+01:00,49.970429
2026-03-22 23:15+01:00,56.406921
2026-03-22 23:30+01:00,47.525593
2026-03-22 23:45+01:00,54.730584
2026-03-23 00:00+01:00,52.094066
2026-03-23 00:15+01:00,48.872395
2026-03-23 00:30+01:00,52.171301
2026-03-23 00:45+01:00,
2026-03-23 01:00+01:00,45.966516
2026-03-23 01:15+01:00,52.403500
2026-03-23 01:30+01:00,52.246590
2026-03-23 01:45+01:00,52.702669
2026-03-23 02:00+01:00,50.766081
2026-03-23 02:15+01:00,54.819086
2026-03-23 02:30+01:00,51.943814
2026-03-23 02:45+01:00,53.463033
2026-03-23 03:00+01:00,50.595975
2026-03-23 03:15+01:00,51.384227
2026-03-23 03:30+01:00,53.974288
2026-03-23 03:45+01:00,50.776370
2026-03-23 04:00+01:00,52.853445
2026-03-23 04:15+01:00,49.919987
2026-03-23 04:30+01:00,51.069297
2026-03-23 04:45+01:00,52.952193
2026-03-23 05:00+01:00,51.667997
2026-03-23 05:15+01:00,53.014515
2026-03-23 05:30+01:00,45.959785
2026-03-23 05:45+01:00,
2026-03-23 06:00+01:00,2.987827
2026-03-23 06:15+01:00,2.202776
2026-03-23 06:30+01:00,34.524470
2026-03-23 06:45+01:00,
2026-03-23 07:00+01:00,38.898013
2026-03-23 07:15+01:00,2.937609
2026-03-23 07:30+01:00,
2026-03-23 07:45+01:00,2.765427
2026-03-23 08:00+01:00,36.811389
2026-03-23 08:15+01:00,3.962221
2026-03-23 08:30+01:00,0.000000
2026-03-23 08:45+01:00,2.336001
2026-03-23 09:00+01:00,2.558184
2026-03-23 09:15+01:00,1.849209
2026-03-23 09:30+01:00,
2026-03-23 09:45+01:00,33.930289
2026-03-23 10:00+01:00,2.424458
2026-03-23 10:15+01:00,35.289457
2026-03-23 10:30+01:00,2.572268
2026-03-23 10:45+01:00,3.101605
2026-03-23 11:00+01:00,32.372498
2026-03-23 11:15+01:00,35.258727
2026-03-23 11:30+01:00,1.905307
2026-03-23 11:45+01:00,33.979246
2026-03-23 12:00+01:00,
2026-03-23 12:15+01:00,37.501302
2026-03-23 12:30+01:00,2.575019
2026-03-23 12:45+01:00,2.585294
2026-03-23 13:00+01:00,3.629289
2026-03-23 13:15+01:00,3.625556
2026-03-23 13:30+01:00,35.031061
2026-03-23 13:45+01:00,35.899528
2026-03-23 14:00+01:00,2.628186
2026-03-23 14:15+01:00,3.248565
2026-03-23 14:30+01:00,37.590608
2026-03-23 14:45+01:00,2.221170
2026-03-23 15:00+01:00,33.042071
2026-03-23 15:15+01:00,2.451867
2026-03-23 15:30+01:00,39.027089
2026-03-23 15:45+01:00,34.783297
2026-03-23 16:00+01:00,37.535234
2026-03-23 16:15+01:00,31.675804
2026-03-23 16:30+01:00,35.993937
2026-03-23 16:45+01:00,35.150413
2026-03-23 17:00+01:00,3.208962
2026-03-23 17:15+01:00,34.564722
2026-03-23 17:30+01:00,2.319440
2026-03-23 17:45+01:00,3.233366
2026-03-23 18:00+01:00,0.000000
2026-03-23 18:15+01:00,36.454106
2026-03-23 18:30+01:00,36.390160
2026-03-23 18:45+01:00,0.000000
2026-03-23 19:00+01:00,52.685752
2026-03-23 19:15+01:00,49.608991
2026-03-23 19:30+01:00,53.100940
2026-03-23 19:45+01:00,44.652279
2026-03-23 20:00+01:00,51.821379
2026-03-23 20:15+01:00,54.142512
2026-03-23 20:30+01:00,48.065153
2026-03-23 20:45+01:00,51.206940
2026-03-23 21:00+01:00,
2026-03-23 21:15+01:00,58.570534
2026-03-23 21:30+01:00,51.673443
2026-03-23 21:45+01:00,46.719845
2026-03-23 22:00+01:00,51.925227
2026-03-23 22:15+01:00,50.003244
2026-03-23 22:30+01:00,48.983464
2026-03-23 22:45+01:00,50.845664
2026-03-23 23:00+01:00,52.631376
2026-03-23 23:15+01:00,46.845843
2026-03-23 23:30+01:00,51.807879
2026-03-23 23:45+01:00,51.163374
2026-03-24 00:00+01:00,52.641379
2026-03-24 00:15+01:00,53.408204
2026-03-24 00:30+01:00,51.037931
2026-03-24 00:45+01:00,50.601521
2026-03-24 01:00+01:00,48.428242
2026-03-24 01:15+01:00,48.840056
2026-03-24 01:30+01:00,50.061249
2026-03-24 01:45+01:00,47.640923
2026-03-24 02:00+01:00,52.000451
2026-03-24 02:15+01:00,54.089638
2026-03-24 02:30+01:00,54.650348
2026-03-24 02:45+01:00,54.876388
2026-03-24 03:00+01:00,52.551184
2026-03-24 03:15+01:00,49.725923
2026-03-24 03:30+01:00,47.632510
2026-03-24 03:45+01:00,49.342959
2026-03-24 04:00+01:00,48.309912
2026-03-24 04:15+01:00,50.193418
2026-03-24 04:30+01:00,52.391185
2026-03-24 04:45+01:00,53.021018
2026-03-24 05:00+01:00,
2026-03-24 05:15+01:00,50.709655
2026-03-24 05:30+01:00,51.663800
2026-03-24 05:45+01:00,50.040793
2026-03-24 06:00+01:00,3.061547
2026-03-24 06:15+01:00,2.426966
2026-03-24 06:30+01:00,
2026-03-24 06:45+01:00,
2026-03-24 07:00+01:00,
2026-03-24 07:15+01:00,
2026-03-24 07:30+01:00,
2026-03-24 07:45+01:00,
2026-03-24 08:00+01:00,
2026-03-24 08:15+01:00,
2026-03-24 08:30+01:00,
2026-03-24 08:45+01:00,
2026-03-24 09:00+01:00,
2026-03-24 09:15+01:00,
2026-03-24 09:30+01:00,
2026-03-24 09:45+01:00,
2026-03-24 10:00+01:00,
2026-03-24 10:15+01:00,
2026-03-24 10:30+01:00,
2026-03-24 10:45+01:00,
2026-03-24 11:00+01:00,
2026-03-24 11:15+01:00,
2026-03-24 11:30+01:00,
2026-03-24 11:45+01:00,2.894447
2026-03-24 12:00+01:00,33.679174
2026-03-24 12:15+01:00,3.019430
2026-03-24 12:30+01:00,35.416141
2026-03-24 12:45+01:00,2.812470
2026-03-24 13:00+01:00,38.329718
2026-03-24 13:15+01:00,35.838225
2026-03-24 13:30+01:00,0.000000
2026-03-24 13:45+01:00,33.873241
2026-03-24 14:00+01:00,
2026-03-24 14:15+01:00,
2026-03-24 14:30+01:00,2.091794
2026-03-24 14:45+01:00,2.828728
2026-03-24 15:00+01:00,37.979033
2026-03-24 15:15+01:00,2.360294
2026-03-24 15:30+01:00,2.048885
2026-03-24 15:45+01:00,34.954734
2026-03-24 16:00+01:00,35.208523
2026-03-24 16:15+01:00,34.136229
2026-03-24 16:30+01:00,2.717162
2026-03-24 16:45+01:00,3.055915
2026-03-24 17:00+01:00,
2026-03-24 17:15+01:00,
2026-03-24 17:30+01:00,0.000000
2026-03-24 17:45+01:00,34.107413
2026-03-24 18:00+01:00,2.836332
2026-03-24 18:15+01:00,2.417035
2026-03-24 18:30+01:00,3.332450
2026-03-24 18:45+01:00,
2026-03-24 19:00+01:00,49.303723
2026-03-24 19:15+01:00,54.148903
2026-03-24 19:30+01:00,53.725773
2026-03-24 19:45+01:00,52.170511
2026-03-24 20:00+01:00,52.599969
2026-03-24 20:15+01:00,52.330152
2026-03-24 20:30+01:00,52.865322
2026-03-24 20:45+01:00,51.041851
2026-03-24 21:00+01:00,55.894550
2026-03-24 21:15+01:00,52.586625
2026-03-24 21:30+01:00,53.619910
2026-03-24 21:45+01:00,49.084821
2026-03-24 22:00+01:00,52.009696
2026-03-24 22:15+01:00,51.976236
2026-03-24 22:30+01:00,48.458811
2026-03-24 22:45+01:00,
2026-03-24 23:00+01:00,51.014310
2026-03-24 23:15+01:00,53.272767
2026-03-24 23:30+01:00,51.642688
2026-03-24 23:45+01:00,52.780620
2026-03-25 00:00+01:00,50.200914
2026-03-25 00:15+01:00,51.648099
2026-03-25 00:30+01:00,53.674198
2026-03-25 00:45+01:00,47.761569
2026-03-25 01:00+01:00,54.031642
2026-03-25 01:15+01:00,
2026-03-25 01:30+01:00,49.823966
2026-03-25 01:45+01:00,50.483018
2026-03-25 02:00+01:00,52.959732
2026-03-25 02:15+01:00,53.302519
2026-03-25 02:30+01:00,53.997872
2026-03-25 02:45+01:00,48.563067
2026-03-25 03:00+01:00,50.512952
2026-03-25 03:15+01:00,51.107407
2026-03-25 03:30+01:00,52.037912
2026-03-25 03:45+01:00,52.003964
2026-03-25 04:00+01:00,52.120756
2026-03-25 04:15+01:00,
2026-03-25 04:30+01:00,48.752539
2026-03-25 04:45+01:00,
2026-03-25 05:00+01:00,
2026-03-25 05:15+01:00,52.307752
2026-03-25 05:30+01:00,53.197417
2026-03-25 05:45+01:00,47.836733
2026-03-25 06:00+01:00,35.455581
2026-03-25 06:15+01:00,2.648062
2026-03-25 06:30+01:00,2.749123
2026-03-25 06:45+01:00,
2026-03-25 07:00+01:00,36.050926
2026-03-25 07:15+01:00,2.938834
2026-03-25 07:30+01:00,37.203384
2026-03-25 07:45+01:00,2.169977
2026-03-25 08:00+01:00,
2026-03-25 08:15+01:00,
2026-03-25 08:30+01:00,1.769354
2026-03-25 08:45+01:00,2.297478
2026-03-25 09:00+01:00,38.566842
2026-03-25 09:15+01:00,2.464131
2026-03-25 09:30+01:00,2.144534
2026-03-25 09:45+01:00,36.440031
2026-03-25 10:00+01:00,
2026-03-25 10:15+01:00,0.000000
2026-03-25 10:30+01:00,36.821374
2026-03-25 10:45+01:00,32.506788
2026-03-25 11:00+01:00,3.090472
2026-03-25 11:15+01:00,2.909996
2026-03-25 11:30+01:00,2.220569
2026-03-25 11:45+01:00,2.573414
2026-03-25 12:00+01:00,37.076758
2026-03-25 12:15+01:00,2.205047
2026-03-25 12:30+01:00,3.181331
2026-03-25 12:45+01:00,2.758874
2026-03-25 13:00+01:00,2.312693
2026-03-25 13:15+01:00,34.331522
2026-03-25 13:30+01:00,33.698376
2026-03-25 13:45+01:00,35.747702
2026-03-25 14:00+01:00,36.777634
2026-03-25 14:15+01:00,2.057794
2026-03-25 14:30+01:00,3.382020
2026-03-25 14:45+01:00,2.360971
2026-03-25 15:00+01:00,0.000000
2026-03-25 15:15+01:00,2.415453
2026-03-25 15:30+01:00,2.399741
2026-03-25 15:45+01:00,2.785134
2026-03-25 16:00+01:00,35.611083
2026-03-25 16:15+01:00,3.360498
2026-03-25 16:30+01:00,2.402429
2026-03-25 16:45+01:00,33.274525
2026-03-25 17:00+01:00,2.545611
2026-03-25 17:15+01:00,2.753580
2026-03-25 17:30+01:00,33.545662
2026-03-25 17:45+01:00,34.574182
2026-03-25 18:00+01:00,2.566353
2026-03-25 18:15+01:00,32.634450
2026-03-25 18:30+01:00,37.089321
2026-03-25 18:45+01:00,35.187984
2026-03-25 19:00+01:00,52.638859
2026-03-25 19:15+01:00,51.376680
2026-03-25 19:30+01:00,
2026-03-25 19:45+01:00,50.692715
2026-03-25 20:00+01:00,46.657568
2026-03-25 20:15+01:00,54.424044
2026-03-25 20:30+01:00,52.790680
2026-03-25 20:45+01:00,53.027312
2026-03-25 21:00+01:00,50.305946
2026-03-25 21:15+01:00,50.956631
2026-03-25 21:30+01:00,51.198323
2026-03-25 21:45+01:00,53.114019
2026-03-25 22:00+01:00,52.404329
2026-03-25 22:15+01:00,57.203470
2026-03-25 22:30+01:00,52.981929
2026-03-25 22:45+01:00,51.064001
2026-03-25 23:00+01:00,50.756560
2026-03-25 23:15+01:00,52.676279
2026-03-25 23:30+01:00,50.624802
2026-03-25 23:45+01:00,47.645622
2026-03-26 00:00+01:00,54.542787
2026-03-26 00:15+01:00,50.207320
2026-03-26 00:30+01:00,50.085007
2026-03-26 00:45+01:00,51.756468
2026-03-26 01:00+01:00,54.844703
2026-03-26 01:15+01:00,51.008905
2026-03-26 01:30+01:00,44.065281
2026-03-26 01:45+01:00,51.892765
2026-03-26 02:00+01:00,54.106106
2026-03-26 02:15+01:00,
2026-03-26 02:30+01:00,53.338782
2026-03-26 02:45+01:00,49.043803
2026-03-26 03:00+01:00,51.601235
2026-03-26 03:15+01:00,51.746194
2026-03-26 03:30+01:00,51.090587
2026-03-26 03:45+01:00,
2026-03-26 04:00+01:00,48.606939
2026-03-26 04:15+01:00,52.344931
2026-03-26 04:30+01:00,53.384630
2026-03-26 04:45+01:00,53.388484
2026-03-26 05:00+01:00,48.377826
2026-03-26 05:15+01:00,52.752521
2026-03-26 05:30+01:00,54.647034
2026-03-26 05:45+01:00,48.589375
2026-03-26 06:00+01:00,36.422734
2026-03-26 06:15+01:00,2.447023
2026-03-26 06:30+01:00,2.055915
2026-03-26 06:45+01:00,2.058401
2026-03-26 07:00+01:00,2.550596
2026-03-26 07:15+01:00,36.678070
2026-03-26 07:30+01:00,35.267827
2026-03-26 07:45+01:00,2.555474
2026-03-26 08:00+01:00,2.483262
2026-03-26 08:15+01:00,3.161333
2026-03-26 08:30+01:00,36.348226
2026-03-26 08:45+01:00,0.000000
2026-03-26 09:00+01:00,
2026-03-26 09:15+01:00,2.265073
2026-03-26 09:30+01:00,2.959598
2026-03-26 09:45+01:00,2.269056
2026-03-26 10:00+01:00,35.203305
2026-03-26 10:15+01:00,38.080310
2026-03-26 10:30+01:00,3.769478
2026-03-26 10:45+01:00,33.830433
2026-03-26 11:00+01:00,35.712130
2026-03-26 11:15+01:00,2.691760
2026-03-26 11:30+01:00,2.423003
2026-03-26 11:45+01:00,39.256370
2026-03-26 12:00+01:00,3.062323
2026-03-26 12:15+01:00,36.059680
2026-03-26 12:30+01:00,0.000000
2026-03-26 12:45+01:00,34.971475
2026-03-26 13:00+01:00,3.318977
2026-03-26 13:15+01:00,
2026-03-26 13:30+01:00,2.934445
2026-03-26 13:45+01:00,3.005413
2026-03-26 14:00+01:00,35.362183
2026-03-26 14:15+01:00,36.245136
2026-03-26 14:30+01:00,2.368876
2026-03-26 14:45+01:00,3.233101
2026-03-26 15:00+01:00,
2026-03-26 15:15+01:00,2.389288
2026-03-26 15:30+01:00,2.995513
2026-03-26 15:45+01:00,35.538933
2026-03-26 16:00+01:00,34.386108
2026-03-26 16:15+01:00,2.254801
2026-03-26 16:30+01:00,36.060667
2026-03-26 16:45+01:00,3.176397
2026-03-26 17:00+01:00,
2026-03-26 17:15+01:00,0.000000
2026-03-26 17:30+01:00,
2026-03-26 17:45+01:00,31.417206
2026-03-26 18:00+01:00,2.755218
2026-03-26 18:15+01:00,2.133030
2026-03-26 18:30+01:00,
2026-03-26 18:45+01:00,35.086686
2026-03-26 19:00+01:00,50.355377
2026-03-26 19:15+01:00,
2026-03-26 19:30+01:00,51.792710
2026-03-26 19:45+01:00,53.422782
2026-03-26 20:00+01:00,50.460235
2026-03-26 20:15+01:00,46.156084
2026-03-26 20:30+01:00,46.909760
2026-03-26 20:45+01:00,54.392476
2026-03-26 21:00+01:00,
2026-03-26 21:15+01:00,50.257042
2026-03-26 21:30+01:00,51.390771
2026-03-26 21:45+01:00,54.367473
2026-03-26 22:00+01:00,47.280352
2026-03-26 22:15+01:00,50.306347
2026-03-26 22:30+01:00,49.356954
2026-03-26 22:45+01:00,50.525811
2026-03-26 23:00+01:00,51.106909
2026-03-26 23:15+01:00,57.180283
2026-03-26 23:30+01:00,48.111041
2026-03-26 23:45+01:00,51.116015
2026-03-27 00:00+01:00,55.478045
2026-03-27 00:15+01:00,54.475087
2026-03-27 00:30+01:00,51.284705
2026-03-27 00:45+01:00,54.157359
2026-03-27 01:00+01:00,
2026-03-27 01:15+01:00,48.514697
2026-03-27 01:30+01:00,53.694058
2026-03-27 01:45+01:00,51.772808
2026-03-27 02:00+01:00,52.377465
2026-03-27 02:15+01:00,47.127997
2026-03-27 02:30+01:00,49.673494
2026-03-27 02:45+01:00,49.991368
2026-03-27 03:00+01:00,54.740701
2026-03-27 03:15+01:00,51.372200
2026-03-27 03:30+01:00,52.584698
2026-03-27 03:45+01:00,53.974085
2026-03-27 04:00+01:00,49.752257
2026-03-27 04:15+01:00,50.994172
2026-03-27 04:30+01:00,54.130265
2026-03-27 04:45+01:00,49.264963
2026-03-27 05:00+01:00,
2026-03-27 05:15+01:00,50.210436
2026-03-27 05:30+01:00,50.027882
2026-03-27 05:45+01:00,50.908461
2026-03-27 06:00+01:00,2.452410
2026-03-27 06:15+01:00,
2026-03-27 06:30+01:00,34.205248
2026-03-27 06:45+01:00,34.197620
2026-03-27 07:00+01:00,2.273162
2026-03-27 07:15+01:00,35.103270
2026-03-27 07:30+01:00,35.485655
2026-03-27 07:45+01:00,2.350027
2026-03-27 08:00+01:00,3.663593
2026-03-27 08:15+01:00,2.848795
2026-03-27 08:30+01:00,3.223790
2026-03-27 08:45+01:00,3.948202
2026-03-27 09:00+01:00,
2026-03-27 09:15+01:00,2.193715
2026-03-27 09:30+01:00,0.000000
2026-03-27 09:45+01:00,35.588801
2026-03-27 10:00+01:00,35.478720
2026-03-27 10:15+01:00,2.416340
2026-03-27 10:30+01:00,2.300003
2026-03-27 10:45+01:00,35.732970
2026-03-27 11:00+01:00,36.960125
2026-03-27 11:15+01:00,33.972772
2026-03-27 11:30+01:00,34.238506
2026-03-27 11:45+01:00,2.164479
2026-03-27 12:00+01:00,1.651707
2026-03-27 12:15+01:00,2.001843
2026-03-27 12:30+01:00,2.689172
2026-03-27 12:45+01:00,33.033668
2026-03-27 13:00+01:00,34.998910
2026-03-27 13:15+01:00,2.250495
2026-03-27 13:30+01:00,2.775832
2026-03-27 13:45+01:00,1.873909
2026-03-27 14:00+01:00,2.160627
2026-03-27 14:15+01:00,38.365646
2026-03-27 14:30+01:00,2.478119
2026-03-27 14:45+01:00,3.090628
2026-03-27 15:00+01:00,
2026-03-27 15:15+01:00,32.503393
2026-03-27 15:30+01:00,1.978437
2026-03-27 15:45+01:00,35.926175
2026-03-27 16:00+01:00,3.091456
2026-03-27 16:15+01:00,3.099434
2026-03-27 16:30+01:00,35.511673
2026-03-27 16:45+01:00,1.964824
2026-03-27 17:00+01:00,
2026-03-27 17:15+01:00,2.480750
2026-03-27 17:30+01:00,2.491358
2026-03-27 17:45+01:00,2.679774
2026-03-27 18:00+01:00,2.676867
2026-03-27 18:15+01:00,1.876766
2026-03-27 18:30+01:00,
2026-03-27 18:45+01:00,34.765937
2026-03-27 19:00+01:00,47.932629
2026-03-27 19:15+01:00,51.528238
2026-03-27 19:30+01:00,50.159471
2026-03-27 19:45+01:00,51.361844
2026-03-27 20:00+01:00,53.318911
2026-03-27 20:15+01:00,51.868914
2026-03-27 20:30+01:00,51.794091
2026-03-27 20:45+01:00,49.105375
2026-03-27 21:00+01:00,53.322785
2026-03-27 21:15+01:00,49.532496
2026-03-27 21:30+01:00,49.830709
2026-03-27 21:45+01:00,
2026-03-27 22:00+01:00,
2026-03-27 22:15+01:00,51.524800
2026-03-27 22:30+01:00,51.600742
2026-03-27 22:45+01:00,54.272952
2026-03-27 23:00+01:00,53.334009
2026-03-27 23:15+01:00,52.043964
2026-03-27 23:30+01:00,52.862284
2026-03-27 23:45+01:00,53.146053
2026-03-28 00:00+01:00,49.695713
2026-03-28 00:15+01:00,53.426819
2026-03-28 00:30+01:00,
2026-03-28 00:45+01:00,52.138261
2026-03-28 01:00+01:00,51.160980
2026-03-28 01:15+01:00,51.284149
2026-03-28 01:30+01:00,
2026-03-28 01:45+01:00,54.580162
2026-03-28 02:00+01:00,50.329057
2026-03-28 02:15+01:00,49.847438
2026-03-28 02:30+01:00,57.928955
2026-03-28 02:45+01:00,50.980336
2026-03-28 03:00+01:00,49.332919
2026-03-28 03:15+01:00,49.422346
2026-03-28 03:30+01:00,53.639752
2026-03-28 03:45+01:00,48.207391
2026-03-28 04:00+01:00,51.343950
2026-03-28 04:15+01:00,54.200641
2026-03-28 04:30+01:00,
2026-03-28 04:45+01:00,47.959860
2026-03-28 05:00+01:00,56.748495
2026-03-28 05:15+01:00,50.507164
2026-03-28 05:30+01:00,52.511175
2026-03-28 05:45+01:00,47.146771
2026-03-28 06:00+01:00,2.769956
2026-03-28 06:15+01:00,2.577185
2026-03-28 06:30+01:00,2.466063
2026-03-28 06:45+01:00,2.838905
2026-03-28 07:00+01:00,0.000000
2026-03-28 07:15+01:00,1.405786
2026-03-28 07:30+01:00,3.441589
2026-03-28 07:45+01:00,2.257859
2026-03-28 08:00+01:00,2.604525
2026-03-28 08:15+01:00,2.358298
2026-03-28 08:30+01:00,3.527754
2026-03-28 08:45+01:00,2.760448
2026-03-28 09:00+01:00,2.472509
2026-03-28 09:15+01:00,2.901311
2026-03-28 09:30+01:00,2.289504
2026-03-28 09:45+01:00,2.263170
2026-03-28 10:00+01:00,2.491748
2026-03-28 10:15+01:00,0.000000
2026-03-28 10:30+01:00,2.376173
2026-03-28 10:45+01:00,2.577662
2026-03-28 11:00+01:00,1.731162
2026-03-28 11:15+01:00,3.046713
2026-03-28 11:30+01:00,3.026888
2026-03-28 11:45+01:00,2.271353
2026-03-28 12:00+01:00,2.916575
2026-03-28 12:15+01:00,1.875385
2026-03-28 12:30+01:00,2.214052
2026-03-28 12:45+01:00,
2026-03-28 13:00+01:00,3.087968
2026-03-28 13:15+01:00,2.078012
2026-03-28 13:30+01:00,3.287743
2026-03-28 13:45+01:00,3.250369
2026-03-28 14:00+01:00,2.048647
2026-03-28 14:15+01:00,2.682941
2026-03-28 14:30+01:00,2.793772
2026-03-28 14:45+01:00,2.460702
2026-03-28 15:00+01:00,
2026-03-28 15:15+01:00,2.025342
2026-03-28 15:30+01:00,2.700672
2026-03-28 15:45+01:00,2.991158
2026-03-28 16:00+01:00,2.733230
2026-03-28 16:15+01:00,3.150161
2026-03-28 16:30+01:00,2.782907
2026-03-28 16:45+01:00,2.860298
2026-03-28 17:00+01:00,3.009212
2026-03-28 17:15+01:00,1.898585
2026-03-28 17:30+01:00,2.526732
2026-03-28 17:45+01:00,2.302781
2026-03-28 18:00+01:00,0.000000
2026-03-28 18:15+01:00,3.122227
2026-03-28 18:30+01:00,2.460741
2026-03-28 18:45+01:00,3.463100
2026-03-28 19:00+01:00,52.043787
2026-03-28 19:15+01:00,52.344241
2026-03-28 19:30+01:00,56.406130
2026-03-28 19:45+01:00,49.107434
2026-03-28 20:00+01:00,50.783932
2026-03-28 20:15+01:00,52.983427
2026-03-28 20:30+01:00,51.050244
2026-03-28 20:45+01:00,53.666401
2026-03-28 21:00+01:00,53.192971
2026-03-28 21:15+01:00,
2026-03-28 21:30+01:00,56.599165
2026-03-28 21:45+01:00,363.388019
2026-03-28 22:00+01:00,
2026-03-28 22:15+01:00,50.194151
2026-03-28 22:30+01:00,56.919225
2026-03-28 22:45+01:00,50.205998
2026-03-28 23:00+01:00,48.109558
2026-03-28 23:15+01:00,47.904256
2026-03-28 23:30+01:00,48.778688
2026-03-28 23:45+01:00,53.591062
2026-03-29 00:00+01:00,49.966065
2026-03-29 00:15+01:00,51.688141
2026-03-29 00:30+01:00,53.803034
2026-03-29 00:45+01:00,51.302200
2026-03-29 01:00+01:00,52.597037
2026-03-29 01:15+01:00,
2026-03-29 01:30+01:00,52.425364
2026-03-29 01:45+01:00,52.113182
2026-03-29 03:00+02:00,52.083475
2026-03-29 03:15+02:00,50.673950
2026-03-29 03:30+02:00,
2026-03-29 03:45+02:00,53.028922
2026-03-29 04:00+02:00,52.478169
2026-03-29 04:15+02:00,55.472627
2026-03-29 04:30+02:00,51.390575
2026-03-29 04:45+02:00,53.215056
2026-03-29 05:00+02:00,50.865169
2026-03-29 05:15+02:00,50.324930
2026-03-29 05:30+02:00,49.944488
2026-03-29 05:45+02:00,49.988829
2026-03-29 06:00+02:00,
2026-03-29 06:15+02:00,2.873162
2026-03-29 06:30+02:00,0.000000
2026-03-29 06:45+02:00,2.789651
2026-03-29 07:00+02:00,3.508336
2026-03-29 07:15+02:00,3.511149
2026-03-29 07:30+02:00,2.271891
2026-03-29 07:45+02:00,2.867248
2026-03-29 08:00+02:00,2.961755
2026-03-29 08:15+02:00,0.000000
2026-03-29 08:30+02:00,2.183846
2026-03-29 08:45+02:00,2.539119
2026-03-29 09:00+02:00,2.548644
2026-03-29 09:15+02:00,1.843062
2026-03-29 09:30+02:00,
2026-03-29 09:45+02:00,2.272262
2026-03-29 10:00+02:00,2.509362
2026-03-29 10:15+02:00,
2026-03-29 10:30+02:00,1.722485
2026-03-29 10:45+02:00,0.000000
2026-03-29 11:00+02:00,3.240643
2026-03-29 11:15+02:00,
2026-03-29 11:30+02:00,2.857982
2026-03-29 11:45+02:00,2.700021
2026-03-29 12:00+02:00,2.237623
2026-03-29 12:15+02:00,2.579624
2026-03-29 12:30+02:00,3.763889
2026-03-29 12:45+02:00,2.485509
2026-03-29 13:00+02:00,2.175427
2026-03-29 13:15+02:00,2.448503
2026-03-29 13:30+02:00,2.140711
2026-03-29 13:45+02:00,1.889146
2026-03-29 14:00+02:00,2.700159
2026-03-29 14:15+02:00,2.180784
2026-03-29 14:30+02:00,2.755240
2026-03-29 14:45+02:00,1.928455
2026-03-29 15:00+02:00,1.728317
2026-03-29 15:15+02:00,
2026-03-29 15:30+02:00,3.119699
2026-03-29 15:45+02:00,2.075442
2026-03-29 16:00+02:00,2.790998
2026-03-29 16:15+02:00,3.184213
2026-03-29 16:30+02:00,2.369588
2026-03-29 16:45+02:00,2.343684
2026-03-29 17:00+02:00,0.000000
2026-03-29 17:15+02:00,1.243487
2026-03-29 17:30+02:00,2.591170
2026-03-29 17:45+02:00,1.982372
2026-03-29 18:00+02:00,2.941986
2026-03-29 18:15+02:00,2.841654
2026-03-29 18:30+02:00,3.217316
2026-03-29 18:45+02:00,3.619749
2026-03-29 19:00+02:00,49.205168
2026-03-29 19:15+02:00,50.658903
2026-03-29 19:30+02:00,51.117945
2026-03-29 19:45+02:00,49.987431
2026-03-29 20:00+02:00,54.475100
2026-03-29 20:15+02:00,50.009115
2026-03-29 20:30+02:00,49.920852
2026-03-29 20:45+02:00,51.168825
2026-03-29 21:00+02:00,52.119751
2026-03-29 21:15+02:00,53.022727
2026-03-29 21:30+02:00,50.208637
2026-03-29 21:45+02:00,55.021412
2026-03-29 22:00+02:00,57.193711
2026-03-29 22:15+02:00,47.129928
2026-03-29 22:30+02:00,50.198334
2026-03-29 22:45+02:00,51.109078
2026-03-29 23:00+02:00,50.836442
2026-03-29 23:15+02:00,51.185259
2026-03-29 23:30+02:00,51.600605
2026-03-29 23:45+02:00,
2026-03-30 00:00+02:00,51.747648
2026-03-30 00:15+02:00,51.539534
2026-03-30 00:30+02:00,52.643917
2026-03-30 00:45+02:00,50.871712
2026-03-30 01:00+02:00,51.456406
2026-03-30 01:15+02:00,51.339179
2026-03-30 01:30+02:00,48.252829
2026-03-30 01:45+02:00,50.200103
2026-03-30 02:00+02:00,
2026-03-30 02:15+02:00,45.487395
2026-03-30 02:30+02:00,49.383523
2026-03-30 02:45+02:00,50.070525
2026-03-30 03:00+02:00,49.956433
2026-03-30 03:15+02:00,50.524671
2026-03-30 03:30+02:00,49.045076
2026-03-30 03:45+02:00,50.012773
2026-03-30 04:00+02:00,49.234792
2026-03-30 04:15+02:00,51.773467
2026-03-30 04:30+02:00,52.725623
2026-03-30 04:45+02:00,50.845714
2026-03-30 05:00+02:00,53.876265
2026-03-30 05:15+02:00,49.894873
2026-03-30 05:30+02:00,46.818490
2026-03-30 05:45+02:00,46.669664
2026-03-30 06:00+02:00,33.613708
2026-03-30 06:15+02:00,33.658507
2026-03-30 06:30+02:00,2.657018
2026-03-30 06:45+02:00,3.135691
2026-03-30 07:00+02:00,34.144921
2026-03-30 07:15+02:00,3.063044
2026-03-30 07:30+02:00,2.216882
2026-03-30 07:45+02:00,
2026-03-30 08:00+02:00,37.184357
2026-03-30 08:15+02:00,2.774979
2026-03-30 08:30+02:00,
2026-03-30 08:45+02:00,
2026-03-30 09:00+02:00,37.819489
2026-03-30 09:15+02:00,2.003289
2026-03-30 09:30+02:00,37.073490
2026-03-30 09:45+02:00,3.375446
2026-03-30 10:00+02:00,2.930117
2026-03-30 10:15+02:00,3.335841
2026-03-30 10:30+02:00,36.952440
2026-03-30 10:45+02:00,2.215156
2026-03-30 11:00+02:00,3.129283
2026-03-30 11:15+02:00,
2026-03-30 11:30+02:00,34.786056
2026-03-30 11:45+02:00,2.169841
2026-03-30 12:00+02:00,0.000000
2026-03-30 12:15+02:00,2.357200
2026-03-30 12:30+02:00,37.368930
2026-03-30 12:45+02:00,36.598000
2026-03-30 13:00+02:00,38.811325
2026-03-30 13:15+02:00,32.972601
2026-03-30 13:30+02:00,2.130077
2026-03-30 13:45+02:00,0.000000
2026-03-30 14:00+02:00,2.262732
2026-03-30 14:15+02:00,3.484877
2026-03-30 14:30+02:00,2.282149
2026-03-30 14:45+02:00,2.400400
2026-03-30 15:00+02:00,36.876697
2026-03-30 15:15+02:00,2.796696
2026-03-30 15:30+02:00,34.464082
2026-03-30 15:45+02:00,36.247957
2026-03-30 16:00+02:00,2.346627
2026-03-30 16:15+02:00,2.725617
2026-03-30 16:30+02:00,37.238843
2026-03-30 16:45+02:00,33.889301
2026-03-30 17:00+02:00,36.404845
2026-03-30 17:15+02:00,
2026-03-30 17:30+02:00,38.348346
2026-03-30 17:45+02:00,
2026-03-30 18:00+02:00,3.284038
2026-03-30 18:15+02:00,38.121591
2026-03-30 18:30+02:00,3.312522
2026-03-30 18:45+02:00,
2026-03-30 19:00+02:00,52.127193
2026-03-30 19:15+02:00,50.049226
2026-03-30 19:30+02:00,51.294418
2026-03-30 19:45+02:00,
2026-03-30 20:00+02:00,49.208176
2026-03-30 20:15+02:00,48.063901
2026-03-30 20:30+02:00,53.630343
2026-03-30 20:45+02:00,52.033433
2026-03-30 21:00+02:00,50.413177
2026-03-30 21:15+02:00,51.001126
2026-03-30 21:30+02:00,49.854715
2026-03-30 21:45+02:00,53.856298
2026-03-30 22:00+02:00,49.005960
2026-03-30 22:15+02:00,50.056687
2026-03-30 22:30+02:00,45.395839
2026-03-30 22:45+02:00,50.223396
2026-03-30 23:00+02:00,51.845894
2026-03-30 23:15+02:00,50.618790
2026-03-30 23:30+02:00,52.119924
2026-03-30 23:45+02:00,49.984029
2026-03-31 00:00+02:00,54.331353
2026-03-31 00:15+02:00,49.028223
2026-03-31 00:30+02:00,52.231427
2026-03-31 00:45+02:00,
2026-03-31 01:00+02:00,51.062176
2026-03-31 01:15+02:00,47.063907
2026-03-31 01:30+02:00,49.967447
2026-03-31 01:45+02:00,51.861418
2026-03-31 02:00+02:00,56.706562
2026-03-31 02:15+02:00,47.797601
2026-03-31 02:30+02:00,52.051214
2026-03-31 02:45+02:00,47.007857
2026-03-31 03:00+02:00,51.306320
2026-03-31 03:15+02:00,49.127299
2026-03-31 03:30+02:00,50.002125
2026-03-31 03:45+02:00,47.015177
2026-03-31 04:00+02:00,52.694407
2026-03-31 04:15+02:00,52.668765
2026-03-31 04:30+02:00,49.306189
2026-03-31 04:45+02:00,49.253133
2026-03-31 05:00+02:00,49.152638
2026-03-31 05:15+02:00,
2026-03-31 05:30+02:00,
2026-03-31 05:45+02:00,49.288770
2026-03-31 06:00+02:00,32.975778
2026-03-31 06:15+02:00,34.607635
2026-03-31 06:30+02:00,37.093039
2026-03-31 06:45+02:00,2.395061
2026-03-31 07:00+02:00,1.650028
2026-03-31 07:15+02:00,2.904968
2026-03-31 07:30+02:00,36.504328
2026-03-31 07:45+02:00,2.030418
2026-03-31 08:00+02:00,36.549649
2026-03-31 08:15+02:00,35.436204
2026-03-31 08:30+02:00,37.711823
2026-03-31 08:45+02:00,35.075837
2026-03-31 09:00+02:00,32.479553
2026-03-31 09:15+02:00,34.805645
2026-03-31 09:30+02:00,3.231590
2026-03-31 09:45+02:00,35.855695
2026-03-31 10:00+02:00,37.124641
2026-03-31 10:15+02:00,35.197107
2026-03-31 10:30+02:00,2.885318
2026-03-31 10:45+02:00,0.000000
2026-03-31 11:00+02:00,2.559808
2026-03-31 11:15+02:00,33.525247
2026-03-31 11:30+02:00,1.965733
2026-03-31 11:45+02:00,2.741728
2026-03-31 12:00+02:00,3.137148
2026-03-31 12:15+02:00,2.109619
2026-03-31 12:30+02:00,33.761516
2026-03-31 12:45+02:00,34.435807
2026-03-31 13:00+02:00,3.294097
2026-03-31 13:15+02:00,34.386788
2026-03-31 13:30+02:00,1.587858
2026-03-31 13:45+02:00,2.684003
2026-03-31 14:00+02:00,36.457802
2026-03-31 14:15+02:00,
2026-03-31 14:30+02:00,1.594329
2026-03-31 14:45+02:00,34.371500
2026-03-31 15:00+02:00,35.019694
2026-03-31 15:15+02:00,1.655355
2026-03-31 15:30+02:00,35.177656
2026-03-31 15:45+02:00,2.442582
2026-03-31 16:00+02:00,1.962846
2026-03-31 16:15+02:00,36.389600
2026-03-31 16:30+02:00,1.886410
2026-03-31 16:45+02:00,0.000000
2026-03-31 17:00+02:00,34.822128
2026-03-31 17:15+02:00,2.532576
2026-03-31 17:30+02:00,3.083984
2026-03-31 17:45+02:00,2.725251
2026-03-31 18:00+02:00,1.931556
2026-03-31 18:15+02:00,1.709889
2026-03-31 18:30+02:00,2.888061
2026-03-31 18:45+02:00,3.216833
2026-03-31 19:00+02:00,47.591404
2026-03-31 19:15+02:00,52.541829
2026-03-31 19:30+02:00,52.222851
2026-03-31 19:45+02:00,50.711407
2026-03-31 20:00+02:00,55.276934
2026-03-31 20:15+02:00,
2026-03-31 20:30+02:00,52.267756
2026-03-31 20:45+02:00,
2026-03-31 21:00+02:00,
2026-03-31 21:15+02:00,48.152541
2026-03-31 21:30+02:00,49.845996
2026-03-31 21:45+02:00,49.355706
2026-03-31 22:00+02:00,48.825128
2026-03-31 22:15+02:00,51.004092
2026-03-31 22:30+02:00,54.038326
2026-03-31 22:45+02:00,45.579570
2026-03-31 23:00+02:00,50.850979
2026-03-31 23:15+02:00,49.721579
2026-03-31 23:30+02:00,54.375404
2026-03-31 23:45+02:00,52.813735
2026-04-01 00:00+02:00,51.742244
2026-04-01 00:15+02:00,49.177273
2026-04-01 00:30+02:00,46.648375
2026-04-01 00:45+02:00,49.981512
2026-04-01 01:00+02:00,52.567224
2026-04-01 01:15+02:00,52.266820
2026-04-01 01:30+02:00,55.399874
2026-04-01 01:45+02:00,53.308009
2026-04-01 02:00+02:00,51.679144
2026-04-01 02:15+02:00,
2026-04-01 02:30+02:00,56.825044
2026-04-01 02:45+02:00,52.611790
2026-04-01 03:00+02:00,53.757448
2026-04-01 03:15+02:00,48.218949
2026-04-01 03:30+02:00,45.920377
2026-04-01 03:45+02:00,50.727561
2026-04-01 04:00+02:00,51.810069
2026-04-01 04:15+02:00,56.518119
2026-04-01 04:30+02:00,48.138798
2026-04-01 04:45+02:00,46.883391
2026-04-01 05:00+02:00,54.046691
2026-04-01 05:15+02:00,54.065464
2026-04-01 05:30+02:00,48.910541
2026-04-01 05:45+02:00,53.986622
2026-04-01 06:00+02:00,34.159980
2026-04-01 06:15+02:00,2.480004
2026-04-01 06:30+02:00,35.473429
2026-04-01 06:45+02:00,2.445184
2026-04-01 07:00+02:00,1.760695
2026-04-01 07:15+02:00,2.977225
2026-04-01 07:30+02:00,155.248696
2026-04-01 07:45+02:00,11.413898
2026-04-01 08:00+02:00,37.922384
2026-04-01 08:15+02:00,3.203556
2026-04-01 08:30+02:00,2.614516
2026-04-01 08:45+02:00,2.353490
2026-04-01 09:00+02:00,2.907402
2026-04-01 09:15+02:00,2.466101
2026-04-01 09:30+02:00,34.316339
2026-04-01 09:45+02:00,0.000000
2026-04-01 10:00+02:00,0.000000
2026-04-01 10:15+02:00,2.577646
2026-04-01 10:30+02:00,2.653302
2026-04-01 10:45+02:00,34.097765
2026-04-01 11:00+02:00,2.537216
2026-04-01 11:15+02:00,3.339554
2026-04-01 11:30+02:00,35.607428
2026-04-01 11:45+02:00,0.000000
2026-04-01 12:00+02:00,35.624901
2026-04-01 12:15+02:00,33.972606
2026-04-01 12:30+02:00,
2026-04-01 12:45+02:00,3.508061
2026-04-01 13:00+02:00,34.964121
2026-04-01 13:15+02:00,2.500826
2026-04-01 13:30+02:00,2.327164
2026-04-01 13:45+02:00,34.013763
2026-04-01 14:00+02:00,33.034297
2026-04-01 14:15+02:00,33.357560
2026-04-01 14:30+02:00,33.306539
2026-04-01 14:45+02:00,2.171017
2026-04-01 15:00+02:00,0.000000
2026-04-01 15:15+02:00,2.194006
2026-04-01 15:30+02:00,
2026-04-01 15:45+02:00,2.559001
2026-04-01 16:00+02:00,34.441140
2026-04-01 16:15+02:00,34.917610
2026-04-01 16:30+02:00,2.628005
2026-04-01 16:45+02:00,3.795501
2026-04-01 17:00+02:00,2.230458
2026-04-01 17:15+02:00,1.848688
2026-04-01 17:30+02:00,2.593673
2026-04-01 17:45+02:00,32.678634
2026-04-01 18:00+02:00,0.000000
2026-04-01 18:15+02:00,2.627979
2026-04-01 18:30+02:00,1.900904
2026-04-01 18:45+02:00,1.585412
2026-04-01 19:00+02:00,
2026-04-01 19:15+02:00,51.244076
2026-04-01 19:30+02:00,49.643086
2026-04-01 19:45+02:00,53.665162
2026-04-01 20:00+02:00,48.568710
2026-04-01 20:15+02:00,53.403918
2026-04-01 20:30+02:00,
2026-04-01 20:45+02:00,49.583079
2026-04-01 21:00+02:00,51.655778
2026-04-01 21:15+02:00,50.415504
2026-04-01 21:30+02:00,52.862560
2026-04-01 21:45+02:00,48.557508
2026-04-01 22:00+02:00,51.508104
2026-04-01 22:15+02:00,52.368946
2026-04-01 22:30+02:00,
2026-04-01 22:45+02:00,51.715573
2026-04-01 23:00+02:00,48.308526
2026-04-01 23:15+02:00,50.020763
2026-04-01 23:30+02:00,50.619496
2026-04-01 23:45+02:00,52.939302
2026-04-02 00:00+02:00,49.150958
2026-04-02 00:15+02:00,51.620626
2026-04-02 00:30+02:00,57.813527
2026-04-02 00:45+02:00,
2026-04-02 01:00+02:00,
2026-04-02 01:15+02:00,53.001583
2026-04-02 01:30+02:00,47.509146
2026-04-02 01:45+02:00,
2026-04-02 02:00+02:00,51.645170
2026-04-02 02:15+02:00,47.752279
2026-04-02 02:30+02:00,181.158633
2026-04-02 02:45+02:00,47.707400
2026-04-02 03:00+02:00,51.145448
2026-04-02 03:15+02:00,53.445191
2026-04-02 03:30+02:00,
2026-04-02 03:45+02:00,49.540365
2026-04-02 04:00+02:00,52.159621
2026-04-02 04:15+02:00,50.548586
2026-04-02 04:30+02:00,49.073129
2026-04-02 04:45+02:00,52.780537
2026-04-02 05:00+02:00,49.356142
2026-04-02 05:15+02:00,51.106308
2026-04-02 05:30+02:00,49.229580
2026-04-02 05:45+02:00,52.811117
2026-04-02 06:00+02:00,
2026-04-02 06:15+02:00,36.706744
2026-04-02 06:30+02:00,33.612352
2026-04-02 06:45+02:00,37.876760
2026-04-02 07:00+02:00,35.617054
2026-04-02 07:15+02:00,34.089339
2026-04-02 07:30+02:00,2.487104
2026-04-02 07:45+02:00,35.278224
2026-04-02 08:00+02:00,38.686250
2026-04-02 08:15+02:00,2.359277
2026-04-02 08:30+02:00,32.207713
2026-04-02 08:45+02:00,2.623935
2026-04-02 09:00+02:00,0.000000
2026-04-02 09:15+02:00,34.835196
2026-04-02 09:30+02:00,35.918222
2026-04-02 09:45+02:00,2.588448
2026-04-02 10:00+02:00,2.692319
2026-04-02 10:15+02:00,1.923273
2026-04-02 10:30+02:00,2.439138
2026-04-02 10:45+02:00,0.000000
2026-04-02 11:00+02:00,2.691861
2026-04-02 11:15+02:00,2.342485
2026-04-02 11:30+02:00,2.957275
2026-04-02 11:45+02:00,2.834026
2026-04-02 12:00+02:00,35.254599
2026-04-02 12:15+02:00,2.764080
2026-04-02 12:30+02:00,2.493221
2026-04-02 12:45+02:00,32.961680
2026-04-02 13:00+02:00,2.602816
2026-04-02 13:15+02:00,2.430446
2026-04-02 13:30+02:00,2.482773
2026-04-02 13:45+02:00,33.681539
2026-04-02 14:00+02:00,2.279042
2026-04-02 14:15+02:00,2.259887
2026-04-02 14:30+02:00,37.493943
2026-04-02 14:45+02:00,2.475687
2026-04-02 15:00+02:00,3.594268
2026-04-02 15:15+02:00,0.000000
2026-04-02 15:30+02:00,3.221995
2026-04-02 15:45+02:00,33.388398
2026-04-02 16:00+02:00,2.775932
2026-04-02 16:15+02:00,2.186559
2026-04-02 16:30+02:00,33.910728
2026-04-02 16:45+02:00,34.586146
2026-04-02 17:00+02:00,2.856250
2026-04-02 17:15+02:00,35.340859
2026-04-02 17:30+02:00,2.461947
2026-04-02 17:45+02:00,2.921344
2026-04-02 18:00+02:00,34.301362
2026-04-02 18:15+02:00,2.924201
2026-04-02 18:30+02:00,2.071476
2026-04-02 18:45+02:00,35.551599
2026-04-02 19:00+02:00,52.392334
2026-04-02 19:15+02:00,51.188672
2026-04-02 19:30+02:00,51.646599
2026-04-02 19:45+02:00,50.710802
2026-04-02 20:00+02:00,51.928138
2026-04-02 20:15+02:00,48.155374
2026-04-02 20:30+02:00,55.693473
2026-04-02 20:45+02:00,
2026-04-02 21:00+02:00,49.861655
2026-04-02 21:15+02:00,51.402172
2026-04-02 21:30+02:00,
2026-04-02 21:45+02:00,51.025853
2026-04-02 22:00+02:00,49.462601
2026-04-02 22:15+02:00,48.811778
2026-04-02 22:30+02:00,50.966156
2026-04-02 22:45+02:00,
2026-04-02 23:00+02:00,47.536067
2026-04-02 23:15+02:00,48.764029
2026-04-02 23:30+02:00,51.138241
2026-04-02 23:45+02:00,49.862882
2026-04-03 00:00+02:00,
2026-04-03 00:15+02:00,47.945607
2026-04-03 00:30+02:00,
2026-04-03 00:45+02:00,48.394070
2026-04-03 01:00+02:00,49.266042
2026-04-03 01:15+02:00,49.437860
2026-04-03 01:30+02:00,49.383854
2026-04-03 01:45+02:00,52.295401
2026-04-03 02:00+02:00,50.195048
2026-04-03 02:15+02:00,51.746819
2026-04-03 02:30+02:00,49.260841
2026-04-03 02:45+02:00,48.819723
2026-04-03 03:00+02:00,46.547370
2026-04-03 03:15+02:00,50.453887
2026-04-03 03:30+02:00,53.300856
2026-04-03 03:45+02:00,58.231826
2026-04-03 04:00+02:00,47.821804
2026-04-03 04:15+02:00,51.604541
2026-04-03 04:30+02:00,47.531387
2026-04-03 04:45+02:00,53.703034
2026-04-03 05:00+02:00,49.901793
2026-04-03 05:15+02:00,52.310721
2026-04-03 05:30+02:00,50.698825
2026-04-03 05:45+02:00,51.855872
2026-04-03 06:00+02:00,38.443148
2026-04-03 06:15+02:00,2.866314
2026-04-03 06:30+02:00,
2026-04-03 06:45+02:00,3.604009
2026-04-03 07:00+02:00,2.816486
2026-04-03 07:15+02:00,33.924785
2026-04-03 07:30+02:00,32.106423
2026-04-03 07:45+02:00,1.362700
2026-04-03 08:00+02:00,2.593498
2026-04-03 08:15+02:00,34.537054
2026-04-03 08:30+02:00,2.789826
2026-04-03 08:45+02:00,2.202855
2026-04-03 09:00+02:00,36.498917
2026-04-03 09:15+02:00,2.493418
2026-04-03 09:30+02:00,
2026-04-03 09:45+02:00,2.777349
2026-04-03 10:00+02:00,2.464693
2026-04-03 10:15+02:00,3.495317
2026-04-03 10:30+02:00,2.636149
2026-04-03 10:45+02:00,34.171596
2026-04-03 11:00+02:00,3.170906
2026-04-03 11:15+02:00,
2026-04-03 11:30+02:00,32.879742
2026-04-03 11:45+02:00,3.933969
2026-04-03 12:00+02:00,
2026-04-03 12:15+02:00,3.188739
2026-04-03 12:30+02:00,
2026-04-03 12:45+02:00,
2026-04-03 13:00+02:00,2.881672
2026-04-03 13:15+02:00,37.523640
2026-04-03 13:30+02:00,37.886062
2026-04-03 13:45+02:00,38.312179
2026-04-03 14:00+02:00,33.168302
2026-04-03 14:15+02:00,36.480656
2026-04-03 14:30+02:00,2.507517
2026-04-03 14:45+02:00,
2026-04-03 15:00+02:00,0.000000
2026-04-03 15:15+02:00,2.360069
2026-04-03 15:30+02:00,2.168635
2026-04-03 15:45+02:00,3.203410
2026-04-03 16:00+02:00,33.937801
2026-04-03 16:15+02:00,34.236103
2026-04-03 16:30+02:00,2.834422
2026-04-03 16:45+02:00,34.789723
2026-04-03 17:00+02:00,33.613703
2026-04-03 17:15+02:00,
2026-04-03 17:30+02:00,37.532373
2026-04-03 17:45+02:00,
2026-04-03 18:00+02:00,2.789190
2026-04-03 18:15+02:00,2.919773
2026-04-03 18:30+02:00,36.514269
2026-04-03 18:45+02:00,3.058175
2026-04-03 19:00+02:00,
2026-04-03 19:15+02:00,
2026-04-03 19:30+02:00,47.004712
2026-04-03 19:45+02:00,51.375450
2026-04-03 20:00+02:00,50.367719
2026-04-03 20:15+02:00,52.531919
2026-04-03 20:30+02:00,53.770960
2026-04-03 20:45+02:00,53.242571
2026-04-03 21:00+02:00,47.599564
2026-04-03 21:15+02:00,54.420797
2026-04-03 21:30+02:00,48.340312
2026-04-03 21:45+02:00,49.912552
2026-04-03 22:00+02:00,50.772200
2026-04-03 22:15+02:00,47.697361
2026-04-03 22:30+02:00,53.794102
2026-04-03 22:45+02:00,51.532845
2026-04-03 23:00+02:00,50.339458
2026-04-03 23:15+02:00,
2026-04-03 23:30+02:00,48.635732
2026-04-03 23:45+02:00,48.568985
2026-04-04 00:00+02:00,48.816804
2026-04-04 00:15+02:00,52.860967
2026-04-04 00:30+02:00,52.207240
2026-04-04 00:45+02:00,54.639149
2026-04-04 01:00+02:00,51.481300
2026-04-04 01:15+02:00,51.437489
2026-04-04 01:30+02:00,47.217179
2026-04-04 01:45+02:00,49.620820
2026-04-04 02:00+02:00,48.785762
2026-04-04 02:15+02:00,51.981846
2026-04-04 02:30+02:00,55.561682
2026-04-04 02:45+02:00,
2026-04-04 03:00+02:00,53.988008
2026-04-04 03:15+02:00,52.965432
2026-04-04 03:30+02:00,53.000228
2026-04-04 03:45+02:00,56.360742
2026-04-04 04:00+02:00,55.077697
2026-04-04 04:15+02:00,52.923446
2026-04-04 04:30+02:00,52.467394
2026-04-04 04:45+02:00,55.030296
2026-04-04 05:00+02:00,52.491392
2026-04-04 05:15+02:00,56.834761
2026-04-04 05:30+02:00,50.215109
2026-04-04 05:45+02:00,52.063450
2026-04-04 06:00+02:00,1.653304
2026-04-04 06:15+02:00,3.243056
2026-04-04 06:30+02:00,2.890471
2026-04-04 06:45+02:00,3.871431
2026-04-04 07:00+02:00,2.447643
2026-04-04 07:15+02:00,1.892911
2026-04-04 07:30+02:00,
2026-04-04 07:45+02:00,2.851793
2026-04-04 08:00+02:00,2.173748
2026-04-04 08:15+02:00,2.062022
2026-04-04 08:30+02:00,2.708987
2026-04-04 08:45+02:00,2.966049
2026-04-04 09:00+02:00,3.359311
2026-04-04 09:15+02:00,0.000000
2026-04-04 09:30+02:00,2.675531
2026-04-04 09:45+02:00,2.701227
2026-04-04 10:00+02:00,
2026-04-04 10:15+02:00,2.292768
2026-04-04 10:30+02:00,2.493157
2026-04-04 10:45+02:00,2.023908
2026-04-04 11:00+02:00,2.949851
2026-04-04 11:15+02:00,2.216485
2026-04-04 11:30+02:00,0.000000
2026-04-04 11:45+02:00,2.064838
2026-04-04 12:00+02:00,2.756960
2026-04-04 12:15+02:00,
2026-04-04 12:30+02:00,2.501062
2026-04-04 12:45+02:00,2.580646
2026-04-04 13:00+02:00,2.802908
2026-04-04 13:15+02:00,3.475893
2026-04-04 13:30+02:00,3.326033
2026-04-04 13:45+02:00,3.085101
2026-04-04 14:00+02:00,2.354656
2026-04-04 14:15+02:00,2.614258
2026-04-04 14:30+02:00,0.000000
2026-04-04 14:45+02:00,2.933432
2026-04-04 15:00+02:00,2.014250
2026-04-04 15:15+02:00,2.872768
2026-04-04 15:30+02:00,0.000000
2026-04-04 15:45+02:00,0.000000
2026-04-04 16:00+02:00,0.000000
2026-04-04 16:15+02:00,3.447961
2026-04-04 16:30+02:00,2.041626
2026-04-04 16:45+02:00,0.000000
2026-04-04 17:00+02:00,2.327000
2026-04-04 17:15+02:00,2.576593
2026-04-04 17:30+02:00,2.475448
2026-04-04 17:45+02:00,2.130782
2026-04-04 18:00+02:00,2.667907
2026-04-04 18:15+02:00,1.865224
2026-04-04 18:30+02:00,3.474443
2026-04-04 18:45+02:00,2.322163
2026-04-04 19:00+02:00,50.957585
2026-04-04 19:15+02:00,50.259608
2026-04-04 19:30+02:00,52.117403
2026-04-04 19:45+02:00,49.393135
2026-04-04 20:00+02:00,50.046837
2026-04-04 20:15+02:00,52.879980
2026-04-04 20:30+02:00,50.172089
2026-04-04 20:45+02:00,51.866661
2026-04-04 21:00+02:00,49.294980
2026-04-04 21:15+02:00,47.429352
2026-04-04 21:30+02:00,46.901693
2026-04-04 21:45+02:00,53.560647
2026-04-04 22:00+02:00,51.322185
2026-04-04 22:15+02:00,47.997259
2026-04-04 22:30+02:00,50.730847
2026-04-04 22:45+02:00,51.109777
2026-04-04 23:00+02:00,49.540260
2026-04-04 23:15+02:00,53.311571
2026-04-04 23:30+02:00,54.968904
2026-04-04 23:45+02:00,50.723203
2026-04-05 00:00+02:00,
