timestamp,value_kwh
2026-01-05 00:15+01:00,4.609805
2026-01-05 00:30+01:00,5.074533
2026-01-05 00:45+01:00,3.858259
2026-01-05 01:00+01:00,4.701135
2026-01-05 01:15+01:00,4.622827
2026-01-05 01:30+01:00,4.367054
2026-01-05 01:45+01:00,4.798908
2026-01-05 02:00+01:00,4.519635
2026-01-05 02:15+01:00,4.238662
2026-01-05 02:30+01:00,3.916090
2026-01-05 02:45+01:00,4.342279
2026-01-05 03:00+01:00,4.796901
2026-01-05 03:15+01:00,4.363391
2026-01-05 03:30+01:00,4.120455
2026-01-05 03:45+01:00,3.894760
2026-01-05 04:00+01:00,4.231556
2026-01-05 04:15+01:00,4.638115
2026-01-05 04:30+01:00,4.247013
2026-01-05 04:45+01:00,4.453699
2026-01-05 05:00+01:00,4.474211
2026-01-05 05:15+01:00,4.497826
2026-01-05 05:30+01:00,4.009839
2026-01-05 05:45+01:00,4.868425
2026-01-05 06:00+01:00,3.188096
2026-01-05 06:15+01:00,2.673550
2026-01-05 06:30+01:00,3.733072
2026-01-05 06:45+01:00,2.124200
2026-01-05 07:00+01:00,2.590367
2026-01-05 07:15+01:00,2.580037
2026-01-05 07:30+01:00,2.585436
2026-01-05 07:45+01:00,3.227344
2026-01-05 08:00+01:00,1.903489
2026-01-05 08:15+01:00,
2026-01-05 08:30+01:00,2.279397
2026-01-05 08:45+01:00,2.469800
2026-01-05 09:00+01:00,2.252347
2026-01-05 09:15+01:00,2.950284
2026-01-05 09:30+01:00,1.882365
2026-01-05 09:45+01:00,2.178769
2026-01-05 10:00+01:00,3.117363
2026-01-05 10:15+01:00,2.967721
2026-01-05 10:30+01:00,2.104816
2026-01-05 10:45+01:00,
2026-01-05 11:00+01:00,1.842357
2026-01-05 11:15+01:00,3.008447
2026-01-05 11:30+01:00,2.437517
2026-01-05 11:45+01:00,2.512412
2026-01-05 12:00+01:00,4.069459
2026-01-05 12:15+01:00,4.828600
2026-01-05 12:30+01:00,4.810643
2026-01-05 12:45+01:00,3.585582
2026-01-05 13:00+01:00,4.330181
2026-01-05 13:15+01:00,4.905033
2026-01-05 13:30+01:00,4.675027
2026-01-05 13:45+01:00,3.980197
2026-01-05 14:00+01:00,4.173202
2026-01-05 14:15+01:00,5.024543
2026-01-05 14:30+01:00,5.059253
2026-01-05 14:45+01:00,4.449627
2026-01-05 15:00+01:00,4.443214
2026-01-05 15:15+01:00,4.126092
2026-01-05 15:30+01:00,4.316003
2026-01-05 15:45+01:00,3.991744
2026-01-05 16:00+01:00,3.765887
2026-01-05 16:15+01:00,4.169070
2026-01-05 16:30+01:00,4.288003
2026-01-05 16:45+01:00,4.961100
2026-01-05 17:00+01:00,3.866704
2026-01-05 17:15+01:00,4.741919
2026-01-05 17:30+01:00,
2026-01-05 17:45+01:00,4.468773
2026-01-05 18:00+01:00,2.167170
2026-01-05 18:15+01:00,2.134660
2026-01-05 18:30+01:00,2.667808
2026-01-05 18:45+01:00,2.235205
2026-01-05 19:00+01:00,2.766088
2026-01-05 19:15+01:00,1.921952
2026-01-05 19:30+01:00,1.451145
2026-01-05 19:45+01:00,1.838302
2026-01-05 20:00+01:00,1.748359
2026-01-05 20:15+01:00,2.279720
2026-01-05 20:30+01:00,2.535294
2026-01-05 20:45+01:00,2.819579
2026-01-05 21:00+01:00,2.916416
2026-01-05 21:15+01:00,1.710117
2026-01-05 21:30+01:00,2.846792
2026-01-05 21:45+01:00,3.257033
2026-01-05 22:00+01:00,2.717346
2026-01-05 22:15+01:00,2.865184
2026-01-05 22:30+01:00,2.352043
2026-01-05 22:45+01:00,2.902302
2026-01-05 23:00+01:00,3.065571
2026-01-05 23:15+01:00,1.447024
2026-01-05 23:30+01:00,2.179581
2026-01-05 23:45+01:00,2.984728
2026-01-06 00:00+01:00,4.259102
2026-01-06 00:15+01:00,3.502414
2026-01-06 00:30+01:00,2.564659
2026-01-06 00:45+01:00,2.156176
2026-01-06 01:00+01:00,2.551513
2026-01-06 01:15+01:00,2.609620
2026-01-06 01:30+01:00,2.529642
2026-01-06 01:45+01:00,2.148585
2026-01-06 02:00+01:00,2.731108
2026-01-06 02:15+01:00,2.998244
2026-01-06 02:30+01:00,2.533058
2026-01-06 02:45+01:00,2.379043
2026-01-06 03:00+01:00,1.618412
2026-01-06 03:15+01:00,3.156117
2026-01-06 03:30+01:00,1.821662
2026-01-06 03:45+01:00,2.774668
2026-01-06 04:00+01:00,1.935461
2026-01-06 04:15+01:00,2.868739
2026-01-06 04:30+01:00,2.769751
2026-01-06 04:45+01:00,
2026-01-06 05:00+01:00,2.006129
2026-01-06 05:15+01:00,1.800935
2026-01-06 05:30+01:00,2.155769
2026-01-06 05:45+01:00,2.757821
2026-01-06 06:00+01:00,2.333700
2026-01-06 06:15+01:00,2.756094
2026-01-06 06:30+01:00,2.636369
2026-01-06 06:45+01:00,3.393350
2026-01-06 07:00+01:00,2.698602
2026-01-06 07:15+01:00,2.914991
2026-01-06 07:30+01:00,2.276056
2026-01-06 07:45+01:00,2.520669
2026-01-06 08:00+01:00,2.128131
2026-01-06 08:15+01:00,2.266125
2026-01-06 08:30+01:00,2.146559
2026-01-06 08:45+01:00,1.738034
2026-01-06 09:00+01:00,3.195496
2026-01-06 09:15+01:00,1.671308
2026-01-06 09:30+01:00,2.817940
2026-01-06 09:45+01:00,1.636924
2026-01-06 10:00+01:00,2.279158
2026-01-06 10:15+01:00,2.783847
2026-01-06 10:30+01:00,2.095519
2026-01-06 10:45+01:00,3.386535
2026-01-06 11:00+01:00,
2026-01-06 11:15+01:00,1.417644
2026-01-06 11:30+01:00,1.885998
2026-01-06 11:45+01:00,1.717397
2026-01-06 12:00+01:00,2.165271
2026-01-06 12:15+01:00,2.375844
2026-01-06 12:30+01:00,2.594306
2026-01-06 12:45+01:00,2.160478
2026-01-06 13:00+01:00,3.194525
2026-01-06 13:15+01:00,2.459298
2026-01-06 13:30+01:00,1.938340
2026-01-06 13:45+01:00,2.394530
2026-01-06 14:00+01:00,2.926894
2026-01-06 14:15+01:00,2.338036
2026-01-06 14:30+01:00,2.715785
2026-01-06 14:45+01:00,2.761983
2026-01-06 15:00+01:00,4.599062
2026-01-06 15:15+01:00,4.787226
2026-01-06 15:30+01:00,4.251392
2026-01-06 15:45+01:00,4.287363
2026-01-06 16:00+01:00,4.163464
2026-01-06 16:15+01:00,3.994831
2026-01-06 16:30+01:00,4.501547
2026-01-06 16:45+01:00,4.455956
2026-01-06 17:00+01:00,4.547922
2026-01-06 17:15+01:00,4.383119
2026-01-06 17:30+01:00,4.409261
2026-01-06 17:45+01:00,5.153920
2026-01-06 18:00+01:00,4.044322
2026-01-06 18:15+01:00,4.400917
2026-01-06 18:30+01:00,4.270222
2026-01-06 18:45+01:00,4.398510
2026-01-06 19:00+01:00,4.047613
2026-01-06 19:15+01:00,4.332711
2026-01-06 19:30+01:00,4.688258
2026-01-06 19:45+01:00,4.328590
2026-01-06 20:00+01:00,4.256410
2026-01-06 20:15+01:00,4.222690
2026-01-06 20:30+01:00,4.905136
2026-01-06 20:45+01:00,4.485454
2026-01-06 21:00+01:00,2.064521
2026-01-06 21:15+01:00,2.259598
2026-01-06 21:30+01:00,1.908304
2026-01-06 21:45+01:00,2.470899
2026-01-06 22:00+01:00,12.941237
2026-01-06 22:15+01:00,2.146740
2026-01-06 22:30+01:00,1.941713
2026-01-06 22:45+01:00,3.380548
2026-01-06 23:00+01:00,2.575957
2026-01-06 23:15+01:00,2.527753
2026-01-06 23:30+01:00,1.866412
2026-01-06 23:45+01:00,2.764872
2026-01-07 00:00+01:00,2.827780
2026-01-07 00:15+01:00,5.213512
2026-01-07 00:30+01:00,4.834182
2026-01-07 00:45+01:00,4.341192
2026-01-07 01:00+01:00,4.103858
2026-01-07 01:15+01:00,4.035516
2026-01-07 01:30+01:00,4.506985
2026-01-07 01:45+01:00,3.870213
2026-01-07 02:00+01:00,4.777820
2026-01-07 02:15+01:00,4.081409
2026-01-07 02:30+01:00,4.642544
2026-01-07 02:45+01:00,4.257034
2026-01-07 03:00+01:00,4.126196
2026-01-07 03:15+01:00,3.889115
2026-01-07 03:30+01:00,4.200844
2026-01-07 03:45+01:00,4.244020
2026-01-07 04:00+01:00,4.049589
2026-01-07 04:15+01:00,
2026-01-07 04:30+01:00,4.211126
2026-01-07 04:45+01:00,4.414821
2026-01-07 05:00+01:00,4.176506
2026-01-07 05:15+01:00,4.074079
2026-01-07 05:30+01:00,
2026-01-07 05:45+01:00,4.534641
2026-01-07 06:00+01:00,2.420894
2026-01-07 06:15+01:00,2.758962
2026-01-07 06:30+01:00,3.353888
2026-01-07 06:45+01:00,1.500421
2026-01-07 07:00+01:00,2.557429
2026-01-07 07:15+01:00,2.667194
2026-01-07 07:30+01:00,3.037125
2026-01-07 07:45+01:00,2.570395
2026-01-07 08:00+01:00,2.471860
2026-01-07 08:15+01:00,2.672113
2026-01-07 08:30+01:00,2.018580
2026-01-07 08:45+01:00,1.565210
2026-01-07 09:00+01:00,2.396010
2026-01-07 09:15+01:00,1.965419
2026-01-07 09:30+01:00,1.918019
2026-01-07 09:45+01:00,2.522096
2026-01-07 10:00+01:00,2.426678
2026-01-07 10:15+01:00,2.759389
2026-01-07 10:30+01:00,2.715358
2026-01-07 10:45+01:00,2.001052
2026-01-07 11:00+01:00,2.671976
2026-01-07 11:15+01:00,2.790537
2026-01-07 11:30+01:00,3.419864
2026-01-07 11:45+01:00,1.546641
2026-01-07 12:00+01:00,2.732975
2026-01-07 12:15+01:00,2.012806
2026-01-07 12:30+01:00,
2026-01-07 12:45+01:00,1.985961
2026-01-07 13:00+01:00,2.484808
2026-01-07 13:15+01:00,1.987753
2026-01-07 13:30+01:00,2.238029
2026-01-07 13:45+01:00,2.788482
2026-01-07 14:00+01:00,3.428458
2026-01-07 14:15+01:00,2.003531
2026-01-07 14:30+01:00,1.786803
2026-01-07 14:45+01:00,3.161070
2026-01-07 15:00+01:00,3.376482
2026-01-07 15:15+01:00,1.895471
2026-01-07 15:30+01:00,3.210258
2026-01-07 15:45+01:00,
2026-01-07 16:00+01:00,1.530830
2026-01-07 16:15+01:00,2.145835
2026-01-07 16:30+01:00,1.527553
2026-01-07 16:45+01:00,2.355536
2026-01-07 17:00+01:00,2.307355
2026-01-07 17:15+01:00,2.723558
2026-01-07 17:30+01:00,2.015727
2026-01-07 17:45+01:00,2.493412
2026-01-07 18:00+01:00,2.344999
2026-01-07 18:15+01:00,1.835428
2026-01-07 18:30+01:00,2.956280
2026-01-07 18:45+01:00,2.442342
2026-01-07 19:00+01:00,2.807999
2026-01-07 19:15+01:00,
2026-01-07 19:30+01:00,2.274718
2026-01-07 19:45+01:00,3.151741
2026-01-07 20:00+01:00,2.574511
2026-01-07 20:15+01:00,3.682898
2026-01-07 20:30+01:00,2.745732
2026-01-07 20:45+01:00,2.513384
2026-01-07 21:00+01:00,
2026-01-07 21:15+01:00,4.316526
2026-01-07 21:30+01:00,
2026-01-07 21:45+01:00,4.889769
2026-01-07 22:00+01:00,4.405418
2026-01-07 22:15+01:00,4.424828
2026-01-07 22:30+01:00,4.152246
2026-01-07 22:45+01:00,3.984213
2026-01-07 23:00+01:00,3.872360
2026-01-07 23:15+01:00,4.568176
2026-01-07 23:30+01:00,4.499743
2026-01-07 23:45+01:00,3.943342
2026-01-08 00:00+01:00,4.028505
2026-01-08 00:15+01:00,2.031564
2026-01-08 00:30+01:00,2.610444
2026-01-08 00:45+01:00,2.143279
2026-01-08 01:00+01:00,2.248725
2026-01-08 01:15+01:00,2.477670
2026-01-08 01:30+01:00,2.082504
2026-01-08 01:45+01:00,2.965389
2026-01-08 02:00+01:00,2.342404
2026-01-08 02:15+01:00,
2026-01-08 02:30+01:00,1.526495
2026-01-08 02:45+01:00,2.052128
2026-01-08 03:00+01:00,3.908283
2026-01-08 03:15+01:00,4.407420
2026-01-08 03:30+01:00,3.868968
2026-01-08 03:45+01:00,4.249343
2026-01-08 04:00+01:00,3.782880
2026-01-08 04:15+01:00,4.301315
2026-01-08 04:30+01:00,4.619847
2026-01-08 04:45+01:00,4.169306
2026-01-08 05:00+01:00,4.641012
2026-01-08 05:15+01:00,4.195287
2026-01-08 05:30+01:00,4.557205
2026-01-08 05:45+01:00,4.423236
2026-01-08 06:00+01:00,4.066755
2026-01-08 06:15+01:00,5.088099
2026-01-08 06:30+01:00,4.638696
2026-01-08 06:45+01:00,4.672728
2026-01-08 07:00+01:00,
2026-01-08 07:15+01:00,4.821037
2026-01-08 07:30+01:00,3.953096
2026-01-08 07:45+01:00,3.876414
2026-01-08 08:00+01:00,4.189836
2026-01-08 08:15+01:00,3.925005
2026-01-08 08:30+01:00,4.742217
2026-01-08 08:45+01:00,4.240116
2026-01-08 09:00+01:00,1.661756
2026-01-08 09:15+01:00,2.762335
2026-01-08 09:30+01:00,2.401201
2026-01-08 09:45+01:00,2.378491
2026-01-08 10:00+01:00,3.670790
2026-01-08 10:15+01:00,1.864353
2026-01-08 10:30+01:00,2.557981
2026-01-08 10:45+01:00,2.157229
2026-01-08 11:00+01:00,2.103889
2026-01-08 11:15+01:00,2.654102
2026-01-08 11:30+01:00,2.654759
2026-01-08 11:45+01:00,1.456217
2026-01-08 12:00+01:00,2.933031
2026-01-08 12:15+01:00,2.744476
2026-01-08 12:30+01:00,2.059998
2026-01-08 12:45+01:00,3.194334
2026-01-08 13:00+01:00,4.850844
2026-01-08 13:15+01:00,4.546673
2026-01-08 13:30+01:00,4.635254
2026-01-08 13:45+01:00,4.361954
2026-01-08 14:00+01:00,4.259156
2026-01-08 14:15+01:00,4.495266
2026-01-08 14:30+01:00,4.466809
2026-01-08 14:45+01:00,3.447009
2026-01-08 15:00+01:00,
2026-01-08 15:15+01:00,4.238606
2026-01-08 15:30+01:00,4.597256
2026-01-08 15:45+01:00,3.709216
2026-01-08 16:00+01:00,4.230920
2026-01-08 16:15+01:00,3.945549
2026-01-08 16:30+01:00,4.117512
2026-01-08 16:45+01:00,3.927001
2026-01-08 17:00+01:00,4.043610
2026-01-08 17:15+01:00,4.559767
2026-01-08 17:30+01:00,4.453613
2026-01-08 17:45+01:00,4.005445
2026-01-08 18:00+01:00,2.616479
2026-01-08 18:15+01:00,2.237108
2026-01-08 18:30+01:00,2.158147
2026-01-08 18:45+01:00,1.181264
2026-01-08 19:00+01:00,2.198131
2026-01-08 19:15+01:00,1.726414
2026-01-08 19:30+01:00,2.376353
2026-01-08 19:45+01:00,2.466024
2026-01-08 20:00+01:00,3.139245
2026-01-08 20:15+01:00,1.919512
2026-01-08 20:30+01:00,2.382667
2026-01-08 20:45+01:00,1.682923
2026-01-08 21:00+01:00,3.672755
2026-01-08 21:15+01:00,2.304455
2026-01-08 21:30+01:00,2.592452
2026-01-08 21:45+01:00,3.378768
2026-01-08 22:00+01:00,1.175905
2026-01-08 22:15+01:00,2.453374
2026-01-08 22:30+01:00,3.480285
2026-01-08 22:45+01:00,3.119888
2026-01-08 23:00+01:00,2.441527
2026-01-08 23:15+01:00,2.598345
2026-01-08 23:30+01:00,2.768871
2026-01-08 23:45+01:00,2.725339
2026-01-09 00:00+01:00,2.850064
2026-01-09 00:15+01:00,4.347463
2026-01-09 00:30+01:00,4.032631
2026-01-09 00:45+01:00,4.474370
2026-01-09 01:00+01:00,4.149221
2026-01-09 01:15+01:00,3.764604
2026-01-09 01:30+01:00,3.782183
2026-01-09 01:45+01:00,4.178127
2026-01-09 02:00+01:00,
2026-01-09 02:15+01:00,4.544393
2026-01-09 02:30+01:00,3.967470
2026-01-09 02:45+01:00,4.100367
2026-01-09 03:00+01:00,4.672873
2026-01-09 03:15+01:00,4.760884
2026-01-09 03:30+01:00,3.981631
2026-01-09 03:45+01:00,
2026-01-09 04:00+01:00,4.948483
2026-01-09 04:15+01:00,4.408727
2026-01-09 04:30+01:00,4.222004
2026-01-09 04:45+01:00,4.425471
2026-01-09 05:00+01:00,
2026-01-09 05:15+01:00,3.442259
2026-01-09 05:30+01:00,2.994814
2026-01-09 05:45+01:00,2.452786
2026-01-09 06:00+01:00,2.176071
2026-01-09 06:15+01:00,2.728919
2026-01-09 06:30+01:00,2.112898
2026-01-09 06:45+01:00,2.680109
2026-01-09 07:00+01:00,2.177169
2026-01-09 07:15+01:00,3.813013
2026-01-09 07:30+01:00,1.206724
2026-01-09 07:45+01:00,2.824629
2026-01-09 08:00+01:00,3.162424
2026-01-09 08:15+01:00,2.504143
2026-01-09 08:30+01:00,2.610782
2026-01-09 08:45+01:00,2.677010
2026-01-09 09:00+01:00,2.720703
2026-01-09 09:15+01:00,2.067633
2026-01-09 09:30+01:00,2.703676
2026-01-09 09:45+01:00,2.964269
2026-01-09 10:00+01:00,2.383839
2026-01-09 10:15+01:00,2.152638
2026-01-09 10:30+01:00,2.283171
2026-01-09 10:45+01:00,3.644007
2026-01-09 11:00+01:00,4.350602
2026-01-09 11:15+01:00,4.208966
2026-01-09 11:30+01:00,4.057036
2026-01-09 11:45+01:00,4.351316
2026-01-09 12:00+01:00,4.486014
2026-01-09 12:15+01:00,4.676161
2026-01-09 12:30+01:00,4.546222
2026-01-09 12:45+01:00,
2026-01-09 13:00+01:00,4.843920
2026-01-09 13:15+01:00,4.626961
2026-01-09 13:30+01:00,4.578545
2026-01-09 13:45+01:00,3.854348
2026-01-09 14:00+01:00,4.368276
2026-01-09 14:15+01:00,4.291970
2026-01-09 14:30+01:00,4.587792
2026-01-09 14:45+01:00,4.257107
2026-01-09 15:00+01:00,4.157285
2026-01-09 15:15+01:00,4.264624
2026-01-09 15:30+01:00,4.338633
2026-01-09 15:45+01:00,4.668969
2026-01-09 16:00+01:00,2.645916
2026-01-09 16:15+01:00,2.203890
2026-01-09 16:30+01:00,3.008018
2026-01-09 16:45+01:00,2.145252
2026-01-09 17:00+01:00,2.260725
2026-01-09 17:15+01:00,2.053051
2026-01-09 17:30+01:00,2.705828
2026-01-09 17:45+01:00,2.052020
2026-01-09 18:00+01:00,2.362761
2026-01-09 18:15+01:00,3.339050
2026-01-09 18:30+01:00,2.657621
2026-01-09 18:45+01:00,2.350922
2026-01-09 19:00+01:00,1.686180
2026-01-09 19:15+01:00,3.234701
2026-01-09 19:30+01:00,2.978076
2026-01-09 19:45+01:00,2.623121
2026-01-09 20:00+01:00,1.913307
2026-01-09 20:15+01:00,2.341159
2026-01-09 20:30+01:00,2.049884
2026-01-09 20:45+01:00,2.789389
2026-01-09 21:00+01:00,3.063379
2026-01-09 21:15+01:00,2.346650
2026-01-09 21:30+01:00,2.423373
2026-01-09 21:45+01:00,2.055177
2026-01-09 22:00+01:00,2.700420
2026-01-09 22:15+01:00,1.811195
2026-01-09 22:30+01:00,2.498969
2026-01-09 22:45+01:00,2.741369
2026-01-09 23:00+01:00,1.961685
2026-01-09 23:15+01:00,3.075748
2026-01-09 23:30+01:00,3.159746
2026-01-09 23:45+01:00,1.492776
2026-01-10 00:00+01:00,4.597764
2026-01-10 00:15+01:00,2.153384
2026-01-10 00:30+01:00,2.772309
2026-01-10 00:45+01:00,2.687670
2026-01-10 01:00+01:00,3.295229
2026-01-10 01:15+01:00,2.634734
2026-01-10 01:30+01:00,2.311109
2026-01-10 01:45+01:00,2.905787
2026-01-10 02:00+01:00,1.984770
2026-01-10 02:15+01:00,2.643048
2026-01-10 02:30+01:00,3.120304
2026-01-10 02:45+01:00,3.309584
2026-01-10 03:00+01:00,2.085155
2026-01-10 03:15+01:00,3.055151
2026-01-10 03:30+01:00,2.070335
2026-01-10 03:45+01:00,2.676515
2026-01-10 04:00+01:00,3.007285
2026-01-10 04:15+01:00,2.525458
2026-01-10 04:30+01:00,3.173640
2026-01-10 04:45+01:00,2.453830
2026-01-10 05:00+01:00,2.644943
2026-01-10 05:15+01:00,1.855452
2026-01-10 05:30+01:00,2.722934
2026-01-10 05:45+01:00,
2026-01-10 06:00+01:00,3.290848
2026-01-10 06:15+01:00,2.847390
2026-01-10 06:30+01:00,2.236528
2026-01-10 06:45+01:00,2.538877
2026-01-10 07:00+01:00,1.759887
2026-01-10 07:15+01:00,2.784333
2026-01-10 07:30+01:00,2.056942
2026-01-10 07:45+01:00,2.788772
2026-01-10 08:00+01:00,2.013329
2026-01-10 08:15+01:00,2.479126
2026-01-10 08:30+01:00,2.125351
2026-01-10 08:45+01:00,2.067602
2026-01-10 09:00+01:00,2.904041
2026-01-10 09:15+01:00,3.185928
2026-01-10 09:30+01:00,1.996207
2026-01-10 09:45+01:00,1.929240
2026-01-10 10:00+01:00,2.461349
2026-01-10 10:15+01:00,
2026-01-10 10:30+01:00,2.178573
2026-01-10 10:45+01:00,2.542611
2026-01-10 11:00+01:00,2.634610
2026-01-10 11:15+01:00,1.742782
2026-01-10 11:30+01:00,2.546179
2026-01-10 11:45+01:00,3.366376
2026-01-10 12:00+01:00,2.971323
2026-01-10 12:15+01:00,2.289089
2026-01-10 12:30+01:00,3.097005
2026-01-10 12:45+01:00,2.681430
2026-01-10 13:00+01:00,2.514253
2026-01-10 13:15+01:00,2.594098
2026-01-10 13:30+01:00,1.884163
2026-01-10 13:45+01:00,
2026-01-10 14:00+01:00,3.507990
2026-01-10 14:15+01:00,2.124077
2026-01-10 14:30+01:00,2.782745
2026-01-10 14:45+01:00,3.208675
2026-01-10 15:00+01:00,2.336578
2026-01-10 15:15+01:00,2.289619
2026-01-10 15:30+01:00,2.729465
2026-01-10 15:45+01:00,2.660696
2026-01-10 16:00+01:00,2.924452
2026-01-10 16:15+01:00,1.169531
2026-01-10 16:30+01:00,2.525767
2026-01-10 16:45+01:00,1.678047
2026-01-10 17:00+01:00,3.759124
2026-01-10 17:15+01:00,3.071838
2026-01-10 17:30+01:00,3.265039
2026-01-10 17:45+01:00,2.212056
2026-01-10 18:00+01:00,3.779463
2026-01-10 18:15+01:00,2.623040
2026-01-10 18:30+01:00,3.200282
2026-01-10 18:45+01:00,2.758840
2026-01-10 19:00+01:00,1.869565
2026-01-10 19:15+01:00,1.494066
2026-01-10 19:30+01:00,2.149549
2026-01-10 19:45+01:00,1.347072
2026-01-10 20:00+01:00,2.719466
2026-01-10 20:15+01:00,2.779771
2026-01-10 20:30+01:00,2.916434
2026-01-10 20:45+01:00,2.757397
2026-01-10 21:00+01:00,4.177070
2026-01-10 21:15+01:00,4.079210
2026-01-10 21:30+01:00,4.253821
2026-01-10 21:45+01:00,4.807858
2026-01-10 22:00+01:00,4.144274
2026-01-10 22:15+01:00,4.067395
2026-01-10 22:30+01:00,3.723412
2026-01-10 22:45+01:00,4.017281
2026-01-10 23:00+01:00,4.026140
2026-01-10 23:15+01:00,3.559622
2026-01-10 23:30+01:00,4.400474
2026-01-10 23:45+01:00,4.714209
2026-01-11 00:00+01:00,2.484674
2026-01-11 00:15+01:00,2.840538
2026-01-11 00:30+01:00,2.292900
2026-01-11 00:45+01:00,2.473204
2026-01-11 01:00+01:00,1.906068
2026-01-11 01:15+01:00,2.147075
2026-01-11 01:30+01:00,
2026-01-11 01:45+01:00,1.642965
2026-01-11 02:00+01:00,2.333210
2026-01-11 02:15+01:00,2.745747
2026-01-11 02:30+01:00,2.893838
2026-01-11 02:45+01:00,2.445783
2026-01-11 03:00+01:00,4.512962
2026-01-11 03:15+01:00,
2026-01-11 03:30+01:00,4.981025
2026-01-11 03:45+01:00,4.316892
2026-01-11 04:00+01:00,4.659476
2026-01-11 04:15+01:00,4.509652
2026-01-11 04:30+01:00,5.033247
2026-01-11 04:45+01:00,4.638427
2026-01-11 05:00+01:00,3.868511
2026-01-11 05:15+01:00,4.657066
2026-01-11 05:30+01:00,4.767261
2026-01-11 05:45+01:00,4.237337
2026-01-11 06:00+01:00,2.855013
2026-01-11 06:15+01:00,3.232331
2026-01-11 06:30+01:00,2.670806
2026-01-11 06:45+01:00,2.314218
2026-01-11 07:00+01:00,2.426766
2026-01-11 07:15+01:00,2.573446
2026-01-11 07:30+01:00,2.567553
2026-01-11 07:45+01:00,2.634894
2026-01-11 08:00+01:00,2.337751
2026-01-11 08:15+01:00,2.574841
2026-01-11 08:30+01:00,2.784485
2026-01-11 08:45+01:00,1.571014
2026-01-11 09:00+01:00,2.366854
2026-01-11 09:15+01:00,2.645315
2026-01-11 09:30+01:00,3.137208
2026-01-11 09:45+01:00,1.603840
2026-01-11 10:00+01:00,1.457775
2026-01-11 10:15+01:00,
2026-01-11 10:30+01:00,1.632301
2026-01-11 10:45+01:00,2.228309
2026-01-11 11:00+01:00,2.975468
2026-01-11 11:15+01:00,1.903469
2026-01-11 11:30+01:00,3.157682
2026-01-11 11:45+01:00,2.831577
2026-01-11 12:00+01:00,2.966078
2026-01-11 12:15+01:00,2.537499
2026-01-11 12:30+01:00,2.250492
2026-01-11 12:45+01:00,2.624203
2026-01-11 13:00+01:00,2.069491
2026-01-11 13:15+01:00,2.200393
2026-01-11 13:30+01:00,2.674812
2026-01-11 13:45+01:00,1.146161
2026-01-11 14:00+01:00,2.498078
2026-01-11 14:15+01:00,
2026-01-11 14:30+01:00,2.535190
2026-01-11 14:45+01:00,2.318118
2026-01-11 15:00+01:00,1.362684
2026-01-11 15:15+01:00,2.693216
2026-01-11 15:30+01:00,3.135797
2026-01-11 15:45+01:00,2.391641
2026-01-11 16:00+01:00,1.948560
2026-01-11 16:15+01:00,2.145787
2026-01-11 16:30+01:00,2.290745
2026-01-11 16:45+01:00,2.652996
2026-01-11 17:00+01:00,1.791721
2026-01-11 17:15+01:00,3.309957
2026-01-11 17:30+01:00,3.215249
2026-01-11 17:45+01:00,2.959730
2026-01-11 18:00+01:00,2.931879
2026-01-11 18:15+01:00,1.978312
2026-01-11 18:30+01:00,2.208352
2026-01-11 18:45+01:00,1.706363
2026-01-11 19:00+01:00,1.472003
2026-01-11 19:15+01:00,3.186285
2026-01-11 19:30+01:00,2.845396
2026-01-11 19:45+01:00,2.577061
2026-01-11 20:00+01:00,2.768522
2026-01-11 20:15+01:00,1.593820
2026-01-11 20:30+01:00,3.064865
2026-01-11 20:45+01:00,2.027895
2026-01-11 21:00+01:00,2.249960
2026-01-11 21:15+01:00,1.799502
2026-01-11 21:30+01:00,2.585775
2026-01-11 21:45+01:00,2.375838
2026-01-11 22:00+01:00,2.940071
2026-01-11 22:15+01:00,2.948516
2026-01-11 22:30+01:00,1.629326
2026-01-11 22:45+01:00,3.332165
2026-01-11 23:00+01:00,1.830671
2026-01-11 23:15+01:00,1.774958
2026-01-11 23:30+01:00,2.055418
2026-01-11 23:45+01:00,3.076926
2026-01-12 00:00+01:00,2.317887
2026-01-12 00:15+01:00,
2026-01-12 00:30+01:00,1.828108
2026-01-12 00:45+01:00,1.910255
2026-01-12 01:00+01:00,2.371253
2026-01-12 01:15+01:00,1.978220
2026-01-12 01:30+01:00,2.723880
2026-01-12 01:45+01:00,2.229943
2026-01-12 02:00+01:00,2.030360
2026-01-12 02:15+01:00,2.437753
2026-01-12 02:30+01:00,2.283239
2026-01-12 02:45+01:00,2.954718
2026-01-12 03:00+01:00,1.797275
2026-01-12 03:15+01:00,4.035795
2026-01-12 03:30+01:00,2.912428
2026-01-12 03:45+01:00,1.976422
2026-01-12 04:00+01:00,2.374921
2026-01-12 04:15+01:00,1.845321
2026-01-12 04:30+01:00,2.004048
2026-01-12 04:45+01:00,2.554623
2026-01-12 05:00+01:00,2.427150
2026-01-12 05:15+01:00,2.704550
2026-01-12 05:30+01:00,3.031597
2026-01-12 05:45+01:00,2.117490
2026-01-12 06:00+01:00,
2026-01-12 06:15+01:00,2.552594
2026-01-12 06:30+01:00,1.722462
2026-01-12 06:45+01:00,
2026-01-12 07:00+01:00,1.802681
2026-01-12 07:15+01:00,1.581013
2026-01-12 07:30+01:00,3.219708
2026-01-12 07:45+01:00,2.616909
2026-01-12 08:00+01:00,2.587917
2026-01-12 08:15+01:00,3.229774
2026-01-12 08:30+01:00,2.882110
2026-01-12 08:45+01:00,2.384023
2026-01-12 09:00+01:00,2.236495
2026-01-12 09:15+01:00,3.669961
2026-01-12 09:30+01:00,2.104670
2026-01-12 09:45+01:00,1.710538
2026-01-12 10:00+01:00,1.758406
2026-01-12 10:15+01:00,2.869622
2026-01-12 10:30+01:00,1.947543
2026-01-12 10:45+01:00,2.034976
2026-01-12 11:00+01:00,4.318220
2026-01-12 11:15+01:00,4.867078
2026-01-12 11:30+01:00,4.711363
2026-01-12 11:45+01:00,4.148347
2026-01-12 12:00+01:00,4.332772
2026-01-12 12:15+01:00,4.681509
2026-01-12 12:30+01:00,4.475582
2026-01-12 12:45+01:00,4.356053
2026-01-12 13:00+01:00,
2026-01-12 13:15+01:00,4.636959
2026-01-12 13:30+01:00,3.805095
2026-01-12 13:45+01:00,4.351702
2026-01-12 14:00+01:00,4.120026
2026-01-12 14:15+01:00,4.830218
2026-01-12 14:30+01:00,4.608286
2026-01-12 14:45+01:00,4.178984
2026-01-12 15:00+01:00,4.938817
2026-01-12 15:15+01:00,4.263565
2026-01-12 15:30+01:00,4.514134
2026-01-12 15:45+01:00,4.805875
2026-01-12 16:00+01:00,4.833899
2026-01-12 16:15+01:00,4.697806
2026-01-12 16:30+01:00,4.376376
2026-01-12 16:45+01:00,5.101096
2026-01-12 17:00+01:00,2.073640
2026-01-12 17:15+01:00,3.400774
2026-01-12 17:30+01:00,1.816054
2026-01-12 17:45+01:00,3.592690
2026-01-12 18:00+01:00,3.005226
2026-01-12 18:15+01:00,2.390592
2026-01-12 18:30+01:00,2.704880
2026-01-12 18:45+01:00,2.674970
2026-01-12 19:00+01:00,1.888705
2026-01-12 19:15+01:00,2.431012
2026-01-12 19:30+01:00,2.082961
2026-01-12 19:45+01:00,1.812143
2026-01-12 20:00+01:00,2.755294
2026-01-12 20:15+01:00,
2026-01-12 20:30+01:00,2.218640
2026-01-12 20:45+01:00,2.494133
2026-01-12 21:00+01:00,3.072127
2026-01-12 21:15+01:00,1.618867
2026-01-12 21:30+01:00,3.403963
2026-01-12 21:45+01:00,2.223052
2026-01-12 22:00+01:00,2.836386
2026-01-12 22:15+01:00,1.925436
2026-01-12 22:30+01:00,2.697669
2026-01-12 22:45+01:00,2.375894
2026-01-12 23:00+01:00,2.394737
2026-01-12 23:15+01:00,2.444863
2026-01-12 23:30+01:00,2.936421
2026-01-12 23:45+01:00,1.585597
2026-01-13 00:00+01:00,3.250714
2026-01-13 00:15+01:00,2.947567
2026-01-13 00:30+01:00,3.120389
2026-01-13 00:45+01:00,2.752706
2026-01-13 01:00+01:00,
2026-01-13 01:15+01:00,2.103269
2026-01-13 01:30+01:00,2.850894
2026-01-13 01:45+01:00,2.587040
2026-01-13 02:00+01:00,2.891645
2026-01-13 02:15+01:00,3.124585
2026-01-13 02:30+01:00,2.659536
2026-01-13 02:45+01:00,3.090804
2026-01-13 03:00+01:00,2.806100
2026-01-13 03:15+01:00,1.456893
2026-01-13 03:30+01:00,2.663650
2026-01-13 03:45+01:00,3.081320
2026-01-13 04:00+01:00,3.359571
2026-01-13 04:15+01:00,3.601946
2026-01-13 04:30+01:00,2.419649
2026-01-13 04:45+01:00,2.628752
2026-01-13 05:00+01:00,2.694282
2026-01-13 05:15+01:00,2.369334
2026-01-13 05:30+01:00,1.821444
2026-01-13 05:45+01:00,2.412062
2026-01-13 06:00+01:00,2.064832
2026-01-13 06:15+01:00,2.639218
2026-01-13 06:30+01:00,2.236157
2026-01-13 06:45+01:00,2.749882
2026-01-13 07:00+01:00,
2026-01-13 07:15+01:00,3.145824
2026-01-13 07:30+01:00,2.201612
2026-01-13 07:45+01:00,3.301757
2026-01-13 08:00+01:00,2.617911
2026-01-13 08:15+01:00,3.532090
2026-01-13 08:30+01:00,3.077335
2026-01-13 08:45+01:00,2.448074
2026-01-13 09:00+01:00,4.706506
2026-01-13 09:15+01:00,3.882755
2026-01-13 09:30+01:00,4.332965
2026-01-13 09:45+01:00,4.340779
2026-01-13 10:00+01:00,4.319621
2026-01-13 10:15+01:00,4.317577
2026-01-13 10:30+01:00,4.567983
2026-01-13 10:45+01:00,
2026-01-13 11:00+01:00,4.314562
2026-01-13 11:15+01:00,4.579155
2026-01-13 11:30+01:00,4.420498
2026-01-13 11:45+01:00,4.543346
2026-01-13 12:00+01:00,4.855849
2026-01-13 12:15+01:00,4.352966
2026-01-13 12:30+01:00,4.924447
2026-01-13 12:45+01:00,4.381410
2026-01-13 13:00+01:00,2.473031
2026-01-13 13:15+01:00,2.288029
2026-01-13 13:30+01:00,1.841370
2026-01-13 13:45+01:00,1.926891
2026-01-13 14:00+01:00,3.211192
2026-01-13 14:15+01:00,1.220528
2026-01-13 14:30+01:00,2.817597
2026-01-13 14:45+01:00,3.184848
2026-01-13 15:00+01:00,3.282798
2026-01-13 15:15+01:00,2.130343
2026-01-13 15:30+01:00,3.136483
2026-01-13 15:45+01:00,3.233785
2026-01-13 16:00+01:00,
2026-01-13 16:15+01:00,2.476369
2026-01-13 16:30+01:00,2.997025
2026-01-13 16:45+01:00,2.058345
2026-01-13 17:00+01:00,2.258391
2026-01-13 17:15+01:00,2.716477
2026-01-13 17:30+01:00,1.329293
2026-01-13 17:45+01:00,2.785714
2026-01-13 18:00+01:00,3.167741
2026-01-13 18:15+01:00,2.436430
2026-01-13 18:30+01:00,1.640462
2026-01-13 18:45+01:00,2.659360
2026-01-13 19:00+01:00,2.724406
2026-01-13 19:15+01:00,1.798927
2026-01-13 19:30+01:00,3.181262
2026-01-13 19:45+01:00,2.510956
2026-01-13 20:00+01:00,2.931774
2026-01-13 20:15+01:00,
2026-01-13 20:30+01:00,1.868596
2026-01-13 20:45+01:00,1.842891
2026-01-13 21:00+01:00,1.145255
2026-01-13 21:15+01:00,2.321091
2026-01-13 21:30+01:00,2.207045
2026-01-13 21:45+01:00,0.891357
2026-01-13 22:00+01:00,2.882406
2026-01-13 22:15+01:00,3.098643
2026-01-13 22:30+01:00,2.562244
2026-01-13 22:45+01:00,1.913298
2026-01-13 23:00+01:00,2.906687
2026-01-13 23:15+01:00,2.461618
2026-01-13 23:30+01:00,1.497693
2026-01-13 23:45+01:00,2.897565
2026-01-14 00:00+01:00,
2026-01-14 00:15+01:00,2.830305
2026-01-14 00:30+01:00,3.103312
2026-01-14 00:45+01:00,2.187544
2026-01-14 01:00+01:00,2.321253
2026-01-14 01:15+01:00,2.238688
2026-01-14 01:30+01:00,1.581143
2026-01-14 01:45+01:00,3.271390
2026-01-14 02:00+01:00,3.122635
2026-01-14 02:15+01:00,3.818805
2026-01-14 02:30+01:00,2.059391
2026-01-14 02:45+01:00,
2026-01-14 03:00+01:00,4.667136
2026-01-14 03:15+01:00,4.080582
2026-01-14 03:30+01:00,4.579117
2026-01-14 03:45+01:00,4.356305
2026-01-14 04:00+01:00,4.469828
2026-01-14 04:15+01:00,4.084355
2026-01-14 04:30+01:00,3.882955
2026-01-14 04:45+01:00,4.286468
2026-01-14 05:00+01:00,3.996712
2026-01-14 05:15+01:00,4.508439
2026-01-14 05:30+01:00,4.515985
2026-01-14 05:45+01:00,3.824763
2026-01-14 06:00+01:00,4.523459
2026-01-14 06:15+01:00,4.131518
2026-01-14 06:30+01:00,3.886201
2026-01-14 06:45+01:00,3.305319
2026-01-14 07:00+01:00,4.117163
2026-01-14 07:15+01:00,4.118414
2026-01-14 07:30+01:00,
2026-01-14 07:45+01:00,4.107030
2026-01-14 08:00+01:00,4.625654
2026-01-14 08:15+01:00,4.665541
2026-01-14 08:30+01:00,4.456173
2026-01-14 08:45+01:00,4.946628
2026-01-14 09:00+01:00,2.520097
2026-01-14 09:15+01:00,3.119541
2026-01-14 09:30+01:00,2.013764
2026-01-14 09:45+01:00,2.177852
2026-01-14 10:00+01:00,2.390302
2026-01-14 10:15+01:00,2.998468
2026-01-14 10:30+01:00,2.328123
2026-01-14 10:45+01:00,2.086418
2026-01-14 11:00+01:00,1.898217
2026-01-14 11:15+01:00,2.785978
2026-01-14 11:30+01:00,1.210419
2026-01-14 11:45+01:00,1.574538
2026-01-14 12:00+01:00,2.437694
2026-01-14 12:15+01:00,2.894756
2026-01-14 12:30+01:00,2.571794
2026-01-14 12:45+01:00,3.306668
2026-01-14 13:00+01:00,3.711842
2026-01-14 13:15+01:00,3.225888
2026-01-14 13:30+01:00,3.507703
2026-01-14 13:45+01:00,2.632270
2026-01-14 14:00+01:00,1.456412
2026-01-14 14:15+01:00,1.751014
2026-01-14 14:30+01:00,1.706514
2026-01-14 14:45+01:00,2.326002
2026-01-14 15:00+01:00,2.664283
2026-01-14 15:15+01:00,3.103484
2026-01-14 15:30+01:00,2.866380
2026-01-14 15:45+01:00,1.880160
2026-01-14 16:00+01:00,1.745968
2026-01-14 16:15+01:00,2.082116
2026-01-14 16:30+01:00,2.876589
2026-01-14 16:45+01:00,3.915137
2026-01-14 17:00+01:00,2.278226
2026-01-14 17:15+01:00,3.086775
2026-01-14 17:30+01:00,1.915561
2026-01-14 17:45+01:00,2.797319
2026-01-14 18:00+01:00,2.369541
2026-01-14 18:15+01:00,2.750462
2026-01-14 18:30+01:00,2.627178
2026-01-14 18:45+01:00,2.961144
2026-01-14 19:00+01:00,2.395715
2026-01-14 19:15+01:00,2.803526
2026-01-14 19:30+01:00,1.153575
2026-01-14 19:45+01:00,2.281242
2026-01-14 20:00+01:00,3.205977
2026-01-14 20:15+01:00,3.154460
2026-01-14 20:30+01:00,2.276649
2026-01-14 20:45+01:00,2.672400
2026-01-14 21:00+01:00,1.184887
2026-01-14 21:15+01:00,2.462286
2026-01-14 21:30+01:00,2.142394
2026-01-14 21:45+01:00,2.594315
2026-01-14 22:00+01:00,2.365913
2026-01-14 22:15+01:00,1.904645
2026-01-14 22:30+01:00,2.620183
2026-01-14 22:45+01:00,
2026-01-14 23:00+01:00,3.017842
2026-01-14 23:15+01:00,2.446256
2026-01-14 23:30+01:00,2.183984
2026-01-14 23:45+01:00,2.121765
2026-01-15 00:00+01:00,2.331116
2026-01-15 00:15+01:00,2.733014
2026-01-15 00:30+01:00,2.370856
2026-01-15 00:45+01:00,2.575490
2026-01-15 01:00+01:00,3.145759
2026-01-15 01:15+01:00,1.776381
2026-01-15 01:30+01:00,2.743735
2026-01-15 01:45+01:00,1.731409
2026-01-15 02:00+01:00,3.674439
2026-01-15 02:15+01:00,
2026-01-15 02:30+01:00,2.033075
2026-01-15 02:45+01:00,2.426156
2026-01-15 03:00+01:00,2.317809
2026-01-15 03:15+01:00,1.950142
2026-01-15 03:30+01:00,2.379284
2026-01-15 03:45+01:00,1.769752
2026-01-15 04:00+01:00,1.723404
2026-01-15 04:15+01:00,2.206032
2026-01-15 04:30+01:00,2.822010
2026-01-15 04:45+01:00,2.632156
2026-01-15 05:00+01:00,2.871751
2026-01-15 05:15+01:00,2.474785
2026-01-15 05:30+01:00,2.595666
2026-01-15 05:45+01:00,2.806973
2026-01-15 06:00+01:00,3.015741
2026-01-15 06:15+01:00,
2026-01-15 06:30+01:00,2.275825
2026-01-15 06:45+01:00,3.030176
2026-01-15 07:00+01:00,1.763673
2026-01-15 07:15+01:00,2.039591
2026-01-15 07:30+01:00,3.014570
2026-01-15 07:45+01:00,2.194867
2026-01-15 08:00+01:00,2.239873
2026-01-15 08:15+01:00,1.925923
2026-01-15 08:30+01:00,2.127727
2026-01-15 08:45+01:00,1.572412
2026-01-15 09:00+01:00,1.710185
2026-01-15 09:15+01:00,
2026-01-15 09:30+01:00,1.573023
2026-01-15 09:45+01:00,2.343523
2026-01-15 10:00+01:00,2.642439
2026-01-15 10:15+01:00,2.874556
2026-01-15 10:30+01:00,2.019069
2026-01-15 10:45+01:00,2.872459
2026-01-15 11:00+01:00,2.106506
2026-01-15 11:15+01:00,3.609537
2026-01-15 11:30+01:00,1.895912
2026-01-15 11:45+01:00,1.949455
2026-01-15 12:00+01:00,2.691103
2026-01-15 12:15+01:00,1.964418
2026-01-15 12:30+01:00,2.220010
2026-01-15 12:45+01:00,2.861898
2026-01-15 13:00+01:00,4.293691
2026-01-15 13:15+01:00,4.811180
2026-01-15 13:30+01:00,4.587974
2026-01-15 13:45+01:00,4.428184
2026-01-15 14:00+01:00,4.565875
2026-01-15 14:15+01:00,4.163806
2026-01-15 14:30+01:00,4.177848
2026-01-15 14:45+01:00,4.656439
2026-01-15 15:00+01:00,4.259417
2026-01-15 15:15+01:00,4.165614
2026-01-15 15:30+01:00,4.552094
2026-01-15 15:45+01:00,4.516082
2026-01-15 16:00+01:00,3.938167
2026-01-15 16:15+01:00,4.851894
2026-01-15 16:30+01:00,4.017387
2026-01-15 16:45+01:00,4.262126
2026-01-15 17:00+01:00,38.252083
2026-01-15 17:15+01:00,35.780547
2026-01-15 17:30+01:00,4.374821
2026-01-15 17:45+01:00,4.859649
2026-01-15 18:00+01:00,2.155478
2026-01-15 18:15+01:00,2.213945
2026-01-15 18:30+01:00,0.637082
2026-01-15 18:45+01:00,2.919553
2026-01-15 19:00+01:00,2.582886
2026-01-15 19:15+01:00,2.160707
2026-01-15 19:30+01:00,2.729254
2026-01-15 19:45+01:00,1.530414
2026-01-15 20:00+01:00,1.416680
2026-01-15 20:15+01:00,2.910748
2026-01-15 20:30+01:00,2.676708
2026-01-15 20:45+01:00,2.592624
2026-01-15 21:00+01:00,2.544062
2026-01-15 21:15+01:00,2.495370
2026-01-15 21:30+01:00,1.512522
2026-01-15 21:45+01:00,2.762348
2026-01-15 22:00+01:00,2.530282
2026-01-15 22:15+01:00,1.851874
2026-01-15 22:30+01:00,1.091229
2026-01-15 22:45+01:00,2.439953
2026-01-15 23:00+01:00,1.394854
2026-01-15 23:15+01:00,2.094505
2026-01-15 23:30+01:00,2.194990
2026-01-15 23:45+01:00,3.005801
2026-01-16 00:00+01:00,1.887174
2026-01-16 00:15+01:00,3.259232
2026-01-16 00:30+01:00,2.124452
2026-01-16 00:45+01:00,1.774021
2026-01-16 01:00+01:00,1.912762
2026-01-16 01:15+01:00,3.177731
2026-01-16 01:30+01:00,3.529802
2026-01-16 01:45+01:00,
2026-01-16 02:00+01:00,2.240628
2026-01-16 02:15+01:00,2.533735
2026-01-16 02:30+01:00,3.312805
2026-01-16 02:45+01:00,2.536895
2026-01-16 03:00+01:00,2.847489
2026-01-16 03:15+01:00,1.460408
2026-01-16 03:30+01:00,3.022776
2026-01-16 03:45+01:00,3.171725
2026-01-16 04:00+01:00,2.837347
2026-01-16 04:15+01:00,2.402650
2026-01-16 04:30+01:00,
2026-01-16 04:45+01:00,2.605468
2026-01-16 05:00+01:00,2.246154
2026-01-16 05:15+01:00,2.110947
2026-01-16 05:30+01:00,1.721692
2026-01-16 05:45+01:00,1.795650
2026-01-16 06:00+01:00,1.558255
2026-01-16 06:15+01:00,2.339996
2026-01-16 06:30+01:00,
2026-01-16 06:45+01:00,1.603056
2026-01-16 07:00+01:00,2.521877
2026-01-16 07:15+01:00,2.858748
2026-01-16 07:30+01:00,1.697710
2026-01-16 07:45+01:00,2.146854
2026-01-16 08:00+01:00,2.296851
2026-01-16 08:15+01:00,1.773252
2026-01-16 08:30+01:00,2.244628
2026-01-16 08:45+01:00,3.067678
2026-01-16 09:00+01:00,4.690423
2026-01-16 09:15+01:00,4.225814
2026-01-16 09:30+01:00,4.358729
2026-01-16 09:45+01:00,4.664304
2026-01-16 10:00+01:00,4.144566
2026-01-16 10:15+01:00,4.601087
2026-01-16 10:30+01:00,4.006656
2026-01-16 10:45+01:00,4.328740
2026-01-16 11:00+01:00,4.045693
2026-01-16 11:15+01:00,4.146806
2026-01-16 11:30+01:00,
2026-01-16 11:45+01:00,3.841819
2026-01-16 12:00+01:00,4.868940
2026-01-16 12:15+01:00,5.270888
2026-01-16 12:30+01:00,4.765320
2026-01-16 12:45+01:00,4.707815
2026-01-16 13:00+01:00,4.275380
2026-01-16 13:15+01:00,4.028008
2026-01-16 13:30+01:00,4.170927
2026-01-16 13:45+01:00,4.302805
2026-01-16 14:00+01:00,4.587329
2026-01-16 14:15+01:00,4.719762
2026-01-16 14:30+01:00,4.355333
2026-01-16 14:45+01:00,3.837195
2026-01-16 15:00+01:00,2.823630
2026-01-16 15:15+01:00,2.702142
2026-01-16 15:30+01:00,2.501588
2026-01-16 15:45+01:00,2.305887
2026-01-16 16:00+01:00,2.995794
2026-01-16 16:15+01:00,1.423877
2026-01-16 16:30+01:00,2.608207
2026-01-16 16:45+01:00,2.629207
2026-01-16 17:00+01:00,2.371352
2026-01-16 17:15+01:00,2.457930
2026-01-16 17:30+01:00,2.788628
2026-01-16 17:45+01:00,2.709134
2026-01-16 18:00+01:00,1.499001
2026-01-16 18:15+01:00,2.208888
2026-01-16 18:30+01:00,2.448063
2026-01-16 18:45+01:00,2.114708
2026-01-16 19:00+01:00,
2026-01-16 19:15+01:00,1.716606
2026-01-16 19:30+01:00,2.648263
2026-01-16 19:45+01:00,2.502775
2026-01-16 20:00+01:00,2.957943
2026-01-16 20:15+01:00,
2026-01-16 20:30+01:00,1.857345
2026-01-16 20:45+01:00,1.453682
2026-01-16 21:00+01:00,
2026-01-16 21:15+01:00,
2026-01-16 21:30+01:00,
2026-01-16 21:45+01:00,
2026-01-16 22:00+01:00,
2026-01-16 22:15+01:00,
2026-01-16 22:30+01:00,
2026-01-16 22:45+01:00,
2026-01-16 23:00+01:00,
2026-01-16 23:15+01:00,
2026-01-16 23:30+01:00,
2026-01-16 23:45+01:00,
2026-01-17 00:00+01:00,
2026-01-17 00:15+01:00,
2026-01-17 00:30+01:00,
2026-01-17 00:45+01:00,
2026-01-17 01:00+01:00,
2026-01-17 01:15+01:00,
2026-01-17 01:30+01:00,2.380740
2026-01-17 01:45+01:00,2.624875
2026-01-17 02:00+01:00,1.215147
2026-01-17 02:15+01:00,1.814238
2026-01-17 02:30+01:00,2.027654
2026-01-17 02:45+01:00,1.329579
2026-01-17 03:00+01:00,2.736747
2026-01-17 03:15+01:00,2.826270
2026-01-17 03:30+01:00,2.700121
2026-01-17 03:45+01:00,2.673172
2026-01-17 04:00+01:00,2.674342
2026-01-17 04:15+01:00,2.030471
2026-01-17 04:30+01:00,2.205762
2026-01-17 04:45+01:00,2.586444
2026-01-17 05:00+01:00,2.370985
2026-01-17 05:15+01:00,2.736892
2026-01-17 05:30+01:00,2.433704
2026-01-17 05:45+01:00,1.966734
2026-01-17 06:00+01:00,4.385958
2026-01-17 06:15+01:00,3.317668
2026-01-17 06:30+01:00,3.787786
2026-01-17 06:45+01:00,4.633120
2026-01-17 07:00+01:00,4.248750
2026-01-17 07:15+01:00,4.179146
2026-01-17 07:30+01:00,4.455744
2026-01-17 07:45+01:00,4.520063
2026-01-17 08:00+01:00,4.653854
2026-01-17 08:15+01:00,4.212703
2026-01-17 08:30+01:00,4.498581
2026-01-17 08:45+01:00,4.374766
2026-01-17 09:00+01:00,4.066154
2026-01-17 09:15+01:00,4.522180
2026-01-17 09:30+01:00,4.768946
2026-01-17 09:45+01:00,4.858599
2026-01-17 10:00+01:00,2.273236
2026-01-17 10:15+01:00,1.799507
2026-01-17 10:30+01:00,3.007292
2026-01-17 10:45+01:00,2.710017
2026-01-17 11:00+01:00,3.031880
2026-01-17 11:15+01:00,2.914668
2026-01-17 11:30+01:00,2.235358
2026-01-17 11:45+01:00,2.349181
2026-01-17 12:00+01:00,2.670425
2026-01-17 12:15+01:00,2.214753
2026-01-17 12:30+01:00,
2026-01-17 12:45+01:00,2.082072
2026-01-17 13:00+01:00,2.330181
2026-01-17 13:15+01:00,2.994862
2026-01-17 13:30+01:00,3.422018
2026-01-17 13:45+01:00,2.225455
2026-01-17 14:00+01:00,1.533477
2026-01-17 14:15+01:00,3.529108
2026-01-17 14:30+01:00,3.217594
2026-01-17 14:45+01:00,
2026-01-17 15:00+01:00,
2026-01-17 15:15+01:00,2.292043
2026-01-17 15:30+01:00,2.984101
2026-01-17 15:45+01:00,3.503685
2026-01-17 16:00+01:00,
2026-01-17 16:15+01:00,2.833212
2026-01-17 16:30+01:00,2.824372
2026-01-17 16:45+01:00,2.200098
2026-01-17 17:00+01:00,2.723572
2026-01-17 17:15+01:00,2.787544
2026-01-17 17:30+01:00,2.694376
2026-01-17 17:45+01:00,2.590347
2026-01-17 18:00+01:00,2.328679
2026-01-17 18:15+01:00,2.858623
2026-01-17 18:30+01:00,2.101234
2026-01-17 18:45+01:00,2.816319
2026-01-17 19:00+01:00,1.745455
2026-01-17 19:15+01:00,2.479335
2026-01-17 19:30+01:00,2.424650
2026-01-17 19:45+01:00,1.917407
2026-01-17 20:00+01:00,2.176917
2026-01-17 20:15+01:00,2.424903
2026-01-17 20:30+01:00,
2026-01-17 20:45+01:00,1.687627
2026-01-17 21:00+01:00,2.449015
2026-01-17 21:15+01:00,2.200192
2026-01-17 21:30+01:00,2.143063
2026-01-17 21:45+01:00,1.707688
2026-01-17 22:00+01:00,2.754801
2026-01-17 22:15+01:00,3.557654
2026-01-17 22:30+01:00,2.873422
2026-01-17 22:45+01:00,2.584940
2026-01-17 23:00+01:00,2.287869
2026-01-17 23:15+01:00,2.728306
2026-01-17 23:30+01:00,2.157119
2026-01-17 23:45+01:00,2.333042
2026-01-18 00:00+01:00,1.403279
2026-01-18 00:15+01:00,2.810710
2026-01-18 00:30+01:00,
2026-01-18 00:45+01:00,2.894029
2026-01-18 01:00+01:00,
2026-01-18 01:15+01:00,3.256082
2026-01-18 01:30+01:00,2.097886
2026-01-18 01:45+01:00,2.006390
2026-01-18 02:00+01:00,2.674270
2026-01-18 02:15+01:00,2.209817
2026-01-18 02:30+01:00,2.324495
2026-01-18 02:45+01:00,2.200093
2026-01-18 03:00+01:00,
2026-01-18 03:15+01:00,2.362040
2026-01-18 03:30+01:00,3.498081
2026-01-18 03:45+01:00,2.485440
2026-01-18 04:00+01:00,2.881236
2026-01-18 04:15+01:00,2.623156
2026-01-18 04:30+01:00,1.774135
2026-01-18 04:45+01:00,2.544147
2026-01-18 05:00+01:00,2.027892
2026-01-18 05:15+01:00,2.574850
2026-01-18 05:30+01:00,3.015513
2026-01-18 05:45+01:00,3.167074
2026-01-18 06:00+01:00,2.348540
2026-01-18 06:15+01:00,1.775889
2026-01-18 06:30+01:00,2.749400
2026-01-18 06:45+01:00,2.210724
2026-01-18 07:00+01:00,2.585217
2026-01-18 07:15+01:00,3.588331
2026-01-18 07:30+01:00,2.183595
2026-01-18 07:45+01:00,1.236413
2026-01-18 08:00+01:00,1.890931
2026-01-18 08:15+01:00,3.179296
2026-01-18 08:30+01:00,2.376064
2026-01-18 08:45+01:00,2.719518
2026-01-18 09:00+01:00,4.887950
2026-01-18 09:15+01:00,3.986439
2026-01-18 09:30+01:00,4.233480
2026-01-18 09:45+01:00,3.942020
2026-01-18 10:00+01:00,4.024370
2026-01-18 10:15+01:00,3.689532
2026-01-18 10:30+01:00,4.260194
2026-01-18 10:45+01:00,4.161308
2026-01-18 11:00+01:00,5.157521
2026-01-18 11:15+01:00,4.136410
2026-01-18 11:30+01:00,4.147517
2026-01-18 11:45+01:00,4.358460
2026-01-18 12:00+01:00,4.291913
2026-01-18 12:15+01:00,4.451601
2026-01-18 12:30+01:00,4.706124
2026-01-18 12:45+01:00,4.393976
2026-01-18 13:00+01:00,3.141817
2026-01-18 13:15+01:00,2.678159
2026-01-18 13:30+01:00,2.256269
2026-01-18 13:45+01:00,1.599158
2026-01-18 14:00+01:00,2.139605
2026-01-18 14:15+01:00,2.344001
2026-01-18 14:30+01:00,2.888564
2026-01-18 14:45+01:00,2.403685
2026-01-18 15:00+01:00,2.998667
2026-01-18 15:15+01:00,2.776022
2026-01-18 15:30+01:00,2.539497
2026-01-18 15:45+01:00,2.215574
2026-01-18 16:00+01:00,2.103505
2026-01-18 16:15+01:00,1.853551
2026-01-18 16:30+01:00,
2026-01-18 16:45+01:00,2.728932
2026-01-18 17:00+01:00,2.573398
2026-01-18 17:15+01:00,1.430445
2026-01-18 17:30+01:00,
2026-01-18 17:45+01:00,1.645263
2026-01-18 18:00+01:00,1.859514
2026-01-18 18:15+01:00,2.523770
2026-01-18 18:30+01:00,2.131495
2026-01-18 18:45+01:00,2.307133
2026-01-18 19:00+01:00,2.226244
2026-01-18 19:15+01:00,2.520249
2026-01-18 19:30+01:00,2.644154
2026-01-18 19:45+01:00,2.480857
2026-01-18 20:00+01:00,3.240180
2026-01-18 20:15+01:00,1.066456
2026-01-18 20:30+01:00,1.306030
2026-01-18 20:45+01:00,2.245265
2026-01-18 21:00+01:00,1.608620
2026-01-18 21:15+01:00,3.050901
2026-01-18 21:30+01:00,2.848654
2026-01-18 21:45+01:00,3.123884
2026-01-18 22:00+01:00,2.622108
2026-01-18 22:15+01:00,2.811251
2026-01-18 22:30+01:00,1.594393
2026-01-18 22:45+01:00,3.099825
2026-01-18 23:00+01:00,2.815485
2026-01-18 23:15+01:00,3.302250
2026-01-18 23:30+01:00,3.232344
2026-01-18 23:45+01:00,3.475581
2026-01-19 00:00+01:00,1.839463
2026-01-19 00:15+01:00,3.770664
2026-01-19 00:30+01:00,3.938990
2026-01-19 00:45+01:00,4.581530
2026-01-19 01:00+01:00,4.019737
2026-01-19 01:15+01:00,4.535153
2026-01-19 01:30+01:00,3.700781
2026-01-19 01:45+01:00,4.144747
2026-01-19 02:00+01:00,3.868002
2026-01-19 02:15+01:00,5.084960
2026-01-19 02:30+01:00,4.359682
2026-01-19 02:45+01:00,
2026-01-19 03:00+01:00,4.267912
2026-01-19 03:15+01:00,3.936290
2026-01-19 03:30+01:00,4.260711
2026-01-19 03:45+01:00,4.926759
2026-01-19 04:00+01:00,4.420779
2026-01-19 04:15+01:00,
2026-01-19 04:30+01:00,
2026-01-19 04:45+01:00,
2026-01-19 05:00+01:00,
2026-01-19 05:15+01:00,
2026-01-19 05:30+01:00,
2026-01-19 05:45+01:00,
2026-01-19 06:00+01:00,
2026-01-19 06:15+01:00,
2026-01-19 06:30+01:00,
2026-01-19 06:45+01:00,
2026-01-19 07:00+01:00,
2026-01-19 07:15+01:00,
2026-01-19 07:30+01:00,
2026-01-19 07:45+01:00,
2026-01-19 08:00+01:00,
2026-01-19 08:15+01:00,
2026-01-19 08:30+01:00,
2026-01-19 08:45+01:00,
2026-01-19 09:00+01:00,
2026-01-19 09:15+01:00,
2026-01-19 09:30+01:00,
2026-01-19 09:45+01:00,
2026-01-19 10:00+01:00,2.909159
2026-01-19 10:15+01:00,
2026-01-19 10:30+01:00,1.617918
2026-01-19 10:45+01:00,3.616084
2026-01-19 11:00+01:00,2.092145
2026-01-19 11:15+01:00,2.008053
2026-01-19 11:30+01:00,1.986176
2026-01-19 11:45+01:00,2.633381
2026-01-19 12:00+01:00,2.675412
2026-01-19 12:15+01:00,2.537093
2026-01-19 12:30+01:00,2.233832
2026-01-19 12:45+01:00,2.808625
2026-01-19 13:00+01:00,1.592991
2026-01-19 13:15+01:00,2.911015
2026-01-19 13:30+01:00,2.250776
2026-01-19 13:45+01:00,2.613983
2026-01-19 14:00+01:00,2.500412
2026-01-19 14:15+01:00,3.234132
2026-01-19 14:30+01:00,2.397143
2026-01-19 14:45+01:00,2.603742
2026-01-19 15:00+01:00,1.974663
2026-01-19 15:15+01:00,3.329103
2026-01-19 15:30+01:00,2.337165
2026-01-19 15:45+01:00,2.220174
2026-01-19 16:00+01:00,1.825037
2026-01-19 16:15+01:00,1.828542
2026-01-19 16:30+01:00,2.144207
2026-01-19 16:45+01:00,3.015560
2026-01-19 17:00+01:00,3.318479
2026-01-19 17:15+01:00,3.490630
2026-01-19 17:30+01:00,1.875156
2026-01-19 17:45+01:00,2.620491
2026-01-19 18:00+01:00,2.250286
2026-01-19 18:15+01:00,1.880552
2026-01-19 18:30+01:00,1.985068
2026-01-19 18:45+01:00,1.919204
2026-01-19 19:00+01:00,1.842502
2026-01-19 19:15+01:00,2.558518
2026-01-19 19:30+01:00,2.910157
2026-01-19 19:45+01:00,2.116795
2026-01-19 20:00+01:00,2.541810
2026-01-19 20:15+01:00,2.992363
2026-01-19 20:30+01:00,2.046935
2026-01-19 20:45+01:00,1.615082
2026-01-19 21:00+01:00,4.145014
2026-01-19 21:15+01:00,4.698332
2026-01-19 21:30+01:00,4.470620
2026-01-19 21:45+01:00,4.260447
2026-01-19 22:00+01:00,4.130911
2026-01-19 22:15+01:00,4.131757
2026-01-19 22:30+01:00,4.094316
2026-01-19 22:45+01:00,3.901674
2026-01-19 23:00+01:00,4.392045
2026-01-19 23:15+01:00,4.327843
2026-01-19 23:30+01:00,4.160572
2026-01-19 23:45+01:00,3.840664
2026-01-20 00:00+01:00,4.346716
2026-01-20 00:15+01:00,2.334821
2026-01-20 00:30+01:00,3.432659
2026-01-20 00:45+01:00,3.022715
2026-01-20 01:00+01:00,1.676078
2026-01-20 01:15+01:00,2.607735
2026-01-20 01:30+01:00,3.329375
2026-01-20 01:45+01:00,2.861764
2026-01-20 02:00+01:00,2.467719
2026-01-20 02:15+01:00,2.440896
2026-01-20 02:30+01:00,2.257216
2026-01-20 02:45+01:00,2.347484
2026-01-20 03:00+01:00,3.158287
2026-01-20 03:15+01:00,2.757755
2026-01-20 03:30+01:00,2.334280
2026-01-20 03:45+01:00,2.976475
2026-01-20 04:00+01:00,
2026-01-20 04:15+01:00,1.986537
2026-01-20 04:30+01:00,2.389324
2026-01-20 04:45+01:00,3.552632
2026-01-20 05:00+01:00,2.787140
2026-01-20 05:15+01:00,3.660737
2026-01-20 05:30+01:00,2.997725
2026-01-20 05:45+01:00,1.980171
2026-01-20 06:00+01:00,2.051220
2026-01-20 06:15+01:00,2.104599
2026-01-20 06:30+01:00,1.436944
2026-01-20 06:45+01:00,2.077709
2026-01-20 07:00+01:00,1.632144
2026-01-20 07:15+01:00,1.368583
2026-01-20 07:30+01:00,2.090916
2026-01-20 07:45+01:00,2.655154
2026-01-20 08:00+01:00,2.161383
2026-01-20 08:15+01:00,1.882966
2026-01-20 08:30+01:00,2.478125
2026-01-20 08:45+01:00,1.020393
2026-01-20 09:00+01:00,1.957667
2026-01-20 09:15+01:00,2.875389
2026-01-20 09:30+01:00,2.130373
2026-01-20 09:45+01:00,3.106165
2026-01-20 10:00+01:00,1.801421
2026-01-20 10:15+01:00,3.826131
2026-01-20 10:30+01:00,1.963211
2026-01-20 10:45+01:00,2.171747
2026-01-20 11:00+01:00,1.866425
2026-01-20 11:15+01:00,2.843691
2026-01-20 11:30+01:00,2.107342
2026-01-20 11:45+01:00,2.921310
2026-01-20 12:00+01:00,3.013207
2026-01-20 12:15+01:00,1.611849
2026-01-20 12:30+01:00,2.358371
2026-01-20 12:45+01:00,1.860855
2026-01-20 13:00+01:00,3.676701
2026-01-20 13:15+01:00,3.005735
2026-01-20 13:30+01:00,2.958714
2026-01-20 13:45+01:00,2.343690
2026-01-20 14:00+01:00,2.222351
2026-01-20 14:15+01:00,2.386444
2026-01-20 14:30+01:00,3.206347
2026-01-20 14:45+01:00,2.983083
2026-01-20 15:00+01:00,2.008542
2026-01-20 15:15+01:00,2.473862
2026-01-20 15:30+01:00,2.926383
2026-01-20 15:45+01:00,1.841745
2026-01-20 16:00+01:00,1.821113
2026-01-20 16:15+01:00,2.139076
2026-01-20 16:30+01:00,3.555443
2026-01-20 16:45+01:00,2.518044
2026-01-20 17:00+01:00,1.976464
2026-01-20 17:15+01:00,2.605170
2026-01-20 17:30+01:00,2.920301
2026-01-20 17:45+01:00,
2026-01-20 18:00+01:00,2.312436
2026-01-20 18:15+01:00,
2026-01-20 18:30+01:00,1.985676
2026-01-20 18:45+01:00,2.330428
2026-01-20 19:00+01:00,2.685180
2026-01-20 19:15+01:00,1.682781
2026-01-20 19:30+01:00,3.209262
2026-01-20 19:45+01:00,2.520908
2026-01-20 20:00+01:00,1.891403
2026-01-20 20:15+01:00,2.170433
2026-01-20 20:30+01:00,2.250862
2026-01-20 20:45+01:00,2.183752
2026-01-20 21:00+01:00,4.343506
2026-01-20 21:15+01:00,5.105634
2026-01-20 21:30+01:00,3.664497
2026-01-20 21:45+01:00,4.531775
2026-01-20 22:00+01:00,4.142549
2026-01-20 22:15+01:00,4.624394
2026-01-20 22:30+01:00,4.041675
2026-01-20 22:45+01:00,4.630083
2026-01-20 23:00+01:00,4.993555
2026-01-20 23:15+01:00,4.222505
2026-01-20 23:30+01:00,4.683905
2026-01-20 23:45+01:00,4.678887
2026-01-21 00:00+01:00,2.589374
2026-01-21 00:15+01:00,2.668310
2026-01-21 00:30+01:00,0.386744
2026-01-21 00:45+01:00,2.873755
2026-01-21 01:00+01:00,1.714112
2026-01-21 01:15+01:00,2.512891
2026-01-21 01:30+01:00,2.510205
2026-01-21 01:45+01:00,2.286283
2026-01-21 02:00+01:00,3.716011
2026-01-21 02:15+01:00,2.172194
2026-01-21 02:30+01:00,2.994541
2026-01-21 02:45+01:00,2.143425
2026-01-21 03:00+01:00,2.282927
2026-01-21 03:15+01:00,2.174358
2026-01-21 03:30+01:00,2.382553
2026-01-21 03:45+01:00,1.290374
2026-01-21 04:00+01:00,2.400719
2026-01-21 04:15+01:00,2.375320
2026-01-21 04:30+01:00,2.297018
2026-01-21 04:45+01:00,3.237496
2026-01-21 05:00+01:00,2.688234
2026-01-21 05:15+01:00,3.091911
2026-01-21 05:30+01:00,
2026-01-21 05:45+01:00,
2026-01-21 06:00+01:00,4.832113
2026-01-21 06:15+01:00,4.663074
2026-01-21 06:30+01:00,4.633424
2026-01-21 06:45+01:00,4.143152
2026-01-21 07:00+01:00,3.756339
2026-01-21 07:15+01:00,3.940366
2026-01-21 07:30+01:00,4.544850
2026-01-21 07:45+01:00,4.169171
2026-01-21 08:00+01:00,4.313284
2026-01-21 08:15+01:00,3.379324
2026-01-21 08:30+01:00,4.337085
2026-01-21 08:45+01:00,4.762630
2026-01-21 09:00+01:00,4.559986
2026-01-21 09:15+01:00,3.724086
2026-01-21 09:30+01:00,3.837353
2026-01-21 09:45+01:00,4.644243
2026-01-21 10:00+01:00,
2026-01-21 10:15+01:00,4.599265
2026-01-21 10:30+01:00,4.425307
2026-01-21 10:45+01:00,3.997929
2026-01-21 11:00+01:00,2.824232
2026-01-21 11:15+01:00,3.168112
2026-01-21 11:30+01:00,3.239242
2026-01-21 11:45+01:00,
2026-01-21 12:00+01:00,3.062484
2026-01-21 12:15+01:00,2.253717
2026-01-21 12:30+01:00,2.537369
2026-01-21 12:45+01:00,2.906770
2026-01-21 13:00+01:00,1.929085
2026-01-21 13:15+01:00,3.046792
2026-01-21 13:30+01:00,2.188987
2026-01-21 13:45+01:00,2.572128
2026-01-21 14:00+01:00,1.761325
2026-01-21 14:15+01:00,2.681791
2026-01-21 14:30+01:00,1.762814
2026-01-21 14:45+01:00,2.048734
2026-01-21 15:00+01:00,2.701578
2026-01-21 15:15+01:00,1.986187
2026-01-21 15:30+01:00,2.648236
2026-01-21 15:45+01:00,
2026-01-21 16:00+01:00,2.118156
2026-01-21 16:15+01:00,2.895774
2026-01-21 16:30+01:00,2.500201
2026-01-21 16:45+01:00,2.590686
2026-01-21 17:00+01:00,
2026-01-21 17:15+01:00,2.922439
2026-01-21 17:30+01:00,2.684741
2026-01-21 17:45+01:00,2.178591
2026-01-21 18:00+01:00,2.139475
2026-01-21 18:15+01:00,2.062572
2026-01-21 18:30+01:00,2.973093
2026-01-21 18:45+01:00,2.061611
2026-01-21 19:00+01:00,2.475086
2026-01-21 19:15+01:00,3.014636
2026-01-21 19:30+01:00,2.795615
2026-01-21 19:45+01:00,2.180609
2026-01-21 20:00+01:00,1.352709
2026-01-21 20:15+01:00,2.145987
2026-01-21 20:30+01:00,1.661107
2026-01-21 20:45+01:00,2.070013
2026-01-21 21:00+01:00,2.689767
2026-01-21 21:15+01:00,2.778675
2026-01-21 21:30+01:00,3.354284
2026-01-21 21:45+01:00,1.843158
2026-01-21 22:00+01:00,1.986760
2026-01-21 22:15+01:00,2.600495
2026-01-21 22:30+01:00,2.960548
2026-01-21 22:45+01:00,3.574762
2026-01-21 23:00+01:00,2.696286
2026-01-21 23:15+01:00,2.109977
2026-01-21 23:30+01:00,1.994980
2026-01-21 23:45+01:00,3.030382
2026-01-22 00:00+01:00,2.362388
2026-01-22 00:15+01:00,1.880068
2026-01-22 00:30+01:00,2.302125
2026-01-22 00:45+01:00,2.257633
2026-01-22 01:00+01:00,2.002386
2026-01-22 01:15+01:00,1.799211
2026-01-22 01:30+01:00,2.337459
2026-01-22 01:45+01:00,1.431048
2026-01-22 02:00+01:00,
2026-01-22 02:15+01:00,2.513553
2026-01-22 02:30+01:00,2.170332
2026-01-22 02:45+01:00,2.398239
2026-01-22 03:00+01:00,2.047372
2026-01-22 03:15+01:00,2.180346
2026-01-22 03:30+01:00,2.929678
2026-01-22 03:45+01:00,2.315596
2026-01-22 04:00+01:00,1.537494
2026-01-22 04:15+01:00,2.872549
2026-01-22 04:30+01:00,2.687393
2026-01-22 04:45+01:00,2.886415
2026-01-22 05:00+01:00,2.411056
2026-01-22 05:15+01:00,2.540768
2026-01-22 05:30+01:00,3.169930
2026-01-22 05:45+01:00,1.796711
2026-01-22 06:00+01:00,1.536340
2026-01-22 06:15+01:00,2.830767
2026-01-22 06:30+01:00,2.883229
2026-01-22 06:45+01:00,1.994014
2026-01-22 07:00+01:00,2.509698
2026-01-22 07:15+01:00,2.109731
2026-01-22 07:30+01:00,3.052083
2026-01-22 07:45+01:00,2.438101
2026-01-22 08:00+01:00,1.960558
2026-01-22 08:15+01:00,3.657287
2026-01-22 08:30+01:00,2.888977
2026-01-22 08:45+01:00,3.239491
2026-01-22 09:00+01:00,1.966440
2026-01-22 09:15+01:00,2.902867
2026-01-22 09:30+01:00,2.765917
2026-01-22 09:45+01:00,2.550371
2026-01-22 10:00+01:00,2.292281
2026-01-22 10:15+01:00,2.601746
2026-01-22 10:30+01:00,3.656582
2026-01-22 10:45+01:00,3.032551
2026-01-22 11:00+01:00,2.662427
2026-01-22 11:15+01:00,1.884039
2026-01-22 11:30+01:00,2.565574
2026-01-22 11:45+01:00,1.862913
2026-01-22 12:00+01:00,4.554007
2026-01-22 12:15+01:00,4.686763
2026-01-22 12:30+01:00,4.357580
2026-01-22 12:45+01:00,5.164547
2026-01-22 13:00+01:00,4.214496
2026-01-22 13:15+01:00,
2026-01-22 13:30+01:00,4.213635
2026-01-22 13:45+01:00,4.442681
2026-01-22 14:00+01:00,4.339207
2026-01-22 14:15+01:00,4.945619
2026-01-22 14:30+01:00,4.290280
2026-01-22 14:45+01:00,4.114419
2026-01-22 15:00+01:00,5.012478
2026-01-22 15:15+01:00,4.468888
2026-01-22 15:30+01:00,4.059040
2026-01-22 15:45+01:00,
2026-01-22 16:00+01:00,4.117124
2026-01-22 16:15+01:00,4.051247
2026-01-22 16:30+01:00,4.782431
2026-01-22 16:45+01:00,4.116546
2026-01-22 17:00+01:00,2.472430
2026-01-22 17:15+01:00,2.543894
2026-01-22 17:30+01:00,2.487593
2026-01-22 17:45+01:00,2.944229
2026-01-22 18:00+01:00,1.752544
2026-01-22 18:15+01:00,2.779412
2026-01-22 18:30+01:00,1.340139
2026-01-22 18:45+01:00,3.628704
2026-01-22 19:00+01:00,2.285606
2026-01-22 19:15+01:00,1.709537
2026-01-22 19:30+01:00,2.827578
2026-01-22 19:45+01:00,2.243862
2026-01-22 20:00+01:00,2.763071
2026-01-22 20:15+01:00,2.196197
2026-01-22 20:30+01:00,2.090399
2026-01-22 20:45+01:00,3.068246
2026-01-22 21:00+01:00,1.798853
2026-01-22 21:15+01:00,2.229741
2026-01-22 21:30+01:00,2.031324
2026-01-22 21:45+01:00,2.051297
2026-01-22 22:00+01:00,1.142467
2026-01-22 22:15+01:00,1.857487
2026-01-22 22:30+01:00,2.888910
2026-01-22 22:45+01:00,2.679574
2026-01-22 23:00+01:00,2.505010
2026-01-22 23:15+01:00,3.077617
2026-01-22 23:30+01:00,1.918247
2026-01-22 23:45+01:00,3.401601
2026-01-23 00:00+01:00,2.984735
2026-01-23 00:15+01:00,1.912292
2026-01-23 00:30+01:00,2.611035
2026-01-23 00:45+01:00,2.075937
2026-01-23 01:00+01:00,2.888472
2026-01-23 01:15+01:00,1.833673
2026-01-23 01:30+01:00,2.979862
2026-01-23 01:45+01:00,2.356696
2026-01-23 02:00+01:00,2.828476
2026-01-23 02:15+01:00,3.250406
2026-01-23 02:30+01:00,1.610734
2026-01-23 02:45+01:00,2.879914
2026-01-23 03:00+01:00,2.551968
2026-01-23 03:15+01:00,2.026164
2026-01-23 03:30+01:00,3.346647
2026-01-23 03:45+01:00,2.325217
2026-01-23 04:00+01:00,3.180072
2026-01-23 04:15+01:00,2.751084
2026-01-23 04:30+01:00,
2026-01-23 04:45+01:00,2.286738
2026-01-23 05:00+01:00,2.533481
2026-01-23 05:15+01:00,2.307668
2026-01-23 05:30+01:00,1.810778
2026-01-23 05:45+01:00,3.306198
2026-01-23 06:00+01:00,2.156845
2026-01-23 06:15+01:00,1.845304
2026-01-23 06:30+01:00,2.848605
2026-01-23 06:45+01:00,2.714215
2026-01-23 07:00+01:00,2.678307
2026-01-23 07:15+01:00,2.714615
2026-01-23 07:30+01:00,2.508076
2026-01-23 07:45+01:00,2.621505
2026-01-23 08:00+01:00,2.760048
2026-01-23 08:15+01:00,2.317124
2026-01-23 08:30+01:00,1.673890
2026-01-23 08:45+01:00,3.279415
2026-01-23 09:00+01:00,2.521208
2026-01-23 09:15+01:00,1.946287
2026-01-23 09:30+01:00,2.314563
2026-01-23 09:45+01:00,2.904331
2026-01-23 10:00+01:00,3.167359
2026-01-23 10:15+01:00,3.419862
2026-01-23 10:30+01:00,3.266507
2026-01-23 10:45+01:00,2.360002
2026-01-23 11:00+01:00,2.135200
2026-01-23 11:15+01:00,2.252025
2026-01-23 11:30+01:00,2.552325
2026-01-23 11:45+01:00,2.262049
2026-01-23 12:00+01:00,1.852208
2026-01-23 12:15+01:00,2.338272
2026-01-23 12:30+01:00,2.342357
2026-01-23 12:45+01:00,2.514239
2026-01-23 13:00+01:00,2.323995
2026-01-23 13:15+01:00,2.876238
2026-01-23 13:30+01:00,1.663255
2026-01-23 13:45+01:00,2.993335
2026-01-23 14:00+01:00,3.324951
2026-01-23 14:15+01:00,22.282587
2026-01-23 14:30+01:00,3.020609
2026-01-23 14:45+01:00,3.237373
2026-01-23 15:00+01:00,4.806260
2026-01-23 15:15+01:00,4.442776
2026-01-23 15:30+01:00,4.314953
2026-01-23 15:45+01:00,4.635537
2026-01-23 16:00+01:00,4.390285
2026-01-23 16:15+01:00,3.916167
2026-01-23 16:30+01:00,4.252078
2026-01-23 16:45+01:00,
2026-01-23 17:00+01:00,4.009136
2026-01-23 17:15+01:00,4.388416
2026-01-23 17:30+01:00,5.033044
2026-01-23 17:45+01:00,4.244347
2026-01-23 18:00+01:00,4.231749
2026-01-23 18:15+01:00,4.479464
2026-01-23 18:30+01:00,4.810087
2026-01-23 18:45+01:00,4.462949
2026-01-23 19:00+01:00,2.599967
2026-01-23 19:15+01:00,1.966138
2026-01-23 19:30+01:00,1.881977
2026-01-23 19:45+01:00,2.780434
2026-01-23 20:00+01:00,3.133272
2026-01-23 20:15+01:00,2.243781
2026-01-23 20:30+01:00,3.322343
2026-01-23 20:45+01:00,1.306893
2026-01-23 21:00+01:00,
2026-01-23 21:15+01:00,2.683120
2026-01-23 21:30+01:00,3.236056
2026-01-23 21:45+01:00,2.713825
2026-01-23 22:00+01:00,3.361651
2026-01-23 22:15+01:00,1.922112
2026-01-23 22:30+01:00,2.377668
2026-01-23 22:45+01:00,1.587751
2026-01-23 23:00+01:00,
2026-01-23 23:15+01:00,
2026-01-23 23:30+01:00,1.628740
2026-01-23 23:45+01:00,1.943034
2026-01-24 00:00+01:00,1.838513
2026-01-24 00:15+01:00,2.402004
2026-01-24 00:30+01:00,3.461361
2026-01-24 00:45+01:00,1.905525
2026-01-24 01:00+01:00,2.180182
2026-01-24 01:15+01:00,2.300934
2026-01-24 01:30+01:00,3.004523
2026-01-24 01:45+01:00,1.711388
2026-01-24 02:00+01:00,2.964369
2026-01-24 02:15+01:00,1.832842
2026-01-24 02:30+01:00,1.609021
2026-01-24 02:45+01:00,2.806229
2026-01-24 03:00+01:00,2.732117
2026-01-24 03:15+01:00,2.450785
2026-01-24 03:30+01:00,3.033380
2026-01-24 03:45+01:00,2.743254
2026-01-24 04:00+01:00,2.020239
2026-01-24 04:15+01:00,2.341011
2026-01-24 04:30+01:00,2.829827
2026-01-24 04:45+01:00,1.371043
2026-01-24 05:00+01:00,2.310778
2026-01-24 05:15+01:00,3.127718
2026-01-24 05:30+01:00,2.204314
2026-01-24 05:45+01:00,2.449575
2026-01-24 06:00+01:00,2.983101
2026-01-24 06:15+01:00,1.817403
2026-01-24 06:30+01:00,2.521543
2026-01-24 06:45+01:00,2.496644
2026-01-24 07:00+01:00,3.016577
2026-01-24 07:15+01:00,1.578508
2026-01-24 07:30+01:00,2.665676
2026-01-24 07:45+01:00,1.933437
2026-01-24 08:00+01:00,2.033891
2026-01-24 08:15+01:00,2.192271
2026-01-24 08:30+01:00,2.371806
2026-01-24 08:45+01:00,1.943606
2026-01-24 09:00+01:00,2.491574
2026-01-24 09:15+01:00,3.244634
2026-01-24 09:30+01:00,3.403536
2026-01-24 09:45+01:00,3.234699
2026-01-24 10:00+01:00,2.876315
2026-01-24 10:15+01:00,3.104469
2026-01-24 10:30+01:00,2.240833
2026-01-24 10:45+01:00,2.684478
2026-01-24 11:00+01:00,2.846995
2026-01-24 11:15+01:00,2.976554
2026-01-24 11:30+01:00,2.828995
2026-01-24 11:45+01:00,2.989325
2026-01-24 12:00+01:00,3.693092
2026-01-24 12:15+01:00,3.380698
2026-01-24 12:30+01:00,2.547540
2026-01-24 12:45+01:00,2.633739
2026-01-24 13:00+01:00,1.907499
2026-01-24 13:15+01:00,
2026-01-24 13:30+01:00,3.087194
2026-01-24 13:45+01:00,3.261554
2026-01-24 14:00+01:00,3.026685
2026-01-24 14:15+01:00,3.497648
2026-01-24 14:30+01:00,2.101301
2026-01-24 14:45+01:00,2.204499
2026-01-24 15:00+01:00,1.892319
2026-01-24 15:15+01:00,2.703389
2026-01-24 15:30+01:00,2.470905
2026-01-24 15:45+01:00,3.057064
2026-01-24 16:00+01:00,3.012328
2026-01-24 16:15+01:00,3.060353
2026-01-24 16:30+01:00,2.071823
2026-01-24 16:45+01:00,2.610525
2026-01-24 17:00+01:00,2.846405
2026-01-24 17:15+01:00,2.862827
2026-01-24 17:30+01:00,2.383934
2026-01-24 17:45+01:00,2.317771
2026-01-24 18:00+01:00,5.069066
2026-01-24 18:15+01:00,4.782594
2026-01-24 18:30+01:00,4.753587
2026-01-24 18:45+01:00,4.178930
2026-01-24 19:00+01:00,4.519227
2026-01-24 19:15+01:00,
2026-01-24 19:30+01:00,
2026-01-24 19:45+01:00,4.691339
2026-01-24 20:00+01:00,4.483104
2026-01-24 20:15+01:00,4.938718
2026-01-24 20:30+01:00,4.150410
2026-01-24 20:45+01:00,4.666638
2026-01-24 21:00+01:00,2.207788
2026-01-24 21:15+01:00,2.281134
2026-01-24 21:30+01:00,2.336715
2026-01-24 21:45+01:00,3.047000
2026-01-24 22:00+01:00,3.016098
2026-01-24 22:15+01:00,3.041689
2026-01-24 22:30+01:00,2.618466
2026-01-24 22:45+01:00,3.313749
2026-01-24 23:00+01:00,2.762837
2026-01-24 23:15+01:00,2.009135
2026-01-24 23:30+01:00,3.066628
2026-01-24 23:45+01:00,2.213562
2026-01-25 00:00+01:00,2.891190
2026-01-25 00:15+01:00,2.141828
2026-01-25 00:30+01:00,
2026-01-25 00:45+01:00,2.826735
2026-01-25 01:00+01:00,1.574108
2026-01-25 01:15+01:00,2.757729
2026-01-25 01:30+01:00,1.691914
2026-01-25 01:45+01:00,1.855648
2026-01-25 02:00+01:00,3.541776
2026-01-25 02:15+01:00,3.254863
2026-01-25 02:30+01:00,1.899091
2026-01-25 02:45+01:00,
2026-01-25 03:00+01:00,2.633257
2026-01-25 03:15+01:00,2.945783
2026-01-25 03:30+01:00,1.995219
2026-01-25 03:45+01:00,2.680423
2026-01-25 04:00+01:00,2.453518
2026-01-25 04:15+01:00,2.809747
2026-01-25 04:30+01:00,2.549535
2026-01-25 04:45+01:00,3.035506
2026-01-25 05:00+01:00,1.950532
2026-01-25 05:15+01:00,2.042508
2026-01-25 05:30+01:00,2.666729
2026-01-25 05:45+01:00,2.609882
2026-01-25 06:00+01:00,1.403912
2026-01-25 06:15+01:00,1.758258
2026-01-25 06:30+01:00,3.222425
2026-01-25 06:45+01:00,2.094299
2026-01-25 07:00+01:00,2.610586
2026-01-25 07:15+01:00,2.534471
2026-01-25 07:30+01:00,2.262688
2026-01-25 07:45+01:00,2.888191
2026-01-25 08:00+01:00,1.679229
2026-01-25 08:15+01:00,3.359578
2026-01-25 08:30+01:00,2.077186
2026-01-25 08:45+01:00,2.421009
2026-01-25 09:00+01:00,2.106518
2026-01-25 09:15+01:00,2.289704
2026-01-25 09:30+01:00,2.017063
2026-01-25 09:45+01:00,2.573063
2026-01-25 10:00+01:00,3.398407
2026-01-25 10:15+01:00,2.327111
2026-01-25 10:30+01:00,2.669051
2026-01-25 10:45+01:00,3.314066
2026-01-25 11:00+01:00,3.645993
2026-01-25 11:15+01:00,3.975612
2026-01-25 11:30+01:00,2.936751
2026-01-25 11:45+01:00,1.166304
2026-01-25 12:00+01:00,3.086983
2026-01-25 12:15+01:00,3.316880
2026-01-25 12:30+01:00,2.524762
2026-01-25 12:45+01:00,1.713273
2026-01-25 13:00+01:00,2.880426
2026-01-25 13:15+01:00,3.226668
2026-01-25 13:30+01:00,2.911755
2026-01-25 13:45+01:00,3.631506
2026-01-25 14:00+01:00,2.799181
2026-01-25 14:15+01:00,3.115949
2026-01-25 14:30+01:00,2.802691
2026-01-25 14:45+01:00,2.019042
2026-01-25 15:00+01:00,4.849642
2026-01-25 15:15+01:00,4.477354
2026-01-25 15:30+01:00,4.518942
2026-01-25 15:45+01:00,3.851031
2026-01-25 16:00+01:00,5.091617
2026-01-25 16:15+01:00,4.637623
2026-01-25 16:30+01:00,5.128298
2026-01-25 16:45+01:00,
2026-01-25 17:00+01:00,4.568859
2026-01-25 17:15+01:00,3.979396
2026-01-25 17:30+01:00,4.581232
2026-01-25 17:45+01:00,4.549296
2026-01-25 18:00+01:00,2.618908
2026-01-25 18:15+01:00,3.295852
2026-01-25 18:30+01:00,3.197740
2026-01-25 18:45+01:00,2.376908
2026-01-25 19:00+01:00,2.656445
2026-01-25 19:15+01:00,2.930494
2026-01-25 19:30+01:00,2.161455
2026-01-25 19:45+01:00,2.900540
2026-01-25 20:00+01:00,2.965609
2026-01-25 20:15+01:00,3.003697
2026-01-25 20:30+01:00,2.128090
2026-01-25 20:45+01:00,2.426254
2026-01-25 21:00+01:00,1.766253
2026-01-25 21:15+01:00,2.045147
2026-01-25 21:30+01:00,2.108100
2026-01-25 21:45+01:00,3.266734
2026-01-25 22:00+01:00,
2026-01-25 22:15+01:00,2.925648
2026-01-25 22:30+01:00,3.046938
2026-01-25 22:45+01:00,1.521023
2026-01-25 23:00+01:00,2.968265
2026-01-25 23:15+01:00,2.438522
2026-01-25 23:30+01:00,2.783671
2026-01-25 23:45+01:00,3.495002
2026-01-26 00:00+01:00,
2026-01-26 00:15+01:00,2.900806
2026-01-26 00:30+01:00,2.234158
2026-01-26 00:45+01:00,2.983377
2026-01-26 01:00+01:00,2.251403
2026-01-26 01:15+01:00,
2026-01-26 01:30+01:00,1.970890
2026-01-26 01:45+01:00,2.698114
2026-01-26 02:00+01:00,2.874880
2026-01-26 02:15+01:00,2.708329
2026-01-26 02:30+01:00,1.814455
2026-01-26 02:45+01:00,1.899436
2026-01-26 03:00+01:00,2.985907
2026-01-26 03:15+01:00,1.812145
2026-01-26 03:30+01:00,1.436098
2026-01-26 03:45+01:00,3.017635
2026-01-26 04:00+01:00,2.511920
2026-01-26 04:15+01:00,1.875946
2026-01-26 04:30+01:00,1.549924
2026-01-26 04:45+01:00,2.069478
2026-01-26 05:00+01:00,2.360809
2026-01-26 05:15+01:00,3.335227
2026-01-26 05:30+01:00,1.398774
2026-01-26 05:45+01:00,2.219491
2026-01-26 06:00+01:00,2.798382
2026-01-26 06:15+01:00,2.503916
2026-01-26 06:30+01:00,2.254720
2026-01-26 06:45+01:00,2.627603
2026-01-26 07:00+01:00,2.847068
2026-01-26 07:15+01:00,2.633518
2026-01-26 07:30+01:00,1.907114
2026-01-26 07:45+01:00,2.608358
2026-01-26 08:00+01:00,
2026-01-26 08:15+01:00,2.951597
2026-01-26 08:30+01:00,2.140043
2026-01-26 08:45+01:00,2.391153
2026-01-26 09:00+01:00,3.061449
2026-01-26 09:15+01:00,2.449652
2026-01-26 09:30+01:00,
2026-01-26 09:45+01:00,2.986945
2026-01-26 10:00+01:00,2.197243
2026-01-26 10:15+01:00,1.865799
2026-01-26 10:30+01:00,3.482463
2026-01-26 10:45+01:00,2.533648
2026-01-26 11:00+01:00,2.551324
2026-01-26 11:15+01:00,2.468143
2026-01-26 11:30+01:00,2.834168
2026-01-26 11:45+01:00,3.399222
2026-01-26 12:00+01:00,4.822473
2026-01-26 12:15+01:00,4.846642
2026-01-26 12:30+01:00,
2026-01-26 12:45+01:00,4.349013
2026-01-26 13:00+01:00,4.903613
2026-01-26 13:15+01:00,4.330314
2026-01-26 13:30+01:00,4.803287
2026-01-26 13:45+01:00,4.153878
2026-01-26 14:00+01:00,4.346222
2026-01-26 14:15+01:00,4.392082
2026-01-26 14:30+01:00,4.514526
2026-01-26 14:45+01:00,4.402606
2026-01-26 15:00+01:00,4.527179
2026-01-26 15:15+01:00,4.011104
2026-01-26 15:30+01:00,4.456506
2026-01-26 15:45+01:00,4.491413
2026-01-26 16:00+01:00,2.333814
2026-01-26 16:15+01:00,2.342199
2026-01-26 16:30+01:00,3.081274
2026-01-26 16:45+01:00,2.189953
2026-01-26 17:00+01:00,2.411603
2026-01-26 17:15+01:00,2.386918
2026-01-26 17:30+01:00,2.577630
2026-01-26 17:45+01:00,3.529584
2026-01-26 18:00+01:00,2.347453
2026-01-26 18:15+01:00,2.616239
2026-01-26 18:30+01:00,2.467016
2026-01-26 18:45+01:00,2.679326
2026-01-26 19:00+01:00,3.268840
2026-01-26 19:15+01:00,2.664245
2026-01-26 19:30+01:00,3.867919
2026-01-26 19:45+01:00,1.531390
2026-01-26 20:00+01:00,
2026-01-26 20:15+01:00,1.745276
2026-01-26 20:30+01:00,2.756480
2026-01-26 20:45+01:00,
2026-01-26 21:00+01:00,2.915163
2026-01-26 21:15+01:00,3.043334
2026-01-26 21:30+01:00,2.575778
2026-01-26 21:45+01:00,2.877673
2026-01-26 22:00+01:00,2.116949
2026-01-26 22:15+01:00,2.430612
2026-01-26 22:30+01:00,3.121400
2026-01-26 22:45+01:00,2.771252
2026-01-26 23:00+01:00,4.602596
2026-01-26 23:15+01:00,4.678422
2026-01-26 23:30+01:00,4.532662
2026-01-26 23:45+01:00,4.804913
2026-01-27 00:00+01:00,2.820871
2026-01-27 00:15+01:00,2.636739
2026-01-27 00:30+01:00,2.201470
2026-01-27 00:45+01:00,2.169330
2026-01-27 01:00+01:00,1.863658
2026-01-27 01:15+01:00,2.405919
2026-01-27 01:30+01:00,1.981937
2026-01-27 01:45+01:00,3.343706
2026-01-27 02:00+01:00,2.823243
2026-01-27 02:15+01:00,3.019754
2026-01-27 02:30+01:00,2.379034
2026-01-27 02:45+01:00,3.306818
2026-01-27 03:00+01:00,4.992583
2026-01-27 03:15+01:00,4.385490
2026-01-27 03:30+01:00,4.692047
2026-01-27 03:45+01:00,4.586584
2026-01-27 04:00+01:00,3.682873
2026-01-27 04:15+01:00,4.438869
2026-01-27 04:30+01:00,4.715905
2026-01-27 04:45+01:00,4.787828
2026-01-27 05:00+01:00,4.530701
2026-01-27 05:15+01:00,4.729694
2026-01-27 05:30+01:00,4.687748
2026-01-27 05:45+01:00,4.348673
2026-01-27 06:00+01:00,3.269126
2026-01-27 06:15+01:00,2.336677
2026-01-27 06:30+01:00,2.775598
2026-01-27 06:45+01:00,3.282446
2026-01-27 07:00+01:00,2.496954
2026-01-27 07:15+01:00,2.986933
2026-01-27 07:30+01:00,2.830468
2026-01-27 07:45+01:00,2.797268
2026-01-27 08:00+01:00,2.760450
2026-01-27 08:15+01:00,2.418141
2026-01-27 08:30+01:00,1.754059
2026-01-27 08:45+01:00,2.015311
2026-01-27 09:00+01:00,2.080345
2026-01-27 09:15+01:00,2.818197
2026-01-27 09:30+01:00,2.119430
2026-01-27 09:45+01:00,3.342724
2026-01-27 10:00+01:00,2.827436
2026-01-27 10:15+01:00,1.872685
2026-01-27 10:30+01:00,2.083721
2026-01-27 10:45+01:00,1.961922
2026-01-27 11:00+01:00,2.483738
2026-01-27 11:15+01:00,2.968133
2026-01-27 11:30+01:00,1.905158
2026-01-27 11:45+01:00,3.632792
2026-01-27 12:00+01:00,2.632183
2026-01-27 12:15+01:00,2.120198
2026-01-27 12:30+01:00,2.966328
2026-01-27 12:45+01:00,2.399112
2026-01-27 13:00+01:00,2.051337
2026-01-27 13:15+01:00,2.661675
2026-01-27 13:30+01:00,2.752864
2026-01-27 13:45+01:00,2.089390
2026-01-27 14:00+01:00,3.207386
2026-01-27 14:15+01:00,2.445068
2026-01-27 14:30+01:00,2.762908
2026-01-27 14:45+01:00,2.172249
2026-01-27 15:00+01:00,3.108499
2026-01-27 15:15+01:00,2.291859
2026-01-27 15:30+01:00,2.483656
2026-01-27 15:45+01:00,2.217675
2026-01-27 16:00+01:00,1.918305
2026-01-27 16:15+01:00,2.094447
2026-01-27 16:30+01:00,2.890909
2026-01-27 16:45+01:00,2.569231
2026-01-27 17:00+01:00,2.273442
2026-01-27 17:15+01:00,3.462934
2026-01-27 17:30+01:00,1.996300
2026-01-27 17:45+01:00,3.390222
2026-01-27 18:00+01:00,3.055233
2026-01-27 18:15+01:00,3.432806
2026-01-27 18:30+01:00,2.445261
2026-01-27 18:45+01:00,1.260057
2026-01-27 19:00+01:00,2.574707
2026-01-27 19:15+01:00,1.691829
2026-01-27 19:30+01:00,3.129627
2026-01-27 19:45+01:00,2.949260
2026-01-27 20:00+01:00,4.059217
2026-01-27 20:15+01:00,4.785553
2026-01-27 20:30+01:00,4.215766
2026-01-27 20:45+01:00,4.312114
2026-01-27 21:00+01:00,4.442766
2026-01-27 21:15+01:00,4.493373
2026-01-27 21:30+01:00,
2026-01-27 21:45+01:00,3.769515
2026-01-27 22:00+01:00,3.913440
2026-01-27 22:15+01:00,4.653088
2026-01-27 22:30+01:00,3.951546
2026-01-27 22:45+01:00,4.712286
2026-01-27 23:00+01:00,4.795113
2026-01-27 23:15+01:00,4.552101
2026-01-27 23:30+01:00,3.833397
2026-01-27 23:45+01:00,4.189417
2026-01-28 00:00+01:00,2.686973
2026-01-28 00:15+01:00,3.043369
2026-01-28 00:30+01:00,2.380554
2026-01-28 00:45+01:00,2.426499
2026-01-28 01:00+01:00,2.624539
2026-01-28 01:15+01:00,1.886556
2026-01-28 01:30+01:00,2.140955
2026-01-28 01:45+01:00,2.078084
2026-01-28 02:00+01:00,2.245839
2026-01-28 02:15+01:00,2.944424
2026-01-28 02:30+01:00,2.513548
2026-01-28 02:45+01:00,1.179519
2026-01-28 03:00+01:00,1.440415
2026-01-28 03:15+01:00,1.807366
2026-01-28 03:30+01:00,2.021126
2026-01-28 03:45+01:00,2.607400
2026-01-28 04:00+01:00,2.250608
2026-01-28 04:15+01:00,2.456374
2026-01-28 04:30+01:00,2.971801
2026-01-28 04:45+01:00,1.711818
2026-01-28 05:00+01:00,1.576487
2026-01-28 05:15+01:00,2.692113
2026-01-28 05:30+01:00,2.792645
2026-01-28 05:45+01:00,2.893245
2026-01-28 06:00+01:00,2.788362
2026-01-28 06:15+01:00,3.528898
2026-01-28 06:30+01:00,1.233520
2026-01-28 06:45+01:00,2.301306
2026-01-28 07:00+01:00,2.441899
2026-01-28 07:15+01:00,3.194092
2026-01-28 07:30+01:00,2.470382
2026-01-28 07:45+01:00,3.131024
2026-01-28 08:00+01:00,3.456501
2026-01-28 08:15+01:00,2.426735
2026-01-28 08:30+01:00,2.744073
2026-01-28 08:45+01:00,2.927319
2026-01-28 09:00+01:00,3.370225
2026-01-28 09:15+01:00,1.637654
2026-01-28 09:30+01:00,2.318917
2026-01-28 09:45+01:00,3.619176
2026-01-28 10:00+01:00,2.043081
2026-01-28 10:15+01:00,1.851797
2026-01-28 10:30+01:00,2.740114
2026-01-28 10:45+01:00,2.652958
2026-01-28 11:00+01:00,2.664916
2026-01-28 11:15+01:00,2.295612
2026-01-28 11:30+01:00,2.240052
2026-01-28 11:45+01:00,2.030733
2026-01-28 12:00+01:00,4.618119
2026-01-28 12:15+01:00,3.980828
2026-01-28 12:30+01:00,3.992702
2026-01-28 12:45+01:00,3.967328
2026-01-28 13:00+01:00,4.510842
2026-01-28 13:15+01:00,4.064824
2026-01-28 13:30+01:00,4.455406
2026-01-28 13:45+01:00,4.226875
2026-01-28 14:00+01:00,4.151147
2026-01-28 14:15+01:00,4.055355
2026-01-28 14:30+01:00,3.903475
2026-01-28 14:45+01:00,4.192914
2026-01-28 15:00+01:00,4.237337
2026-01-28 15:15+01:00,4.588982
2026-01-28 15:30+01:00,39.243144
2026-01-28 15:45+01:00,4.744162
2026-01-28 16:00+01:00,5.386017
2026-01-28 16:15+01:00,3.703428
2026-01-28 16:30+01:00,4.672018
2026-01-28 16:45+01:00,3.527900
2026-01-28 17:00+01:00,4.913577
2026-01-28 17:15+01:00,4.237086
2026-01-28 17:30+01:00,4.093429
2026-01-28 17:45+01:00,4.890904
2026-01-28 18:00+01:00,
2026-01-28 18:15+01:00,1.556983
2026-01-28 18:30+01:00,1.543361
2026-01-28 18:45+01:00,2.836210
2026-01-28 19:00+01:00,2.407701
2026-01-28 19:15+01:00,2.124220
2026-01-28 19:30+01:00,2.746577
2026-01-28 19:45+01:00,2.132981
2026-01-28 20:00+01:00,2.196160
2026-01-28 20:15+01:00,1.894913
2026-01-28 20:30+01:00,2.530538
2026-01-28 20:45+01:00,3.454965
2026-01-28 21:00+01:00,2.601788
2026-01-28 21:15+01:00,3.461381
2026-01-28 21:30+01:00,1.970133
2026-01-28 21:45+01:00,3.242473
2026-01-28 22:00+01:00,2.620945
2026-01-28 22:15+01:00,2.274450
2026-01-28 22:30+01:00,2.637354
2026-01-28 22:45+01:00,3.115794
2026-01-28 23:00+01:00,1.097519
2026-01-28 23:15+01:00,2.271461
2026-01-28 23:30+01:00,2.554107
2026-01-28 23:45+01:00,2.556606
2026-01-29 00:00+01:00,3.068527
2026-01-29 00:15+01:00,1.272976
2026-01-29 00:30+01:00,2.517360
2026-01-29 00:45+01:00,2.990933
2026-01-29 01:00+01:00,2.483102
2026-01-29 01:15+01:00,2.453989
2026-01-29 01:30+01:00,2.948467
2026-01-29 01:45+01:00,2.063652
2026-01-29 02:00+01:00,2.283587
2026-01-29 02:15+01:00,1.743748
2026-01-29 02:30+01:00,3.027336
2026-01-29 02:45+01:00,1.682671
2026-01-29 03:00+01:00,1.444201
2026-01-29 03:15+01:00,2.470979
2026-01-29 03:30+01:00,2.516475
2026-01-29 03:45+01:00,3.184603
2026-01-29 04:00+01:00,3.043287
2026-01-29 04:15+01:00,2.704867
2026-01-29 04:30+01:00,2.469748
2026-01-29 04:45+01:00,
2026-01-29 05:00+01:00,1.785048
2026-01-29 05:15+01:00,2.790980
2026-01-29 05:30+01:00,1.570675
2026-01-29 05:45+01:00,1.756607
2026-01-29 06:00+01:00,
2026-01-29 06:15+01:00,2.567210
2026-01-29 06:30+01:00,2.495783
2026-01-29 06:45+01:00,2.156473
2026-01-29 07:00+01:00,
2026-01-29 07:15+01:00,2.861290
2026-01-29 07:30+01:00,2.792009
2026-01-29 07:45+01:00,2.512282
2026-01-29 08:00+01:00,1.739402
2026-01-29 08:15+01:00,3.257524
2026-01-29 08:30+01:00,2.800700
2026-01-29 08:45+01:00,0.942939
2026-01-29 09:00+01:00,1.809811
2026-01-29 09:15+01:00,
2026-01-29 09:30+01:00,2.476593
2026-01-29 09:45+01:00,2.882714
2026-01-29 10:00+01:00,
2026-01-29 10:15+01:00,3.371908
2026-01-29 10:30+01:00,1.760814
2026-01-29 10:45+01:00,1.594040
2026-01-29 11:00+01:00,2.793932
2026-01-29 11:15+01:00,1.760094
2026-01-29 11:30+01:00,2.616086
2026-01-29 11:45+01:00,2.860843
2026-01-29 12:00+01:00,4.406810
2026-01-29 12:15+01:00,4.213207
2026-01-29 12:30+01:00,4.632208
2026-01-29 12:45+01:00,4.508292
2026-01-29 13:00+01:00,5.036319
2026-01-29 13:15+01:00,4.056554
2026-01-29 13:30+01:00,4.791238
2026-01-29 13:45+01:00,4.471986
2026-01-29 14:00+01:00,4.567537
2026-01-29 14:15+01:00,4.306480
2026-01-29 14:30+01:00,4.393419
2026-01-29 14:45+01:00,3.873415
2026-01-29 15:00+01:00,4.475480
2026-01-29 15:15+01:00,4.076491
2026-01-29 15:30+01:00,4.622599
2026-01-29 15:45+01:00,4.268637
2026-01-29 16:00+01:00,4.173709
2026-01-29 16:15+01:00,4.163376
2026-01-29 16:30+01:00,
2026-01-29 16:45+01:00,4.296389
2026-01-29 17:00+01:00,
2026-01-29 17:15+01:00,3.833775
2026-01-29 17:30+01:00,3.439780
2026-01-29 17:45+01:00,2.259333
2026-01-29 18:00+01:00,2.929476
2026-01-29 18:15+01:00,1.643121
2026-01-29 18:30+01:00,1.568364
2026-01-29 18:45+01:00,2.815145
2026-01-29 19:00+01:00,2.852253
2026-01-29 19:15+01:00,2.935409
2026-01-29 19:30+01:00,2.137152
2026-01-29 19:45+01:00,
2026-01-29 20:00+01:00,3.387746
2026-01-29 20:15+01:00,2.895504
2026-01-29 20:30+01:00,3.567361
2026-01-29 20:45+01:00,2.192080
2026-01-29 21:00+01:00,2.114820
2026-01-29 21:15+01:00,2.171266
2026-01-29 21:30+01:00,3.292496
2026-01-29 21:45+01:00,2.115153
2026-01-29 22:00+01:00,2.062773
2026-01-29 22:15+01:00,2.564518
2026-01-29 22:30+01:00,2.444163
2026-01-29 22:45+01:00,2.460209
2026-01-29 23:00+01:00,3.027383
2026-01-29 23:15+01:00,2.835191
2026-01-29 23:30+01:00,2.680409
2026-01-29 23:45+01:00,1.996145
2026-01-30 00:00+01:00,1.785243
2026-01-30 00:15+01:00,2.647110
2026-01-30 00:30+01:00,2.004643
2026-01-30 00:45+01:00,2.645902
2026-01-30 01:00+01:00,2.549554
2026-01-30 01:15+01:00,2.982673
2026-01-30 01:30+01:00,2.408899
2026-01-30 01:45+01:00,3.118248
2026-01-30 02:00+01:00,2.681512
2026-01-30 02:15+01:00,2.825218
2026-01-30 02:30+01:00,1.291284
2026-01-30 02:45+01:00,2.346415
2026-01-30 03:00+01:00,1.765781
2026-01-30 03:15+01:00,2.404543
2026-01-30 03:30+01:00,2.501767
2026-01-30 03:45+01:00,2.521229
2026-01-30 04:00+01:00,2.727964
2026-01-30 04:15+01:00,2.085266
2026-01-30 04:30+01:00,2.320867
2026-01-30 04:45+01:00,3.508428
2026-01-30 05:00+01:00,2.242117
2026-01-30 05:15+01:00,2.878874
2026-01-30 05:30+01:00,1.117615
2026-01-30 05:45+01:00,3.188543
2026-01-30 06:00+01:00,1.876291
2026-01-30 06:15+01:00,1.918396
2026-01-30 06:30+01:00,2.956873
2026-01-30 06:45+01:00,3.272965
2026-01-30 07:00+01:00,
2026-01-30 07:15+01:00,1.879849
2026-01-30 07:30+01:00,3.070246
2026-01-30 07:45+01:00,3.132935
2026-01-30 08:00+01:00,3.276182
2026-01-30 08:15+01:00,1.667813
2026-01-30 08:30+01:00,
2026-01-30 08:45+01:00,2.400693
2026-01-30 09:00+01:00,4.931985
2026-01-30 09:15+01:00,4.807985
2026-01-30 09:30+01:00,4.316473
2026-01-30 09:45+01:00,4.528826
2026-01-30 10:00+01:00,4.483115
2026-01-30 10:15+01:00,35.091066
2026-01-30 10:30+01:00,3.909226
2026-01-30 10:45+01:00,4.029684
2026-01-30 11:00+01:00,4.169256
2026-01-30 11:15+01:00,4.572525
2026-01-30 11:30+01:00,4.071975
2026-01-30 11:45+01:00,4.054303
2026-01-30 12:00+01:00,4.576422
2026-01-30 12:15+01:00,4.543282
2026-01-30 12:30+01:00,4.148374
2026-01-30 12:45+01:00,4.911741
2026-01-30 13:00+01:00,4.726120
2026-01-30 13:15+01:00,
2026-01-30 13:30+01:00,3.988407
2026-01-30 13:45+01:00,
2026-01-30 14:00+01:00,1.854653
2026-01-30 14:15+01:00,3.584346
2026-01-30 14:30+01:00,2.003895
2026-01-30 14:45+01:00,3.354858
2026-01-30 15:00+01:00,2.549361
2026-01-30 15:15+01:00,2.659016
2026-01-30 15:30+01:00,2.229094
2026-01-30 15:45+01:00,3.150433
2026-01-30 16:00+01:00,2.866646
2026-01-30 16:15+01:00,1.845090
2026-01-30 16:30+01:00,2.505216
2026-01-30 16:45+01:00,3.061352
2026-01-30 17:00+01:00,2.511273
2026-01-30 17:15+01:00,2.018471
2026-01-30 17:30+01:00,3.396582
2026-01-30 17:45+01:00,2.747593
2026-01-30 18:00+01:00,2.200044
2026-01-30 18:15+01:00,3.557925
2026-01-30 18:30+01:00,3.115028
2026-01-30 18:45+01:00,2.097935
2026-01-30 19:00+01:00,1.885832
2026-01-30 19:15+01:00,1.857505
2026-01-30 19:30+01:00,1.793635
2026-01-30 19:45+01:00,2.871920
2026-01-30 20:00+01:00,2.527321
2026-01-30 20:15+01:00,3.218740
2026-01-30 20:30+01:00,2.639508
2026-01-30 20:45+01:00,2.410715
2026-01-30 21:00+01:00,4.445553
2026-01-30 21:15+01:00,4.544262
2026-01-30 21:30+01:00,4.689267
2026-01-30 21:45+01:00,3.966733
2026-01-30 22:00+01:00,4.237983
2026-01-30 22:15+01:00,4.363765
2026-01-30 22:30+01:00,4.204546
2026-01-30 22:45+01:00,3.880779
2026-01-30 23:00+01:00,4.708838
2026-01-30 23:15+01:00,4.273694
2026-01-30 23:30+01:00,4.250804
2026-01-30 23:45+01:00,4.520550
2026-01-31 00:00+01:00,3.653772
2026-01-31 00:15+01:00,2.549447
2026-01-31 00:30+01:00,2.707663
2026-01-31 00:45+01:00,2.589920
2026-01-31 01:00+01:00,3.026410
2026-01-31 01:15+01:00,3.158908
2026-01-31 01:30+01:00,3.586953
2026-01-31 01:45+01:00,2.636450
2026-01-31 02:00+01:00,1.592786
2026-01-31 02:15+01:00,2.485233
2026-01-31 02:30+01:00,3.213889
2026-01-31 02:45+01:00,2.767230
2026-01-31 03:00+01:00,1.989781
2026-01-31 03:15+01:00,2.371682
2026-01-31 03:30+01:00,2.945821
2026-01-31 03:45+01:00,3.032677
2026-01-31 04:00+01:00,2.941342
2026-01-31 04:15+01:00,1.024272
2026-01-31 04:30+01:00,3.560481
2026-01-31 04:45+01:00,2.279806
2026-01-31 05:00+01:00,2.673572
2026-01-31 05:15+01:00,3.067387
2026-01-31 05:30+01:00,
2026-01-31 05:45+01:00,3.218575
2026-01-31 06:00+01:00,2.593293
2026-01-31 06:15+01:00,2.970286
2026-01-31 06:30+01:00,2.818268
2026-01-31 06:45+01:00,2.972042
2026-01-31 07:00+01:00,0.855745
2026-01-31 07:15+01:00,2.392561
2026-01-31 07:30+01:00,2.856471
2026-01-31 07:45+01:00,2.395721
2026-01-31 08:00+01:00,2.581066
2026-01-31 08:15+01:00,2.823661
2026-01-31 08:30+01:00,2.968774
2026-01-31 08:45+01:00,2.545775
2026-01-31 09:00+01:00,4.962474
2026-01-31 09:15+01:00,4.681497
2026-01-31 09:30+01:00,4.406651
2026-01-31 09:45+01:00,3.751573
2026-01-31 10:00+01:00,3.995801
2026-01-31 10:15+01:00,4.711392
2026-01-31 10:30+01:00,4.193627
2026-01-31 10:45+01:00,4.962352
2026-01-31 11:00+01:00,4.228136
2026-01-31 11:15+01:00,
2026-01-31 11:30+01:00,4.505769
2026-01-31 11:45+01:00,4.931747
2026-01-31 12:00+01:00,1.364469
2026-01-31 12:15+01:00,2.994299
2026-01-31 12:30+01:00,1.377693
2026-01-31 12:45+01:00,2.442575
2026-01-31 13:00+01:00,3.109718
2026-01-31 13:15+01:00,2.230671
2026-01-31 13:30+01:00,1.886773
2026-01-31 13:45+01:00,1.188598
2026-01-31 14:00+01:00,2.146720
2026-01-31 14:15+01:00,2.737037
2026-01-31 14:30+01:00,2.998283
2026-01-31 14:45+01:00,2.782104
2026-01-31 15:00+01:00,2.899228
2026-01-31 15:15+01:00,3.221903
2026-01-31 15:30+01:00,2.146140
2026-01-31 15:45+01:00,2.898137
2026-01-31 16:00+01:00,3.271259
2026-01-31 16:15+01:00,2.528663
2026-01-31 16:30+01:00,2.793258
2026-01-31 16:45+01:00,1.758205
2026-01-31 17:00+01:00,3.228138
2026-01-31 17:15+01:00,1.520326
2026-01-31 17:30+01:00,2.183364
2026-01-31 17:45+01:00,2.138817
2026-01-31 18:00+01:00,2.421446
2026-01-31 18:15+01:00,2.669143
2026-01-31 18:30+01:00,2.218482
2026-01-31 18:45+01:00,2.774215
2026-01-31 19:00+01:00,3.438926
2026-01-31 19:15+01:00,2.795184
2026-01-31 19:30+01:00,2.446161
2026-01-31 19:45+01:00,2.991345
2026-01-31 20:00+01:00,2.619067
2026-01-31 20:15+01:00,2.739309
2026-01-31 20:30+01:00,2.761034
2026-01-31 20:45+01:00,2.474041
2026-01-31 21:00+01:00,2.827592
2026-01-31 21:15+01:00,2.002708
2026-01-31 21:30+01:00,2.242573
2026-01-31 21:45+01:00,2.890424
2026-01-31 22:00+01:00,1.567588
2026-01-31 22:15+01:00,1.843771
2026-01-31 22:30+01:00,2.042266
2026-01-31 22:45+01:00,2.937988
2026-01-31 23:00+01:00,2.233654
2026-01-31 23:15+01:00,2.762287
2026-01-31 23:30+01:00,2.528412
2026-01-31 23:45+01:00,1.405521
2026-02-01 00:00+01:00,2.570731
2026-02-01 00:15+01:00,3.437244
2026-02-01 00:30+01:00,0.789831
2026-02-01 00:45+01:00,2.356918
2026-02-01 01:00+01:00,3.078016
2026-02-01 01:15+01:00,3.842460
2026-02-01 01:30+01:00,1.936609
2026-02-01 01:45+01:00,1.580365
2026-02-01 02:00+01:00,3.099137
2026-02-01 02:15+01:00,2.615290
2026-02-01 02:30+01:00,1.574717
2026-02-01 02:45+01:00,2.120541
2026-02-01 03:00+01:00,3.032640
2026-02-01 03:15+01:00,2.092437
2026-02-01 03:30+01:00,1.854018
2026-02-01 03:45+01:00,2.660871
2026-02-01 04:00+01:00,2.780038
2026-02-01 04:15+01:00,2.128719
2026-02-01 04:30+01:00,2.371408
2026-02-01 04:45+01:00,3.054794
2026-02-01 05:00+01:00,2.740399
2026-02-01 05:15+01:00,1.491032
2026-02-01 05:30+01:00,1.207048
2026-02-01 05:45+01:00,3.442774
2026-02-01 06:00+01:00,4.004841
2026-02-01 06:15+01:00,3.821390
2026-02-01 06:30+01:00,3.785396
2026-02-01 06:45+01:00,4.233455
2026-02-01 07:00+01:00,3.664407
2026-02-01 07:15+01:00,4.542029
2026-02-01 07:30+01:00,4.112564
2026-02-01 07:45+01:00,
2026-02-01 08:00+01:00,4.302859
2026-02-01 08:15+01:00,4.259458
2026-02-01 08:30+01:00,4.496291
2026-02-01 08:45+01:00,4.362061
2026-02-01 09:00+01:00,4.558970
2026-02-01 09:15+01:00,4.614545
2026-02-01 09:30+01:00,4.123703
2026-02-01 09:45+01:00,3.821930
2026-02-01 10:00+01:00,4.092177
2026-02-01 10:15+01:00,4.289504
2026-02-01 10:30+01:00,4.165417
2026-02-01 10:45+01:00,4.702298
2026-02-01 11:00+01:00,3.058625
2026-02-01 11:15+01:00,2.850818
2026-02-01 11:30+01:00,3.000335
2026-02-01 11:45+01:00,3.106097
2026-02-01 12:00+01:00,2.452584
2026-02-01 12:15+01:00,2.820578
2026-02-01 12:30+01:00,
2026-02-01 12:45+01:00,2.101506
2026-02-01 13:00+01:00,1.902592
2026-02-01 13:15+01:00,3.313048
2026-02-01 13:30+01:00,1.811669
2026-02-01 13:45+01:00,2.401192
2026-02-01 14:00+01:00,2.144168
2026-02-01 14:15+01:00,2.146471
2026-02-01 14:30+01:00,2.944868
2026-02-01 14:45+01:00,2.573909
2026-02-01 15:00+01:00,2.213002
2026-02-01 15:15+01:00,1.664915
2026-02-01 15:30+01:00,2.327758
2026-02-01 15:45+01:00,3.253502
2026-02-01 16:00+01:00,3.124671
2026-02-01 16:15+01:00,2.166313
2026-02-01 16:30+01:00,1.952757
2026-02-01 16:45+01:00,1.929067
2026-02-01 17:00+01:00,1.783599
2026-02-01 17:15+01:00,2.344623
2026-02-01 17:30+01:00,3.359301
2026-02-01 17:45+01:00,2.158154
2026-02-01 18:00+01:00,2.897308
2026-02-01 18:15+01:00,1.998546
2026-02-01 18:30+01:00,2.884788
2026-02-01 18:45+01:00,2.211070
2026-02-01 19:00+01:00,2.573593
2026-02-01 19:15+01:00,2.451643
2026-02-01 19:30+01:00,2.633319
2026-02-01 19:45+01:00,2.410425
2026-02-01 20:00+01:00,2.171570
2026-02-01 20:15+01:00,2.517397
2026-02-01 20:30+01:00,2.212960
2026-02-01 20:45+01:00,2.793351
2026-02-01 21:00+01:00,2.620426
2026-02-01 21:15+01:00,2.921434
2026-02-01 21:30+01:00,2.767689
2026-02-01 21:45+01:00,3.325023
2026-02-01 22:00+01:00,3.781421
2026-02-01 22:15+01:00,2.796305
2026-02-01 22:30+01:00,2.173560
2026-02-01 22:45+01:00,2.119943
2026-02-01 23:00+01:00,2.574892
2026-02-01 23:15+01:00,2.780202
2026-02-01 23:30+01:00,2.356732
2026-02-01 23:45+01:00,2.516019
2026-02-02 00:00+01:00,1.675324
2026-02-02 00:15+01:00,2.456965
2026-02-02 00:30+01:00,1.151482
2026-02-02 00:45+01:00,2.377902
2026-02-02 01:00+01:00,1.644539
2026-02-02 01:15+01:00,2.269424
2026-02-02 01:30+01:00,2.678490
2026-02-02 01:45+01:00,1.747023
2026-02-02 02:00+01:00,3.699486
2026-02-02 02:15+01:00,3.234086
2026-02-02 02:30+01:00,1.709195
2026-02-02 02:45+01:00,2.737627
2026-02-02 03:00+01:00,4.613650
2026-02-02 03:15+01:00,4.634399
2026-02-02 03:30+01:00,4.349119
2026-02-02 03:45+01:00,4.721411
2026-02-02 04:00+01:00,
2026-02-02 04:15+01:00,5.176066
2026-02-02 04:30+01:00,4.449062
2026-02-02 04:45+01:00,5.317640
2026-02-02 05:00+01:00,4.312646
2026-02-02 05:15+01:00,4.507746
2026-02-02 05:30+01:00,4.531204
2026-02-02 05:45+01:00,4.563592
2026-02-02 06:00+01:00,4.008193
2026-02-02 06:15+01:00,5.092838
2026-02-02 06:30+01:00,4.772208
2026-02-02 06:45+01:00,4.083306
2026-02-02 07:00+01:00,2.156719
2026-02-02 07:15+01:00,1.959423
2026-02-02 07:30+01:00,2.622891
2026-02-02 07:45+01:00,2.513287
2026-02-02 08:00+01:00,2.248627
2026-02-02 08:15+01:00,2.804210
2026-02-02 08:30+01:00,2.118939
2026-02-02 08:45+01:00,3.381163
2026-02-02 09:00+01:00,2.870050
2026-02-02 09:15+01:00,1.535327
2026-02-02 09:30+01:00,3.460194
2026-02-02 09:45+01:00,2.166927
2026-02-02 10:00+01:00,2.986816
2026-02-02 10:15+01:00,2.368593
2026-02-02 10:30+01:00,2.961950
2026-02-02 10:45+01:00,1.747777
2026-02-02 11:00+01:00,1.577722
2026-02-02 11:15+01:00,2.643945
2026-02-02 11:30+01:00,3.169552
2026-02-02 11:45+01:00,2.913983
2026-02-02 12:00+01:00,1.585514
2026-02-02 12:15+01:00,1.776565
2026-02-02 12:30+01:00,2.105660
2026-02-02 12:45+01:00,2.757352
2026-02-02 13:00+01:00,3.796899
2026-02-02 13:15+01:00,2.604219
2026-02-02 13:30+01:00,2.936932
2026-02-02 13:45+01:00,3.172061
2026-02-02 14:00+01:00,2.878750
2026-02-02 14:15+01:00,1.969172
2026-02-02 14:30+01:00,2.766563
2026-02-02 14:45+01:00,2.433752
2026-02-02 15:00+01:00,3.374989
2026-02-02 15:15+01:00,1.737643
2026-02-02 15:30+01:00,2.672215
2026-02-02 15:45+01:00,2.427719
2026-02-02 16:00+01:00,2.055850
2026-02-02 16:15+01:00,2.640045
2026-02-02 16:30+01:00,3.509452
2026-02-02 16:45+01:00,3.411329
2026-02-02 17:00+01:00,2.309408
2026-02-02 17:15+01:00,2.976960
2026-02-02 17:30+01:00,2.325386
2026-02-02 17:45+01:00,2.311373
2026-02-02 18:00+01:00,2.181221
2026-02-02 18:15+01:00,3.262934
2026-02-02 18:30+01:00,3.137688
2026-02-02 18:45+01:00,2.332743
2026-02-02 19:00+01:00,2.516390
2026-02-02 19:15+01:00,2.676203
2026-02-02 19:30+01:00,2.560276
2026-02-02 19:45+01:00,1.983938
2026-02-02 20:00+01:00,1.984869
2026-02-02 20:15+01:00,3.161545
2026-02-02 20:30+01:00,2.559974
2026-02-02 20:45+01:00,2.328751
2026-02-02 21:00+01:00,2.112656
2026-02-02 21:15+01:00,1.930365
2026-02-02 21:30+01:00,2.789768
2026-02-02 21:45+01:00,2.607812
2026-02-02 22:00+01:00,2.195762
2026-02-02 22:15+01:00,2.963503
2026-02-02 22:30+01:00,2.111355
2026-02-02 22:45+01:00,
2026-02-02 23:00+01:00,2.940734
2026-02-02 23:15+01:00,2.649871
2026-02-02 23:30+01:00,2.702556
2026-02-02 23:45+01:00,1.533920
2026-02-03 00:00+01:00,2.399970
2026-02-03 00:15+01:00,1.854998
2026-02-03 00:30+01:00,2.081506
2026-02-03 00:45+01:00,2.178807
2026-02-03 01:00+01:00,2.514360
2026-02-03 01:15+01:00,2.758279
2026-02-03 01:30+01:00,2.707468
2026-02-03 01:45+01:00,2.316883
2026-02-03 02:00+01:00,2.635978
2026-02-03 02:15+01:00,
2026-02-03 02:30+01:00,2.736677
2026-02-03 02:45+01:00,2.593486
2026-02-03 03:00+01:00,4.353056
2026-02-03 03:15+01:00,4.710021
2026-02-03 03:30+01:00,4.184146
2026-02-03 03:45+01:00,4.686034
2026-02-03 04:00+01:00,4.181795
2026-02-03 04:15+01:00,4.235137
2026-02-03 04:30+01:00,4.175037
2026-02-03 04:45+01:00,4.941458
2026-02-03 05:00+01:00,4.846889
2026-02-03 05:15+01:00,
2026-02-03 05:30+01:00,4.525642
2026-02-03 05:45+01:00,4.730763
2026-02-03 06:00+01:00,4.333203
2026-02-03 06:15+01:00,3.749531
2026-02-03 06:30+01:00,3.973513
2026-02-03 06:45+01:00,3.936458
2026-02-03 07:00+01:00,3.147857
2026-02-03 07:15+01:00,2.951564
2026-02-03 07:30+01:00,2.840213
2026-02-03 07:45+01:00,2.406027
2026-02-03 08:00+01:00,1.901030
2026-02-03 08:15+01:00,2.169475
2026-02-03 08:30+01:00,2.553223
2026-02-03 08:45+01:00,3.003254
2026-02-03 09:00+01:00,2.565719
2026-02-03 09:15+01:00,3.009023
2026-02-03 09:30+01:00,2.580042
2026-02-03 09:45+01:00,2.231861
2026-02-03 10:00+01:00,3.079605
2026-02-03 10:15+01:00,2.773573
2026-02-03 10:30+01:00,3.335069
2026-02-03 10:45+01:00,2.470074
2026-02-03 11:00+01:00,2.107757
2026-02-03 11:15+01:00,2.260689
2026-02-03 11:30+01:00,2.263959
2026-02-03 11:45+01:00,2.789601
2026-02-03 12:00+01:00,
2026-02-03 12:15+01:00,2.596564
2026-02-03 12:30+01:00,2.602100
2026-02-03 12:45+01:00,2.339491
2026-02-03 13:00+01:00,2.196244
2026-02-03 13:15+01:00,1.685329
2026-02-03 13:30+01:00,2.009804
2026-02-03 13:45+01:00,1.974567
2026-02-03 14:00+01:00,2.017508
2026-02-03 14:15+01:00,2.630640
2026-02-03 14:30+01:00,3.311691
2026-02-03 14:45+01:00,2.514960
2026-02-03 15:00+01:00,2.773035
2026-02-03 15:15+01:00,3.095295
2026-02-03 15:30+01:00,1.870835
2026-02-03 15:45+01:00,2.818571
2026-02-03 16:00+01:00,2.725256
2026-02-03 16:15+01:00,2.513538
2026-02-03 16:30+01:00,2.726666
2026-02-03 16:45+01:00,1.998318
2026-02-03 17:00+01:00,2.593038
2026-02-03 17:15+01:00,3.198609
2026-02-03 17:30+01:00,2.552148
2026-02-03 17:45+01:00,1.981400
2026-02-03 18:00+01:00,2.365614
2026-02-03 18:15+01:00,3.245965
2026-02-03 18:30+01:00,2.798100
2026-02-03 18:45+01:00,2.218644
2026-02-03 19:00+01:00,3.701547
2026-02-03 19:15+01:00,
2026-02-03 19:30+01:00,1.988253
2026-02-03 19:45+01:00,2.889173
2026-02-03 20:00+01:00,2.097790
2026-02-03 20:15+01:00,1.592223
2026-02-03 20:30+01:00,2.498161
2026-02-03 20:45+01:00,3.177830
2026-02-03 21:00+01:00,2.376241
2026-02-03 21:15+01:00,2.001598
2026-02-03 21:30+01:00,2.840536
2026-02-03 21:45+01:00,2.743381
2026-02-03 22:00+01:00,3.846593
2026-02-03 22:15+01:00,2.098950
2026-02-03 22:30+01:00,2.361421
2026-02-03 22:45+01:00,2.322690
2026-02-03 23:00+01:00,3.174779
2026-02-03 23:15+01:00,2.064096
2026-02-03 23:30+01:00,3.049522
2026-02-03 23:45+01:00,3.060872
2026-02-04 00:00+01:00,1.195605
2026-02-04 00:15+01:00,4.574422
2026-02-04 00:30+01:00,3.907992
2026-02-04 00:45+01:00,4.553397
2026-02-04 01:00+01:00,4.198910
2026-02-04 01:15+01:00,4.071083
2026-02-04 01:30+01:00,4.519656
2026-02-04 01:45+01:00,4.555980
2026-02-04 02:00+01:00,4.162967
2026-02-04 02:15+01:00,4.343775
2026-02-04 02:30+01:00,5.012980
2026-02-04 02:45+01:00,4.607876
2026-02-04 03:00+01:00,2.523876
2026-02-04 03:15+01:00,1.798201
2026-02-04 03:30+01:00,2.367596
2026-02-04 03:45+01:00,1.456364
2026-02-04 04:00+01:00,1.885944
2026-02-04 04:15+01:00,2.565924
2026-02-04 04:30+01:00,2.325794
2026-02-04 04:45+01:00,3.227488
2026-02-04 05:00+01:00,2.404689
2026-02-04 05:15+01:00,2.994760
2026-02-04 05:30+01:00,1.790597
2026-02-04 05:45+01:00,2.255639
2026-02-04 06:00+01:00,1.829278
2026-02-04 06:15+01:00,1.806038
2026-02-04 06:30+01:00,2.292642
2026-02-04 06:45+01:00,2.859124
2026-02-04 07:00+01:00,2.441738
2026-02-04 07:15+01:00,2.306819
2026-02-04 07:30+01:00,1.988588
2026-02-04 07:45+01:00,3.315553
2026-02-04 08:00+01:00,
2026-02-04 08:15+01:00,2.092770
2026-02-04 08:30+01:00,2.718970
2026-02-04 08:45+01:00,
2026-02-04 09:00+01:00,2.284676
2026-02-04 09:15+01:00,2.682781
2026-02-04 09:30+01:00,2.349030
2026-02-04 09:45+01:00,
2026-02-04 10:00+01:00,1.529680
2026-02-04 10:15+01:00,2.947731
2026-02-04 10:30+01:00,2.839921
2026-02-04 10:45+01:00,3.484487
2026-02-04 11:00+01:00,1.779631
2026-02-04 11:15+01:00,2.977224
2026-02-04 11:30+01:00,1.662040
2026-02-04 11:45+01:00,0.918841
2026-02-04 12:00+01:00,4.166798
2026-02-04 12:15+01:00,4.237875
2026-02-04 12:30+01:00,4.702054
2026-02-04 12:45+01:00,4.305024
2026-02-04 13:00+01:00,3.865326
2026-02-04 13:15+01:00,
2026-02-04 13:30+01:00,4.375770
2026-02-04 13:45+01:00,4.708651
2026-02-04 14:00+01:00,4.323534
2026-02-04 14:15+01:00,3.892533
2026-02-04 14:30+01:00,4.462788
2026-02-04 14:45+01:00,4.514589
2026-02-04 15:00+01:00,4.442677
2026-02-04 15:15+01:00,4.635760
2026-02-04 15:30+01:00,4.357255
2026-02-04 15:45+01:00,4.075343
2026-02-04 16:00+01:00,4.162920
2026-02-04 16:15+01:00,3.522191
2026-02-04 16:30+01:00,4.932974
2026-02-04 16:45+01:00,4.847202
2026-02-04 17:00+01:00,1.925399
2026-02-04 17:15+01:00,2.296900
2026-02-04 17:30+01:00,1.704854
2026-02-04 17:45+01:00,1.479452
2026-02-04 18:00+01:00,3.209538
2026-02-04 18:15+01:00,2.382347
2026-02-04 18:30+01:00,1.872255
2026-02-04 18:45+01:00,1.981345
2026-02-04 19:00+01:00,2.288536
2026-02-04 19:15+01:00,2.555216
2026-02-04 19:30+01:00,
2026-02-04 19:45+01:00,3.158771
2026-02-04 20:00+01:00,2.494697
2026-02-04 20:15+01:00,2.964352
2026-02-04 20:30+01:00,3.202730
2026-02-04 20:45+01:00,2.692375
2026-02-04 21:00+01:00,1.866220
2026-02-04 21:15+01:00,2.505553
2026-02-04 21:30+01:00,1.749152
2026-02-04 21:45+01:00,1.949365
2026-02-04 22:00+01:00,3.241103
2026-02-04 22:15+01:00,2.946513
2026-02-04 22:30+01:00,3.348086
2026-02-04 22:45+01:00,3.471515
2026-02-04 23:00+01:00,2.523185
2026-02-04 23:15+01:00,2.431794
2026-02-04 23:30+01:00,1.839686
2026-02-04 23:45+01:00,2.851110
2026-02-05 00:00+01:00,3.923625
2026-02-05 00:15+01:00,1.542611
2026-02-05 00:30+01:00,2.615021
2026-02-05 00:45+01:00,2.679933
2026-02-05 01:00+01:00,3.481017
2026-02-05 01:15+01:00,2.966686
2026-02-05 01:30+01:00,
2026-02-05 01:45+01:00,2.426492
2026-02-05 02:00+01:00,2.384532
2026-02-05 02:15+01:00,2.140533
2026-02-05 02:30+01:00,2.969283
2026-02-05 02:45+01:00,2.188125
2026-02-05 03:00+01:00,2.171828
2026-02-05 03:15+01:00,1.849652
2026-02-05 03:30+01:00,1.923664
2026-02-05 03:45+01:00,2.871008
2026-02-05 04:00+01:00,1.983683
2026-02-05 04:15+01:00,2.537099
2026-02-05 04:30+01:00,2.121692
2026-02-05 04:45+01:00,2.800037
2026-02-05 05:00+01:00,2.970319
2026-02-05 05:15+01:00,2.298876
2026-02-05 05:30+01:00,3.415494
2026-02-05 05:45+01:00,2.968203
2026-02-05 06:00+01:00,1.371550
2026-02-05 06:15+01:00,3.489564
2026-02-05 06:30+01:00,2.795152
2026-02-05 06:45+01:00,
2026-02-05 07:00+01:00,2.143542
2026-02-05 07:15+01:00,2.328743
2026-02-05 07:30+01:00,2.167007
2026-02-05 07:45+01:00,2.033037
2026-02-05 08:00+01:00,2.862654
2026-02-05 08:15+01:00,
2026-02-05 08:30+01:00,3.090946
2026-02-05 08:45+01:00,3.025340
2026-02-05 09:00+01:00,2.643612
2026-02-05 09:15+01:00,2.974281
2026-02-05 09:30+01:00,3.168700
2026-02-05 09:45+01:00,3.104327
2026-02-05 10:00+01:00,1.915364
2026-02-05 10:15+01:00,
2026-02-05 10:30+01:00,2.895036
2026-02-05 10:45+01:00,2.402125
2026-02-05 11:00+01:00,
2026-02-05 11:15+01:00,3.222594
2026-02-05 11:30+01:00,1.763556
2026-02-05 11:45+01:00,3.618284
2026-02-05 12:00+01:00,1.338152
2026-02-05 12:15+01:00,2.369462
2026-02-05 12:30+01:00,2.344867
2026-02-05 12:45+01:00,3.173134
2026-02-05 13:00+01:00,1.396235
2026-02-05 13:15+01:00,2.971122
2026-02-05 13:30+01:00,2.830724
2026-02-05 13:45+01:00,2.547262
2026-02-05 14:00+01:00,1.662033
2026-02-05 14:15+01:00,2.304348
2026-02-05 14:30+01:00,
2026-02-05 14:45+01:00,1.471058
2026-02-05 15:00+01:00,4.184431
2026-02-05 15:15+01:00,4.572250
2026-02-05 15:30+01:00,4.318166
2026-02-05 15:45+01:00,4.383306
2026-02-05 16:00+01:00,4.104098
2026-02-05 16:15+01:00,4.512250
2026-02-05 16:30+01:00,4.147610
2026-02-05 16:45+01:00,4.906474
2026-02-05 17:00+01:00,4.561842
2026-02-05 17:15+01:00,4.509780
2026-02-05 17:30+01:00,4.433250
2026-02-05 17:45+01:00,4.315514
2026-02-05 18:00+01:00,4.532845
2026-02-05 18:15+01:00,4.960321
2026-02-05 18:30+01:00,4.784680
2026-02-05 18:45+01:00,4.459929
2026-02-05 19:00+01:00,1.853071
2026-02-05 19:15+01:00,
2026-02-05 19:30+01:00,2.986634
2026-02-05 19:45+01:00,1.911351
2026-02-05 20:00+01:00,2.061166
2026-02-05 20:15+01:00,3.290539
2026-02-05 20:30+01:00,3.929555
2026-02-05 20:45+01:00,2.058127
2026-02-05 21:00+01:00,2.219522
2026-02-05 21:15+01:00,2.925248
2026-02-05 21:30+01:00,2.841055
2026-02-05 21:45+01:00,2.415914
2026-02-05 22:00+01:00,3.085849
2026-02-05 22:15+01:00,
2026-02-05 22:30+01:00,2.863694
2026-02-05 22:45+01:00,2.254697
2026-02-05 23:00+01:00,
2026-02-05 23:15+01:00,2.482111
2026-02-05 23:30+01:00,2.894276
2026-02-05 23:45+01:00,2.395667
2026-02-06 00:00+01:00,1.989673
2026-02-06 00:15+01:00,1.781668
2026-02-06 00:30+01:00,3.117053
2026-02-06 00:45+01:00,2.385973
2026-02-06 01:00+01:00,2.407938
2026-02-06 01:15+01:00,2.806554
2026-02-06 01:30+01:00,2.839481
2026-02-06 01:45+01:00,3.173525
2026-02-06 02:00+01:00,2.710936
2026-02-06 02:15+01:00,2.474007
2026-02-06 02:30+01:00,1.584326
2026-02-06 02:45+01:00,3.294697
2026-02-06 03:00+01:00,4.433229
2026-02-06 03:15+01:00,4.317534
2026-02-06 03:30+01:00,
2026-02-06 03:45+01:00,3.919639
2026-02-06 04:00+01:00,5.225886
2026-02-06 04:15+01:00,3.980744
2026-02-06 04:30+01:00,4.352011
2026-02-06 04:45+01:00,5.106298
2026-02-06 05:00+01:00,4.086578
2026-02-06 05:15+01:00,3.612690
2026-02-06 05:30+01:00,18.459109
2026-02-06 05:45+01:00,21.539929
2026-02-06 06:00+01:00,4.431485
2026-02-06 06:15+01:00,4.605106
2026-02-06 06:30+01:00,4.503185
2026-02-06 06:45+01:00,4.199832
2026-02-06 07:00+01:00,4.707782
2026-02-06 07:15+01:00,4.569483
2026-02-06 07:30+01:00,4.056285
2026-02-06 07:45+01:00,4.474445
2026-02-06 08:00+01:00,3.242024
2026-02-06 08:15+01:00,2.505868
2026-02-06 08:30+01:00,1.351567
2026-02-06 08:45+01:00,1.835282
2026-02-06 09:00+01:00,2.149820
2026-02-06 09:15+01:00,3.384594
2026-02-06 09:30+01:00,2.129013
2026-02-06 09:45+01:00,1.191671
2026-02-06 10:00+01:00,
2026-02-06 10:15+01:00,3.177602
2026-02-06 10:30+01:00,2.861122
2026-02-06 10:45+01:00,2.428419
2026-02-06 11:00+01:00,2.681103
2026-02-06 11:15+01:00,2.582791
2026-02-06 11:30+01:00,2.567271
2026-02-06 11:45+01:00,2.379234
2026-02-06 12:00+01:00,3.697830
2026-02-06 12:15+01:00,2.048111
2026-02-06 12:30+01:00,3.007293
2026-02-06 12:45+01:00,2.899343
2026-02-06 13:00+01:00,3.376531
2026-02-06 13:15+01:00,1.785153
2026-02-06 13:30+01:00,2.173383
2026-02-06 13:45+01:00,3.144848
2026-02-06 14:00+01:00,1.139929
2026-02-06 14:15+01:00,3.536487
2026-02-06 14:30+01:00,3.370115
2026-02-06 14:45+01:00,
2026-02-06 15:00+01:00,2.829998
2026-02-06 15:15+01:00,2.414566
2026-02-06 15:30+01:00,2.236182
2026-02-06 15:45+01:00,2.458590
2026-02-06 16:00+01:00,1.689737
2026-02-06 16:15+01:00,3.037780
2026-02-06 16:30+01:00,2.396689
2026-02-06 16:45+01:00,
2026-02-06 17:00+01:00,2.795125
2026-02-06 17:15+01:00,2.061467
2026-02-06 17:30+01:00,2.053368
2026-02-06 17:45+01:00,3.049840
2026-02-06 18:00+01:00,2.782753
2026-02-06 18:15+01:00,2.009071
2026-02-06 18:30+01:00,1.870504
2026-02-06 18:45+01:00,3.170992
2026-02-06 19:00+01:00,2.643919
2026-02-06 19:15+01:00,2.345728
2026-02-06 19:30+01:00,
2026-02-06 19:45+01:00,2.395594
2026-02-06 20:00+01:00,1.560862
2026-02-06 20:15+01:00,2.009413
2026-02-06 20:30+01:00,2.186770
2026-02-06 20:45+01:00,3.630894
2026-02-06 21:00+01:00,4.737549
2026-02-06 21:15+01:00,4.550898
2026-02-06 21:30+01:00,4.816146
2026-02-06 21:45+01:00,3.763304
2026-02-06 22:00+01:00,4.508936
2026-02-06 22:15+01:00,4.209447
2026-02-06 22:30+01:00,4.698679
2026-02-06 22:45+01:00,4.487319
2026-02-06 23:00+01:00,4.482984
2026-02-06 23:15+01:00,4.621418
2026-02-06 23:30+01:00,3.938710
2026-02-06 23:45+01:00,4.558673
2026-02-07 00:00+01:00,2.672274
2026-02-07 00:15+01:00,3.527602
2026-02-07 00:30+01:00,1.624258
2026-02-07 00:45+01:00,1.582272
2026-02-07 01:00+01:00,2.648609
2026-02-07 01:15+01:00,2.218814
2026-02-07 01:30+01:00,3.258744
2026-02-07 01:45+01:00,1.764617
2026-02-07 02:00+01:00,1.802846
2026-02-07 02:15+01:00,
2026-02-07 02:30+01:00,2.899836
2026-02-07 02:45+01:00,2.045918
2026-02-07 03:00+01:00,2.597396
2026-02-07 03:15+01:00,2.545982
2026-02-07 03:30+01:00,2.793455
2026-02-07 03:45+01:00,2.033256
2026-02-07 04:00+01:00,2.300755
2026-02-07 04:15+01:00,2.560715
2026-02-07 04:30+01:00,2.590129
2026-02-07 04:45+01:00,
2026-02-07 05:00+01:00,2.187437
2026-02-07 05:15+01:00,2.506187
2026-02-07 05:30+01:00,1.843012
2026-02-07 05:45+01:00,1.933428
2026-02-07 06:00+01:00,1.996904
2026-02-07 06:15+01:00,1.668980
2026-02-07 06:30+01:00,2.633100
2026-02-07 06:45+01:00,3.283892
2026-02-07 07:00+01:00,5.017594
2026-02-07 07:15+01:00,
2026-02-07 07:30+01:00,4.571253
2026-02-07 07:45+01:00,5.047788
2026-02-07 08:00+01:00,4.179439
2026-02-07 08:15+01:00,
2026-02-07 08:30+01:00,4.256689
2026-02-07 08:45+01:00,4.607281
2026-02-07 09:00+01:00,4.582105
2026-02-07 09:15+01:00,3.994112
2026-02-07 09:30+01:00,4.027308
2026-02-07 09:45+01:00,
2026-02-07 10:00+01:00,5.238226
2026-02-07 10:15+01:00,4.312999
2026-02-07 10:30+01:00,3.515808
2026-02-07 10:45+01:00,4.414634
2026-02-07 11:00+01:00,4.612250
2026-02-07 11:15+01:00,4.122088
2026-02-07 11:30+01:00,4.740863
2026-02-07 11:45+01:00,4.500795
2026-02-07 12:00+01:00,2.825606
2026-02-07 12:15+01:00,
2026-02-07 12:30+01:00,2.258188
2026-02-07 12:45+01:00,1.854878
2026-02-07 13:00+01:00,2.289108
2026-02-07 13:15+01:00,1.548405
2026-02-07 13:30+01:00,1.975734
2026-02-07 13:45+01:00,2.758023
2026-02-07 14:00+01:00,2.620884
2026-02-07 14:15+01:00,2.314939
2026-02-07 14:30+01:00,2.813069
2026-02-07 14:45+01:00,1.614750
2026-02-07 15:00+01:00,
2026-02-07 15:15+01:00,2.368737
2026-02-07 15:30+01:00,2.304533
2026-02-07 15:45+01:00,3.268633
2026-02-07 16:00+01:00,2.775413
2026-02-07 16:15+01:00,2.903853
2026-02-07 16:30+01:00,2.014725
2026-02-07 16:45+01:00,3.346782
2026-02-07 17:00+01:00,1.364796
2026-02-07 17:15+01:00,1.825950
2026-02-07 17:30+01:00,2.347068
2026-02-07 17:45+01:00,2.569731
2026-02-07 18:00+01:00,2.597450
2026-02-07 18:15+01:00,
2026-02-07 18:30+01:00,2.699069
2026-02-07 18:45+01:00,
2026-02-07 19:00+01:00,2.644116
2026-02-07 19:15+01:00,2.682957
2026-02-07 19:30+01:00,1.867168
2026-02-07 19:45+01:00,2.504837
2026-02-07 20:00+01:00,3.730030
2026-02-07 20:15+01:00,2.781688
2026-02-07 20:30+01:00,2.186210
2026-02-07 20:45+01:00,2.032549
2026-02-07 21:00+01:00,3.047097
2026-02-07 21:15+01:00,2.278611
2026-02-07 21:30+01:00,2.794667
2026-02-07 21:45+01:00,2.290844
2026-02-07 22:00+01:00,3.110956
2026-02-07 22:15+01:00,2.186696
2026-02-07 22:30+01:00,3.060745
2026-02-07 22:45+01:00,2.465666
2026-02-07 23:00+01:00,
2026-02-07 23:15+01:00,2.485902
2026-02-07 23:30+01:00,2.302613
2026-02-07 23:45+01:00,3.125414
2026-02-08 00:00+01:00,2.397900
2026-02-08 00:15+01:00,4.125998
2026-02-08 00:30+01:00,4.735856
2026-02-08 00:45+01:00,4.298689
2026-02-08 01:00+01:00,4.485204
2026-02-08 01:15+01:00,4.714209
2026-02-08 01:30+01:00,4.057912
2026-02-08 01:45+01:00,
2026-02-08 02:00+01:00,4.551825
2026-02-08 02:15+01:00,4.280784
2026-02-08 02:30+01:00,4.015101
2026-02-08 02:45+01:00,4.595004
2026-02-08 03:00+01:00,3.909536
2026-02-08 03:15+01:00,4.388272
2026-02-08 03:30+01:00,4.246888
2026-02-08 03:45+01:00,4.061818
2026-02-08 04:00+01:00,4.991841
2026-02-08 04:15+01:00,
2026-02-08 04:30+01:00,4.592266
2026-02-08 04:45+01:00,3.996731
2026-02-08 05:00+01:00,2.328325
2026-02-08 05:15+01:00,2.370937
2026-02-08 05:30+01:00,2.319023
2026-02-08 05:45+01:00,2.223956
2026-02-08 06:00+01:00,2.308223
2026-02-08 06:15+01:00,1.780975
2026-02-08 06:30+01:00,1.658392
2026-02-08 06:45+01:00,2.795252
2026-02-08 07:00+01:00,3.067764
2026-02-08 07:15+01:00,2.218333
2026-02-08 07:30+01:00,2.493058
2026-02-08 07:45+01:00,2.879562
2026-02-08 08:00+01:00,2.595229
2026-02-08 08:15+01:00,1.756590
2026-02-08 08:30+01:00,2.658639
2026-02-08 08:45+01:00,2.217709
2026-02-08 09:00+01:00,2.520360
2026-02-08 09:15+01:00,2.083038
2026-02-08 09:30+01:00,2.309451
2026-02-08 09:45+01:00,2.890464
2026-02-08 10:00+01:00,2.974156
2026-02-08 10:15+01:00,1.988939
2026-02-08 10:30+01:00,2.161480
2026-02-08 10:45+01:00,1.807373
2026-02-08 11:00+01:00,4.223868
2026-02-08 11:15+01:00,4.357616
2026-02-08 11:30+01:00,4.544307
2026-02-08 11:45+01:00,4.599066
2026-02-08 12:00+01:00,4.636571
2026-02-08 12:15+01:00,4.507960
2026-02-08 12:30+01:00,4.033499
2026-02-08 12:45+01:00,4.651874
2026-02-08 13:00+01:00,4.330793
2026-02-08 13:15+01:00,4.286341
2026-02-08 13:30+01:00,4.107878
2026-02-08 13:45+01:00,4.713698
2026-02-08 14:00+01:00,2.274180
2026-02-08 14:15+01:00,2.129400
2026-02-08 14:30+01:00,2.580037
2026-02-08 14:45+01:00,2.580409
2026-02-08 15:00+01:00,2.639093
2026-02-08 15:15+01:00,2.059483
2026-02-08 15:30+01:00,2.275989
2026-02-08 15:45+01:00,2.532359
2026-02-08 16:00+01:00,2.359266
2026-02-08 16:15+01:00,2.358021
2026-02-08 16:30+01:00,2.229246
2026-02-08 16:45+01:00,2.739622
2026-02-08 17:00+01:00,2.180697
2026-02-08 17:15+01:00,2.469425
2026-02-08 17:30+01:00,2.164062
2026-02-08 17:45+01:00,3.062699
2026-02-08 18:00+01:00,2.290500
2026-02-08 18:15+01:00,2.233160
2026-02-08 18:30+01:00,2.541231
2026-02-08 18:45+01:00,2.674469
2026-02-08 19:00+01:00,2.155520
2026-02-08 19:15+01:00,1.640122
2026-02-08 19:30+01:00,
2026-02-08 19:45+01:00,2.853645
2026-02-08 20:00+01:00,1.631122
2026-02-08 20:15+01:00,3.101252
2026-02-08 20:30+01:00,1.777536
2026-02-08 20:45+01:00,3.281698
2026-02-08 21:00+01:00,2.972913
2026-02-08 21:15+01:00,2.872446
2026-02-08 21:30+01:00,2.540762
2026-02-08 21:45+01:00,2.105054
2026-02-08 22:00+01:00,2.012986
2026-02-08 22:15+01:00,2.205865
2026-02-08 22:30+01:00,2.343383
2026-02-08 22:45+01:00,2.862910
2026-02-08 23:00+01:00,2.988027
2026-02-08 23:15+01:00,2.776311
2026-02-08 23:30+01:00,2.789361
2026-02-08 23:45+01:00,1.419440
2026-02-09 00:00+01:00,4.759461
2026-02-09 00:15+01:00,2.394613
2026-02-09 00:30+01:00,2.098088
2026-02-09 00:45+01:00,2.353445
2026-02-09 01:00+01:00,3.034045
2026-02-09 01:15+01:00,2.516293
2026-02-09 01:30+01:00,2.824311
2026-02-09 01:45+01:00,1.841475
2026-02-09 02:00+01:00,2.962429
2026-02-09 02:15+01:00,2.426033
2026-02-09 02:30+01:00,2.513910
2026-02-09 02:45+01:00,3.556063
2026-02-09 03:00+01:00,3.980999
2026-02-09 03:15+01:00,4.099010
2026-02-09 03:30+01:00,4.602856
2026-02-09 03:45+01:00,4.443335
2026-02-09 04:00+01:00,4.534197
2026-02-09 04:15+01:00,3.982154
2026-02-09 04:30+01:00,4.678378
2026-02-09 04:45+01:00,
2026-02-09 05:00+01:00,3.749960
2026-02-09 05:15+01:00,4.362726
2026-02-09 05:30+01:00,4.611564
2026-02-09 05:45+01:00,4.492882
2026-02-09 06:00+01:00,2.222700
2026-02-09 06:15+01:00,2.862877
2026-02-09 06:30+01:00,3.087356
2026-02-09 06:45+01:00,2.366822
2026-02-09 07:00+01:00,2.008920
2026-02-09 07:15+01:00,2.559555
2026-02-09 07:30+01:00,2.415378
2026-02-09 07:45+01:00,3.152546
2026-02-09 08:00+01:00,1.386040
2026-02-09 08:15+01:00,2.059474
2026-02-09 08:30+01:00,2.194479
2026-02-09 08:45+01:00,2.890204
2026-02-09 09:00+01:00,2.063576
2026-02-09 09:15+01:00,2.339493
2026-02-09 09:30+01:00,1.992720
2026-02-09 09:45+01:00,15.706528
2026-02-09 10:00+01:00,3.108984
2026-02-09 10:15+01:00,1.211319
2026-02-09 10:30+01:00,3.537958
2026-02-09 10:45+01:00,1.773822
2026-02-09 11:00+01:00,2.406646
2026-02-09 11:15+01:00,1.733126
2026-02-09 11:30+01:00,2.401242
2026-02-09 11:45+01:00,2.170904
2026-02-09 12:00+01:00,2.661620
2026-02-09 12:15+01:00,2.643709
2026-02-09 12:30+01:00,2.798259
2026-02-09 12:45+01:00,1.757186
2026-02-09 13:00+01:00,1.949749
2026-02-09 13:15+01:00,3.304921
2026-02-09 13:30+01:00,2.712660
2026-02-09 13:45+01:00,3.071056
2026-02-09 14:00+01:00,2.127082
2026-02-09 14:15+01:00,1.468612
2026-02-09 14:30+01:00,2.324318
2026-02-09 14:45+01:00,2.898431
2026-02-09 15:00+01:00,2.322211
2026-02-09 15:15+01:00,2.144497
2026-02-09 15:30+01:00,2.699971
2026-02-09 15:45+01:00,
2026-02-09 16:00+01:00,3.457750
2026-02-09 16:15+01:00,1.620996
2026-02-09 16:30+01:00,1.800923
2026-02-09 16:45+01:00,2.243885
2026-02-09 17:00+01:00,3.050132
2026-02-09 17:15+01:00,2.559773
2026-02-09 17:30+01:00,2.619165
2026-02-09 17:45+01:00,2.388717
2026-02-09 18:00+01:00,4.597178
2026-02-09 18:15+01:00,3.796006
2026-02-09 18:30+01:00,4.348449
2026-02-09 18:45+01:00,4.883824
2026-02-09 19:00+01:00,4.517543
2026-02-09 19:15+01:00,4.268003
2026-02-09 19:30+01:00,4.404367
2026-02-09 19:45+01:00,3.991931
2026-02-09 20:00+01:00,3.995540
2026-02-09 20:15+01:00,4.766910
2026-02-09 20:30+01:00,4.687693
2026-02-09 20:45+01:00,4.295117
2026-02-09 21:00+01:00,4.673207
2026-02-09 21:15+01:00,4.423628
2026-02-09 21:30+01:00,4.194337
2026-02-09 21:45+01:00,4.195557
2026-02-09 22:00+01:00,3.137754
2026-02-09 22:15+01:00,2.702791
2026-02-09 22:30+01:00,2.106122
2026-02-09 22:45+01:00,2.355360
2026-02-09 23:00+01:00,1.349463
2026-02-09 23:15+01:00,2.486894
2026-02-09 23:30+01:00,3.138425
2026-02-09 23:45+01:00,2.104703
2026-02-10 00:00+01:00,3.109402
2026-02-10 00:15+01:00,2.776129
2026-02-10 00:30+01:00,3.271863
2026-02-10 00:45+01:00,0.986025
2026-02-10 01:00+01:00,2.631596
2026-02-10 01:15+01:00,2.199802
2026-02-10 01:30+01:00,2.609358
2026-02-10 01:45+01:00,2.292150
2026-02-10 02:00+01:00,3.574433
2026-02-10 02:15+01:00,3.682464
2026-02-10 02:30+01:00,
2026-02-10 02:45+01:00,2.092598
2026-02-10 03:00+01:00,3.065814
2026-02-10 03:15+01:00,2.994904
2026-02-10 03:30+01:00,4.549110
2026-02-10 03:45+01:00,1.120940
2026-02-10 04:00+01:00,2.020068
2026-02-10 04:15+01:00,1.623651
2026-02-10 04:30+01:00,3.014582
2026-02-10 04:45+01:00,2.306779
2026-02-10 05:00+01:00,
2026-02-10 05:15+01:00,2.346610
2026-02-10 05:30+01:00,2.059178
2026-02-10 05:45+01:00,2.223059
2026-02-10 06:00+01:00,2.389841
2026-02-10 06:15+01:00,2.918568
2026-02-10 06:30+01:00,2.422498
2026-02-10 06:45+01:00,1.974835
2026-02-10 07:00+01:00,3.640410
2026-02-10 07:15+01:00,1.960942
2026-02-10 07:30+01:00,2.722594
2026-02-10 07:45+01:00,3.001989
2026-02-10 08:00+01:00,2.896886
2026-02-10 08:15+01:00,1.873710
2026-02-10 08:30+01:00,2.940778
2026-02-10 08:45+01:00,2.307248
2026-02-10 09:00+01:00,3.381351
2026-02-10 09:15+01:00,2.599736
2026-02-10 09:30+01:00,2.301170
2026-02-10 09:45+01:00,
2026-02-10 10:00+01:00,3.390973
2026-02-10 10:15+01:00,1.920250
2026-02-10 10:30+01:00,2.443073
2026-02-10 10:45+01:00,2.215883
2026-02-10 11:00+01:00,2.107253
2026-02-10 11:15+01:00,2.354545
2026-02-10 11:30+01:00,2.447167
2026-02-10 11:45+01:00,
2026-02-10 12:00+01:00,3.187199
2026-02-10 12:15+01:00,3.025742
2026-02-10 12:30+01:00,2.269521
2026-02-10 12:45+01:00,2.518301
2026-02-10 13:00+01:00,1.536042
2026-02-10 13:15+01:00,2.862493
2026-02-10 13:30+01:00,1.116176
2026-02-10 13:45+01:00,2.000620
2026-02-10 14:00+01:00,2.523235
2026-02-10 14:15+01:00,2.494668
2026-02-10 14:30+01:00,3.049095
2026-02-10 14:45+01:00,11.959016
2026-02-10 15:00+01:00,2.187032
2026-02-10 15:15+01:00,1.833817
2026-02-10 15:30+01:00,2.139515
2026-02-10 15:45+01:00,1.990422
2026-02-10 16:00+01:00,
2026-02-10 16:15+01:00,3.344753
2026-02-10 16:30+01:00,2.770127
2026-02-10 16:45+01:00,1.627925
2026-02-10 17:00+01:00,4.343150
2026-02-10 17:15+01:00,4.820104
2026-02-10 17:30+01:00,4.186224
2026-02-10 17:45+01:00,3.401228
2026-02-10 18:00+01:00,4.226840
2026-02-10 18:15+01:00,4.312025
2026-02-10 18:30+01:00,4.099008
2026-02-10 18:45+01:00,4.651797
2026-02-10 19:00+01:00,4.797221
2026-02-10 19:15+01:00,
2026-02-10 19:30+01:00,4.265678
2026-02-10 19:45+01:00,4.675398
2026-02-10 20:00+01:00,1.788767
2026-02-10 20:15+01:00,2.533279
2026-02-10 20:30+01:00,2.662261
2026-02-10 20:45+01:00,2.743757
2026-02-10 21:00+01:00,2.679195
2026-02-10 21:15+01:00,2.028067
2026-02-10 21:30+01:00,2.975047
2026-02-10 21:45+01:00,1.822861
2026-02-10 22:00+01:00,3.162866
2026-02-10 22:15+01:00,2.153650
2026-02-10 22:30+01:00,3.612428
2026-02-10 22:45+01:00,2.652667
2026-02-10 23:00+01:00,1.865177
2026-02-10 23:15+01:00,1.797546
2026-02-10 23:30+01:00,
2026-02-10 23:45+01:00,2.529326
2026-02-11 00:00+01:00,2.042789
2026-02-11 00:15+01:00,2.597997
2026-02-11 00:30+01:00,2.666201
2026-02-11 00:45+01:00,1.574251
2026-02-11 01:00+01:00,2.272172
2026-02-11 01:15+01:00,2.236943
2026-02-11 01:30+01:00,2.753282
2026-02-11 01:45+01:00,2.324467
2026-02-11 02:00+01:00,2.605053
2026-02-11 02:15+01:00,2.839449
2026-02-11 02:30+01:00,2.754231
2026-02-11 02:45+01:00,2.532376
2026-02-11 03:00+01:00,2.681767
2026-02-11 03:15+01:00,1.893375
2026-02-11 03:30+01:00,2.670073
2026-02-11 03:45+01:00,
2026-02-11 04:00+01:00,2.538751
2026-02-11 04:15+01:00,2.488003
2026-02-11 04:30+01:00,3.057012
2026-02-11 04:45+01:00,2.635332
2026-02-11 05:00+01:00,3.889222
2026-02-11 05:15+01:00,3.601693
2026-02-11 05:30+01:00,2.480461
2026-02-11 05:45+01:00,2.262522
2026-02-11 06:00+01:00,3.213869
2026-02-11 06:15+01:00,1.181184
2026-02-11 06:30+01:00,1.622713
2026-02-11 06:45+01:00,1.669527
2026-02-11 07:00+01:00,2.572411
2026-02-11 07:15+01:00,
2026-02-11 07:30+01:00,2.740952
2026-02-11 07:45+01:00,2.327999
2026-02-11 08:00+01:00,2.484214
2026-02-11 08:15+01:00,2.812235
2026-02-11 08:30+01:00,1.669074
2026-02-11 08:45+01:00,2.239581
2026-02-11 09:00+01:00,
2026-02-11 09:15+01:00,4.163153
2026-02-11 09:30+01:00,4.098470
2026-02-11 09:45+01:00,3.979992
2026-02-11 10:00+01:00,4.505166
2026-02-11 10:15+01:00,4.294245
2026-02-11 10:30+01:00,4.647394
2026-02-11 10:45+01:00,5.230777
2026-02-11 11:00+01:00,4.495100
2026-02-11 11:15+01:00,4.843947
2026-02-11 11:30+01:00,4.008535
2026-02-11 11:45+01:00,3.855664
2026-02-11 12:00+01:00,2.030121
2026-02-11 12:15+01:00,1.922711
2026-02-11 12:30+01:00,2.604449
2026-02-11 12:45+01:00,2.176193
2026-02-11 13:00+01:00,1.463269
2026-02-11 13:15+01:00,1.858877
2026-02-11 13:30+01:00,2.089690
2026-02-11 13:45+01:00,2.601389
2026-02-11 14:00+01:00,1.739087
2026-02-11 14:15+01:00,2.508228
2026-02-11 14:30+01:00,2.675946
2026-02-11 14:45+01:00,2.141669
2026-02-11 15:00+01:00,
2026-02-11 15:15+01:00,1.606661
2026-02-11 15:30+01:00,2.479893
2026-02-11 15:45+01:00,3.561586
2026-02-11 16:00+01:00,2.605092
2026-02-11 16:15+01:00,1.890388
2026-02-11 16:30+01:00,3.161191
2026-02-11 16:45+01:00,1.803199
2026-02-11 17:00+01:00,1.305903
2026-02-11 17:15+01:00,3.519301
2026-02-11 17:30+01:00,3.493696
2026-02-11 17:45+01:00,3.249320
2026-02-11 18:00+01:00,2.449526
2026-02-11 18:15+01:00,2.001377
2026-02-11 18:30+01:00,2.110518
2026-02-11 18:45+01:00,1.905164
2026-02-11 19:00+01:00,
2026-02-11 19:15+01:00,1.925094
2026-02-11 19:30+01:00,1.906062
2026-02-11 19:45+01:00,3.853546
2026-02-11 20:00+01:00,1.934039
2026-02-11 20:15+01:00,2.590971
2026-02-11 20:30+01:00,1.940438
2026-02-11 20:45+01:00,
2026-02-11 21:00+01:00,2.661556
2026-02-11 21:15+01:00,3.098507
2026-02-11 21:30+01:00,2.796144
2026-02-11 21:45+01:00,
2026-02-11 22:00+01:00,2.207036
2026-02-11 22:15+01:00,3.287644
2026-02-11 22:30+01:00,2.827658
2026-02-11 22:45+01:00,2.189023
2026-02-11 23:00+01:00,
2026-02-11 23:15+01:00,2.668952
2026-02-11 23:30+01:00,2.673117
2026-02-11 23:45+01:00,2.397671
2026-02-12 00:00+01:00,2.361045
2026-02-12 00:15+01:00,3.265332
2026-02-12 00:30+01:00,2.331753
2026-02-12 00:45+01:00,2.595751
2026-02-12 01:00+01:00,2.055358
2026-02-12 01:15+01:00,1.520880
2026-02-12 01:30+01:00,3.004997
2026-02-12 01:45+01:00,2.457282
2026-02-12 02:00+01:00,2.417160
2026-02-12 02:15+01:00,2.462066
2026-02-12 02:30+01:00,1.873718
2026-02-12 02:45+01:00,
2026-02-12 03:00+01:00,2.285354
2026-02-12 03:15+01:00,2.197867
2026-02-12 03:30+01:00,3.437242
2026-02-12 03:45+01:00,3.262337
2026-02-12 04:00+01:00,1.205040
2026-02-12 04:15+01:00,2.475646
2026-02-12 04:30+01:00,2.934388
2026-02-12 04:45+01:00,1.911384
2026-02-12 05:00+01:00,2.647819
2026-02-12 05:15+01:00,1.615547
2026-02-12 05:30+01:00,3.273111
2026-02-12 05:45+01:00,1.514412
2026-02-12 06:00+01:00,4.654833
2026-02-12 06:15+01:00,4.150089
2026-02-12 06:30+01:00,4.007195
2026-02-12 06:45+01:00,4.259283
2026-02-12 07:00+01:00,4.459015
2026-02-12 07:15+01:00,4.577652
2026-02-12 07:30+01:00,4.755163
2026-02-12 07:45+01:00,4.128451
2026-02-12 08:00+01:00,4.128160
2026-02-12 08:15+01:00,4.173945
2026-02-12 08:30+01:00,3.747550
2026-02-12 08:45+01:00,4.416741
2026-02-12 09:00+01:00,4.525322
2026-02-12 09:15+01:00,4.393491
2026-02-12 09:30+01:00,4.506453
2026-02-12 09:45+01:00,4.208677
2026-02-12 10:00+01:00,2.649337
2026-02-12 10:15+01:00,3.222100
2026-02-12 10:30+01:00,1.976549
2026-02-12 10:45+01:00,3.428193
2026-02-12 11:00+01:00,1.911541
2026-02-12 11:15+01:00,3.510966
2026-02-12 11:30+01:00,2.185065
2026-02-12 11:45+01:00,3.029771
2026-02-12 12:00+01:00,1.365676
2026-02-12 12:15+01:00,2.408986
2026-02-12 12:30+01:00,2.554274
2026-02-12 12:45+01:00,2.713824
2026-02-12 13:00+01:00,2.020839
2026-02-12 13:15+01:00,2.312475
2026-02-12 13:30+01:00,2.167756
2026-02-12 13:45+01:00,1.589876
2026-02-12 14:00+01:00,2.261768
2026-02-12 14:15+01:00,2.926450
2026-02-12 14:30+01:00,1.399841
2026-02-12 14:45+01:00,3.348006
2026-02-12 15:00+01:00,2.373579
2026-02-12 15:15+01:00,2.929011
2026-02-12 15:30+01:00,2.433473
2026-02-12 15:45+01:00,1.888987
2026-02-12 16:00+01:00,2.659041
2026-02-12 16:15+01:00,3.210265
2026-02-12 16:30+01:00,2.272535
2026-02-12 16:45+01:00,2.885507
2026-02-12 17:00+01:00,1.521487
2026-02-12 17:15+01:00,
2026-02-12 17:30+01:00,3.163690
2026-02-12 17:45+01:00,2.950223
2026-02-12 18:00+01:00,2.608270
2026-02-12 18:15+01:00,2.014874
2026-02-12 18:30+01:00,2.171075
2026-02-12 18:45+01:00,1.834750
2026-02-12 19:00+01:00,3.769421
2026-02-12 19:15+01:00,2.704041
2026-02-12 19:30+01:00,2.560244
2026-02-12 19:45+01:00,2.771782
2026-02-12 20:00+01:00,3.203415
2026-02-12 20:15+01:00,2.715755
2026-02-12 20:30+01:00,2.453956
2026-02-12 20:45+01:00,2.492531
2026-02-12 21:00+01:00,4.376598
2026-02-12 21:15+01:00,3.870570
2026-02-12 21:30+01:00,4.423036
2026-02-12 21:45+01:00,4.486014
2026-02-12 22:00+01:00,4.279839
2026-02-12 22:15+01:00,4.633866
2026-02-12 22:30+01:00,4.865308
2026-02-12 22:45+01:00,4.566366
2026-02-12 23:00+01:00,4.155798
2026-02-12 23:15+01:00,4.064460
2026-02-12 23:30+01:00,4.369091
2026-02-12 23:45+01:00,4.617876
2026-02-13 00:00+01:00,2.955128
2026-02-13 00:15+01:00,2.720921
2026-02-13 00:30+01:00,2.545814
2026-02-13 00:45+01:00,3.674569
2026-02-13 01:00+01:00,3.458738
2026-02-13 01:15+01:00,
2026-02-13 01:30+01:00,2.367535
2026-02-13 01:45+01:00,2.498938
2026-02-13 02:00+01:00,3.139523
2026-02-13 02:15+01:00,
2026-02-13 02:30+01:00,3.197506
2026-02-13 02:45+01:00,2.358371
2026-02-13 03:00+01:00,2.085526
2026-02-13 03:15+01:00,1.571267
2026-02-13 03:30+01:00,2.527251
2026-02-13 03:45+01:00,3.492417
2026-02-13 04:00+01:00,2.866866
2026-02-13 04:15+01:00,2.475591
2026-02-13 04:30+01:00,2.569850
2026-02-13 04:45+01:00,2.195946
2026-02-13 05:00+01:00,2.863307
2026-02-13 05:15+01:00,2.997163
2026-02-13 05:30+01:00,2.708103
2026-02-13 05:45+01:00,2.826115
2026-02-13 06:00+01:00,2.402972
2026-02-13 06:15+01:00,2.934095
2026-02-13 06:30+01:00,2.522738
2026-02-13 06:45+01:00,2.222343
2026-02-13 07:00+01:00,3.411623
2026-02-13 07:15+01:00,2.747677
2026-02-13 07:30+01:00,2.866508
2026-02-13 07:45+01:00,2.043296
2026-02-13 08:00+01:00,2.682431
2026-02-13 08:15+01:00,2.690910
2026-02-13 08:30+01:00,
2026-02-13 08:45+01:00,2.603255
2026-02-13 09:00+01:00,3.031533
2026-02-13 09:15+01:00,3.185796
2026-02-13 09:30+01:00,2.296450
2026-02-13 09:45+01:00,1.827145
2026-02-13 10:00+01:00,2.011144
2026-02-13 10:15+01:00,
2026-02-13 10:30+01:00,2.794549
2026-02-13 10:45+01:00,
2026-02-13 11:00+01:00,2.314614
2026-02-13 11:15+01:00,1.657622
2026-02-13 11:30+01:00,2.171264
2026-02-13 11:45+01:00,2.720884
2026-02-13 12:00+01:00,4.529096
2026-02-13 12:15+01:00,4.583144
2026-02-13 12:30+01:00,4.072840
2026-02-13 12:45+01:00,4.173629
2026-02-13 13:00+01:00,
2026-02-13 13:15+01:00,4.117583
2026-02-13 13:30+01:00,4.476163
2026-02-13 13:45+01:00,4.653037
2026-02-13 14:00+01:00,4.165341
2026-02-13 14:15+01:00,4.135167
2026-02-13 14:30+01:00,4.365996
2026-02-13 14:45+01:00,4.131771
2026-02-13 15:00+01:00,4.822597
2026-02-13 15:15+01:00,4.621172
2026-02-13 15:30+01:00,4.707706
2026-02-13 15:45+01:00,4.369491
2026-02-13 16:00+01:00,3.863929
2026-02-13 16:15+01:00,4.372939
2026-02-13 16:30+01:00,4.233945
2026-02-13 16:45+01:00,4.157507
2026-02-13 17:00+01:00,2.913291
2026-02-13 17:15+01:00,2.402913
2026-02-13 17:30+01:00,2.230005
2026-02-13 17:45+01:00,2.382854
2026-02-13 18:00+01:00,2.654199
2026-02-13 18:15+01:00,1.585998
2026-02-13 18:30+01:00,3.395659
2026-02-13 18:45+01:00,2.636136
2026-02-13 19:00+01:00,3.005669
2026-02-13 19:15+01:00,3.044803
2026-02-13 19:30+01:00,2.559550
2026-02-13 19:45+01:00,2.797747
2026-02-13 20:00+01:00,1.991045
2026-02-13 20:15+01:00,1.793902
2026-02-13 20:30+01:00,
2026-02-13 20:45+01:00,1.720229
2026-02-13 21:00+01:00,2.451013
2026-02-13 21:15+01:00,3.781668
2026-02-13 21:30+01:00,2.802250
2026-02-13 21:45+01:00,2.645630
2026-02-13 22:00+01:00,3.741552
2026-02-13 22:15+01:00,1.951676
2026-02-13 22:30+01:00,2.174519
2026-02-13 22:45+01:00,2.729002
2026-02-13 23:00+01:00,2.291739
2026-02-13 23:15+01:00,2.904709
2026-02-13 23:30+01:00,
2026-02-13 23:45+01:00,2.876025
2026-02-14 00:00+01:00,2.853667
2026-02-14 00:15+01:00,2.438875
2026-02-14 00:30+01:00,1.443015
2026-02-14 00:45+01:00,1.872861
2026-02-14 01:00+01:00,
2026-02-14 01:15+01:00,2.431683
2026-02-14 01:30+01:00,3.284978
2026-02-14 01:45+01:00,3.047463
2026-02-14 02:00+01:00,1.947186
2026-02-14 02:15+01:00,3.194948
2026-02-14 02:30+01:00,2.404254
2026-02-14 02:45+01:00,2.406669
2026-02-14 03:00+01:00,29.122935
2026-02-14 03:15+01:00,27.495331
2026-02-14 03:30+01:00,4.291252
2026-02-14 03:45+01:00,3.952987
2026-02-14 04:00+01:00,4.871126
2026-02-14 04:15+01:00,4.222656
2026-02-14 04:30+01:00,4.676645
2026-02-14 04:45+01:00,3.876870
2026-02-14 05:00+01:00,3.959711
2026-02-14 05:15+01:00,4.386722
2026-02-14 05:30+01:00,4.109885
2026-02-14 05:45+01:00,
2026-02-14 06:00+01:00,4.147186
2026-02-14 06:15+01:00,3.593506
2026-02-14 06:30+01:00,4.131454
2026-02-14 06:45+01:00,4.671511
2026-02-14 07:00+01:00,1.915910
2026-02-14 07:15+01:00,2.279826
2026-02-14 07:30+01:00,3.277228
2026-02-14 07:45+01:00,2.966070
2026-02-14 08:00+01:00,1.763624
2026-02-14 08:15+01:00,2.945401
2026-02-14 08:30+01:00,2.681328
2026-02-14 08:45+01:00,1.667432
2026-02-14 09:00+01:00,1.873430
2026-02-14 09:15+01:00,2.272659
2026-02-14 09:30+01:00,4.013687
2026-02-14 09:45+01:00,2.475628
2026-02-14 10:00+01:00,2.480110
2026-02-14 10:15+01:00,2.575433
2026-02-14 10:30+01:00,3.150595
2026-02-14 10:45+01:00,3.403131
2026-02-14 11:00+01:00,3.410222
2026-02-14 11:15+01:00,2.553047
2026-02-14 11:30+01:00,1.761262
2026-02-14 11:45+01:00,3.355833
2026-02-14 12:00+01:00,3.865181
2026-02-14 12:15+01:00,2.194687
2026-02-14 12:30+01:00,1.967029
2026-02-14 12:45+01:00,2.433637
2026-02-14 13:00+01:00,3.108930
2026-02-14 13:15+01:00,2.936960
2026-02-14 13:30+01:00,2.615149
2026-02-14 13:45+01:00,2.333919
2026-02-14 14:00+01:00,2.196652
2026-02-14 14:15+01:00,
2026-02-14 14:30+01:00,
2026-02-14 14:45+01:00,2.557783
2026-02-14 15:00+01:00,3.091812
2026-02-14 15:15+01:00,2.280727
2026-02-14 15:30+01:00,2.815807
2026-02-14 15:45+01:00,2.089662
2026-02-14 16:00+01:00,2.811501
2026-02-14 16:15+01:00,
2026-02-14 16:30+01:00,2.399128
2026-02-14 16:45+01:00,3.377049
2026-02-14 17:00+01:00,2.247367
2026-02-14 17:15+01:00,2.772945
2026-02-14 17:30+01:00,2.962714
2026-02-14 17:45+01:00,3.077475
2026-02-14 18:00+01:00,1.893938
2026-02-14 18:15+01:00,2.481291
2026-02-14 18:30+01:00,2.337723
2026-02-14 18:45+01:00,1.820910
2026-02-14 19:00+01:00,2.587102
2026-02-14 19:15+01:00,2.157978
2026-02-14 19:30+01:00,2.492032
2026-02-14 19:45+01:00,2.631320
2026-02-14 20:00+01:00,3.195939
2026-02-14 20:15+01:00,2.556937
2026-02-14 20:30+01:00,2.949025
2026-02-14 20:45+01:00,2.328336
2026-02-14 21:00+01:00,
2026-02-14 21:15+01:00,2.352258
2026-02-14 21:30+01:00,3.008713
2026-02-14 21:45+01:00,2.086399
2026-02-14 22:00+01:00,2.220117
2026-02-14 22:15+01:00,2.766620
2026-02-14 22:30+01:00,2.604472
2026-02-14 22:45+01:00,2.980143
2026-02-14 23:00+01:00,3.036587
2026-02-14 23:15+01:00,
2026-02-14 23:30+01:00,2.677035
2026-02-14 23:45+01:00,3.227094
2026-02-15 00:00+01:00,2.929934
2026-02-15 00:15+01:00,2.665803
2026-02-15 00:30+01:00,2.740586
2026-02-15 00:45+01:00,3.135558
2026-02-15 01:00+01:00,2.106881
2026-02-15 01:15+01:00,2.786155
2026-02-15 01:30+01:00,1.989550
2026-02-15 01:45+01:00,2.332814
2026-02-15 02:00+01:00,2.817274
2026-02-15 02:15+01:00,2.098036
2026-02-15 02:30+01:00,2.563045
2026-02-15 02:45+01:00,1.865511
2026-02-15 03:00+01:00,1.900043
2026-02-15 03:15+01:00,
2026-02-15 03:30+01:00,2.268823
2026-02-15 03:45+01:00,2.585765
2026-02-15 04:00+01:00,1.389444
2026-02-15 04:15+01:00,2.405560
2026-02-15 04:30+01:00,2.378586
2026-02-15 04:45+01:00,2.969191
2026-02-15 05:00+01:00,2.337138
2026-02-15 05:15+01:00,2.975271
2026-02-15 05:30+01:00,2.324995
2026-02-15 05:45+01:00,1.875362
2026-02-15 06:00+01:00,3.510791
2026-02-15 06:15+01:00,2.250673
2026-02-15 06:30+01:00,2.093911
2026-02-15 06:45+01:00,2.061507
2026-02-15 07:00+01:00,1.701185
2026-02-15 07:15+01:00,4.108937
2026-02-15 07:30+01:00,2.742956
2026-02-15 07:45+01:00,2.458393
2026-02-15 08:00+01:00,2.556486
2026-02-15 08:15+01:00,
2026-02-15 08:30+01:00,1.798864
2026-02-15 08:45+01:00,3.306514
2026-02-15 09:00+01:00,2.528923
2026-02-15 09:15+01:00,2.373627
2026-02-15 09:30+01:00,1.668515
2026-02-15 09:45+01:00,2.257310
2026-02-15 10:00+01:00,2.284365
2026-02-15 10:15+01:00,1.822470
2026-02-15 10:30+01:00,2.073294
2026-02-15 10:45+01:00,1.913779
2026-02-15 11:00+01:00,3.227196
2026-02-15 11:15+01:00,2.507605
2026-02-15 11:30+01:00,3.768043
2026-02-15 11:45+01:00,2.013954
2026-02-15 12:00+01:00,2.249881
2026-02-15 12:15+01:00,2.341299
2026-02-15 12:30+01:00,1.721109
2026-02-15 12:45+01:00,2.073790
2026-02-15 13:00+01:00,
2026-02-15 13:15+01:00,2.211912
2026-02-15 13:30+01:00,2.453544
2026-02-15 13:45+01:00,2.570833
2026-02-15 14:00+01:00,2.954304
2026-02-15 14:15+01:00,2.238291
2026-02-15 14:30+01:00,1.689551
2026-02-15 14:45+01:00,2.434016
2026-02-15 15:00+01:00,2.238024
2026-02-15 15:15+01:00,2.641126
2026-02-15 15:30+01:00,2.601929
2026-02-15 15:45+01:00,1.760284
2026-02-15 16:00+01:00,4.049742
2026-02-15 16:15+01:00,4.568010
2026-02-15 16:30+01:00,4.273940
2026-02-15 16:45+01:00,4.427145
2026-02-15 17:00+01:00,4.399648
2026-02-15 17:15+01:00,4.487158
2026-02-15 17:30+01:00,4.531098
2026-02-15 17:45+01:00,
2026-02-15 18:00+01:00,4.336830
2026-02-15 18:15+01:00,4.398514
2026-02-15 18:30+01:00,4.041809
2026-02-15 18:45+01:00,
2026-02-15 19:00+01:00,3.517769
2026-02-15 19:15+01:00,
2026-02-15 19:30+01:00,4.265277
2026-02-15 19:45+01:00,3.837101
2026-02-15 20:00+01:00,1.999794
2026-02-15 20:15+01:00,2.304160
2026-02-15 20:30+01:00,
2026-02-15 20:45+01:00,
2026-02-15 21:00+01:00,2.510272
2026-02-15 21:15+01:00,2.274676
2026-02-15 21:30+01:00,
2026-02-15 21:45+01:00,2.109350
2026-02-15 22:00+01:00,2.543798
2026-02-15 22:15+01:00,2.335762
2026-02-15 22:30+01:00,1.924240
2026-02-15 22:45+01:00,3.095279
2026-02-15 23:00+01:00,2.397113
2026-02-15 23:15+01:00,2.748506
2026-02-15 23:30+01:00,2.905293
2026-02-15 23:45+01:00,
2026-02-16 00:00+01:00,3.762607
2026-02-16 00:15+01:00,2.504985
2026-02-16 00:30+01:00,2.244628
2026-02-16 00:45+01:00,2.028885
2026-02-16 01:00+01:00,3.764946
2026-02-16 01:15+01:00,2.399385
2026-02-16 01:30+01:00,2.129282
2026-02-16 01:45+01:00,3.437369
2026-02-16 02:00+01:00,2.565763
2026-02-16 02:15+01:00,2.901801
2026-02-16 02:30+01:00,1.211202
2026-02-16 02:45+01:00,2.786589
2026-02-16 03:00+01:00,2.554557
2026-02-16 03:15+01:00,2.374258
2026-02-16 03:30+01:00,
2026-02-16 03:45+01:00,3.284801
2026-02-16 04:00+01:00,
2026-02-16 04:15+01:00,2.442391
2026-02-16 04:30+01:00,2.752849
2026-02-16 04:45+01:00,3.229991
2026-02-16 05:00+01:00,3.378231
2026-02-16 05:15+01:00,3.168590
2026-02-16 05:30+01:00,2.222429
2026-02-16 05:45+01:00,2.982248
2026-02-16 06:00+01:00,2.526000
2026-02-16 06:15+01:00,3.174162
2026-02-16 06:30+01:00,3.168221
2026-02-16 06:45+01:00,2.587958
2026-02-16 07:00+01:00,2.621736
2026-02-16 07:15+01:00,2.180393
2026-02-16 07:30+01:00,3.483085
2026-02-16 07:45+01:00,
2026-02-16 08:00+01:00,2.272756
2026-02-16 08:15+01:00,2.967503
2026-02-16 08:30+01:00,2.003227
2026-02-16 08:45+01:00,3.134093
2026-02-16 09:00+01:00,2.733450
2026-02-16 09:15+01:00,2.849213
2026-02-16 09:30+01:00,2.982633
2026-02-16 09:45+01:00,2.597762
2026-02-16 10:00+01:00,3.220754
2026-02-16 10:15+01:00,2.794009
2026-02-16 10:30+01:00,1.610195
2026-02-16 10:45+01:00,3.854428
2026-02-16 11:00+01:00,2.913753
2026-02-16 11:15+01:00,3.481898
2026-02-16 11:30+01:00,1.850579
2026-02-16 11:45+01:00,2.348768
2026-02-16 12:00+01:00,3.923776
2026-02-16 12:15+01:00,4.175015
2026-02-16 12:30+01:00,3.949846
2026-02-16 12:45+01:00,4.276427
2026-02-16 13:00+01:00,4.671284
2026-02-16 13:15+01:00,4.179084
2026-02-16 13:30+01:00,4.251284
2026-02-16 13:45+01:00,5.117378
2026-02-16 14:00+01:00,4.361030
2026-02-16 14:15+01:00,5.054584
2026-02-16 14:30+01:00,3.904860
2026-02-16 14:45+01:00,4.845858
2026-02-16 15:00+01:00,4.770874
2026-02-16 15:15+01:00,4.428995
2026-02-16 15:30+01:00,4.290528
2026-02-16 15:45+01:00,4.755274
2026-02-16 16:00+01:00,5.043256
2026-02-16 16:15+01:00,4.344741
2026-02-16 16:30+01:00,4.389582
2026-02-16 16:45+01:00,4.694082
2026-02-16 17:00+01:00,4.227034
2026-02-16 17:15+01:00,4.433465
2026-02-16 17:30+01:00,5.140728
2026-02-16 17:45+01:00,4.086328
2026-02-16 18:00+01:00,3.549977
2026-02-16 18:15+01:00,3.033100
2026-02-16 18:30+01:00,1.942959
2026-02-16 18:45+01:00,1.617425
2026-02-16 19:00+01:00,2.560853
2026-02-16 19:15+01:00,3.210764
2026-02-16 19:30+01:00,2.454591
2026-02-16 19:45+01:00,1.613363
2026-02-16 20:00+01:00,2.950921
2026-02-16 20:15+01:00,1.535156
2026-02-16 20:30+01:00,2.536181
2026-02-16 20:45+01:00,2.544438
2026-02-16 21:00+01:00,2.092061
2026-02-16 21:15+01:00,1.852468
2026-02-16 21:30+01:00,1.667687
2026-02-16 21:45+01:00,
2026-02-16 22:00+01:00,2.134549
2026-02-16 22:15+01:00,1.685272
2026-02-16 22:30+01:00,3.317699
2026-02-16 22:45+01:00,3.129354
2026-02-16 23:00+01:00,2.873430
2026-02-16 23:15+01:00,2.829362
2026-02-16 23:30+01:00,1.623452
2026-02-16 23:45+01:00,3.333744
2026-02-17 00:00+01:00,
2026-02-17 00:15+01:00,1.803905
2026-02-17 00:30+01:00,2.680256
2026-02-17 00:45+01:00,2.566732
2026-02-17 01:00+01:00,2.185567
2026-02-17 01:15+01:00,3.196712
2026-02-17 01:30+01:00,1.908075
2026-02-17 01:45+01:00,1.992579
2026-02-17 02:00+01:00,2.108108
2026-02-17 02:15+01:00,2.384726
2026-02-17 02:30+01:00,2.500819
2026-02-17 02:45+01:00,1.099183
2026-02-17 03:00+01:00,2.102780
2026-02-17 03:15+01:00,2.475149
2026-02-17 03:30+01:00,2.572385
2026-02-17 03:45+01:00,2.789293
2026-02-17 04:00+01:00,2.436946
2026-02-17 04:15+01:00,1.912574
2026-02-17 04:30+01:00,3.220928
2026-02-17 04:45+01:00,2.572848
2026-02-17 05:00+01:00,2.446274
2026-02-17 05:15+01:00,2.440590
2026-02-17 05:30+01:00,1.467586
2026-02-17 05:45+01:00,2.698989
2026-02-17 06:00+01:00,2.020075
2026-02-17 06:15+01:00,2.088141
2026-02-17 06:30+01:00,2.830489
2026-02-17 06:45+01:00,2.829607
2026-02-17 07:00+01:00,2.001997
2026-02-17 07:15+01:00,3.203316
2026-02-17 07:30+01:00,2.766716
2026-02-17 07:45+01:00,3.027338
2026-02-17 08:00+01:00,2.168610
2026-02-17 08:15+01:00,2.444153
2026-02-17 08:30+01:00,3.281962
2026-02-17 08:45+01:00,1.967269
2026-02-17 09:00+01:00,2.237831
2026-02-17 09:15+01:00,2.362831
2026-02-17 09:30+01:00,2.425814
2026-02-17 09:45+01:00,2.075221
2026-02-17 10:00+01:00,2.507303
2026-02-17 10:15+01:00,2.795939
2026-02-17 10:30+01:00,1.985966
2026-02-17 10:45+01:00,3.352311
2026-02-17 11:00+01:00,1.633374
2026-02-17 11:15+01:00,3.423215
2026-02-17 11:30+01:00,2.456339
2026-02-17 11:45+01:00,2.240401
2026-02-17 12:00+01:00,3.131327
2026-02-17 12:15+01:00,2.545851
2026-02-17 12:30+01:00,2.527455
2026-02-17 12:45+01:00,
2026-02-17 13:00+01:00,2.568038
2026-02-17 13:15+01:00,2.330851
2026-02-17 13:30+01:00,2.627256
2026-02-17 13:45+01:00,2.872693
2026-02-17 14:00+01:00,3.244144
2026-02-17 14:15+01:00,2.304455
2026-02-17 14:30+01:00,2.505503
2026-02-17 14:45+01:00,1.882263
2026-02-17 15:00+01:00,1.637334
2026-02-17 15:15+01:00,2.518891
2026-02-17 15:30+01:00,1.921728
2026-02-17 15:45+01:00,2.453249
2026-02-17 16:00+01:00,2.158776
2026-02-17 16:15+01:00,2.153837
2026-02-17 16:30+01:00,2.339306
2026-02-17 16:45+01:00,2.680581
2026-02-17 17:00+01:00,2.153909
2026-02-17 17:15+01:00,3.248635
2026-02-17 17:30+01:00,1.728730
2026-02-17 17:45+01:00,2.496635
2026-02-17 18:00+01:00,
2026-02-17 18:15+01:00,4.702493
2026-02-17 18:30+01:00,4.382612
2026-02-17 18:45+01:00,3.744238
2026-02-17 19:00+01:00,4.043948
2026-02-17 19:15+01:00,4.276091
2026-02-17 19:30+01:00,4.556560
2026-02-17 19:45+01:00,4.436154
2026-02-17 20:00+01:00,4.185612
2026-02-17 20:15+01:00,4.570843
2026-02-17 20:30+01:00,4.226684
2026-02-17 20:45+01:00,4.468729
2026-02-17 21:00+01:00,4.012537
2026-02-17 21:15+01:00,4.198696
2026-02-17 21:30+01:00,4.426119
2026-02-17 21:45+01:00,4.384764
2026-02-17 22:00+01:00,2.861651
2026-02-17 22:15+01:00,2.760589
2026-02-17 22:30+01:00,3.172851
2026-02-17 22:45+01:00,
2026-02-17 23:00+01:00,1.935868
2026-02-17 23:15+01:00,2.167505
2026-02-17 23:30+01:00,
2026-02-17 23:45+01:00,2.554308
2026-02-18 00:00+01:00,2.688874
2026-02-18 00:15+01:00,2.567236
2026-02-18 00:30+01:00,2.859995
2026-02-18 00:45+01:00,2.621495
2026-02-18 01:00+01:00,2.204784
2026-02-18 01:15+01:00,2.886424
2026-02-18 01:30+01:00,2.435867
2026-02-18 01:45+01:00,2.082899
2026-02-18 02:00+01:00,3.641535
2026-02-18 02:15+01:00,1.706456
2026-02-18 02:30+01:00,2.020454
2026-02-18 02:45+01:00,2.806913
2026-02-18 03:00+01:00,1.958093
2026-02-18 03:15+01:00,2.032633
2026-02-18 03:30+01:00,3.097355
2026-02-18 03:45+01:00,2.441989
2026-02-18 04:00+01:00,1.884424
2026-02-18 04:15+01:00,1.225961
2026-02-18 04:30+01:00,1.844793
2026-02-18 04:45+01:00,1.686102
2026-02-18 05:00+01:00,2.588970
2026-02-18 05:15+01:00,
2026-02-18 05:30+01:00,3.321530
2026-02-18 05:45+01:00,4.212662
2026-02-18 06:00+01:00,2.278063
2026-02-18 06:15+01:00,2.378023
2026-02-18 06:30+01:00,2.727978
2026-02-18 06:45+01:00,2.129785
2026-02-18 07:00+01:00,2.515236
2026-02-18 07:15+01:00,2.588835
2026-02-18 07:30+01:00,1.909653
2026-02-18 07:45+01:00,1.863902
2026-02-18 08:00+01:00,1.775338
2026-02-18 08:15+01:00,1.443456
2026-02-18 08:30+01:00,2.457828
2026-02-18 08:45+01:00,2.274438
2026-02-18 09:00+01:00,2.822596
2026-02-18 09:15+01:00,2.942314
2026-02-18 09:30+01:00,
2026-02-18 09:45+01:00,
2026-02-18 10:00+01:00,2.731948
2026-02-18 10:15+01:00,2.264923
2026-02-18 10:30+01:00,1.630275
2026-02-18 10:45+01:00,1.780576
2026-02-18 11:00+01:00,1.714159
2026-02-18 11:15+01:00,1.791604
2026-02-18 11:30+01:00,3.284722
2026-02-18 11:45+01:00,2.558524
2026-02-18 12:00+01:00,2.827131
2026-02-18 12:15+01:00,2.721443
2026-02-18 12:30+01:00,1.677356
2026-02-18 12:45+01:00,2.881716
2026-02-18 13:00+01:00,2.625601
2026-02-18 13:15+01:00,2.348812
2026-02-18 13:30+01:00,1.766990
2026-02-18 13:45+01:00,1.265037
2026-02-18 14:00+01:00,2.656577
2026-02-18 14:15+01:00,2.522839
2026-02-18 14:30+01:00,2.987363
2026-02-18 14:45+01:00,2.330685
2026-02-18 15:00+01:00,4.658537
2026-02-18 15:15+01:00,4.506034
2026-02-18 15:30+01:00,3.970685
2026-02-18 15:45+01:00,4.839796
2026-02-18 16:00+01:00,4.546262
2026-02-18 16:15+01:00,4.243202
2026-02-18 16:30+01:00,4.164290
2026-02-18 16:45+01:00,3.756434
2026-02-18 17:00+01:00,3.946353
2026-02-18 17:15+01:00,4.678150
2026-02-18 17:30+01:00,5.345934
2026-02-18 17:45+01:00,4.958441
2026-02-18 18:00+01:00,4.329684
2026-02-18 18:15+01:00,4.218476
2026-02-18 18:30+01:00,4.494742
2026-02-18 18:45+01:00,4.378913
2026-02-18 19:00+01:00,4.249373
2026-02-18 19:15+01:00,4.278394
2026-02-18 19:30+01:00,4.240905
2026-02-18 19:45+01:00,4.538697
2026-02-18 20:00+01:00,2.270631
2026-02-18 20:15+01:00,2.193562
2026-02-18 20:30+01:00,2.495000
2026-02-18 20:45+01:00,2.574358
2026-02-18 21:00+01:00,2.043696
2026-02-18 21:15+01:00,3.063431
2026-02-18 21:30+01:00,2.493338
2026-02-18 21:45+01:00,2.181908
2026-02-18 22:00+01:00,
2026-02-18 22:15+01:00,2.671944
2026-02-18 22:30+01:00,2.739497
2026-02-18 22:45+01:00,3.453953
2026-02-18 23:00+01:00,2.270428
2026-02-18 23:15+01:00,2.960174
2026-02-18 23:30+01:00,2.585352
2026-02-18 23:45+01:00,2.998536
2026-02-19 00:00+01:00,3.167423
2026-02-19 00:15+01:00,2.680196
2026-02-19 00:30+01:00,2.469899
2026-02-19 00:45+01:00,2.361844
2026-02-19 01:00+01:00,2.697499
2026-02-19 01:15+01:00,2.572410
2026-02-19 01:30+01:00,2.766131
2026-02-19 01:45+01:00,3.060384
2026-02-19 02:00+01:00,3.058779
2026-02-19 02:15+01:00,2.357889
2026-02-19 02:30+01:00,2.957027
2026-02-19 02:45+01:00,1.956709
2026-02-19 03:00+01:00,2.707120
2026-02-19 03:15+01:00,3.030832
2026-02-19 03:30+01:00,3.679084
2026-02-19 03:45+01:00,2.456013
2026-02-19 04:00+01:00,1.522901
2026-02-19 04:15+01:00,2.322664
2026-02-19 04:30+01:00,1.631456
2026-02-19 04:45+01:00,2.493886
2026-02-19 05:00+01:00,2.669530
2026-02-19 05:15+01:00,2.249323
2026-02-19 05:30+01:00,3.403705
2026-02-19 05:45+01:00,2.617241
2026-02-19 06:00+01:00,2.353699
2026-02-19 06:15+01:00,2.654479
2026-02-19 06:30+01:00,2.880691
2026-02-19 06:45+01:00,2.315357
2026-02-19 07:00+01:00,3.217231
2026-02-19 07:15+01:00,2.300523
2026-02-19 07:30+01:00,2.476942
2026-02-19 07:45+01:00,2.343312
2026-02-19 08:00+01:00,1.808955
2026-02-19 08:15+01:00,2.536423
2026-02-19 08:30+01:00,2.646096
2026-02-19 08:45+01:00,2.090499
2026-02-19 09:00+01:00,3.037705
2026-02-19 09:15+01:00,1.988952
2026-02-19 09:30+01:00,1.930152
2026-02-19 09:45+01:00,2.227036
2026-02-19 10:00+01:00,0.924029
2026-02-19 10:15+01:00,3.582945
2026-02-19 10:30+01:00,3.224076
2026-02-19 10:45+01:00,2.912666
2026-02-19 11:00+01:00,
2026-02-19 11:15+01:00,1.140615
2026-02-19 11:30+01:00,4.205529
2026-02-19 11:45+01:00,3.399367
2026-02-19 12:00+01:00,3.688686
2026-02-19 12:15+01:00,2.550037
2026-02-19 12:30+01:00,1.743000
2026-02-19 12:45+01:00,1.263139
2026-02-19 13:00+01:00,2.542843
2026-02-19 13:15+01:00,3.985348
2026-02-19 13:30+01:00,0.685084
2026-02-19 13:45+01:00,4.000319
2026-02-19 14:00+01:00,2.971642
2026-02-19 14:15+01:00,1.962015
2026-02-19 14:30+01:00,2.110692
2026-02-19 14:45+01:00,
2026-02-19 15:00+01:00,2.449358
2026-02-19 15:15+01:00,3.042369
2026-02-19 15:30+01:00,3.015141
2026-02-19 15:45+01:00,2.683765
2026-02-19 16:00+01:00,1.945457
2026-02-19 16:15+01:00,2.094552
2026-02-19 16:30+01:00,1.931773
2026-02-19 16:45+01:00,1.853479
2026-02-19 17:00+01:00,3.007691
2026-02-19 17:15+01:00,2.671472
2026-02-19 17:30+01:00,3.393990
2026-02-19 17:45+01:00,2.201605
2026-02-19 18:00+01:00,1.866514
2026-02-19 18:15+01:00,2.078240
2026-02-19 18:30+01:00,2.010843
2026-02-19 18:45+01:00,1.749511
2026-02-19 19:00+01:00,1.681897
2026-02-19 19:15+01:00,2.445964
2026-02-19 19:30+01:00,2.922982
2026-02-19 19:45+01:00,1.752012
2026-02-19 20:00+01:00,2.895363
2026-02-19 20:15+01:00,1.985753
2026-02-19 20:30+01:00,2.950888
2026-02-19 20:45+01:00,3.248686
2026-02-19 21:00+01:00,3.514028
2026-02-19 21:15+01:00,4.342078
2026-02-19 21:30+01:00,
2026-02-19 21:45+01:00,3.710698
2026-02-19 22:00+01:00,4.505006
2026-02-19 22:15+01:00,4.718393
2026-02-19 22:30+01:00,4.626597
2026-02-19 22:45+01:00,4.669872
2026-02-19 23:00+01:00,4.159562
2026-02-19 23:15+01:00,4.238424
2026-02-19 23:30+01:00,
2026-02-19 23:45+01:00,4.538161
2026-02-20 00:00+01:00,2.189715
2026-02-20 00:15+01:00,2.438339
2026-02-20 00:30+01:00,2.078571
2026-02-20 00:45+01:00,2.347463
2026-02-20 01:00+01:00,3.152273
2026-02-20 01:15+01:00,2.475148
2026-02-20 01:30+01:00,
2026-02-20 01:45+01:00,2.025935
2026-02-20 02:00+01:00,2.058217
2026-02-20 02:15+01:00,1.419032
2026-02-20 02:30+01:00,2.378019
2026-02-20 02:45+01:00,2.807728
2026-02-20 03:00+01:00,2.199736
2026-02-20 03:15+01:00,2.715568
2026-02-20 03:30+01:00,2.346301
2026-02-20 03:45+01:00,3.692402
2026-02-20 04:00+01:00,2.338629
2026-02-20 04:15+01:00,2.791309
2026-02-20 04:30+01:00,2.289905
2026-02-20 04:45+01:00,2.400656
2026-02-20 05:00+01:00,3.108779
2026-02-20 05:15+01:00,2.815235
2026-02-20 05:30+01:00,2.707174
2026-02-20 05:45+01:00,1.474448
2026-02-20 06:00+01:00,3.029643
2026-02-20 06:15+01:00,2.687799
2026-02-20 06:30+01:00,2.534018
2026-02-20 06:45+01:00,2.477156
2026-02-20 07:00+01:00,2.767283
2026-02-20 07:15+01:00,2.224322
2026-02-20 07:30+01:00,2.226442
2026-02-20 07:45+01:00,0.860064
2026-02-20 08:00+01:00,1.947022
2026-02-20 08:15+01:00,3.155398
2026-02-20 08:30+01:00,2.383872
2026-02-20 08:45+01:00,3.488348
2026-02-20 09:00+01:00,2.934980
2026-02-20 09:15+01:00,2.363684
2026-02-20 09:30+01:00,1.984575
2026-02-20 09:45+01:00,2.864749
2026-02-20 10:00+01:00,2.252957
2026-02-20 10:15+01:00,2.275291
2026-02-20 10:30+01:00,2.740775
2026-02-20 10:45+01:00,4.018740
2026-02-20 11:00+01:00,2.567235
2026-02-20 11:15+01:00,2.560875
2026-02-20 11:30+01:00,3.079543
2026-02-20 11:45+01:00,1.807430
2026-02-20 12:00+01:00,4.574274
2026-02-20 12:15+01:00,4.566746
2026-02-20 12:30+01:00,4.575624
2026-02-20 12:45+01:00,4.184599
2026-02-20 13:00+01:00,4.307903
2026-02-20 13:15+01:00,
2026-02-20 13:30+01:00,4.253983
2026-02-20 13:45+01:00,4.211637
2026-02-20 14:00+01:00,4.250762
2026-02-20 14:15+01:00,4.890811
2026-02-20 14:30+01:00,4.395269
2026-02-20 14:45+01:00,4.341679
2026-02-20 15:00+01:00,4.489439
2026-02-20 15:15+01:00,4.312550
2026-02-20 15:30+01:00,4.726417
2026-02-20 15:45+01:00,4.411831
2026-02-20 16:00+01:00,4.475370
2026-02-20 16:15+01:00,4.467605
2026-02-20 16:30+01:00,4.608050
2026-02-20 16:45+01:00,4.348017
2026-02-20 17:00+01:00,3.895108
2026-02-20 17:15+01:00,2.882482
2026-02-20 17:30+01:00,2.584408
2026-02-20 17:45+01:00,3.048804
2026-02-20 18:00+01:00,2.690839
2026-02-20 18:15+01:00,1.568517
2026-02-20 18:30+01:00,2.698439
2026-02-20 18:45+01:00,1.985611
2026-02-20 19:00+01:00,3.204313
2026-02-20 19:15+01:00,2.506313
2026-02-20 19:30+01:00,1.576052
2026-02-20 19:45+01:00,1.962099
2026-02-20 20:00+01:00,2.656720
2026-02-20 20:15+01:00,2.180277
2026-02-20 20:30+01:00,3.081138
2026-02-20 20:45+01:00,3.305880
2026-02-20 21:00+01:00,1.894556
2026-02-20 21:15+01:00,2.619524
2026-02-20 21:30+01:00,2.265784
2026-02-20 21:45+01:00,1.736357
2026-02-20 22:00+01:00,1.744595
2026-02-20 22:15+01:00,3.166755
2026-02-20 22:30+01:00,2.944578
2026-02-20 22:45+01:00,3.036938
2026-02-20 23:00+01:00,3.404407
2026-02-20 23:15+01:00,3.341455
2026-02-20 23:30+01:00,2.349541
2026-02-20 23:45+01:00,2.346606
2026-02-21 00:00+01:00,2.960291
2026-02-21 00:15+01:00,3.308762
2026-02-21 00:30+01:00,
2026-02-21 00:45+01:00,2.238856
2026-02-21 01:00+01:00,2.405667
2026-02-21 01:15+01:00,2.814595
2026-02-21 01:30+01:00,2.041945
2026-02-21 01:45+01:00,1.915038
2026-02-21 02:00+01:00,2.293859
2026-02-21 02:15+01:00,2.435588
2026-02-21 02:30+01:00,2.483178
2026-02-21 02:45+01:00,2.213337
2026-02-21 03:00+01:00,2.272696
2026-02-21 03:15+01:00,2.217189
2026-02-21 03:30+01:00,1.470991
2026-02-21 03:45+01:00,2.918085
2026-02-21 04:00+01:00,1.967401
2026-02-21 04:15+01:00,1.986028
2026-02-21 04:30+01:00,2.018650
2026-02-21 04:45+01:00,2.265395
2026-02-21 05:00+01:00,2.558532
2026-02-21 05:15+01:00,2.228013
2026-02-21 05:30+01:00,3.144209
2026-02-21 05:45+01:00,2.546164
2026-02-21 06:00+01:00,2.538269
2026-02-21 06:15+01:00,2.716537
2026-02-21 06:30+01:00,2.571746
2026-02-21 06:45+01:00,2.003486
2026-02-21 07:00+01:00,3.378320
2026-02-21 07:15+01:00,2.214529
2026-02-21 07:30+01:00,3.681737
2026-02-21 07:45+01:00,3.040177
2026-02-21 08:00+01:00,1.983481
2026-02-21 08:15+01:00,2.543276
2026-02-21 08:30+01:00,3.182922
2026-02-21 08:45+01:00,3.122026
2026-02-21 09:00+01:00,2.199879
2026-02-21 09:15+01:00,1.818034
2026-02-21 09:30+01:00,2.073079
2026-02-21 09:45+01:00,1.808878
2026-02-21 10:00+01:00,2.447349
2026-02-21 10:15+01:00,2.709090
2026-02-21 10:30+01:00,
2026-02-21 10:45+01:00,1.959904
2026-02-21 11:00+01:00,2.738315
2026-02-21 11:15+01:00,3.170450
2026-02-21 11:30+01:00,1.507179
2026-02-21 11:45+01:00,1.854682
2026-02-21 12:00+01:00,3.835700
2026-02-21 12:15+01:00,3.452042
2026-02-21 12:30+01:00,3.283805
2026-02-21 12:45+01:00,2.557612
2026-02-21 13:00+01:00,1.105157
2026-02-21 13:15+01:00,1.447279
2026-02-21 13:30+01:00,2.291358
2026-02-21 13:45+01:00,2.525645
2026-02-21 14:00+01:00,2.339344
2026-02-21 14:15+01:00,3.882212
2026-02-21 14:30+01:00,1.551839
2026-02-21 14:45+01:00,2.631678
2026-02-21 15:00+01:00,1.930361
2026-02-21 15:15+01:00,2.115517
2026-02-21 15:30+01:00,3.378591
2026-02-21 15:45+01:00,2.123857
2026-02-21 16:00+01:00,2.253283
2026-02-21 16:15+01:00,3.387658
2026-02-21 16:30+01:00,3.656051
2026-02-21 16:45+01:00,2.396385
2026-02-21 17:00+01:00,2.371767
2026-02-21 17:15+01:00,2.711113
2026-02-21 17:30+01:00,2.119627
2026-02-21 17:45+01:00,
2026-02-21 18:00+01:00,
2026-02-21 18:15+01:00,1.456367
2026-02-21 18:30+01:00,
2026-02-21 18:45+01:00,3.572964
2026-02-21 19:00+01:00,2.617626
2026-02-21 19:15+01:00,1.638991
2026-02-21 19:30+01:00,
2026-02-21 19:45+01:00,2.002236
2026-02-21 20:00+01:00,3.978363
2026-02-21 20:15+01:00,2.683269
2026-02-21 20:30+01:00,3.422578
2026-02-21 20:45+01:00,3.052092
2026-02-21 21:00+01:00,4.631362
2026-02-21 21:15+01:00,4.272771
2026-02-21 21:30+01:00,4.888913
2026-02-21 21:45+01:00,4.749077
2026-02-21 22:00+01:00,4.236351
2026-02-21 22:15+01:00,3.475611
2026-02-21 22:30+01:00,5.059040
2026-02-21 22:45+01:00,3.906313
2026-02-21 23:00+01:00,4.217199
2026-02-21 23:15+01:00,4.719266
2026-02-21 23:30+01:00,4.682654
2026-02-21 23:45+01:00,4.296516
2026-02-22 00:00+01:00,2.321709
2026-02-22 00:15+01:00,2.082320
2026-02-22 00:30+01:00,2.800952
2026-02-22 00:45+01:00,2.913422
2026-02-22 01:00+01:00,3.199244
2026-02-22 01:15+01:00,2.578679
2026-02-22 01:30+01:00,2.976457
2026-02-22 01:45+01:00,2.309083
2026-02-22 02:00+01:00,2.959859
2026-02-22 02:15+01:00,2.856027
2026-02-22 02:30+01:00,2.811475
2026-02-22 02:45+01:00,1.954180
2026-02-22 03:00+01:00,2.830360
2026-02-22 03:15+01:00,1.736839
2026-02-22 03:30+01:00,2.343646
2026-02-22 03:45+01:00,2.741561
2026-02-22 04:00+01:00,3.296036
2026-02-22 04:15+01:00,2.783267
2026-02-22 04:30+01:00,1.733712
2026-02-22 04:45+01:00,3.014604
2026-02-22 05:00+01:00,2.459440
2026-02-22 05:15+01:00,
2026-02-22 05:30+01:00,3.232416
2026-02-22 05:45+01:00,2.408368
2026-02-22 06:00+01:00,2.619311
2026-02-22 06:15+01:00,2.465526
2026-02-22 06:30+01:00,2.906192
2026-02-22 06:45+01:00,3.333622
2026-02-22 07:00+01:00,2.016056
2026-02-22 07:15+01:00,2.340413
2026-02-22 07:30+01:00,2.794292
2026-02-22 07:45+01:00,2.304198
2026-02-22 08:00+01:00,2.094049
2026-02-22 08:15+01:00,1.762647
2026-02-22 08:30+01:00,2.417960
2026-02-22 08:45+01:00,2.727371
2026-02-22 09:00+01:00,4.570262
2026-02-22 09:15+01:00,3.624230
2026-02-22 09:30+01:00,3.593365
2026-02-22 09:45+01:00,4.959510
2026-02-22 10:00+01:00,4.809377
2026-02-22 10:15+01:00,4.524731
2026-02-22 10:30+01:00,4.853879
2026-02-22 10:45+01:00,5.307998
2026-02-22 11:00+01:00,4.477550
2026-02-22 11:15+01:00,4.385612
2026-02-22 11:30+01:00,4.160094
2026-02-22 11:45+01:00,4.982808
2026-02-22 12:00+01:00,5.021944
2026-02-22 12:15+01:00,4.508557
2026-02-22 12:30+01:00,3.729574
2026-02-22 12:45+01:00,4.713103
2026-02-22 13:00+01:00,1.802372
2026-02-22 13:15+01:00,2.524360
2026-02-22 13:30+01:00,3.026352
2026-02-22 13:45+01:00,4.033774
2026-02-22 14:00+01:00,2.395012
2026-02-22 14:15+01:00,
2026-02-22 14:30+01:00,2.900402
2026-02-22 14:45+01:00,
2026-02-22 15:00+01:00,1.768427
2026-02-22 15:15+01:00,2.022093
2026-02-22 15:30+01:00,1.966755
2026-02-22 15:45+01:00,1.637744
2026-02-22 16:00+01:00,2.550716
2026-02-22 16:15+01:00,
2026-02-22 16:30+01:00,2.062546
2026-02-22 16:45+01:00,2.071163
2026-02-22 17:00+01:00,2.306035
2026-02-22 17:15+01:00,2.911890
2026-02-22 17:30+01:00,2.621420
2026-02-22 17:45+01:00,3.643897
2026-02-22 18:00+01:00,3.282622
2026-02-22 18:15+01:00,2.887180
2026-02-22 18:30+01:00,2.126142
2026-02-22 18:45+01:00,2.154685
2026-02-22 19:00+01:00,2.538713
2026-02-22 19:15+01:00,2.958796
2026-02-22 19:30+01:00,1.944834
2026-02-22 19:45+01:00,3.153662
2026-02-22 20:00+01:00,2.655746
2026-02-22 20:15+01:00,2.647615
2026-02-22 20:30+01:00,2.989911
2026-02-22 20:45+01:00,2.330895
2026-02-22 21:00+01:00,2.527081
2026-02-22 21:15+01:00,2.724739
2026-02-22 21:30+01:00,3.370498
2026-02-22 21:45+01:00,1.982776
2026-02-22 22:00+01:00,2.327242
2026-02-22 22:15+01:00,2.261416
2026-02-22 22:30+01:00,3.149361
2026-02-22 22:45+01:00,1.717722
2026-02-22 23:00+01:00,3.078488
2026-02-22 23:15+01:00,2.550301
2026-02-22 23:30+01:00,3.177155
2026-02-22 23:45+01:00,2.200741
2026-02-23 00:00+01:00,2.899174
2026-02-23 00:15+01:00,2.088410
2026-02-23 00:30+01:00,2.273985
2026-02-23 00:45+01:00,1.575721
2026-02-23 01:00+01:00,2.170498
2026-02-23 01:15+01:00,2.727752
2026-02-23 01:30+01:00,2.140921
2026-02-23 01:45+01:00,2.526034
2026-02-23 02:00+01:00,2.388911
2026-02-23 02:15+01:00,2.116067
2026-02-23 02:30+01:00,1.651398
2026-02-23 02:45+01:00,1.794599
2026-02-23 03:00+01:00,2.870454
2026-02-23 03:15+01:00,2.238857
2026-02-23 03:30+01:00,2.207947
2026-02-23 03:45+01:00,2.404895
2026-02-23 04:00+01:00,2.675560
2026-02-23 04:15+01:00,2.151568
2026-02-23 04:30+01:00,3.180708
2026-02-23 04:45+01:00,2.124377
2026-02-23 05:00+01:00,1.693594
2026-02-23 05:15+01:00,1.755231
2026-02-23 05:30+01:00,3.132490
2026-02-23 05:45+01:00,2.136749
2026-02-23 06:00+01:00,2.450246
2026-02-23 06:15+01:00,1.518291
2026-02-23 06:30+01:00,3.367276
2026-02-23 06:45+01:00,3.087740
2026-02-23 07:00+01:00,2.381366
2026-02-23 07:15+01:00,2.159137
2026-02-23 07:30+01:00,2.861105
2026-02-23 07:45+01:00,3.068917
2026-02-23 08:00+01:00,
2026-02-23 08:15+01:00,2.430153
2026-02-23 08:30+01:00,2.581643
2026-02-23 08:45+01:00,2.213125
2026-02-23 09:00+01:00,2.152237
2026-02-23 09:15+01:00,3.105190
2026-02-23 09:30+01:00,2.193081
2026-02-23 09:45+01:00,2.311561
2026-02-23 10:00+01:00,1.205099
2026-02-23 10:15+01:00,2.919093
2026-02-23 10:30+01:00,2.369145
2026-02-23 10:45+01:00,2.541201
2026-02-23 11:00+01:00,2.319790
2026-02-23 11:15+01:00,3.835612
2026-02-23 11:30+01:00,2.168712
2026-02-23 11:45+01:00,3.760043
2026-02-23 12:00+01:00,3.169660
2026-02-23 12:15+01:00,3.283193
2026-02-23 12:30+01:00,2.481702
2026-02-23 12:45+01:00,2.373130
2026-02-23 13:00+01:00,2.919048
2026-02-23 13:15+01:00,2.550344
2026-02-23 13:30+01:00,2.743362
2026-02-23 13:45+01:00,2.069725
2026-02-23 14:00+01:00,1.833844
2026-02-23 14:15+01:00,1.713449
2026-02-23 14:30+01:00,3.717950
2026-02-23 14:45+01:00,2.648034
2026-02-23 15:00+01:00,2.649901
2026-02-23 15:15+01:00,1.576574
2026-02-23 15:30+01:00,3.333556
2026-02-23 15:45+01:00,1.943705
2026-02-23 16:00+01:00,2.601110
2026-02-23 16:15+01:00,2.546354
2026-02-23 16:30+01:00,1.889020
2026-02-23 16:45+01:00,2.867469
2026-02-23 17:00+01:00,2.592825
2026-02-23 17:15+01:00,
2026-02-23 17:30+01:00,2.856049
2026-02-23 17:45+01:00,2.767210
2026-02-23 18:00+01:00,3.984187
2026-02-23 18:15+01:00,4.232110
2026-02-23 18:30+01:00,4.181050
2026-02-23 18:45+01:00,4.169396
2026-02-23 19:00+01:00,4.513130
2026-02-23 19:15+01:00,4.742122
2026-02-23 19:30+01:00,3.966615
2026-02-23 19:45+01:00,4.251184
2026-02-23 20:00+01:00,4.445602
2026-02-23 20:15+01:00,4.254871
2026-02-23 20:30+01:00,4.726771
2026-02-23 20:45+01:00,4.053987
2026-02-23 21:00+01:00,2.199214
2026-02-23 21:15+01:00,2.028302
2026-02-23 21:30+01:00,2.316652
2026-02-23 21:45+01:00,2.196752
2026-02-23 22:00+01:00,2.645770
2026-02-23 22:15+01:00,1.966911
2026-02-23 22:30+01:00,3.187385
2026-02-23 22:45+01:00,2.084419
2026-02-23 23:00+01:00,2.758270
2026-02-23 23:15+01:00,2.175867
2026-02-23 23:30+01:00,2.074676
2026-02-23 23:45+01:00,3.220983
2026-02-24 00:00+01:00,2.527749
2026-02-24 00:15+01:00,4.684533
2026-02-24 00:30+01:00,3.722683
2026-02-24 00:45+01:00,3.761606
2026-02-24 01:00+01:00,4.355992
2026-02-24 01:15+01:00,4.403968
2026-02-24 01:30+01:00,4.353965
2026-02-24 01:45+01:00,4.499739
2026-02-24 02:00+01:00,4.774320
2026-02-24 02:15+01:00,4.240607
2026-02-24 02:30+01:00,4.526576
2026-02-24 02:45+01:00,4.136980
2026-02-24 03:00+01:00,4.537370
2026-02-24 03:15+01:00,4.181183
2026-02-24 03:30+01:00,4.830882
2026-02-24 03:45+01:00,4.080595
2026-02-24 04:00+01:00,3.728548
2026-02-24 04:15+01:00,3.864550
2026-02-24 04:30+01:00,4.563050
2026-02-24 04:45+01:00,4.569104
2026-02-24 05:00+01:00,39.397736
2026-02-24 05:15+01:00,43.661710
2026-02-24 05:30+01:00,3.991885
2026-02-24 05:45+01:00,4.374235
2026-02-24 06:00+01:00,2.520466
2026-02-24 06:15+01:00,1.844436
2026-02-24 06:30+01:00,15.474432
2026-02-24 06:45+01:00,3.818291
2026-02-24 07:00+01:00,2.572339
2026-02-24 07:15+01:00,1.112418
2026-02-24 07:30+01:00,2.951008
2026-02-24 07:45+01:00,2.569703
2026-02-24 08:00+01:00,2.705112
2026-02-24 08:15+01:00,2.442789
2026-02-24 08:30+01:00,2.602511
2026-02-24 08:45+01:00,2.362398
2026-02-24 09:00+01:00,
2026-02-24 09:15+01:00,1.617176
2026-02-24 09:30+01:00,1.771069
2026-02-24 09:45+01:00,1.652832
2026-02-24 10:00+01:00,0.942758
2026-02-24 10:15+01:00,2.605659
2026-02-24 10:30+01:00,1.472890
2026-02-24 10:45+01:00,2.574859
2026-02-24 11:00+01:00,2.567473
2026-02-24 11:15+01:00,2.428348
2026-02-24 11:30+01:00,2.811991
2026-02-24 11:45+01:00,2.104621
2026-02-24 12:00+01:00,2.714162
2026-02-24 12:15+01:00,2.600330
2026-02-24 12:30+01:00,3.694370
2026-02-24 12:45+01:00,2.207080
2026-02-24 13:00+01:00,2.849172
2026-02-24 13:15+01:00,2.527225
2026-02-24 13:30+01:00,2.453551
2026-02-24 13:45+01:00,3.137734
2026-02-24 14:00+01:00,2.873716
2026-02-24 14:15+01:00,2.725221
2026-02-24 14:30+01:00,2.455988
2026-02-24 14:45+01:00,3.163451
2026-02-24 15:00+01:00,1.840213
2026-02-24 15:15+01:00,3.022607
2026-02-24 15:30+01:00,2.699581
2026-02-24 15:45+01:00,1.750754
2026-02-24 16:00+01:00,3.450257
2026-02-24 16:15+01:00,2.631461
2026-02-24 16:30+01:00,3.166511
2026-02-24 16:45+01:00,1.009892
2026-02-24 17:00+01:00,2.812988
2026-02-24 17:15+01:00,1.557986
2026-02-24 17:30+01:00,1.873219
2026-02-24 17:45+01:00,2.370731
2026-02-24 18:00+01:00,2.746065
2026-02-24 18:15+01:00,2.629100
2026-02-24 18:30+01:00,2.985539
2026-02-24 18:45+01:00,2.104434
2026-02-24 19:00+01:00,2.159072
2026-02-24 19:15+01:00,2.254774
2026-02-24 19:30+01:00,2.490495
2026-02-24 19:45+01:00,1.944584
2026-02-24 20:00+01:00,3.109032
2026-02-24 20:15+01:00,2.581560
2026-02-24 20:30+01:00,1.981374
2026-02-24 20:45+01:00,2.617933
2026-02-24 21:00+01:00,2.453479
2026-02-24 21:15+01:00,2.662044
2026-02-24 21:30+01:00,2.780441
2026-02-24 21:45+01:00,2.019218
2026-02-24 22:00+01:00,2.607538
2026-02-24 22:15+01:00,2.155306
2026-02-24 22:30+01:00,2.677154
2026-02-24 22:45+01:00,2.440068
2026-02-24 23:00+01:00,2.819155
2026-02-24 23:15+01:00,2.379803
2026-02-24 23:30+01:00,2.358165
2026-02-24 23:45+01:00,2.234848
2026-02-25 00:00+01:00,4.094135
2026-02-25 00:15+01:00,2.672729
2026-02-25 00:30+01:00,2.119366
2026-02-25 00:45+01:00,1.741624
2026-02-25 01:00+01:00,2.501253
2026-02-25 01:15+01:00,2.355584
2026-02-25 01:30+01:00,3.263506
2026-02-25 01:45+01:00,3.194466
2026-02-25 02:00+01:00,3.158377
2026-02-25 02:15+01:00,2.611906
2026-02-25 02:30+01:00,3.659982
2026-02-25 02:45+01:00,2.050085
2026-02-25 03:00+01:00,1.705378
2026-02-25 03:15+01:00,3.565138
2026-02-25 03:30+01:00,2.456512
2026-02-25 03:45+01:00,2.898954
2026-02-25 04:00+01:00,1.640641
2026-02-25 04:15+01:00,1.460438
2026-02-25 04:30+01:00,2.521392
2026-02-25 04:45+01:00,2.356880
2026-02-25 05:00+01:00,1.020626
2026-02-25 05:15+01:00,2.783844
2026-02-25 05:30+01:00,2.184382
2026-02-25 05:45+01:00,2.458007
2026-02-25 06:00+01:00,2.882612
2026-02-25 06:15+01:00,2.102722
2026-02-25 06:30+01:00,2.582055
2026-02-25 06:45+01:00,3.125935
2026-02-25 07:00+01:00,2.469219
2026-02-25 07:15+01:00,2.679744
2026-02-25 07:30+01:00,2.816536
2026-02-25 07:45+01:00,2.393612
2026-02-25 08:00+01:00,1.445392
2026-02-25 08:15+01:00,1.170317
2026-02-25 08:30+01:00,3.248189
2026-02-25 08:45+01:00,3.090037
2026-02-25 09:00+01:00,4.109938
2026-02-25 09:15+01:00,4.325213
2026-02-25 09:30+01:00,4.256985
2026-02-25 09:45+01:00,4.347404
2026-02-25 10:00+01:00,3.944708
2026-02-25 10:15+01:00,4.804037
2026-02-25 10:30+01:00,4.265159
2026-02-25 10:45+01:00,4.556232
2026-02-25 11:00+01:00,4.509684
2026-02-25 11:15+01:00,4.462424
2026-02-25 11:30+01:00,4.178492
2026-02-25 11:45+01:00,4.501525
2026-02-25 12:00+01:00,4.737191
2026-02-25 12:15+01:00,4.509529
2026-02-25 12:30+01:00,
2026-02-25 12:45+01:00,4.612083
2026-02-25 13:00+01:00,2.417575
2026-02-25 13:15+01:00,2.579779
2026-02-25 13:30+01:00,1.387595
2026-02-25 13:45+01:00,3.156965
2026-02-25 14:00+01:00,1.774885
2026-02-25 14:15+01:00,2.608769
2026-02-25 14:30+01:00,3.110208
2026-02-25 14:45+01:00,1.769664
2026-02-25 15:00+01:00,2.444212
2026-02-25 15:15+01:00,1.630971
2026-02-25 15:30+01:00,2.709014
2026-02-25 15:45+01:00,2.405990
2026-02-25 16:00+01:00,2.234265
2026-02-25 16:15+01:00,2.075428
2026-02-25 16:30+01:00,3.464631
2026-02-25 16:45+01:00,2.034767
2026-02-25 17:00+01:00,2.466152
2026-02-25 17:15+01:00,1.275211
2026-02-25 17:30+01:00,2.459800
2026-02-25 17:45+01:00,2.116856
2026-02-25 18:00+01:00,3.133088
2026-02-25 18:15+01:00,2.211112
2026-02-25 18:30+01:00,
2026-02-25 18:45+01:00,2.867985
2026-02-25 19:00+01:00,2.351135
2026-02-25 19:15+01:00,2.617875
2026-02-25 19:30+01:00,2.270514
2026-02-25 19:45+01:00,2.354938
2026-02-25 20:00+01:00,2.794470
2026-02-25 20:15+01:00,3.221660
2026-02-25 20:30+01:00,
2026-02-25 20:45+01:00,2.971846
2026-02-25 21:00+01:00,2.742091
2026-02-25 21:15+01:00,3.236222
2026-02-25 21:30+01:00,2.943443
2026-02-25 21:45+01:00,2.949539
2026-02-25 22:00+01:00,3.035187
2026-02-25 22:15+01:00,3.235258
2026-02-25 22:30+01:00,0.768442
2026-02-25 22:45+01:00,2.453226
2026-02-25 23:00+01:00,3.035897
2026-02-25 23:15+01:00,2.102803
2026-02-25 23:30+01:00,2.675192
2026-02-25 23:45+01:00,2.437748
2026-02-26 00:00+01:00,2.746337
2026-02-26 00:15+01:00,1.938966
2026-02-26 00:30+01:00,2.172144
2026-02-26 00:45+01:00,2.190083
2026-02-26 01:00+01:00,2.782622
2026-02-26 01:15+01:00,2.355797
2026-02-26 01:30+01:00,1.553114
2026-02-26 01:45+01:00,2.608837
2026-02-26 02:00+01:00,2.121392
2026-02-26 02:15+01:00,2.261074
2026-02-26 02:30+01:00,2.174775
2026-02-26 02:45+01:00,2.041311
2026-02-26 03:00+01:00,1.985345
2026-02-26 03:15+01:00,3.985027
2026-02-26 03:30+01:00,
2026-02-26 03:45+01:00,2.824538
2026-02-26 04:00+01:00,
2026-02-26 04:15+01:00,2.321185
2026-02-26 04:30+01:00,2.043178
2026-02-26 04:45+01:00,2.262972
2026-02-26 05:00+01:00,2.764379
2026-02-26 05:15+01:00,2.623569
2026-02-26 05:30+01:00,2.452075
2026-02-26 05:45+01:00,3.058053
2026-02-26 06:00+01:00,4.586482
2026-02-26 06:15+01:00,4.803555
2026-02-26 06:30+01:00,4.701085
2026-02-26 06:45+01:00,
2026-02-26 07:00+01:00,4.392749
2026-02-26 07:15+01:00,3.511218
2026-02-26 07:30+01:00,4.178784
2026-02-26 07:45+01:00,4.413454
2026-02-26 08:00+01:00,4.805520
2026-02-26 08:15+01:00,4.069898
2026-02-26 08:30+01:00,4.502455
2026-02-26 08:45+01:00,4.681464
2026-02-26 09:00+01:00,2.874609
2026-02-26 09:15+01:00,2.136199
2026-02-26 09:30+01:00,1.924498
2026-02-26 09:45+01:00,3.118725
2026-02-26 10:00+01:00,1.568134
2026-02-26 10:15+01:00,2.255331
2026-02-26 10:30+01:00,1.512866
2026-02-26 10:45+01:00,1.843459
2026-02-26 11:00+01:00,2.061141
2026-02-26 11:15+01:00,2.301668
2026-02-26 11:30+01:00,2.074549
2026-02-26 11:45+01:00,2.287040
2026-02-26 12:00+01:00,2.820776
2026-02-26 12:15+01:00,2.249953
2026-02-26 12:30+01:00,3.600876
2026-02-26 12:45+01:00,2.192264
2026-02-26 13:00+01:00,2.580396
2026-02-26 13:15+01:00,2.937493
2026-02-26 13:30+01:00,
2026-02-26 13:45+01:00,1.855991
2026-02-26 14:00+01:00,1.924624
2026-02-26 14:15+01:00,2.341786
2026-02-26 14:30+01:00,2.526179
2026-02-26 14:45+01:00,3.374690
2026-02-26 15:00+01:00,2.603370
2026-02-26 15:15+01:00,2.834309
2026-02-26 15:30+01:00,1.280313
2026-02-26 15:45+01:00,2.610487
2026-02-26 16:00+01:00,2.188047
2026-02-26 16:15+01:00,2.891993
2026-02-26 16:30+01:00,2.227205
2026-02-26 16:45+01:00,9.319132
2026-02-26 17:00+01:00,3.969587
2026-02-26 17:15+01:00,3.325493
2026-02-26 17:30+01:00,2.274945
2026-02-26 17:45+01:00,2.345479
2026-02-26 18:00+01:00,2.674400
2026-02-26 18:15+01:00,2.262352
2026-02-26 18:30+01:00,2.850885
2026-02-26 18:45+01:00,2.378235
2026-02-26 19:00+01:00,
2026-02-26 19:15+01:00,2.404039
2026-02-26 19:30+01:00,3.507425
2026-02-26 19:45+01:00,1.826391
2026-02-26 20:00+01:00,2.267766
2026-02-26 20:15+01:00,2.396321
2026-02-26 20:30+01:00,3.013824
2026-02-26 20:45+01:00,1.936985
2026-02-26 21:00+01:00,2.558547
2026-02-26 21:15+01:00,2.316490
2026-02-26 21:30+01:00,2.738423
2026-02-26 21:45+01:00,2.104285
2026-02-26 22:00+01:00,2.710535
2026-02-26 22:15+01:00,
2026-02-26 22:30+01:00,3.156328
2026-02-26 22:45+01:00,
2026-02-26 23:00+01:00,3.125790
2026-02-26 23:15+01:00,2.714018
2026-02-26 23:30+01:00,3.230185
2026-02-26 23:45+01:00,3.106875
2026-02-27 00:00+01:00,2.548873
2026-02-27 00:15+01:00,3.868234
2026-02-27 00:30+01:00,4.097793
2026-02-27 00:45+01:00,4.232234
2026-02-27 01:00+01:00,4.275897
2026-02-27 01:15+01:00,
2026-02-27 01:30+01:00,4.088635
2026-02-27 01:45+01:00,4.289250
2026-02-27 02:00+01:00,4.063589
2026-02-27 02:15+01:00,
2026-02-27 02:30+01:00,4.064402
2026-02-27 02:45+01:00,4.417670
2026-02-27 03:00+01:00,4.844089
2026-02-27 03:15+01:00,5.051667
2026-02-27 03:30+01:00,
2026-02-27 03:45+01:00,4.015282
2026-02-27 04:00+01:00,4.201495
2026-02-27 04:15+01:00,4.372234
2026-02-27 04:30+01:00,5.019194
2026-02-27 04:45+01:00,3.996628
2026-02-27 05:00+01:00,1.785270
2026-02-27 05:15+01:00,2.100120
2026-02-27 05:30+01:00,2.411980
2026-02-27 05:45+01:00,2.189496
2026-02-27 06:00+01:00,2.716773
2026-02-27 06:15+01:00,3.213044
2026-02-27 06:30+01:00,3.411905
2026-02-27 06:45+01:00,2.847127
2026-02-27 07:00+01:00,3.135638
2026-02-27 07:15+01:00,1.677302
2026-02-27 07:30+01:00,1.371754
2026-02-27 07:45+01:00,2.754891
2026-02-27 08:00+01:00,2.681797
2026-02-27 08:15+01:00,3.291392
2026-02-27 08:30+01:00,1.999247
2026-02-27 08:45+01:00,1.288993
2026-02-27 09:00+01:00,2.907423
2026-02-27 09:15+01:00,2.779715
2026-02-27 09:30+01:00,2.179223
2026-02-27 09:45+01:00,2.899986
2026-02-27 10:00+01:00,2.522271
2026-02-27 10:15+01:00,2.060575
2026-02-27 10:30+01:00,2.403226
2026-02-27 10:45+01:00,3.209846
2026-02-27 11:00+01:00,2.805330
2026-02-27 11:15+01:00,1.680091
2026-02-27 11:30+01:00,3.013884
2026-02-27 11:45+01:00,3.402667
2026-02-27 12:00+01:00,5.010847
2026-02-27 12:15+01:00,3.688502
2026-02-27 12:30+01:00,4.741618
2026-02-27 12:45+01:00,4.333764
2026-02-27 13:00+01:00,4.383651
2026-02-27 13:15+01:00,4.184339
2026-02-27 13:30+01:00,3.790165
2026-02-27 13:45+01:00,3.974933
2026-02-27 14:00+01:00,4.390488
2026-02-27 14:15+01:00,4.844364
2026-02-27 14:30+01:00,4.539839
2026-02-27 14:45+01:00,4.524612
2026-02-27 15:00+01:00,
2026-02-27 15:15+01:00,
2026-02-27 15:30+01:00,4.338989
2026-02-27 15:45+01:00,4.486200
2026-02-27 16:00+01:00,3.875906
2026-02-27 16:15+01:00,3.979958
2026-02-27 16:30+01:00,
2026-02-27 16:45+01:00,4.026610
2026-02-27 17:00+01:00,4.558487
2026-02-27 17:15+01:00,4.494932
2026-02-27 17:30+01:00,
2026-02-27 17:45+01:00,4.262681
2026-02-27 18:00+01:00,
2026-02-27 18:15+01:00,2.096967
2026-02-27 18:30+01:00,2.745882
2026-02-27 18:45+01:00,3.137415
2026-02-27 19:00+01:00,2.210252
2026-02-27 19:15+01:00,2.268411
2026-02-27 19:30+01:00,2.702686
2026-02-27 19:45+01:00,3.085030
2026-02-27 20:00+01:00,2.698578
2026-02-27 20:15+01:00,2.629322
2026-02-27 20:30+01:00,1.456449
2026-02-27 20:45+01:00,2.810186
2026-02-27 21:00+01:00,1.524319
2026-02-27 21:15+01:00,2.958985
2026-02-27 21:30+01:00,2.088702
2026-02-27 21:45+01:00,3.253136
2026-02-27 22:00+01:00,1.942465
2026-02-27 22:15+01:00,2.855882
2026-02-27 22:30+01:00,2.031599
2026-02-27 22:45+01:00,3.614062
2026-02-27 23:00+01:00,2.586544
2026-02-27 23:15+01:00,1.936614
2026-02-27 23:30+01:00,2.810407
2026-02-27 23:45+01:00,1.716043
2026-02-28 00:00+01:00,4.137856
2026-02-28 00:15+01:00,3.255908
2026-02-28 00:30+01:00,3.126334
2026-02-28 00:45+01:00,2.469473
2026-02-28 01:00+01:00,3.275970
2026-02-28 01:15+01:00,2.289293
2026-02-28 01:30+01:00,2.667600
2026-02-28 01:45+01:00,3.166580
2026-02-28 02:00+01:00,2.734671
2026-02-28 02:15+01:00,2.121878
2026-02-28 02:30+01:00,3.221433
2026-02-28 02:45+01:00,2.686243
2026-02-28 03:00+01:00,4.381712
2026-02-28 03:15+01:00,4.511044
2026-02-28 03:30+01:00,4.903830
2026-02-28 03:45+01:00,4.486443
2026-02-28 04:00+01:00,4.052051
2026-02-28 04:15+01:00,5.056785
2026-02-28 04:30+01:00,4.417074
2026-02-28 04:45+01:00,4.456107
2026-02-28 05:00+01:00,4.542325
2026-02-28 05:15+01:00,4.264103
2026-02-28 05:30+01:00,5.023752
2026-02-28 05:45+01:00,
2026-02-28 06:00+01:00,5.196220
2026-02-28 06:15+01:00,4.404820
2026-02-28 06:30+01:00,5.112169
2026-02-28 06:45+01:00,3.784696
2026-02-28 07:00+01:00,2.745978
2026-02-28 07:15+01:00,2.469830
2026-02-28 07:30+01:00,2.599504
2026-02-28 07:45+01:00,1.584876
2026-02-28 08:00+01:00,2.908887
2026-02-28 08:15+01:00,1.864925
2026-02-28 08:30+01:00,
2026-02-28 08:45+01:00,3.272520
2026-02-28 09:00+01:00,2.432231
2026-02-28 09:15+01:00,
2026-02-28 09:30+01:00,2.372881
2026-02-28 09:45+01:00,2.155713
2026-02-28 10:00+01:00,3.351907
2026-02-28 10:15+01:00,2.490643
2026-02-28 10:30+01:00,2.992794
2026-02-28 10:45+01:00,2.217394
2026-02-28 11:00+01:00,2.511394
2026-02-28 11:15+01:00,3.169995
2026-02-28 11:30+01:00,2.261284
2026-02-28 11:45+01:00,2.418249
2026-02-28 12:00+01:00,
2026-02-28 12:15+01:00,
2026-02-28 12:30+01:00,2.940222
2026-02-28 12:45+01:00,
2026-02-28 13:00+01:00,2.090073
2026-02-28 13:15+01:00,2.480312
2026-02-28 13:30+01:00,1.880396
2026-02-28 13:45+01:00,3.523955
2026-02-28 14:00+01:00,2.534022
2026-02-28 14:15+01:00,2.339693
2026-02-28 14:30+01:00,3.291888
2026-02-28 14:45+01:00,2.338126
2026-02-28 15:00+01:00,2.608554
2026-02-28 15:15+01:00,2.647280
2026-02-28 15:30+01:00,2.310832
2026-02-28 15:45+01:00,1.998446
2026-02-28 16:00+01:00,2.427623
2026-02-28 16:15+01:00,3.323306
2026-02-28 16:30+01:00,2.380359
2026-02-28 16:45+01:00,2.242164
2026-02-28 17:00+01:00,
2026-02-28 17:15+01:00,1.783629
2026-02-28 17:30+01:00,1.866234
2026-02-28 17:45+01:00,1.742143
2026-02-28 18:00+01:00,1.789794
2026-02-28 18:15+01:00,3.491253
2026-02-28 18:30+01:00,2.038307
2026-02-28 18:45+01:00,2.557708
2026-02-28 19:00+01:00,2.486281
2026-02-28 19:15+01:00,1.509605
2026-02-28 19:30+01:00,3.110025
2026-02-28 19:45+01:00,2.780752
2026-02-28 20:00+01:00,3.793989
2026-02-28 20:15+01:00,2.442973
2026-02-28 20:30+01:00,2.611986
2026-02-28 20:45+01:00,3.646327
2026-02-28 21:00+01:00,2.766308
2026-02-28 21:15+01:00,2.173102
2026-02-28 21:30+01:00,3.251414
2026-02-28 21:45+01:00,3.083698
2026-02-28 22:00+01:00,1.550630
2026-02-28 22:15+01:00,2.395263
2026-02-28 22:30+01:00,2.169004
2026-02-28 22:45+01:00,3.135187
2026-02-28 23:00+01:00,2.824327
2026-02-28 23:15+01:00,2.633649
2026-02-28 23:30+01:00,2.176255
2026-02-28 23:45+01:00,2.553147
2026-03-01 00:00+01:00,2.099125
2026-03-01 00:15+01:00,2.963189
2026-03-01 00:30+01:00,
2026-03-01 00:45+01:00,1.836188
2026-03-01 01:00+01:00,2.751038
2026-03-01 01:15+01:00,2.813757
2026-03-01 01:30+01:00,2.341356
2026-03-01 01:45+01:00,3.209272
2026-03-01 02:00+01:00,1.742863
2026-03-01 02:15+01:00,2.284068
2026-03-01 02:30+01:00,2.747571
2026-03-01 02:45+01:00,2.227416
2026-03-01 03:00+01:00,2.968660
2026-03-01 03:15+01:00,2.848056
2026-03-01 03:30+01:00,2.691048
2026-03-01 03:45+01:00,2.418347
2026-03-01 04:00+01:00,1.710796
2026-03-01 04:15+01:00,2.289732
2026-03-01 04:30+01:00,3.646535
2026-03-01 04:45+01:00,1.665369
2026-03-01 05:00+01:00,2.489136
2026-03-01 05:15+01:00,3.777489
2026-03-01 05:30+01:00,2.202661
2026-03-01 05:45+01:00,2.069167
2026-03-01 06:00+01:00,4.073639
2026-03-01 06:15+01:00,4.369588
2026-03-01 06:30+01:00,3.965259
2026-03-01 06:45+01:00,4.572674
2026-03-01 07:00+01:00,3.716726
2026-03-01 07:15+01:00,4.636350
2026-03-01 07:30+01:00,4.574199
2026-03-01 07:45+01:00,4.814961
2026-03-01 08:00+01:00,4.515096
2026-03-01 08:15+01:00,4.434536
2026-03-01 08:30+01:00,4.931602
2026-03-01 08:45+01:00,3.483197
2026-03-01 09:00+01:00,2.505627
2026-03-01 09:15+01:00,2.688930
2026-03-01 09:30+01:00,2.862005
2026-03-01 09:45+01:00,1.460092
2026-03-01 10:00+01:00,3.117238
2026-03-01 10:15+01:00,2.350687
2026-03-01 10:30+01:00,2.498128
2026-03-01 10:45+01:00,3.141789
2026-03-01 11:00+01:00,2.848988
2026-03-01 11:15+01:00,4.428301
2026-03-01 11:30+01:00,2.031918
2026-03-01 11:45+01:00,2.173309
2026-03-01 12:00+01:00,2.834917
2026-03-01 12:15+01:00,1.958879
2026-03-01 12:30+01:00,3.353350
2026-03-01 12:45+01:00,2.049235
2026-03-01 13:00+01:00,2.361082
2026-03-01 13:15+01:00,2.716668
2026-03-01 13:30+01:00,3.099650
2026-03-01 13:45+01:00,2.721988
2026-03-01 14:00+01:00,2.511620
2026-03-01 14:15+01:00,2.073363
2026-03-01 14:30+01:00,2.362239
2026-03-01 14:45+01:00,2.724239
2026-03-01 15:00+01:00,2.617681
2026-03-01 15:15+01:00,2.832818
2026-03-01 15:30+01:00,
2026-03-01 15:45+01:00,1.797912
2026-03-01 16:00+01:00,2.353033
2026-03-01 16:15+01:00,1.273273
2026-03-01 16:30+01:00,2.609204
2026-03-01 16:45+01:00,2.362520
2026-03-01 17:00+01:00,3.562124
2026-03-01 17:15+01:00,2.399108
2026-03-01 17:30+01:00,3.195051
2026-03-01 17:45+01:00,2.091555
2026-03-01 18:00+01:00,2.405148
2026-03-01 18:15+01:00,2.329752
2026-03-01 18:30+01:00,1.340942
2026-03-01 18:45+01:00,2.471776
2026-03-01 19:00+01:00,2.575045
2026-03-01 19:15+01:00,1.436742
2026-03-01 19:30+01:00,3.649540
2026-03-01 19:45+01:00,3.519943
2026-03-01 20:00+01:00,2.541956
2026-03-01 20:15+01:00,2.012892
2026-03-01 20:30+01:00,2.531069
2026-03-01 20:45+01:00,
2026-03-01 21:00+01:00,2.577456
2026-03-01 21:15+01:00,3.232496
2026-03-01 21:30+01:00,2.667987
2026-03-01 21:45+01:00,1.854598
2026-03-01 22:00+01:00,3.542340
2026-03-01 22:15+01:00,2.921005
2026-03-01 22:30+01:00,2.632858
2026-03-01 22:45+01:00,0.813783
2026-03-01 23:00+01:00,1.999078
2026-03-01 23:15+01:00,2.729275
2026-03-01 23:30+01:00,1.913431
2026-03-01 23:45+01:00,2.145703
2026-03-02 00:00+01:00,2.169536
2026-03-02 00:15+01:00,2.202056
2026-03-02 00:30+01:00,1.674098
2026-03-02 00:45+01:00,2.057231
2026-03-02 01:00+01:00,2.989463
2026-03-02 01:15+01:00,2.503168
2026-03-02 01:30+01:00,2.524518
2026-03-02 01:45+01:00,1.783921
2026-03-02 02:00+01:00,1.949625
2026-03-02 02:15+01:00,2.636622
2026-03-02 02:30+01:00,12.917608
2026-03-02 02:45+01:00,21.866134
2026-03-02 03:00+01:00,2.883007
2026-03-02 03:15+01:00,2.496548
2026-03-02 03:30+01:00,3.091232
2026-03-02 03:45+01:00,2.189812
2026-03-02 04:00+01:00,2.313023
2026-03-02 04:15+01:00,2.133856
2026-03-02 04:30+01:00,3.091841
2026-03-02 04:45+01:00,2.495760
2026-03-02 05:00+01:00,
2026-03-02 05:15+01:00,2.702447
2026-03-02 05:30+01:00,2.108660
2026-03-02 05:45+01:00,3.049077
2026-03-02 06:00+01:00,2.460770
2026-03-02 06:15+01:00,2.263453
2026-03-02 06:30+01:00,2.173255
2026-03-02 06:45+01:00,2.877914
2026-03-02 07:00+01:00,
2026-03-02 07:15+01:00,2.318342
2026-03-02 07:30+01:00,3.483947
2026-03-02 07:45+01:00,2.966574
2026-03-02 08:00+01:00,3.005066
2026-03-02 08:15+01:00,2.721022
2026-03-02 08:30+01:00,3.345279
2026-03-02 08:45+01:00,2.547855
2026-03-02 09:00+01:00,2.135306
2026-03-02 09:15+01:00,2.788711
2026-03-02 09:30+01:00,2.378161
2026-03-02 09:45+01:00,3.619120
2026-03-02 10:00+01:00,2.979457
2026-03-02 10:15+01:00,2.884167
2026-03-02 10:30+01:00,2.130120
2026-03-02 10:45+01:00,14.606908
2026-03-02 11:00+01:00,2.356521
2026-03-02 11:15+01:00,2.786300
2026-03-02 11:30+01:00,3.218326
2026-03-02 11:45+01:00,1.392566
2026-03-02 12:00+01:00,4.403476
2026-03-02 12:15+01:00,4.611322
2026-03-02 12:30+01:00,4.570218
2026-03-02 12:45+01:00,3.931250
2026-03-02 13:00+01:00,4.953898
2026-03-02 13:15+01:00,4.905469
2026-03-02 13:30+01:00,4.420322
2026-03-02 13:45+01:00,4.155957
2026-03-02 14:00+01:00,4.230756
2026-03-02 14:15+01:00,4.556762
2026-03-02 14:30+01:00,4.157425
2026-03-02 14:45+01:00,4.984392
2026-03-02 15:00+01:00,4.088711
2026-03-02 15:15+01:00,4.078278
2026-03-02 15:30+01:00,4.426041
2026-03-02 15:45+01:00,4.295581
2026-03-02 16:00+01:00,2.109832
2026-03-02 16:15+01:00,2.794479
2026-03-02 16:30+01:00,
2026-03-02 16:45+01:00,2.826464
2026-03-02 17:00+01:00,3.204362
2026-03-02 17:15+01:00,2.966803
2026-03-02 17:30+01:00,1.980698
2026-03-02 17:45+01:00,2.791744
2026-03-02 18:00+01:00,
2026-03-02 18:15+01:00,1.938666
2026-03-02 18:30+01:00,2.995880
2026-03-02 18:45+01:00,2.541313
2026-03-02 19:00+01:00,2.104981
2026-03-02 19:15+01:00,2.678444
2026-03-02 19:30+01:00,2.753025
2026-03-02 19:45+01:00,1.841068
2026-03-02 20:00+01:00,2.620342
2026-03-02 20:15+01:00,3.834640
2026-03-02 20:30+01:00,2.886902
2026-03-02 20:45+01:00,1.960902
2026-03-02 21:00+01:00,2.080836
2026-03-02 21:15+01:00,1.618727
2026-03-02 21:30+01:00,2.223095
2026-03-02 21:45+01:00,1.971911
2026-03-02 22:00+01:00,3.325460
2026-03-02 22:15+01:00,2.535134
2026-03-02 22:30+01:00,2.690839
2026-03-02 22:45+01:00,1.629389
2026-03-02 23:00+01:00,2.394227
2026-03-02 23:15+01:00,2.717027
2026-03-02 23:30+01:00,2.315791
2026-03-02 23:45+01:00,2.549486
2026-03-03 00:00+01:00,2.543031
2026-03-03 00:15+01:00,4.623979
2026-03-03 00:30+01:00,5.067901
2026-03-03 00:45+01:00,4.675925
2026-03-03 01:00+01:00,4.760785
2026-03-03 01:15+01:00,3.895958
2026-03-03 01:30+01:00,4.686100
2026-03-03 01:45+01:00,4.082899
2026-03-03 02:00+01:00,3.790701
2026-03-03 02:15+01:00,4.340031
2026-03-03 02:30+01:00,4.200921
2026-03-03 02:45+01:00,5.265427
2026-03-03 03:00+01:00,4.496328
2026-03-03 03:15+01:00,4.139301
2026-03-03 03:30+01:00,3.875694
2026-03-03 03:45+01:00,4.649378
2026-03-03 04:00+01:00,4.317288
2026-03-03 04:15+01:00,4.729273
2026-03-03 04:30+01:00,4.273082
2026-03-03 04:45+01:00,3.885311
2026-03-03 05:00+01:00,4.315894
2026-03-03 05:15+01:00,4.542852
2026-03-03 05:30+01:00,4.650550
2026-03-03 05:45+01:00,4.207217
2026-03-03 06:00+01:00,3.320589
2026-03-03 06:15+01:00,1.985296
2026-03-03 06:30+01:00,2.556441
2026-03-03 06:45+01:00,2.748476
2026-03-03 07:00+01:00,1.937739
2026-03-03 07:15+01:00,1.743191
2026-03-03 07:30+01:00,3.080371
2026-03-03 07:45+01:00,2.545572
2026-03-03 08:00+01:00,2.101716
2026-03-03 08:15+01:00,2.613356
2026-03-03 08:30+01:00,3.110845
2026-03-03 08:45+01:00,1.721451
2026-03-03 09:00+01:00,2.005312
2026-03-03 09:15+01:00,2.596592
2026-03-03 09:30+01:00,2.768498
2026-03-03 09:45+01:00,2.709914
2026-03-03 10:00+01:00,2.479645
2026-03-03 10:15+01:00,2.291503
2026-03-03 10:30+01:00,3.842994
2026-03-03 10:45+01:00,1.861006
2026-03-03 11:00+01:00,1.512291
2026-03-03 11:15+01:00,3.056396
2026-03-03 11:30+01:00,2.480917
2026-03-03 11:45+01:00,3.810099
2026-03-03 12:00+01:00,2.854109
2026-03-03 12:15+01:00,2.141608
2026-03-03 12:30+01:00,1.790235
2026-03-03 12:45+01:00,2.679145
2026-03-03 13:00+01:00,1.937815
2026-03-03 13:15+01:00,2.616237
2026-03-03 13:30+01:00,1.922533
2026-03-03 13:45+01:00,2.771150
2026-03-03 14:00+01:00,2.893223
2026-03-03 14:15+01:00,
2026-03-03 14:30+01:00,2.693941
2026-03-03 14:45+01:00,2.163292
2026-03-03 15:00+01:00,1.355705
2026-03-03 15:15+01:00,2.663279
2026-03-03 15:30+01:00,2.405207
2026-03-03 15:45+01:00,3.610575
2026-03-03 16:00+01:00,2.183419
2026-03-03 16:15+01:00,2.677080
2026-03-03 16:30+01:00,3.458837
2026-03-03 16:45+01:00,2.484166
2026-03-03 17:00+01:00,0.775245
2026-03-03 17:15+01:00,2.947700
2026-03-03 17:30+01:00,2.021421
2026-03-03 17:45+01:00,1.846372
2026-03-03 18:00+01:00,2.166372
2026-03-03 18:15+01:00,1.643515
2026-03-03 18:30+01:00,2.947541
2026-03-03 18:45+01:00,2.122900
2026-03-03 19:00+01:00,2.627356
2026-03-03 19:15+01:00,3.062346
2026-03-03 19:30+01:00,1.633970
2026-03-03 19:45+01:00,1.413958
2026-03-03 20:00+01:00,2.064725
2026-03-03 20:15+01:00,2.935107
2026-03-03 20:30+01:00,2.187087
2026-03-03 20:45+01:00,2.312913
2026-03-03 21:00+01:00,3.137063
2026-03-03 21:15+01:00,2.353608
2026-03-03 21:30+01:00,2.152525
2026-03-03 21:45+01:00,1.636984
2026-03-03 22:00+01:00,1.979545
2026-03-03 22:15+01:00,2.891011
2026-03-03 22:30+01:00,2.975515
2026-03-03 22:45+01:00,3.553914
2026-03-03 23:00+01:00,2.505126
2026-03-03 23:15+01:00,2.041931
2026-03-03 23:30+01:00,2.527987
2026-03-03 23:45+01:00,2.900226
2026-03-04 00:00+01:00,4.629805
2026-03-04 00:15+01:00,2.824499
2026-03-04 00:30+01:00,2.178158
2026-03-04 00:45+01:00,2.602173
2026-03-04 01:00+01:00,2.146466
2026-03-04 01:15+01:00,3.073104
2026-03-04 01:30+01:00,2.303909
2026-03-04 01:45+01:00,2.402756
2026-03-04 02:00+01:00,2.701859
2026-03-04 02:15+01:00,2.681914
2026-03-04 02:30+01:00,1.731161
2026-03-04 02:45+01:00,1.999443
2026-03-04 03:00+01:00,3.046234
2026-03-04 03:15+01:00,1.500954
2026-03-04 03:30+01:00,1.540952
2026-03-04 03:45+01:00,2.088165
2026-03-04 04:00+01:00,1.798235
2026-03-04 04:15+01:00,3.645136
2026-03-04 04:30+01:00,3.443001
2026-03-04 04:45+01:00,1.479945
2026-03-04 05:00+01:00,2.551568
2026-03-04 05:15+01:00,2.274844
2026-03-04 05:30+01:00,1.443112
2026-03-04 05:45+01:00,2.441212
2026-03-04 06:00+01:00,3.119197
2026-03-04 06:15+01:00,2.877576
2026-03-04 06:30+01:00,2.700924
2026-03-04 06:45+01:00,2.785729
2026-03-04 07:00+01:00,2.543090
2026-03-04 07:15+01:00,3.480891
2026-03-04 07:30+01:00,2.702293
2026-03-04 07:45+01:00,0.769119
2026-03-04 08:00+01:00,2.643072
2026-03-04 08:15+01:00,3.100102
2026-03-04 08:30+01:00,2.834333
2026-03-04 08:45+01:00,3.563602
2026-03-04 09:00+01:00,4.187918
2026-03-04 09:15+01:00,
2026-03-04 09:30+01:00,4.417080
2026-03-04 09:45+01:00,4.512341
2026-03-04 10:00+01:00,4.324254
2026-03-04 10:15+01:00,
2026-03-04 10:30+01:00,4.029612
2026-03-04 10:45+01:00,4.520820
2026-03-04 11:00+01:00,4.318386
2026-03-04 11:15+01:00,4.488917
2026-03-04 11:30+01:00,4.711891
2026-03-04 11:45+01:00,4.574211
2026-03-04 12:00+01:00,4.091619
2026-03-04 12:15+01:00,4.673125
2026-03-04 12:30+01:00,4.566352
2026-03-04 12:45+01:00,4.109399
2026-03-04 13:00+01:00,4.316550
2026-03-04 13:15+01:00,3.875608
2026-03-04 13:30+01:00,4.300562
2026-03-04 13:45+01:00,4.158658
2026-03-04 14:00+01:00,
2026-03-04 14:15+01:00,4.430022
2026-03-04 14:30+01:00,4.382479
2026-03-04 14:45+01:00,4.988568
2026-03-04 15:00+01:00,2.587772
2026-03-04 15:15+01:00,
2026-03-04 15:30+01:00,2.547557
2026-03-04 15:45+01:00,3.162119
2026-03-04 16:00+01:00,3.809175
2026-03-04 16:15+01:00,
2026-03-04 16:30+01:00,3.005525
2026-03-04 16:45+01:00,2.465409
2026-03-04 17:00+01:00,3.044697
2026-03-04 17:15+01:00,2.444109
2026-03-04 17:30+01:00,1.754497
2026-03-04 17:45+01:00,0.735511
2026-03-04 18:00+01:00,2.084543
2026-03-04 18:15+01:00,2.615425
2026-03-04 18:30+01:00,1.869996
2026-03-04 18:45+01:00,2.636619
2026-03-04 19:00+01:00,2.573320
2026-03-04 19:15+01:00,2.731466
2026-03-04 19:30+01:00,2.296277
2026-03-04 19:45+01:00,2.238098
2026-03-04 20:00+01:00,2.383148
2026-03-04 20:15+01:00,1.749949
2026-03-04 20:30+01:00,2.256080
2026-03-04 20:45+01:00,1.516277
2026-03-04 21:00+01:00,2.773556
2026-03-04 21:15+01:00,3.420697
2026-03-04 21:30+01:00,2.988838
2026-03-04 21:45+01:00,2.570195
2026-03-04 22:00+01:00,2.177807
2026-03-04 22:15+01:00,2.022992
2026-03-04 22:30+01:00,2.047696
2026-03-04 22:45+01:00,1.900486
2026-03-04 23:00+01:00,2.689548
2026-03-04 23:15+01:00,2.818827
2026-03-04 23:30+01:00,3.199605
2026-03-04 23:45+01:00,2.279598
2026-03-05 00:00+01:00,2.910970
2026-03-05 00:15+01:00,4.508771
2026-03-05 00:30+01:00,4.418201
2026-03-05 00:45+01:00,3.918997
2026-03-05 01:00+01:00,
2026-03-05 01:15+01:00,4.000769
2026-03-05 01:30+01:00,3.542841
2026-03-05 01:45+01:00,4.211945
2026-03-05 02:00+01:00,4.083179
2026-03-05 02:15+01:00,4.969137
2026-03-05 02:30+01:00,4.312305
2026-03-05 02:45+01:00,4.476112
2026-03-05 03:00+01:00,4.300992
2026-03-05 03:15+01:00,4.324716
2026-03-05 03:30+01:00,4.624067
2026-03-05 03:45+01:00,4.594756
2026-03-05 04:00+01:00,4.042044
2026-03-05 04:15+01:00,3.873164
2026-03-05 04:30+01:00,
2026-03-05 04:45+01:00,4.497171
2026-03-05 05:00+01:00,4.762014
2026-03-05 05:15+01:00,4.190717
2026-03-05 05:30+01:00,4.644273
2026-03-05 05:45+01:00,4.465633
2026-03-05 06:00+01:00,1.348192
2026-03-05 06:15+01:00,2.575775
2026-03-05 06:30+01:00,2.953430
2026-03-05 06:45+01:00,3.704233
2026-03-05 07:00+01:00,2.720908
2026-03-05 07:15+01:00,2.976802
2026-03-05 07:30+01:00,3.120896
2026-03-05 07:45+01:00,3.662100
2026-03-05 08:00+01:00,3.037029
2026-03-05 08:15+01:00,2.684480
2026-03-05 08:30+01:00,1.697172
2026-03-05 08:45+01:00,2.646293
2026-03-05 09:00+01:00,2.835979
2026-03-05 09:15+01:00,2.402682
2026-03-05 09:30+01:00,2.490104
2026-03-05 09:45+01:00,1.240294
2026-03-05 10:00+01:00,2.063544
2026-03-05 10:15+01:00,2.182456
2026-03-05 10:30+01:00,2.627576
2026-03-05 10:45+01:00,2.759709
2026-03-05 11:00+01:00,
2026-03-05 11:15+01:00,3.147385
2026-03-05 11:30+01:00,1.901630
2026-03-05 11:45+01:00,2.303188
2026-03-05 12:00+01:00,2.936988
2026-03-05 12:15+01:00,2.055143
2026-03-05 12:30+01:00,2.336530
2026-03-05 12:45+01:00,1.747780
2026-03-05 13:00+01:00,2.207776
2026-03-05 13:15+01:00,2.000920
2026-03-05 13:30+01:00,2.254501
2026-03-05 13:45+01:00,3.541476
2026-03-05 14:00+01:00,1.756845
2026-03-05 14:15+01:00,2.609792
2026-03-05 14:30+01:00,1.875482
2026-03-05 14:45+01:00,
2026-03-05 15:00+01:00,2.237214
2026-03-05 15:15+01:00,
2026-03-05 15:30+01:00,
2026-03-05 15:45+01:00,1.986617
2026-03-05 16:00+01:00,2.956917
2026-03-05 16:15+01:00,3.082862
2026-03-05 16:30+01:00,3.063221
2026-03-05 16:45+01:00,2.686005
2026-03-05 17:00+01:00,2.988772
2026-03-05 17:15+01:00,2.379982
2026-03-05 17:30+01:00,1.823418
2026-03-05 17:45+01:00,2.342234
2026-03-05 18:00+01:00,2.410630
2026-03-05 18:15+01:00,2.272155
2026-03-05 18:30+01:00,2.629783
2026-03-05 18:45+01:00,2.400308
2026-03-05 19:00+01:00,2.742276
2026-03-05 19:15+01:00,2.371128
2026-03-05 19:30+01:00,2.027901
2026-03-05 19:45+01:00,1.854220
2026-03-05 20:00+01:00,2.481612
2026-03-05 20:15+01:00,1.919684
2026-03-05 20:30+01:00,
2026-03-05 20:45+01:00,2.430276
2026-03-05 21:00+01:00,2.791154
2026-03-05 21:15+01:00,1.788226
2026-03-05 21:30+01:00,3.211088
2026-03-05 21:45+01:00,2.798278
2026-03-05 22:00+01:00,2.563579
2026-03-05 22:15+01:00,2.672798
2026-03-05 22:30+01:00,2.734854
2026-03-05 22:45+01:00,1.944359
2026-03-05 23:00+01:00,3.432588
2026-03-05 23:15+01:00,2.806208
2026-03-05 23:30+01:00,1.636694
2026-03-05 23:45+01:00,2.209203
2026-03-06 00:00+01:00,4.977379
2026-03-06 00:15+01:00,1.586395
2026-03-06 00:30+01:00,2.379314
2026-03-06 00:45+01:00,3.042888
2026-03-06 01:00+01:00,2.164323
2026-03-06 01:15+01:00,2.405312
2026-03-06 01:30+01:00,1.875084
2026-03-06 01:45+01:00,2.797668
2026-03-06 02:00+01:00,
2026-03-06 02:15+01:00,2.970026
2026-03-06 02:30+01:00,2.549769
2026-03-06 02:45+01:00,2.534108
2026-03-06 03:00+01:00,3.685878
2026-03-06 03:15+01:00,4.332811
2026-03-06 03:30+01:00,4.627156
2026-03-06 03:45+01:00,3.898504
2026-03-06 04:00+01:00,
2026-03-06 04:15+01:00,4.507784
2026-03-06 04:30+01:00,4.679820
2026-03-06 04:45+01:00,5.186021
2026-03-06 05:00+01:00,4.831870
2026-03-06 05:15+01:00,3.952736
2026-03-06 05:30+01:00,4.740202
2026-03-06 05:45+01:00,4.556361
2026-03-06 06:00+01:00,1.855897
2026-03-06 06:15+01:00,2.499236
2026-03-06 06:30+01:00,3.465795
2026-03-06 06:45+01:00,3.324704
2026-03-06 07:00+01:00,2.546327
2026-03-06 07:15+01:00,2.598603
2026-03-06 07:30+01:00,3.116870
2026-03-06 07:45+01:00,2.493184
2026-03-06 08:00+01:00,2.658509
2026-03-06 08:15+01:00,2.342988
2026-03-06 08:30+01:00,3.088632
2026-03-06 08:45+01:00,2.067258
2026-03-06 09:00+01:00,2.276648
2026-03-06 09:15+01:00,2.334094
2026-03-06 09:30+01:00,3.709930
2026-03-06 09:45+01:00,2.319656
2026-03-06 10:00+01:00,1.710243
2026-03-06 10:15+01:00,3.702119
2026-03-06 10:30+01:00,2.999144
2026-03-06 10:45+01:00,1.784775
2026-03-06 11:00+01:00,2.060767
2026-03-06 11:15+01:00,2.949794
2026-03-06 11:30+01:00,0.627780
2026-03-06 11:45+01:00,1.364821
2026-03-06 12:00+01:00,1.397364
2026-03-06 12:15+01:00,1.647520
2026-03-06 12:30+01:00,2.783348
2026-03-06 12:45+01:00,1.950005
2026-03-06 13:00+01:00,2.374619
2026-03-06 13:15+01:00,2.477416
2026-03-06 13:30+01:00,2.587718
2026-03-06 13:45+01:00,2.769082
2026-03-06 14:00+01:00,2.674942
2026-03-06 14:15+01:00,1.638822
2026-03-06 14:30+01:00,2.222598
2026-03-06 14:45+01:00,1.415235
2026-03-06 15:00+01:00,1.889145
2026-03-06 15:15+01:00,2.507918
2026-03-06 15:30+01:00,3.106480
2026-03-06 15:45+01:00,2.337330
2026-03-06 16:00+01:00,2.389787
2026-03-06 16:15+01:00,2.468014
2026-03-06 16:30+01:00,2.916440
2026-03-06 16:45+01:00,2.610057
2026-03-06 17:00+01:00,3.211367
2026-03-06 17:15+01:00,1.729028
2026-03-06 17:30+01:00,1.092135
2026-03-06 17:45+01:00,2.187154
2026-03-06 18:00+01:00,4.298943
2026-03-06 18:15+01:00,4.594864
2026-03-06 18:30+01:00,
2026-03-06 18:45+01:00,4.186151
2026-03-06 19:00+01:00,4.420838
2026-03-06 19:15+01:00,4.230692
2026-03-06 19:30+01:00,
2026-03-06 19:45+01:00,3.777741
2026-03-06 20:00+01:00,4.226997
2026-03-06 20:15+01:00,3.978611
2026-03-06 20:30+01:00,3.902526
2026-03-06 20:45+01:00,4.550036
2026-03-06 21:00+01:00,2.321449
2026-03-06 21:15+01:00,1.737077
2026-03-06 21:30+01:00,2.886563
2026-03-06 21:45+01:00,2.732321
2026-03-06 22:00+01:00,2.004608
2026-03-06 22:15+01:00,2.670708
2026-03-06 22:30+01:00,1.576154
2026-03-06 22:45+01:00,2.394201
2026-03-06 23:00+01:00,2.529475
2026-03-06 23:15+01:00,2.521008
2026-03-06 23:30+01:00,2.386717
2026-03-06 23:45+01:00,3.103066
2026-03-07 00:00+01:00,3.451098
2026-03-07 00:15+01:00,2.933751
2026-03-07 00:30+01:00,1.961364
2026-03-07 00:45+01:00,2.702836
2026-03-07 01:00+01:00,1.761898
2026-03-07 01:15+01:00,2.719547
2026-03-07 01:30+01:00,2.815574
2026-03-07 01:45+01:00,2.132600
2026-03-07 02:00+01:00,1.924754
2026-03-07 02:15+01:00,2.887857
2026-03-07 02:30+01:00,2.655184
2026-03-07 02:45+01:00,2.322642
2026-03-07 03:00+01:00,1.789469
2026-03-07 03:15+01:00,2.835518
2026-03-07 03:30+01:00,3.271300
2026-03-07 03:45+01:00,2.048378
2026-03-07 04:00+01:00,1.895823
2026-03-07 04:15+01:00,8.720280
2026-03-07 04:30+01:00,1.391145
2026-03-07 04:45+01:00,3.117932
2026-03-07 05:00+01:00,2.986729
2026-03-07 05:15+01:00,3.246040
2026-03-07 05:30+01:00,2.225895
2026-03-07 05:45+01:00,2.176474
2026-03-07 06:00+01:00,3.924092
2026-03-07 06:15+01:00,4.150397
2026-03-07 06:30+01:00,4.628013
2026-03-07 06:45+01:00,4.618268
2026-03-07 07:00+01:00,4.080114
2026-03-07 07:15+01:00,4.537221
2026-03-07 07:30+01:00,4.462336
2026-03-07 07:45+01:00,4.006801
2026-03-07 08:00+01:00,4.505788
2026-03-07 08:15+01:00,3.766712
2026-03-07 08:30+01:00,4.633673
2026-03-07 08:45+01:00,4.224025
2026-03-07 09:00+01:00,5.157813
2026-03-07 09:15+01:00,3.953380
2026-03-07 09:30+01:00,4.532187
2026-03-07 09:45+01:00,3.887772
2026-03-07 10:00+01:00,5.044445
2026-03-07 10:15+01:00,5.234412
2026-03-07 10:30+01:00,4.341348
2026-03-07 10:45+01:00,3.891493
2026-03-07 11:00+01:00,2.579783
2026-03-07 11:15+01:00,1.948742
2026-03-07 11:30+01:00,2.260654
2026-03-07 11:45+01:00,1.882507
2026-03-07 12:00+01:00,3.414785
2026-03-07 12:15+01:00,2.675362
2026-03-07 12:30+01:00,2.320124
2026-03-07 12:45+01:00,2.247857
2026-03-07 13:00+01:00,2.405987
2026-03-07 13:15+01:00,2.939543
2026-03-07 13:30+01:00,1.326709
2026-03-07 13:45+01:00,2.253390
2026-03-07 14:00+01:00,3.105287
2026-03-07 14:15+01:00,2.460422
2026-03-07 14:30+01:00,1.609461
2026-03-07 14:45+01:00,1.531777
2026-03-07 15:00+01:00,1.756118
2026-03-07 15:15+01:00,
2026-03-07 15:30+01:00,2.382661
2026-03-07 15:45+01:00,2.275677
2026-03-07 16:00+01:00,2.371369
2026-03-07 16:15+01:00,3.029896
2026-03-07 16:30+01:00,1.387683
2026-03-07 16:45+01:00,2.534131
2026-03-07 17:00+01:00,1.869229
2026-03-07 17:15+01:00,3.494981
2026-03-07 17:30+01:00,2.788582
2026-03-07 17:45+01:00,2.013342
2026-03-07 18:00+01:00,3.620254
2026-03-07 18:15+01:00,4.857416
2026-03-07 18:30+01:00,4.304532
2026-03-07 18:45+01:00,4.315313
2026-03-07 19:00+01:00,4.029100
2026-03-07 19:15+01:00,4.540689
2026-03-07 19:30+01:00,4.547833
2026-03-07 19:45+01:00,4.635025
2026-03-07 20:00+01:00,3.828938
2026-03-07 20:15+01:00,4.702977
2026-03-07 20:30+01:00,4.495736
2026-03-07 20:45+01:00,4.274183
2026-03-07 21:00+01:00,4.884404
2026-03-07 21:15+01:00,4.882221
2026-03-07 21:30+01:00,4.273736
2026-03-07 21:45+01:00,5.220359
2026-03-07 22:00+01:00,4.348164
2026-03-07 22:15+01:00,4.602220
2026-03-07 22:30+01:00,5.341702
2026-03-07 22:45+01:00,4.374144
2026-03-07 23:00+01:00,4.459244
2026-03-07 23:15+01:00,4.721204
2026-03-07 23:30+01:00,4.082472
2026-03-07 23:45+01:00,4.240640
2026-03-08 00:00+01:00,2.985037
2026-03-08 00:15+01:00,4.436192
2026-03-08 00:30+01:00,4.423702
2026-03-08 00:45+01:00,4.450158
2026-03-08 01:00+01:00,4.139071
2026-03-08 01:15+01:00,4.831794
2026-03-08 01:30+01:00,3.901683
2026-03-08 01:45+01:00,4.504473
2026-03-08 02:00+01:00,4.700773
2026-03-08 02:15+01:00,4.965642
2026-03-08 02:30+01:00,4.479349
2026-03-08 02:45+01:00,4.551948
2026-03-08 03:00+01:00,1.988940
2026-03-08 03:15+01:00,2.417752
2026-03-08 03:30+01:00,2.982829
2026-03-08 03:45+01:00,2.924487
2026-03-08 04:00+01:00,1.676381
2026-03-08 04:15+01:00,2.240617
2026-03-08 04:30+01:00,1.833701
2026-03-08 04:45+01:00,1.786247
2026-03-08 05:00+01:00,3.599136
2026-03-08 05:15+01:00,2.250883
2026-03-08 05:30+01:00,2.479752
2026-03-08 05:45+01:00,2.143337
2026-03-08 06:00+01:00,
2026-03-08 06:15+01:00,3.192177
2026-03-08 06:30+01:00,2.847926
2026-03-08 06:45+01:00,1.374293
2026-03-08 07:00+01:00,3.014798
2026-03-08 07:15+01:00,2.309352
2026-03-08 07:30+01:00,2.376660
2026-03-08 07:45+01:00,2.994522
2026-03-08 08:00+01:00,2.009179
2026-03-08 08:15+01:00,4.187846
2026-03-08 08:30+01:00,0.987395
2026-03-08 08:45+01:00,2.072234
2026-03-08 09:00+01:00,2.256716
2026-03-08 09:15+01:00,2.437347
2026-03-08 09:30+01:00,2.217405
2026-03-08 09:45+01:00,2.767257
2026-03-08 10:00+01:00,2.307007
2026-03-08 10:15+01:00,3.002972
2026-03-08 10:30+01:00,3.241680
2026-03-08 10:45+01:00,1.761939
2026-03-08 11:00+01:00,2.907813
2026-03-08 11:15+01:00,2.897842
2026-03-08 11:30+01:00,3.324567
2026-03-08 11:45+01:00,3.077564
2026-03-08 12:00+01:00,2.840375
2026-03-08 12:15+01:00,1.607644
2026-03-08 12:30+01:00,1.212570
2026-03-08 12:45+01:00,2.570235
2026-03-08 13:00+01:00,2.663251
2026-03-08 13:15+01:00,
2026-03-08 13:30+01:00,2.641608
2026-03-08 13:45+01:00,2.219404
2026-03-08 14:00+01:00,2.329274
2026-03-08 14:15+01:00,1.684693
2026-03-08 14:30+01:00,2.652537
2026-03-08 14:45+01:00,2.467814
2026-03-08 15:00+01:00,3.369600
2026-03-08 15:15+01:00,2.835041
2026-03-08 15:30+01:00,3.026459
2026-03-08 15:45+01:00,2.270261
2026-03-08 16:00+01:00,2.625811
2026-03-08 16:15+01:00,2.809597
2026-03-08 16:30+01:00,2.805329
2026-03-08 16:45+01:00,1.352585
2026-03-08 17:00+01:00,2.220539
2026-03-08 17:15+01:00,2.316745
2026-03-08 17:30+01:00,3.776366
2026-03-08 17:45+01:00,2.933786
2026-03-08 18:00+01:00,2.593868
2026-03-08 18:15+01:00,1.847928
2026-03-08 18:30+01:00,2.992989
2026-03-08 18:45+01:00,2.415511
2026-03-08 19:00+01:00,4.156700
2026-03-08 19:15+01:00,4.230677
2026-03-08 19:30+01:00,3.985837
2026-03-08 19:45+01:00,4.728451
2026-03-08 20:00+01:00,4.529973
2026-03-08 20:15+01:00,3.833636
2026-03-08 20:30+01:00,
2026-03-08 20:45+01:00,
2026-03-08 21:00+01:00,4.491352
2026-03-08 21:15+01:00,4.057594
2026-03-08 21:30+01:00,4.056089
2026-03-08 21:45+01:00,4.611837
2026-03-08 22:00+01:00,4.199852
2026-03-08 22:15+01:00,4.344172
2026-03-08 22:30+01:00,4.294657
2026-03-08 22:45+01:00,4.055380
2026-03-08 23:00+01:00,3.915207
2026-03-08 23:15+01:00,4.265986
2026-03-08 23:30+01:00,4.535479
2026-03-08 23:45+01:00,3.854719
2026-03-09 00:00+01:00,4.372927
2026-03-09 00:15+01:00,2.836025
2026-03-09 00:30+01:00,2.451075
2026-03-09 00:45+01:00,2.099636
2026-03-09 01:00+01:00,2.790770
2026-03-09 01:15+01:00,2.760965
2026-03-09 01:30+01:00,1.987621
2026-03-09 01:45+01:00,3.615193
2026-03-09 02:00+01:00,
2026-03-09 02:15+01:00,2.162038
2026-03-09 02:30+01:00,2.547091
2026-03-09 02:45+01:00,2.737910
2026-03-09 03:00+01:00,2.074283
2026-03-09 03:15+01:00,1.658705
2026-03-09 03:30+01:00,1.288287
2026-03-09 03:45+01:00,1.535677
2026-03-09 04:00+01:00,2.817176
2026-03-09 04:15+01:00,2.885923
2026-03-09 04:30+01:00,2.441990
2026-03-09 04:45+01:00,1.748559
2026-03-09 05:00+01:00,2.144231
2026-03-09 05:15+01:00,2.024441
2026-03-09 05:30+01:00,2.405494
2026-03-09 05:45+01:00,2.322308
2026-03-09 06:00+01:00,1.894624
2026-03-09 06:15+01:00,2.432338
2026-03-09 06:30+01:00,1.797463
2026-03-09 06:45+01:00,2.011920
2026-03-09 07:00+01:00,1.756215
2026-03-09 07:15+01:00,3.661013
2026-03-09 07:30+01:00,
2026-03-09 07:45+01:00,3.614222
2026-03-09 08:00+01:00,2.053370
2026-03-09 08:15+01:00,1.936293
2026-03-09 08:30+01:00,2.478534
2026-03-09 08:45+01:00,
2026-03-09 09:00+01:00,4.429677
2026-03-09 09:15+01:00,4.382806
2026-03-09 09:30+01:00,5.005130
2026-03-09 09:45+01:00,4.154792
2026-03-09 10:00+01:00,4.189450
2026-03-09 10:15+01:00,3.902438
2026-03-09 10:30+01:00,4.488217
2026-03-09 10:45+01:00,4.532068
2026-03-09 11:00+01:00,4.839797
2026-03-09 11:15+01:00,4.352026
2026-03-09 11:30+01:00,4.619399
2026-03-09 11:45+01:00,4.732390
2026-03-09 12:00+01:00,4.469236
2026-03-09 12:15+01:00,4.463726
2026-03-09 12:30+01:00,4.273173
2026-03-09 12:45+01:00,4.856117
2026-03-09 13:00+01:00,4.719836
2026-03-09 13:15+01:00,4.300565
2026-03-09 13:30+01:00,4.881013
2026-03-09 13:45+01:00,4.144495
2026-03-09 14:00+01:00,3.912217
2026-03-09 14:15+01:00,4.297024
2026-03-09 14:30+01:00,4.239118
2026-03-09 14:45+01:00,4.510376
2026-03-09 15:00+01:00,3.243009
2026-03-09 15:15+01:00,2.375046
2026-03-09 15:30+01:00,2.073074
2026-03-09 15:45+01:00,2.628129
2026-03-09 16:00+01:00,
2026-03-09 16:15+01:00,2.331545
2026-03-09 16:30+01:00,2.158924
2026-03-09 16:45+01:00,3.136509
2026-03-09 17:00+01:00,3.116321
2026-03-09 17:15+01:00,2.117096
2026-03-09 17:30+01:00,2.713649
2026-03-09 17:45+01:00,3.008001
2026-03-09 18:00+01:00,2.330202
2026-03-09 18:15+01:00,3.051889
2026-03-09 18:30+01:00,2.898246
2026-03-09 18:45+01:00,1.300385
2026-03-09 19:00+01:00,2.183834
2026-03-09 19:15+01:00,2.496557
2026-03-09 19:30+01:00,2.554345
2026-03-09 19:45+01:00,1.754098
2026-03-09 20:00+01:00,2.431093
2026-03-09 20:15+01:00,2.598891
2026-03-09 20:30+01:00,1.375927
2026-03-09 20:45+01:00,2.546737
2026-03-09 21:00+01:00,2.833462
2026-03-09 21:15+01:00,2.288529
2026-03-09 21:30+01:00,2.246724
2026-03-09 21:45+01:00,2.683859
2026-03-09 22:00+01:00,4.122131
2026-03-09 22:15+01:00,3.224853
2026-03-09 22:30+01:00,
2026-03-09 22:45+01:00,0.896900
2026-03-09 23:00+01:00,2.772005
2026-03-09 23:15+01:00,3.280879
2026-03-09 23:30+01:00,2.639928
2026-03-09 23:45+01:00,1.662269
2026-03-10 00:00+01:00,
2026-03-10 00:15+01:00,
2026-03-10 00:30+01:00,
2026-03-10 00:45+01:00,1.688533
2026-03-10 01:00+01:00,1.507878
2026-03-10 01:15+01:00,2.442084
2026-03-10 01:30+01:00,1.902899
2026-03-10 01:45+01:00,2.149610
2026-03-10 02:00+01:00,3.014328
2026-03-10 02:15+01:00,2.274024
2026-03-10 02:30+01:00,2.279349
2026-03-10 02:45+01:00,2.740445
2026-03-10 03:00+01:00,3.876139
2026-03-10 03:15+01:00,3.895362
2026-03-10 03:30+01:00,4.134236
2026-03-10 03:45+01:00,4.572907
2026-03-10 04:00+01:00,3.966666
2026-03-10 04:15+01:00,4.867208
2026-03-10 04:30+01:00,
2026-03-10 04:45+01:00,3.851561
2026-03-10 05:00+01:00,4.271339
2026-03-10 05:15+01:00,4.388716
2026-03-10 05:30+01:00,3.916996
2026-03-10 05:45+01:00,4.692271
2026-03-10 06:00+01:00,4.721501
2026-03-10 06:15+01:00,4.041184
2026-03-10 06:30+01:00,3.918429
2026-03-10 06:45+01:00,4.466693
2026-03-10 07:00+01:00,3.918103
2026-03-10 07:15+01:00,4.249335
2026-03-10 07:30+01:00,4.361899
2026-03-10 07:45+01:00,4.876183
2026-03-10 08:00+01:00,2.012762
2026-03-10 08:15+01:00,3.193896
2026-03-10 08:30+01:00,2.939800
2026-03-10 08:45+01:00,3.099719
2026-03-10 09:00+01:00,1.897937
2026-03-10 09:15+01:00,2.233375
2026-03-10 09:30+01:00,1.450753
2026-03-10 09:45+01:00,2.605796
2026-03-10 10:00+01:00,2.371716
2026-03-10 10:15+01:00,3.471376
2026-03-10 10:30+01:00,1.727508
2026-03-10 10:45+01:00,2.482514
2026-03-10 11:00+01:00,2.141024
2026-03-10 11:15+01:00,2.335292
2026-03-10 11:30+01:00,3.624026
2026-03-10 11:45+01:00,1.859586
2026-03-10 12:00+01:00,4.821248
2026-03-10 12:15+01:00,4.878070
2026-03-10 12:30+01:00,4.395500
2026-03-10 12:45+01:00,5.083064
2026-03-10 13:00+01:00,4.132502
2026-03-10 13:15+01:00,4.493658
2026-03-10 13:30+01:00,4.770201
2026-03-10 13:45+01:00,4.100425
2026-03-10 14:00+01:00,4.582440
2026-03-10 14:15+01:00,4.261697
2026-03-10 14:30+01:00,4.560125
2026-03-10 14:45+01:00,
2026-03-10 15:00+01:00,4.216288
2026-03-10 15:15+01:00,3.978753
2026-03-10 15:30+01:00,4.398627
2026-03-10 15:45+01:00,4.088258
2026-03-10 16:00+01:00,4.093598
2026-03-10 16:15+01:00,3.912482
2026-03-10 16:30+01:00,4.155657
2026-03-10 16:45+01:00,4.486754
2026-03-10 17:00+01:00,2.948382
2026-03-10 17:15+01:00,2.813266
2026-03-10 17:30+01:00,2.508295
2026-03-10 17:45+01:00,2.460021
2026-03-10 18:00+01:00,2.461248
2026-03-10 18:15+01:00,1.980415
2026-03-10 18:30+01:00,2.652638
2026-03-10 18:45+01:00,2.606688
2026-03-10 19:00+01:00,2.905316
2026-03-10 19:15+01:00,2.905217
2026-03-10 19:30+01:00,2.811755
2026-03-10 19:45+01:00,1.947242
2026-03-10 20:00+01:00,2.017189
2026-03-10 20:15+01:00,1.327050
2026-03-10 20:30+01:00,2.361705
2026-03-10 20:45+01:00,1.895485
2026-03-10 21:00+01:00,2.210836
2026-03-10 21:15+01:00,2.371251
2026-03-10 21:30+01:00,2.863607
2026-03-10 21:45+01:00,2.431489
2026-03-10 22:00+01:00,2.298166
2026-03-10 22:15+01:00,3.538846
2026-03-10 22:30+01:00,2.015619
2026-03-10 22:45+01:00,2.618095
2026-03-10 23:00+01:00,2.522626
2026-03-10 23:15+01:00,2.093721
2026-03-10 23:30+01:00,1.942945
2026-03-10 23:45+01:00,2.986040
2026-03-11 00:00+01:00,1.872685
2026-03-11 00:15+01:00,2.018268
2026-03-11 00:30+01:00,3.102048
2026-03-11 00:45+01:00,2.889239
2026-03-11 01:00+01:00,2.169885
2026-03-11 01:15+01:00,3.446090
2026-03-11 01:30+01:00,1.959214
2026-03-11 01:45+01:00,2.583525
2026-03-11 02:00+01:00,2.786761
2026-03-11 02:15+01:00,2.463498
2026-03-11 02:30+01:00,2.671942
2026-03-11 02:45+01:00,2.621086
2026-03-11 03:00+01:00,2.473113
2026-03-11 03:15+01:00,2.800035
2026-03-11 03:30+01:00,2.181713
2026-03-11 03:45+01:00,3.042298
2026-03-11 04:00+01:00,3.235312
2026-03-11 04:15+01:00,1.826757
2026-03-11 04:30+01:00,2.519442
2026-03-11 04:45+01:00,3.172021
2026-03-11 05:00+01:00,3.007935
2026-03-11 05:15+01:00,2.327456
2026-03-11 05:30+01:00,2.225745
2026-03-11 05:45+01:00,1.939417
2026-03-11 06:00+01:00,1.985696
2026-03-11 06:15+01:00,1.854717
2026-03-11 06:30+01:00,2.627713
2026-03-11 06:45+01:00,3.177229
2026-03-11 07:00+01:00,2.843986
2026-03-11 07:15+01:00,2.221566
2026-03-11 07:30+01:00,2.315790
2026-03-11 07:45+01:00,1.326182
2026-03-11 08:00+01:00,3.055708
2026-03-11 08:15+01:00,1.634483
2026-03-11 08:30+01:00,2.186128
2026-03-11 08:45+01:00,2.519788
2026-03-11 09:00+01:00,3.824409
2026-03-11 09:15+01:00,4.778901
2026-03-11 09:30+01:00,
2026-03-11 09:45+01:00,4.853178
2026-03-11 10:00+01:00,4.846848
2026-03-11 10:15+01:00,4.328045
2026-03-11 10:30+01:00,4.157140
2026-03-11 10:45+01:00,4.418780
2026-03-11 11:00+01:00,
2026-03-11 11:15+01:00,4.713876
2026-03-11 11:30+01:00,4.270899
2026-03-11 11:45+01:00,4.138481
2026-03-11 12:00+01:00,4.686912
2026-03-11 12:15+01:00,4.851296
2026-03-11 12:30+01:00,4.235627
2026-03-11 12:45+01:00,4.161077
2026-03-11 13:00+01:00,4.701297
2026-03-11 13:15+01:00,26.544699
2026-03-11 13:30+01:00,28.042399
2026-03-11 13:45+01:00,4.231512
2026-03-11 14:00+01:00,4.505457
2026-03-11 14:15+01:00,4.911040
2026-03-11 14:30+01:00,4.715884
2026-03-11 14:45+01:00,4.070077
2026-03-11 15:00+01:00,1.981974
2026-03-11 15:15+01:00,2.007194
2026-03-11 15:30+01:00,2.280199
2026-03-11 15:45+01:00,1.829316
2026-03-11 16:00+01:00,2.267313
2026-03-11 16:15+01:00,2.290974
2026-03-11 16:30+01:00,2.469027
2026-03-11 16:45+01:00,3.095707
2026-03-11 17:00+01:00,2.474224
2026-03-11 17:15+01:00,1.921137
2026-03-11 17:30+01:00,3.321653
2026-03-11 17:45+01:00,2.869182
2026-03-11 18:00+01:00,1.323097
2026-03-11 18:15+01:00,2.933617
2026-03-11 18:30+01:00,2.612077
2026-03-11 18:45+01:00,2.857622
2026-03-11 19:00+01:00,2.412337
2026-03-11 19:15+01:00,1.941613
2026-03-11 19:30+01:00,2.097485
2026-03-11 19:45+01:00,2.533995
2026-03-11 20:00+01:00,2.182799
2026-03-11 20:15+01:00,2.374047
2026-03-11 20:30+01:00,1.853935
2026-03-11 20:45+01:00,2.588154
2026-03-11 21:00+01:00,2.418591
2026-03-11 21:15+01:00,
2026-03-11 21:30+01:00,1.377156
2026-03-11 21:45+01:00,2.915878
2026-03-11 22:00+01:00,2.707895
2026-03-11 22:15+01:00,2.965373
2026-03-11 22:30+01:00,1.472636
2026-03-11 22:45+01:00,2.973955
2026-03-11 23:00+01:00,2.685363
2026-03-11 23:15+01:00,2.258518
2026-03-11 23:30+01:00,2.778599
2026-03-11 23:45+01:00,3.435486
2026-03-12 00:00+01:00,2.452493
2026-03-12 00:15+01:00,3.364953
2026-03-12 00:30+01:00,
2026-03-12 00:45+01:00,2.429339
2026-03-12 01:00+01:00,2.286021
2026-03-12 01:15+01:00,2.345724
2026-03-12 01:30+01:00,2.625957
2026-03-12 01:45+01:00,2.211736
2026-03-12 02:00+01:00,2.741718
2026-03-12 02:15+01:00,3.142918
2026-03-12 02:30+01:00,2.058060
2026-03-12 02:45+01:00,2.094651
2026-03-12 03:00+01:00,4.316747
2026-03-12 03:15+01:00,4.263064
2026-03-12 03:30+01:00,4.510184
2026-03-12 03:45+01:00,4.458050
2026-03-12 04:00+01:00,3.802099
2026-03-12 04:15+01:00,4.128499
2026-03-12 04:30+01:00,4.786124
2026-03-12 04:45+01:00,4.216772
2026-03-12 05:00+01:00,4.538779
2026-03-12 05:15+01:00,4.130593
2026-03-12 05:30+01:00,4.940617
2026-03-12 05:45+01:00,4.360420
2026-03-12 06:00+01:00,4.218411
2026-03-12 06:15+01:00,3.840363
2026-03-12 06:30+01:00,4.541380
2026-03-12 06:45+01:00,4.169682
2026-03-12 07:00+01:00,4.749569
2026-03-12 07:15+01:00,4.551943
2026-03-12 07:30+01:00,4.687663
2026-03-12 07:45+01:00,4.221744
2026-03-12 08:00+01:00,2.632228
2026-03-12 08:15+01:00,2.175198
2026-03-12 08:30+01:00,2.202647
2026-03-12 08:45+01:00,
2026-03-12 09:00+01:00,2.957012
2026-03-12 09:15+01:00,2.656899
2026-03-12 09:30+01:00,1.889420
2026-03-12 09:45+01:00,1.759441
2026-03-12 10:00+01:00,2.604091
2026-03-12 10:15+01:00,2.668527
2026-03-12 10:30+01:00,3.606315
2026-03-12 10:45+01:00,1.810477
2026-03-12 11:00+01:00,2.403319
2026-03-12 11:15+01:00,2.180387
2026-03-12 11:30+01:00,2.925270
2026-03-12 11:45+01:00,2.997161
2026-03-12 12:00+01:00,1.665501
2026-03-12 12:15+01:00,3.050157
2026-03-12 12:30+01:00,3.370296
2026-03-12 12:45+01:00,2.237827
2026-03-12 13:00+01:00,2.509588
2026-03-12 13:15+01:00,
2026-03-12 13:30+01:00,2.974697
2026-03-12 13:45+01:00,2.359434
2026-03-12 14:00+01:00,3.175522
2026-03-12 14:15+01:00,1.475243
2026-03-12 14:30+01:00,2.174980
2026-03-12 14:45+01:00,2.568840
2026-03-12 15:00+01:00,2.193757
2026-03-12 15:15+01:00,1.312049
2026-03-12 15:30+01:00,2.603769
2026-03-12 15:45+01:00,2.782283
2026-03-12 16:00+01:00,2.259443
2026-03-12 16:15+01:00,2.483716
2026-03-12 16:30+01:00,3.559737
2026-03-12 16:45+01:00,2.434494
2026-03-12 17:00+01:00,3.178783
2026-03-12 17:15+01:00,2.742005
2026-03-12 17:30+01:00,2.215533
2026-03-12 17:45+01:00,1.914260
2026-03-12 18:00+01:00,3.012414
2026-03-12 18:15+01:00,1.792836
2026-03-12 18:30+01:00,2.487950
2026-03-12 18:45+01:00,2.843128
2026-03-12 19:00+01:00,2.348967
2026-03-12 19:15+01:00,2.897710
2026-03-12 19:30+01:00,1.995946
2026-03-12 19:45+01:00,1.975694
2026-03-12 20:00+01:00,2.684901
2026-03-12 20:15+01:00,2.746366
2026-03-12 20:30+01:00,3.458569
2026-03-12 20:45+01:00,1.717863
2026-03-12 21:00+01:00,2.519872
2026-03-12 21:15+01:00,2.821537
2026-03-12 21:30+01:00,2.592124
2026-03-12 21:45+01:00,2.781292
2026-03-12 22:00+01:00,3.628984
2026-03-12 22:15+01:00,2.057292
2026-03-12 22:30+01:00,1.866154
2026-03-12 22:45+01:00,1.334790
2026-03-12 23:00+01:00,
2026-03-12 23:15+01:00,2.666937
2026-03-12 23:30+01:00,2.512551
2026-03-12 23:45+01:00,2.453251
2026-03-13 00:00+01:00,2.979972
2026-03-13 00:15+01:00,3.007922
2026-03-13 00:30+01:00,
2026-03-13 00:45+01:00,2.103676
2026-03-13 01:00+01:00,2.530313
2026-03-13 01:15+01:00,2.619264
2026-03-13 01:30+01:00,3.108960
2026-03-13 01:45+01:00,2.234941
2026-03-13 02:00+01:00,1.966293
2026-03-13 02:15+01:00,3.817305
2026-03-13 02:30+01:00,1.536728
2026-03-13 02:45+01:00,2.525547
2026-03-13 03:00+01:00,3.379747
2026-03-13 03:15+01:00,2.686547
2026-03-13 03:30+01:00,2.752152
2026-03-13 03:45+01:00,1.649106
2026-03-13 04:00+01:00,3.244422
2026-03-13 04:15+01:00,1.785602
2026-03-13 04:30+01:00,2.516424
2026-03-13 04:45+01:00,3.030120
2026-03-13 05:00+01:00,2.651432
2026-03-13 05:15+01:00,1.892615
2026-03-13 05:30+01:00,
2026-03-13 05:45+01:00,2.051834
2026-03-13 06:00+01:00,4.700812
2026-03-13 06:15+01:00,4.237609
2026-03-13 06:30+01:00,4.286230
2026-03-13 06:45+01:00,4.682062
2026-03-13 07:00+01:00,4.385889
2026-03-13 07:15+01:00,3.689136
2026-03-13 07:30+01:00,4.329971
2026-03-13 07:45+01:00,4.381922
2026-03-13 08:00+01:00,4.270206
2026-03-13 08:15+01:00,4.543789
2026-03-13 08:30+01:00,4.041650
2026-03-13 08:45+01:00,4.185054
2026-03-13 09:00+01:00,4.667351
2026-03-13 09:15+01:00,5.103137
2026-03-13 09:30+01:00,3.973323
2026-03-13 09:45+01:00,4.320373
2026-03-13 10:00+01:00,4.010627
2026-03-13 10:15+01:00,4.008471
2026-03-13 10:30+01:00,4.706916
2026-03-13 10:45+01:00,4.851337
2026-03-13 11:00+01:00,3.211874
2026-03-13 11:15+01:00,2.384560
2026-03-13 11:30+01:00,2.420453
2026-03-13 11:45+01:00,2.030932
2026-03-13 12:00+01:00,2.284265
2026-03-13 12:15+01:00,2.188245
2026-03-13 12:30+01:00,2.683338
2026-03-13 12:45+01:00,2.583149
2026-03-13 13:00+01:00,2.759411
2026-03-13 13:15+01:00,2.258809
2026-03-13 13:30+01:00,2.412305
2026-03-13 13:45+01:00,3.169604
2026-03-13 14:00+01:00,2.821434
2026-03-13 14:15+01:00,2.385346
2026-03-13 14:30+01:00,2.092383
2026-03-13 14:45+01:00,3.104441
2026-03-13 15:00+01:00,2.843953
2026-03-13 15:15+01:00,2.962857
2026-03-13 15:30+01:00,2.506837
2026-03-13 15:45+01:00,2.812555
2026-03-13 16:00+01:00,2.438854
2026-03-13 16:15+01:00,3.007990
2026-03-13 16:30+01:00,2.427366
2026-03-13 16:45+01:00,2.563790
2026-03-13 17:00+01:00,2.165755
2026-03-13 17:15+01:00,2.945042
2026-03-13 17:30+01:00,3.584739
2026-03-13 17:45+01:00,3.651446
2026-03-13 18:00+01:00,2.210434
2026-03-13 18:15+01:00,2.500566
2026-03-13 18:30+01:00,1.669665
2026-03-13 18:45+01:00,3.517882
2026-03-13 19:00+01:00,2.233742
2026-03-13 19:15+01:00,2.169685
2026-03-13 19:30+01:00,1.977208
2026-03-13 19:45+01:00,2.751297
2026-03-13 20:00+01:00,2.886026
2026-03-13 20:15+01:00,1.900444
2026-03-13 20:30+01:00,2.603836
2026-03-13 20:45+01:00,
2026-03-13 21:00+01:00,2.731180
2026-03-13 21:15+01:00,2.575050
2026-03-13 21:30+01:00,2.886594
2026-03-13 21:45+01:00,2.031305
2026-03-13 22:00+01:00,2.855865
2026-03-13 22:15+01:00,1.668187
2026-03-13 22:30+01:00,3.264805
2026-03-13 22:45+01:00,1.410100
2026-03-13 23:00+01:00,2.478947
2026-03-13 23:15+01:00,2.444919
2026-03-13 23:30+01:00,2.584667
2026-03-13 23:45+01:00,2.001113
2026-03-14 00:00+01:00,2.725991
2026-03-14 00:15+01:00,2.307349
2026-03-14 00:30+01:00,2.433024
2026-03-14 00:45+01:00,
2026-03-14 01:00+01:00,2.386671
2026-03-14 01:15+01:00,2.713034
2026-03-14 01:30+01:00,2.392146
2026-03-14 01:45+01:00,2.804523
2026-03-14 02:00+01:00,3.208238
2026-03-14 02:15+01:00,2.759135
2026-03-14 02:30+01:00,1.906411
2026-03-14 02:45+01:00,3.370863
2026-03-14 03:00+01:00,2.373089
2026-03-14 03:15+01:00,2.879195
2026-03-14 03:30+01:00,2.121858
2026-03-14 03:45+01:00,2.708116
2026-03-14 04:00+01:00,2.816824
2026-03-14 04:15+01:00,2.974017
2026-03-14 04:30+01:00,2.997246
2026-03-14 04:45+01:00,2.359453
2026-03-14 05:00+01:00,3.491334
2026-03-14 05:15+01:00,2.274603
2026-03-14 05:30+01:00,2.532136
2026-03-14 05:45+01:00,
2026-03-14 06:00+01:00,3.898653
2026-03-14 06:15+01:00,4.506408
2026-03-14 06:30+01:00,4.318100
2026-03-14 06:45+01:00,4.298692
2026-03-14 07:00+01:00,3.790021
2026-03-14 07:15+01:00,4.181384
2026-03-14 07:30+01:00,4.258157
2026-03-14 07:45+01:00,4.203230
2026-03-14 08:00+01:00,4.263948
2026-03-14 08:15+01:00,4.750440
2026-03-14 08:30+01:00,4.253785
2026-03-14 08:45+01:00,4.444047
2026-03-14 09:00+01:00,3.778248
2026-03-14 09:15+01:00,5.004087
2026-03-14 09:30+01:00,4.261763
2026-03-14 09:45+01:00,3.924612
2026-03-14 10:00+01:00,4.641926
2026-03-14 10:15+01:00,4.649248
2026-03-14 10:30+01:00,4.468760
2026-03-14 10:45+01:00,4.905400
2026-03-14 11:00+01:00,2.556874
2026-03-14 11:15+01:00,1.883645
2026-03-14 11:30+01:00,2.735541
2026-03-14 11:45+01:00,3.076386
2026-03-14 12:00+01:00,3.284053
2026-03-14 12:15+01:00,3.196991
2026-03-14 12:30+01:00,2.104942
2026-03-14 12:45+01:00,1.842330
2026-03-14 13:00+01:00,2.058984
2026-03-14 13:15+01:00,3.273025
2026-03-14 13:30+01:00,3.700377
2026-03-14 13:45+01:00,2.506801
2026-03-14 14:00+01:00,3.016809
2026-03-14 14:15+01:00,2.979969
2026-03-14 14:30+01:00,3.470459
2026-03-14 14:45+01:00,2.369083
2026-03-14 15:00+01:00,2.019190
2026-03-14 15:15+01:00,2.266049
2026-03-14 15:30+01:00,2.614101
2026-03-14 15:45+01:00,3.203748
2026-03-14 16:00+01:00,2.860338
2026-03-14 16:15+01:00,3.349703
2026-03-14 16:30+01:00,
2026-03-14 16:45+01:00,
2026-03-14 17:00+01:00,2.497274
2026-03-14 17:15+01:00,2.554262
2026-03-14 17:30+01:00,3.544017
2026-03-14 17:45+01:00,3.002369
2026-03-14 18:00+01:00,3.016629
2026-03-14 18:15+01:00,2.434330
2026-03-14 18:30+01:00,2.220567
2026-03-14 18:45+01:00,1.878615
2026-03-14 19:00+01:00,2.997317
2026-03-14 19:15+01:00,2.613941
2026-03-14 19:30+01:00,1.900518
2026-03-14 19:45+01:00,2.626643
2026-03-14 20:00+01:00,3.912097
2026-03-14 20:15+01:00,1.355522
2026-03-14 20:30+01:00,2.944308
2026-03-14 20:45+01:00,2.810913
2026-03-14 21:00+01:00,2.351474
2026-03-14 21:15+01:00,2.221306
2026-03-14 21:30+01:00,2.749350
2026-03-14 21:45+01:00,3.501575
2026-03-14 22:00+01:00,1.938515
2026-03-14 22:15+01:00,3.443927
2026-03-14 22:30+01:00,2.096855
2026-03-14 22:45+01:00,2.058115
2026-03-14 23:00+01:00,2.533893
2026-03-14 23:15+01:00,2.847332
2026-03-14 23:30+01:00,1.834116
2026-03-14 23:45+01:00,1.855250
2026-03-15 00:00+01:00,3.075620
2026-03-15 00:15+01:00,2.782393
2026-03-15 00:30+01:00,1.661814
2026-03-15 00:45+01:00,2.205818
2026-03-15 01:00+01:00,2.530258
2026-03-15 01:15+01:00,
2026-03-15 01:30+01:00,2.544677
2026-03-15 01:45+01:00,2.330793
2026-03-15 02:00+01:00,2.446699
2026-03-15 02:15+01:00,2.409823
2026-03-15 02:30+01:00,
2026-03-15 02:45+01:00,2.607917
2026-03-15 03:00+01:00,1.485089
2026-03-15 03:15+01:00,2.237602
2026-03-15 03:30+01:00,2.450955
2026-03-15 03:45+01:00,1.394258
2026-03-15 04:00+01:00,2.592194
2026-03-15 04:15+01:00,2.677696
2026-03-15 04:30+01:00,3.318076
2026-03-15 04:45+01:00,2.428817
2026-03-15 05:00+01:00,3.119632
2026-03-15 05:15+01:00,1.514257
2026-03-15 05:30+01:00,3.177215
2026-03-15 05:45+01:00,2.520464
2026-03-15 06:00+01:00,2.762917
2026-03-15 06:15+01:00,2.415478
2026-03-15 06:30+01:00,2.674362
2026-03-15 06:45+01:00,1.932422
2026-03-15 07:00+01:00,3.062598
2026-03-15 07:15+01:00,1.124334
2026-03-15 07:30+01:00,2.739442
2026-03-15 07:45+01:00,2.975772
2026-03-15 08:00+01:00,3.569287
2026-03-15 08:15+01:00,2.943104
2026-03-15 08:30+01:00,2.979562
2026-03-15 08:45+01:00,
2026-03-15 09:00+01:00,3.843889
2026-03-15 09:15+01:00,3.793113
2026-03-15 09:30+01:00,5.046451
2026-03-15 09:45+01:00,4.220218
2026-03-15 10:00+01:00,4.459249
2026-03-15 10:15+01:00,
2026-03-15 10:30+01:00,4.111243
2026-03-15 10:45+01:00,4.386781
2026-03-15 11:00+01:00,4.568304
2026-03-15 11:15+01:00,13.337299
2026-03-15 11:30+01:00,13.090799
2026-03-15 11:45+01:00,4.641558
2026-03-15 12:00+01:00,3.994187
2026-03-15 12:15+01:00,4.441344
2026-03-15 12:30+01:00,4.471005
2026-03-15 12:45+01:00,4.194941
2026-03-15 13:00+01:00,3.916957
2026-03-15 13:15+01:00,4.180493
2026-03-15 13:30+01:00,4.593501
2026-03-15 13:45+01:00,3.953356
2026-03-15 14:00+01:00,4.772371
2026-03-15 14:15+01:00,4.686585
2026-03-15 14:30+01:00,4.759372
2026-03-15 14:45+01:00,4.161343
2026-03-15 15:00+01:00,2.583101
2026-03-15 15:15+01:00,3.565635
2026-03-15 15:30+01:00,2.078469
2026-03-15 15:45+01:00,1.581277
2026-03-15 16:00+01:00,2.614127
2026-03-15 16:15+01:00,2.579063
2026-03-15 16:30+01:00,3.671998
2026-03-15 16:45+01:00,3.004875
2026-03-15 17:00+01:00,2.601502
2026-03-15 17:15+01:00,3.553682
2026-03-15 17:30+01:00,2.963676
2026-03-15 17:45+01:00,
2026-03-15 18:00+01:00,2.431553
2026-03-15 18:15+01:00,2.344844
2026-03-15 18:30+01:00,1.839705
2026-03-15 18:45+01:00,1.926301
2026-03-15 19:00+01:00,2.541710
2026-03-15 19:15+01:00,2.133616
2026-03-15 19:30+01:00,
2026-03-15 19:45+01:00,2.789719
2026-03-15 20:00+01:00,2.716128
2026-03-15 20:15+01:00,2.561294
2026-03-15 20:30+01:00,3.072056
2026-03-15 20:45+01:00,2.029976
2026-03-15 21:00+01:00,1.985521
2026-03-15 21:15+01:00,2.946626
2026-03-15 21:30+01:00,2.028877
2026-03-15 21:45+01:00,3.084852
2026-03-15 22:00+01:00,2.638861
2026-03-15 22:15+01:00,2.314462
2026-03-15 22:30+01:00,2.266340
2026-03-15 22:45+01:00,1.946852
2026-03-15 23:00+01:00,2.860367
2026-03-15 23:15+01:00,
2026-03-15 23:30+01:00,2.965263
2026-03-15 23:45+01:00,2.347564
2026-03-16 00:00+01:00,2.221239
2026-03-16 00:15+01:00,2.630880
2026-03-16 00:30+01:00,
2026-03-16 00:45+01:00,2.133539
2026-03-16 01:00+01:00,3.504812
2026-03-16 01:15+01:00,
2026-03-16 01:30+01:00,3.302834
2026-03-16 01:45+01:00,1.898295
2026-03-16 02:00+01:00,3.236603
2026-03-16 02:15+01:00,3.148749
2026-03-16 02:30+01:00,2.109672
2026-03-16 02:45+01:00,2.483404
2026-03-16 03:00+01:00,2.903729
2026-03-16 03:15+01:00,2.210217
2026-03-16 03:30+01:00,
2026-03-16 03:45+01:00,2.540582
2026-03-16 04:00+01:00,2.752214
2026-03-16 04:15+01:00,2.746356
2026-03-16 04:30+01:00,3.016387
2026-03-16 04:45+01:00,2.490506
2026-03-16 05:00+01:00,
2026-03-16 05:15+01:00,2.764475
2026-03-16 05:30+01:00,3.899939
2026-03-16 05:45+01:00,3.520167
2026-03-16 06:00+01:00,2.329015
2026-03-16 06:15+01:00,2.352003
2026-03-16 06:30+01:00,2.324130
2026-03-16 06:45+01:00,2.268633
2026-03-16 07:00+01:00,1.429140
2026-03-16 07:15+01:00,13.629601
2026-03-16 07:30+01:00,2.302090
2026-03-16 07:45+01:00,2.282610
2026-03-16 08:00+01:00,1.994788
2026-03-16 08:15+01:00,2.466434
2026-03-16 08:30+01:00,2.499845
2026-03-16 08:45+01:00,3.160890
2026-03-16 09:00+01:00,2.538833
2026-03-16 09:15+01:00,2.722625
2026-03-16 09:30+01:00,3.005941
2026-03-16 09:45+01:00,2.403160
2026-03-16 10:00+01:00,2.435269
2026-03-16 10:15+01:00,2.881231
2026-03-16 10:30+01:00,2.242706
2026-03-16 10:45+01:00,2.905056
2026-03-16 11:00+01:00,2.022276
2026-03-16 11:15+01:00,3.142322
2026-03-16 11:30+01:00,2.104525
2026-03-16 11:45+01:00,1.574955
2026-03-16 12:00+01:00,2.254813
2026-03-16 12:15+01:00,2.552687
2026-03-16 12:30+01:00,3.201064
2026-03-16 12:45+01:00,1.012335
2026-03-16 13:00+01:00,1.634735
2026-03-16 13:15+01:00,2.542938
2026-03-16 13:30+01:00,1.124716
2026-03-16 13:45+01:00,1.805084
2026-03-16 14:00+01:00,2.182106
2026-03-16 14:15+01:00,
2026-03-16 14:30+01:00,2.730538
2026-03-16 14:45+01:00,3.414547
2026-03-16 15:00+01:00,4.698350
2026-03-16 15:15+01:00,5.059481
2026-03-16 15:30+01:00,4.177814
2026-03-16 15:45+01:00,4.934913
2026-03-16 16:00+01:00,4.266450
2026-03-16 16:15+01:00,4.161560
2026-03-16 16:30+01:00,4.415108
2026-03-16 16:45+01:00,4.605372
2026-03-16 17:00+01:00,4.389965
2026-03-16 17:15+01:00,4.148727
2026-03-16 17:30+01:00,4.437343
2026-03-16 17:45+01:00,4.267179
2026-03-16 18:00+01:00,
2026-03-16 18:15+01:00,4.533740
2026-03-16 18:30+01:00,4.334343
2026-03-16 18:45+01:00,4.248352
2026-03-16 19:00+01:00,4.090816
2026-03-16 19:15+01:00,4.610055
2026-03-16 19:30+01:00,4.706698
2026-03-16 19:45+01:00,4.754963
2026-03-16 20:00+01:00,4.743819
2026-03-16 20:15+01:00,
2026-03-16 20:30+01:00,4.257822
2026-03-16 20:45+01:00,5.045839
2026-03-16 21:00+01:00,2.318015
2026-03-16 21:15+01:00,2.690707
2026-03-16 21:30+01:00,3.274280
2026-03-16 21:45+01:00,2.617028
2026-03-16 22:00+01:00,2.896799
2026-03-16 22:15+01:00,3.182025
2026-03-16 22:30+01:00,1.959896
2026-03-16 22:45+01:00,2.554847
2026-03-16 23:00+01:00,2.153234
2026-03-16 23:15+01:00,2.035828
2026-03-16 23:30+01:00,2.727509
2026-03-16 23:45+01:00,2.436187
2026-03-17 00:00+01:00,2.256882
2026-03-17 00:15+01:00,1.947616
2026-03-17 00:30+01:00,
2026-03-17 00:45+01:00,1.908385
2026-03-17 01:00+01:00,2.745982
2026-03-17 01:15+01:00,2.474453
2026-03-17 01:30+01:00,2.074278
2026-03-17 01:45+01:00,2.529612
2026-03-17 02:00+01:00,3.027058
2026-03-17 02:15+01:00,2.818513
2026-03-17 02:30+01:00,3.360915
2026-03-17 02:45+01:00,2.593451
2026-03-17 03:00+01:00,2.386555
2026-03-17 03:15+01:00,3.301229
2026-03-17 03:30+01:00,2.852449
2026-03-17 03:45+01:00,2.627690
2026-03-17 04:00+01:00,2.720023
2026-03-17 04:15+01:00,2.821440
2026-03-17 04:30+01:00,2.564858
2026-03-17 04:45+01:00,3.431020
2026-03-17 05:00+01:00,2.860354
2026-03-17 05:15+01:00,2.452458
2026-03-17 05:30+01:00,3.456710
2026-03-17 05:45+01:00,2.369762
2026-03-17 06:00+01:00,1.881119
2026-03-17 06:15+01:00,2.838500
2026-03-17 06:30+01:00,2.782453
2026-03-17 06:45+01:00,2.409895
2026-03-17 07:00+01:00,2.618985
2026-03-17 07:15+01:00,3.435692
2026-03-17 07:30+01:00,2.710109
2026-03-17 07:45+01:00,2.548524
2026-03-17 08:00+01:00,1.574961
2026-03-17 08:15+01:00,2.972957
2026-03-17 08:30+01:00,1.496496
2026-03-17 08:45+01:00,2.575237
2026-03-17 09:00+01:00,2.337143
2026-03-17 09:15+01:00,2.257055
2026-03-17 09:30+01:00,3.382672
2026-03-17 09:45+01:00,2.669825
2026-03-17 10:00+01:00,2.536154
2026-03-17 10:15+01:00,2.894225
2026-03-17 10:30+01:00,1.522439
2026-03-17 10:45+01:00,3.096902
2026-03-17 11:00+01:00,2.346520
2026-03-17 11:15+01:00,2.922820
2026-03-17 11:30+01:00,2.911812
2026-03-17 11:45+01:00,2.010606
2026-03-17 12:00+01:00,4.591337
2026-03-17 12:15+01:00,4.550559
2026-03-17 12:30+01:00,4.307796
2026-03-17 12:45+01:00,4.771812
2026-03-17 13:00+01:00,4.336679
2026-03-17 13:15+01:00,4.145905
2026-03-17 13:30+01:00,4.194861
2026-03-17 13:45+01:00,4.583410
2026-03-17 14:00+01:00,4.359563
2026-03-17 14:15+01:00,4.745008
2026-03-17 14:30+01:00,3.840346
2026-03-17 14:45+01:00,4.395618
2026-03-17 15:00+01:00,3.872342
2026-03-17 15:15+01:00,
2026-03-17 15:30+01:00,4.177073
2026-03-17 15:45+01:00,4.429773
2026-03-17 16:00+01:00,4.470216
2026-03-17 16:15+01:00,4.412378
2026-03-17 16:30+01:00,4.332726
2026-03-17 16:45+01:00,
2026-03-17 17:00+01:00,5.078763
2026-03-17 17:15+01:00,4.597945
2026-03-17 17:30+01:00,5.129691
2026-03-17 17:45+01:00,4.857853
2026-03-17 18:00+01:00,2.609356
2026-03-17 18:15+01:00,1.978982
2026-03-17 18:30+01:00,2.538072
2026-03-17 18:45+01:00,3.301804
2026-03-17 19:00+01:00,2.709327
2026-03-17 19:15+01:00,2.391864
2026-03-17 19:30+01:00,2.852443
2026-03-17 19:45+01:00,2.486490
2026-03-17 20:00+01:00,3.216683
2026-03-17 20:15+01:00,2.022782
2026-03-17 20:30+01:00,2.766624
2026-03-17 20:45+01:00,2.791383
2026-03-17 21:00+01:00,2.549261
2026-03-17 21:15+01:00,3.378248
2026-03-17 21:30+01:00,2.473169
2026-03-17 21:45+01:00,2.452771
2026-03-17 22:00+01:00,2.528640
2026-03-17 22:15+01:00,2.266446
2026-03-17 22:30+01:00,2.933379
2026-03-17 22:45+01:00,2.123185
2026-03-17 23:00+01:00,2.285447
2026-03-17 23:15+01:00,3.143217
2026-03-17 23:30+01:00,2.937260
2026-03-17 23:45+01:00,1.792330
2026-03-18 00:00+01:00,
2026-03-18 00:15+01:00,2.052342
2026-03-18 00:30+01:00,3.382572
2026-03-18 00:45+01:00,2.678010
2026-03-18 01:00+01:00,3.270209
2026-03-18 01:15+01:00,2.996156
2026-03-18 01:30+01:00,1.641347
2026-03-18 01:45+01:00,2.175939
2026-03-18 02:00+01:00,2.176673
2026-03-18 02:15+01:00,2.993832
2026-03-18 02:30+01:00,1.420011
2026-03-18 02:45+01:00,2.993198
2026-03-18 03:00+01:00,2.563336
2026-03-18 03:15+01:00,2.421598
2026-03-18 03:30+01:00,3.550111
2026-03-18 03:45+01:00,2.368478
2026-03-18 04:00+01:00,2.931602
2026-03-18 04:15+01:00,1.814762
2026-03-18 04:30+01:00,2.278552
2026-03-18 04:45+01:00,2.778214
2026-03-18 05:00+01:00,
2026-03-18 05:15+01:00,2.397046
2026-03-18 05:30+01:00,2.968287
2026-03-18 05:45+01:00,2.689048
2026-03-18 06:00+01:00,4.275892
2026-03-18 06:15+01:00,
2026-03-18 06:30+01:00,
2026-03-18 06:45+01:00,4.795240
2026-03-18 07:00+01:00,3.911047
2026-03-18 07:15+01:00,4.206813
2026-03-18 07:30+01:00,3.812980
2026-03-18 07:45+01:00,4.651118
2026-03-18 08:00+01:00,3.999161
2026-03-18 08:15+01:00,3.953570
2026-03-18 08:30+01:00,
2026-03-18 08:45+01:00,4.285061
2026-03-18 09:00+01:00,4.612879
2026-03-18 09:15+01:00,4.367879
2026-03-18 09:30+01:00,4.306369
2026-03-18 09:45+01:00,3.821873
2026-03-18 10:00+01:00,4.912767
2026-03-18 10:15+01:00,4.446529
2026-03-18 10:30+01:00,4.758195
2026-03-18 10:45+01:00,4.004928
2026-03-18 11:00+01:00,2.572856
2026-03-18 11:15+01:00,2.113245
2026-03-18 11:30+01:00,2.459988
2026-03-18 11:45+01:00,2.210084
2026-03-18 12:00+01:00,2.690866
2026-03-18 12:15+01:00,2.363583
2026-03-18 12:30+01:00,2.664178
2026-03-18 12:45+01:00,2.170280
2026-03-18 13:00+01:00,
2026-03-18 13:15+01:00,2.860607
2026-03-18 13:30+01:00,2.700575
2026-03-18 13:45+01:00,2.125200
2026-03-18 14:00+01:00,2.654454
2026-03-18 14:15+01:00,1.596228
2026-03-18 14:30+01:00,3.151353
2026-03-18 14:45+01:00,2.319483
2026-03-18 15:00+01:00,2.210199
2026-03-18 15:15+01:00,1.791159
2026-03-18 15:30+01:00,3.528777
2026-03-18 15:45+01:00,2.028103
2026-03-18 16:00+01:00,2.476832
2026-03-18 16:15+01:00,2.382977
2026-03-18 16:30+01:00,3.314849
2026-03-18 16:45+01:00,3.611616
2026-03-18 17:00+01:00,2.288825
2026-03-18 17:15+01:00,2.626104
2026-03-18 17:30+01:00,2.254728
2026-03-18 17:45+01:00,2.559016
2026-03-18 18:00+01:00,2.373368
2026-03-18 18:15+01:00,1.804251
2026-03-18 18:30+01:00,3.375327
2026-03-18 18:45+01:00,2.747664
2026-03-18 19:00+01:00,3.232704
2026-03-18 19:15+01:00,3.736935
2026-03-18 19:30+01:00,3.033461
2026-03-18 19:45+01:00,2.950496
2026-03-18 20:00+01:00,2.413588
2026-03-18 20:15+01:00,1.822390
2026-03-18 20:30+01:00,3.421109
2026-03-18 20:45+01:00,
2026-03-18 21:00+01:00,2.563218
2026-03-18 21:15+01:00,3.180008
2026-03-18 21:30+01:00,3.005426
2026-03-18 21:45+01:00,2.412558
2026-03-18 22:00+01:00,1.909170
2026-03-18 22:15+01:00,2.871927
2026-03-18 22:30+01:00,2.206669
2026-03-18 22:45+01:00,2.170685
2026-03-18 23:00+01:00,2.421673
2026-03-18 23:15+01:00,1.570912
2026-03-18 23:30+01:00,2.824613
2026-03-18 23:45+01:00,1.638405
2026-03-19 00:00+01:00,4.313491
2026-03-19 00:15+01:00,2.805975
2026-03-19 00:30+01:00,2.692876
2026-03-19 00:45+01:00,2.109841
2026-03-19 01:00+01:00,2.193792
2026-03-19 01:15+01:00,2.734693
2026-03-19 01:30+01:00,2.476229
2026-03-19 01:45+01:00,2.419572
2026-03-19 02:00+01:00,2.949566
2026-03-19 02:15+01:00,2.455181
2026-03-19 02:30+01:00,2.924801
2026-03-19 02:45+01:00,2.593605
2026-03-19 03:00+01:00,3.368845
2026-03-19 03:15+01:00,3.522447
2026-03-19 03:30+01:00,2.355716
2026-03-19 03:45+01:00,2.484989
2026-03-19 04:00+01:00,1.360340
2026-03-19 04:15+01:00,2.373290
2026-03-19 04:30+01:00,3.245098
2026-03-19 04:45+01:00,2.066144
2026-03-19 05:00+01:00,1.650187
2026-03-19 05:15+01:00,
2026-03-19 05:30+01:00,2.042325
2026-03-19 05:45+01:00,2.549571
2026-03-19 06:00+01:00,2.779556
2026-03-19 06:15+01:00,2.503817
2026-03-19 06:30+01:00,2.344387
2026-03-19 06:45+01:00,2.622917
2026-03-19 07:00+01:00,2.584567
2026-03-19 07:15+01:00,2.538237
2026-03-19 07:30+01:00,2.274807
2026-03-19 07:45+01:00,1.600982
2026-03-19 08:00+01:00,
2026-03-19 08:15+01:00,1.924818
2026-03-19 08:30+01:00,2.468189
2026-03-19 08:45+01:00,2.254465
2026-03-19 09:00+01:00,3.085029
2026-03-19 09:15+01:00,2.321289
2026-03-19 09:30+01:00,2.171811
2026-03-19 09:45+01:00,
2026-03-19 10:00+01:00,4.459435
2026-03-19 10:15+01:00,4.437436
2026-03-19 10:30+01:00,4.196090
2026-03-19 10:45+01:00,4.646374
2026-03-19 11:00+01:00,4.881455
2026-03-19 11:15+01:00,4.830799
2026-03-19 11:30+01:00,4.019781
2026-03-19 11:45+01:00,4.289218
2026-03-19 12:00+01:00,4.386792
2026-03-19 12:15+01:00,4.621950
2026-03-19 12:30+01:00,4.379961
2026-03-19 12:45+01:00,4.344504
2026-03-19 13:00+01:00,
2026-03-19 13:15+01:00,4.779057
2026-03-19 13:30+01:00,4.404276
2026-03-19 13:45+01:00,4.530086
2026-03-19 14:00+01:00,3.863566
2026-03-19 14:15+01:00,1.899564
2026-03-19 14:30+01:00,1.883002
2026-03-19 14:45+01:00,1.689713
2026-03-19 15:00+01:00,2.226510
2026-03-19 15:15+01:00,1.904401
2026-03-19 15:30+01:00,20.308547
2026-03-19 15:45+01:00,11.568011
2026-03-19 16:00+01:00,2.613796
2026-03-19 16:15+01:00,2.512370
2026-03-19 16:30+01:00,2.333177
2026-03-19 16:45+01:00,2.622092
2026-03-19 17:00+01:00,3.128511
2026-03-19 17:15+01:00,3.503262
2026-03-19 17:30+01:00,1.637122
2026-03-19 17:45+01:00,2.462264
2026-03-19 18:00+01:00,1.418953
2026-03-19 18:15+01:00,
2026-03-19 18:30+01:00,2.833492
2026-03-19 18:45+01:00,2.656081
2026-03-19 19:00+01:00,3.461206
2026-03-19 19:15+01:00,
2026-03-19 19:30+01:00,2.989627
2026-03-19 19:45+01:00,2.272195
2026-03-19 20:00+01:00,
2026-03-19 20:15+01:00,2.295247
2026-03-19 20:30+01:00,1.044071
2026-03-19 20:45+01:00,3.069408
2026-03-19 21:00+01:00,1.652099
2026-03-19 21:15+01:00,2.240998
2026-03-19 21:30+01:00,1.587384
2026-03-19 21:45+01:00,2.462170
2026-03-19 22:00+01:00,3.481788
2026-03-19 22:15+01:00,1.583085
2026-03-19 22:30+01:00,2.181830
2026-03-19 22:45+01:00,2.446943
2026-03-19 23:00+01:00,2.756661
2026-03-19 23:15+01:00,2.473171
2026-03-19 23:30+01:00,3.610964
2026-03-19 23:45+01:00,2.199845
2026-03-20 00:00+01:00,0.730623
2026-03-20 00:15+01:00,2.534984
2026-03-20 00:30+01:00,3.325383
2026-03-20 00:45+01:00,2.923820
2026-03-20 01:00+01:00,2.745845
2026-03-20 01:15+01:00,1.733754
2026-03-20 01:30+01:00,2.158543
2026-03-20 01:45+01:00,2.820384
2026-03-20 02:00+01:00,2.364708
2026-03-20 02:15+01:00,2.698702
2026-03-20 02:30+01:00,2.343707
2026-03-20 02:45+01:00,2.737866
2026-03-20 03:00+01:00,4.537984
2026-03-20 03:15+01:00,4.219085
2026-03-20 03:30+01:00,
2026-03-20 03:45+01:00,4.282139
2026-03-20 04:00+01:00,3.964101
2026-03-20 04:15+01:00,4.628907
2026-03-20 04:30+01:00,4.243134
2026-03-20 04:45+01:00,4.765283
2026-03-20 05:00+01:00,3.945912
2026-03-20 05:15+01:00,4.908563
2026-03-20 05:30+01:00,4.670391
2026-03-20 05:45+01:00,4.231815
2026-03-20 06:00+01:00,21.570553
2026-03-20 06:15+01:00,21.733920
2026-03-20 06:30+01:00,3.971051
2026-03-20 06:45+01:00,4.341344
2026-03-20 07:00+01:00,4.355473
2026-03-20 07:15+01:00,3.776487
2026-03-20 07:30+01:00,4.835112
2026-03-20 07:45+01:00,4.154740
2026-03-20 08:00+01:00,5.249259
2026-03-20 08:15+01:00,5.070652
2026-03-20 08:30+01:00,3.995738
2026-03-20 08:45+01:00,3.819901
2026-03-20 09:00+01:00,1.852270
2026-03-20 09:15+01:00,2.509837
2026-03-20 09:30+01:00,2.642868
2026-03-20 09:45+01:00,2.513572
2026-03-20 10:00+01:00,1.872115
2026-03-20 10:15+01:00,2.726182
2026-03-20 10:30+01:00,1.453419
2026-03-20 10:45+01:00,2.516639
2026-03-20 11:00+01:00,2.931758
2026-03-20 11:15+01:00,3.285381
2026-03-20 11:30+01:00,2.520712
2026-03-20 11:45+01:00,2.906349
2026-03-20 12:00+01:00,4.599294
2026-03-20 12:15+01:00,4.393344
2026-03-20 12:30+01:00,4.798398
2026-03-20 12:45+01:00,3.582268
2026-03-20 13:00+01:00,4.364178
2026-03-20 13:15+01:00,4.564408
2026-03-20 13:30+01:00,4.272494
2026-03-20 13:45+01:00,4.244254
2026-03-20 14:00+01:00,4.068696
2026-03-20 14:15+01:00,4.687746
2026-03-20 14:30+01:00,3.962484
2026-03-20 14:45+01:00,4.546184
2026-03-20 15:00+01:00,4.268843
2026-03-20 15:15+01:00,4.035817
2026-03-20 15:30+01:00,4.787868
2026-03-20 15:45+01:00,4.449945
2026-03-20 16:00+01:00,
2026-03-20 16:15+01:00,1.825925
2026-03-20 16:30+01:00,2.577257
2026-03-20 16:45+01:00,1.242361
2026-03-20 17:00+01:00,
2026-03-20 17:15+01:00,2.221269
2026-03-20 17:30+01:00,3.241987
2026-03-20 17:45+01:00,2.336724
2026-03-20 18:00+01:00,2.084589
2026-03-20 18:15+01:00,3.401964
2026-03-20 18:30+01:00,2.127805
2026-03-20 18:45+01:00,2.470659
2026-03-20 19:00+01:00,3.625752
2026-03-20 19:15+01:00,3.628556
2026-03-20 19:30+01:00,2.657440
2026-03-20 19:45+01:00,2.241494
2026-03-20 20:00+01:00,1.860458
2026-03-20 20:15+01:00,2.405564
2026-03-20 20:30+01:00,3.075216
2026-03-20 20:45+01:00,2.204755
2026-03-20 21:00+01:00,2.452116
2026-03-20 21:15+01:00,3.302914
2026-03-20 21:30+01:00,3.522706
2026-03-20 21:45+01:00,1.938356
2026-03-20 22:00+01:00,1.785704
2026-03-20 22:15+01:00,2.297960
2026-03-20 22:30+01:00,2.227014
2026-03-20 22:45+01:00,2.748664
2026-03-20 23:00+01:00,2.392581
2026-03-20 23:15+01:00,1.286126
2026-03-20 23:30+01:00,2.187961
2026-03-20 23:45+01:00,2.507277
2026-03-21 00:00+01:00,1.816375
2026-03-21 00:15+01:00,3.078572
2026-03-21 00:30+01:00,2.135909
2026-03-21 00:45+01:00,2.796185
2026-03-21 01:00+01:00,2.887810
2026-03-21 01:15+01:00,2.636945
2026-03-21 01:30+01:00,
2026-03-21 01:45+01:00,2.456558
2026-03-21 02:00+01:00,2.440895
2026-03-21 02:15+01:00,1.954083
2026-03-21 02:30+01:00,2.018378
2026-03-21 02:45+01:00,2.430458
2026-03-21 03:00+01:00,3.678064
2026-03-21 03:15+01:00,4.495400
2026-03-21 03:30+01:00,4.591492
2026-03-21 03:45+01:00,
2026-03-21 04:00+01:00,4.323676
2026-03-21 04:15+01:00,4.587482
2026-03-21 04:30+01:00,4.367138
2026-03-21 04:45+01:00,4.556946
2026-03-21 05:00+01:00,4.310933
2026-03-21 05:15+01:00,4.686219
2026-03-21 05:30+01:00,3.751041
2026-03-21 05:45+01:00,4.643075
2026-03-21 06:00+01:00,3.850554
2026-03-21 06:15+01:00,4.680528
2026-03-21 06:30+01:00,4.156432
2026-03-21 06:45+01:00,3.943862
2026-03-21 07:00+01:00,3.066736
2026-03-21 07:15+01:00,2.091849
2026-03-21 07:30+01:00,1.934574
2026-03-21 07:45+01:00,3.446473
2026-03-21 08:00+01:00,2.394381
2026-03-21 08:15+01:00,3.305763
2026-03-21 08:30+01:00,1.558925
2026-03-21 08:45+01:00,2.070094
2026-03-21 09:00+01:00,2.489236
2026-03-21 09:15+01:00,1.883016
2026-03-21 09:30+01:00,4.358073
2026-03-21 09:45+01:00,2.235013
2026-03-21 10:00+01:00,2.228075
2026-03-21 10:15+01:00,2.020509
2026-03-21 10:30+01:00,2.380751
2026-03-21 10:45+01:00,2.410410
2026-03-21 11:00+01:00,2.435882
2026-03-21 11:15+01:00,2.621842
2026-03-21 11:30+01:00,2.746801
2026-03-21 11:45+01:00,2.769598
2026-03-21 12:00+01:00,2.961968
2026-03-21 12:15+01:00,2.590111
2026-03-21 12:30+01:00,2.587283
2026-03-21 12:45+01:00,1.971735
2026-03-21 13:00+01:00,2.486616
2026-03-21 13:15+01:00,1.502228
2026-03-21 13:30+01:00,2.847180
2026-03-21 13:45+01:00,3.182466
2026-03-21 14:00+01:00,2.857524
2026-03-21 14:15+01:00,1.858882
2026-03-21 14:30+01:00,2.029760
2026-03-21 14:45+01:00,3.161241
2026-03-21 15:00+01:00,2.520073
2026-03-21 15:15+01:00,2.238009
2026-03-21 15:30+01:00,1.931545
2026-03-21 15:45+01:00,3.008462
2026-03-21 16:00+01:00,1.974717
2026-03-21 16:15+01:00,2.672468
2026-03-21 16:30+01:00,2.294564
2026-03-21 16:45+01:00,1.041253
2026-03-21 17:00+01:00,2.296964
2026-03-21 17:15+01:00,1.844647
2026-03-21 17:30+01:00,2.799349
2026-03-21 17:45+01:00,2.252723
2026-03-21 18:00+01:00,3.495745
2026-03-21 18:15+01:00,2.472388
2026-03-21 18:30+01:00,2.239199
2026-03-21 18:45+01:00,2.802032
2026-03-21 19:00+01:00,2.314264
2026-03-21 19:15+01:00,2.478411
2026-03-21 19:30+01:00,3.618393
2026-03-21 19:45+01:00,2.458638
2026-03-21 20:00+01:00,3.417023
2026-03-21 20:15+01:00,2.341084
2026-03-21 20:30+01:00,2.517875
2026-03-21 20:45+01:00,2.361382
2026-03-21 21:00+01:00,4.548941
2026-03-21 21:15+01:00,4.323009
2026-03-21 21:30+01:00,
2026-03-21 21:45+01:00,4.415817
2026-03-21 22:00+01:00,4.322998
2026-03-21 22:15+01:00,4.883387
2026-03-21 22:30+01:00,
2026-03-21 22:45+01:00,4.471213
2026-03-21 23:00+01:00,4.248338
2026-03-21 23:15+01:00,4.342855
2026-03-21 23:30+01:00,4.795032
2026-03-21 23:45+01:00,4.594405
2026-03-22 00:00+01:00,2.314379
2026-03-22 00:15+01:00,1.917866
2026-03-22 00:30+01:00,2.043295
2026-03-22 00:45+01:00,1.892456
2026-03-22 01:00+01:00,
2026-03-22 01:15+01:00,2.424417
2026-03-22 01:30+01:00,2.538287
2026-03-22 01:45+01:00,2.066367
2026-03-22 02:00+01:00,2.390395
2026-03-22 02:15+01:00,2.674633
2026-03-22 02:30+01:00,1.557839
2026-03-22 02:45+01:00,2.439017
2026-03-22 03:00+01:00,2.768853
2026-03-22 03:15+01:00,2.549468
2026-03-22 03:30+01:00,
2026-03-22 03:45+01:00,2.285492
2026-03-22 04:00+01:00,2.597444
2026-03-22 04:15+01:00,1.622786
2026-03-22 04:30+01:00,2.843958
2026-03-22 04:45+01:00,3.000660
2026-03-22 05:00+01:00,1.250041
2026-03-22 05:15+01:00,1.779258
2026-03-22 05:30+01:00,2.713302
2026-03-22 05:45+01:00,2.059641
2026-03-22 06:00+01:00,4.336499
2026-03-22 06:15+01:00,3.724649
2026-03-22 06:30+01:00,4.020279
2026-03-22 06:45+01:00,4.286288
2026-03-22 07:00+01:00,5.045911
2026-03-22 07:15+01:00,4.095267
2026-03-22 07:30+01:00,3.764404
2026-03-22 07:45+01:00,4.605303
2026-03-22 08:00+01:00,3.720522
2026-03-22 08:15+01:00,4.427726
2026-03-22 08:30+01:00,3.971904
2026-03-22 08:45+01:00,5.369505
2026-03-22 09:00+01:00,4.043013
2026-03-22 09:15+01:00,4.863867
2026-03-22 09:30+01:00,4.748549
2026-03-22 09:45+01:00,4.482775
2026-03-22 10:00+01:00,4.422848
2026-03-22 10:15+01:00,4.123892
2026-03-22 10:30+01:00,4.173693
2026-03-22 10:45+01:00,4.177633
2026-03-22 11:00+01:00,2.836756
2026-03-22 11:15+01:00,1.490859
2026-03-22 11:30+01:00,1.326768
2026-03-22 11:45+01:00,2.857539
2026-03-22 12:00+01:00,1.964372
2026-03-22 12:15+01:00,1.799101
2026-03-22 12:30+01:00,
2026-03-22 12:45+01:00,1.511614
2026-03-22 13:00+01:00,2.288784
2026-03-22 13:15+01:00,1.711896
2026-03-22 13:30+01:00,2.034841
2026-03-22 13:45+01:00,2.516099
2026-03-22 14:00+01:00,1.692617
2026-03-22 14:15+01:00,2.775772
2026-03-22 14:30+01:00,2.335278
2026-03-22 14:45+01:00,2.550042
2026-03-22 15:00+01:00,2.428545
2026-03-22 15:15+01:00,1.753015
2026-03-22 15:30+01:00,1.805298
2026-03-22 15:45+01:00,2.784132
2026-03-22 16:00+01:00,3.313588
2026-03-22 16:15+01:00,2.237808
2026-03-22 16:30+01:00,
2026-03-22 16:45+01:00,3.374365
2026-03-22 17:00+01:00,2.347300
2026-03-22 17:15+01:00,2.647220
2026-03-22 17:30+01:00,2.201797
2026-03-22 17:45+01:00,3.049084
2026-03-22 18:00+01:00,2.333302
2026-03-22 18:15+01:00,1.999539
2026-03-22 18:30+01:00,1.564935
2026-03-22 18:45+01:00,2.853384
2026-03-22 19:00+01:00,2.758241
2026-03-22 19:15+01:00,2.401943
2026-03-22 19:30+01:00,2.235732
2026-03-22 19:45+01:00,3.028880
2026-03-22 20:00+01:00,1.666879
2026-03-22 20:15+01:00,2.519896
2026-03-22 20:30+01:00,2.523823
2026-03-22 20:45+01:00,2.730524
2026-03-22 21:00+01:00,2.576679
2026-03-22 21:15+01:00,1.533812
2026-03-22 21:30+01:00,1.694793
2026-03-22 21:45+01:00,2.292356
2026-03-22 22:00+01:00,2.215790
2026-03-22 22:15+01:00,1.773530
2026-03-22 22:30+01:00,2.369795
2026-03-22 22:45+01:00,2.542529
2026-03-22 23:00+01:00,1.924130
2026-03-22 23:15+01:00,2.483659
2026-03-22 23:30+01:00,2.484288
2026-03-22 23:45+01:00,2.165835
2026-03-23 00:00+01:00,3.256477
2026-03-23 00:15+01:00,1.878423
2026-03-23 00:30+01:00,1.735142
2026-03-23 00:45+01:00,2.737978
2026-03-23 01:00+01:00,2.359849
2026-03-23 01:15+01:00,
2026-03-23 01:30+01:00,3.004523
2026-03-23 01:45+01:00,2.708323
2026-03-23 02:00+01:00,2.671606
2026-03-23 02:15+01:00,1.899854
2026-03-23 02:30+01:00,2.287609
2026-03-23 02:45+01:00,2.560780
2026-03-23 03:00+01:00,4.758085
2026-03-23 03:15+01:00,4.533225
2026-03-23 03:30+01:00,4.823406
2026-03-23 03:45+01:00,4.099992
2026-03-23 04:00+01:00,4.440638
2026-03-23 04:15+01:00,
2026-03-23 04:30+01:00,4.278517
2026-03-23 04:45+01:00,4.314821
2026-03-23 05:00+01:00,4.646261
2026-03-23 05:15+01:00,5.172134
2026-03-23 05:30+01:00,4.178545
2026-03-23 05:45+01:00,4.121864
2026-03-23 06:00+01:00,4.916071
2026-03-23 06:15+01:00,5.006821
2026-03-23 06:30+01:00,4.610421
2026-03-23 06:45+01:00,4.370071
2026-03-23 07:00+01:00,
2026-03-23 07:15+01:00,4.568096
2026-03-23 07:30+01:00,3.847514
2026-03-23 07:45+01:00,4.849293
2026-03-23 08:00+01:00,2.134795
2026-03-23 08:15+01:00,3.178246
2026-03-23 08:30+01:00,1.546384
2026-03-23 08:45+01:00,2.706898
2026-03-23 09:00+01:00,2.198220
2026-03-23 09:15+01:00,
2026-03-23 09:30+01:00,1.160139
2026-03-23 09:45+01:00,2.200373
2026-03-23 10:00+01:00,3.104292
2026-03-23 10:15+01:00,1.964300
2026-03-23 10:30+01:00,2.802559
2026-03-23 10:45+01:00,2.223014
2026-03-23 11:00+01:00,1.838341
2026-03-23 11:15+01:00,2.469381
2026-03-23 11:30+01:00,2.054382
2026-03-23 11:45+01:00,2.409831
2026-03-23 12:00+01:00,2.726827
2026-03-23 12:15+01:00,
2026-03-23 12:30+01:00,2.275214
2026-03-23 12:45+01:00,
2026-03-23 13:00+01:00,
2026-03-23 13:15+01:00,2.125937
2026-03-23 13:30+01:00,2.282160
2026-03-23 13:45+01:00,2.743253
2026-03-23 14:00+01:00,2.832696
2026-03-23 14:15+01:00,3.089911
2026-03-23 14:30+01:00,2.834337
2026-03-23 14:45+01:00,2.484266
2026-03-23 15:00+01:00,2.031733
2026-03-23 15:15+01:00,1.934282
2026-03-23 15:30+01:00,3.806622
2026-03-23 15:45+01:00,2.129806
2026-03-23 16:00+01:00,2.557932
2026-03-23 16:15+01:00,3.475646
2026-03-23 16:30+01:00,3.130103
2026-03-23 16:45+01:00,2.207637
2026-03-23 17:00+01:00,2.553442
2026-03-23 17:15+01:00,3.441733
2026-03-23 17:30+01:00,2.573745
2026-03-23 17:45+01:00,2.517800
2026-03-23 18:00+01:00,1.863568
2026-03-23 18:15+01:00,2.509862
2026-03-23 18:30+01:00,3.465299
2026-03-23 18:45+01:00,2.251475
2026-03-23 19:00+01:00,3.089432
2026-03-23 19:15+01:00,1.831471
2026-03-23 19:30+01:00,2.527799
2026-03-23 19:45+01:00,2.941329
2026-03-23 20:00+01:00,1.887255
2026-03-23 20:15+01:00,2.704344
2026-03-23 20:30+01:00,2.755381
2026-03-23 20:45+01:00,2.529563
2026-03-23 21:00+01:00,2.293245
2026-03-23 21:15+01:00,2.082938
2026-03-23 21:30+01:00,1.779029
2026-03-23 21:45+01:00,2.821502
2026-03-23 22:00+01:00,0.922038
2026-03-23 22:15+01:00,2.752533
2026-03-23 22:30+01:00,2.989532
2026-03-23 22:45+01:00,2.394325
2026-03-23 23:00+01:00,1.376125
2026-03-23 23:15+01:00,2.935113
2026-03-23 23:30+01:00,1.996048
2026-03-23 23:45+01:00,2.198202
2026-03-24 00:00+01:00,
2026-03-24 00:15+01:00,2.677173
2026-03-24 00:30+01:00,2.009491
2026-03-24 00:45+01:00,1.651626
2026-03-24 01:00+01:00,1.801754
2026-03-24 01:15+01:00,2.485311
2026-03-24 01:30+01:00,2.585895
2026-03-24 01:45+01:00,2.260487
2026-03-24 02:00+01:00,1.405184
2026-03-24 02:15+01:00,2.721751
2026-03-24 02:30+01:00,1.858120
2026-03-24 02:45+01:00,
2026-03-24 03:00+01:00,3.155442
2026-03-24 03:15+01:00,2.045431
2026-03-24 03:30+01:00,
2026-03-24 03:45+01:00,2.150973
2026-03-24 04:00+01:00,2.819717
2026-03-24 04:15+01:00,2.775003
2026-03-24 04:30+01:00,2.723958
2026-03-24 04:45+01:00,
2026-03-24 05:00+01:00,1.755653
2026-03-24 05:15+01:00,3.321566
2026-03-24 05:30+01:00,2.001152
2026-03-24 05:45+01:00,2.842591
2026-03-24 06:00+01:00,2.002371
2026-03-24 06:15+01:00,1.262095
2026-03-24 06:30+01:00,2.092945
2026-03-24 06:45+01:00,2.975409
2026-03-24 07:00+01:00,1.946892
2026-03-24 07:15+01:00,3.054271
2026-03-24 07:30+01:00,1.521249
2026-03-24 07:45+01:00,2.076426
2026-03-24 08:00+01:00,2.226378
2026-03-24 08:15+01:00,3.562696
2026-03-24 08:30+01:00,3.036216
2026-03-24 08:45+01:00,2.412990
2026-03-24 09:00+01:00,2.500135
2026-03-24 09:15+01:00,2.776928
2026-03-24 09:30+01:00,2.052137
2026-03-24 09:45+01:00,3.123549
2026-03-24 10:00+01:00,2.815940
2026-03-24 10:15+01:00,3.360479
2026-03-24 10:30+01:00,2.235429
2026-03-24 10:45+01:00,2.586319
2026-03-24 11:00+01:00,3.383803
2026-03-24 11:15+01:00,2.611686
2026-03-24 11:30+01:00,2.983766
2026-03-24 11:45+01:00,2.226202
2026-03-24 12:00+01:00,4.645751
2026-03-24 12:15+01:00,3.784808
2026-03-24 12:30+01:00,3.916321
2026-03-24 12:45+01:00,3.869980
2026-03-24 13:00+01:00,5.270123
2026-03-24 13:15+01:00,4.070369
2026-03-24 13:30+01:00,4.679573
2026-03-24 13:45+01:00,4.591467
2026-03-24 14:00+01:00,4.125382
2026-03-24 14:15+01:00,4.426046
2026-03-24 14:30+01:00,4.114010
2026-03-24 14:45+01:00,
2026-03-24 15:00+01:00,4.970309
2026-03-24 15:15+01:00,4.904525
2026-03-24 15:30+01:00,4.829453
2026-03-24 15:45+01:00,5.002769
2026-03-24 16:00+01:00,1.838169
2026-03-24 16:15+01:00,2.092700
2026-03-24 16:30+01:00,2.822934
2026-03-24 16:45+01:00,1.890845
2026-03-24 17:00+01:00,1.649769
2026-03-24 17:15+01:00,3.391699
2026-03-24 17:30+01:00,3.033079
2026-03-24 17:45+01:00,2.805599
2026-03-24 18:00+01:00,2.517308
2026-03-24 18:15+01:00,3.618935
2026-03-24 18:30+01:00,2.819123
2026-03-24 18:45+01:00,2.084337
2026-03-24 19:00+01:00,2.853048
2026-03-24 19:15+01:00,2.453896
2026-03-24 19:30+01:00,2.223230
2026-03-24 19:45+01:00,2.681777
2026-03-24 20:00+01:00,2.408972
2026-03-24 20:15+01:00,2.646228
2026-03-24 20:30+01:00,1.790763
2026-03-24 20:45+01:00,2.470550
2026-03-24 21:00+01:00,3.772518
2026-03-24 21:15+01:00,4.692149
2026-03-24 21:30+01:00,4.088509
2026-03-24 21:45+01:00,4.621350
2026-03-24 22:00+01:00,4.255366
2026-03-24 22:15+01:00,4.148808
2026-03-24 22:30+01:00,4.506242
2026-03-24 22:45+01:00,4.361074
2026-03-24 23:00+01:00,4.887854
2026-03-24 23:15+01:00,4.553612
2026-03-24 23:30+01:00,4.117727
2026-03-24 23:45+01:00,4.024181
2026-03-25 00:00+01:00,2.004624
2026-03-25 00:15+01:00,
2026-03-25 00:30+01:00,3.402193
2026-03-25 00:45+01:00,1.056592
2026-03-25 01:00+01:00,2.422883
2026-03-25 01:15+01:00,2.888205
2026-03-25 01:30+01:00,2.698316
2026-03-25 01:45+01:00,1.726866
2026-03-25 02:00+01:00,
2026-03-25 02:15+01:00,1.991681
2026-03-25 02:30+01:00,2.593379
2026-03-25 02:45+01:00,3.379657
2026-03-25 03:00+01:00,2.656872
2026-03-25 03:15+01:00,2.355310
2026-03-25 03:30+01:00,2.167211
2026-03-25 03:45+01:00,2.909107
2026-03-25 04:00+01:00,1.845506
2026-03-25 04:15+01:00,2.707153
2026-03-25 04:30+01:00,2.686863
2026-03-25 04:45+01:00,2.394850
2026-03-25 05:00+01:00,1.617251
2026-03-25 05:15+01:00,2.842562
2026-03-25 05:30+01:00,1.092470
2026-03-25 05:45+01:00,3.200773
2026-03-25 06:00+01:00,3.762221
2026-03-25 06:15+01:00,2.683500
2026-03-25 06:30+01:00,2.082994
2026-03-25 06:45+01:00,2.247482
2026-03-25 07:00+01:00,2.493754
2026-03-25 07:15+01:00,
2026-03-25 07:30+01:00,3.252194
2026-03-25 07:45+01:00,3.526467
2026-03-25 08:00+01:00,3.117680
2026-03-25 08:15+01:00,2.405161
2026-03-25 08:30+01:00,2.117107
2026-03-25 08:45+01:00,2.987339
2026-03-25 09:00+01:00,3.528770
2026-03-25 09:15+01:00,3.684882
2026-03-25 09:30+01:00,2.244977
2026-03-25 09:45+01:00,2.368363
2026-03-25 10:00+01:00,1.674744
2026-03-25 10:15+01:00,2.063181
2026-03-25 10:30+01:00,2.419646
2026-03-25 10:45+01:00,2.621675
2026-03-25 11:00+01:00,2.713687
2026-03-25 11:15+01:00,2.605973
2026-03-25 11:30+01:00,1.680168
2026-03-25 11:45+01:00,2.875019
2026-03-25 12:00+01:00,2.101460
2026-03-25 12:15+01:00,2.362950
2026-03-25 12:30+01:00,1.987746
2026-03-25 12:45+01:00,2.299770
2026-03-25 13:00+01:00,2.266711
2026-03-25 13:15+01:00,1.734224
2026-03-25 13:30+01:00,
2026-03-25 13:45+01:00,1.622824
2026-03-25 14:00+01:00,2.422008
2026-03-25 14:15+01:00,3.070010
2026-03-25 14:30+01:00,1.882688
2026-03-25 14:45+01:00,1.932604
2026-03-25 15:00+01:00,3.483946
2026-03-25 15:15+01:00,1.965167
2026-03-25 15:30+01:00,3.558600
2026-03-25 15:45+01:00,2.457738
2026-03-25 16:00+01:00,2.562453
2026-03-25 16:15+01:00,2.279534
2026-03-25 16:30+01:00,3.358054
2026-03-25 16:45+01:00,1.816089
2026-03-25 17:00+01:00,
2026-03-25 17:15+01:00,2.157096
2026-03-25 17:30+01:00,3.281890
2026-03-25 17:45+01:00,2.302126
2026-03-25 18:00+01:00,3.644496
2026-03-25 18:15+01:00,4.653047
2026-03-25 18:30+01:00,4.292239
2026-03-25 18:45+01:00,3.511911
2026-03-25 19:00+01:00,4.113590
2026-03-25 19:15+01:00,4.663092
2026-03-25 19:30+01:00,4.572123
2026-03-25 19:45+01:00,4.137462
2026-03-25 20:00+01:00,4.683658
2026-03-25 20:15+01:00,4.209125
2026-03-25 20:30+01:00,4.437149
2026-03-25 20:45+01:00,
2026-03-25 21:00+01:00,4.387266
2026-03-25 21:15+01:00,4.772479
2026-03-25 21:30+01:00,4.245538
2026-03-25 21:45+01:00,4.451661
2026-03-25 22:00+01:00,4.352395
2026-03-25 22:15+01:00,
2026-03-25 22:30+01:00,4.294232
2026-03-25 22:45+01:00,4.071008
2026-03-25 23:00+01:00,4.097993
2026-03-25 23:15+01:00,3.761251
2026-03-25 23:30+01:00,4.777721
2026-03-25 23:45+01:00,3.742757
2026-03-26 00:00+01:00,2.224897
2026-03-26 00:15+01:00,2.521855
2026-03-26 00:30+01:00,2.116695
2026-03-26 00:45+01:00,1.401372
2026-03-26 01:00+01:00,2.336166
2026-03-26 01:15+01:00,3.210872
2026-03-26 01:30+01:00,1.818999
2026-03-26 01:45+01:00,2.248004
2026-03-26 02:00+01:00,2.122270
2026-03-26 02:15+01:00,2.688559
2026-03-26 02:30+01:00,2.619387
2026-03-26 02:45+01:00,0.973981
2026-03-26 03:00+01:00,3.125201
2026-03-26 03:15+01:00,1.913303
2026-03-26 03:30+01:00,2.223943
2026-03-26 03:45+01:00,2.189401
2026-03-26 04:00+01:00,4.974251
2026-03-26 04:15+01:00,4.195499
2026-03-26 04:30+01:00,4.488551
2026-03-26 04:45+01:00,4.176820
2026-03-26 05:00+01:00,4.294352
2026-03-26 05:15+01:00,3.789182
2026-03-26 05:30+01:00,4.482772
2026-03-26 05:45+01:00,4.704138
2026-03-26 06:00+01:00,4.057860
2026-03-26 06:15+01:00,4.377820
2026-03-26 06:30+01:00,4.508768
2026-03-26 06:45+01:00,4.486643
2026-03-26 07:00+01:00,2.331964
2026-03-26 07:15+01:00,1.890360
2026-03-26 07:30+01:00,3.063575
2026-03-26 07:45+01:00,
2026-03-26 08:00+01:00,
2026-03-26 08:15+01:00,2.178569
2026-03-26 08:30+01:00,1.505062
2026-03-26 08:45+01:00,2.873997
2026-03-26 09:00+01:00,2.205401
2026-03-26 09:15+01:00,2.346852
2026-03-26 09:30+01:00,2.871934
2026-03-26 09:45+01:00,3.389828
2026-03-26 10:00+01:00,2.738665
2026-03-26 10:15+01:00,2.957530
2026-03-26 10:30+01:00,2.641722
2026-03-26 10:45+01:00,2.839816
2026-03-26 11:00+01:00,2.781690
2026-03-26 11:15+01:00,3.274002
2026-03-26 11:30+01:00,3.332580
2026-03-26 11:45+01:00,2.254003
2026-03-26 12:00+01:00,4.208443
2026-03-26 12:15+01:00,2.742431
2026-03-26 12:30+01:00,2.690035
2026-03-26 12:45+01:00,2.307902
2026-03-26 13:00+01:00,2.765857
2026-03-26 13:15+01:00,2.040813
2026-03-26 13:30+01:00,2.434731
2026-03-26 13:45+01:00,3.262174
2026-03-26 14:00+01:00,2.858654
2026-03-26 14:15+01:00,1.926947
2026-03-26 14:30+01:00,2.960317
2026-03-26 14:45+01:00,2.944307
2026-03-26 15:00+01:00,2.837438
2026-03-26 15:15+01:00,2.862487
2026-03-26 15:30+01:00,3.034302
2026-03-26 15:45+01:00,2.715960
2026-03-26 16:00+01:00,2.401774
2026-03-26 16:15+01:00,2.775664
2026-03-26 16:30+01:00,2.615902
2026-03-26 16:45+01:00,3.453115
2026-03-26 17:00+01:00,2.044581
2026-03-26 17:15+01:00,2.708736
2026-03-26 17:30+01:00,
2026-03-26 17:45+01:00,2.470979
2026-03-26 18:00+01:00,1.803310
2026-03-26 18:15+01:00,2.471615
2026-03-26 18:30+01:00,2.383605
2026-03-26 18:45+01:00,3.219068
2026-03-26 19:00+01:00,
2026-03-26 19:15+01:00,2.702478
2026-03-26 19:30+01:00,
2026-03-26 19:45+01:00,
2026-03-26 20:00+01:00,3.213365
2026-03-26 20:15+01:00,1.462726
2026-03-26 20:30+01:00,2.282888
2026-03-26 20:45+01:00,1.376108
2026-03-26 21:00+01:00,2.611818
2026-03-26 21:15+01:00,1.910104
2026-03-26 21:30+01:00,1.749006
2026-03-26 21:45+01:00,3.196635
2026-03-26 22:00+01:00,2.161911
2026-03-26 22:15+01:00,3.186322
2026-03-26 22:30+01:00,2.813513
2026-03-26 22:45+01:00,3.225908
2026-03-26 23:00+01:00,3.619524
2026-03-26 23:15+01:00,3.756376
2026-03-26 23:30+01:00,2.476173
2026-03-26 23:45+01:00,2.926204
2026-03-27 00:00+01:00,2.535740
2026-03-27 00:15+01:00,2.781790
2026-03-27 00:30+01:00,2.344422
2026-03-27 00:45+01:00,3.034239
2026-03-27 01:00+01:00,
2026-03-27 01:15+01:00,2.881569
2026-03-27 01:30+01:00,2.961014
2026-03-27 01:45+01:00,2.470050
2026-03-27 02:00+01:00,
2026-03-27 02:15+01:00,2.629186
2026-03-27 02:30+01:00,2.502707
2026-03-27 02:45+01:00,2.707903
2026-03-27 03:00+01:00,4.092643
2026-03-27 03:15+01:00,4.147134
2026-03-27 03:30+01:00,4.348013
2026-03-27 03:45+01:00,4.901566
2026-03-27 04:00+01:00,3.727783
2026-03-27 04:15+01:00,4.124138
2026-03-27 04:30+01:00,4.211025
2026-03-27 04:45+01:00,4.178763
2026-03-27 05:00+01:00,4.363458
2026-03-27 05:15+01:00,4.228044
2026-03-27 05:30+01:00,4.528365
2026-03-27 05:45+01:00,4.833640
2026-03-27 06:00+01:00,2.739653
2026-03-27 06:15+01:00,3.027644
2026-03-27 06:30+01:00,2.602800
2026-03-27 06:45+01:00,1.774179
2026-03-27 07:00+01:00,3.076522
2026-03-27 07:15+01:00,2.982744
2026-03-27 07:30+01:00,1.958822
2026-03-27 07:45+01:00,2.313428
2026-03-27 08:00+01:00,2.568166
2026-03-27 08:15+01:00,2.393922
2026-03-27 08:30+01:00,2.480873
2026-03-27 08:45+01:00,2.074977
2026-03-27 09:00+01:00,1.878868
2026-03-27 09:15+01:00,3.066294
2026-03-27 09:30+01:00,2.330310
2026-03-27 09:45+01:00,1.215160
2026-03-27 10:00+01:00,2.744041
2026-03-27 10:15+01:00,3.289324
2026-03-27 10:30+01:00,1.689073
2026-03-27 10:45+01:00,2.829224
2026-03-27 11:00+01:00,2.071660
2026-03-27 11:15+01:00,1.367105
2026-03-27 11:30+01:00,2.814780
2026-03-27 11:45+01:00,3.430221
2026-03-27 12:00+01:00,2.427563
2026-03-27 12:15+01:00,2.649551
2026-03-27 12:30+01:00,1.499619
2026-03-27 12:45+01:00,2.512706
2026-03-27 13:00+01:00,2.129523
2026-03-27 13:15+01:00,1.987622
2026-03-27 13:30+01:00,1.726560
2026-03-27 13:45+01:00,0.942343
2026-03-27 14:00+01:00,2.632282
2026-03-27 14:15+01:00,2.365094
2026-03-27 14:30+01:00,2.700159
2026-03-27 14:45+01:00,2.155766
2026-03-27 15:00+01:00,3.078106
2026-03-27 15:15+01:00,2.571387
2026-03-27 15:30+01:00,2.808200
2026-03-27 15:45+01:00,2.581757
2026-03-27 16:00+01:00,2.293371
2026-03-27 16:15+01:00,2.909704
2026-03-27 16:30+01:00,2.571803
2026-03-27 16:45+01:00,1.888531
2026-03-27 17:00+01:00,1.831572
2026-03-27 17:15+01:00,2.236946
2026-03-27 17:30+01:00,3.792469
2026-03-27 17:45+01:00,2.402455
2026-03-27 18:00+01:00,1.432634
2026-03-27 18:15+01:00,1.561233
2026-03-27 18:30+01:00,2.412547
2026-03-27 18:45+01:00,2.054799
2026-03-27 19:00+01:00,2.357272
2026-03-27 19:15+01:00,1.950763
2026-03-27 19:30+01:00,3.411445
2026-03-27 19:45+01:00,2.717651
2026-03-27 20:00+01:00,
2026-03-27 20:15+01:00,1.728511
2026-03-27 20:30+01:00,
2026-03-27 20:45+01:00,1.904141
2026-03-27 21:00+01:00,3.250389
2026-03-27 21:15+01:00,
2026-03-27 21:30+01:00,2.275945
2026-03-27 21:45+01:00,3.074834
2026-03-27 22:00+01:00,1.938431
2026-03-27 22:15+01:00,2.390599
2026-03-27 22:30+01:00,3.443764
2026-03-27 22:45+01:00,2.819360
2026-03-27 23:00+01:00,2.521397
2026-03-27 23:15+01:00,2.179649
2026-03-27 23:30+01:00,
2026-03-27 23:45+01:00,2.214501
2026-03-28 00:00+01:00,3.483250
2026-03-28 00:15+01:00,4.552283
2026-03-28 00:30+01:00,3.947016
2026-03-28 00:45+01:00,4.482036
2026-03-28 01:00+01:00,4.625486
2026-03-28 01:15+01:00,4.126283
2026-03-28 01:30+01:00,3.658427
2026-03-28 01:45+01:00,4.727686
2026-03-28 02:00+01:00,4.814265
2026-03-28 02:15+01:00,5.214532
2026-03-28 02:30+01:00,4.647594
2026-03-28 02:45+01:00,4.262915
2026-03-28 03:00+01:00,
2026-03-28 03:15+01:00,3.257529
2026-03-28 03:30+01:00,2.857237
2026-03-28 03:45+01:00,1.910658
2026-03-28 04:00+01:00,2.241860
2026-03-28 04:15+01:00,2.453817
2026-03-28 04:30+01:00,2.887885
2026-03-28 04:45+01:00,1.132091
2026-03-28 05:00+01:00,2.861863
2026-03-28 05:15+01:00,2.418838
2026-03-28 05:30+01:00,2.321755
2026-03-28 05:45+01:00,1.399070
2026-03-28 06:00+01:00,1.669960
2026-03-28 06:15+01:00,1.835082
2026-03-28 06:30+01:00,2.150375
2026-03-28 06:45+01:00,2.034562
2026-03-28 07:00+01:00,2.632340
2026-03-28 07:15+01:00,2.741404
2026-03-28 07:30+01:00,1.551073
2026-03-28 07:45+01:00,1.134427
2026-03-28 08:00+01:00,2.705712
2026-03-28 08:15+01:00,3.040104
2026-03-28 08:30+01:00,3.089561
2026-03-28 08:45+01:00,2.473821
2026-03-28 09:00+01:00,1.987183
2026-03-28 09:15+01:00,2.837234
2026-03-28 09:30+01:00,
2026-03-28 09:45+01:00,2.440927
2026-03-28 10:00+01:00,2.007064
2026-03-28 10:15+01:00,
2026-03-28 10:30+01:00,2.027680
2026-03-28 10:45+01:00,2.349718
2026-03-28 11:00+01:00,2.576914
2026-03-28 11:15+01:00,2.811526
2026-03-28 11:30+01:00,2.174751
2026-03-28 11:45+01:00,1.853783
2026-03-28 12:00+01:00,2.180317
2026-03-28 12:15+01:00,2.210713
2026-03-28 12:30+01:00,1.325943
2026-03-28 12:45+01:00,1.486166
2026-03-28 13:00+01:00,2.704247
2026-03-28 13:15+01:00,2.439600
2026-03-28 13:30+01:00,1.957413
2026-03-28 13:45+01:00,2.304059
2026-03-28 14:00+01:00,2.084987
2026-03-28 14:15+01:00,1.860081
2026-03-28 14:30+01:00,2.312115
2026-03-28 14:45+01:00,3.070520
2026-03-28 15:00+01:00,3.920711
2026-03-28 15:15+01:00,4.098073
2026-03-28 15:30+01:00,3.245924
2026-03-28 15:45+01:00,4.183982
2026-03-28 16:00+01:00,4.122767
2026-03-28 16:15+01:00,4.587691
2026-03-28 16:30+01:00,4.012321
2026-03-28 16:45+01:00,4.177278
2026-03-28 17:00+01:00,3.920547
2026-03-28 17:15+01:00,4.193598
2026-03-28 17:30+01:00,4.428108
2026-03-28 17:45+01:00,4.427477
2026-03-28 18:00+01:00,2.588697
2026-03-28 18:15+01:00,3.539760
2026-03-28 18:30+01:00,1.762125
2026-03-28 18:45+01:00,2.418628
2026-03-28 19:00+01:00,2.651757
2026-03-28 19:15+01:00,2.616543
2026-03-28 19:30+01:00,2.030149
2026-03-28 19:45+01:00,2.407812
2026-03-28 20:00+01:00,2.305725
2026-03-28 20:15+01:00,1.484062
2026-03-28 20:30+01:00,2.721081
2026-03-28 20:45+01:00,1.882335
2026-03-28 21:00+01:00,2.937234
2026-03-28 21:15+01:00,2.869810
2026-03-28 21:30+01:00,2.082338
2026-03-28 21:45+01:00,3.409109
2026-03-28 22:00+01:00,2.884294
2026-03-28 22:15+01:00,
2026-03-28 22:30+01:00,2.091159
2026-03-28 22:45+01:00,1.771963
2026-03-28 23:00+01:00,3.499333
2026-03-28 23:15+01:00,
2026-03-28 23:30+01:00,2.734756
2026-03-28 23:45+01:00,2.663899
2026-03-29 00:00+01:00,3.910003
2026-03-29 00:15+01:00,2.654559
2026-03-29 00:30+01:00,
2026-03-29 00:45+01:00,1.743028
2026-03-29 01:00+01:00,1.878638
2026-03-29 01:15+01:00,2.620185
2026-03-29 01:30+01:00,1.658017
2026-03-29 01:45+01:00,3.013441
2026-03-29 03:00+02:00,2.938163
2026-03-29 03:15+02:00,3.096251
2026-03-29 03:30+02:00,2.725233
2026-03-29 03:45+02:00,1.992710
2026-03-29 04:00+02:00,3.206995
2026-03-29 04:15+02:00,1.867394
2026-03-29 04:30+02:00,2.757459
2026-03-29 04:45+02:00,3.381584
2026-03-29 05:00+02:00,2.031417
2026-03-29 05:15+02:00,2.580919
2026-03-29 05:30+02:00,3.029584
2026-03-29 05:45+02:00,2.418577
2026-03-29 06:00+02:00,2.618229
2026-03-29 06:15+02:00,2.477181
2026-03-29 06:30+02:00,2.729322
2026-03-29 06:45+02:00,2.731070
2026-03-29 07:00+02:00,2.850912
2026-03-29 07:15+02:00,1.882261
2026-03-29 07:30+02:00,3.027123
2026-03-29 07:45+02:00,1.614622
2026-03-29 08:00+02:00,2.302418
2026-03-29 08:15+02:00,2.410472
2026-03-29 08:30+02:00,2.340229
2026-03-29 08:45+02:00,2.279782
2026-03-29 09:00+02:00,4.631505
2026-03-29 09:15+02:00,4.828127
2026-03-29 09:30+02:00,4.413756
2026-03-29 09:45+02:00,4.078517
2026-03-29 10:00+02:00,4.342450
2026-03-29 10:15+02:00,4.463913
2026-03-29 10:30+02:00,4.662168
2026-03-29 10:45+02:00,4.754673
2026-03-29 11:00+02:00,3.918279
2026-03-29 11:15+02:00,3.958361
2026-03-29 11:30+02:00,5.115510
2026-03-29 11:45+02:00,4.175708
2026-03-29 12:00+02:00,4.349229
2026-03-29 12:15+02:00,4.454952
2026-03-29 12:30+02:00,4.569009
2026-03-29 12:45+02:00,3.716711
2026-03-29 13:00+02:00,
2026-03-29 13:15+02:00,4.297473
2026-03-29 13:30+02:00,4.870121
2026-03-29 13:45+02:00,4.724949
2026-03-29 14:00+02:00,2.656163
2026-03-29 14:15+02:00,2.858120
2026-03-29 14:30+02:00,2.236270
2026-03-29 14:45+02:00,2.489508
2026-03-29 15:00+02:00,1.767244
2026-03-29 15:15+02:00,
2026-03-29 15:30+02:00,2.935309
2026-03-29 15:45+02:00,2.517585
2026-03-29 16:00+02:00,1.532176
2026-03-29 16:15+02:00,2.944761
2026-03-29 16:30+02:00,1.721941
2026-03-29 16:45+02:00,2.025124
2026-03-29 17:00+02:00,1.609769
2026-03-29 17:15+02:00,1.485667
2026-03-29 17:30+02:00,2.730971
2026-03-29 17:45+02:00,1.996180
2026-03-29 18:00+02:00,2.465352
2026-03-29 18:15+02:00,2.762455
2026-03-29 18:30+02:00,2.948590
2026-03-29 18:45+02:00,2.381594
2026-03-29 19:00+02:00,1.305899
2026-03-29 19:15+02:00,1.533170
2026-03-29 19:30+02:00,2.675180
2026-03-29 19:45+02:00,1.498021
2026-03-29 20:00+02:00,2.954155
2026-03-29 20:15+02:00,2.300594
2026-03-29 20:30+02:00,1.905185
2026-03-29 20:45+02:00,2.047430
2026-03-29 21:00+02:00,4.403729
2026-03-29 21:15+02:00,
2026-03-29 21:30+02:00,4.626860
2026-03-29 21:45+02:00,4.442666
2026-03-29 22:00+02:00,4.220730
2026-03-29 22:15+02:00,4.638787
2026-03-29 22:30+02:00,4.824170
2026-03-29 22:45+02:00,4.433631
2026-03-29 23:00+02:00,4.317476
2026-03-29 23:15+02:00,4.424395
2026-03-29 23:30+02:00,5.051462
2026-03-29 23:45+02:00,4.211958
2026-03-30 00:00+02:00,3.228449
2026-03-30 00:15+02:00,4.137483
2026-03-30 00:30+02:00,3.850726
2026-03-30 00:45+02:00,4.558411
2026-03-30 01:00+02:00,4.209830
2026-03-30 01:15+02:00,4.302728
2026-03-30 01:30+02:00,4.500527
2026-03-30 01:45+02:00,3.989602
2026-03-30 02:00+02:00,4.398106
2026-03-30 02:15+02:00,4.174834
2026-03-30 02:30+02:00,4.690154
2026-03-30 02:45+02:00,4.104297
2026-03-30 03:00+02:00,2.675261
2026-03-30 03:15+02:00,2.951416
2026-03-30 03:30+02:00,1.884889
2026-03-30 03:45+02:00,1.985421
2026-03-30 04:00+02:00,3.010403
2026-03-30 04:15+02:00,
2026-03-30 04:30+02:00,1.877158
2026-03-30 04:45+02:00,3.807670
2026-03-30 05:00+02:00,2.420415
2026-03-30 05:15+02:00,2.958257
2026-03-30 05:30+02:00,2.558889
2026-03-30 05:45+02:00,2.492904
2026-03-30 06:00+02:00,2.975842
2026-03-30 06:15+02:00,2.734560
2026-03-30 06:30+02:00,1.907873
2026-03-30 06:45+02:00,2.512036
2026-03-30 07:00+02:00,1.875858
2026-03-30 07:15+02:00,1.473593
2026-03-30 07:30+02:00,2.972812
2026-03-30 07:45+02:00,2.556761
2026-03-30 08:00+02:00,2.192927
2026-03-30 08:15+02:00,2.720894
2026-03-30 08:30+02:00,3.445658
2026-03-30 08:45+02:00,1.964773
2026-03-30 09:00+02:00,1.729990
2026-03-30 09:15+02:00,1.940286
2026-03-30 09:30+02:00,3.108859
2026-03-30 09:45+02:00,2.469698
2026-03-30 10:00+02:00,2.552320
2026-03-30 10:15+02:00,14.864204
2026-03-30 10:30+02:00,2.142075
2026-03-30 10:45+02:00,2.841241
2026-03-30 11:00+02:00,2.064525
2026-03-30 11:15+02:00,2.086402
2026-03-30 11:30+02:00,2.900674
2026-03-30 11:45+02:00,1.154025
2026-03-30 12:00+02:00,3.286396
2026-03-30 12:15+02:00,1.839464
2026-03-30 12:30+02:00,2.753129
2026-03-30 12:45+02:00,2.136556
2026-03-30 13:00+02:00,2.936412
2026-03-30 13:15+02:00,1.650590
2026-03-30 13:30+02:00,3.018366
2026-03-30 13:45+02:00,3.073071
2026-03-30 14:00+02:00,2.498190
2026-03-30 14:15+02:00,3.293321
2026-03-30 14:30+02:00,2.687291
2026-03-30 14:45+02:00,2.382409
2026-03-30 15:00+02:00,2.853753
2026-03-30 15:15+02:00,2.214580
2026-03-30 15:30+02:00,1.908415
2026-03-30 15:45+02:00,2.859879
2026-03-30 16:00+02:00,1.866863
2026-03-30 16:15+02:00,1.948945
2026-03-30 16:30+02:00,1.639742
2026-03-30 16:45+02:00,2.434994
2026-03-30 17:00+02:00,2.904538
2026-03-30 17:15+02:00,
2026-03-30 17:30+02:00,1.701057
2026-03-30 17:45+02:00,3.195515
2026-03-30 18:00+02:00,3.238869
2026-03-30 18:15+02:00,1.941665
2026-03-30 18:30+02:00,2.615200
2026-03-30 18:45+02:00,2.795894
2026-03-30 19:00+02:00,2.391294
2026-03-30 19:15+02:00,2.146651
2026-03-30 19:30+02:00,2.764280
2026-03-30 19:45+02:00,2.428637
2026-03-30 20:00+02:00,2.703895
2026-03-30 20:15+02:00,2.341328
2026-03-30 20:30+02:00,2.623380
2026-03-30 20:45+02:00,
2026-03-30 21:00+02:00,3.291592
2026-03-30 21:15+02:00,2.728208
2026-03-30 21:30+02:00,1.827404
2026-03-30 21:45+02:00,3.068746
2026-03-30 22:00+02:00,4.273871
2026-03-30 22:15+02:00,5.276842
2026-03-30 22:30+02:00,4.134586
2026-03-30 22:45+02:00,4.070298
2026-03-30 23:00+02:00,4.060512
2026-03-30 23:15+02:00,4.231743
2026-03-30 23:30+02:00,4.479689
2026-03-30 23:45+02:00,3.924253
2026-03-31 00:00+02:00,4.375772
2026-03-31 00:15+02:00,2.540622
2026-03-31 00:30+02:00,2.814688
2026-03-31 00:45+02:00,2.116271
2026-03-31 01:00+02:00,3.073565
2026-03-31 01:15+02:00,2.004483
2026-03-31 01:30+02:00,1.658240
2026-03-31 01:45+02:00,3.134985
2026-03-31 02:00+02:00,2.420599
2026-03-31 02:15+02:00,2.952110
2026-03-31 02:30+02:00,2.067282
2026-03-31 02:45+02:00,2.901088
2026-03-31 03:00+02:00,3.838426
2026-03-31 03:15+02:00,4.738185
2026-03-31 03:30+02:00,4.952984
2026-03-31 03:45+02:00,4.512898
2026-03-31 04:00+02:00,4.321511
2026-03-31 04:15+02:00,3.610419
2026-03-31 04:30+02:00,4.286416
2026-03-31 04:45+02:00,3.948459
2026-03-31 05:00+02:00,4.486123
2026-03-31 05:15+02:00,4.289504
2026-03-31 05:30+02:00,4.543449
2026-03-31 05:45+02:00,4.459576
2026-03-31 06:00+02:00,4.393246
2026-03-31 06:15+02:00,4.704026
2026-03-31 06:30+02:00,4.761441
2026-03-31 06:45+02:00,4.372815
2026-03-31 07:00+02:00,2.635239
2026-03-31 07:15+02:00,2.812757
2026-03-31 07:30+02:00,2.505640
2026-03-31 07:45+02:00,14.221740
2026-03-31 08:00+02:00,2.018926
2026-03-31 08:15+02:00,2.074837
2026-03-31 08:30+02:00,3.088669
2026-03-31 08:45+02:00,2.005699
2026-03-31 09:00+02:00,1.287220
2026-03-31 09:15+02:00,2.892220
2026-03-31 09:30+02:00,2.462935
2026-03-31 09:45+02:00,2.874297
2026-03-31 10:00+02:00,3.273097
2026-03-31 10:15+02:00,2.492669
2026-03-31 10:30+02:00,2.537325
2026-03-31 10:45+02:00,2.403038
2026-03-31 11:00+02:00,2.767282
2026-03-31 11:15+02:00,2.919929
2026-03-31 11:30+02:00,2.273786
2026-03-31 11:45+02:00,2.005635
2026-03-31 12:00+02:00,2.671841
2026-03-31 12:15+02:00,3.014446
2026-03-31 12:30+02:00,3.166339
2026-03-31 12:45+02:00,2.787344
2026-03-31 13:00+02:00,2.759083
2026-03-31 13:15+02:00,
2026-03-31 13:30+02:00,1.838982
2026-03-31 13:45+02:00,2.350314
2026-03-31 14:00+02:00,2.825624
2026-03-31 14:15+02:00,3.805735
2026-03-31 14:30+02:00,1.879084
2026-03-31 14:45+02:00,2.979241
2026-03-31 15:00+02:00,3.086752
2026-03-31 15:15+02:00,2.725903
2026-03-31 15:30+02:00,3.524369
2026-03-31 15:45+02:00,2.086734
2026-03-31 16:00+02:00,
2026-03-31 16:15+02:00,2.994466
2026-03-31 16:30+02:00,
2026-03-31 16:45+02:00,2.654578
2026-03-31 17:00+02:00,2.634527
2026-03-31 17:15+02:00,
2026-03-31 17:30+02:00,2.389619
2026-03-31 17:45+02:00,2.243345
2026-03-31 18:00+02:00,1.893970
2026-03-31 18:15+02:00,2.415270
2026-03-31 18:30+02:00,2.472290
2026-03-31 18:45+02:00,1.912450
2026-03-31 19:00+02:00,
2026-03-31 19:15+02:00,2.198253
2026-03-31 19:30+02:00,1.432090
2026-03-31 19:45+02:00,
2026-03-31 20:00+02:00,1.963793
2026-03-31 20:15+02:00,2.817633
2026-03-31 20:30+02:00,3.096760
2026-03-31 20:45+02:00,2.971622
2026-03-31 21:00+02:00,4.492293
2026-03-31 21:15+02:00,4.107213
2026-03-31 21:30+02:00,4.250439
2026-03-31 21:45+02:00,4.596453
2026-03-31 22:00+02:00,4.179028
2026-03-31 22:15+02:00,4.155046
2026-03-31 22:30+02:00,3.991972
2026-03-31 22:45+02:00,4.079924
2026-03-31 23:00+02:00,4.317023
2026-03-31 23:15+02:00,3.820221
2026-03-31 23:30+02:00,4.243439
2026-03-31 23:45+02:00,4.536953
2026-04-01 00:00+02:00,2.607080
2026-04-01 00:15+02:00,1.934439
2026-04-01 00:30+02:00,2.234588
2026-04-01 00:45+02:00,2.785726
2026-04-01 01:00+02:00,2.246060
2026-04-01 01:15+02:00,2.141555
2026-04-01 01:30+02:00,3.519735
2026-04-01 01:45+02:00,
2026-04-01 02:00+02:00,2.776543
2026-04-01 02:15+02:00,3.073081
2026-04-01 02:30+02:00,2.842694
2026-04-01 02:45+02:00,2.013716
2026-04-01 03:00+02:00,2.335665
2026-04-01 03:15+02:00,2.690265
2026-04-01 03:30+02:00,3.147399
2026-04-01 03:45+02:00,2.085727
2026-04-01 04:00+02:00,2.676726
2026-04-01 04:15+02:00,2.634013
2026-04-01 04:30+02:00,1.912062
2026-04-01 04:45+02:00,2.417053
2026-04-01 05:00+02:00,1.992229
2026-04-01 05:15+02:00,1.853661
2026-04-01 05:30+02:00,3.146139
2026-04-01 05:45+02:00,3.341309
2026-04-01 06:00+02:00,1.449994
2026-04-01 06:15+02:00,2.956645
2026-04-01 06:30+02:00,3.348831
2026-04-01 06:45+02:00,3.083841
2026-04-01 07:00+02:00,2.065497
2026-04-01 07:15+02:00,2.738491
2026-04-01 07:30+02:00,2.803598
2026-04-01 07:45+02:00,2.583376
2026-04-01 08:00+02:00,2.130696
2026-04-01 08:15+02:00,2.673022
2026-04-01 08:30+02:00,2.000738
2026-04-01 08:45+02:00,2.822073
2026-04-01 09:00+02:00,1.927240
2026-04-01 09:15+02:00,2.050612
2026-04-01 09:30+02:00,2.708756
2026-04-01 09:45+02:00,3.012405
2026-04-01 10:00+02:00,1.486278
2026-04-01 10:15+02:00,2.144035
2026-04-01 10:30+02:00,1.234148
2026-04-01 10:45+02:00,1.971707
2026-04-01 11:00+02:00,2.719278
2026-04-01 11:15+02:00,2.905107
2026-04-01 11:30+02:00,2.178316
2026-04-01 11:45+02:00,2.086750
2026-04-01 12:00+02:00,2.744593
2026-04-01 12:15+02:00,3.602927
2026-04-01 12:30+02:00,3.187188
2026-04-01 12:45+02:00,2.386401
2026-04-01 13:00+02:00,2.957547
2026-04-01 13:15+02:00,2.665213
2026-04-01 13:30+02:00,2.358840
2026-04-01 13:45+02:00,1.944182
2026-04-01 14:00+02:00,2.494344
2026-04-01 14:15+02:00,2.836564
2026-04-01 14:30+02:00,2.012179
2026-04-01 14:45+02:00,2.509480
2026-04-01 15:00+02:00,1.854197
2026-04-01 15:15+02:00,2.683251
2026-04-01 15:30+02:00,2.639437
2026-04-01 15:45+02:00,2.793462
2026-04-01 16:00+02:00,2.123450
2026-04-01 16:15+02:00,2.770178
2026-04-01 16:30+02:00,1.348617
2026-04-01 16:45+02:00,
2026-04-01 17:00+02:00,3.562319
2026-04-01 17:15+02:00,1.873841
2026-04-01 17:30+02:00,2.349714
2026-04-01 17:45+02:00,2.322392
2026-04-01 18:00+02:00,4.575839
2026-04-01 18:15+02:00,4.331580
2026-04-01 18:30+02:00,4.588174
2026-04-01 18:45+02:00,3.914076
2026-04-01 19:00+02:00,4.386855
2026-04-01 19:15+02:00,4.790724
2026-04-01 19:30+02:00,4.304760
2026-04-01 19:45+02:00,4.246206
2026-04-01 20:00+02:00,3.698496
2026-04-01 20:15+02:00,4.641792
2026-04-01 20:30+02:00,4.705831
2026-04-01 20:45+02:00,3.817663
2026-04-01 21:00+02:00,4.178469
2026-04-01 21:15+02:00,4.106838
2026-04-01 21:30+02:00,4.427131
2026-04-01 21:45+02:00,4.636515
2026-04-01 22:00+02:00,1.123078
2026-04-01 22:15+02:00,2.070523
2026-04-01 22:30+02:00,2.733561
2026-04-01 22:45+02:00,2.616849
2026-04-01 23:00+02:00,1.853600
2026-04-01 23:15+02:00,3.374886
2026-04-01 23:30+02:00,1.350965
2026-04-01 23:45+02:00,2.789124
2026-04-02 00:00+02:00,1.803001
2026-04-02 00:15+02:00,2.791347
2026-04-02 00:30+02:00,2.063473
2026-04-02 00:45+02:00,2.042995
2026-04-02 01:00+02:00,3.486724
2026-04-02 01:15+02:00,1.927696
2026-04-02 01:30+02:00,3.575376
2026-04-02 01:45+02:00,3.392869
2026-04-02 02:00+02:00,2.693500
2026-04-02 02:15+02:00,2.228547
2026-04-02 02:30+02:00,2.066335
2026-04-02 02:45+02:00,2.292888
2026-04-02 03:00+02:00,4.821756
2026-04-02 03:15+02:00,4.485335
2026-04-02 03:30+02:00,4.060544
2026-04-02 03:45+02:00,4.326834
2026-04-02 04:00+02:00,4.493913
2026-04-02 04:15+02:00,5.444078
2026-04-02 04:30+02:00,5.033930
2026-04-02 04:45+02:00,4.928798
2026-04-02 05:00+02:00,4.585872
2026-04-02 05:15+02:00,4.413564
2026-04-02 05:30+02:00,4.713104
2026-04-02 05:45+02:00,3.415171
2026-04-02 06:00+02:00,4.203802
2026-04-02 06:15+02:00,4.271118
2026-04-02 06:30+02:00,4.495288
2026-04-02 06:45+02:00,4.460263
2026-04-02 07:00+02:00,2.661580
2026-04-02 07:15+02:00,2.108158
2026-04-02 07:30+02:00,1.837465
2026-04-02 07:45+02:00,2.815955
2026-04-02 08:00+02:00,1.740367
2026-04-02 08:15+02:00,1.951691
2026-04-02 08:30+02:00,2.157441
2026-04-02 08:45+02:00,2.833605
2026-04-02 09:00+02:00,1.866671
2026-04-02 09:15+02:00,2.799483
2026-04-02 09:30+02:00,3.777538
2026-04-02 09:45+02:00,2.956364
2026-04-02 10:00+02:00,2.248243
2026-04-02 10:15+02:00,
2026-04-02 10:30+02:00,2.156473
2026-04-02 10:45+02:00,1.691417
2026-04-02 11:00+02:00,2.684178
2026-04-02 11:15+02:00,1.007221
2026-04-02 11:30+02:00,2.387774
2026-04-02 11:45+02:00,2.268895
2026-04-02 12:00+02:00,2.855981
2026-04-02 12:15+02:00,1.780592
2026-04-02 12:30+02:00,1.688917
2026-04-02 12:45+02:00,1.745252
2026-04-02 13:00+02:00,2.592168
2026-04-02 13:15+02:00,1.559969
2026-04-02 13:30+02:00,2.228205
2026-04-02 13:45+02:00,1.875318
2026-04-02 14:00+02:00,2.135595
2026-04-02 14:15+02:00,3.232102
2026-04-02 14:30+02:00,3.568961
2026-04-02 14:45+02:00,3.107564
2026-04-02 15:00+02:00,2.172916
2026-04-02 15:15+02:00,2.276129
2026-04-02 15:30+02:00,2.985844
2026-04-02 15:45+02:00,2.423156
2026-04-02 16:00+02:00,2.856389
2026-04-02 16:15+02:00,1.939829
2026-04-02 16:30+02:00,2.422685
2026-04-02 16:45+02:00,2.905149
2026-04-02 17:00+02:00,2.189664
2026-04-02 17:15+02:00,1.775022
2026-04-02 17:30+02:00,2.253471
2026-04-02 17:45+02:00,3.028506
2026-04-02 18:00+02:00,2.349516
2026-04-02 18:15+02:00,2.819028
2026-04-02 18:30+02:00,2.057841
2026-04-02 18:45+02:00,2.530108
2026-04-02 19:00+02:00,2.545503
2026-04-02 19:15+02:00,2.658944
2026-04-02 19:30+02:00,1.589918
2026-04-02 19:45+02:00,2.069052
2026-04-02 20:00+02:00,2.333586
2026-04-02 20:15+02:00,2.330122
2026-04-02 20:30+02:00,1.946435
2026-04-02 20:45+02:00,2.467705
2026-04-02 21:00+02:00,2.992936
2026-04-02 21:15+02:00,2.252494
2026-04-02 21:30+02:00,2.208481
2026-04-02 21:45+02:00,2.122397
2026-04-02 22:00+02:00,2.538966
2026-04-02 22:15+02:00,2.569044
2026-04-02 22:30+02:00,2.160417
2026-04-02 22:45+02:00,2.438436
2026-04-02 23:00+02:00,3.515716
2026-04-02 23:15+02:00,0.925012
2026-04-02 23:30+02:00,3.099366
2026-04-02 23:45+02:00,2.289423
2026-04-03 00:00+02:00,2.395067
2026-04-03 00:15+02:00,3.188737
2026-04-03 00:30+02:00,2.465266
2026-04-03 00:45+02:00,2.265395
2026-04-03 01:00+02:00,3.311212
2026-04-03 01:15+02:00,
2026-04-03 01:30+02:00,1.187693
2026-04-03 01:45+02:00,2.627102
2026-04-03 02:00+02:00,1.961493
2026-04-03 02:15+02:00,2.677937
2026-04-03 02:30+02:00,2.070283
2026-04-03 02:45+02:00,2.801318
2026-04-03 03:00+02:00,1.939766
2026-04-03 03:15+02:00,2.896668
2026-04-03 03:30+02:00,2.493866
2026-04-03 03:45+02:00,2.084246
2026-04-03 04:00+02:00,2.746865
2026-04-03 04:15+02:00,3.915109
2026-04-03 04:30+02:00,
2026-04-03 04:45+02:00,2.071256
2026-04-03 05:00+02:00,1.406101
2026-04-03 05:15+02:00,2.476765
2026-04-03 05:30+02:00,2.040109
2026-04-03 05:45+02:00,2.271490
2026-04-03 06:00+02:00,2.319305
2026-04-03 06:15+02:00,2.726698
2026-04-03 06:30+02:00,1.522242
2026-04-03 06:45+02:00,1.414936
2026-04-03 07:00+02:00,2.398247
2026-04-03 07:15+02:00,2.221716
2026-04-03 07:30+02:00,1.018481
2026-04-03 07:45+02:00,2.330062
2026-04-03 08:00+02:00,
2026-04-03 08:15+02:00,3.113485
2026-04-03 08:30+02:00,1.423679
2026-04-03 08:45+02:00,1.854145
2026-04-03 09:00+02:00,2.037274
2026-04-03 09:15+02:00,2.593654
2026-04-03 09:30+02:00,2.087267
2026-04-03 09:45+02:00,2.219679
2026-04-03 10:00+02:00,2.159538
2026-04-03 10:15+02:00,2.339196
2026-04-03 10:30+02:00,2.482797
2026-04-03 10:45+02:00,2.690888
2026-04-03 11:00+02:00,2.913402
2026-04-03 11:15+02:00,2.958372
2026-04-03 11:30+02:00,2.227127
2026-04-03 11:45+02:00,1.680197
2026-04-03 12:00+02:00,4.301991
2026-04-03 12:15+02:00,4.327855
2026-04-03 12:30+02:00,4.196762
2026-04-03 12:45+02:00,4.440626
2026-04-03 13:00+02:00,3.935812
2026-04-03 13:15+02:00,3.999384
2026-04-03 13:30+02:00,4.447385
2026-04-03 13:45+02:00,3.963181
2026-04-03 14:00+02:00,4.332084
2026-04-03 14:15+02:00,4.607165
2026-04-03 14:30+02:00,4.102745
2026-04-03 14:45+02:00,4.082459
2026-04-03 15:00+02:00,2.164201
2026-04-03 15:15+02:00,3.648435
2026-04-03 15:30+02:00,2.721904
2026-04-03 15:45+02:00,2.228727
2026-04-03 16:00+02:00,3.705569
2026-04-03 16:15+02:00,2.668422
2026-04-03 16:30+02:00,2.618867
2026-04-03 16:45+02:00,2.625770
2026-04-03 17:00+02:00,
2026-04-03 17:15+02:00,2.547160
2026-04-03 17:30+02:00,2.765302
2026-04-03 17:45+02:00,2.552822
2026-04-03 18:00+02:00,1.912240
2026-04-03 18:15+02:00,3.715113
2026-04-03 18:30+02:00,2.898376
2026-04-03 18:45+02:00,2.831582
2026-04-03 19:00+02:00,1.900402
2026-04-03 19:15+02:00,
2026-04-03 19:30+02:00,
2026-04-03 19:45+02:00,2.534426
2026-04-03 20:00+02:00,2.398257
2026-04-03 20:15+02:00,2.258292
2026-04-03 20:30+02:00,1.945160
2026-04-03 20:45+02:00,2.525683
2026-04-03 21:00+02:00,2.824818
2026-04-03 21:15+02:00,2.252967
2026-04-03 21:30+02:00,2.274035
2026-04-03 21:45+02:00,2.740821
2026-04-03 22:00+02:00,2.918481
2026-04-03 22:15+02:00,2.410603
2026-04-03 22:30+02:00,2.494378
2026-04-03 22:45+02:00,2.323241
2026-04-03 23:00+02:00,2.099672
2026-04-03 23:15+02:00,
2026-04-03 23:30+02:00,3.443769
2026-04-03 23:45+02:00,2.960617
2026-04-04 00:00+02:00,3.233940
2026-04-04 00:15+02:00,2.857310
2026-04-04 00:30+02:00,2.869838
2026-04-04 00:45+02:00,2.244985
2026-04-04 01:00+02:00,2.245674
2026-04-04 01:15+02:00,2.859850
2026-04-04 01:30+02:00,2.792563
2026-04-04 01:45+02:00,1.227048
2026-04-04 02:00+02:00,2.085074
2026-04-04 02:15+02:00,2.353034
2026-04-04 02:30+02:00,2.241079
2026-04-04 02:45+02:00,3.217823
2026-04-04 03:00+02:00,1.870107
2026-04-04 03:15+02:00,2.082507
2026-04-04 03:30+02:00,1.897248
2026-04-04 03:45+02:00,3.080128
2026-04-04 04:00+02:00,2.655413
2026-04-04 04:15+02:00,2.272394
2026-04-04 04:30+02:00,3.113005
2026-04-04 04:45+02:00,2.756763
2026-04-04 05:00+02:00,1.825053
2026-04-04 05:15+02:00,
2026-04-04 05:30+02:00,2.160626
2026-04-04 05:45+02:00,2.539711
2026-04-04 06:00+02:00,4.194038
2026-04-04 06:15+02:00,4.852072
2026-04-04 06:30+02:00,4.766707
2026-04-04 06:45+02:00,
2026-04-04 07:00+02:00,4.704383
2026-04-04 07:15+02:00,4.347128
2026-04-04 07:30+02:00,4.643449
2026-04-04 07:45+02:00,4.448238
2026-04-04 08:00+02:00,4.472802
2026-04-04 08:15+02:00,
2026-04-04 08:30+02:00,4.283156
2026-04-04 08:45+02:00,4.235429
2026-04-04 09:00+02:00,4.570448
2026-04-04 09:15+02:00,4.506952
2026-04-04 09:30+02:00,4.674702
2026-04-04 09:45+02:00,4.704123
2026-04-04 10:00+02:00,4.331754
2026-04-04 10:15+02:00,4.264291
2026-04-04 10:30+02:00,4.497050
2026-04-04 10:45+02:00,4.661674
2026-04-04 11:00+02:00,4.383540
2026-04-04 11:15+02:00,4.257671
2026-04-04 11:30+02:00,4.729060
2026-04-04 11:45+02:00,4.432555
2026-04-04 12:00+02:00,2.762668
2026-04-04 12:15+02:00,2.091509
2026-04-04 12:30+02:00,0.881518
2026-04-04 12:45+02:00,2.217567
2026-04-04 13:00+02:00,2.348719
2026-04-04 13:15+02:00,2.300971
2026-04-04 13:30+02:00,2.411672
2026-04-04 13:45+02:00,3.143848
2026-04-04 14:00+02:00,3.291694
2026-04-04 14:15+02:00,2.384793
2026-04-04 14:30+02:00,1.997777
2026-04-04 14:45+02:00,2.626905
2026-04-04 15:00+02:00,2.554691
2026-04-04 15:15+02:00,3.456840
2026-04-04 15:30+02:00,2.685239
2026-04-04 15:45+02:00,2.762358
2026-04-04 16:00+02:00,2.952884
2026-04-04 16:15+02:00,2.894767
2026-04-04 16:30+02:00,2.697425
2026-04-04 16:45+02:00,2.399538
2026-04-04 17:00+02:00,2.173864
2026-04-04 17:15+02:00,1.890290
2026-04-04 17:30+02:00,3.262564
2026-04-04 17:45+02:00,1.819765
2026-04-04 18:00+02:00,3.745898
2026-04-04 18:15+02:00,
2026-04-04 18:30+02:00,3.406596
2026-04-04 18:45+02:00,1.832180
2026-04-04 19:00+02:00,2.892955
2026-04-04 19:15+02:00,2.478883
2026-04-04 19:30+02:00,2.429192
2026-04-04 19:45+02:00,1.952284
2026-04-04 20:00+02:00,2.910422
2026-04-04 20:15+02:00,2.828501
2026-04-04 20:30+02:00,2.606481
2026-04-04 20:45+02:00,2.165452
2026-04-04 21:00+02:00,3.904317
2026-04-04 21:15+02:00,4.721145
2026-04-04 21:30+02:00,4.415247
2026-04-04 21:45+02:00,4.204597
2026-04-04 22:00+02:00,4.456346
2026-04-04 22:15+02:00,4.506685
2026-04-04 22:30+02:00,4.162863
2026-04-04 22:45+02:00,4.229968
2026-04-04 23:00+02:00,4.647468
2026-04-04 23:15+02:00,4.228655
2026-04-04 23:30+02:00,4.318848
2026-04-04 23:45+02:00,4.269730
2026-04-05 00:00+02:00,2.337287
