timestamp,value_kwh
2026-01-05 00:15+01:00,
2026-01-05 00:30+01:00,1.145054
2026-01-05 00:45+01:00,1.130797
2026-01-05 01:00+01:00,0.954111
2026-01-05 01:15+01:00,1.169953
2026-01-05 01:30+01:00,1.004068
2026-01-05 01:45+01:00,1.087187
2026-01-05 02:00+01:00,1.154390
2026-01-05 02:15+01:00,0.848514
2026-01-05 02:30+01:00,0.000000
2026-01-05 02:45+01:00,1.200490
2026-01-05 03:00+01:00,1.060432
2026-01-05 03:15+01:00,1.048379
2026-01-05 03:30+01:00,1.241902
2026-01-05 03:45+01:00,0.000000
2026-01-05 04:00+01:00,1.359330
2026-01-05 04:15+01:00,0.000000
2026-01-05 04:30+01:00,0.606741
2026-01-05 04:45+01:00,1.243648
2026-01-05 05:00+01:00,0.768982
2026-01-05 05:15+01:00,0.789848
2026-01-05 05:30+01:00,1.069756
2026-01-05 05:45+01:00,0.957668
2026-01-05 06:00+01:00,0.779511
2026-01-05 06:15+01:00,1.430281
2026-01-05 06:30+01:00,0.849040
2026-01-05 06:45+01:00,0.840976
2026-01-05 07:00+01:00,17.571504
2026-01-05 07:15+01:00,17.186953
2026-01-05 07:30+01:00,15.005356
2026-01-05 07:45+01:00,15.698172
2026-01-05 08:00+01:00,14.510997
2026-01-05 08:15+01:00,15.053123
2026-01-05 08:30+01:00,18.021234
2026-01-05 08:45+01:00,16.176112
2026-01-05 09:00+01:00,17.257640
2026-01-05 09:15+01:00,16.500449
2026-01-05 09:30+01:00,15.717397
2026-01-05 09:45+01:00,14.265255
2026-01-05 10:00+01:00,17.471895
2026-01-05 10:15+01:00,17.525653
2026-01-05 10:30+01:00,20.833165
2026-01-05 10:45+01:00,16.952025
2026-01-05 11:00+01:00,14.622068
2026-01-05 11:15+01:00,17.133390
2026-01-05 11:30+01:00,15.270012
2026-01-05 11:45+01:00,14.719278
2026-01-05 12:00+01:00,15.409625
2026-01-05 12:15+01:00,17.350093
2026-01-05 12:30+01:00,19.293403
2026-01-05 12:45+01:00,16.833225
2026-01-05 13:00+01:00,18.135890
2026-01-05 13:15+01:00,17.045276
2026-01-05 13:30+01:00,16.502835
2026-01-05 13:45+01:00,14.965220
2026-01-05 14:00+01:00,20.432228
2026-01-05 14:15+01:00,14.796319
2026-01-05 14:30+01:00,17.279913
2026-01-05 14:45+01:00,17.107972
2026-01-05 15:00+01:00,17.767934
2026-01-05 15:15+01:00,17.198727
2026-01-05 15:30+01:00,19.947293
2026-01-05 15:45+01:00,16.771971
2026-01-05 16:00+01:00,17.920604
2026-01-05 16:15+01:00,17.678033
2026-01-05 16:30+01:00,17.757689
2026-01-05 16:45+01:00,18.422996
2026-01-05 17:00+01:00,18.120893
2026-01-05 17:15+01:00,16.478072
2026-01-05 17:30+01:00,18.351212
2026-01-05 17:45+01:00,15.165923
2026-01-05 18:00+01:00,0.859450
2026-01-05 18:15+01:00,1.159357
2026-01-05 18:30+01:00,1.213126
2026-01-05 18:45+01:00,1.039908
2026-01-05 19:00+01:00,1.200593
2026-01-05 19:15+01:00,0.615416
2026-01-05 19:30+01:00,0.000000
2026-01-05 19:45+01:00,0.913011
2026-01-05 20:00+01:00,1.127013
2026-01-05 20:15+01:00,1.111224
2026-01-05 20:30+01:00,0.921240
2026-01-05 20:45+01:00,0.701152
2026-01-05 21:00+01:00,
2026-01-05 21:15+01:00,0.967472
2026-01-05 21:30+01:00,0.636086
2026-01-05 21:45+01:00,1.238859
2026-01-05 22:00+01:00,0.826359
2026-01-05 22:15+01:00,1.051270
2026-01-05 22:30+01:00,0.000000
2026-01-05 22:45+01:00,0.904150
2026-01-05 23:00+01:00,1.197481
2026-01-05 23:15+01:00,0.820826
2026-01-05 23:30+01:00,0.799691
2026-01-05 23:45+01:00,1.007946
2026-01-06 00:00+01:00,1.093510
2026-01-06 00:15+01:00,0.947851
2026-01-06 00:30+01:00,7.824842
2026-01-06 00:45+01:00,1.214450
2026-01-06 01:00+01:00,0.823257
2026-01-06 01:15+01:00,1.203833
2026-01-06 01:30+01:00,
2026-01-06 01:45+01:00,0.791256
2026-01-06 02:00+01:00,1.018386
2026-01-06 02:15+01:00,1.058105
2026-01-06 02:30+01:00,0.873762
2026-01-06 02:45+01:00,1.080032
2026-01-06 03:00+01:00,0.975794
2026-01-06 03:15+01:00,0.639476
2026-01-06 03:30+01:00,1.124523
2026-01-06 03:45+01:00,0.871388
2026-01-06 04:00+01:00,0.977404
2026-01-06 04:15+01:00,0.946288
2026-01-06 04:30+01:00,1.045742
2026-01-06 04:45+01:00,0.924981
2026-01-06 05:00+01:00,0.545092
2026-01-06 05:15+01:00,0.000000
2026-01-06 05:30+01:00,1.286899
2026-01-06 05:45+01:00,0.000000
2026-01-06 06:00+01:00,0.957061
2026-01-06 06:15+01:00,0.867884
2026-01-06 06:30+01:00,1.333474
2026-01-06 06:45+01:00,1.167314
2026-01-06 07:00+01:00,14.043019
2026-01-06 07:15+01:00,
2026-01-06 07:30+01:00,16.107338
2026-01-06 07:45+01:00,19.952207
2026-01-06 08:00+01:00,18.590092
2026-01-06 08:15+01:00,15.897695
2026-01-06 08:30+01:00,21.688615
2026-01-06 08:45+01:00,18.916432
2026-01-06 09:00+01:00,19.223443
2026-01-06 09:15+01:00,
2026-01-06 09:30+01:00,15.728096
2026-01-06 09:45+01:00,13.763108
2026-01-06 10:00+01:00,15.747669
2026-01-06 10:15+01:00,15.205225
2026-01-06 10:30+01:00,18.398670
2026-01-06 10:45+01:00,17.376567
2026-01-06 11:00+01:00,19.901486
2026-01-06 11:15+01:00,17.970437
2026-01-06 11:30+01:00,17.080997
2026-01-06 11:45+01:00,21.247610
2026-01-06 12:00+01:00,15.844687
2026-01-06 12:15+01:00,16.272345
2026-01-06 12:30+01:00,15.931815
2026-01-06 12:45+01:00,13.444770
2026-01-06 13:00+01:00,20.018864
2026-01-06 13:15+01:00,16.497097
2026-01-06 13:30+01:00,18.611276
2026-01-06 13:45+01:00,18.617545
2026-01-06 14:00+01:00,18.529180
2026-01-06 14:15+01:00,18.725991
2026-01-06 14:30+01:00,17.239964
2026-01-06 14:45+01:00,19.393575
2026-01-06 15:00+01:00,19.847068
2026-01-06 15:15+01:00,16.791960
2026-01-06 15:30+01:00,
2026-01-06 15:45+01:00,19.823737
2026-01-06 16:00+01:00,16.116490
2026-01-06 16:15+01:00,18.059344
2026-01-06 16:30+01:00,
2026-01-06 16:45+01:00,15.952563
2026-01-06 17:00+01:00,16.962517
2026-01-06 17:15+01:00,20.713841
2026-01-06 17:30+01:00,17.365515
2026-01-06 17:45+01:00,17.145264
2026-01-06 18:00+01:00,1.021720
2026-01-06 18:15+01:00,0.881813
2026-01-06 18:30+01:00,0.679653
2026-01-06 18:45+01:00,0.458079
2026-01-06 19:00+01:00,0.802316
2026-01-06 19:15+01:00,1.110000
2026-01-06 19:30+01:00,1.112137
2026-01-06 19:45+01:00,1.190122
2026-01-06 20:00+01:00,0.619449
2026-01-06 20:15+01:00,0.909136
2026-01-06 20:30+01:00,1.173666
2026-01-06 20:45+01:00,0.786488
2026-01-06 21:00+01:00,1.062425
2026-01-06 21:15+01:00,0.000000
2026-01-06 21:30+01:00,0.676013
2026-01-06 21:45+01:00,1.116009
2026-01-06 22:00+01:00,0.801923
2026-01-06 22:15+01:00,0.645180
2026-01-06 22:30+01:00,1.114035
2026-01-06 22:45+01:00,1.118757
2026-01-06 23:00+01:00,0.981559
2026-01-06 23:15+01:00,
2026-01-06 23:30+01:00,0.872869
2026-01-06 23:45+01:00,1.252840
2026-01-07 00:00+01:00,1.102658
2026-01-07 00:15+01:00,
2026-01-07 00:30+01:00,1.040497
2026-01-07 00:45+01:00,0.736830
2026-01-07 01:00+01:00,0.529541
2026-01-07 01:15+01:00,1.119257
2026-01-07 01:30+01:00,1.052179
2026-01-07 01:45+01:00,1.236768
2026-01-07 02:00+01:00,0.883142
2026-01-07 02:15+01:00,1.010479
2026-01-07 02:30+01:00,1.021964
2026-01-07 02:45+01:00,0.883881
2026-01-07 03:00+01:00,1.014627
2026-01-07 03:15+01:00,0.684169
2026-01-07 03:30+01:00,0.784506
2026-01-07 03:45+01:00,1.146610
2026-01-07 04:00+01:00,0.979840
2026-01-07 04:15+01:00,0.867276
2026-01-07 04:30+01:00,0.728713
2026-01-07 04:45+01:00,0.858535
2026-01-07 05:00+01:00,0.000000
2026-01-07 05:15+01:00,0.821397
2026-01-07 05:30+01:00,1.065677
2026-01-07 05:45+01:00,1.194571
2026-01-07 06:00+01:00,1.068023
2026-01-07 06:15+01:00,0.835069
2026-01-07 06:30+01:00,0.876229
2026-01-07 06:45+01:00,0.841065
2026-01-07 07:00+01:00,17.846431
2026-01-07 07:15+01:00,16.931411
2026-01-07 07:30+01:00,15.891822
2026-01-07 07:45+01:00,19.421520
2026-01-07 08:00+01:00,18.390584
2026-01-07 08:15+01:00,20.122931
2026-01-07 08:30+01:00,19.086630
2026-01-07 08:45+01:00,16.063863
2026-01-07 09:00+01:00,17.784937
2026-01-07 09:15+01:00,15.719317
2026-01-07 09:30+01:00,
2026-01-07 09:45+01:00,
2026-01-07 10:00+01:00,17.909316
2026-01-07 10:15+01:00,15.174638
2026-01-07 10:30+01:00,13.047693
2026-01-07 10:45+01:00,16.950132
2026-01-07 11:00+01:00,14.573439
2026-01-07 11:15+01:00,14.924911
2026-01-07 11:30+01:00,14.760141
2026-01-07 11:45+01:00,16.863710
2026-01-07 12:00+01:00,15.423973
2026-01-07 12:15+01:00,13.792706
2026-01-07 12:30+01:00,16.483374
2026-01-07 12:45+01:00,15.620266
2026-01-07 13:00+01:00,16.559306
2026-01-07 13:15+01:00,17.347591
2026-01-07 13:30+01:00,
2026-01-07 13:45+01:00,
2026-01-07 14:00+01:00,17.063596
2026-01-07 14:15+01:00,15.501111
2026-01-07 14:30+01:00,15.975146
2026-01-07 14:45+01:00,16.850667
2026-01-07 15:00+01:00,20.425662
2026-01-07 15:15+01:00,16.361082
2026-01-07 15:30+01:00,21.292841
2026-01-07 15:45+01:00,14.083124
2026-01-07 16:00+01:00,14.777623
2026-01-07 16:15+01:00,16.915877
2026-01-07 16:30+01:00,15.442428
2026-01-07 16:45+01:00,123.000546
2026-01-07 17:00+01:00,131.739765
2026-01-07 17:15+01:00,22.429014
2026-01-07 17:30+01:00,14.946596
2026-01-07 17:45+01:00,20.310922
2026-01-07 18:00+01:00,0.930703
2026-01-07 18:15+01:00,1.109444
2026-01-07 18:30+01:00,0.940192
2026-01-07 18:45+01:00,0.000000
2026-01-07 19:00+01:00,1.005123
2026-01-07 19:15+01:00,0.506570
2026-01-07 19:30+01:00,1.167762
2026-01-07 19:45+01:00,0.963149
2026-01-07 20:00+01:00,0.000000
2026-01-07 20:15+01:00,1.228361
2026-01-07 20:30+01:00,0.584670
2026-01-07 20:45+01:00,0.583624
2026-01-07 21:00+01:00,0.911661
2026-01-07 21:15+01:00,0.868679
2026-01-07 21:30+01:00,0.946451
2026-01-07 21:45+01:00,0.000000
2026-01-07 22:00+01:00,1.066349
2026-01-07 22:15+01:00,0.965082
2026-01-07 22:30+01:00,0.552919
2026-01-07 22:45+01:00,1.081049
2026-01-07 23:00+01:00,1.250641
2026-01-07 23:15+01:00,1.119810
2026-01-07 23:30+01:00,1.119905
2026-01-07 23:45+01:00,0.837493
2026-01-08 00:00+01:00,0.772305
2026-01-08 00:15+01:00,1.075331
2026-01-08 00:30+01:00,1.430811
2026-01-08 00:45+01:00,1.119630
2026-01-08 01:00+01:00,0.724321
2026-01-08 01:15+01:00,1.013830
2026-01-08 01:30+01:00,0.704146
2026-01-08 01:45+01:00,1.259223
2026-01-08 02:00+01:00,0.973964
2026-01-08 02:15+01:00,1.043943
2026-01-08 02:30+01:00,1.072072
2026-01-08 02:45+01:00,0.869362
2026-01-08 03:00+01:00,1.005501
2026-01-08 03:15+01:00,0.000000
2026-01-08 03:30+01:00,0.694940
2026-01-08 03:45+01:00,0.979855
2026-01-08 04:00+01:00,1.153480
2026-01-08 04:15+01:00,1.079305
2026-01-08 04:30+01:00,
2026-01-08 04:45+01:00,0.968238
2026-01-08 05:00+01:00,0.878741
2026-01-08 05:15+01:00,0.764768
2026-01-08 05:30+01:00,0.711060
2026-01-08 05:45+01:00,0.966856
2026-01-08 06:00+01:00,0.975506
2026-01-08 06:15+01:00,1.192055
2026-01-08 06:30+01:00,0.925031
2026-01-08 06:45+01:00,1.063711
2026-01-08 07:00+01:00,14.871766
2026-01-08 07:15+01:00,16.379115
2026-01-08 07:30+01:00,15.663315
2026-01-08 07:45+01:00,15.641509
2026-01-08 08:00+01:00,16.974949
2026-01-08 08:15+01:00,17.683230
2026-01-08 08:30+01:00,
2026-01-08 08:45+01:00,14.043941
2026-01-08 09:00+01:00,15.481186
2026-01-08 09:15+01:00,18.887307
2026-01-08 09:30+01:00,15.814778
2026-01-08 09:45+01:00,17.972996
2026-01-08 10:00+01:00,16.840580
2026-01-08 10:15+01:00,17.309318
2026-01-08 10:30+01:00,16.620525
2026-01-08 10:45+01:00,16.589051
2026-01-08 11:00+01:00,15.991303
2026-01-08 11:15+01:00,17.910263
2026-01-08 11:30+01:00,15.320571
2026-01-08 11:45+01:00,20.319687
2026-01-08 12:00+01:00,15.841338
2026-01-08 12:15+01:00,16.578616
2026-01-08 12:30+01:00,19.994712
2026-01-08 12:45+01:00,16.788859
2026-01-08 13:00+01:00,18.841743
2026-01-08 13:15+01:00,17.730393
2026-01-08 13:30+01:00,15.205406
2026-01-08 13:45+01:00,13.783191
2026-01-08 14:00+01:00,16.411402
2026-01-08 14:15+01:00,14.959991
2026-01-08 14:30+01:00,14.539300
2026-01-08 14:45+01:00,15.903538
2026-01-08 15:00+01:00,16.382596
2026-01-08 15:15+01:00,18.467548
2026-01-08 15:30+01:00,20.583684
2026-01-08 15:45+01:00,17.529954
2026-01-08 16:00+01:00,16.621362
2026-01-08 16:15+01:00,13.763055
2026-01-08 16:30+01:00,
2026-01-08 16:45+01:00,16.744844
2026-01-08 17:00+01:00,19.465986
2026-01-08 17:15+01:00,16.715429
2026-01-08 17:30+01:00,13.957677
2026-01-08 17:45+01:00,18.491377
2026-01-08 18:00+01:00,0.996325
2026-01-08 18:15+01:00,0.786696
2026-01-08 18:30+01:00,1.266532
2026-01-08 18:45+01:00,0.794630
2026-01-08 19:00+01:00,0.995482
2026-01-08 19:15+01:00,1.031377
2026-01-08 19:30+01:00,0.000000
2026-01-08 19:45+01:00,1.262132
2026-01-08 20:00+01:00,0.798819
2026-01-08 20:15+01:00,0.872936
2026-01-08 20:30+01:00,0.952270
2026-01-08 20:45+01:00,0.617812
2026-01-08 21:00+01:00,1.302226
2026-01-08 21:15+01:00,0.000000
2026-01-08 21:30+01:00,0.854194
2026-01-08 21:45+01:00,0.000000
2026-01-08 22:00+01:00,0.922781
2026-01-08 22:15+01:00,1.082991
2026-01-08 22:30+01:00,0.992141
2026-01-08 22:45+01:00,1.040639
2026-01-08 23:00+01:00,0.881532
2026-01-08 23:15+01:00,0.766267
2026-01-08 23:30+01:00,0.926240
2026-01-08 23:45+01:00,0.000000
2026-01-09 00:00+01:00,0.994519
2026-01-09 00:15+01:00,0.613816
2026-01-09 00:30+01:00,0.651385
2026-01-09 00:45+01:00,1.083482
2026-01-09 01:00+01:00,0.941984
2026-01-09 01:15+01:00,1.031628
2026-01-09 01:30+01:00,0.827860
2026-01-09 01:45+01:00,0.850512
2026-01-09 02:00+01:00,1.049112
2026-01-09 02:15+01:00,1.405083
2026-01-09 02:30+01:00,1.064601
2026-01-09 02:45+01:00,0.866669
2026-01-09 03:00+01:00,1.020233
2026-01-09 03:15+01:00,1.073620
2026-01-09 03:30+01:00,0.709839
2026-01-09 03:45+01:00,0.802201
2026-01-09 04:00+01:00,1.301783
2026-01-09 04:15+01:00,0.876828
2026-01-09 04:30+01:00,1.067497
2026-01-09 04:45+01:00,0.942263
2026-01-09 05:00+01:00,1.111501
2026-01-09 05:15+01:00,1.303689
2026-01-09 05:30+01:00,0.924512
2026-01-09 05:45+01:00,1.340210
2026-01-09 06:00+01:00,
2026-01-09 06:15+01:00,0.962727
2026-01-09 06:30+01:00,0.977641
2026-01-09 06:45+01:00,1.014340
2026-01-09 07:00+01:00,18.992865
2026-01-09 07:15+01:00,20.403191
2026-01-09 07:30+01:00,19.283743
2026-01-09 07:45+01:00,14.743064
2026-01-09 08:00+01:00,14.796972
2026-01-09 08:15+01:00,
2026-01-09 08:30+01:00,17.151270
2026-01-09 08:45+01:00,17.352493
2026-01-09 09:00+01:00,16.348627
2026-01-09 09:15+01:00,13.983833
2026-01-09 09:30+01:00,17.035440
2026-01-09 09:45+01:00,18.058584
2026-01-09 10:00+01:00,18.213999
2026-01-09 10:15+01:00,16.480297
2026-01-09 10:30+01:00,15.018393
2026-01-09 10:45+01:00,16.644711
2026-01-09 11:00+01:00,13.960677
2026-01-09 11:15+01:00,19.803206
2026-01-09 11:30+01:00,14.065241
2026-01-09 11:45+01:00,15.456040
2026-01-09 12:00+01:00,15.871636
2026-01-09 12:15+01:00,19.239580
2026-01-09 12:30+01:00,14.950845
2026-01-09 12:45+01:00,15.810047
2026-01-09 13:00+01:00,16.415170
2026-01-09 13:15+01:00,16.049663
2026-01-09 13:30+01:00,14.367365
2026-01-09 13:45+01:00,20.062608
2026-01-09 14:00+01:00,17.342871
2026-01-09 14:15+01:00,18.306046
2026-01-09 14:30+01:00,18.065005
2026-01-09 14:45+01:00,15.027093
2026-01-09 15:00+01:00,19.835953
2026-01-09 15:15+01:00,15.588347
2026-01-09 15:30+01:00,19.229677
2026-01-09 15:45+01:00,18.493170
2026-01-09 16:00+01:00,16.908930
2026-01-09 16:15+01:00,14.319673
2026-01-09 16:30+01:00,15.503114
2026-01-09 16:45+01:00,14.980419
2026-01-09 17:00+01:00,18.290868
2026-01-09 17:15+01:00,12.939956
2026-01-09 17:30+01:00,13.343197
2026-01-09 17:45+01:00,
2026-01-09 18:00+01:00,1.128270
2026-01-09 18:15+01:00,1.047500
2026-01-09 18:30+01:00,1.309935
2026-01-09 18:45+01:00,1.144638
2026-01-09 19:00+01:00,0.927608
2026-01-09 19:15+01:00,1.156278
2026-01-09 19:30+01:00,0.954498
2026-01-09 19:45+01:00,0.855603
2026-01-09 20:00+01:00,0.789373
2026-01-09 20:15+01:00,1.008839
2026-01-09 20:30+01:00,0.992241
2026-01-09 20:45+01:00,0.972232
2026-01-09 21:00+01:00,1.190375
2026-01-09 21:15+01:00,0.620123
2026-01-09 21:30+01:00,0.882772
2026-01-09 21:45+01:00,0.862224
2026-01-09 22:00+01:00,1.059361
2026-01-09 22:15+01:00,1.042802
2026-01-09 22:30+01:00,1.044090
2026-01-09 22:45+01:00,1.083781
2026-01-09 23:00+01:00,0.647229
2026-01-09 23:15+01:00,0.904527
2026-01-09 23:30+01:00,1.035007
2026-01-09 23:45+01:00,0.860093
2026-01-10 00:00+01:00,
2026-01-10 00:15+01:00,0.452957
2026-01-10 00:30+01:00,0.538945
2026-01-10 00:45+01:00,0.518310
2026-01-10 01:00+01:00,0.514831
2026-01-10 01:15+01:00,0.538568
2026-01-10 01:30+01:00,0.502627
2026-01-10 01:45+01:00,
2026-01-10 02:00+01:00,0.493065
2026-01-10 02:15+01:00,0.500723
2026-01-10 02:30+01:00,0.414128
2026-01-10 02:45+01:00,0.631978
2026-01-10 03:00+01:00,0.649759
2026-01-10 03:15+01:00,0.408742
2026-01-10 03:30+01:00,0.370310
2026-01-10 03:45+01:00,0.000000
2026-01-10 04:00+01:00,0.482677
2026-01-10 04:15+01:00,0.464736
2026-01-10 04:30+01:00,0.563992
2026-01-10 04:45+01:00,0.618081
2026-01-10 05:00+01:00,0.436087
2026-01-10 05:15+01:00,0.434616
2026-01-10 05:30+01:00,
2026-01-10 05:45+01:00,0.465873
2026-01-10 06:00+01:00,0.549674
2026-01-10 06:15+01:00,0.379099
2026-01-10 06:30+01:00,
2026-01-10 06:45+01:00,0.362779
2026-01-10 07:00+01:00,
2026-01-10 07:15+01:00,0.521266
2026-01-10 07:30+01:00,0.384181
2026-01-10 07:45+01:00,0.516438
2026-01-10 08:00+01:00,0.471013
2026-01-10 08:15+01:00,
2026-01-10 08:30+01:00,0.524018
2026-01-10 08:45+01:00,0.547691
2026-01-10 09:00+01:00,0.527315
2026-01-10 09:15+01:00,
2026-01-10 09:30+01:00,0.534440
2026-01-10 09:45+01:00,0.549596
2026-01-10 10:00+01:00,0.458904
2026-01-10 10:15+01:00,0.600720
2026-01-10 10:30+01:00,0.476253
2026-01-10 10:45+01:00,0.422020
2026-01-10 11:00+01:00,0.402233
2026-01-10 11:15+01:00,0.631517
2026-01-10 11:30+01:00,0.593096
2026-01-10 11:45+01:00,0.604601
2026-01-10 12:00+01:00,0.415563
2026-01-10 12:15+01:00,0.566531
2026-01-10 12:30+01:00,0.413903
2026-01-10 12:45+01:00,0.461921
2026-01-10 13:00+01:00,0.367480
2026-01-10 13:15+01:00,0.522245
2026-01-10 13:30+01:00,0.675156
2026-01-10 13:45+01:00,
2026-01-10 14:00+01:00,0.495943
2026-01-10 14:15+01:00,0.542563
2026-01-10 14:30+01:00,0.631822
2026-01-10 14:45+01:00,0.474280
2026-01-10 15:00+01:00,0.530156
2026-01-10 15:15+01:00,0.578781
2026-01-10 15:30+01:00,0.552402
2026-01-10 15:45+01:00,0.659191
2026-01-10 16:00+01:00,0.378763
2026-01-10 16:15+01:00,0.491704
2026-01-10 16:30+01:00,0.325342
2026-01-10 16:45+01:00,0.658169
2026-01-10 17:00+01:00,0.470869
2026-01-10 17:15+01:00,0.495959
2026-01-10 17:30+01:00,0.486253
2026-01-10 17:45+01:00,0.413182
2026-01-10 18:00+01:00,0.589370
2026-01-10 18:15+01:00,0.443349
2026-01-10 18:30+01:00,0.374817
2026-01-10 18:45+01:00,0.392339
2026-01-10 19:00+01:00,0.465607
2026-01-10 19:15+01:00,0.377903
2026-01-10 19:30+01:00,2.145991
2026-01-10 19:45+01:00,0.458246
2026-01-10 20:00+01:00,0.472312
2026-01-10 20:15+01:00,0.548003
2026-01-10 20:30+01:00,0.589568
2026-01-10 20:45+01:00,0.599206
2026-01-10 21:00+01:00,0.514195
2026-01-10 21:15+01:00,0.347155
2026-01-10 21:30+01:00,
2026-01-10 21:45+01:00,0.524817
2026-01-10 22:00+01:00,0.555724
2026-01-10 22:15+01:00,0.466331
2026-01-10 22:30+01:00,0.609524
2026-01-10 22:45+01:00,0.635119
2026-01-10 23:00+01:00,0.000000
2026-01-10 23:15+01:00,0.410269
2026-01-10 23:30+01:00,0.438962
2026-01-10 23:45+01:00,0.514614
2026-01-11 00:00+01:00,0.487149
2026-01-11 00:15+01:00,0.545966
2026-01-11 00:30+01:00,0.534469
2026-01-11 00:45+01:00,0.429314
2026-01-11 01:00+01:00,0.000000
2026-01-11 01:15+01:00,0.534651
2026-01-11 01:30+01:00,0.579794
2026-01-11 01:45+01:00,0.467731
2026-01-11 02:00+01:00,0.397090
2026-01-11 02:15+01:00,0.444388
2026-01-11 02:30+01:00,0.381521
2026-01-11 02:45+01:00,0.274740
2026-01-11 03:00+01:00,0.472309
2026-01-11 03:15+01:00,0.465300
2026-01-11 03:30+01:00,0.528629
2026-01-11 03:45+01:00,0.452697
2026-01-11 04:00+01:00,0.000000
2026-01-11 04:15+01:00,0.307210
2026-01-11 04:30+01:00,
2026-01-11 04:45+01:00,0.444129
2026-01-11 05:00+01:00,0.562748
2026-01-11 05:15+01:00,0.474332
2026-01-11 05:30+01:00,
2026-01-11 05:45+01:00,0.518731
2026-01-11 06:00+01:00,0.586781
2026-01-11 06:15+01:00,0.587832
2026-01-11 06:30+01:00,0.415649
2026-01-11 06:45+01:00,0.545995
2026-01-11 07:00+01:00,0.000000
2026-01-11 07:15+01:00,0.414517
2026-01-11 07:30+01:00,0.364764
2026-01-11 07:45+01:00,0.459223
2026-01-11 08:00+01:00,0.581992
2026-01-11 08:15+01:00,0.430002
2026-01-11 08:30+01:00,0.459739
2026-01-11 08:45+01:00,0.504243
2026-01-11 09:00+01:00,0.400088
2026-01-11 09:15+01:00,0.547308
2026-01-11 09:30+01:00,0.597147
2026-01-11 09:45+01:00,0.342198
2026-01-11 10:00+01:00,
2026-01-11 10:15+01:00,0.268060
2026-01-11 10:30+01:00,0.604680
2026-01-11 10:45+01:00,0.466549
2026-01-11 11:00+01:00,0.504450
2026-01-11 11:15+01:00,0.420401
2026-01-11 11:30+01:00,
2026-01-11 11:45+01:00,0.527981
2026-01-11 12:00+01:00,0.506152
2026-01-11 12:15+01:00,0.000000
2026-01-11 12:30+01:00,0.486880
2026-01-11 12:45+01:00,0.476117
2026-01-11 13:00+01:00,0.533418
2026-01-11 13:15+01:00,0.465524
2026-01-11 13:30+01:00,0.000000
2026-01-11 13:45+01:00,0.377033
2026-01-11 14:00+01:00,0.242437
2026-01-11 14:15+01:00,0.414142
2026-01-11 14:30+01:00,0.364592
2026-01-11 14:45+01:00,0.552053
2026-01-11 15:00+01:00,0.462869
2026-01-11 15:15+01:00,0.366551
2026-01-11 15:30+01:00,0.495690
2026-01-11 15:45+01:00,0.307522
2026-01-11 16:00+01:00,0.535237
2026-01-11 16:15+01:00,
2026-01-11 16:30+01:00,0.543347
2026-01-11 16:45+01:00,0.499318
2026-01-11 17:00+01:00,0.291367
2026-01-11 17:15+01:00,0.526063
2026-01-11 17:30+01:00,0.522129
2026-01-11 17:45+01:00,0.506303
2026-01-11 18:00+01:00,0.498537
2026-01-11 18:15+01:00,0.000000
2026-01-11 18:30+01:00,0.503859
2026-01-11 18:45+01:00,0.409470
2026-01-11 19:00+01:00,0.494974
2026-01-11 19:15+01:00,0.549225
2026-01-11 19:30+01:00,0.551088
2026-01-11 19:45+01:00,0.671645
2026-01-11 20:00+01:00,0.487639
2026-01-11 20:15+01:00,0.516229
2026-01-11 20:30+01:00,0.552800
2026-01-11 20:45+01:00,0.427344
2026-01-11 21:00+01:00,0.346667
2026-01-11 21:15+01:00,0.454745
2026-01-11 21:30+01:00,0.581285
2026-01-11 21:45+01:00,0.451451
2026-01-11 22:00+01:00,0.495805
2026-01-11 22:15+01:00,0.510801
2026-01-11 22:30+01:00,0.378203
2026-01-11 22:45+01:00,0.599006
2026-01-11 23:00+01:00,0.716793
2026-01-11 23:15+01:00,0.529646
2026-01-11 23:30+01:00,0.596328
2026-01-11 23:45+01:00,
2026-01-12 00:00+01:00,0.541400
2026-01-12 00:15+01:00,1.087166
2026-01-12 00:30+01:00,0.881022
2026-01-12 00:45+01:00,0.865920
2026-01-12 01:00+01:00,0.822377
2026-01-12 01:15+01:00,1.360852
2026-01-12 01:30+01:00,0.879066
2026-01-12 01:45+01:00,1.210720
2026-01-12 02:00+01:00,0.929257
2026-01-12 02:15+01:00,1.280698
2026-01-12 02:30+01:00,1.176530
2026-01-12 02:45+01:00,1.355451
2026-01-12 03:00+01:00,1.065479
2026-01-12 03:15+01:00,0.730059
2026-01-12 03:30+01:00,1.211326
2026-01-12 03:45+01:00,0.874416
2026-01-12 04:00+01:00,0.691087
2026-01-12 04:15+01:00,1.126680
2026-01-12 04:30+01:00,1.164627
2026-01-12 04:45+01:00,0.842724
2026-01-12 05:00+01:00,
2026-01-12 05:15+01:00,0.584359
2026-01-12 05:30+01:00,1.012721
2026-01-12 05:45+01:00,1.269813
2026-01-12 06:00+01:00,
2026-01-12 06:15+01:00,1.420500
2026-01-12 06:30+01:00,1.093125
2026-01-12 06:45+01:00,0.851233
2026-01-12 07:00+01:00,19.851044
2026-01-12 07:15+01:00,16.334160
2026-01-12 07:30+01:00,17.596733
2026-01-12 07:45+01:00,13.106253
2026-01-12 08:00+01:00,17.430757
2026-01-12 08:15+01:00,18.410982
2026-01-12 08:30+01:00,17.064721
2026-01-12 08:45+01:00,13.697651
2026-01-12 09:00+01:00,15.701001
2026-01-12 09:15+01:00,14.609202
2026-01-12 09:30+01:00,17.752492
2026-01-12 09:45+01:00,17.196924
2026-01-12 10:00+01:00,17.100390
2026-01-12 10:15+01:00,15.938060
2026-01-12 10:30+01:00,15.144211
2026-01-12 10:45+01:00,16.768541
2026-01-12 11:00+01:00,17.457565
2026-01-12 11:15+01:00,13.118414
2026-01-12 11:30+01:00,17.461791
2026-01-12 11:45+01:00,13.849723
2026-01-12 12:00+01:00,16.602245
2026-01-12 12:15+01:00,16.980082
2026-01-12 12:30+01:00,15.005625
2026-01-12 12:45+01:00,16.039052
2026-01-12 13:00+01:00,15.333541
2026-01-12 13:15+01:00,15.726934
2026-01-12 13:30+01:00,17.703810
2026-01-12 13:45+01:00,16.655461
2026-01-12 14:00+01:00,15.859628
2026-01-12 14:15+01:00,20.219633
2026-01-12 14:30+01:00,17.555828
2026-01-12 14:45+01:00,16.733817
2026-01-12 15:00+01:00,21.204016
2026-01-12 15:15+01:00,19.022974
2026-01-12 15:30+01:00,14.577237
2026-01-12 15:45+01:00,16.037837
2026-01-12 16:00+01:00,16.983777
2026-01-12 16:15+01:00,18.044292
2026-01-12 16:30+01:00,14.245700
2026-01-12 16:45+01:00,15.466712
2026-01-12 17:00+01:00,14.797910
2026-01-12 17:15+01:00,17.958989
2026-01-12 17:30+01:00,17.358498
2026-01-12 17:45+01:00,16.186696
2026-01-12 18:00+01:00,0.000000
2026-01-12 18:15+01:00,1.002012
2026-01-12 18:30+01:00,1.034873
2026-01-12 18:45+01:00,0.817653
2026-01-12 19:00+01:00,0.984860
2026-01-12 19:15+01:00,1.191896
2026-01-12 19:30+01:00,0.882620
2026-01-12 19:45+01:00,0.840340
2026-01-12 20:00+01:00,0.964806
2026-01-12 20:15+01:00,0.719174
2026-01-12 20:30+01:00,0.000000
2026-01-12 20:45+01:00,0.729964
2026-01-12 21:00+01:00,0.794056
2026-01-12 21:15+01:00,0.771371
2026-01-12 21:30+01:00,1.316666
2026-01-12 21:45+01:00,0.582129
2026-01-12 22:00+01:00,0.624213
2026-01-12 22:15+01:00,0.861068
2026-01-12 22:30+01:00,0.826809
2026-01-12 22:45+01:00,0.904395
2026-01-12 23:00+01:00,1.036940
2026-01-12 23:15+01:00,1.129382
2026-01-12 23:30+01:00,1.096711
2026-01-12 23:45+01:00,0.992525
2026-01-13 00:00+01:00,0.848866
2026-01-13 00:15+01:00,0.932794
2026-01-13 00:30+01:00,0.629214
2026-01-13 00:45+01:00,0.813459
2026-01-13 01:00+01:00,0.959505
2026-01-13 01:15+01:00,1.014147
2026-01-13 01:30+01:00,0.823892
2026-01-13 01:45+01:00,0.852287
2026-01-13 02:00+01:00,0.776838
2026-01-13 02:15+01:00,1.231241
2026-01-13 02:30+01:00,0.644131
2026-01-13 02:45+01:00,1.295353
2026-01-13 03:00+01:00,0.947860
2026-01-13 03:15+01:00,
2026-01-13 03:30+01:00,0.626271
2026-01-13 03:45+01:00,0.773338
2026-01-13 04:00+01:00,1.217382
2026-01-13 04:15+01:00,1.315596
2026-01-13 04:30+01:00,0.944385
2026-01-13 04:45+01:00,0.833177
2026-01-13 05:00+01:00,
2026-01-13 05:15+01:00,0.796131
2026-01-13 05:30+01:00,0.845861
2026-01-13 05:45+01:00,
2026-01-13 06:00+01:00,1.217841
2026-01-13 06:15+01:00,1.044467
2026-01-13 06:30+01:00,0.776695
2026-01-13 06:45+01:00,1.524291
2026-01-13 07:00+01:00,19.834689
2026-01-13 07:15+01:00,16.051979
2026-01-13 07:30+01:00,15.060150
2026-01-13 07:45+01:00,13.514243
2026-01-13 08:00+01:00,21.901280
2026-01-13 08:15+01:00,18.919418
2026-01-13 08:30+01:00,14.058928
2026-01-13 08:45+01:00,14.108784
2026-01-13 09:00+01:00,18.521593
2026-01-13 09:15+01:00,18.224005
2026-01-13 09:30+01:00,16.454598
2026-01-13 09:45+01:00,17.515173
2026-01-13 10:00+01:00,16.113460
2026-01-13 10:15+01:00,19.453182
2026-01-13 10:30+01:00,15.110255
2026-01-13 10:45+01:00,15.618272
2026-01-13 11:00+01:00,16.952701
2026-01-13 11:15+01:00,16.368948
2026-01-13 11:30+01:00,12.615542
2026-01-13 11:45+01:00,15.692144
2026-01-13 12:00+01:00,16.346537
2026-01-13 12:15+01:00,16.843278
2026-01-13 12:30+01:00,19.068063
2026-01-13 12:45+01:00,19.909370
2026-01-13 13:00+01:00,18.476190
2026-01-13 13:15+01:00,17.562454
2026-01-13 13:30+01:00,18.854190
2026-01-13 13:45+01:00,18.897486
2026-01-13 14:00+01:00,16.539608
2026-01-13 14:15+01:00,14.825223
2026-01-13 14:30+01:00,17.892648
2026-01-13 14:45+01:00,16.031348
2026-01-13 15:00+01:00,18.088300
2026-01-13 15:15+01:00,20.215916
2026-01-13 15:30+01:00,17.886361
2026-01-13 15:45+01:00,
2026-01-13 16:00+01:00,15.540925
2026-01-13 16:15+01:00,15.878409
2026-01-13 16:30+01:00,14.531671
2026-01-13 16:45+01:00,16.981929
2026-01-13 17:00+01:00,20.034044
2026-01-13 17:15+01:00,15.998005
2026-01-13 17:30+01:00,17.899632
2026-01-13 17:45+01:00,15.634314
2026-01-13 18:00+01:00,0.898635
2026-01-13 18:15+01:00,1.020765
2026-01-13 18:30+01:00,0.000000
2026-01-13 18:45+01:00,0.657698
2026-01-13 19:00+01:00,0.824086
2026-01-13 19:15+01:00,0.990133
2026-01-13 19:30+01:00,0.766439
2026-01-13 19:45+01:00,1.075066
2026-01-13 20:00+01:00,0.672441
2026-01-13 20:15+01:00,1.342703
2026-01-13 20:30+01:00,0.988676
2026-01-13 20:45+01:00,1.105910
2026-01-13 21:00+01:00,
2026-01-13 21:15+01:00,1.116849
2026-01-13 21:30+01:00,
2026-01-13 21:45+01:00,0.523105
2026-01-13 22:00+01:00,0.927746
2026-01-13 22:15+01:00,0.000000
2026-01-13 22:30+01:00,
2026-01-13 22:45+01:00,1.104350
2026-01-13 23:00+01:00,0.998298
2026-01-13 23:15+01:00,0.839049
2026-01-13 23:30+01:00,1.180418
2026-01-13 23:45+01:00,0.907593
2026-01-14 00:00+01:00,0.934048
2026-01-14 00:15+01:00,
2026-01-14 00:30+01:00,0.932079
2026-01-14 00:45+01:00,
2026-01-14 01:00+01:00,1.376856
2026-01-14 01:15+01:00,0.743198
2026-01-14 01:30+01:00,1.017158
2026-01-14 01:45+01:00,0.980824
2026-01-14 02:00+01:00,1.013680
2026-01-14 02:15+01:00,1.057846
2026-01-14 02:30+01:00,1.024859
2026-01-14 02:45+01:00,1.062490
2026-01-14 03:00+01:00,0.913227
2026-01-14 03:15+01:00,0.978227
2026-01-14 03:30+01:00,1.054572
2026-01-14 03:45+01:00,0.971372
2026-01-14 04:00+01:00,1.131790
2026-01-14 04:15+01:00,0.000000
2026-01-14 04:30+01:00,1.215605
2026-01-14 04:45+01:00,1.143154
2026-01-14 05:00+01:00,0.803791
2026-01-14 05:15+01:00,1.105553
2026-01-14 05:30+01:00,1.039872
2026-01-14 05:45+01:00,
2026-01-14 06:00+01:00,0.000000
2026-01-14 06:15+01:00,0.966678
2026-01-14 06:30+01:00,1.016654
2026-01-14 06:45+01:00,0.632871
2026-01-14 07:00+01:00,20.196541
2026-01-14 07:15+01:00,17.127859
2026-01-14 07:30+01:00,14.988537
2026-01-14 07:45+01:00,18.896109
2026-01-14 08:00+01:00,20.853381
2026-01-14 08:15+01:00,16.594445
2026-01-14 08:30+01:00,19.704791
2026-01-14 08:45+01:00,16.965453
2026-01-14 09:00+01:00,
2026-01-14 09:15+01:00,15.631083
2026-01-14 09:30+01:00,16.952364
2026-01-14 09:45+01:00,
2026-01-14 10:00+01:00,16.970690
2026-01-14 10:15+01:00,14.236070
2026-01-14 10:30+01:00,15.747386
2026-01-14 10:45+01:00,19.259045
2026-01-14 11:00+01:00,17.654034
2026-01-14 11:15+01:00,14.089914
2026-01-14 11:30+01:00,15.521873
2026-01-14 11:45+01:00,15.988597
2026-01-14 12:00+01:00,18.413434
2026-01-14 12:15+01:00,15.009309
2026-01-14 12:30+01:00,17.745786
2026-01-14 12:45+01:00,12.923763
2026-01-14 13:00+01:00,16.910696
2026-01-14 13:15+01:00,15.103529
2026-01-14 13:30+01:00,17.820599
2026-01-14 13:45+01:00,
2026-01-14 14:00+01:00,14.767964
2026-01-14 14:15+01:00,18.461447
2026-01-14 14:30+01:00,14.849692
2026-01-14 14:45+01:00,20.307844
2026-01-14 15:00+01:00,14.615506
2026-01-14 15:15+01:00,18.311229
2026-01-14 15:30+01:00,16.168909
2026-01-14 15:45+01:00,14.260903
2026-01-14 16:00+01:00,15.719910
2026-01-14 16:15+01:00,16.454614
2026-01-14 16:30+01:00,20.060470
2026-01-14 16:45+01:00,15.987194
2026-01-14 17:00+01:00,13.919162
2026-01-14 17:15+01:00,17.658919
2026-01-14 17:30+01:00,
2026-01-14 17:45+01:00,17.159309
2026-01-14 18:00+01:00,1.087894
2026-01-14 18:15+01:00,0.595837
2026-01-14 18:30+01:00,1.119784
2026-01-14 18:45+01:00,
2026-01-14 19:00+01:00,1.132964
2026-01-14 19:15+01:00,0.975708
2026-01-14 19:30+01:00,0.994009
2026-01-14 19:45+01:00,0.933075
2026-01-14 20:00+01:00,1.274436
2026-01-14 20:15+01:00,0.875501
2026-01-14 20:30+01:00,
2026-01-14 20:45+01:00,1.187341
2026-01-14 21:00+01:00,0.483051
2026-01-14 21:15+01:00,1.010281
2026-01-14 21:30+01:00,
2026-01-14 21:45+01:00,1.135466
2026-01-14 22:00+01:00,0.918498
2026-01-14 22:15+01:00,0.748007
2026-01-14 22:30+01:00,0.638045
2026-01-14 22:45+01:00,1.120159
2026-01-14 23:00+01:00,1.041002
2026-01-14 23:15+01:00,1.006889
2026-01-14 23:30+01:00,
2026-01-14 23:45+01:00,0.841283
2026-01-15 00:00+01:00,0.986108
2026-01-15 00:15+01:00,0.957657
2026-01-15 00:30+01:00,1.218657
2026-01-15 00:45+01:00,1.246232
2026-01-15 01:00+01:00,1.053737
2026-01-15 01:15+01:00,1.021919
2026-01-15 01:30+01:00,1.010141
2026-01-15 01:45+01:00,0.927244
2026-01-15 02:00+01:00,1.400994
2026-01-15 02:15+01:00,
2026-01-15 02:30+01:00,0.645658
2026-01-15 02:45+01:00,0.914644
2026-01-15 03:00+01:00,1.000431
2026-01-15 03:15+01:00,0.961239
2026-01-15 03:30+01:00,0.940184
2026-01-15 03:45+01:00,0.884905
2026-01-15 04:00+01:00,1.238322
2026-01-15 04:15+01:00,1.265305
2026-01-15 04:30+01:00,0.893284
2026-01-15 04:45+01:00,1.107040
2026-01-15 05:00+01:00,
2026-01-15 05:15+01:00,0.884798
2026-01-15 05:30+01:00,0.992182
2026-01-15 05:45+01:00,1.103106
2026-01-15 06:00+01:00,1.212177
2026-01-15 06:15+01:00,
2026-01-15 06:30+01:00,1.091211
2026-01-15 06:45+01:00,1.025045
2026-01-15 07:00+01:00,18.805173
2026-01-15 07:15+01:00,13.222801
2026-01-15 07:30+01:00,19.460255
2026-01-15 07:45+01:00,19.101959
2026-01-15 08:00+01:00,15.819054
2026-01-15 08:15+01:00,14.359721
2026-01-15 08:30+01:00,15.428177
2026-01-15 08:45+01:00,18.203049
2026-01-15 09:00+01:00,16.621379
2026-01-15 09:15+01:00,14.691715
2026-01-15 09:30+01:00,17.799442
2026-01-15 09:45+01:00,16.610272
2026-01-15 10:00+01:00,18.110984
2026-01-15 10:15+01:00,14.183624
2026-01-15 10:30+01:00,15.532871
2026-01-15 10:45+01:00,19.244006
2026-01-15 11:00+01:00,16.374297
2026-01-15 11:15+01:00,19.689097
2026-01-15 11:30+01:00,15.928885
2026-01-15 11:45+01:00,17.714750
2026-01-15 12:00+01:00,13.808663
2026-01-15 12:15+01:00,16.837262
2026-01-15 12:30+01:00,12.783348
2026-01-15 12:45+01:00,17.629328
2026-01-15 13:00+01:00,20.258271
2026-01-15 13:15+01:00,16.935822
2026-01-15 13:30+01:00,14.432222
2026-01-15 13:45+01:00,19.280364
2026-01-15 14:00+01:00,18.230395
2026-01-15 14:15+01:00,18.767806
2026-01-15 14:30+01:00,15.687075
2026-01-15 14:45+01:00,16.498063
2026-01-15 15:00+01:00,14.700124
2026-01-15 15:15+01:00,14.237980
2026-01-15 15:30+01:00,16.919393
2026-01-15 15:45+01:00,16.523003
2026-01-15 16:00+01:00,18.115751
2026-01-15 16:15+01:00,17.677992
2026-01-15 16:30+01:00,16.831877
2026-01-15 16:45+01:00,17.502191
2026-01-15 17:00+01:00,20.011939
2026-01-15 17:15+01:00,16.857296
2026-01-15 17:30+01:00,15.602257
2026-01-15 17:45+01:00,19.706633
2026-01-15 18:00+01:00,1.136050
2026-01-15 18:15+01:00,1.021269
2026-01-15 18:30+01:00,0.759199
2026-01-15 18:45+01:00,0.000000
2026-01-15 19:00+01:00,1.027192
2026-01-15 19:15+01:00,0.800410
2026-01-15 19:30+01:00,0.939437
2026-01-15 19:45+01:00,0.952805
2026-01-15 20:00+01:00,1.129592
2026-01-15 20:15+01:00,
2026-01-15 20:30+01:00,1.071285
2026-01-15 20:45+01:00,1.260606
2026-01-15 21:00+01:00,1.130924
2026-01-15 21:15+01:00,0.000000
2026-01-15 21:30+01:00,0.000000
2026-01-15 21:45+01:00,1.113488
2026-01-15 22:00+01:00,1.087981
2026-01-15 22:15+01:00,1.295521
2026-01-15 22:30+01:00,0.970522
2026-01-15 22:45+01:00,0.762028
2026-01-15 23:00+01:00,0.870221
2026-01-15 23:15+01:00,0.701568
2026-01-15 23:30+01:00,0.922696
2026-01-15 23:45+01:00,1.069541
2026-01-16 00:00+01:00,0.966287
2026-01-16 00:15+01:00,0.752956
2026-01-16 00:30+01:00,1.239913
2026-01-16 00:45+01:00,0.976600
2026-01-16 01:00+01:00,0.976048
2026-01-16 01:15+01:00,1.041918
2026-01-16 01:30+01:00,0.898435
2026-01-16 01:45+01:00,0.767327
2026-01-16 02:00+01:00,0.966383
2026-01-16 02:15+01:00,0.933003
2026-01-16 02:30+01:00,1.109461
2026-01-16 02:45+01:00,1.206797
2026-01-16 03:00+01:00,1.063581
2026-01-16 03:15+01:00,1.164363
2026-01-16 03:30+01:00,0.882808
2026-01-16 03:45+01:00,1.164672
2026-01-16 04:00+01:00,0.650078
2026-01-16 04:15+01:00,0.932147
2026-01-16 04:30+01:00,1.188192
2026-01-16 04:45+01:00,0.904708
2026-01-16 05:00+01:00,1.079620
2026-01-16 05:15+01:00,0.708407
2026-01-16 05:30+01:00,1.229140
2026-01-16 05:45+01:00,0.923379
2026-01-16 06:00+01:00,0.988931
2026-01-16 06:15+01:00,0.924216
2026-01-16 06:30+01:00,1.191314
2026-01-16 06:45+01:00,0.811353
2026-01-16 07:00+01:00,19.227480
2026-01-16 07:15+01:00,14.542772
2026-01-16 07:30+01:00,18.593980
2026-01-16 07:45+01:00,16.161793
2026-01-16 08:00+01:00,14.546123
2026-01-16 08:15+01:00,18.708147
2026-01-16 08:30+01:00,15.636132
2026-01-16 08:45+01:00,17.341767
2026-01-16 09:00+01:00,15.611095
2026-01-16 09:15+01:00,16.195743
2026-01-16 09:30+01:00,18.207217
2026-01-16 09:45+01:00,16.909300
2026-01-16 10:00+01:00,17.514088
2026-01-16 10:15+01:00,17.317961
2026-01-16 10:30+01:00,16.608854
2026-01-16 10:45+01:00,21.633999
2026-01-16 11:00+01:00,14.709114
2026-01-16 11:15+01:00,19.271336
2026-01-16 11:30+01:00,17.965978
2026-01-16 11:45+01:00,17.611889
2026-01-16 12:00+01:00,16.347404
2026-01-16 12:15+01:00,18.180551
2026-01-16 12:30+01:00,19.795394
2026-01-16 12:45+01:00,
2026-01-16 13:00+01:00,18.040192
2026-01-16 13:15+01:00,19.967326
2026-01-16 13:30+01:00,15.419531
2026-01-16 13:45+01:00,18.668271
2026-01-16 14:00+01:00,18.702966
2026-01-16 14:15+01:00,16.794816
2026-01-16 14:30+01:00,18.921965
2026-01-16 14:45+01:00,17.662767
2026-01-16 15:00+01:00,20.888043
2026-01-16 15:15+01:00,15.972130
2026-01-16 15:30+01:00,17.107543
2026-01-16 15:45+01:00,14.729637
2026-01-16 16:00+01:00,15.637626
2026-01-16 16:15+01:00,13.512251
2026-01-16 16:30+01:00,21.163687
2026-01-16 16:45+01:00,16.982216
2026-01-16 17:00+01:00,15.813231
2026-01-16 17:15+01:00,16.456860
2026-01-16 17:30+01:00,16.295372
2026-01-16 17:45+01:00,23.595198
2026-01-16 18:00+01:00,1.035173
2026-01-16 18:15+01:00,0.813175
2026-01-16 18:30+01:00,
2026-01-16 18:45+01:00,0.634715
2026-01-16 19:00+01:00,0.000000
2026-01-16 19:15+01:00,1.132364
2026-01-16 19:30+01:00,0.751797
2026-01-16 19:45+01:00,0.593627
2026-01-16 20:00+01:00,0.937108
2026-01-16 20:15+01:00,0.906707
2026-01-16 20:30+01:00,0.788308
2026-01-16 20:45+01:00,0.812098
2026-01-16 21:00+01:00,0.715679
2026-01-16 21:15+01:00,1.165146
2026-01-16 21:30+01:00,0.967397
2026-01-16 21:45+01:00,0.736933
2026-01-16 22:00+01:00,1.318817
2026-01-16 22:15+01:00,0.825143
2026-01-16 22:30+01:00,1.047202
2026-01-16 22:45+01:00,1.164581
2026-01-16 23:00+01:00,0.931001
2026-01-16 23:15+01:00,1.167955
2026-01-16 23:30+01:00,0.918220
2026-01-16 23:45+01:00,0.884944
2026-01-17 00:00+01:00,0.000000
2026-01-17 00:15+01:00,0.572076
2026-01-17 00:30+01:00,0.451522
2026-01-17 00:45+01:00,0.000000
2026-01-17 01:00+01:00,0.604989
2026-01-17 01:15+01:00,0.489390
2026-01-17 01:30+01:00,0.518708
2026-01-17 01:45+01:00,0.314606
2026-01-17 02:00+01:00,0.513195
2026-01-17 02:15+01:00,0.447090
2026-01-17 02:30+01:00,0.713028
2026-01-17 02:45+01:00,0.319202
2026-01-17 03:00+01:00,0.389402
2026-01-17 03:15+01:00,0.470461
2026-01-17 03:30+01:00,0.542643
2026-01-17 03:45+01:00,0.353401
2026-01-17 04:00+01:00,0.383083
2026-01-17 04:15+01:00,0.628417
2026-01-17 04:30+01:00,0.497384
2026-01-17 04:45+01:00,0.557764
2026-01-17 05:00+01:00,0.434065
2026-01-17 05:15+01:00,0.549439
2026-01-17 05:30+01:00,0.409329
2026-01-17 05:45+01:00,0.430794
2026-01-17 06:00+01:00,0.539941
2026-01-17 06:15+01:00,0.389224
2026-01-17 06:30+01:00,0.414630
2026-01-17 06:45+01:00,0.657960
2026-01-17 07:00+01:00,0.478955
2026-01-17 07:15+01:00,0.586957
2026-01-17 07:30+01:00,0.484094
2026-01-17 07:45+01:00,0.391747
2026-01-17 08:00+01:00,0.515117
2026-01-17 08:15+01:00,0.473778
2026-01-17 08:30+01:00,0.411633
2026-01-17 08:45+01:00,0.447100
2026-01-17 09:00+01:00,0.336156
2026-01-17 09:15+01:00,0.750146
2026-01-17 09:30+01:00,0.544472
2026-01-17 09:45+01:00,0.461976
2026-01-17 10:00+01:00,0.546804
2026-01-17 10:15+01:00,0.518513
2026-01-17 10:30+01:00,0.414081
2026-01-17 10:45+01:00,0.592383
2026-01-17 11:00+01:00,0.652557
2026-01-17 11:15+01:00,0.503438
2026-01-17 11:30+01:00,0.567794
2026-01-17 11:45+01:00,0.532862
2026-01-17 12:00+01:00,0.535463
2026-01-17 12:15+01:00,0.413285
2026-01-17 12:30+01:00,0.482539
2026-01-17 12:45+01:00,0.479233
2026-01-17 13:00+01:00,0.405788
2026-01-17 13:15+01:00,0.386261
2026-01-17 13:30+01:00,0.579243
2026-01-17 13:45+01:00,2.524571
2026-01-17 14:00+01:00,0.595086
2026-01-17 14:15+01:00,0.544267
2026-01-17 14:30+01:00,0.538351
2026-01-17 14:45+01:00,0.478740
2026-01-17 15:00+01:00,0.538063
2026-01-17 15:15+01:00,0.540029
2026-01-17 15:30+01:00,0.500909
2026-01-17 15:45+01:00,0.653303
2026-01-17 16:00+01:00,0.417520
2026-01-17 16:15+01:00,0.478861
2026-01-17 16:30+01:00,0.434152
2026-01-17 16:45+01:00,0.453931
2026-01-17 17:00+01:00,0.718117
2026-01-17 17:15+01:00,0.439434
2026-01-17 17:30+01:00,0.384663
2026-01-17 17:45+01:00,0.409211
2026-01-17 18:00+01:00,0.543333
2026-01-17 18:15+01:00,0.565238
2026-01-17 18:30+01:00,0.402388
2026-01-17 18:45+01:00,0.567110
2026-01-17 19:00+01:00,
2026-01-17 19:15+01:00,0.420432
2026-01-17 19:30+01:00,0.510232
2026-01-17 19:45+01:00,0.440898
2026-01-17 20:00+01:00,0.507787
2026-01-17 20:15+01:00,0.422993
2026-01-17 20:30+01:00,0.558782
2026-01-17 20:45+01:00,0.545575
2026-01-17 21:00+01:00,0.000000
2026-01-17 21:15+01:00,0.395803
2026-01-17 21:30+01:00,0.520937
2026-01-17 21:45+01:00,0.499403
2026-01-17 22:00+01:00,0.594014
2026-01-17 22:15+01:00,0.528065
2026-01-17 22:30+01:00,0.420136
2026-01-17 22:45+01:00,0.578771
2026-01-17 23:00+01:00,0.633541
2026-01-17 23:15+01:00,0.322636
2026-01-17 23:30+01:00,0.575515
2026-01-17 23:45+01:00,0.532016
2026-01-18 00:00+01:00,0.473667
2026-01-18 00:15+01:00,0.312607
2026-01-18 00:30+01:00,0.546288
2026-01-18 00:45+01:00,0.445092
2026-01-18 01:00+01:00,0.505413
2026-01-18 01:15+01:00,0.508339
2026-01-18 01:30+01:00,0.336675
2026-01-18 01:45+01:00,0.576217
2026-01-18 02:00+01:00,0.442511
2026-01-18 02:15+01:00,0.407765
2026-01-18 02:30+01:00,0.343768
2026-01-18 02:45+01:00,0.690260
2026-01-18 03:00+01:00,0.613131
2026-01-18 03:15+01:00,0.619507
2026-01-18 03:30+01:00,0.000000
2026-01-18 03:45+01:00,0.628588
2026-01-18 04:00+01:00,0.639290
2026-01-18 04:15+01:00,0.452172
2026-01-18 04:30+01:00,4.356765
2026-01-18 04:45+01:00,3.985500
2026-01-18 05:00+01:00,
2026-01-18 05:15+01:00,0.493008
2026-01-18 05:30+01:00,0.577671
2026-01-18 05:45+01:00,0.511782
2026-01-18 06:00+01:00,0.502551
2026-01-18 06:15+01:00,0.615913
2026-01-18 06:30+01:00,
2026-01-18 06:45+01:00,0.000000
2026-01-18 07:00+01:00,0.439712
2026-01-18 07:15+01:00,0.575668
2026-01-18 07:30+01:00,0.529211
2026-01-18 07:45+01:00,0.505503
2026-01-18 08:00+01:00,0.587398
2026-01-18 08:15+01:00,0.656610
2026-01-18 08:30+01:00,0.513546
2026-01-18 08:45+01:00,
2026-01-18 09:00+01:00,0.559492
2026-01-18 09:15+01:00,0.559214
2026-01-18 09:30+01:00,0.405616
2026-01-18 09:45+01:00,0.442787
2026-01-18 10:00+01:00,0.613881
2026-01-18 10:15+01:00,0.447046
2026-01-18 10:30+01:00,0.533569
2026-01-18 10:45+01:00,0.383940
2026-01-18 11:00+01:00,0.313459
2026-01-18 11:15+01:00,0.552015
2026-01-18 11:30+01:00,0.413792
2026-01-18 11:45+01:00,0.499887
2026-01-18 12:00+01:00,
2026-01-18 12:15+01:00,0.529456
2026-01-18 12:30+01:00,0.506010
2026-01-18 12:45+01:00,0.388101
2026-01-18 13:00+01:00,0.456647
2026-01-18 13:15+01:00,0.584355
2026-01-18 13:30+01:00,0.530780
2026-01-18 13:45+01:00,0.426802
2026-01-18 14:00+01:00,0.573092
2026-01-18 14:15+01:00,0.618806
2026-01-18 14:30+01:00,
2026-01-18 14:45+01:00,0.544460
2026-01-18 15:00+01:00,0.554916
2026-01-18 15:15+01:00,0.410162
2026-01-18 15:30+01:00,0.485441
2026-01-18 15:45+01:00,0.427020
2026-01-18 16:00+01:00,0.493431
2026-01-18 16:15+01:00,0.392946
2026-01-18 16:30+01:00,0.417962
2026-01-18 16:45+01:00,0.466816
2026-01-18 17:00+01:00,0.000000
2026-01-18 17:15+01:00,0.509469
2026-01-18 17:30+01:00,0.629528
2026-01-18 17:45+01:00,
2026-01-18 18:00+01:00,0.501774
2026-01-18 18:15+01:00,0.595967
2026-01-18 18:30+01:00,0.612112
2026-01-18 18:45+01:00,0.574446
2026-01-18 19:00+01:00,0.528626
2026-01-18 19:15+01:00,0.513540
2026-01-18 19:30+01:00,0.561174
2026-01-18 19:45+01:00,0.467201
2026-01-18 20:00+01:00,
2026-01-18 20:15+01:00,0.473114
2026-01-18 20:30+01:00,0.461930
2026-01-18 20:45+01:00,0.428742
2026-01-18 21:00+01:00,0.364645
2026-01-18 21:15+01:00,0.458830
2026-01-18 21:30+01:00,0.467015
2026-01-18 21:45+01:00,0.457831
2026-01-18 22:00+01:00,0.604441
2026-01-18 22:15+01:00,
2026-01-18 22:30+01:00,0.613250
2026-01-18 22:45+01:00,0.458427
2026-01-18 23:00+01:00,0.512122
2026-01-18 23:15+01:00,0.531017
2026-01-18 23:30+01:00,0.000000
2026-01-18 23:45+01:00,0.555548
2026-01-19 00:00+01:00,0.338722
2026-01-19 00:15+01:00,1.027131
2026-01-19 00:30+01:00,0.746090
2026-01-19 00:45+01:00,0.000000
2026-01-19 01:00+01:00,1.044171
2026-01-19 01:15+01:00,0.777959
2026-01-19 01:30+01:00,1.062737
2026-01-19 01:45+01:00,0.872012
2026-01-19 02:00+01:00,1.430322
2026-01-19 02:15+01:00,0.925769
2026-01-19 02:30+01:00,1.050496
2026-01-19 02:45+01:00,0.965327
2026-01-19 03:00+01:00,1.212192
2026-01-19 03:15+01:00,0.741365
2026-01-19 03:30+01:00,1.129819
2026-01-19 03:45+01:00,0.843501
2026-01-19 04:00+01:00,1.000535
2026-01-19 04:15+01:00,0.798199
2026-01-19 04:30+01:00,0.685402
2026-01-19 04:45+01:00,0.990065
2026-01-19 05:00+01:00,0.807984
2026-01-19 05:15+01:00,0.926481
2026-01-19 05:30+01:00,1.078934
2026-01-19 05:45+01:00,1.206485
2026-01-19 06:00+01:00,0.000000
2026-01-19 06:15+01:00,1.038923
2026-01-19 06:30+01:00,0.811348
2026-01-19 06:45+01:00,0.928983
2026-01-19 07:00+01:00,18.246810
2026-01-19 07:15+01:00,18.795769
2026-01-19 07:30+01:00,17.792586
2026-01-19 07:45+01:00,18.325491
2026-01-19 08:00+01:00,16.023107
2026-01-19 08:15+01:00,20.073326
2026-01-19 08:30+01:00,17.828194
2026-01-19 08:45+01:00,14.663863
2026-01-19 09:00+01:00,16.958766
2026-01-19 09:15+01:00,17.779553
2026-01-19 09:30+01:00,17.778114
2026-01-19 09:45+01:00,17.101549
2026-01-19 10:00+01:00,14.114608
2026-01-19 10:15+01:00,14.743094
2026-01-19 10:30+01:00,14.960840
2026-01-19 10:45+01:00,17.338632
2026-01-19 11:00+01:00,14.667537
2026-01-19 11:15+01:00,
2026-01-19 11:30+01:00,18.928719
2026-01-19 11:45+01:00,16.527363
2026-01-19 12:00+01:00,18.545316
2026-01-19 12:15+01:00,15.162553
2026-01-19 12:30+01:00,13.761299
2026-01-19 12:45+01:00,14.240839
2026-01-19 13:00+01:00,14.707411
2026-01-19 13:15+01:00,16.838974
2026-01-19 13:30+01:00,14.806107
2026-01-19 13:45+01:00,13.688570
2026-01-19 14:00+01:00,18.548714
2026-01-19 14:15+01:00,20.672428
2026-01-19 14:30+01:00,17.396451
2026-01-19 14:45+01:00,17.387579
2026-01-19 15:00+01:00,
2026-01-19 15:15+01:00,
2026-01-19 15:30+01:00,19.289953
2026-01-19 15:45+01:00,18.152257
2026-01-19 16:00+01:00,15.448754
2026-01-19 16:15+01:00,14.531913
2026-01-19 16:30+01:00,15.943826
2026-01-19 16:45+01:00,19.339398
2026-01-19 17:00+01:00,18.268159
2026-01-19 17:15+01:00,16.214206
2026-01-19 17:30+01:00,
2026-01-19 17:45+01:00,17.239808
2026-01-19 18:00+01:00,1.076225
2026-01-19 18:15+01:00,1.086122
2026-01-19 18:30+01:00,0.884465
2026-01-19 18:45+01:00,0.940538
2026-01-19 19:00+01:00,1.354191
2026-01-19 19:15+01:00,1.362815
2026-01-19 19:30+01:00,1.082184
2026-01-19 19:45+01:00,1.100788
2026-01-19 20:00+01:00,0.874446
2026-01-19 20:15+01:00,0.916231
2026-01-19 20:30+01:00,1.241590
2026-01-19 20:45+01:00,0.659995
2026-01-19 21:00+01:00,1.135745
2026-01-19 21:15+01:00,1.012480
2026-01-19 21:30+01:00,0.599061
2026-01-19 21:45+01:00,1.317589
2026-01-19 22:00+01:00,1.003503
2026-01-19 22:15+01:00,1.167235
2026-01-19 22:30+01:00,
2026-01-19 22:45+01:00,0.890485
2026-01-19 23:00+01:00,1.380425
2026-01-19 23:15+01:00,0.689268
2026-01-19 23:30+01:00,
2026-01-19 23:45+01:00,1.047093
2026-01-20 00:00+01:00,0.816444
2026-01-20 00:15+01:00,0.777313
2026-01-20 00:30+01:00,1.123771
2026-01-20 00:45+01:00,0.000000
2026-01-20 01:00+01:00,0.789302
2026-01-20 01:15+01:00,0.926987
2026-01-20 01:30+01:00,1.370957
2026-01-20 01:45+01:00,1.233887
2026-01-20 02:00+01:00,1.283400
2026-01-20 02:15+01:00,1.289488
2026-01-20 02:30+01:00,0.794868
2026-01-20 02:45+01:00,0.994297
2026-01-20 03:00+01:00,1.179866
2026-01-20 03:15+01:00,0.846145
2026-01-20 03:30+01:00,1.134643
2026-01-20 03:45+01:00,0.901552
2026-01-20 04:00+01:00,0.708889
2026-01-20 04:15+01:00,0.000000
2026-01-20 04:30+01:00,1.013590
2026-01-20 04:45+01:00,1.080374
2026-01-20 05:00+01:00,0.920601
2026-01-20 05:15+01:00,0.677900
2026-01-20 05:30+01:00,0.780020
2026-01-20 05:45+01:00,1.092169
2026-01-20 06:00+01:00,1.270150
2026-01-20 06:15+01:00,1.170873
2026-01-20 06:30+01:00,0.879963
2026-01-20 06:45+01:00,1.114229
2026-01-20 07:00+01:00,16.996177
2026-01-20 07:15+01:00,19.243956
2026-01-20 07:30+01:00,18.545912
2026-01-20 07:45+01:00,20.463001
2026-01-20 08:00+01:00,15.001642
2026-01-20 08:15+01:00,15.371283
2026-01-20 08:30+01:00,19.147066
2026-01-20 08:45+01:00,18.294843
2026-01-20 09:00+01:00,15.948274
2026-01-20 09:15+01:00,20.352171
2026-01-20 09:30+01:00,18.006877
2026-01-20 09:45+01:00,15.422908
2026-01-20 10:00+01:00,19.194822
2026-01-20 10:15+01:00,13.655637
2026-01-20 10:30+01:00,17.245829
2026-01-20 10:45+01:00,15.520990
2026-01-20 11:00+01:00,15.387826
2026-01-20 11:15+01:00,16.638768
2026-01-20 11:30+01:00,16.460447
2026-01-20 11:45+01:00,19.181388
2026-01-20 12:00+01:00,18.238616
2026-01-20 12:15+01:00,14.186749
2026-01-20 12:30+01:00,162.584474
2026-01-20 12:45+01:00,
2026-01-20 13:00+01:00,16.964860
2026-01-20 13:15+01:00,16.802851
2026-01-20 13:30+01:00,17.297563
2026-01-20 13:45+01:00,15.633032
2026-01-20 14:00+01:00,17.713961
2026-01-20 14:15+01:00,17.313534
2026-01-20 14:30+01:00,21.010143
2026-01-20 14:45+01:00,
2026-01-20 15:00+01:00,15.584292
2026-01-20 15:15+01:00,16.150545
2026-01-20 15:30+01:00,19.755578
2026-01-20 15:45+01:00,15.669328
2026-01-20 16:00+01:00,18.906186
2026-01-20 16:15+01:00,18.112308
2026-01-20 16:30+01:00,14.629539
2026-01-20 16:45+01:00,17.615002
2026-01-20 17:00+01:00,18.592179
2026-01-20 17:15+01:00,19.086646
2026-01-20 17:30+01:00,18.851638
2026-01-20 17:45+01:00,17.113830
2026-01-20 18:00+01:00,0.850201
2026-01-20 18:15+01:00,0.862920
2026-01-20 18:30+01:00,1.089034
2026-01-20 18:45+01:00,1.011188
2026-01-20 19:00+01:00,0.812684
2026-01-20 19:15+01:00,1.089872
2026-01-20 19:30+01:00,1.291735
2026-01-20 19:45+01:00,1.242247
2026-01-20 20:00+01:00,1.240193
2026-01-20 20:15+01:00,0.000000
2026-01-20 20:30+01:00,0.000000
2026-01-20 20:45+01:00,0.832693
2026-01-20 21:00+01:00,0.822724
2026-01-20 21:15+01:00,1.098038
2026-01-20 21:30+01:00,1.164523
2026-01-20 21:45+01:00,0.742611
2026-01-20 22:00+01:00,1.036023
2026-01-20 22:15+01:00,0.000000
2026-01-20 22:30+01:00,1.121991
2026-01-20 22:45+01:00,0.972788
2026-01-20 23:00+01:00,0.876841
2026-01-20 23:15+01:00,0.968635
2026-01-20 23:30+01:00,0.690280
2026-01-20 23:45+01:00,1.079123
2026-01-21 00:00+01:00,1.177488
2026-01-21 00:15+01:00,0.766403
2026-01-21 00:30+01:00,0.761617
2026-01-21 00:45+01:00,0.834356
2026-01-21 01:00+01:00,0.995790
2026-01-21 01:15+01:00,1.044885
2026-01-21 01:30+01:00,1.003853
2026-01-21 01:45+01:00,0.942112
2026-01-21 02:00+01:00,0.723182
2026-01-21 02:15+01:00,0.766197
2026-01-21 02:30+01:00,0.856623
2026-01-21 02:45+01:00,1.260684
2026-01-21 03:00+01:00,1.131944
2026-01-21 03:15+01:00,0.973604
2026-01-21 03:30+01:00,
2026-01-21 03:45+01:00,0.818642
2026-01-21 04:00+01:00,0.811542
2026-01-21 04:15+01:00,1.011024
2026-01-21 04:30+01:00,1.345159
2026-01-21 04:45+01:00,0.997226
2026-01-21 05:00+01:00,1.025315
2026-01-21 05:15+01:00,
2026-01-21 05:30+01:00,1.186415
2026-01-21 05:45+01:00,0.871810
2026-01-21 06:00+01:00,0.896507
2026-01-21 06:15+01:00,0.930052
2026-01-21 06:30+01:00,0.000000
2026-01-21 06:45+01:00,0.970669
2026-01-21 07:00+01:00,17.809750
2026-01-21 07:15+01:00,19.708509
2026-01-21 07:30+01:00,16.906245
2026-01-21 07:45+01:00,17.815445
2026-01-21 08:00+01:00,17.701063
2026-01-21 08:15+01:00,15.721373
2026-01-21 08:30+01:00,14.405998
2026-01-21 08:45+01:00,51.647525
2026-01-21 09:00+01:00,65.820040
2026-01-21 09:15+01:00,16.252109
2026-01-21 09:30+01:00,17.552287
2026-01-21 09:45+01:00,18.038079
2026-01-21 10:00+01:00,15.695761
2026-01-21 10:15+01:00,14.193778
2026-01-21 10:30+01:00,
2026-01-21 10:45+01:00,17.171996
2026-01-21 11:00+01:00,17.287579
2026-01-21 11:15+01:00,18.475045
2026-01-21 11:30+01:00,18.322766
2026-01-21 11:45+01:00,17.020020
2026-01-21 12:00+01:00,17.233232
2026-01-21 12:15+01:00,14.141841
2026-01-21 12:30+01:00,15.341350
2026-01-21 12:45+01:00,20.770123
2026-01-21 13:00+01:00,15.341561
2026-01-21 13:15+01:00,13.619042
2026-01-21 13:30+01:00,17.106670
2026-01-21 13:45+01:00,15.953923
2026-01-21 14:00+01:00,16.912644
2026-01-21 14:15+01:00,21.069176
2026-01-21 14:30+01:00,17.540880
2026-01-21 14:45+01:00,18.175077
2026-01-21 15:00+01:00,19.644075
2026-01-21 15:15+01:00,18.093147
2026-01-21 15:30+01:00,14.920174
2026-01-21 15:45+01:00,19.304464
2026-01-21 16:00+01:00,21.233487
2026-01-21 16:15+01:00,20.417867
2026-01-21 16:30+01:00,16.746616
2026-01-21 16:45+01:00,18.791614
2026-01-21 17:00+01:00,
2026-01-21 17:15+01:00,
2026-01-21 17:30+01:00,17.298598
2026-01-21 17:45+01:00,13.378768
2026-01-21 18:00+01:00,1.020125
2026-01-21 18:15+01:00,1.307118
2026-01-21 18:30+01:00,1.085745
2026-01-21 18:45+01:00,0.908734
2026-01-21 19:00+01:00,1.035441
2026-01-21 19:15+01:00,0.865873
2026-01-21 19:30+01:00,1.024165
2026-01-21 19:45+01:00,1.070556
2026-01-21 20:00+01:00,0.920665
2026-01-21 20:15+01:00,0.607043
2026-01-21 20:30+01:00,0.812219
2026-01-21 20:45+01:00,1.252734
2026-01-21 21:00+01:00,0.846006
2026-01-21 21:15+01:00,0.809254
2026-01-21 21:30+01:00,1.164634
2026-01-21 21:45+01:00,0.858669
2026-01-21 22:00+01:00,0.849157
2026-01-21 22:15+01:00,
2026-01-21 22:30+01:00,0.000000
2026-01-21 22:45+01:00,1.104344
2026-01-21 23:00+01:00,0.000000
2026-01-21 23:15+01:00,0.699141
2026-01-21 23:30+01:00,0.744356
2026-01-21 23:45+01:00,1.404076
2026-01-22 00:00+01:00,1.265133
2026-01-22 00:15+01:00,0.803222
2026-01-22 00:30+01:00,0.870821
2026-01-22 00:45+01:00,1.084540
2026-01-22 01:00+01:00,0.737070
2026-01-22 01:15+01:00,1.131105
2026-01-22 01:30+01:00,0.953595
2026-01-22 01:45+01:00,1.525923
2026-01-22 02:00+01:00,0.819492
2026-01-22 02:15+01:00,1.124075
2026-01-22 02:30+01:00,0.480940
2026-01-22 02:45+01:00,1.021298
2026-01-22 03:00+01:00,0.935945
2026-01-22 03:15+01:00,1.038653
2026-01-22 03:30+01:00,0.888730
2026-01-22 03:45+01:00,0.838085
2026-01-22 04:00+01:00,1.234802
2026-01-22 04:15+01:00,0.000000
2026-01-22 04:30+01:00,0.910811
2026-01-22 04:45+01:00,0.851101
2026-01-22 05:00+01:00,0.679783
2026-01-22 05:15+01:00,1.463220
2026-01-22 05:30+01:00,1.036145
2026-01-22 05:45+01:00,1.126522
2026-01-22 06:00+01:00,0.920362
2026-01-22 06:15+01:00,1.048843
2026-01-22 06:30+01:00,1.246703
2026-01-22 06:45+01:00,0.982339
2026-01-22 07:00+01:00,15.988762
2026-01-22 07:15+01:00,12.119276
2026-01-22 07:30+01:00,19.456863
2026-01-22 07:45+01:00,17.268744
2026-01-22 08:00+01:00,16.773567
2026-01-22 08:15+01:00,19.220939
2026-01-22 08:30+01:00,15.353797
2026-01-22 08:45+01:00,17.152395
2026-01-22 09:00+01:00,19.707180
2026-01-22 09:15+01:00,14.037004
2026-01-22 09:30+01:00,15.854650
2026-01-22 09:45+01:00,17.447321
2026-01-22 10:00+01:00,15.124083
2026-01-22 10:15+01:00,16.744266
2026-01-22 10:30+01:00,17.583828
2026-01-22 10:45+01:00,
2026-01-22 11:00+01:00,17.576523
2026-01-22 11:15+01:00,14.483487
2026-01-22 11:30+01:00,14.627604
2026-01-22 11:45+01:00,16.658069
2026-01-22 12:00+01:00,16.737899
2026-01-22 12:15+01:00,16.252002
2026-01-22 12:30+01:00,14.130165
2026-01-22 12:45+01:00,15.952998
2026-01-22 13:00+01:00,21.119073
2026-01-22 13:15+01:00,15.201826
2026-01-22 13:30+01:00,19.263911
2026-01-22 13:45+01:00,16.730359
2026-01-22 14:00+01:00,16.378122
2026-01-22 14:15+01:00,18.558822
2026-01-22 14:30+01:00,19.121775
2026-01-22 14:45+01:00,13.877967
2026-01-22 15:00+01:00,15.179174
2026-01-22 15:15+01:00,17.464127
2026-01-22 15:30+01:00,16.128144
2026-01-22 15:45+01:00,13.729189
2026-01-22 16:00+01:00,15.786673
2026-01-22 16:15+01:00,16.551012
2026-01-22 16:30+01:00,11.942803
2026-01-22 16:45+01:00,15.356045
2026-01-22 17:00+01:00,18.672600
2026-01-22 17:15+01:00,18.759073
2026-01-22 17:30+01:00,16.987662
2026-01-22 17:45+01:00,14.969983
2026-01-22 18:00+01:00,1.172356
2026-01-22 18:15+01:00,1.057578
2026-01-22 18:30+01:00,0.838372
2026-01-22 18:45+01:00,0.993886
2026-01-22 19:00+01:00,0.631720
2026-01-22 19:15+01:00,0.943848
2026-01-22 19:30+01:00,1.031414
2026-01-22 19:45+01:00,0.661349
2026-01-22 20:00+01:00,0.748639
2026-01-22 20:15+01:00,1.237145
2026-01-22 20:30+01:00,0.905615
2026-01-22 20:45+01:00,0.000000
2026-01-22 21:00+01:00,0.818725
2026-01-22 21:15+01:00,1.061013
2026-01-22 21:30+01:00,0.844777
2026-01-22 21:45+01:00,1.149812
2026-01-22 22:00+01:00,0.816033
2026-01-22 22:15+01:00,1.232364
2026-01-22 22:30+01:00,0.000000
2026-01-22 22:45+01:00,0.854358
2026-01-22 23:00+01:00,1.043760
2026-01-22 23:15+01:00,0.000000
2026-01-22 23:30+01:00,0.837263
2026-01-22 23:45+01:00,0.945852
2026-01-23 00:00+01:00,1.141742
2026-01-23 00:15+01:00,0.867920
2026-01-23 00:30+01:00,1.149316
2026-01-23 00:45+01:00,0.882105
2026-01-23 01:00+01:00,0.736660
2026-01-23 01:15+01:00,0.823377
2026-01-23 01:30+01:00,0.959375
2026-01-23 01:45+01:00,0.720908
2026-01-23 02:00+01:00,0.953377
2026-01-23 02:15+01:00,0.823318
2026-01-23 02:30+01:00,0.729390
2026-01-23 02:45+01:00,0.516676
2026-01-23 03:00+01:00,1.122102
2026-01-23 03:15+01:00,0.948363
2026-01-23 03:30+01:00,0.980130
2026-01-23 03:45+01:00,0.627091
2026-01-23 04:00+01:00,0.818981
2026-01-23 04:15+01:00,1.010933
2026-01-23 04:30+01:00,0.982700
2026-01-23 04:45+01:00,0.905771
2026-01-23 05:00+01:00,0.814722
2026-01-23 05:15+01:00,1.083087
2026-01-23 05:30+01:00,1.241333
2026-01-23 05:45+01:00,1.144885
2026-01-23 06:00+01:00,1.313469
2026-01-23 06:15+01:00,0.894546
2026-01-23 06:30+01:00,0.721249
2026-01-23 06:45+01:00,0.996604
2026-01-23 07:00+01:00,16.247842
2026-01-23 07:15+01:00,17.451658
2026-01-23 07:30+01:00,18.974930
2026-01-23 07:45+01:00,17.059953
2026-01-23 08:00+01:00,19.597412
2026-01-23 08:15+01:00,15.951986
2026-01-23 08:30+01:00,14.880766
2026-01-23 08:45+01:00,21.565961
2026-01-23 09:00+01:00,17.837618
2026-01-23 09:15+01:00,
2026-01-23 09:30+01:00,16.151841
2026-01-23 09:45+01:00,13.524654
2026-01-23 10:00+01:00,18.030116
2026-01-23 10:15+01:00,12.183512
2026-01-23 10:30+01:00,13.765999
2026-01-23 10:45+01:00,12.813180
2026-01-23 11:00+01:00,17.909440
2026-01-23 11:15+01:00,15.146432
2026-01-23 11:30+01:00,20.480868
2026-01-23 11:45+01:00,15.883764
2026-01-23 12:00+01:00,21.450432
2026-01-23 12:15+01:00,17.432192
2026-01-23 12:30+01:00,14.682087
2026-01-23 12:45+01:00,18.219161
2026-01-23 13:00+01:00,17.981415
2026-01-23 13:15+01:00,19.764624
2026-01-23 13:30+01:00,18.320671
2026-01-23 13:45+01:00,15.951975
2026-01-23 14:00+01:00,17.961046
2026-01-23 14:15+01:00,18.041296
2026-01-23 14:30+01:00,18.163460
2026-01-23 14:45+01:00,18.708954
2026-01-23 15:00+01:00,16.519107
2026-01-23 15:15+01:00,17.828174
2026-01-23 15:30+01:00,15.577647
2026-01-23 15:45+01:00,17.271087
2026-01-23 16:00+01:00,19.923041
2026-01-23 16:15+01:00,17.551721
2026-01-23 16:30+01:00,16.789647
2026-01-23 16:45+01:00,18.142846
2026-01-23 17:00+01:00,17.877206
2026-01-23 17:15+01:00,16.929366
2026-01-23 17:30+01:00,18.079999
2026-01-23 17:45+01:00,19.054532
2026-01-23 18:00+01:00,1.112606
2026-01-23 18:15+01:00,1.062185
2026-01-23 18:30+01:00,1.145543
2026-01-23 18:45+01:00,
2026-01-23 19:00+01:00,1.108513
2026-01-23 19:15+01:00,0.922087
2026-01-23 19:30+01:00,0.992397
2026-01-23 19:45+01:00,1.152677
2026-01-23 20:00+01:00,0.954844
2026-01-23 20:15+01:00,1.080651
2026-01-23 20:30+01:00,0.870955
2026-01-23 20:45+01:00,1.150603
2026-01-23 21:00+01:00,1.158881
2026-01-23 21:15+01:00,1.151636
2026-01-23 21:30+01:00,0.000000
2026-01-23 21:45+01:00,1.026550
2026-01-23 22:00+01:00,1.185829
2026-01-23 22:15+01:00,0.822390
2026-01-23 22:30+01:00,0.799987
2026-01-23 22:45+01:00,1.085880
2026-01-23 23:00+01:00,0.841799
2026-01-23 23:15+01:00,1.101339
2026-01-23 23:30+01:00,0.604289
2026-01-23 23:45+01:00,1.235626
2026-01-24 00:00+01:00,0.761432
2026-01-24 00:15+01:00,0.534208
2026-01-24 00:30+01:00,
2026-01-24 00:45+01:00,0.520161
2026-01-24 01:00+01:00,0.541500
2026-01-24 01:15+01:00,0.477763
2026-01-24 01:30+01:00,0.427702
2026-01-24 01:45+01:00,0.000000
2026-01-24 02:00+01:00,0.452465
2026-01-24 02:15+01:00,0.538211
2026-01-24 02:30+01:00,0.436949
2026-01-24 02:45+01:00,
2026-01-24 03:00+01:00,0.443289
2026-01-24 03:15+01:00,0.449470
2026-01-24 03:30+01:00,0.595862
2026-01-24 03:45+01:00,0.464568
2026-01-24 04:00+01:00,0.481024
2026-01-24 04:15+01:00,0.584269
2026-01-24 04:30+01:00,0.513793
2026-01-24 04:45+01:00,0.581409
2026-01-24 05:00+01:00,0.415057
2026-01-24 05:15+01:00,0.642283
2026-01-24 05:30+01:00,
2026-01-24 05:45+01:00,
2026-01-24 06:00+01:00,0.517329
2026-01-24 06:15+01:00,0.502890
2026-01-24 06:30+01:00,0.543888
2026-01-24 06:45+01:00,0.562027
2026-01-24 07:00+01:00,0.432422
2026-01-24 07:15+01:00,0.554194
2026-01-24 07:30+01:00,
2026-01-24 07:45+01:00,
2026-01-24 08:00+01:00,0.409294
2026-01-24 08:15+01:00,0.449620
2026-01-24 08:30+01:00,0.628883
2026-01-24 08:45+01:00,0.000000
2026-01-24 09:00+01:00,0.708871
2026-01-24 09:15+01:00,0.566298
2026-01-24 09:30+01:00,0.451787
2026-01-24 09:45+01:00,0.524868
2026-01-24 10:00+01:00,0.000000
2026-01-24 10:15+01:00,0.000000
2026-01-24 10:30+01:00,0.531064
2026-01-24 10:45+01:00,0.531354
2026-01-24 11:00+01:00,0.524162
2026-01-24 11:15+01:00,0.361747
2026-01-24 11:30+01:00,0.561831
2026-01-24 11:45+01:00,0.538684
2026-01-24 12:00+01:00,
2026-01-24 12:15+01:00,0.457333
2026-01-24 12:30+01:00,0.389657
2026-01-24 12:45+01:00,0.385111
2026-01-24 13:00+01:00,0.535613
2026-01-24 13:15+01:00,0.451145
2026-01-24 13:30+01:00,0.539204
2026-01-24 13:45+01:00,0.436166
2026-01-24 14:00+01:00,0.495333
2026-01-24 14:15+01:00,0.470805
2026-01-24 14:30+01:00,0.553255
2026-01-24 14:45+01:00,0.509877
2026-01-24 15:00+01:00,0.421899
2026-01-24 15:15+01:00,0.411922
2026-01-24 15:30+01:00,0.512881
2026-01-24 15:45+01:00,0.511894
2026-01-24 16:00+01:00,0.455057
2026-01-24 16:15+01:00,0.530305
2026-01-24 16:30+01:00,0.475889
2026-01-24 16:45+01:00,
2026-01-24 17:00+01:00,0.412149
2026-01-24 17:15+01:00,0.511767
2026-01-24 17:30+01:00,
2026-01-24 17:45+01:00,0.389589
2026-01-24 18:00+01:00,0.401091
2026-01-24 18:15+01:00,0.513191
2026-01-24 18:30+01:00,0.457615
2026-01-24 18:45+01:00,0.447746
2026-01-24 19:00+01:00,0.572341
2026-01-24 19:15+01:00,0.538278
2026-01-24 19:30+01:00,0.441413
2026-01-24 19:45+01:00,0.590843
2026-01-24 20:00+01:00,0.604092
2026-01-24 20:15+01:00,0.522859
2026-01-24 20:30+01:00,0.565774
2026-01-24 20:45+01:00,0.436085
2026-01-24 21:00+01:00,0.430447
2026-01-24 21:15+01:00,0.463893
2026-01-24 21:30+01:00,0.583796
2026-01-24 21:45+01:00,0.712828
2026-01-24 22:00+01:00,0.351326
2026-01-24 22:15+01:00,0.434603
2026-01-24 22:30+01:00,
2026-01-24 22:45+01:00,0.445522
2026-01-24 23:00+01:00,0.357590
2026-01-24 23:15+01:00,0.231180
2026-01-24 23:30+01:00,0.533826
2026-01-24 23:45+01:00,0.292386
2026-01-25 00:00+01:00,0.475385
2026-01-25 00:15+01:00,0.333365
2026-01-25 00:30+01:00,0.499138
2026-01-25 00:45+01:00,0.519727
2026-01-25 01:00+01:00,0.344428
2026-01-25 01:15+01:00,0.579977
2026-01-25 01:30+01:00,0.798349
2026-01-25 01:45+01:00,0.428746
2026-01-25 02:00+01:00,0.315711
2026-01-25 02:15+01:00,0.571362
2026-01-25 02:30+01:00,0.358441
2026-01-25 02:45+01:00,0.466156
2026-01-25 03:00+01:00,0.525381
2026-01-25 03:15+01:00,0.406132
2026-01-25 03:30+01:00,0.482336
2026-01-25 03:45+01:00,0.000000
2026-01-25 04:00+01:00,0.556024
2026-01-25 04:15+01:00,0.418851
2026-01-25 04:30+01:00,0.513909
2026-01-25 04:45+01:00,0.492879
2026-01-25 05:00+01:00,0.393491
2026-01-25 05:15+01:00,0.506148
2026-01-25 05:30+01:00,
2026-01-25 05:45+01:00,0.305960
2026-01-25 06:00+01:00,0.478453
2026-01-25 06:15+01:00,0.417378
2026-01-25 06:30+01:00,0.481535
2026-01-25 06:45+01:00,0.000000
2026-01-25 07:00+01:00,0.611406
2026-01-25 07:15+01:00,0.423515
2026-01-25 07:30+01:00,0.581101
2026-01-25 07:45+01:00,0.444225
2026-01-25 08:00+01:00,0.515165
2026-01-25 08:15+01:00,0.469664
2026-01-25 08:30+01:00,0.458434
2026-01-25 08:45+01:00,0.594276
2026-01-25 09:00+01:00,0.503692
2026-01-25 09:15+01:00,0.512613
2026-01-25 09:30+01:00,0.543578
2026-01-25 09:45+01:00,0.411460
2026-01-25 10:00+01:00,0.689931
2026-01-25 10:15+01:00,0.550029
2026-01-25 10:30+01:00,0.548186
2026-01-25 10:45+01:00,0.648961
2026-01-25 11:00+01:00,0.508850
2026-01-25 11:15+01:00,0.518554
2026-01-25 11:30+01:00,0.592003
2026-01-25 11:45+01:00,3.775923
2026-01-25 12:00+01:00,0.736715
2026-01-25 12:15+01:00,0.000000
2026-01-25 12:30+01:00,0.403836
2026-01-25 12:45+01:00,0.733751
2026-01-25 13:00+01:00,0.463242
2026-01-25 13:15+01:00,0.635784
2026-01-25 13:30+01:00,0.433359
2026-01-25 13:45+01:00,0.000000
2026-01-25 14:00+01:00,0.569342
2026-01-25 14:15+01:00,
2026-01-25 14:30+01:00,0.507625
2026-01-25 14:45+01:00,0.406755
2026-01-25 15:00+01:00,
2026-01-25 15:15+01:00,0.342445
2026-01-25 15:30+01:00,0.436880
2026-01-25 15:45+01:00,0.554783
2026-01-25 16:00+01:00,0.501691
2026-01-25 16:15+01:00,0.480659
2026-01-25 16:30+01:00,0.532762
2026-01-25 16:45+01:00,0.315105
2026-01-25 17:00+01:00,
2026-01-25 17:15+01:00,0.433038
2026-01-25 17:30+01:00,0.626272
2026-01-25 17:45+01:00,0.615116
2026-01-25 18:00+01:00,
2026-01-25 18:15+01:00,0.432590
2026-01-25 18:30+01:00,0.539374
2026-01-25 18:45+01:00,0.417886
2026-01-25 19:00+01:00,0.602740
2026-01-25 19:15+01:00,0.546971
2026-01-25 19:30+01:00,0.519591
2026-01-25 19:45+01:00,0.448257
2026-01-25 20:00+01:00,
2026-01-25 20:15+01:00,0.531282
2026-01-25 20:30+01:00,0.442387
2026-01-25 20:45+01:00,0.655068
2026-01-25 21:00+01:00,0.383748
2026-01-25 21:15+01:00,0.482581
2026-01-25 21:30+01:00,0.616162
2026-01-25 21:45+01:00,0.552112
2026-01-25 22:00+01:00,0.509739
2026-01-25 22:15+01:00,0.494145
2026-01-25 22:30+01:00,0.524155
2026-01-25 22:45+01:00,0.446602
2026-01-25 23:00+01:00,0.560194
2026-01-25 23:15+01:00,0.721797
2026-01-25 23:30+01:00,0.398263
2026-01-25 23:45+01:00,0.470919
2026-01-26 00:00+01:00,0.462393
2026-01-26 00:15+01:00,0.800822
2026-01-26 00:30+01:00,0.938291
2026-01-26 00:45+01:00,
2026-01-26 01:00+01:00,0.993560
2026-01-26 01:15+01:00,1.129350
2026-01-26 01:30+01:00,0.593599
2026-01-26 01:45+01:00,0.791822
2026-01-26 02:00+01:00,0.793207
2026-01-26 02:15+01:00,1.121421
2026-01-26 02:30+01:00,0.698821
2026-01-26 02:45+01:00,0.610563
2026-01-26 03:00+01:00,0.826657
2026-01-26 03:15+01:00,1.022204
2026-01-26 03:30+01:00,0.867189
2026-01-26 03:45+01:00,1.236832
2026-01-26 04:00+01:00,0.884078
2026-01-26 04:15+01:00,1.176605
2026-01-26 04:30+01:00,0.967834
2026-01-26 04:45+01:00,0.567531
2026-01-26 05:00+01:00,0.699348
2026-01-26 05:15+01:00,0.964950
2026-01-26 05:30+01:00,0.909038
2026-01-26 05:45+01:00,0.944145
2026-01-26 06:00+01:00,1.034022
2026-01-26 06:15+01:00,0.500272
2026-01-26 06:30+01:00,0.637860
2026-01-26 06:45+01:00,1.433795
2026-01-26 07:00+01:00,13.804632
2026-01-26 07:15+01:00,16.850036
2026-01-26 07:30+01:00,14.815104
2026-01-26 07:45+01:00,16.470861
2026-01-26 08:00+01:00,
2026-01-26 08:15+01:00,18.774519
2026-01-26 08:30+01:00,18.308910
2026-01-26 08:45+01:00,17.000783
2026-01-26 09:00+01:00,17.176031
2026-01-26 09:15+01:00,15.869367
2026-01-26 09:30+01:00,19.086447
2026-01-26 09:45+01:00,15.439169
2026-01-26 10:00+01:00,18.583088
2026-01-26 10:15+01:00,15.397344
2026-01-26 10:30+01:00,15.396260
2026-01-26 10:45+01:00,15.085178
2026-01-26 11:00+01:00,16.904350
2026-01-26 11:15+01:00,16.603991
2026-01-26 11:30+01:00,15.505715
2026-01-26 11:45+01:00,17.788752
2026-01-26 12:00+01:00,18.264988
2026-01-26 12:15+01:00,16.593149
2026-01-26 12:30+01:00,18.620202
2026-01-26 12:45+01:00,15.656517
2026-01-26 13:00+01:00,16.257405
2026-01-26 13:15+01:00,15.363280
2026-01-26 13:30+01:00,16.549954
2026-01-26 13:45+01:00,15.494235
2026-01-26 14:00+01:00,14.261861
2026-01-26 14:15+01:00,17.082022
2026-01-26 14:30+01:00,13.613600
2026-01-26 14:45+01:00,18.371320
2026-01-26 15:00+01:00,23.296143
2026-01-26 15:15+01:00,14.059546
2026-01-26 15:30+01:00,21.509575
2026-01-26 15:45+01:00,
2026-01-26 16:00+01:00,
2026-01-26 16:15+01:00,18.704112
2026-01-26 16:30+01:00,
2026-01-26 16:45+01:00,19.037153
2026-01-26 17:00+01:00,19.356386
2026-01-26 17:15+01:00,16.429127
2026-01-26 17:30+01:00,19.734602
2026-01-26 17:45+01:00,18.087623
2026-01-26 18:00+01:00,1.190502
2026-01-26 18:15+01:00,1.042407
2026-01-26 18:30+01:00,0.770322
2026-01-26 18:45+01:00,1.100452
2026-01-26 19:00+01:00,0.831584
2026-01-26 19:15+01:00,0.802240
2026-01-26 19:30+01:00,0.734643
2026-01-26 19:45+01:00,1.136009
2026-01-26 20:00+01:00,0.997759
2026-01-26 20:15+01:00,0.781508
2026-01-26 20:30+01:00,1.014572
2026-01-26 20:45+01:00,1.303852
2026-01-26 21:00+01:00,1.012096
2026-01-26 21:15+01:00,0.000000
2026-01-26 21:30+01:00,1.185140
2026-01-26 21:45+01:00,0.800675
2026-01-26 22:00+01:00,0.000000
2026-01-26 22:15+01:00,0.988660
2026-01-26 22:30+01:00,1.007209
2026-01-26 22:45+01:00,0.988532
2026-01-26 23:00+01:00,1.159111
2026-01-26 23:15+01:00,1.094080
2026-01-26 23:30+01:00,0.836891
2026-01-26 23:45+01:00,1.138328
2026-01-27 00:00+01:00,1.016647
2026-01-27 00:15+01:00,0.894445
2026-01-27 00:30+01:00,0.671821
2026-01-27 00:45+01:00,0.966427
2026-01-27 01:00+01:00,0.615432
2026-01-27 01:15+01:00,0.888967
2026-01-27 01:30+01:00,1.358930
2026-01-27 01:45+01:00,
2026-01-27 02:00+01:00,0.288556
2026-01-27 02:15+01:00,1.053907
2026-01-27 02:30+01:00,1.008839
2026-01-27 02:45+01:00,0.858331
2026-01-27 03:00+01:00,1.106304
2026-01-27 03:15+01:00,1.227613
2026-01-27 03:30+01:00,0.876574
2026-01-27 03:45+01:00,0.881863
2026-01-27 04:00+01:00,0.840388
2026-01-27 04:15+01:00,0.985963
2026-01-27 04:30+01:00,1.136586
2026-01-27 04:45+01:00,0.000000
2026-01-27 05:00+01:00,0.955576
2026-01-27 05:15+01:00,0.845344
2026-01-27 05:30+01:00,1.082456
2026-01-27 05:45+01:00,1.100218
2026-01-27 06:00+01:00,0.662424
2026-01-27 06:15+01:00,1.102394
2026-01-27 06:30+01:00,0.854478
2026-01-27 06:45+01:00,1.052941
2026-01-27 07:00+01:00,17.345968
2026-01-27 07:15+01:00,16.988341
2026-01-27 07:30+01:00,18.271670
2026-01-27 07:45+01:00,19.666413
2026-01-27 08:00+01:00,17.799433
2026-01-27 08:15+01:00,17.464390
2026-01-27 08:30+01:00,17.526403
2026-01-27 08:45+01:00,14.822016
2026-01-27 09:00+01:00,15.493983
2026-01-27 09:15+01:00,18.427086
2026-01-27 09:30+01:00,16.661498
2026-01-27 09:45+01:00,17.007885
2026-01-27 10:00+01:00,17.361022
2026-01-27 10:15+01:00,17.235593
2026-01-27 10:30+01:00,15.447990
2026-01-27 10:45+01:00,18.256963
2026-01-27 11:00+01:00,18.159499
2026-01-27 11:15+01:00,18.366784
2026-01-27 11:30+01:00,15.422134
2026-01-27 11:45+01:00,15.041456
2026-01-27 12:00+01:00,15.917667
2026-01-27 12:15+01:00,16.023228
2026-01-27 12:30+01:00,20.879695
2026-01-27 12:45+01:00,15.624883
2026-01-27 13:00+01:00,18.010143
2026-01-27 13:15+01:00,15.009993
2026-01-27 13:30+01:00,18.076546
2026-01-27 13:45+01:00,18.440982
2026-01-27 14:00+01:00,
2026-01-27 14:15+01:00,14.990523
2026-01-27 14:30+01:00,17.517346
2026-01-27 14:45+01:00,17.112820
2026-01-27 15:00+01:00,15.839568
2026-01-27 15:15+01:00,15.851705
2026-01-27 15:30+01:00,20.031852
2026-01-27 15:45+01:00,19.041286
2026-01-27 16:00+01:00,14.501519
2026-01-27 16:15+01:00,18.508207
2026-01-27 16:30+01:00,16.507400
2026-01-27 16:45+01:00,16.955919
2026-01-27 17:00+01:00,16.286789
2026-01-27 17:15+01:00,15.019269
2026-01-27 17:30+01:00,20.758456
2026-01-27 17:45+01:00,17.306518
2026-01-27 18:00+01:00,0.981983
2026-01-27 18:15+01:00,1.189502
2026-01-27 18:30+01:00,1.159956
2026-01-27 18:45+01:00,1.270926
2026-01-27 19:00+01:00,0.876357
2026-01-27 19:15+01:00,0.635872
2026-01-27 19:30+01:00,0.883869
2026-01-27 19:45+01:00,0.000000
2026-01-27 20:00+01:00,
2026-01-27 20:15+01:00,0.692493
2026-01-27 20:30+01:00,1.101457
2026-01-27 20:45+01:00,0.910020
2026-01-27 21:00+01:00,1.082155
2026-01-27 21:15+01:00,0.868839
2026-01-27 21:30+01:00,
2026-01-27 21:45+01:00,1.369143
2026-01-27 22:00+01:00,1.035035
2026-01-27 22:15+01:00,0.000000
2026-01-27 22:30+01:00,0.000000
2026-01-27 22:45+01:00,1.354631
2026-01-27 23:00+01:00,
2026-01-27 23:15+01:00,1.398327
2026-01-27 23:30+01:00,1.094796
2026-01-27 23:45+01:00,0.788202
2026-01-28 00:00+01:00,1.005687
2026-01-28 00:15+01:00,1.227329
2026-01-28 00:30+01:00,0.901473
2026-01-28 00:45+01:00,1.028732
2026-01-28 01:00+01:00,0.779299
2026-01-28 01:15+01:00,0.744985
2026-01-28 01:30+01:00,1.129900
2026-01-28 01:45+01:00,0.816322
2026-01-28 02:00+01:00,1.022221
2026-01-28 02:15+01:00,1.058110
2026-01-28 02:30+01:00,0.862903
2026-01-28 02:45+01:00,1.237633
2026-01-28 03:00+01:00,1.324920
2026-01-28 03:15+01:00,0.976657
2026-01-28 03:30+01:00,1.039726
2026-01-28 03:45+01:00,0.802288
2026-01-28 04:00+01:00,1.067775
2026-01-28 04:15+01:00,0.000000
2026-01-28 04:30+01:00,0.782820
2026-01-28 04:45+01:00,0.685265
2026-01-28 05:00+01:00,0.826588
2026-01-28 05:15+01:00,1.302382
2026-01-28 05:30+01:00,1.016388
2026-01-28 05:45+01:00,1.360765
2026-01-28 06:00+01:00,0.999737
2026-01-28 06:15+01:00,0.915696
2026-01-28 06:30+01:00,0.852380
2026-01-28 06:45+01:00,0.979301
2026-01-28 07:00+01:00,17.380075
2026-01-28 07:15+01:00,18.540019
2026-01-28 07:30+01:00,15.971069
2026-01-28 07:45+01:00,17.834258
2026-01-28 08:00+01:00,15.722066
2026-01-28 08:15+01:00,19.776317
2026-01-28 08:30+01:00,15.828874
2026-01-28 08:45+01:00,19.536358
2026-01-28 09:00+01:00,15.880573
2026-01-28 09:15+01:00,17.853973
2026-01-28 09:30+01:00,15.531858
2026-01-28 09:45+01:00,17.350705
2026-01-28 10:00+01:00,16.455699
2026-01-28 10:15+01:00,18.563265
2026-01-28 10:30+01:00,16.140792
2026-01-28 10:45+01:00,17.995011
2026-01-28 11:00+01:00,20.705282
2026-01-28 11:15+01:00,18.465290
2026-01-28 11:30+01:00,16.880035
2026-01-28 11:45+01:00,15.822936
2026-01-28 12:00+01:00,19.361662
2026-01-28 12:15+01:00,15.572311
2026-01-28 12:30+01:00,20.876734
2026-01-28 12:45+01:00,18.109314
2026-01-28 13:00+01:00,19.318341
2026-01-28 13:15+01:00,16.170180
2026-01-28 13:30+01:00,14.661995
2026-01-28 13:45+01:00,15.383621
2026-01-28 14:00+01:00,18.978726
2026-01-28 14:15+01:00,14.242089
2026-01-28 14:30+01:00,18.095176
2026-01-28 14:45+01:00,20.476121
2026-01-28 15:00+01:00,18.337190
2026-01-28 15:15+01:00,16.689937
2026-01-28 15:30+01:00,17.245207
2026-01-28 15:45+01:00,17.713828
2026-01-28 16:00+01:00,15.629262
2026-01-28 16:15+01:00,13.026637
2026-01-28 16:30+01:00,19.661431
2026-01-28 16:45+01:00,16.398721
2026-01-28 17:00+01:00,14.913485
2026-01-28 17:15+01:00,18.057223
2026-01-28 17:30+01:00,16.355093
2026-01-28 17:45+01:00,20.092631
2026-01-28 18:00+01:00,
2026-01-28 18:15+01:00,0.666455
2026-01-28 18:30+01:00,0.948394
2026-01-28 18:45+01:00,0.877592
2026-01-28 19:00+01:00,0.845956
2026-01-28 19:15+01:00,1.383375
2026-01-28 19:30+01:00,1.151897
2026-01-28 19:45+01:00,0.731313
2026-01-28 20:00+01:00,1.206176
2026-01-28 20:15+01:00,0.868971
2026-01-28 20:30+01:00,1.008780
2026-01-28 20:45+01:00,1.308343
2026-01-28 21:00+01:00,1.189431
2026-01-28 21:15+01:00,0.984735
2026-01-28 21:30+01:00,
2026-01-28 21:45+01:00,1.363743
2026-01-28 22:00+01:00,0.917272
2026-01-28 22:15+01:00,0.419093
2026-01-28 22:30+01:00,1.203761
2026-01-28 22:45+01:00,1.058607
2026-01-28 23:00+01:00,0.875863
2026-01-28 23:15+01:00,0.000000
2026-01-28 23:30+01:00,1.021034
2026-01-28 23:45+01:00,1.039733
2026-01-29 00:00+01:00,1.109217
2026-01-29 00:15+01:00,1.070031
2026-01-29 00:30+01:00,0.720939
2026-01-29 00:45+01:00,1.105586
2026-01-29 01:00+01:00,0.798946
2026-01-29 01:15+01:00,0.000000
2026-01-29 01:30+01:00,0.847719
2026-01-29 01:45+01:00,0.915572
2026-01-29 02:00+01:00,1.249820
2026-01-29 02:15+01:00,1.218364
2026-01-29 02:30+01:00,1.197664
2026-01-29 02:45+01:00,0.604347
2026-01-29 03:00+01:00,1.326970
2026-01-29 03:15+01:00,0.887663
2026-01-29 03:30+01:00,1.243599
2026-01-29 03:45+01:00,1.027459
2026-01-29 04:00+01:00,1.385874
2026-01-29 04:15+01:00,0.716391
2026-01-29 04:30+01:00,0.809275
2026-01-29 04:45+01:00,0.882402
2026-01-29 05:00+01:00,0.907029
2026-01-29 05:15+01:00,1.077359
2026-01-29 05:30+01:00,0.858590
2026-01-29 05:45+01:00,0.796963
2026-01-29 06:00+01:00,0.000000
2026-01-29 06:15+01:00,0.720736
2026-01-29 06:30+01:00,
2026-01-29 06:45+01:00,0.468758
2026-01-29 07:00+01:00,13.015014
2026-01-29 07:15+01:00,15.803058
2026-01-29 07:30+01:00,16.301081
2026-01-29 07:45+01:00,15.541014
2026-01-29 08:00+01:00,19.918501
2026-01-29 08:15+01:00,14.528254
2026-01-29 08:30+01:00,21.747603
2026-01-29 08:45+01:00,13.853863
2026-01-29 09:00+01:00,14.516086
2026-01-29 09:15+01:00,15.272824
2026-01-29 09:30+01:00,16.432571
2026-01-29 09:45+01:00,16.446750
2026-01-29 10:00+01:00,14.418100
2026-01-29 10:15+01:00,16.770915
2026-01-29 10:30+01:00,15.688134
2026-01-29 10:45+01:00,
2026-01-29 11:00+01:00,15.516972
2026-01-29 11:15+01:00,17.895518
2026-01-29 11:30+01:00,16.855784
2026-01-29 11:45+01:00,16.333557
2026-01-29 12:00+01:00,15.776293
2026-01-29 12:15+01:00,19.703961
2026-01-29 12:30+01:00,
2026-01-29 12:45+01:00,15.793597
2026-01-29 13:00+01:00,16.243817
2026-01-29 13:15+01:00,17.002873
2026-01-29 13:30+01:00,21.942553
2026-01-29 13:45+01:00,19.536978
2026-01-29 14:00+01:00,20.210106
2026-01-29 14:15+01:00,17.400366
2026-01-29 14:30+01:00,16.520417
2026-01-29 14:45+01:00,19.221082
2026-01-29 15:00+01:00,14.211253
2026-01-29 15:15+01:00,17.168801
2026-01-29 15:30+01:00,16.514094
2026-01-29 15:45+01:00,15.734807
2026-01-29 16:00+01:00,20.486187
2026-01-29 16:15+01:00,19.595787
2026-01-29 16:30+01:00,17.622623
2026-01-29 16:45+01:00,20.559542
2026-01-29 17:00+01:00,18.741701
2026-01-29 17:15+01:00,18.638002
2026-01-29 17:30+01:00,19.087559
2026-01-29 17:45+01:00,
2026-01-29 18:00+01:00,1.001085
2026-01-29 18:15+01:00,1.218581
2026-01-29 18:30+01:00,1.091735
2026-01-29 18:45+01:00,1.061796
2026-01-29 19:00+01:00,1.056376
2026-01-29 19:15+01:00,1.123170
2026-01-29 19:30+01:00,0.984124
2026-01-29 19:45+01:00,1.085945
2026-01-29 20:00+01:00,0.731327
2026-01-29 20:15+01:00,0.829099
2026-01-29 20:30+01:00,0.846057
2026-01-29 20:45+01:00,0.867185
2026-01-29 21:00+01:00,1.096863
2026-01-29 21:15+01:00,0.672488
2026-01-29 21:30+01:00,0.000000
2026-01-29 21:45+01:00,1.050762
2026-01-29 22:00+01:00,1.183253
2026-01-29 22:15+01:00,0.885665
2026-01-29 22:30+01:00,0.777787
2026-01-29 22:45+01:00,0.769341
2026-01-29 23:00+01:00,
2026-01-29 23:15+01:00,0.000000
2026-01-29 23:30+01:00,0.000000
2026-01-29 23:45+01:00,0.903839
2026-01-30 00:00+01:00,0.810940
2026-01-30 00:15+01:00,
2026-01-30 00:30+01:00,0.978720
2026-01-30 00:45+01:00,0.912389
2026-01-30 01:00+01:00,0.860519
2026-01-30 01:15+01:00,0.931694
2026-01-30 01:30+01:00,1.153114
2026-01-30 01:45+01:00,0.929661
2026-01-30 02:00+01:00,1.122639
2026-01-30 02:15+01:00,0.737107
2026-01-30 02:30+01:00,1.012951
2026-01-30 02:45+01:00,1.298906
2026-01-30 03:00+01:00,1.086596
2026-01-30 03:15+01:00,1.171062
2026-01-30 03:30+01:00,1.345423
2026-01-30 03:45+01:00,1.156248
2026-01-30 04:00+01:00,1.026586
2026-01-30 04:15+01:00,1.263075
2026-01-30 04:30+01:00,0.847455
2026-01-30 04:45+01:00,1.152536
2026-01-30 05:00+01:00,1.103450
2026-01-30 05:15+01:00,1.301562
2026-01-30 05:30+01:00,1.139771
2026-01-30 05:45+01:00,0.546793
2026-01-30 06:00+01:00,1.097530
2026-01-30 06:15+01:00,
2026-01-30 06:30+01:00,1.176363
2026-01-30 06:45+01:00,0.745546
2026-01-30 07:00+01:00,17.328933
2026-01-30 07:15+01:00,16.192858
2026-01-30 07:30+01:00,18.722397
2026-01-30 07:45+01:00,16.864738
2026-01-30 08:00+01:00,15.636938
2026-01-30 08:15+01:00,18.090206
2026-01-30 08:30+01:00,18.367293
2026-01-30 08:45+01:00,18.507549
2026-01-30 09:00+01:00,11.177609
2026-01-30 09:15+01:00,15.657159
2026-01-30 09:30+01:00,20.358175
2026-01-30 09:45+01:00,15.370281
2026-01-30 10:00+01:00,18.791445
2026-01-30 10:15+01:00,13.764930
2026-01-30 10:30+01:00,17.534781
2026-01-30 10:45+01:00,14.954585
2026-01-30 11:00+01:00,16.190981
2026-01-30 11:15+01:00,18.570598
2026-01-30 11:30+01:00,16.643113
2026-01-30 11:45+01:00,18.356026
2026-01-30 12:00+01:00,16.846593
2026-01-30 12:15+01:00,16.049510
2026-01-30 12:30+01:00,
2026-01-30 12:45+01:00,12.171386
2026-01-30 13:00+01:00,18.942496
2026-01-30 13:15+01:00,16.962425
2026-01-30 13:30+01:00,16.548633
2026-01-30 13:45+01:00,14.962544
2026-01-30 14:00+01:00,18.760397
2026-01-30 14:15+01:00,17.636013
2026-01-30 14:30+01:00,16.930744
2026-01-30 14:45+01:00,16.538742
2026-01-30 15:00+01:00,19.992534
2026-01-30 15:15+01:00,15.586917
2026-01-30 15:30+01:00,16.677040
2026-01-30 15:45+01:00,15.920712
2026-01-30 16:00+01:00,
2026-01-30 16:15+01:00,20.080287
2026-01-30 16:30+01:00,17.769566
2026-01-30 16:45+01:00,15.101207
2026-01-30 17:00+01:00,17.324638
2026-01-30 17:15+01:00,12.404122
2026-01-30 17:30+01:00,15.563621
2026-01-30 17:45+01:00,15.823710
2026-01-30 18:00+01:00,0.771706
2026-01-30 18:15+01:00,1.157728
2026-01-30 18:30+01:00,1.229251
2026-01-30 18:45+01:00,
2026-01-30 19:00+01:00,0.000000
2026-01-30 19:15+01:00,0.915770
2026-01-30 19:30+01:00,0.903347
2026-01-30 19:45+01:00,1.118042
2026-01-30 20:00+01:00,1.136651
2026-01-30 20:15+01:00,1.165697
2026-01-30 20:30+01:00,0.885511
2026-01-30 20:45+01:00,1.274412
2026-01-30 21:00+01:00,1.069599
2026-01-30 21:15+01:00,1.028692
2026-01-30 21:30+01:00,0.958022
2026-01-30 21:45+01:00,1.010293
2026-01-30 22:00+01:00,1.078555
2026-01-30 22:15+01:00,0.965774
2026-01-30 22:30+01:00,1.118229
2026-01-30 22:45+01:00,1.218945
2026-01-30 23:00+01:00,0.445774
2026-01-30 23:15+01:00,1.139064
2026-01-30 23:30+01:00,1.061066
2026-01-30 23:45+01:00,1.101897
2026-01-31 00:00+01:00,1.029489
2026-01-31 00:15+01:00,0.745944
2026-01-31 00:30+01:00,0.539634
2026-01-31 00:45+01:00,0.303719
2026-01-31 01:00+01:00,
2026-01-31 01:15+01:00,0.560327
2026-01-31 01:30+01:00,0.418956
2026-01-31 01:45+01:00,0.621380
2026-01-31 02:00+01:00,0.507495
2026-01-31 02:15+01:00,0.514789
2026-01-31 02:30+01:00,0.579059
2026-01-31 02:45+01:00,0.564931
2026-01-31 03:00+01:00,0.513193
2026-01-31 03:15+01:00,0.623387
2026-01-31 03:30+01:00,0.283363
2026-01-31 03:45+01:00,0.482060
2026-01-31 04:00+01:00,0.441348
2026-01-31 04:15+01:00,0.564988
2026-01-31 04:30+01:00,0.438424
2026-01-31 04:45+01:00,0.000000
2026-01-31 05:00+01:00,0.291608
2026-01-31 05:15+01:00,0.000000
2026-01-31 05:30+01:00,0.514581
2026-01-31 05:45+01:00,0.617407
2026-01-31 06:00+01:00,0.437934
2026-01-31 06:15+01:00,0.344788
2026-01-31 06:30+01:00,0.396212
2026-01-31 06:45+01:00,
2026-01-31 07:00+01:00,0.596522
2026-01-31 07:15+01:00,0.415155
2026-01-31 07:30+01:00,0.518020
2026-01-31 07:45+01:00,0.504633
2026-01-31 08:00+01:00,0.469578
2026-01-31 08:15+01:00,0.567517
2026-01-31 08:30+01:00,0.549745
2026-01-31 08:45+01:00,0.550666
2026-01-31 09:00+01:00,0.410907
2026-01-31 09:15+01:00,0.367179
2026-01-31 09:30+01:00,0.395978
2026-01-31 09:45+01:00,0.528296
2026-01-31 10:00+01:00,0.250736
2026-01-31 10:15+01:00,0.565186
2026-01-31 10:30+01:00,0.482437
2026-01-31 10:45+01:00,0.434797
2026-01-31 11:00+01:00,0.566600
2026-01-31 11:15+01:00,0.508399
2026-01-31 11:30+01:00,0.307549
2026-01-31 11:45+01:00,0.490745
2026-01-31 12:00+01:00,0.598037
2026-01-31 12:15+01:00,
2026-01-31 12:30+01:00,0.466298
2026-01-31 12:45+01:00,0.398404
2026-01-31 13:00+01:00,0.448259
2026-01-31 13:15+01:00,0.470780
2026-01-31 13:30+01:00,0.529876
2026-01-31 13:45+01:00,0.319706
2026-01-31 14:00+01:00,0.480139
2026-01-31 14:15+01:00,0.605496
2026-01-31 14:30+01:00,0.412694
2026-01-31 14:45+01:00,0.000000
2026-01-31 15:00+01:00,0.314276
2026-01-31 15:15+01:00,0.549990
2026-01-31 15:30+01:00,0.587058
2026-01-31 15:45+01:00,0.463277
2026-01-31 16:00+01:00,0.556955
2026-01-31 16:15+01:00,0.462298
2026-01-31 16:30+01:00,0.000000
2026-01-31 16:45+01:00,0.550280
2026-01-31 17:00+01:00,0.448348
2026-01-31 17:15+01:00,0.483085
2026-01-31 17:30+01:00,0.457394
2026-01-31 17:45+01:00,0.720832
2026-01-31 18:00+01:00,0.477178
2026-01-31 18:15+01:00,
2026-01-31 18:30+01:00,0.561097
2026-01-31 18:45+01:00,0.474721
2026-01-31 19:00+01:00,0.426068
2026-01-31 19:15+01:00,0.000000
2026-01-31 19:30+01:00,0.433102
2026-01-31 19:45+01:00,0.462969
2026-01-31 20:00+01:00,0.604116
2026-01-31 20:15+01:00,0.483220
2026-01-31 20:30+01:00,0.380102
2026-01-31 20:45+01:00,0.393747
2026-01-31 21:00+01:00,0.742196
2026-01-31 21:15+01:00,0.444578
2026-01-31 21:30+01:00,0.340668
2026-01-31 21:45+01:00,0.509731
2026-01-31 22:00+01:00,0.421034
2026-01-31 22:15+01:00,0.412227
2026-01-31 22:30+01:00,0.406332
2026-01-31 22:45+01:00,0.582197
2026-01-31 23:00+01:00,0.411708
2026-01-31 23:15+01:00,0.435769
2026-01-31 23:30+01:00,0.434681
2026-01-31 23:45+01:00,0.650579
2026-02-01 00:00+01:00,0.747594
2026-02-01 00:15+01:00,
2026-02-01 00:30+01:00,0.528729
2026-02-01 00:45+01:00,0.489086
2026-02-01 01:00+01:00,0.514812
2026-02-01 01:15+01:00,0.443409
2026-02-01 01:30+01:00,0.629966
2026-02-01 01:45+01:00,0.430251
2026-02-01 02:00+01:00,0.448487
2026-02-01 02:15+01:00,0.570417
2026-02-01 02:30+01:00,0.473638
2026-02-01 02:45+01:00,0.324477
2026-02-01 03:00+01:00,0.337474
2026-02-01 03:15+01:00,0.425586
2026-02-01 03:30+01:00,0.554898
2026-02-01 03:45+01:00,0.432499
2026-02-01 04:00+01:00,0.639266
2026-02-01 04:15+01:00,0.586540
2026-02-01 04:30+01:00,0.673076
2026-02-01 04:45+01:00,0.391297
2026-02-01 05:00+01:00,0.540172
2026-02-01 05:15+01:00,0.522580
2026-02-01 05:30+01:00,0.369162
2026-02-01 05:45+01:00,0.577517
2026-02-01 06:00+01:00,0.389779
2026-02-01 06:15+01:00,0.583563
2026-02-01 06:30+01:00,0.497412
2026-02-01 06:45+01:00,0.370259
2026-02-01 07:00+01:00,0.636052
2026-02-01 07:15+01:00,0.539836
2026-02-01 07:30+01:00,0.507799
2026-02-01 07:45+01:00,0.432553
2026-02-01 08:00+01:00,0.498366
2026-02-01 08:15+01:00,0.613781
2026-02-01 08:30+01:00,0.612158
2026-02-01 08:45+01:00,0.488454
2026-02-01 09:00+01:00,0.474825
2026-02-01 09:15+01:00,0.421197
2026-02-01 09:30+01:00,0.558051
2026-02-01 09:45+01:00,0.547216
2026-02-01 10:00+01:00,0.569922
2026-02-01 10:15+01:00,0.587873
2026-02-01 10:30+01:00,0.459674
2026-02-01 10:45+01:00,0.390074
2026-02-01 11:00+01:00,1.591861
2026-02-01 11:15+01:00,1.835761
2026-02-01 11:30+01:00,0.366265
2026-02-01 11:45+01:00,0.417473
2026-02-01 12:00+01:00,0.466767
2026-02-01 12:15+01:00,0.520972
2026-02-01 12:30+01:00,0.416001
2026-02-01 12:45+01:00,0.431742
2026-02-01 13:00+01:00,0.459856
2026-02-01 13:15+01:00,0.606740
2026-02-01 13:30+01:00,0.341241
2026-02-01 13:45+01:00,0.448088
2026-02-01 14:00+01:00,0.653578
2026-02-01 14:15+01:00,0.699098
2026-02-01 14:30+01:00,0.460955
2026-02-01 14:45+01:00,0.498629
2026-02-01 15:00+01:00,0.000000
2026-02-01 15:15+01:00,0.465059
2026-02-01 15:30+01:00,0.479536
2026-02-01 15:45+01:00,0.469304
2026-02-01 16:00+01:00,0.584383
2026-02-01 16:15+01:00,
2026-02-01 16:30+01:00,
2026-02-01 16:45+01:00,0.434088
2026-02-01 17:00+01:00,0.432592
2026-02-01 17:15+01:00,0.464421
2026-02-01 17:30+01:00,0.403400
2026-02-01 17:45+01:00,0.698454
2026-02-01 18:00+01:00,0.613005
2026-02-01 18:15+01:00,0.601008
2026-02-01 18:30+01:00,0.478189
2026-02-01 18:45+01:00,0.497165
2026-02-01 19:00+01:00,0.000000
2026-02-01 19:15+01:00,0.330891
2026-02-01 19:30+01:00,0.539824
2026-02-01 19:45+01:00,0.535511
2026-02-01 20:00+01:00,0.293235
2026-02-01 20:15+01:00,0.451311
2026-02-01 20:30+01:00,0.000000
2026-02-01 20:45+01:00,0.000000
2026-02-01 21:00+01:00,0.523277
2026-02-01 21:15+01:00,0.571213
2026-02-01 21:30+01:00,0.635574
2026-02-01 21:45+01:00,0.400943
2026-02-01 22:00+01:00,0.428339
2026-02-01 22:15+01:00,0.415233
2026-02-01 22:30+01:00,0.581806
2026-02-01 22:45+01:00,0.459966
2026-02-01 23:00+01:00,0.378863
2026-02-01 23:15+01:00,
2026-02-01 23:30+01:00,0.557213
2026-02-01 23:45+01:00,0.582743
2026-02-02 00:00+01:00,0.483220
2026-02-02 00:15+01:00,0.649011
2026-02-02 00:30+01:00,0.833972
2026-02-02 00:45+01:00,0.000000
2026-02-02 01:00+01:00,0.911873
2026-02-02 01:15+01:00,1.032213
2026-02-02 01:30+01:00,1.259956
2026-02-02 01:45+01:00,1.072819
2026-02-02 02:00+01:00,1.288579
2026-02-02 02:15+01:00,0.828116
2026-02-02 02:30+01:00,1.052810
2026-02-02 02:45+01:00,1.187827
2026-02-02 03:00+01:00,1.142600
2026-02-02 03:15+01:00,0.891825
2026-02-02 03:30+01:00,1.023484
2026-02-02 03:45+01:00,0.752237
2026-02-02 04:00+01:00,1.157153
2026-02-02 04:15+01:00,0.859249
2026-02-02 04:30+01:00,0.865870
2026-02-02 04:45+01:00,1.074278
2026-02-02 05:00+01:00,0.975536
2026-02-02 05:15+01:00,
2026-02-02 05:30+01:00,0.958965
2026-02-02 05:45+01:00,0.783896
2026-02-02 06:00+01:00,0.000000
2026-02-02 06:15+01:00,0.000000
2026-02-02 06:30+01:00,
2026-02-02 06:45+01:00,0.946298
2026-02-02 07:00+01:00,22.696501
2026-02-02 07:15+01:00,17.792920
2026-02-02 07:30+01:00,13.942096
2026-02-02 07:45+01:00,19.801163
2026-02-02 08:00+01:00,17.857279
2026-02-02 08:15+01:00,16.186590
2026-02-02 08:30+01:00,15.872072
2026-02-02 08:45+01:00,13.044659
2026-02-02 09:00+01:00,17.642678
2026-02-02 09:15+01:00,
2026-02-02 09:30+01:00,19.636661
2026-02-02 09:45+01:00,15.496750
2026-02-02 10:00+01:00,16.509414
2026-02-02 10:15+01:00,16.610855
2026-02-02 10:30+01:00,15.344618
2026-02-02 10:45+01:00,16.116569
2026-02-02 11:00+01:00,16.709700
2026-02-02 11:15+01:00,16.437561
2026-02-02 11:30+01:00,20.663836
2026-02-02 11:45+01:00,15.075749
2026-02-02 12:00+01:00,17.565808
2026-02-02 12:15+01:00,14.981329
2026-02-02 12:30+01:00,18.635360
2026-02-02 12:45+01:00,19.091797
2026-02-02 13:00+01:00,18.481933
2026-02-02 13:15+01:00,18.945705
2026-02-02 13:30+01:00,15.402960
2026-02-02 13:45+01:00,18.184838
2026-02-02 14:00+01:00,16.993207
2026-02-02 14:15+01:00,19.922229
2026-02-02 14:30+01:00,17.723589
2026-02-02 14:45+01:00,17.464008
2026-02-02 15:00+01:00,19.515169
2026-02-02 15:15+01:00,17.401695
2026-02-02 15:30+01:00,16.934602
2026-02-02 15:45+01:00,18.059368
2026-02-02 16:00+01:00,18.092406
2026-02-02 16:15+01:00,19.047904
2026-02-02 16:30+01:00,17.247556
2026-02-02 16:45+01:00,21.856895
2026-02-02 17:00+01:00,20.646027
2026-02-02 17:15+01:00,14.783994
2026-02-02 17:30+01:00,14.781857
2026-02-02 17:45+01:00,16.075818
2026-02-02 18:00+01:00,1.247572
2026-02-02 18:15+01:00,1.017224
2026-02-02 18:30+01:00,0.994279
2026-02-02 18:45+01:00,0.947401
2026-02-02 19:00+01:00,0.657815
2026-02-02 19:15+01:00,0.868563
2026-02-02 19:30+01:00,0.897297
2026-02-02 19:45+01:00,0.000000
2026-02-02 20:00+01:00,0.829452
2026-02-02 20:15+01:00,
2026-02-02 20:30+01:00,1.130727
2026-02-02 20:45+01:00,0.925515
2026-02-02 21:00+01:00,1.014972
2026-02-02 21:15+01:00,1.101271
2026-02-02 21:30+01:00,1.062408
2026-02-02 21:45+01:00,1.138419
2026-02-02 22:00+01:00,0.897447
2026-02-02 22:15+01:00,1.260812
2026-02-02 22:30+01:00,1.038825
2026-02-02 22:45+01:00,0.963687
2026-02-02 23:00+01:00,1.004301
2026-02-02 23:15+01:00,0.765340
2026-02-02 23:30+01:00,0.902038
2026-02-02 23:45+01:00,1.010374
2026-02-03 00:00+01:00,1.065421
2026-02-03 00:15+01:00,0.998949
2026-02-03 00:30+01:00,0.991281
2026-02-03 00:45+01:00,1.168469
2026-02-03 01:00+01:00,0.766892
2026-02-03 01:15+01:00,
2026-02-03 01:30+01:00,0.000000
2026-02-03 01:45+01:00,1.142163
2026-02-03 02:00+01:00,0.783655
2026-02-03 02:15+01:00,
2026-02-03 02:30+01:00,0.948462
2026-02-03 02:45+01:00,1.041503
2026-02-03 03:00+01:00,1.140008
2026-02-03 03:15+01:00,0.957141
2026-02-03 03:30+01:00,1.096253
2026-02-03 03:45+01:00,0.640385
2026-02-03 04:00+01:00,0.917566
2026-02-03 04:15+01:00,0.921524
2026-02-03 04:30+01:00,
2026-02-03 04:45+01:00,0.617202
2026-02-03 05:00+01:00,1.247423
2026-02-03 05:15+01:00,0.725984
2026-02-03 05:30+01:00,
2026-02-03 05:45+01:00,1.071679
2026-02-03 06:00+01:00,0.689167
2026-02-03 06:15+01:00,1.444039
2026-02-03 06:30+01:00,1.123714
2026-02-03 06:45+01:00,1.062848
2026-02-03 07:00+01:00,16.733291
2026-02-03 07:15+01:00,
2026-02-03 07:30+01:00,16.942354
2026-02-03 07:45+01:00,21.339015
2026-02-03 08:00+01:00,19.417631
2026-02-03 08:15+01:00,14.888853
2026-02-03 08:30+01:00,17.255181
2026-02-03 08:45+01:00,13.457668
2026-02-03 09:00+01:00,15.624457
2026-02-03 09:15+01:00,17.402398
2026-02-03 09:30+01:00,18.115999
2026-02-03 09:45+01:00,17.032015
2026-02-03 10:00+01:00,16.499710
2026-02-03 10:15+01:00,18.332064
2026-02-03 10:30+01:00,
2026-02-03 10:45+01:00,20.310679
2026-02-03 11:00+01:00,14.146331
2026-02-03 11:15+01:00,18.054020
2026-02-03 11:30+01:00,15.114792
2026-02-03 11:45+01:00,16.777111
2026-02-03 12:00+01:00,21.067283
2026-02-03 12:15+01:00,17.105487
2026-02-03 12:30+01:00,18.523141
2026-02-03 12:45+01:00,17.171467
2026-02-03 13:00+01:00,17.074450
2026-02-03 13:15+01:00,18.402316
2026-02-03 13:30+01:00,
2026-02-03 13:45+01:00,20.481561
2026-02-03 14:00+01:00,20.588220
2026-02-03 14:15+01:00,18.132378
2026-02-03 14:30+01:00,109.317267
2026-02-03 14:45+01:00,133.359095
2026-02-03 15:00+01:00,16.264323
2026-02-03 15:15+01:00,15.799500
2026-02-03 15:30+01:00,17.871394
2026-02-03 15:45+01:00,15.305646
2026-02-03 16:00+01:00,15.691872
2026-02-03 16:15+01:00,13.918203
2026-02-03 16:30+01:00,16.089452
2026-02-03 16:45+01:00,17.753916
2026-02-03 17:00+01:00,17.633428
2026-02-03 17:15+01:00,18.810818
2026-02-03 17:30+01:00,18.577263
2026-02-03 17:45+01:00,18.168122
2026-02-03 18:00+01:00,0.702941
2026-02-03 18:15+01:00,1.293048
2026-02-03 18:30+01:00,0.807524
2026-02-03 18:45+01:00,0.974242
2026-02-03 19:00+01:00,0.958855
2026-02-03 19:15+01:00,0.000000
2026-02-03 19:30+01:00,1.057487
2026-02-03 19:45+01:00,1.118571
2026-02-03 20:00+01:00,1.060921
2026-02-03 20:15+01:00,0.948085
2026-02-03 20:30+01:00,1.018532
2026-02-03 20:45+01:00,
2026-02-03 21:00+01:00,0.618381
2026-02-03 21:15+01:00,0.911663
2026-02-03 21:30+01:00,1.089418
2026-02-03 21:45+01:00,
2026-02-03 22:00+01:00,0.819786
2026-02-03 22:15+01:00,1.179848
2026-02-03 22:30+01:00,0.946101
2026-02-03 22:45+01:00,0.942995
2026-02-03 23:00+01:00,0.000000
2026-02-03 23:15+01:00,1.083798
2026-02-03 23:30+01:00,1.120577
2026-02-03 23:45+01:00,1.168818
2026-02-04 00:00+01:00,1.158920
2026-02-04 00:15+01:00,0.000000
2026-02-04 00:30+01:00,1.102756
2026-02-04 00:45+01:00,0.995549
2026-02-04 01:00+01:00,0.865304
2026-02-04 01:15+01:00,1.184374
2026-02-04 01:30+01:00,1.069616
2026-02-04 01:45+01:00,0.977748
2026-02-04 02:00+01:00,1.148351
2026-02-04 02:15+01:00,5.261893
2026-02-04 02:30+01:00,0.824365
2026-02-04 02:45+01:00,1.396662
2026-02-04 03:00+01:00,0.551507
2026-02-04 03:15+01:00,1.124035
2026-02-04 03:30+01:00,1.175987
2026-02-04 03:45+01:00,
2026-02-04 04:00+01:00,0.977829
2026-02-04 04:15+01:00,0.962953
2026-02-04 04:30+01:00,1.217303
2026-02-04 04:45+01:00,0.903803
2026-02-04 05:00+01:00,0.943640
2026-02-04 05:15+01:00,0.760347
2026-02-04 05:30+01:00,1.230815
2026-02-04 05:45+01:00,0.977383
2026-02-04 06:00+01:00,0.807037
2026-02-04 06:15+01:00,0.851960
2026-02-04 06:30+01:00,1.203271
2026-02-04 06:45+01:00,1.099190
2026-02-04 07:00+01:00,17.673909
2026-02-04 07:15+01:00,14.776620
2026-02-04 07:30+01:00,17.986576
2026-02-04 07:45+01:00,19.788469
2026-02-04 08:00+01:00,17.182542
2026-02-04 08:15+01:00,19.017683
2026-02-04 08:30+01:00,16.617323
2026-02-04 08:45+01:00,13.742436
2026-02-04 09:00+01:00,15.463351
2026-02-04 09:15+01:00,15.767122
2026-02-04 09:30+01:00,18.019812
2026-02-04 09:45+01:00,15.906352
2026-02-04 10:00+01:00,16.545508
2026-02-04 10:15+01:00,16.716090
2026-02-04 10:30+01:00,11.717143
2026-02-04 10:45+01:00,19.327016
2026-02-04 11:00+01:00,18.253963
2026-02-04 11:15+01:00,16.800052
2026-02-04 11:30+01:00,16.197933
2026-02-04 11:45+01:00,17.450591
2026-02-04 12:00+01:00,15.662126
2026-02-04 12:15+01:00,14.706079
2026-02-04 12:30+01:00,16.234752
2026-02-04 12:45+01:00,12.793764
2026-02-04 13:00+01:00,
2026-02-04 13:15+01:00,18.776105
2026-02-04 13:30+01:00,22.079796
2026-02-04 13:45+01:00,17.897256
2026-02-04 14:00+01:00,17.411856
2026-02-04 14:15+01:00,17.310962
2026-02-04 14:30+01:00,15.220043
2026-02-04 14:45+01:00,18.659528
2026-02-04 15:00+01:00,16.023974
2026-02-04 15:15+01:00,17.561063
2026-02-04 15:30+01:00,15.031827
2026-02-04 15:45+01:00,10.560838
2026-02-04 16:00+01:00,20.179061
2026-02-04 16:15+01:00,16.101477
2026-02-04 16:30+01:00,19.170045
2026-02-04 16:45+01:00,14.416214
2026-02-04 17:00+01:00,19.679057
2026-02-04 17:15+01:00,18.621136
2026-02-04 17:30+01:00,18.599941
2026-02-04 17:45+01:00,19.760555
2026-02-04 18:00+01:00,1.297979
2026-02-04 18:15+01:00,0.959649
2026-02-04 18:30+01:00,1.184583
2026-02-04 18:45+01:00,1.047930
2026-02-04 19:00+01:00,1.013023
2026-02-04 19:15+01:00,0.646304
2026-02-04 19:30+01:00,0.854628
2026-02-04 19:45+01:00,1.171588
2026-02-04 20:00+01:00,0.666886
2026-02-04 20:15+01:00,0.944517
2026-02-04 20:30+01:00,
2026-02-04 20:45+01:00,1.002778
2026-02-04 21:00+01:00,1.012704
2026-02-04 21:15+01:00,1.220699
2026-02-04 21:30+01:00,0.953972
2026-02-04 21:45+01:00,0.844800
2026-02-04 22:00+01:00,1.363018
2026-02-04 22:15+01:00,1.303279
2026-02-04 22:30+01:00,0.000000
2026-02-04 22:45+01:00,0.938910
2026-02-04 23:00+01:00,
2026-02-04 23:15+01:00,1.059774
2026-02-04 23:30+01:00,1.027668
2026-02-04 23:45+01:00,1.109100
2026-02-05 00:00+01:00,0.978455
2026-02-05 00:15+01:00,1.164324
2026-02-05 00:30+01:00,1.568899
2026-02-05 00:45+01:00,0.848676
2026-02-05 01:00+01:00,1.166448
2026-02-05 01:15+01:00,0.993868
2026-02-05 01:30+01:00,0.872476
2026-02-05 01:45+01:00,1.097708
2026-02-05 02:00+01:00,0.917556
2026-02-05 02:15+01:00,1.047915
2026-02-05 02:30+01:00,1.004713
2026-02-05 02:45+01:00,0.946045
2026-02-05 03:00+01:00,0.962705
2026-02-05 03:15+01:00,1.054102
2026-02-05 03:30+01:00,0.944691
2026-02-05 03:45+01:00,1.096598
2026-02-05 04:00+01:00,8.892388
2026-02-05 04:15+01:00,8.685323
2026-02-05 04:30+01:00,
2026-02-05 04:45+01:00,0.945910
2026-02-05 05:00+01:00,0.974537
2026-02-05 05:15+01:00,0.692090
2026-02-05 05:30+01:00,0.979300
2026-02-05 05:45+01:00,1.100098
2026-02-05 06:00+01:00,0.000000
2026-02-05 06:15+01:00,1.034431
2026-02-05 06:30+01:00,1.196504
2026-02-05 06:45+01:00,0.797583
2026-02-05 07:00+01:00,14.286955
2026-02-05 07:15+01:00,18.862567
2026-02-05 07:30+01:00,17.287254
2026-02-05 07:45+01:00,
2026-02-05 08:00+01:00,17.365810
2026-02-05 08:15+01:00,13.138446
2026-02-05 08:30+01:00,17.416696
2026-02-05 08:45+01:00,
2026-02-05 09:00+01:00,18.829710
2026-02-05 09:15+01:00,15.847220
2026-02-05 09:30+01:00,17.275130
2026-02-05 09:45+01:00,16.614905
2026-02-05 10:00+01:00,19.425007
2026-02-05 10:15+01:00,15.174539
2026-02-05 10:30+01:00,18.057406
2026-02-05 10:45+01:00,17.937571
2026-02-05 11:00+01:00,16.425984
2026-02-05 11:15+01:00,17.150403
2026-02-05 11:30+01:00,19.508078
2026-02-05 11:45+01:00,16.963041
2026-02-05 12:00+01:00,18.843252
2026-02-05 12:15+01:00,14.045256
2026-02-05 12:30+01:00,15.342876
2026-02-05 12:45+01:00,16.179907
2026-02-05 13:00+01:00,17.352078
2026-02-05 13:15+01:00,19.266744
2026-02-05 13:30+01:00,
2026-02-05 13:45+01:00,15.318664
2026-02-05 14:00+01:00,18.478056
2026-02-05 14:15+01:00,18.167383
2026-02-05 14:30+01:00,15.777126
2026-02-05 14:45+01:00,12.759668
2026-02-05 15:00+01:00,18.655177
2026-02-05 15:15+01:00,19.127985
2026-02-05 15:30+01:00,19.623349
2026-02-05 15:45+01:00,17.626239
2026-02-05 16:00+01:00,16.828126
2026-02-05 16:15+01:00,14.427797
2026-02-05 16:30+01:00,17.902311
2026-02-05 16:45+01:00,17.652397
2026-02-05 17:00+01:00,16.107479
2026-02-05 17:15+01:00,19.362167
2026-02-05 17:30+01:00,14.945023
2026-02-05 17:45+01:00,18.951111
2026-02-05 18:00+01:00,1.269640
2026-02-05 18:15+01:00,0.838866
2026-02-05 18:30+01:00,0.995881
2026-02-05 18:45+01:00,1.155349
2026-02-05 19:00+01:00,0.000000
2026-02-05 19:15+01:00,0.659161
2026-02-05 19:30+01:00,0.781117
2026-02-05 19:45+01:00,0.707245
2026-02-05 20:00+01:00,0.000000
2026-02-05 20:15+01:00,1.017822
2026-02-05 20:30+01:00,1.208866
2026-02-05 20:45+01:00,0.787645
2026-02-05 21:00+01:00,0.858431
2026-02-05 21:15+01:00,1.042168
2026-02-05 21:30+01:00,
2026-02-05 21:45+01:00,0.682071
2026-02-05 22:00+01:00,0.951504
2026-02-05 22:15+01:00,1.132456
2026-02-05 22:30+01:00,1.021396
2026-02-05 22:45+01:00,1.078250
2026-02-05 23:00+01:00,1.281982
2026-02-05 23:15+01:00,1.108974
2026-02-05 23:30+01:00,0.790186
2026-02-05 23:45+01:00,0.861145
2026-02-06 00:00+01:00,1.080946
2026-02-06 00:15+01:00,0.865436
2026-02-06 00:30+01:00,0.842149
2026-02-06 00:45+01:00,
2026-02-06 01:00+01:00,0.534810
2026-02-06 01:15+01:00,0.965621
2026-02-06 01:30+01:00,0.880616
2026-02-06 01:45+01:00,1.069959
2026-02-06 02:00+01:00,0.000000
2026-02-06 02:15+01:00,0.971565
2026-02-06 02:30+01:00,
2026-02-06 02:45+01:00,0.779607
2026-02-06 03:00+01:00,0.815392
2026-02-06 03:15+01:00,0.825249
2026-02-06 03:30+01:00,1.078349
2026-02-06 03:45+01:00,1.165993
2026-02-06 04:00+01:00,1.153019
2026-02-06 04:15+01:00,0.899617
2026-02-06 04:30+01:00,1.049312
2026-02-06 04:45+01:00,1.080074
2026-02-06 05:00+01:00,0.629990
2026-02-06 05:15+01:00,0.958742
2026-02-06 05:30+01:00,1.039320
2026-02-06 05:45+01:00,0.846814
2026-02-06 06:00+01:00,1.188599
2026-02-06 06:15+01:00,1.147032
2026-02-06 06:30+01:00,1.192431
2026-02-06 06:45+01:00,1.145849
2026-02-06 07:00+01:00,19.272345
2026-02-06 07:15+01:00,13.667280
2026-02-06 07:30+01:00,16.534885
2026-02-06 07:45+01:00,18.386178
2026-02-06 08:00+01:00,16.484633
2026-02-06 08:15+01:00,15.872898
2026-02-06 08:30+01:00,20.376785
2026-02-06 08:45+01:00,16.766605
2026-02-06 09:00+01:00,16.668904
2026-02-06 09:15+01:00,15.684658
2026-02-06 09:30+01:00,17.551203
2026-02-06 09:45+01:00,18.902564
2026-02-06 10:00+01:00,16.354957
2026-02-06 10:15+01:00,17.708780
2026-02-06 10:30+01:00,20.404776
2026-02-06 10:45+01:00,15.980937
2026-02-06 11:00+01:00,12.072162
2026-02-06 11:15+01:00,19.062303
2026-02-06 11:30+01:00,15.755631
2026-02-06 11:45+01:00,
2026-02-06 12:00+01:00,17.506075
2026-02-06 12:15+01:00,18.634370
2026-02-06 12:30+01:00,15.531118
2026-02-06 12:45+01:00,
2026-02-06 13:00+01:00,16.034117
2026-02-06 13:15+01:00,16.176448
2026-02-06 13:30+01:00,15.570363
2026-02-06 13:45+01:00,18.568208
2026-02-06 14:00+01:00,15.971084
2026-02-06 14:15+01:00,19.434944
2026-02-06 14:30+01:00,18.730080
2026-02-06 14:45+01:00,20.607948
2026-02-06 15:00+01:00,15.863676
2026-02-06 15:15+01:00,16.357340
2026-02-06 15:30+01:00,14.031962
2026-02-06 15:45+01:00,16.153374
2026-02-06 16:00+01:00,15.043850
2026-02-06 16:15+01:00,17.155333
2026-02-06 16:30+01:00,20.037439
2026-02-06 16:45+01:00,16.110655
2026-02-06 17:00+01:00,15.004990
2026-02-06 17:15+01:00,14.960249
2026-02-06 17:30+01:00,17.618493
2026-02-06 17:45+01:00,14.911199
2026-02-06 18:00+01:00,1.036379
2026-02-06 18:15+01:00,0.929727
2026-02-06 18:30+01:00,0.890598
2026-02-06 18:45+01:00,0.000000
2026-02-06 19:00+01:00,0.785703
2026-02-06 19:15+01:00,1.132641
2026-02-06 19:30+01:00,0.953179
2026-02-06 19:45+01:00,1.180747
2026-02-06 20:00+01:00,0.933372
2026-02-06 20:15+01:00,0.923853
2026-02-06 20:30+01:00,0.823526
2026-02-06 20:45+01:00,1.114207
2026-02-06 21:00+01:00,1.087324
2026-02-06 21:15+01:00,0.925965
2026-02-06 21:30+01:00,0.862621
2026-02-06 21:45+01:00,1.198864
2026-02-06 22:00+01:00,1.101344
2026-02-06 22:15+01:00,
2026-02-06 22:30+01:00,0.904049
2026-02-06 22:45+01:00,1.007424
2026-02-06 23:00+01:00,0.903156
2026-02-06 23:15+01:00,0.770850
2026-02-06 23:30+01:00,0.894079
2026-02-06 23:45+01:00,1.031760
2026-02-07 00:00+01:00,1.254169
2026-02-07 00:15+01:00,0.634361
2026-02-07 00:30+01:00,
2026-02-07 00:45+01:00,0.531335
2026-02-07 01:00+01:00,0.545193
2026-02-07 01:15+01:00,0.599183
2026-02-07 01:30+01:00,0.000000
2026-02-07 01:45+01:00,0.419425
2026-02-07 02:00+01:00,0.446336
2026-02-07 02:15+01:00,0.435335
2026-02-07 02:30+01:00,0.444812
2026-02-07 02:45+01:00,
2026-02-07 03:00+01:00,0.510870
2026-02-07 03:15+01:00,0.387519
2026-02-07 03:30+01:00,0.293402
2026-02-07 03:45+01:00,
2026-02-07 04:00+01:00,0.719838
2026-02-07 04:15+01:00,0.545852
2026-02-07 04:30+01:00,0.474479
2026-02-07 04:45+01:00,0.474105
2026-02-07 05:00+01:00,0.558350
2026-02-07 05:15+01:00,0.635754
2026-02-07 05:30+01:00,0.597185
2026-02-07 05:45+01:00,0.547506
2026-02-07 06:00+01:00,0.492198
2026-02-07 06:15+01:00,0.492716
2026-02-07 06:30+01:00,0.674015
2026-02-07 06:45+01:00,0.491251
2026-02-07 07:00+01:00,0.548127
2026-02-07 07:15+01:00,0.518867
2026-02-07 07:30+01:00,0.411484
2026-02-07 07:45+01:00,0.343814
2026-02-07 08:00+01:00,0.418930
2026-02-07 08:15+01:00,0.536258
2026-02-07 08:30+01:00,0.546036
2026-02-07 08:45+01:00,0.355225
2026-02-07 09:00+01:00,0.359541
2026-02-07 09:15+01:00,
2026-02-07 09:30+01:00,0.332186
2026-02-07 09:45+01:00,0.561406
2026-02-07 10:00+01:00,
2026-02-07 10:15+01:00,0.472465
2026-02-07 10:30+01:00,0.000000
2026-02-07 10:45+01:00,0.381684
2026-02-07 11:00+01:00,0.485716
2026-02-07 11:15+01:00,0.502728
2026-02-07 11:30+01:00,0.390251
2026-02-07 11:45+01:00,0.519762
2026-02-07 12:00+01:00,0.493524
2026-02-07 12:15+01:00,0.630518
2026-02-07 12:30+01:00,0.421097
2026-02-07 12:45+01:00,0.525376
2026-02-07 13:00+01:00,0.645726
2026-02-07 13:15+01:00,0.518600
2026-02-07 13:30+01:00,0.483513
2026-02-07 13:45+01:00,0.526006
2026-02-07 14:00+01:00,0.554577
2026-02-07 14:15+01:00,0.454618
2026-02-07 14:30+01:00,0.578239
2026-02-07 14:45+01:00,0.628883
2026-02-07 15:00+01:00,0.406624
2026-02-07 15:15+01:00,0.581385
2026-02-07 15:30+01:00,0.614577
2026-02-07 15:45+01:00,0.546610
2026-02-07 16:00+01:00,0.383176
2026-02-07 16:15+01:00,0.464227
2026-02-07 16:30+01:00,
2026-02-07 16:45+01:00,0.473131
2026-02-07 17:00+01:00,0.370027
2026-02-07 17:15+01:00,0.426812
2026-02-07 17:30+01:00,
2026-02-07 17:45+01:00,0.342451
2026-02-07 18:00+01:00,0.569243
2026-02-07 18:15+01:00,0.000000
2026-02-07 18:30+01:00,0.504771
2026-02-07 18:45+01:00,0.437271
2026-02-07 19:00+01:00,0.648567
2026-02-07 19:15+01:00,0.422402
2026-02-07 19:30+01:00,0.434709
2026-02-07 19:45+01:00,0.468067
2026-02-07 20:00+01:00,0.630270
2026-02-07 20:15+01:00,0.610737
2026-02-07 20:30+01:00,0.416185
2026-02-07 20:45+01:00,0.427300
2026-02-07 21:00+01:00,0.393221
2026-02-07 21:15+01:00,0.596090
2026-02-07 21:30+01:00,0.553605
2026-02-07 21:45+01:00,0.000000
2026-02-07 22:00+01:00,0.301872
2026-02-07 22:15+01:00,0.549810
2026-02-07 22:30+01:00,0.550642
2026-02-07 22:45+01:00,0.405270
2026-02-07 23:00+01:00,
2026-02-07 23:15+01:00,0.496231
2026-02-07 23:30+01:00,0.520545
2026-02-07 23:45+01:00,
2026-02-08 00:00+01:00,0.887716
2026-02-08 00:15+01:00,0.000000
2026-02-08 00:30+01:00,0.541038
2026-02-08 00:45+01:00,
2026-02-08 01:00+01:00,0.508249
2026-02-08 01:15+01:00,0.564097
2026-02-08 01:30+01:00,0.625560
2026-02-08 01:45+01:00,0.375946
2026-02-08 02:00+01:00,0.474771
2026-02-08 02:15+01:00,0.451912
2026-02-08 02:30+01:00,0.607859
2026-02-08 02:45+01:00,0.366266
2026-02-08 03:00+01:00,0.530832
2026-02-08 03:15+01:00,0.478848
2026-02-08 03:30+01:00,0.584219
2026-02-08 03:45+01:00,0.490325
2026-02-08 04:00+01:00,0.495544
2026-02-08 04:15+01:00,0.425592
2026-02-08 04:30+01:00,0.377848
2026-02-08 04:45+01:00,0.561882
2026-02-08 05:00+01:00,0.525742
2026-02-08 05:15+01:00,0.738278
2026-02-08 05:30+01:00,
2026-02-08 05:45+01:00,0.475084
2026-02-08 06:00+01:00,
2026-02-08 06:15+01:00,0.517914
2026-02-08 06:30+01:00,0.734602
2026-02-08 06:45+01:00,0.380375
2026-02-08 07:00+01:00,0.223318
2026-02-08 07:15+01:00,0.425583
2026-02-08 07:30+01:00,0.457762
2026-02-08 07:45+01:00,0.465195
2026-02-08 08:00+01:00,0.444736
2026-02-08 08:15+01:00,0.437180
2026-02-08 08:30+01:00,
2026-02-08 08:45+01:00,0.532761
2026-02-08 09:00+01:00,0.637778
2026-02-08 09:15+01:00,0.346189
2026-02-08 09:30+01:00,0.475104
2026-02-08 09:45+01:00,0.359773
2026-02-08 10:00+01:00,0.000000
2026-02-08 10:15+01:00,0.599128
2026-02-08 10:30+01:00,0.470574
2026-02-08 10:45+01:00,0.633716
2026-02-08 11:00+01:00,0.331026
2026-02-08 11:15+01:00,0.575959
2026-02-08 11:30+01:00,0.369029
2026-02-08 11:45+01:00,0.490316
2026-02-08 12:00+01:00,0.457643
2026-02-08 12:15+01:00,0.627584
2026-02-08 12:30+01:00,0.464172
2026-02-08 12:45+01:00,0.000000
2026-02-08 13:00+01:00,0.466490
2026-02-08 13:15+01:00,0.498162
2026-02-08 13:30+01:00,0.649005
2026-02-08 13:45+01:00,0.462047
2026-02-08 14:00+01:00,0.507841
2026-02-08 14:15+01:00,0.634992
2026-02-08 14:30+01:00,0.489395
2026-02-08 14:45+01:00,0.450758
2026-02-08 15:00+01:00,0.477507
2026-02-08 15:15+01:00,0.323792
2026-02-08 15:30+01:00,0.581574
2026-02-08 15:45+01:00,
2026-02-08 16:00+01:00,0.471995
2026-02-08 16:15+01:00,0.381502
2026-02-08 16:30+01:00,0.000000
2026-02-08 16:45+01:00,0.505631
2026-02-08 17:00+01:00,0.524900
2026-02-08 17:15+01:00,0.500572
2026-02-08 17:30+01:00,
2026-02-08 17:45+01:00,0.509772
2026-02-08 18:00+01:00,0.359021
2026-02-08 18:15+01:00,0.389330
2026-02-08 18:30+01:00,
2026-02-08 18:45+01:00,0.552584
2026-02-08 19:00+01:00,0.300988
2026-02-08 19:15+01:00,0.467491
2026-02-08 19:30+01:00,0.551851
2026-02-08 19:45+01:00,0.499077
2026-02-08 20:00+01:00,0.000000
2026-02-08 20:15+01:00,0.538089
2026-02-08 20:30+01:00,0.569597
2026-02-08 20:45+01:00,0.650344
2026-02-08 21:00+01:00,0.563750
2026-02-08 21:15+01:00,0.544619
2026-02-08 21:30+01:00,0.515129
2026-02-08 21:45+01:00,0.464066
2026-02-08 22:00+01:00,
2026-02-08 22:15+01:00,0.349238
2026-02-08 22:30+01:00,0.455050
2026-02-08 22:45+01:00,0.489441
2026-02-08 23:00+01:00,
2026-02-08 23:15+01:00,0.526901
2026-02-08 23:30+01:00,
2026-02-08 23:45+01:00,0.613421
2026-02-09 00:00+01:00,0.573184
2026-02-09 00:15+01:00,1.225058
2026-02-09 00:30+01:00,0.750509
2026-02-09 00:45+01:00,0.923926
2026-02-09 01:00+01:00,0.543596
2026-02-09 01:15+01:00,1.115417
2026-02-09 01:30+01:00,1.162161
2026-02-09 01:45+01:00,0.808347
2026-02-09 02:00+01:00,0.969917
2026-02-09 02:15+01:00,0.902923
2026-02-09 02:30+01:00,1.291936
2026-02-09 02:45+01:00,1.178342
2026-02-09 03:00+01:00,1.043053
2026-02-09 03:15+01:00,1.101899
2026-02-09 03:30+01:00,1.070635
2026-02-09 03:45+01:00,0.861054
2026-02-09 04:00+01:00,1.258566
2026-02-09 04:15+01:00,1.014657
2026-02-09 04:30+01:00,0.547363
2026-02-09 04:45+01:00,1.090300
2026-02-09 05:00+01:00,0.836990
2026-02-09 05:15+01:00,1.113659
2026-02-09 05:30+01:00,1.191107
2026-02-09 05:45+01:00,1.067533
2026-02-09 06:00+01:00,0.935185
2026-02-09 06:15+01:00,1.255277
2026-02-09 06:30+01:00,1.092334
2026-02-09 06:45+01:00,0.664454
2026-02-09 07:00+01:00,16.802093
2026-02-09 07:15+01:00,19.594196
2026-02-09 07:30+01:00,16.390677
2026-02-09 07:45+01:00,17.357583
2026-02-09 08:00+01:00,16.465631
2026-02-09 08:15+01:00,15.658707
2026-02-09 08:30+01:00,15.593765
2026-02-09 08:45+01:00,19.566243
2026-02-09 09:00+01:00,22.142186
2026-02-09 09:15+01:00,13.128092
2026-02-09 09:30+01:00,14.849191
2026-02-09 09:45+01:00,15.594686
2026-02-09 10:00+01:00,17.456730
2026-02-09 10:15+01:00,14.094488
2026-02-09 10:30+01:00,19.201178
2026-02-09 10:45+01:00,16.930539
2026-02-09 11:00+01:00,18.341557
2026-02-09 11:15+01:00,19.877736
2026-02-09 11:30+01:00,15.056038
2026-02-09 11:45+01:00,13.530031
2026-02-09 12:00+01:00,19.290850
2026-02-09 12:15+01:00,19.470030
2026-02-09 12:30+01:00,19.165001
2026-02-09 12:45+01:00,18.802851
2026-02-09 13:00+01:00,19.204980
2026-02-09 13:15+01:00,17.569233
2026-02-09 13:30+01:00,19.799106
2026-02-09 13:45+01:00,16.470342
2026-02-09 14:00+01:00,18.083685
2026-02-09 14:15+01:00,18.099869
2026-02-09 14:30+01:00,20.108861
2026-02-09 14:45+01:00,15.496720
2026-02-09 15:00+01:00,22.327043
2026-02-09 15:15+01:00,20.213221
2026-02-09 15:30+01:00,16.185228
2026-02-09 15:45+01:00,19.146759
2026-02-09 16:00+01:00,16.647118
2026-02-09 16:15+01:00,19.322739
2026-02-09 16:30+01:00,18.405212
2026-02-09 16:45+01:00,12.628612
2026-02-09 17:00+01:00,12.132242
2026-02-09 17:15+01:00,15.467116
2026-02-09 17:30+01:00,17.692038
2026-02-09 17:45+01:00,17.554203
2026-02-09 18:00+01:00,1.106060
2026-02-09 18:15+01:00,
2026-02-09 18:30+01:00,0.751243
2026-02-09 18:45+01:00,0.938563
2026-02-09 19:00+01:00,1.078264
2026-02-09 19:15+01:00,1.056192
2026-02-09 19:30+01:00,0.965027
2026-02-09 19:45+01:00,0.837022
2026-02-09 20:00+01:00,0.919910
2026-02-09 20:15+01:00,1.194184
2026-02-09 20:30+01:00,1.039976
2026-02-09 20:45+01:00,1.419536
2026-02-09 21:00+01:00,0.829236
2026-02-09 21:15+01:00,0.607340
2026-02-09 21:30+01:00,1.089429
2026-02-09 21:45+01:00,1.032927
2026-02-09 22:00+01:00,1.268028
2026-02-09 22:15+01:00,0.823448
2026-02-09 22:30+01:00,0.622116
2026-02-09 22:45+01:00,1.055175
2026-02-09 23:00+01:00,1.195870
2026-02-09 23:15+01:00,0.803664
2026-02-09 23:30+01:00,1.247931
2026-02-09 23:45+01:00,1.179079
2026-02-10 00:00+01:00,0.840997
2026-02-10 00:15+01:00,0.841460
2026-02-10 00:30+01:00,0.978574
2026-02-10 00:45+01:00,1.127637
2026-02-10 01:00+01:00,1.171722
2026-02-10 01:15+01:00,1.146005
2026-02-10 01:30+01:00,0.000000
2026-02-10 01:45+01:00,1.246317
2026-02-10 02:00+01:00,0.871499
2026-02-10 02:15+01:00,0.900278
2026-02-10 02:30+01:00,0.646964
2026-02-10 02:45+01:00,1.206518
2026-02-10 03:00+01:00,
2026-02-10 03:15+01:00,0.989059
2026-02-10 03:30+01:00,1.121339
2026-02-10 03:45+01:00,1.418153
2026-02-10 04:00+01:00,1.094535
2026-02-10 04:15+01:00,1.006978
2026-02-10 04:30+01:00,0.995201
2026-02-10 04:45+01:00,1.036428
2026-02-10 05:00+01:00,0.878420
2026-02-10 05:15+01:00,1.108540
2026-02-10 05:30+01:00,0.626945
2026-02-10 05:45+01:00,0.881444
2026-02-10 06:00+01:00,0.878261
2026-02-10 06:15+01:00,1.248678
2026-02-10 06:30+01:00,0.000000
2026-02-10 06:45+01:00,1.075331
2026-02-10 07:00+01:00,16.407652
2026-02-10 07:15+01:00,18.486507
2026-02-10 07:30+01:00,15.574353
2026-02-10 07:45+01:00,21.416297
2026-02-10 08:00+01:00,
2026-02-10 08:15+01:00,17.026003
2026-02-10 08:30+01:00,16.395449
2026-02-10 08:45+01:00,16.854416
2026-02-10 09:00+01:00,18.968816
2026-02-10 09:15+01:00,14.337985
2026-02-10 09:30+01:00,14.459599
2026-02-10 09:45+01:00,14.496710
2026-02-10 10:00+01:00,12.978435
2026-02-10 10:15+01:00,14.169569
2026-02-10 10:30+01:00,19.051804
2026-02-10 10:45+01:00,17.250685
2026-02-10 11:00+01:00,15.212240
2026-02-10 11:15+01:00,15.081782
2026-02-10 11:30+01:00,137.237496
2026-02-10 11:45+01:00,121.555514
2026-02-10 12:00+01:00,15.484316
2026-02-10 12:15+01:00,15.781151
2026-02-10 12:30+01:00,18.189838
2026-02-10 12:45+01:00,17.749153
2026-02-10 13:00+01:00,14.467817
2026-02-10 13:15+01:00,15.534415
2026-02-10 13:30+01:00,20.601778
2026-02-10 13:45+01:00,18.684524
2026-02-10 14:00+01:00,15.319979
2026-02-10 14:15+01:00,13.937912
2026-02-10 14:30+01:00,13.933646
2026-02-10 14:45+01:00,19.323853
2026-02-10 15:00+01:00,17.567825
2026-02-10 15:15+01:00,15.017618
2026-02-10 15:30+01:00,18.274641
2026-02-10 15:45+01:00,16.868778
2026-02-10 16:00+01:00,16.809775
2026-02-10 16:15+01:00,17.973557
2026-02-10 16:30+01:00,16.829425
2026-02-10 16:45+01:00,16.392739
2026-02-10 17:00+01:00,18.109405
2026-02-10 17:15+01:00,18.099302
2026-02-10 17:30+01:00,17.425839
2026-02-10 17:45+01:00,18.064337
2026-02-10 18:00+01:00,1.044214
2026-02-10 18:15+01:00,1.076927
2026-02-10 18:30+01:00,0.900634
2026-02-10 18:45+01:00,0.724867
2026-02-10 19:00+01:00,0.989888
2026-02-10 19:15+01:00,1.298426
2026-02-10 19:30+01:00,1.287258
2026-02-10 19:45+01:00,0.879330
2026-02-10 20:00+01:00,1.023787
2026-02-10 20:15+01:00,1.055817
2026-02-10 20:30+01:00,0.982357
2026-02-10 20:45+01:00,
2026-02-10 21:00+01:00,0.000000
2026-02-10 21:15+01:00,0.964115
2026-02-10 21:30+01:00,1.028423
2026-02-10 21:45+01:00,1.161228
2026-02-10 22:00+01:00,0.000000
2026-02-10 22:15+01:00,1.049563
2026-02-10 22:30+01:00,1.125763
2026-02-10 22:45+01:00,0.540809
2026-02-10 23:00+01:00,0.811270
2026-02-10 23:15+01:00,0.893501
2026-02-10 23:30+01:00,0.806300
2026-02-10 23:45+01:00,1.093705
2026-02-11 00:00+01:00,0.622899
2026-02-11 00:15+01:00,0.989297
2026-02-11 00:30+01:00,1.322799
2026-02-11 00:45+01:00,1.196435
2026-02-11 01:00+01:00,1.314088
2026-02-11 01:15+01:00,0.000000
2026-02-11 01:30+01:00,1.314385
2026-02-11 01:45+01:00,0.727465
2026-02-11 02:00+01:00,0.912034
2026-02-11 02:15+01:00,1.072980
2026-02-11 02:30+01:00,
2026-02-11 02:45+01:00,0.765655
2026-02-11 03:00+01:00,0.763992
2026-02-11 03:15+01:00,0.838062
2026-02-11 03:30+01:00,1.069780
2026-02-11 03:45+01:00,0.906639
2026-02-11 04:00+01:00,0.843153
2026-02-11 04:15+01:00,1.089482
2026-02-11 04:30+01:00,0.913104
2026-02-11 04:45+01:00,0.896056
2026-02-11 05:00+01:00,
2026-02-11 05:15+01:00,0.989143
2026-02-11 05:30+01:00,1.400764
2026-02-11 05:45+01:00,0.765786
2026-02-11 06:00+01:00,0.000000
2026-02-11 06:15+01:00,1.041998
2026-02-11 06:30+01:00,1.062218
2026-02-11 06:45+01:00,0.917396
2026-02-11 07:00+01:00,18.327948
2026-02-11 07:15+01:00,19.192433
2026-02-11 07:30+01:00,18.372886
2026-02-11 07:45+01:00,19.983832
2026-02-11 08:00+01:00,
2026-02-11 08:15+01:00,18.494568
2026-02-11 08:30+01:00,20.222363
2026-02-11 08:45+01:00,17.312916
2026-02-11 09:00+01:00,17.691571
2026-02-11 09:15+01:00,19.100119
2026-02-11 09:30+01:00,16.984041
2026-02-11 09:45+01:00,16.209722
2026-02-11 10:00+01:00,18.612170
2026-02-11 10:15+01:00,16.323191
2026-02-11 10:30+01:00,13.643611
2026-02-11 10:45+01:00,16.601608
2026-02-11 11:00+01:00,16.818016
2026-02-11 11:15+01:00,20.441026
2026-02-11 11:30+01:00,15.951709
2026-02-11 11:45+01:00,13.481153
2026-02-11 12:00+01:00,19.769370
2026-02-11 12:15+01:00,14.371907
2026-02-11 12:30+01:00,18.707163
2026-02-11 12:45+01:00,16.536197
2026-02-11 13:00+01:00,18.204302
2026-02-11 13:15+01:00,17.728189
2026-02-11 13:30+01:00,18.980565
2026-02-11 13:45+01:00,19.007681
2026-02-11 14:00+01:00,16.513028
2026-02-11 14:15+01:00,15.456589
2026-02-11 14:30+01:00,17.673219
2026-02-11 14:45+01:00,18.633675
2026-02-11 15:00+01:00,13.119016
2026-02-11 15:15+01:00,18.231579
2026-02-11 15:30+01:00,18.538379
2026-02-11 15:45+01:00,16.555132
2026-02-11 16:00+01:00,
2026-02-11 16:15+01:00,17.746304
2026-02-11 16:30+01:00,14.346022
2026-02-11 16:45+01:00,15.289731
2026-02-11 17:00+01:00,14.536673
2026-02-11 17:15+01:00,17.248661
2026-02-11 17:30+01:00,19.354739
2026-02-11 17:45+01:00,15.352171
2026-02-11 18:00+01:00,
2026-02-11 18:15+01:00,0.793537
2026-02-11 18:30+01:00,
2026-02-11 18:45+01:00,0.979195
2026-02-11 19:00+01:00,0.592058
2026-02-11 19:15+01:00,1.052598
2026-02-11 19:30+01:00,0.786788
2026-02-11 19:45+01:00,1.010504
2026-02-11 20:00+01:00,1.146010
2026-02-11 20:15+01:00,1.087197
2026-02-11 20:30+01:00,0.863637
2026-02-11 20:45+01:00,0.987515
2026-02-11 21:00+01:00,0.578158
2026-02-11 21:15+01:00,0.938336
2026-02-11 21:30+01:00,0.000000
2026-02-11 21:45+01:00,0.698033
2026-02-11 22:00+01:00,1.051893
2026-02-11 22:15+01:00,0.940264
2026-02-11 22:30+01:00,1.416116
2026-02-11 22:45+01:00,
2026-02-11 23:00+01:00,0.754459
2026-02-11 23:15+01:00,0.786908
2026-02-11 23:30+01:00,1.154293
2026-02-11 23:45+01:00,0.948089
2026-02-12 00:00+01:00,0.784733
2026-02-12 00:15+01:00,0.837844
2026-02-12 00:30+01:00,0.980723
2026-02-12 00:45+01:00,0.848096
2026-02-12 01:00+01:00,1.101008
2026-02-12 01:15+01:00,1.050125
2026-02-12 01:30+01:00,0.969455
2026-02-12 01:45+01:00,1.006473
2026-02-12 02:00+01:00,1.210041
2026-02-12 02:15+01:00,7.041957
2026-02-12 02:30+01:00,0.777590
2026-02-12 02:45+01:00,1.082146
2026-02-12 03:00+01:00,0.930580
2026-02-12 03:15+01:00,0.838593
2026-02-12 03:30+01:00,1.160789
2026-02-12 03:45+01:00,1.163359
2026-02-12 04:00+01:00,0.883057
2026-02-12 04:15+01:00,1.158674
2026-02-12 04:30+01:00,0.999347
2026-02-12 04:45+01:00,1.088791
2026-02-12 05:00+01:00,1.161271
2026-02-12 05:15+01:00,1.068455
2026-02-12 05:30+01:00,0.879692
2026-02-12 05:45+01:00,1.256475
2026-02-12 06:00+01:00,1.032786
2026-02-12 06:15+01:00,
2026-02-12 06:30+01:00,0.830032
2026-02-12 06:45+01:00,0.888408
2026-02-12 07:00+01:00,16.451760
2026-02-12 07:15+01:00,
2026-02-12 07:30+01:00,13.609377
2026-02-12 07:45+01:00,16.707000
2026-02-12 08:00+01:00,20.098660
2026-02-12 08:15+01:00,16.587065
2026-02-12 08:30+01:00,13.204866
2026-02-12 08:45+01:00,14.861277
2026-02-12 09:00+01:00,18.577234
2026-02-12 09:15+01:00,18.493582
2026-02-12 09:30+01:00,16.380157
2026-02-12 09:45+01:00,15.582648
2026-02-12 10:00+01:00,16.049037
2026-02-12 10:15+01:00,
2026-02-12 10:30+01:00,19.632884
2026-02-12 10:45+01:00,17.664336
2026-02-12 11:00+01:00,15.475659
2026-02-12 11:15+01:00,19.316688
2026-02-12 11:30+01:00,
2026-02-12 11:45+01:00,17.478011
2026-02-12 12:00+01:00,16.858562
2026-02-12 12:15+01:00,17.664475
2026-02-12 12:30+01:00,15.098520
2026-02-12 12:45+01:00,15.217127
2026-02-12 13:00+01:00,17.236443
2026-02-12 13:15+01:00,16.308940
2026-02-12 13:30+01:00,16.845221
2026-02-12 13:45+01:00,16.513599
2026-02-12 14:00+01:00,17.966798
2026-02-12 14:15+01:00,21.693447
2026-02-12 14:30+01:00,15.587309
2026-02-12 14:45+01:00,14.024461
2026-02-12 15:00+01:00,15.214715
2026-02-12 15:15+01:00,18.259973
2026-02-12 15:30+01:00,17.908875
2026-02-12 15:45+01:00,14.883634
2026-02-12 16:00+01:00,17.487494
2026-02-12 16:15+01:00,16.336785
2026-02-12 16:30+01:00,14.253794
2026-02-12 16:45+01:00,18.529589
2026-02-12 17:00+01:00,19.209313
2026-02-12 17:15+01:00,18.775449
2026-02-12 17:30+01:00,16.935277
2026-02-12 17:45+01:00,16.709439
2026-02-12 18:00+01:00,0.905624
2026-02-12 18:15+01:00,1.150391
2026-02-12 18:30+01:00,0.866648
2026-02-12 18:45+01:00,1.175119
2026-02-12 19:00+01:00,1.050347
2026-02-12 19:15+01:00,0.866037
2026-02-12 19:30+01:00,1.034298
2026-02-12 19:45+01:00,0.816571
2026-02-12 20:00+01:00,0.980375
2026-02-12 20:15+01:00,0.981129
2026-02-12 20:30+01:00,1.048539
2026-02-12 20:45+01:00,
2026-02-12 21:00+01:00,1.067441
2026-02-12 21:15+01:00,0.898839
2026-02-12 21:30+01:00,0.892385
2026-02-12 21:45+01:00,0.796225
2026-02-12 22:00+01:00,0.906858
2026-02-12 22:15+01:00,0.829460
2026-02-12 22:30+01:00,0.905705
2026-02-12 22:45+01:00,0.771797
2026-02-12 23:00+01:00,0.871609
2026-02-12 23:15+01:00,0.863213
2026-02-12 23:30+01:00,1.012134
2026-02-12 23:45+01:00,0.981131
2026-02-13 00:00+01:00,0.896728
2026-02-13 00:15+01:00,0.828698
2026-02-13 00:30+01:00,0.965289
2026-02-13 00:45+01:00,1.002995
2026-02-13 01:00+01:00,0.580173
2026-02-13 01:15+01:00,0.814225
2026-02-13 01:30+01:00,0.754612
2026-02-13 01:45+01:00,0.800272
2026-02-13 02:00+01:00,0.539572
2026-02-13 02:15+01:00,0.799058
2026-02-13 02:30+01:00,1.210252
2026-02-13 02:45+01:00,1.040380
2026-02-13 03:00+01:00,1.107344
2026-02-13 03:15+01:00,1.006093
2026-02-13 03:30+01:00,
2026-02-13 03:45+01:00,0.634981
2026-02-13 04:00+01:00,1.266981
2026-02-13 04:15+01:00,1.108887
2026-02-13 04:30+01:00,0.611169
2026-02-13 04:45+01:00,0.994255
2026-02-13 05:00+01:00,0.884770
2026-02-13 05:15+01:00,0.000000
2026-02-13 05:30+01:00,1.218399
2026-02-13 05:45+01:00,1.153932
2026-02-13 06:00+01:00,0.831858
2026-02-13 06:15+01:00,0.000000
2026-02-13 06:30+01:00,1.074653
2026-02-13 06:45+01:00,1.008434
2026-02-13 07:00+01:00,18.985352
2026-02-13 07:15+01:00,19.246777
2026-02-13 07:30+01:00,15.061827
2026-02-13 07:45+01:00,21.422073
2026-02-13 08:00+01:00,19.733445
2026-02-13 08:15+01:00,13.537328
2026-02-13 08:30+01:00,15.176724
2026-02-13 08:45+01:00,17.118925
2026-02-13 09:00+01:00,17.938675
2026-02-13 09:15+01:00,16.105159
2026-02-13 09:30+01:00,14.442899
2026-02-13 09:45+01:00,14.601975
2026-02-13 10:00+01:00,21.811935
2026-02-13 10:15+01:00,14.941823
2026-02-13 10:30+01:00,16.266336
2026-02-13 10:45+01:00,17.275643
2026-02-13 11:00+01:00,17.902300
2026-02-13 11:15+01:00,16.847783
2026-02-13 11:30+01:00,17.855209
2026-02-13 11:45+01:00,15.909476
2026-02-13 12:00+01:00,15.756686
2026-02-13 12:15+01:00,16.958352
2026-02-13 12:30+01:00,15.432996
2026-02-13 12:45+01:00,15.308972
2026-02-13 13:00+01:00,18.335056
2026-02-13 13:15+01:00,16.009745
2026-02-13 13:30+01:00,17.389200
2026-02-13 13:45+01:00,15.406513
2026-02-13 14:00+01:00,16.631941
2026-02-13 14:15+01:00,19.910161
2026-02-13 14:30+01:00,16.196885
2026-02-13 14:45+01:00,18.287072
2026-02-13 15:00+01:00,16.057343
2026-02-13 15:15+01:00,18.953630
2026-02-13 15:30+01:00,20.425778
2026-02-13 15:45+01:00,15.560801
2026-02-13 16:00+01:00,19.131595
2026-02-13 16:15+01:00,13.638361
2026-02-13 16:30+01:00,18.292631
2026-02-13 16:45+01:00,17.185776
2026-02-13 17:00+01:00,16.201513
2026-02-13 17:15+01:00,15.617240
2026-02-13 17:30+01:00,19.520574
2026-02-13 17:45+01:00,18.282560
2026-02-13 18:00+01:00,1.077545
2026-02-13 18:15+01:00,1.167993
2026-02-13 18:30+01:00,0.790331
2026-02-13 18:45+01:00,1.096866
2026-02-13 19:00+01:00,1.210668
2026-02-13 19:15+01:00,0.000000
2026-02-13 19:30+01:00,1.484679
2026-02-13 19:45+01:00,1.072840
2026-02-13 20:00+01:00,1.080563
2026-02-13 20:15+01:00,1.354449
2026-02-13 20:30+01:00,0.889266
2026-02-13 20:45+01:00,0.658366
2026-02-13 21:00+01:00,0.995438
2026-02-13 21:15+01:00,0.919464
2026-02-13 21:30+01:00,0.000000
2026-02-13 21:45+01:00,0.721583
2026-02-13 22:00+01:00,1.288303
2026-02-13 22:15+01:00,0.786757
2026-02-13 22:30+01:00,0.925643
2026-02-13 22:45+01:00,0.838841
2026-02-13 23:00+01:00,0.969496
2026-02-13 23:15+01:00,0.693434
2026-02-13 23:30+01:00,1.151964
2026-02-13 23:45+01:00,1.426290
2026-02-14 00:00+01:00,0.794473
2026-02-14 00:15+01:00,0.465824
2026-02-14 00:30+01:00,0.469839
2026-02-14 00:45+01:00,0.597527
2026-02-14 01:00+01:00,0.486696
2026-02-14 01:15+01:00,0.511879
2026-02-14 01:30+01:00,0.515482
2026-02-14 01:45+01:00,0.451240
2026-02-14 02:00+01:00,0.426751
2026-02-14 02:15+01:00,0.419233
2026-02-14 02:30+01:00,0.501000
2026-02-14 02:45+01:00,0.321558
2026-02-14 03:00+01:00,0.481219
2026-02-14 03:15+01:00,0.559424
2026-02-14 03:30+01:00,0.325937
2026-02-14 03:45+01:00,0.531273
2026-02-14 04:00+01:00,0.443980
2026-02-14 04:15+01:00,0.518409
2026-02-14 04:30+01:00,0.429038
2026-02-14 04:45+01:00,0.581592
2026-02-14 05:00+01:00,0.560164
2026-02-14 05:15+01:00,0.501469
2026-02-14 05:30+01:00,0.610066
2026-02-14 05:45+01:00,0.587542
2026-02-14 06:00+01:00,
2026-02-14 06:15+01:00,0.500287
2026-02-14 06:30+01:00,0.482608
2026-02-14 06:45+01:00,0.460836
2026-02-14 07:00+01:00,0.673316
2026-02-14 07:15+01:00,0.482791
2026-02-14 07:30+01:00,0.520549
2026-02-14 07:45+01:00,0.439642
2026-02-14 08:00+01:00,0.537265
2026-02-14 08:15+01:00,0.500347
2026-02-14 08:30+01:00,0.000000
2026-02-14 08:45+01:00,0.606457
2026-02-14 09:00+01:00,0.233123
2026-02-14 09:15+01:00,0.517386
2026-02-14 09:30+01:00,0.549778
2026-02-14 09:45+01:00,0.343983
2026-02-14 10:00+01:00,0.588519
2026-02-14 10:15+01:00,0.374654
2026-02-14 10:30+01:00,0.635895
2026-02-14 10:45+01:00,0.254977
2026-02-14 11:00+01:00,
2026-02-14 11:15+01:00,0.000000
2026-02-14 11:30+01:00,0.453920
2026-02-14 11:45+01:00,0.583532
2026-02-14 12:00+01:00,0.512328
2026-02-14 12:15+01:00,0.549712
2026-02-14 12:30+01:00,0.525336
2026-02-14 12:45+01:00,
2026-02-14 13:00+01:00,0.460371
2026-02-14 13:15+01:00,0.598196
2026-02-14 13:30+01:00,0.488031
2026-02-14 13:45+01:00,
2026-02-14 14:00+01:00,0.521449
2026-02-14 14:15+01:00,0.356349
2026-02-14 14:30+01:00,0.610292
2026-02-14 14:45+01:00,0.552556
2026-02-14 15:00+01:00,0.422747
2026-02-14 15:15+01:00,0.000000
2026-02-14 15:30+01:00,0.480010
2026-02-14 15:45+01:00,
2026-02-14 16:00+01:00,0.487416
2026-02-14 16:15+01:00,0.306561
2026-02-14 16:30+01:00,0.499995
2026-02-14 16:45+01:00,0.451806
2026-02-14 17:00+01:00,0.000000
2026-02-14 17:15+01:00,0.441691
2026-02-14 17:30+01:00,0.000000
2026-02-14 17:45+01:00,0.465526
2026-02-14 18:00+01:00,0.000000
2026-02-14 18:15+01:00,0.429528
2026-02-14 18:30+01:00,0.445843
2026-02-14 18:45+01:00,0.504371
2026-02-14 19:00+01:00,0.634689
2026-02-14 19:15+01:00,0.420743
2026-02-14 19:30+01:00,0.534585
2026-02-14 19:45+01:00,0.439999
2026-02-14 20:00+01:00,0.545368
2026-02-14 20:15+01:00,0.400736
2026-02-14 20:30+01:00,0.590354
2026-02-14 20:45+01:00,0.000000
2026-02-14 21:00+01:00,0.587344
2026-02-14 21:15+01:00,0.552298
2026-02-14 21:30+01:00,0.410121
2026-02-14 21:45+01:00,0.645038
2026-02-14 22:00+01:00,0.557673
2026-02-14 22:15+01:00,0.527136
2026-02-14 22:30+01:00,0.452111
2026-02-14 22:45+01:00,0.473956
2026-02-14 23:00+01:00,0.513074
2026-02-14 23:15+01:00,0.599620
2026-02-14 23:30+01:00,0.597800
2026-02-14 23:45+01:00,0.533576
2026-02-15 00:00+01:00,0.252469
2026-02-15 00:15+01:00,0.342800
2026-02-15 00:30+01:00,0.000000
2026-02-15 00:45+01:00,0.504252
2026-02-15 01:00+01:00,0.457366
2026-02-15 01:15+01:00,0.496190
2026-02-15 01:30+01:00,0.467551
2026-02-15 01:45+01:00,0.439351
2026-02-15 02:00+01:00,0.772613
2026-02-15 02:15+01:00,0.429842
2026-02-15 02:30+01:00,0.398070
2026-02-15 02:45+01:00,
2026-02-15 03:00+01:00,0.468928
2026-02-15 03:15+01:00,0.532358
2026-02-15 03:30+01:00,0.549884
2026-02-15 03:45+01:00,0.497369
2026-02-15 04:00+01:00,0.690814
2026-02-15 04:15+01:00,0.463260
2026-02-15 04:30+01:00,0.575216
2026-02-15 04:45+01:00,0.406591
2026-02-15 05:00+01:00,0.583370
2026-02-15 05:15+01:00,0.568052
2026-02-15 05:30+01:00,0.435231
2026-02-15 05:45+01:00,0.000000
2026-02-15 06:00+01:00,0.536992
2026-02-15 06:15+01:00,0.514963
2026-02-15 06:30+01:00,0.578597
2026-02-15 06:45+01:00,0.494528
2026-02-15 07:00+01:00,0.566996
2026-02-15 07:15+01:00,0.454998
2026-02-15 07:30+01:00,0.654601
2026-02-15 07:45+01:00,0.450494
2026-02-15 08:00+01:00,0.530425
2026-02-15 08:15+01:00,0.418830
2026-02-15 08:30+01:00,0.713640
2026-02-15 08:45+01:00,0.532365
2026-02-15 09:00+01:00,0.559939
2026-02-15 09:15+01:00,0.501191
2026-02-15 09:30+01:00,0.402837
2026-02-15 09:45+01:00,0.528699
2026-02-15 10:00+01:00,0.500161
2026-02-15 10:15+01:00,0.565206
2026-02-15 10:30+01:00,0.636514
2026-02-15 10:45+01:00,0.461279
2026-02-15 11:00+01:00,0.485596
2026-02-15 11:15+01:00,0.488360
2026-02-15 11:30+01:00,0.584704
2026-02-15 11:45+01:00,0.430062
2026-02-15 12:00+01:00,0.401398
2026-02-15 12:15+01:00,0.606338
2026-02-15 12:30+01:00,0.446573
2026-02-15 12:45+01:00,0.423162
2026-02-15 13:00+01:00,0.539150
2026-02-15 13:15+01:00,0.563372
2026-02-15 13:30+01:00,0.514976
2026-02-15 13:45+01:00,0.538618
2026-02-15 14:00+01:00,0.448744
2026-02-15 14:15+01:00,0.425906
2026-02-15 14:30+01:00,0.590730
2026-02-15 14:45+01:00,0.421934
2026-02-15 15:00+01:00,0.731432
2026-02-15 15:15+01:00,
2026-02-15 15:30+01:00,0.478671
2026-02-15 15:45+01:00,0.530198
2026-02-15 16:00+01:00,0.484789
2026-02-15 16:15+01:00,0.376472
2026-02-15 16:30+01:00,0.387325
2026-02-15 16:45+01:00,0.427191
2026-02-15 17:00+01:00,0.335702
2026-02-15 17:15+01:00,0.377021
2026-02-15 17:30+01:00,0.618732
2026-02-15 17:45+01:00,0.493204
2026-02-15 18:00+01:00,0.416839
2026-02-15 18:15+01:00,0.593778
2026-02-15 18:30+01:00,0.540880
2026-02-15 18:45+01:00,0.400396
2026-02-15 19:00+01:00,0.411559
2026-02-15 19:15+01:00,0.000000
2026-02-15 19:30+01:00,0.438602
2026-02-15 19:45+01:00,0.497659
2026-02-15 20:00+01:00,0.564816
2026-02-15 20:15+01:00,0.595017
2026-02-15 20:30+01:00,0.445869
2026-02-15 20:45+01:00,0.558251
2026-02-15 21:00+01:00,0.520335
2026-02-15 21:15+01:00,0.372231
2026-02-15 21:30+01:00,0.496782
2026-02-15 21:45+01:00,0.497249
2026-02-15 22:00+01:00,0.405470
2026-02-15 22:15+01:00,0.000000
2026-02-15 22:30+01:00,0.607432
2026-02-15 22:45+01:00,0.589979
2026-02-15 23:00+01:00,0.228775
2026-02-15 23:15+01:00,0.485946
2026-02-15 23:30+01:00,0.510426
2026-02-15 23:45+01:00,0.558905
2026-02-16 00:00+01:00,0.000000
2026-02-16 00:15+01:00,0.945504
2026-02-16 00:30+01:00,0.825975
2026-02-16 00:45+01:00,1.166252
2026-02-16 01:00+01:00,1.071389
2026-02-16 01:15+01:00,0.780525
2026-02-16 01:30+01:00,0.595474
2026-02-16 01:45+01:00,1.052424
2026-02-16 02:00+01:00,1.405740
2026-02-16 02:15+01:00,
2026-02-16 02:30+01:00,0.856664
2026-02-16 02:45+01:00,1.035505
2026-02-16 03:00+01:00,0.948640
2026-02-16 03:15+01:00,0.920032
2026-02-16 03:30+01:00,0.812580
2026-02-16 03:45+01:00,0.915416
2026-02-16 04:00+01:00,0.634894
2026-02-16 04:15+01:00,
2026-02-16 04:30+01:00,0.970361
2026-02-16 04:45+01:00,0.990552
2026-02-16 05:00+01:00,0.892985
2026-02-16 05:15+01:00,0.766661
2026-02-16 05:30+01:00,1.188611
2026-02-16 05:45+01:00,0.702856
2026-02-16 06:00+01:00,0.778368
2026-02-16 06:15+01:00,0.619694
2026-02-16 06:30+01:00,0.944698
2026-02-16 06:45+01:00,0.741213
2026-02-16 07:00+01:00,17.815173
2026-02-16 07:15+01:00,17.827627
2026-02-16 07:30+01:00,125.906422
2026-02-16 07:45+01:00,164.417645
2026-02-16 08:00+01:00,17.572644
2026-02-16 08:15+01:00,16.393909
2026-02-16 08:30+01:00,16.494226
2026-02-16 08:45+01:00,14.688211
2026-02-16 09:00+01:00,16.487657
2026-02-16 09:15+01:00,
2026-02-16 09:30+01:00,13.059336
2026-02-16 09:45+01:00,17.864441
2026-02-16 10:00+01:00,19.376615
2026-02-16 10:15+01:00,13.453077
2026-02-16 10:30+01:00,16.636096
2026-02-16 10:45+01:00,16.074737
2026-02-16 11:00+01:00,18.294453
2026-02-16 11:15+01:00,
2026-02-16 11:30+01:00,15.088765
2026-02-16 11:45+01:00,23.415933
2026-02-16 12:00+01:00,20.021401
2026-02-16 12:15+01:00,17.571250
2026-02-16 12:30+01:00,16.228611
2026-02-16 12:45+01:00,12.922218
2026-02-16 13:00+01:00,18.267265
2026-02-16 13:15+01:00,21.506881
2026-02-16 13:30+01:00,18.469594
2026-02-16 13:45+01:00,16.576304
2026-02-16 14:00+01:00,16.765173
2026-02-16 14:15+01:00,17.670150
2026-02-16 14:30+01:00,18.958947
2026-02-16 14:45+01:00,16.949087
2026-02-16 15:00+01:00,
2026-02-16 15:15+01:00,13.294300
2026-02-16 15:30+01:00,
2026-02-16 15:45+01:00,19.021282
2026-02-16 16:00+01:00,16.354362
2026-02-16 16:15+01:00,17.350342
2026-02-16 16:30+01:00,19.230675
2026-02-16 16:45+01:00,18.126126
2026-02-16 17:00+01:00,17.547745
2026-02-16 17:15+01:00,20.986746
2026-02-16 17:30+01:00,16.003864
2026-02-16 17:45+01:00,13.451129
2026-02-16 18:00+01:00,1.028248
2026-02-16 18:15+01:00,0.731558
2026-02-16 18:30+01:00,
2026-02-16 18:45+01:00,0.924230
2026-02-16 19:00+01:00,1.158553
2026-02-16 19:15+01:00,0.918978
2026-02-16 19:30+01:00,0.831623
2026-02-16 19:45+01:00,1.145906
2026-02-16 20:00+01:00,0.889348
2026-02-16 20:15+01:00,1.140570
2026-02-16 20:30+01:00,0.773829
2026-02-16 20:45+01:00,0.926184
2026-02-16 21:00+01:00,0.931132
2026-02-16 21:15+01:00,1.419803
2026-02-16 21:30+01:00,0.852584
2026-02-16 21:45+01:00,1.029764
2026-02-16 22:00+01:00,1.101051
2026-02-16 22:15+01:00,0.710804
2026-02-16 22:30+01:00,0.833062
2026-02-16 22:45+01:00,1.365978
2026-02-16 23:00+01:00,1.203147
2026-02-16 23:15+01:00,1.046002
2026-02-16 23:30+01:00,1.214175
2026-02-16 23:45+01:00,1.189655
2026-02-17 00:00+01:00,1.186808
2026-02-17 00:15+01:00,1.029239
2026-02-17 00:30+01:00,1.120704
2026-02-17 00:45+01:00,1.127957
2026-02-17 01:00+01:00,0.950514
2026-02-17 01:15+01:00,0.594294
2026-02-17 01:30+01:00,0.768562
2026-02-17 01:45+01:00,0.893573
2026-02-17 02:00+01:00,0.726059
2026-02-17 02:15+01:00,1.181394
2026-02-17 02:30+01:00,0.867812
2026-02-17 02:45+01:00,1.057921
2026-02-17 03:00+01:00,
2026-02-17 03:15+01:00,1.038633
2026-02-17 03:30+01:00,0.782855
2026-02-17 03:45+01:00,0.972987
2026-02-17 04:00+01:00,0.986180
2026-02-17 04:15+01:00,0.916104
2026-02-17 04:30+01:00,1.216121
2026-02-17 04:45+01:00,0.000000
2026-02-17 05:00+01:00,0.814600
2026-02-17 05:15+01:00,0.841990
2026-02-17 05:30+01:00,1.062862
2026-02-17 05:45+01:00,1.057553
2026-02-17 06:00+01:00,0.994779
2026-02-17 06:15+01:00,0.910711
2026-02-17 06:30+01:00,0.883343
2026-02-17 06:45+01:00,0.738466
2026-02-17 07:00+01:00,13.022101
2026-02-17 07:15+01:00,
2026-02-17 07:30+01:00,18.568441
2026-02-17 07:45+01:00,18.726638
2026-02-17 08:00+01:00,19.922278
2026-02-17 08:15+01:00,15.755998
2026-02-17 08:30+01:00,15.106542
2026-02-17 08:45+01:00,18.645686
2026-02-17 09:00+01:00,16.954959
2026-02-17 09:15+01:00,16.997074
2026-02-17 09:30+01:00,18.474912
2026-02-17 09:45+01:00,21.056833
2026-02-17 10:00+01:00,16.535536
2026-02-17 10:15+01:00,15.143516
2026-02-17 10:30+01:00,17.691090
2026-02-17 10:45+01:00,16.275006
2026-02-17 11:00+01:00,13.087510
2026-02-17 11:15+01:00,16.390966
2026-02-17 11:30+01:00,14.794835
2026-02-17 11:45+01:00,18.298753
2026-02-17 12:00+01:00,18.880675
2026-02-17 12:15+01:00,17.921687
2026-02-17 12:30+01:00,16.397064
2026-02-17 12:45+01:00,20.619397
2026-02-17 13:00+01:00,16.660067
2026-02-17 13:15+01:00,16.315836
2026-02-17 13:30+01:00,14.908924
2026-02-17 13:45+01:00,
2026-02-17 14:00+01:00,19.957813
2026-02-17 14:15+01:00,19.378586
2026-02-17 14:30+01:00,18.000128
2026-02-17 14:45+01:00,15.817425
2026-02-17 15:00+01:00,16.417108
2026-02-17 15:15+01:00,17.362799
2026-02-17 15:30+01:00,13.611318
2026-02-17 15:45+01:00,14.869783
2026-02-17 16:00+01:00,16.832550
2026-02-17 16:15+01:00,17.920416
2026-02-17 16:30+01:00,15.781209
2026-02-17 16:45+01:00,17.102920
2026-02-17 17:00+01:00,17.206531
2026-02-17 17:15+01:00,18.918525
2026-02-17 17:30+01:00,18.339285
2026-02-17 17:45+01:00,16.275838
2026-02-17 18:00+01:00,0.000000
2026-02-17 18:15+01:00,0.841360
2026-02-17 18:30+01:00,1.287662
2026-02-17 18:45+01:00,1.028507
2026-02-17 19:00+01:00,1.226660
2026-02-17 19:15+01:00,1.293552
2026-02-17 19:30+01:00,0.000000
2026-02-17 19:45+01:00,1.194145
2026-02-17 20:00+01:00,1.056298
2026-02-17 20:15+01:00,1.255732
2026-02-17 20:30+01:00,1.035899
2026-02-17 20:45+01:00,1.024312
2026-02-17 21:00+01:00,0.842152
2026-02-17 21:15+01:00,1.153001
2026-02-17 21:30+01:00,0.825919
2026-02-17 21:45+01:00,0.000000
2026-02-17 22:00+01:00,1.192617
2026-02-17 22:15+01:00,0.959702
2026-02-17 22:30+01:00,1.240118
2026-02-17 22:45+01:00,1.103393
2026-02-17 23:00+01:00,1.225918
2026-02-17 23:15+01:00,0.749301
2026-02-17 23:30+01:00,0.982727
2026-02-17 23:45+01:00,0.753759
2026-02-18 00:00+01:00,1.007634
2026-02-18 00:15+01:00,1.004793
2026-02-18 00:30+01:00,0.899790
2026-02-18 00:45+01:00,1.139556
2026-02-18 01:00+01:00,0.000000
2026-02-18 01:15+01:00,1.050126
2026-02-18 01:30+01:00,0.729746
2026-02-18 01:45+01:00,1.044802
2026-02-18 02:00+01:00,0.607030
2026-02-18 02:15+01:00,1.046269
2026-02-18 02:30+01:00,0.824833
2026-02-18 02:45+01:00,0.822878
2026-02-18 03:00+01:00,1.122343
2026-02-18 03:15+01:00,0.000000
2026-02-18 03:30+01:00,0.919102
2026-02-18 03:45+01:00,0.986784
2026-02-18 04:00+01:00,
2026-02-18 04:15+01:00,1.154127
2026-02-18 04:30+01:00,0.838371
2026-02-18 04:45+01:00,1.042463
2026-02-18 05:00+01:00,0.669873
2026-02-18 05:15+01:00,0.982344
2026-02-18 05:30+01:00,0.876075
2026-02-18 05:45+01:00,1.145823
2026-02-18 06:00+01:00,1.105699
2026-02-18 06:15+01:00,0.762179
2026-02-18 06:30+01:00,0.557793
2026-02-18 06:45+01:00,1.180277
2026-02-18 07:00+01:00,17.494130
2026-02-18 07:15+01:00,18.960096
2026-02-18 07:30+01:00,17.368829
2026-02-18 07:45+01:00,14.532409
2026-02-18 08:00+01:00,16.274154
2026-02-18 08:15+01:00,17.732552
2026-02-18 08:30+01:00,17.105469
2026-02-18 08:45+01:00,18.165907
2026-02-18 09:00+01:00,19.961742
2026-02-18 09:15+01:00,
2026-02-18 09:30+01:00,16.806912
2026-02-18 09:45+01:00,18.939011
2026-02-18 10:00+01:00,18.158672
2026-02-18 10:15+01:00,15.709038
2026-02-18 10:30+01:00,20.685896
2026-02-18 10:45+01:00,16.647585
2026-02-18 11:00+01:00,
2026-02-18 11:15+01:00,14.632441
2026-02-18 11:30+01:00,16.359370
2026-02-18 11:45+01:00,16.808678
2026-02-18 12:00+01:00,17.060880
2026-02-18 12:15+01:00,16.873488
2026-02-18 12:30+01:00,14.596370
2026-02-18 12:45+01:00,15.881974
2026-02-18 13:00+01:00,18.426304
2026-02-18 13:15+01:00,13.663897
2026-02-18 13:30+01:00,20.168645
2026-02-18 13:45+01:00,15.772298
2026-02-18 14:00+01:00,
2026-02-18 14:15+01:00,13.097825
2026-02-18 14:30+01:00,15.655556
2026-02-18 14:45+01:00,17.381675
2026-02-18 15:00+01:00,19.695546
2026-02-18 15:15+01:00,17.852451
2026-02-18 15:30+01:00,15.890905
2026-02-18 15:45+01:00,16.340851
2026-02-18 16:00+01:00,18.117733
2026-02-18 16:15+01:00,16.365938
2026-02-18 16:30+01:00,20.231763
2026-02-18 16:45+01:00,17.399533
2026-02-18 17:00+01:00,13.872886
2026-02-18 17:15+01:00,20.674473
2026-02-18 17:30+01:00,17.344280
2026-02-18 17:45+01:00,18.677335
2026-02-18 18:00+01:00,1.079030
2026-02-18 18:15+01:00,0.954280
2026-02-18 18:30+01:00,0.560143
2026-02-18 18:45+01:00,1.143404
2026-02-18 19:00+01:00,0.970980
2026-02-18 19:15+01:00,1.129583
2026-02-18 19:30+01:00,0.852519
2026-02-18 19:45+01:00,0.763694
2026-02-18 20:00+01:00,1.052294
2026-02-18 20:15+01:00,0.812619
2026-02-18 20:30+01:00,1.018275
2026-02-18 20:45+01:00,1.044546
2026-02-18 21:00+01:00,0.981941
2026-02-18 21:15+01:00,0.911094
2026-02-18 21:30+01:00,1.089393
2026-02-18 21:45+01:00,0.890525
2026-02-18 22:00+01:00,0.875962
2026-02-18 22:15+01:00,0.792085
2026-02-18 22:30+01:00,1.325654
2026-02-18 22:45+01:00,0.946455
2026-02-18 23:00+01:00,0.869692
2026-02-18 23:15+01:00,0.869014
2026-02-18 23:30+01:00,1.020237
2026-02-18 23:45+01:00,0.803583
2026-02-19 00:00+01:00,0.796727
2026-02-19 00:15+01:00,1.129844
2026-02-19 00:30+01:00,
2026-02-19 00:45+01:00,0.780203
2026-02-19 01:00+01:00,1.142298
2026-02-19 01:15+01:00,0.979995
2026-02-19 01:30+01:00,0.000000
2026-02-19 01:45+01:00,1.099192
2026-02-19 02:00+01:00,0.845717
2026-02-19 02:15+01:00,0.814273
2026-02-19 02:30+01:00,0.753400
2026-02-19 02:45+01:00,1.050180
2026-02-19 03:00+01:00,0.912908
2026-02-19 03:15+01:00,1.031110
2026-02-19 03:30+01:00,0.000000
2026-02-19 03:45+01:00,1.163157
2026-02-19 04:00+01:00,1.268913
2026-02-19 04:15+01:00,0.999211
2026-02-19 04:30+01:00,1.010208
2026-02-19 04:45+01:00,0.000000
2026-02-19 05:00+01:00,0.743603
2026-02-19 05:15+01:00,0.801696
2026-02-19 05:30+01:00,1.134210
2026-02-19 05:45+01:00,1.279425
2026-02-19 06:00+01:00,0.965988
2026-02-19 06:15+01:00,0.937104
2026-02-19 06:30+01:00,0.966720
2026-02-19 06:45+01:00,1.359157
2026-02-19 07:00+01:00,13.164149
2026-02-19 07:15+01:00,17.823809
2026-02-19 07:30+01:00,18.030369
2026-02-19 07:45+01:00,16.538551
2026-02-19 08:00+01:00,16.922635
2026-02-19 08:15+01:00,14.603090
2026-02-19 08:30+01:00,18.352848
2026-02-19 08:45+01:00,14.854414
2026-02-19 09:00+01:00,20.724876
2026-02-19 09:15+01:00,16.241257
2026-02-19 09:30+01:00,16.361521
2026-02-19 09:45+01:00,17.734474
2026-02-19 10:00+01:00,16.626765
2026-02-19 10:15+01:00,14.556315
2026-02-19 10:30+01:00,19.816519
2026-02-19 10:45+01:00,15.050760
2026-02-19 11:00+01:00,14.116314
2026-02-19 11:15+01:00,14.457117
2026-02-19 11:30+01:00,16.838692
2026-02-19 11:45+01:00,19.951433
2026-02-19 12:00+01:00,13.682164
2026-02-19 12:15+01:00,18.591459
2026-02-19 12:30+01:00,17.375376
2026-02-19 12:45+01:00,
2026-02-19 13:00+01:00,18.184085
2026-02-19 13:15+01:00,16.918768
2026-02-19 13:30+01:00,
2026-02-19 13:45+01:00,16.340941
2026-02-19 14:00+01:00,16.951878
2026-02-19 14:15+01:00,19.391602
2026-02-19 14:30+01:00,16.863775
2026-02-19 14:45+01:00,13.866510
2026-02-19 15:00+01:00,19.968920
2026-02-19 15:15+01:00,12.955492
2026-02-19 15:30+01:00,15.866059
2026-02-19 15:45+01:00,16.978761
2026-02-19 16:00+01:00,19.905523
2026-02-19 16:15+01:00,17.999872
2026-02-19 16:30+01:00,17.878838
2026-02-19 16:45+01:00,14.318133
2026-02-19 17:00+01:00,19.862646
2026-02-19 17:15+01:00,16.801697
2026-02-19 17:30+01:00,15.307175
2026-02-19 17:45+01:00,17.016176
2026-02-19 18:00+01:00,1.190625
2026-02-19 18:15+01:00,1.300251
2026-02-19 18:30+01:00,1.031721
2026-02-19 18:45+01:00,0.610342
2026-02-19 19:00+01:00,1.134534
2026-02-19 19:15+01:00,0.920568
2026-02-19 19:30+01:00,0.912702
2026-02-19 19:45+01:00,0.996999
2026-02-19 20:00+01:00,0.854238
2026-02-19 20:15+01:00,1.089022
2026-02-19 20:30+01:00,1.001006
2026-02-19 20:45+01:00,1.102616
2026-02-19 21:00+01:00,0.830291
2026-02-19 21:15+01:00,0.907149
2026-02-19 21:30+01:00,0.915995
2026-02-19 21:45+01:00,1.066731
2026-02-19 22:00+01:00,1.127874
2026-02-19 22:15+01:00,0.763425
2026-02-19 22:30+01:00,0.902549
2026-02-19 22:45+01:00,0.826596
2026-02-19 23:00+01:00,1.084132
2026-02-19 23:15+01:00,0.850706
2026-02-19 23:30+01:00,0.972282
2026-02-19 23:45+01:00,0.741012
2026-02-20 00:00+01:00,0.773588
2026-02-20 00:15+01:00,1.113514
2026-02-20 00:30+01:00,1.094958
2026-02-20 00:45+01:00,0.582666
2026-02-20 01:00+01:00,1.088194
2026-02-20 01:15+01:00,1.064816
2026-02-20 01:30+01:00,0.813779
2026-02-20 01:45+01:00,1.013612
2026-02-20 02:00+01:00,1.046374
2026-02-20 02:15+01:00,0.883035
2026-02-20 02:30+01:00,0.816648
2026-02-20 02:45+01:00,1.437609
2026-02-20 03:00+01:00,1.100513
2026-02-20 03:15+01:00,0.917852
2026-02-20 03:30+01:00,0.820077
2026-02-20 03:45+01:00,0.983720
2026-02-20 04:00+01:00,0.000000
2026-02-20 04:15+01:00,0.505187
2026-02-20 04:30+01:00,1.074650
2026-02-20 04:45+01:00,0.632754
2026-02-20 05:00+01:00,1.318699
2026-02-20 05:15+01:00,1.105024
2026-02-20 05:30+01:00,1.111278
2026-02-20 05:45+01:00,1.034565
2026-02-20 06:00+01:00,0.475441
2026-02-20 06:15+01:00,1.007531
2026-02-20 06:30+01:00,
2026-02-20 06:45+01:00,1.320346
2026-02-20 07:00+01:00,15.232079
2026-02-20 07:15+01:00,18.372532
2026-02-20 07:30+01:00,17.008672
2026-02-20 07:45+01:00,17.356075
2026-02-20 08:00+01:00,17.742031
2026-02-20 08:15+01:00,16.345416
2026-02-20 08:30+01:00,23.337198
2026-02-20 08:45+01:00,17.020286
2026-02-20 09:00+01:00,18.916862
2026-02-20 09:15+01:00,14.507338
2026-02-20 09:30+01:00,16.065013
2026-02-20 09:45+01:00,18.929114
2026-02-20 10:00+01:00,14.429417
2026-02-20 10:15+01:00,13.483299
2026-02-20 10:30+01:00,15.503487
2026-02-20 10:45+01:00,19.667755
2026-02-20 11:00+01:00,18.520730
2026-02-20 11:15+01:00,16.330409
2026-02-20 11:30+01:00,16.349595
2026-02-20 11:45+01:00,14.119996
2026-02-20 12:00+01:00,18.419844
2026-02-20 12:15+01:00,15.789166
2026-02-20 12:30+01:00,14.720480
2026-02-20 12:45+01:00,15.553730
2026-02-20 13:00+01:00,17.544618
2026-02-20 13:15+01:00,17.056356
2026-02-20 13:30+01:00,18.115767
2026-02-20 13:45+01:00,18.315950
2026-02-20 14:00+01:00,
2026-02-20 14:15+01:00,16.526836
2026-02-20 14:30+01:00,17.653236
2026-02-20 14:45+01:00,17.372573
2026-02-20 15:00+01:00,14.545811
2026-02-20 15:15+01:00,15.129399
2026-02-20 15:30+01:00,16.500987
2026-02-20 15:45+01:00,18.526461
2026-02-20 16:00+01:00,17.053623
2026-02-20 16:15+01:00,17.619204
2026-02-20 16:30+01:00,17.183782
2026-02-20 16:45+01:00,18.238545
2026-02-20 17:00+01:00,18.675837
2026-02-20 17:15+01:00,20.213773
2026-02-20 17:30+01:00,20.573119
2026-02-20 17:45+01:00,15.237788
2026-02-20 18:00+01:00,0.843541
2026-02-20 18:15+01:00,0.753508
2026-02-20 18:30+01:00,1.028725
2026-02-20 18:45+01:00,1.164639
2026-02-20 19:00+01:00,1.034721
2026-02-20 19:15+01:00,0.795044
2026-02-20 19:30+01:00,
2026-02-20 19:45+01:00,0.780405
2026-02-20 20:00+01:00,0.647645
2026-02-20 20:15+01:00,0.943833
2026-02-20 20:30+01:00,0.998331
2026-02-20 20:45+01:00,0.730584
2026-02-20 21:00+01:00,
2026-02-20 21:15+01:00,0.899879
2026-02-20 21:30+01:00,0.915541
2026-02-20 21:45+01:00,1.033593
2026-02-20 22:00+01:00,1.079303
2026-02-20 22:15+01:00,1.010564
2026-02-20 22:30+01:00,0.000000
2026-02-20 22:45+01:00,1.030429
2026-02-20 23:00+01:00,0.904894
2026-02-20 23:15+01:00,0.896680
2026-02-20 23:30+01:00,0.768801
2026-02-20 23:45+01:00,1.139550
2026-02-21 00:00+01:00,0.963000
2026-02-21 00:15+01:00,0.553605
2026-02-21 00:30+01:00,0.602722
2026-02-21 00:45+01:00,0.534286
2026-02-21 01:00+01:00,0.553751
2026-02-21 01:15+01:00,0.521004
2026-02-21 01:30+01:00,0.511511
2026-02-21 01:45+01:00,0.433665
2026-02-21 02:00+01:00,0.553239
2026-02-21 02:15+01:00,0.393683
2026-02-21 02:30+01:00,0.480216
2026-02-21 02:45+01:00,3.715733
2026-02-21 03:00+01:00,4.464479
2026-02-21 03:15+01:00,0.528780
2026-02-21 03:30+01:00,0.466359
2026-02-21 03:45+01:00,0.587535
2026-02-21 04:00+01:00,0.400823
2026-02-21 04:15+01:00,0.456577
2026-02-21 04:30+01:00,0.409764
2026-02-21 04:45+01:00,0.545319
2026-02-21 05:00+01:00,0.541688
2026-02-21 05:15+01:00,0.493204
2026-02-21 05:30+01:00,0.463683
2026-02-21 05:45+01:00,0.557047
2026-02-21 06:00+01:00,0.352839
2026-02-21 06:15+01:00,0.487267
2026-02-21 06:30+01:00,0.549119
2026-02-21 06:45+01:00,0.441149
2026-02-21 07:00+01:00,0.000000
2026-02-21 07:15+01:00,
2026-02-21 07:30+01:00,0.000000
2026-02-21 07:45+01:00,0.334116
2026-02-21 08:00+01:00,0.457401
2026-02-21 08:15+01:00,0.500441
2026-02-21 08:30+01:00,0.452456
2026-02-21 08:45+01:00,3.573166
2026-02-21 09:00+01:00,4.074689
2026-02-21 09:15+01:00,0.446732
2026-02-21 09:30+01:00,0.000000
2026-02-21 09:45+01:00,0.374046
2026-02-21 10:00+01:00,
2026-02-21 10:15+01:00,0.000000
2026-02-21 10:30+01:00,0.446657
2026-02-21 10:45+01:00,
2026-02-21 11:00+01:00,0.491237
2026-02-21 11:15+01:00,0.469093
2026-02-21 11:30+01:00,0.505753
2026-02-21 11:45+01:00,0.459728
2026-02-21 12:00+01:00,0.597639
2026-02-21 12:15+01:00,0.471898
2026-02-21 12:30+01:00,0.509706
2026-02-21 12:45+01:00,0.446408
2026-02-21 13:00+01:00,0.491947
2026-02-21 13:15+01:00,0.350549
2026-02-21 13:30+01:00,0.581031
2026-02-21 13:45+01:00,0.391485
2026-02-21 14:00+01:00,0.385022
2026-02-21 14:15+01:00,
2026-02-21 14:30+01:00,0.513800
2026-02-21 14:45+01:00,0.558486
2026-02-21 15:00+01:00,0.393819
2026-02-21 15:15+01:00,0.306438
2026-02-21 15:30+01:00,0.436575
2026-02-21 15:45+01:00,0.504232
2026-02-21 16:00+01:00,0.420868
2026-02-21 16:15+01:00,0.550127
2026-02-21 16:30+01:00,0.481446
2026-02-21 16:45+01:00,0.444641
2026-02-21 17:00+01:00,0.449113
2026-02-21 17:15+01:00,0.000000
2026-02-21 17:30+01:00,
2026-02-21 17:45+01:00,0.555427
2026-02-21 18:00+01:00,0.641157
2026-02-21 18:15+01:00,0.481443
2026-02-21 18:30+01:00,0.335015
2026-02-21 18:45+01:00,0.647137
2026-02-21 19:00+01:00,0.495522
2026-02-21 19:15+01:00,0.436606
2026-02-21 19:30+01:00,0.421961
2026-02-21 19:45+01:00,0.412781
2026-02-21 20:00+01:00,0.000000
2026-02-21 20:15+01:00,0.507661
2026-02-21 20:30+01:00,0.368562
2026-02-21 20:45+01:00,0.475602
2026-02-21 21:00+01:00,0.389381
2026-02-21 21:15+01:00,0.555810
2026-02-21 21:30+01:00,0.502462
2026-02-21 21:45+01:00,0.484984
2026-02-21 22:00+01:00,0.412417
2026-02-21 22:15+01:00,0.354087
2026-02-21 22:30+01:00,0.497663
2026-02-21 22:45+01:00,0.406028
2026-02-21 23:00+01:00,0.670279
2026-02-21 23:15+01:00,0.489245
2026-02-21 23:30+01:00,0.540443
2026-02-21 23:45+01:00,0.490182
2026-02-22 00:00+01:00,0.447099
2026-02-22 00:15+01:00,0.617520
2026-02-22 00:30+01:00,0.470288
2026-02-22 00:45+01:00,0.531796
2026-02-22 01:00+01:00,0.000000
2026-02-22 01:15+01:00,0.638132
2026-02-22 01:30+01:00,0.414982
2026-02-22 01:45+01:00,0.451206
2026-02-22 02:00+01:00,0.460507
2026-02-22 02:15+01:00,0.489164
2026-02-22 02:30+01:00,0.397696
2026-02-22 02:45+01:00,0.542350
2026-02-22 03:00+01:00,0.502082
2026-02-22 03:15+01:00,0.343981
2026-02-22 03:30+01:00,0.432290
2026-02-22 03:45+01:00,0.532351
2026-02-22 04:00+01:00,
2026-02-22 04:15+01:00,0.585124
2026-02-22 04:30+01:00,0.526332
2026-02-22 04:45+01:00,0.422648
2026-02-22 05:00+01:00,0.576285
2026-02-22 05:15+01:00,0.000000
2026-02-22 05:30+01:00,0.558408
2026-02-22 05:45+01:00,0.547541
2026-02-22 06:00+01:00,0.466965
2026-02-22 06:15+01:00,0.535275
2026-02-22 06:30+01:00,
2026-02-22 06:45+01:00,0.515680
2026-02-22 07:00+01:00,0.446450
2026-02-22 07:15+01:00,0.330051
2026-02-22 07:30+01:00,0.502714
2026-02-22 07:45+01:00,
2026-02-22 08:00+01:00,0.457917
2026-02-22 08:15+01:00,0.537348
2026-02-22 08:30+01:00,0.000000
2026-02-22 08:45+01:00,
2026-02-22 09:00+01:00,0.393494
2026-02-22 09:15+01:00,0.338812
2026-02-22 09:30+01:00,0.517419
2026-02-22 09:45+01:00,0.394298
2026-02-22 10:00+01:00,0.593380
2026-02-22 10:15+01:00,0.474485
2026-02-22 10:30+01:00,0.764428
2026-02-22 10:45+01:00,0.537085
2026-02-22 11:00+01:00,0.343909
2026-02-22 11:15+01:00,0.426016
2026-02-22 11:30+01:00,0.381589
2026-02-22 11:45+01:00,0.423752
2026-02-22 12:00+01:00,0.535761
2026-02-22 12:15+01:00,0.328258
2026-02-22 12:30+01:00,0.542075
2026-02-22 12:45+01:00,0.362677
2026-02-22 13:00+01:00,0.611247
2026-02-22 13:15+01:00,0.636629
2026-02-22 13:30+01:00,0.555246
2026-02-22 13:45+01:00,0.527116
2026-02-22 14:00+01:00,0.534313
2026-02-22 14:15+01:00,0.251418
2026-02-22 14:30+01:00,0.420004
2026-02-22 14:45+01:00,0.769668
2026-02-22 15:00+01:00,0.608019
2026-02-22 15:15+01:00,0.590792
2026-02-22 15:30+01:00,
2026-02-22 15:45+01:00,0.000000
2026-02-22 16:00+01:00,0.428139
2026-02-22 16:15+01:00,0.560789
2026-02-22 16:30+01:00,0.527003
2026-02-22 16:45+01:00,0.286696
2026-02-22 17:00+01:00,0.000000
2026-02-22 17:15+01:00,0.581312
2026-02-22 17:30+01:00,0.613389
2026-02-22 17:45+01:00,0.465847
2026-02-22 18:00+01:00,0.510085
2026-02-22 18:15+01:00,0.476067
2026-02-22 18:30+01:00,0.371052
2026-02-22 18:45+01:00,0.473083
2026-02-22 19:00+01:00,0.474896
2026-02-22 19:15+01:00,0.585927
2026-02-22 19:30+01:00,0.540121
2026-02-22 19:45+01:00,0.591353
2026-02-22 20:00+01:00,0.550350
2026-02-22 20:15+01:00,0.477115
2026-02-22 20:30+01:00,0.458533
2026-02-22 20:45+01:00,0.509737
2026-02-22 21:00+01:00,0.382701
2026-02-22 21:15+01:00,0.506508
2026-02-22 21:30+01:00,0.434098
2026-02-22 21:45+01:00,0.472883
2026-02-22 22:00+01:00,0.411583
2026-02-22 22:15+01:00,0.387295
2026-02-22 22:30+01:00,0.478293
2026-02-22 22:45+01:00,0.354717
2026-02-22 23:00+01:00,0.471469
2026-02-22 23:15+01:00,0.323718
2026-02-22 23:30+01:00,0.368631
2026-02-22 23:45+01:00,0.489627
2026-02-23 00:00+01:00,0.617412
2026-02-23 00:15+01:00,1.175562
2026-02-23 00:30+01:00,0.679454
2026-02-23 00:45+01:00,0.893399
2026-02-23 01:00+01:00,0.780372
2026-02-23 01:15+01:00,1.239796
2026-02-23 01:30+01:00,0.745217
2026-02-23 01:45+01:00,0.784928
2026-02-23 02:00+01:00,0.992059
2026-02-23 02:15+01:00,1.115272
2026-02-23 02:30+01:00,0.820880
2026-02-23 02:45+01:00,
2026-02-23 03:00+01:00,0.934980
2026-02-23 03:15+01:00,1.106586
2026-02-23 03:30+01:00,1.057653
2026-02-23 03:45+01:00,0.000000
2026-02-23 04:00+01:00,0.000000
2026-02-23 04:15+01:00,0.851594
2026-02-23 04:30+01:00,0.923207
2026-02-23 04:45+01:00,1.037126
2026-02-23 05:00+01:00,1.168040
2026-02-23 05:15+01:00,0.796991
2026-02-23 05:30+01:00,0.978923
2026-02-23 05:45+01:00,0.938635
2026-02-23 06:00+01:00,0.777876
2026-02-23 06:15+01:00,1.054216
2026-02-23 06:30+01:00,1.062499
2026-02-23 06:45+01:00,
2026-02-23 07:00+01:00,14.490681
2026-02-23 07:15+01:00,20.922815
2026-02-23 07:30+01:00,19.463884
2026-02-23 07:45+01:00,18.773846
2026-02-23 08:00+01:00,
2026-02-23 08:15+01:00,18.555818
2026-02-23 08:30+01:00,13.794980
2026-02-23 08:45+01:00,16.830008
2026-02-23 09:00+01:00,16.942508
2026-02-23 09:15+01:00,15.168023
2026-02-23 09:30+01:00,
2026-02-23 09:45+01:00,19.776133
2026-02-23 10:00+01:00,16.050659
2026-02-23 10:15+01:00,16.129764
2026-02-23 10:30+01:00,15.363413
2026-02-23 10:45+01:00,19.322371
2026-02-23 11:00+01:00,14.171965
2026-02-23 11:15+01:00,14.377833
2026-02-23 11:30+01:00,15.810963
2026-02-23 11:45+01:00,17.203216
2026-02-23 12:00+01:00,16.956649
2026-02-23 12:15+01:00,16.414623
2026-02-23 12:30+01:00,17.879709
2026-02-23 12:45+01:00,17.155561
2026-02-23 13:00+01:00,13.023711
2026-02-23 13:15+01:00,18.559640
2026-02-23 13:30+01:00,15.247513
2026-02-23 13:45+01:00,17.715702
2026-02-23 14:00+01:00,17.618216
2026-02-23 14:15+01:00,15.015339
2026-02-23 14:30+01:00,17.507345
2026-02-23 14:45+01:00,
2026-02-23 15:00+01:00,13.245970
2026-02-23 15:15+01:00,16.339351
2026-02-23 15:30+01:00,17.899182
2026-02-23 15:45+01:00,13.705519
2026-02-23 16:00+01:00,14.755653
2026-02-23 16:15+01:00,16.334660
2026-02-23 16:30+01:00,18.271882
2026-02-23 16:45+01:00,19.187932
2026-02-23 17:00+01:00,17.915359
2026-02-23 17:15+01:00,18.429399
2026-02-23 17:30+01:00,19.385577
2026-02-23 17:45+01:00,19.261190
2026-02-23 18:00+01:00,0.000000
2026-02-23 18:15+01:00,0.945479
2026-02-23 18:30+01:00,
2026-02-23 18:45+01:00,0.864600
2026-02-23 19:00+01:00,0.836597
2026-02-23 19:15+01:00,
2026-02-23 19:30+01:00,1.227812
2026-02-23 19:45+01:00,1.316957
2026-02-23 20:00+01:00,1.031322
2026-02-23 20:15+01:00,1.049651
2026-02-23 20:30+01:00,0.726322
2026-02-23 20:45+01:00,1.181598
2026-02-23 21:00+01:00,1.064260
2026-02-23 21:15+01:00,1.220575
2026-02-23 21:30+01:00,0.652632
2026-02-23 21:45+01:00,0.920856
2026-02-23 22:00+01:00,1.131893
2026-02-23 22:15+01:00,1.264778
2026-02-23 22:30+01:00,0.717347
2026-02-23 22:45+01:00,1.138835
2026-02-23 23:00+01:00,1.028711
2026-02-23 23:15+01:00,0.927697
2026-02-23 23:30+01:00,0.652350
2026-02-23 23:45+01:00,0.770485
2026-02-24 00:00+01:00,0.750441
2026-02-24 00:15+01:00,1.163251
2026-02-24 00:30+01:00,1.131588
2026-02-24 00:45+01:00,0.000000
2026-02-24 01:00+01:00,0.944404
2026-02-24 01:15+01:00,0.990569
2026-02-24 01:30+01:00,0.827680
2026-02-24 01:45+01:00,1.105128
2026-02-24 02:00+01:00,1.078614
2026-02-24 02:15+01:00,0.913232
2026-02-24 02:30+01:00,
2026-02-24 02:45+01:00,1.019928
2026-02-24 03:00+01:00,0.000000
2026-02-24 03:15+01:00,0.825253
2026-02-24 03:30+01:00,
2026-02-24 03:45+01:00,0.971360
2026-02-24 04:00+01:00,1.021374
2026-02-24 04:15+01:00,
2026-02-24 04:30+01:00,1.061872
2026-02-24 04:45+01:00,1.284478
2026-02-24 05:00+01:00,1.090710
2026-02-24 05:15+01:00,1.194655
2026-02-24 05:30+01:00,0.865132
2026-02-24 05:45+01:00,0.885110
2026-02-24 06:00+01:00,1.107231
2026-02-24 06:15+01:00,1.015982
2026-02-24 06:30+01:00,1.018603
2026-02-24 06:45+01:00,0.000000
2026-02-24 07:00+01:00,15.806560
2026-02-24 07:15+01:00,17.393577
2026-02-24 07:30+01:00,18.595441
2026-02-24 07:45+01:00,19.295180
2026-02-24 08:00+01:00,17.040152
2026-02-24 08:15+01:00,16.824045
2026-02-24 08:30+01:00,19.747239
2026-02-24 08:45+01:00,19.365029
2026-02-24 09:00+01:00,17.162279
2026-02-24 09:15+01:00,15.353674
2026-02-24 09:30+01:00,20.972338
2026-02-24 09:45+01:00,16.047061
2026-02-24 10:00+01:00,17.687403
2026-02-24 10:15+01:00,17.402712
2026-02-24 10:30+01:00,16.900372
2026-02-24 10:45+01:00,14.822921
2026-02-24 11:00+01:00,19.531877
2026-02-24 11:15+01:00,17.442534
2026-02-24 11:30+01:00,13.460917
2026-02-24 11:45+01:00,19.371061
2026-02-24 12:00+01:00,17.095406
2026-02-24 12:15+01:00,19.060340
2026-02-24 12:30+01:00,18.461219
2026-02-24 12:45+01:00,15.911770
2026-02-24 13:00+01:00,19.956698
2026-02-24 13:15+01:00,13.627256
2026-02-24 13:30+01:00,15.320536
2026-02-24 13:45+01:00,17.015676
2026-02-24 14:00+01:00,16.514698
2026-02-24 14:15+01:00,14.370266
2026-02-24 14:30+01:00,
2026-02-24 14:45+01:00,18.412442
2026-02-24 15:00+01:00,20.915966
2026-02-24 15:15+01:00,18.971176
2026-02-24 15:30+01:00,19.041844
2026-02-24 15:45+01:00,16.613515
2026-02-24 16:00+01:00,21.053256
2026-02-24 16:15+01:00,19.750368
2026-02-24 16:30+01:00,17.099926
2026-02-24 16:45+01:00,17.734567
2026-02-24 17:00+01:00,16.024118
2026-02-24 17:15+01:00,19.201926
2026-02-24 17:30+01:00,16.664667
2026-02-24 17:45+01:00,16.590021
2026-02-24 18:00+01:00,0.827240
2026-02-24 18:15+01:00,0.812549
2026-02-24 18:30+01:00,0.682098
2026-02-24 18:45+01:00,1.094352
2026-02-24 19:00+01:00,1.381385
2026-02-24 19:15+01:00,1.035679
2026-02-24 19:30+01:00,0.831293
2026-02-24 19:45+01:00,0.873269
2026-02-24 20:00+01:00,0.942886
2026-02-24 20:15+01:00,1.114336
2026-02-24 20:30+01:00,1.135115
2026-02-24 20:45+01:00,1.051715
2026-02-24 21:00+01:00,0.750343
2026-02-24 21:15+01:00,0.586135
2026-02-24 21:30+01:00,0.928399
2026-02-24 21:45+01:00,1.131022
2026-02-24 22:00+01:00,0.786330
2026-02-24 22:15+01:00,1.066256
2026-02-24 22:30+01:00,1.189074
2026-02-24 22:45+01:00,1.091406
2026-02-24 23:00+01:00,0.871509
2026-02-24 23:15+01:00,0.000000
2026-02-24 23:30+01:00,1.246373
2026-02-24 23:45+01:00,
2026-02-25 00:00+01:00,
2026-02-25 00:15+01:00,0.792836
2026-02-25 00:30+01:00,0.904736
2026-02-25 00:45+01:00,1.091262
2026-02-25 01:00+01:00,1.025821
2026-02-25 01:15+01:00,1.250594
2026-02-25 01:30+01:00,1.072057
2026-02-25 01:45+01:00,0.986745
2026-02-25 02:00+01:00,0.949375
2026-02-25 02:15+01:00,1.264384
2026-02-25 02:30+01:00,0.820142
2026-02-25 02:45+01:00,0.649210
2026-02-25 03:00+01:00,0.766546
2026-02-25 03:15+01:00,0.780767
2026-02-25 03:30+01:00,1.186336
2026-02-25 03:45+01:00,0.669131
2026-02-25 04:00+01:00,0.829270
2026-02-25 04:15+01:00,
2026-02-25 04:30+01:00,0.000000
2026-02-25 04:45+01:00,
2026-02-25 05:00+01:00,0.920400
2026-02-25 05:15+01:00,0.881678
2026-02-25 05:30+01:00,1.023292
2026-02-25 05:45+01:00,
2026-02-25 06:00+01:00,0.949032
2026-02-25 06:15+01:00,1.105873
2026-02-25 06:30+01:00,1.051996
2026-02-25 06:45+01:00,1.015213
2026-02-25 07:00+01:00,14.425860
2026-02-25 07:15+01:00,18.822935
2026-02-25 07:30+01:00,19.993404
2026-02-25 07:45+01:00,18.461107
2026-02-25 08:00+01:00,18.018835
2026-02-25 08:15+01:00,19.593193
2026-02-25 08:30+01:00,16.087104
2026-02-25 08:45+01:00,12.838715
2026-02-25 09:00+01:00,16.305357
2026-02-25 09:15+01:00,17.582696
2026-02-25 09:30+01:00,14.630142
2026-02-25 09:45+01:00,15.924992
2026-02-25 10:00+01:00,
2026-02-25 10:15+01:00,
2026-02-25 10:30+01:00,16.389422
2026-02-25 10:45+01:00,17.508801
2026-02-25 11:00+01:00,12.389899
2026-02-25 11:15+01:00,19.980112
2026-02-25 11:30+01:00,19.556689
2026-02-25 11:45+01:00,17.112673
2026-02-25 12:00+01:00,18.514109
2026-02-25 12:15+01:00,13.908914
2026-02-25 12:30+01:00,17.068437
2026-02-25 12:45+01:00,17.187233
2026-02-25 13:00+01:00,13.295824
2026-02-25 13:15+01:00,17.986588
2026-02-25 13:30+01:00,16.172901
2026-02-25 13:45+01:00,16.323944
2026-02-25 14:00+01:00,14.661977
2026-02-25 14:15+01:00,17.393718
2026-02-25 14:30+01:00,17.540501
2026-02-25 14:45+01:00,18.219175
2026-02-25 15:00+01:00,16.629482
2026-02-25 15:15+01:00,18.059643
2026-02-25 15:30+01:00,15.166863
2026-02-25 15:45+01:00,16.485301
2026-02-25 16:00+01:00,17.615540
2026-02-25 16:15+01:00,16.676993
2026-02-25 16:30+01:00,22.290052
2026-02-25 16:45+01:00,16.811387
2026-02-25 17:00+01:00,16.116264
2026-02-25 17:15+01:00,15.091068
2026-02-25 17:30+01:00,19.071889
2026-02-25 17:45+01:00,13.497222
2026-02-25 18:00+01:00,1.017740
2026-02-25 18:15+01:00,1.013366
2026-02-25 18:30+01:00,1.171846
2026-02-25 18:45+01:00,1.091917
2026-02-25 19:00+01:00,1.274895
2026-02-25 19:15+01:00,0.753094
2026-02-25 19:30+01:00,0.955616
2026-02-25 19:45+01:00,1.073995
2026-02-25 20:00+01:00,1.075012
2026-02-25 20:15+01:00,0.763725
2026-02-25 20:30+01:00,1.180259
2026-02-25 20:45+01:00,0.988115
2026-02-25 21:00+01:00,1.007425
2026-02-25 21:15+01:00,1.130329
2026-02-25 21:30+01:00,0.000000
2026-02-25 21:45+01:00,1.281863
2026-02-25 22:00+01:00,0.770576
2026-02-25 22:15+01:00,0.563046
2026-02-25 22:30+01:00,0.970354
2026-02-25 22:45+01:00,0.000000
2026-02-25 23:00+01:00,1.423748
2026-02-25 23:15+01:00,1.164890
2026-02-25 23:30+01:00,0.000000
2026-02-25 23:45+01:00,1.176588
2026-02-26 00:00+01:00,0.740218
2026-02-26 00:15+01:00,1.174120
2026-02-26 00:30+01:00,0.886326
2026-02-26 00:45+01:00,1.098306
2026-02-26 01:00+01:00,1.057021
2026-02-26 01:15+01:00,0.999054
2026-02-26 01:30+01:00,1.245117
2026-02-26 01:45+01:00,1.085989
2026-02-26 02:00+01:00,1.308756
2026-02-26 02:15+01:00,0.985142
2026-02-26 02:30+01:00,0.978595
2026-02-26 02:45+01:00,
2026-02-26 03:00+01:00,1.483638
2026-02-26 03:15+01:00,0.911903
2026-02-26 03:30+01:00,1.258720
2026-02-26 03:45+01:00,1.024523
2026-02-26 04:00+01:00,1.226995
2026-02-26 04:15+01:00,0.816041
2026-02-26 04:30+01:00,0.931071
2026-02-26 04:45+01:00,1.167257
2026-02-26 05:00+01:00,1.005153
2026-02-26 05:15+01:00,0.879199
2026-02-26 05:30+01:00,1.197398
2026-02-26 05:45+01:00,0.904915
2026-02-26 06:00+01:00,1.030077
2026-02-26 06:15+01:00,0.875713
2026-02-26 06:30+01:00,0.689023
2026-02-26 06:45+01:00,1.044244
2026-02-26 07:00+01:00,16.826432
2026-02-26 07:15+01:00,16.589020
2026-02-26 07:30+01:00,19.548649
2026-02-26 07:45+01:00,17.861189
2026-02-26 08:00+01:00,15.749720
2026-02-26 08:15+01:00,17.593754
2026-02-26 08:30+01:00,13.927872
2026-02-26 08:45+01:00,19.633676
2026-02-26 09:00+01:00,19.396914
2026-02-26 09:15+01:00,17.120363
2026-02-26 09:30+01:00,18.625998
2026-02-26 09:45+01:00,19.835306
2026-02-26 10:00+01:00,18.880590
2026-02-26 10:15+01:00,17.691217
2026-02-26 10:30+01:00,14.070949
2026-02-26 10:45+01:00,18.384504
2026-02-26 11:00+01:00,17.386861
2026-02-26 11:15+01:00,16.586623
2026-02-26 11:30+01:00,
2026-02-26 11:45+01:00,16.633718
2026-02-26 12:00+01:00,19.242396
2026-02-26 12:15+01:00,17.697525
2026-02-26 12:30+01:00,18.283759
2026-02-26 12:45+01:00,16.296341
2026-02-26 13:00+01:00,17.201249
2026-02-26 13:15+01:00,15.980917
2026-02-26 13:30+01:00,14.550352
2026-02-26 13:45+01:00,19.624360
2026-02-26 14:00+01:00,19.510122
2026-02-26 14:15+01:00,14.800840
2026-02-26 14:30+01:00,18.450933
2026-02-26 14:45+01:00,17.900716
2026-02-26 15:00+01:00,16.496344
2026-02-26 15:15+01:00,18.233644
2026-02-26 15:30+01:00,15.297894
2026-02-26 15:45+01:00,16.290436
2026-02-26 16:00+01:00,
2026-02-26 16:15+01:00,16.222140
2026-02-26 16:30+01:00,17.094171
2026-02-26 16:45+01:00,14.545729
2026-02-26 17:00+01:00,19.013147
2026-02-26 17:15+01:00,19.416305
2026-02-26 17:30+01:00,19.371718
2026-02-26 17:45+01:00,16.904995
2026-02-26 18:00+01:00,0.927226
2026-02-26 18:15+01:00,0.989901
2026-02-26 18:30+01:00,0.843325
2026-02-26 18:45+01:00,1.036597
2026-02-26 19:00+01:00,0.000000
2026-02-26 19:15+01:00,1.344607
2026-02-26 19:30+01:00,1.001965
2026-02-26 19:45+01:00,0.978612
2026-02-26 20:00+01:00,1.022770
2026-02-26 20:15+01:00,1.041119
2026-02-26 20:30+01:00,1.047499
2026-02-26 20:45+01:00,1.198718
2026-02-26 21:00+01:00,1.147868
2026-02-26 21:15+01:00,1.228100
2026-02-26 21:30+01:00,0.834917
2026-02-26 21:45+01:00,1.000060
2026-02-26 22:00+01:00,0.795012
2026-02-26 22:15+01:00,
2026-02-26 22:30+01:00,1.172694
2026-02-26 22:45+01:00,1.169386
2026-02-26 23:00+01:00,0.783100
2026-02-26 23:15+01:00,1.094418
2026-02-26 23:30+01:00,1.011987
2026-02-26 23:45+01:00,1.342711
2026-02-27 00:00+01:00,1.024578
2026-02-27 00:15+01:00,0.922082
2026-02-27 00:30+01:00,1.054315
2026-02-27 00:45+01:00,1.114426
2026-02-27 01:00+01:00,1.237938
2026-02-27 01:15+01:00,0.874482
2026-02-27 01:30+01:00,0.895323
2026-02-27 01:45+01:00,1.055895
2026-02-27 02:00+01:00,0.000000
2026-02-27 02:15+01:00,0.940948
2026-02-27 02:30+01:00,1.046822
2026-02-27 02:45+01:00,1.244088
2026-02-27 03:00+01:00,1.260105
2026-02-27 03:15+01:00,1.176901
2026-02-27 03:30+01:00,1.191756
2026-02-27 03:45+01:00,1.257211
2026-02-27 04:00+01:00,0.776313
2026-02-27 04:15+01:00,1.174540
2026-02-27 04:30+01:00,0.937270
2026-02-27 04:45+01:00,1.372160
2026-02-27 05:00+01:00,0.910215
2026-02-27 05:15+01:00,0.954937
2026-02-27 05:30+01:00,0.972204
2026-02-27 05:45+01:00,0.683630
2026-02-27 06:00+01:00,1.023880
2026-02-27 06:15+01:00,0.767909
2026-02-27 06:30+01:00,1.064247
2026-02-27 06:45+01:00,0.000000
2026-02-27 07:00+01:00,15.780513
2026-02-27 07:15+01:00,17.104153
2026-02-27 07:30+01:00,13.740083
2026-02-27 07:45+01:00,18.814292
2026-02-27 08:00+01:00,18.680588
2026-02-27 08:15+01:00,19.792725
2026-02-27 08:30+01:00,17.896448
2026-02-27 08:45+01:00,16.504217
2026-02-27 09:00+01:00,15.484432
2026-02-27 09:15+01:00,19.947394
2026-02-27 09:30+01:00,16.632530
2026-02-27 09:45+01:00,19.726647
2026-02-27 10:00+01:00,17.105950
2026-02-27 10:15+01:00,13.533498
2026-02-27 10:30+01:00,18.206778
2026-02-27 10:45+01:00,14.923823
2026-02-27 11:00+01:00,19.272021
2026-02-27 11:15+01:00,20.202931
2026-02-27 11:30+01:00,16.501845
2026-02-27 11:45+01:00,15.953735
2026-02-27 12:00+01:00,16.033779
2026-02-27 12:15+01:00,16.581330
2026-02-27 12:30+01:00,20.544063
2026-02-27 12:45+01:00,16.924639
2026-02-27 13:00+01:00,16.110222
2026-02-27 13:15+01:00,16.823752
2026-02-27 13:30+01:00,18.603296
2026-02-27 13:45+01:00,19.394216
2026-02-27 14:00+01:00,15.879698
2026-02-27 14:15+01:00,14.899603
2026-02-27 14:30+01:00,16.670657
2026-02-27 14:45+01:00,15.584142
2026-02-27 15:00+01:00,17.103069
2026-02-27 15:15+01:00,15.785149
2026-02-27 15:30+01:00,20.031157
2026-02-27 15:45+01:00,18.708695
2026-02-27 16:00+01:00,15.642721
2026-02-27 16:15+01:00,16.458671
2026-02-27 16:30+01:00,15.101781
2026-02-27 16:45+01:00,19.207711
2026-02-27 17:00+01:00,18.435034
2026-02-27 17:15+01:00,14.439851
2026-02-27 17:30+01:00,13.553448
2026-02-27 17:45+01:00,14.808156
2026-02-27 18:00+01:00,1.081286
2026-02-27 18:15+01:00,
2026-02-27 18:30+01:00,0.891647
2026-02-27 18:45+01:00,1.207471
2026-02-27 19:00+01:00,1.045049
2026-02-27 19:15+01:00,1.149920
2026-02-27 19:30+01:00,0.783187
2026-02-27 19:45+01:00,0.953323
2026-02-27 20:00+01:00,1.069899
2026-02-27 20:15+01:00,0.714893
2026-02-27 20:30+01:00,0.938305
2026-02-27 20:45+01:00,1.116281
2026-02-27 21:00+01:00,1.052944
2026-02-27 21:15+01:00,1.031968
2026-02-27 21:30+01:00,0.738887
2026-02-27 21:45+01:00,0.831488
2026-02-27 22:00+01:00,1.009107
2026-02-27 22:15+01:00,1.074477
2026-02-27 22:30+01:00,1.038123
2026-02-27 22:45+01:00,0.739198
2026-02-27 23:00+01:00,0.986612
2026-02-27 23:15+01:00,1.013586
2026-02-27 23:30+01:00,0.984276
2026-02-27 23:45+01:00,0.836789
2026-02-28 00:00+01:00,1.202804
2026-02-28 00:15+01:00,0.447988
2026-02-28 00:30+01:00,0.489493
2026-02-28 00:45+01:00,0.537631
2026-02-28 01:00+01:00,0.000000
2026-02-28 01:15+01:00,0.608630
2026-02-28 01:30+01:00,0.404604
2026-02-28 01:45+01:00,0.401589
2026-02-28 02:00+01:00,0.415211
2026-02-28 02:15+01:00,0.409631
2026-02-28 02:30+01:00,0.348510
2026-02-28 02:45+01:00,0.679892
2026-02-28 03:00+01:00,0.564046
2026-02-28 03:15+01:00,0.347132
2026-02-28 03:30+01:00,0.582588
2026-02-28 03:45+01:00,0.482802
2026-02-28 04:00+01:00,0.503765
2026-02-28 04:15+01:00,0.621483
2026-02-28 04:30+01:00,0.354853
2026-02-28 04:45+01:00,0.386752
2026-02-28 05:00+01:00,0.438055
2026-02-28 05:15+01:00,0.480916
2026-02-28 05:30+01:00,0.386431
2026-02-28 05:45+01:00,0.606162
2026-02-28 06:00+01:00,0.632278
2026-02-28 06:15+01:00,0.000000
2026-02-28 06:30+01:00,0.533492
2026-02-28 06:45+01:00,0.348263
2026-02-28 07:00+01:00,0.339554
2026-02-28 07:15+01:00,0.000000
2026-02-28 07:30+01:00,0.730495
2026-02-28 07:45+01:00,0.441397
2026-02-28 08:00+01:00,0.493227
2026-02-28 08:15+01:00,0.429647
2026-02-28 08:30+01:00,0.679905
2026-02-28 08:45+01:00,0.685416
2026-02-28 09:00+01:00,0.400417
2026-02-28 09:15+01:00,0.432774
2026-02-28 09:30+01:00,0.499378
2026-02-28 09:45+01:00,0.393059
2026-02-28 10:00+01:00,0.383667
2026-02-28 10:15+01:00,0.366416
2026-02-28 10:30+01:00,0.561924
2026-02-28 10:45+01:00,
2026-02-28 11:00+01:00,0.428462
2026-02-28 11:15+01:00,0.390461
2026-02-28 11:30+01:00,0.477572
2026-02-28 11:45+01:00,0.413296
2026-02-28 12:00+01:00,0.461201
2026-02-28 12:15+01:00,0.000000
2026-02-28 12:30+01:00,0.469619
2026-02-28 12:45+01:00,0.607756
2026-02-28 13:00+01:00,0.446598
2026-02-28 13:15+01:00,0.441002
2026-02-28 13:30+01:00,0.000000
2026-02-28 13:45+01:00,0.506695
2026-02-28 14:00+01:00,0.756295
2026-02-28 14:15+01:00,0.674588
2026-02-28 14:30+01:00,0.487984
2026-02-28 14:45+01:00,0.447305
2026-02-28 15:00+01:00,0.540660
2026-02-28 15:15+01:00,0.439265
2026-02-28 15:30+01:00,0.695486
2026-02-28 15:45+01:00,0.579561
2026-02-28 16:00+01:00,0.435709
2026-02-28 16:15+01:00,0.443205
2026-02-28 16:30+01:00,0.469340
2026-02-28 16:45+01:00,0.490988
2026-02-28 17:00+01:00,0.435050
2026-02-28 17:15+01:00,0.605789
2026-02-28 17:30+01:00,0.407408
2026-02-28 17:45+01:00,0.395793
2026-02-28 18:00+01:00,0.433208
2026-02-28 18:15+01:00,0.583758
2026-02-28 18:30+01:00,0.336895
2026-02-28 18:45+01:00,0.513694
2026-02-28 19:00+01:00,0.393161
2026-02-28 19:15+01:00,0.522833
2026-02-28 19:30+01:00,0.530408
2026-02-28 19:45+01:00,0.000000
2026-02-28 20:00+01:00,
2026-02-28 20:15+01:00,0.391742
2026-02-28 20:30+01:00,0.361717
2026-02-28 20:45+01:00,0.442639
2026-02-28 21:00+01:00,0.431370
2026-02-28 21:15+01:00,0.465612
2026-02-28 21:30+01:00,0.657125
2026-02-28 21:45+01:00,0.000000
2026-02-28 22:00+01:00,0.523562
2026-02-28 22:15+01:00,0.562303
2026-02-28 22:30+01:00,0.552279
2026-02-28 22:45+01:00,0.592718
2026-02-28 23:00+01:00,0.454481
2026-02-28 23:15+01:00,0.509195
2026-02-28 23:30+01:00,0.528778
2026-02-28 23:45+01:00,0.536297
2026-03-01 00:00+01:00,0.566213
2026-03-01 00:15+01:00,0.628091
2026-03-01 00:30+01:00,0.391466
2026-03-01 00:45+01:00,0.425671
2026-03-01 01:00+01:00,0.726082
2026-03-01 01:15+01:00,0.468154
2026-03-01 01:30+01:00,0.314969
2026-03-01 01:45+01:00,0.565432
2026-03-01 02:00+01:00,0.475956
2026-03-01 02:15+01:00,0.408278
2026-03-01 02:30+01:00,0.463864
2026-03-01 02:45+01:00,0.500794
2026-03-01 03:00+01:00,0.586222
2026-03-01 03:15+01:00,0.388961
2026-03-01 03:30+01:00,0.612547
2026-03-01 03:45+01:00,0.392314
2026-03-01 04:00+01:00,0.513042
2026-03-01 04:15+01:00,0.464036
2026-03-01 04:30+01:00,0.434730
2026-03-01 04:45+01:00,0.410239
2026-03-01 05:00+01:00,0.448742
2026-03-01 05:15+01:00,0.449107
2026-03-01 05:30+01:00,0.544386
2026-03-01 05:45+01:00,0.531222
2026-03-01 06:00+01:00,0.528522
2026-03-01 06:15+01:00,0.461692
2026-03-01 06:30+01:00,0.518777
2026-03-01 06:45+01:00,0.504077
2026-03-01 07:00+01:00,0.492070
2026-03-01 07:15+01:00,0.556131
2026-03-01 07:30+01:00,0.540075
2026-03-01 07:45+01:00,
2026-03-01 08:00+01:00,0.457670
2026-03-01 08:15+01:00,
2026-03-01 08:30+01:00,0.544152
2026-03-01 08:45+01:00,0.392070
2026-03-01 09:00+01:00,0.428155
2026-03-01 09:15+01:00,0.516515
2026-03-01 09:30+01:00,0.434342
2026-03-01 09:45+01:00,0.609267
2026-03-01 10:00+01:00,0.476746
2026-03-01 10:15+01:00,
2026-03-01 10:30+01:00,
2026-03-01 10:45+01:00,
2026-03-01 11:00+01:00,
2026-03-01 11:15+01:00,
2026-03-01 11:30+01:00,
2026-03-01 11:45+01:00,
2026-03-01 12:00+01:00,
2026-03-01 12:15+01:00,
2026-03-01 12:30+01:00,
2026-03-01 12:45+01:00,
2026-03-01 13:00+01:00,
2026-03-01 13:15+01:00,
2026-03-01 13:30+01:00,
2026-03-01 13:45+01:00,
2026-03-01 14:00+01:00,0.497362
2026-03-01 14:15+01:00,0.536470
2026-03-01 14:30+01:00,0.320825
2026-03-01 14:45+01:00,0.387338
2026-03-01 15:00+01:00,0.639648
2026-03-01 15:15+01:00,0.418059
2026-03-01 15:30+01:00,0.582063
2026-03-01 15:45+01:00,0.565593
2026-03-01 16:00+01:00,0.473972
2026-03-01 16:15+01:00,0.433891
2026-03-01 16:30+01:00,0.530341
2026-03-01 16:45+01:00,0.529174
2026-03-01 17:00+01:00,0.482793
2026-03-01 17:15+01:00,0.418753
2026-03-01 17:30+01:00,0.615615
2026-03-01 17:45+01:00,0.578924
2026-03-01 18:00+01:00,0.504437
2026-03-01 18:15+01:00,0.347452
2026-03-01 18:30+01:00,0.668400
2026-03-01 18:45+01:00,0.529322
2026-03-01 19:00+01:00,0.512146
2026-03-01 19:15+01:00,0.593485
2026-03-01 19:30+01:00,
2026-03-01 19:45+01:00,0.580786
2026-03-01 20:00+01:00,0.326188
2026-03-01 20:15+01:00,0.484129
2026-03-01 20:30+01:00,0.437290
2026-03-01 20:45+01:00,0.467478
2026-03-01 21:00+01:00,0.408386
2026-03-01 21:15+01:00,
2026-03-01 21:30+01:00,0.435513
2026-03-01 21:45+01:00,0.569094
2026-03-01 22:00+01:00,0.431938
2026-03-01 22:15+01:00,0.529119
2026-03-01 22:30+01:00,
2026-03-01 22:45+01:00,0.450824
2026-03-01 23:00+01:00,0.506289
2026-03-01 23:15+01:00,0.491471
2026-03-01 23:30+01:00,0.513257
2026-03-01 23:45+01:00,0.000000
2026-03-02 00:00+01:00,0.433471
2026-03-02 00:15+01:00,0.799207
2026-03-02 00:30+01:00,0.803104
2026-03-02 00:45+01:00,0.886007
2026-03-02 01:00+01:00,0.585105
2026-03-02 01:15+01:00,0.905752
2026-03-02 01:30+01:00,1.412268
2026-03-02 01:45+01:00,0.949329
2026-03-02 02:00+01:00,0.754776
2026-03-02 02:15+01:00,1.004347
2026-03-02 02:30+01:00,1.254227
2026-03-02 02:45+01:00,0.875996
2026-03-02 03:00+01:00,1.177219
2026-03-02 03:15+01:00,0.592320
2026-03-02 03:30+01:00,0.830272
2026-03-02 03:45+01:00,1.004479
2026-03-02 04:00+01:00,0.975260
2026-03-02 04:15+01:00,
2026-03-02 04:30+01:00,0.584005
2026-03-02 04:45+01:00,1.000186
2026-03-02 05:00+01:00,0.897822
2026-03-02 05:15+01:00,1.195952
2026-03-02 05:30+01:00,0.573455
2026-03-02 05:45+01:00,0.894936
2026-03-02 06:00+01:00,1.100468
2026-03-02 06:15+01:00,1.666695
2026-03-02 06:30+01:00,0.720041
2026-03-02 06:45+01:00,1.038893
2026-03-02 07:00+01:00,18.166194
2026-03-02 07:15+01:00,16.059608
2026-03-02 07:30+01:00,16.410507
2026-03-02 07:45+01:00,15.565088
2026-03-02 08:00+01:00,18.482052
2026-03-02 08:15+01:00,20.024089
2026-03-02 08:30+01:00,15.292472
2026-03-02 08:45+01:00,15.470195
2026-03-02 09:00+01:00,16.132285
2026-03-02 09:15+01:00,16.779982
2026-03-02 09:30+01:00,16.554217
2026-03-02 09:45+01:00,14.190062
2026-03-02 10:00+01:00,18.426716
2026-03-02 10:15+01:00,14.882993
2026-03-02 10:30+01:00,
2026-03-02 10:45+01:00,16.793243
2026-03-02 11:00+01:00,18.854300
2026-03-02 11:15+01:00,15.940593
2026-03-02 11:30+01:00,19.339625
2026-03-02 11:45+01:00,18.752425
2026-03-02 12:00+01:00,18.577974
2026-03-02 12:15+01:00,19.254665
2026-03-02 12:30+01:00,13.749708
2026-03-02 12:45+01:00,17.404330
2026-03-02 13:00+01:00,19.235152
2026-03-02 13:15+01:00,16.453847
2026-03-02 13:30+01:00,17.431494
2026-03-02 13:45+01:00,
2026-03-02 14:00+01:00,14.513236
2026-03-02 14:15+01:00,18.048831
2026-03-02 14:30+01:00,17.005560
2026-03-02 14:45+01:00,18.535207
2026-03-02 15:00+01:00,16.341397
2026-03-02 15:15+01:00,21.132589
2026-03-02 15:30+01:00,15.473500
2026-03-02 15:45+01:00,17.691454
2026-03-02 16:00+01:00,15.411488
2026-03-02 16:15+01:00,18.065820
2026-03-02 16:30+01:00,13.709596
2026-03-02 16:45+01:00,17.513683
2026-03-02 17:00+01:00,14.150031
2026-03-02 17:15+01:00,17.510776
2026-03-02 17:30+01:00,
2026-03-02 17:45+01:00,19.116340
2026-03-02 18:00+01:00,1.140167
2026-03-02 18:15+01:00,1.618035
2026-03-02 18:30+01:00,0.988250
2026-03-02 18:45+01:00,0.671240
2026-03-02 19:00+01:00,0.733120
2026-03-02 19:15+01:00,0.875454
2026-03-02 19:30+01:00,0.945054
2026-03-02 19:45+01:00,0.869967
2026-03-02 20:00+01:00,1.234886
2026-03-02 20:15+01:00,1.088175
2026-03-02 20:30+01:00,0.926045
2026-03-02 20:45+01:00,0.917169
2026-03-02 21:00+01:00,1.253731
2026-03-02 21:15+01:00,1.024022
2026-03-02 21:30+01:00,1.018516
2026-03-02 21:45+01:00,0.841792
2026-03-02 22:00+01:00,1.019770
2026-03-02 22:15+01:00,0.726071
2026-03-02 22:30+01:00,1.221744
2026-03-02 22:45+01:00,1.207698
2026-03-02 23:00+01:00,0.718198
2026-03-02 23:15+01:00,
2026-03-02 23:30+01:00,0.819060
2026-03-02 23:45+01:00,1.314467
2026-03-03 00:00+01:00,0.947303
2026-03-03 00:15+01:00,0.000000
2026-03-03 00:30+01:00,0.941892
2026-03-03 00:45+01:00,1.174421
2026-03-03 01:00+01:00,0.917850
2026-03-03 01:15+01:00,1.162098
2026-03-03 01:30+01:00,0.957135
2026-03-03 01:45+01:00,1.092588
2026-03-03 02:00+01:00,0.000000
2026-03-03 02:15+01:00,0.620759
2026-03-03 02:30+01:00,1.008139
2026-03-03 02:45+01:00,0.891035
2026-03-03 03:00+01:00,0.622606
2026-03-03 03:15+01:00,1.090743
2026-03-03 03:30+01:00,0.733888
2026-03-03 03:45+01:00,0.482940
2026-03-03 04:00+01:00,0.894776
2026-03-03 04:15+01:00,1.049507
2026-03-03 04:30+01:00,0.803211
2026-03-03 04:45+01:00,1.000327
2026-03-03 05:00+01:00,0.971772
2026-03-03 05:15+01:00,0.960842
2026-03-03 05:30+01:00,0.972415
2026-03-03 05:45+01:00,1.192447
2026-03-03 06:00+01:00,1.028938
2026-03-03 06:15+01:00,0.885082
2026-03-03 06:30+01:00,0.749660
2026-03-03 06:45+01:00,
2026-03-03 07:00+01:00,16.338783
2026-03-03 07:15+01:00,16.500043
2026-03-03 07:30+01:00,18.097736
2026-03-03 07:45+01:00,16.106854
2026-03-03 08:00+01:00,14.478160
2026-03-03 08:15+01:00,18.124167
2026-03-03 08:30+01:00,18.557749
2026-03-03 08:45+01:00,17.479525
2026-03-03 09:00+01:00,14.743813
2026-03-03 09:15+01:00,16.129089
2026-03-03 09:30+01:00,16.830438
2026-03-03 09:45+01:00,16.147651
2026-03-03 10:00+01:00,17.278225
2026-03-03 10:15+01:00,14.145004
2026-03-03 10:30+01:00,17.009832
2026-03-03 10:45+01:00,18.509887
2026-03-03 11:00+01:00,15.375927
2026-03-03 11:15+01:00,17.954166
2026-03-03 11:30+01:00,16.543281
2026-03-03 11:45+01:00,17.867087
2026-03-03 12:00+01:00,13.446017
2026-03-03 12:15+01:00,18.567118
2026-03-03 12:30+01:00,18.525014
2026-03-03 12:45+01:00,18.414858
2026-03-03 13:00+01:00,17.449527
2026-03-03 13:15+01:00,15.668463
2026-03-03 13:30+01:00,17.529406
2026-03-03 13:45+01:00,19.652736
2026-03-03 14:00+01:00,
2026-03-03 14:15+01:00,16.830310
2026-03-03 14:30+01:00,14.320782
2026-03-03 14:45+01:00,17.960539
2026-03-03 15:00+01:00,18.382052
2026-03-03 15:15+01:00,15.373221
2026-03-03 15:30+01:00,16.083150
2026-03-03 15:45+01:00,19.381181
2026-03-03 16:00+01:00,15.360259
2026-03-03 16:15+01:00,15.212428
2026-03-03 16:30+01:00,22.140975
2026-03-03 16:45+01:00,18.099953
2026-03-03 17:00+01:00,17.502552
2026-03-03 17:15+01:00,19.415290
2026-03-03 17:30+01:00,16.047641
2026-03-03 17:45+01:00,17.495900
2026-03-03 18:00+01:00,0.840613
2026-03-03 18:15+01:00,0.930307
2026-03-03 18:30+01:00,1.136303
2026-03-03 18:45+01:00,0.729802
2026-03-03 19:00+01:00,0.957344
2026-03-03 19:15+01:00,1.017798
2026-03-03 19:30+01:00,0.756531
2026-03-03 19:45+01:00,1.027268
2026-03-03 20:00+01:00,
2026-03-03 20:15+01:00,0.975271
2026-03-03 20:30+01:00,0.567200
2026-03-03 20:45+01:00,1.217902
2026-03-03 21:00+01:00,0.628496
2026-03-03 21:15+01:00,0.691651
2026-03-03 21:30+01:00,0.807229
2026-03-03 21:45+01:00,
2026-03-03 22:00+01:00,1.563478
2026-03-03 22:15+01:00,1.133098
2026-03-03 22:30+01:00,0.921225
2026-03-03 22:45+01:00,1.064139
2026-03-03 23:00+01:00,0.820704
2026-03-03 23:15+01:00,
2026-03-03 23:30+01:00,1.092670
2026-03-03 23:45+01:00,1.039407
2026-03-04 00:00+01:00,0.959272
2026-03-04 00:15+01:00,0.967233
2026-03-04 00:30+01:00,0.000000
2026-03-04 00:45+01:00,1.032781
2026-03-04 01:00+01:00,1.269440
2026-03-04 01:15+01:00,
2026-03-04 01:30+01:00,0.921933
2026-03-04 01:45+01:00,1.170525
2026-03-04 02:00+01:00,0.796498
2026-03-04 02:15+01:00,0.910178
2026-03-04 02:30+01:00,1.011664
2026-03-04 02:45+01:00,
2026-03-04 03:00+01:00,1.052893
2026-03-04 03:15+01:00,0.843939
2026-03-04 03:30+01:00,1.062048
2026-03-04 03:45+01:00,1.229143
2026-03-04 04:00+01:00,0.825888
2026-03-04 04:15+01:00,0.968055
2026-03-04 04:30+01:00,0.977368
2026-03-04 04:45+01:00,0.000000
2026-03-04 05:00+01:00,0.876038
2026-03-04 05:15+01:00,1.017829
2026-03-04 05:30+01:00,0.891508
2026-03-04 05:45+01:00,1.337124
2026-03-04 06:00+01:00,0.793028
2026-03-04 06:15+01:00,0.902841
2026-03-04 06:30+01:00,0.942200
2026-03-04 06:45+01:00,0.835413
2026-03-04 07:00+01:00,17.362962
2026-03-04 07:15+01:00,15.828115
2026-03-04 07:30+01:00,17.062090
2026-03-04 07:45+01:00,17.498722
2026-03-04 08:00+01:00,15.542123
2026-03-04 08:15+01:00,16.873192
2026-03-04 08:30+01:00,20.405064
2026-03-04 08:45+01:00,18.538898
2026-03-04 09:00+01:00,17.382090
2026-03-04 09:15+01:00,15.512706
2026-03-04 09:30+01:00,13.967247
2026-03-04 09:45+01:00,15.846587
2026-03-04 10:00+01:00,16.417596
2026-03-04 10:15+01:00,15.041141
2026-03-04 10:30+01:00,16.185050
2026-03-04 10:45+01:00,19.491298
2026-03-04 11:00+01:00,17.433900
2026-03-04 11:15+01:00,17.460520
2026-03-04 11:30+01:00,16.957197
2026-03-04 11:45+01:00,16.299826
2026-03-04 12:00+01:00,19.668143
2026-03-04 12:15+01:00,19.787270
2026-03-04 12:30+01:00,16.360717
2026-03-04 12:45+01:00,15.285311
2026-03-04 13:00+01:00,17.665298
2026-03-04 13:15+01:00,18.995361
2026-03-04 13:30+01:00,15.943884
2026-03-04 13:45+01:00,15.593243
2026-03-04 14:00+01:00,14.593114
2026-03-04 14:15+01:00,18.888763
2026-03-04 14:30+01:00,16.068922
2026-03-04 14:45+01:00,18.580125
2026-03-04 15:00+01:00,16.612800
2026-03-04 15:15+01:00,18.191501
2026-03-04 15:30+01:00,16.588890
2026-03-04 15:45+01:00,16.946131
2026-03-04 16:00+01:00,14.962714
2026-03-04 16:15+01:00,18.383056
2026-03-04 16:30+01:00,19.541689
2026-03-04 16:45+01:00,17.815183
2026-03-04 17:00+01:00,14.903217
2026-03-04 17:15+01:00,19.688795
2026-03-04 17:30+01:00,17.939819
2026-03-04 17:45+01:00,16.441022
2026-03-04 18:00+01:00,0.737098
2026-03-04 18:15+01:00,0.796823
2026-03-04 18:30+01:00,1.290855
2026-03-04 18:45+01:00,0.636509
2026-03-04 19:00+01:00,0.935156
2026-03-04 19:15+01:00,0.793229
2026-03-04 19:30+01:00,0.957748
2026-03-04 19:45+01:00,0.917032
2026-03-04 20:00+01:00,1.204549
2026-03-04 20:15+01:00,0.860131
2026-03-04 20:30+01:00,0.992618
2026-03-04 20:45+01:00,0.973479
2026-03-04 21:00+01:00,0.952432
2026-03-04 21:15+01:00,0.620782
2026-03-04 21:30+01:00,0.947863
2026-03-04 21:45+01:00,0.988999
2026-03-04 22:00+01:00,0.742345
2026-03-04 22:15+01:00,0.991135
2026-03-04 22:30+01:00,0.890080
2026-03-04 22:45+01:00,0.884091
2026-03-04 23:00+01:00,0.854330
2026-03-04 23:15+01:00,0.000000
2026-03-04 23:30+01:00,0.910512
2026-03-04 23:45+01:00,0.898539
2026-03-05 00:00+01:00,1.217836
2026-03-05 00:15+01:00,0.854947
2026-03-05 00:30+01:00,0.643707
2026-03-05 00:45+01:00,0.675084
2026-03-05 01:00+01:00,0.678016
2026-03-05 01:15+01:00,0.863228
2026-03-05 01:30+01:00,1.402672
2026-03-05 01:45+01:00,
2026-03-05 02:00+01:00,0.630041
2026-03-05 02:15+01:00,0.798903
2026-03-05 02:30+01:00,0.685010
2026-03-05 02:45+01:00,1.578583
2026-03-05 03:00+01:00,0.728748
2026-03-05 03:15+01:00,0.867693
2026-03-05 03:30+01:00,1.031636
2026-03-05 03:45+01:00,
2026-03-05 04:00+01:00,0.924989
2026-03-05 04:15+01:00,0.846566
2026-03-05 04:30+01:00,0.668079
2026-03-05 04:45+01:00,0.988232
2026-03-05 05:00+01:00,0.835104
2026-03-05 05:15+01:00,
2026-03-05 05:30+01:00,1.008113
2026-03-05 05:45+01:00,0.778417
2026-03-05 06:00+01:00,
2026-03-05 06:15+01:00,1.176027
2026-03-05 06:30+01:00,0.884905
2026-03-05 06:45+01:00,0.966492
2026-03-05 07:00+01:00,19.790221
2026-03-05 07:15+01:00,15.980373
2026-03-05 07:30+01:00,16.613615
2026-03-05 07:45+01:00,13.268024
2026-03-05 08:00+01:00,16.651533
2026-03-05 08:15+01:00,16.500877
2026-03-05 08:30+01:00,18.379738
2026-03-05 08:45+01:00,17.307781
2026-03-05 09:00+01:00,17.050106
2026-03-05 09:15+01:00,18.145871
2026-03-05 09:30+01:00,14.154204
2026-03-05 09:45+01:00,15.259316
2026-03-05 10:00+01:00,12.882814
2026-03-05 10:15+01:00,15.200100
2026-03-05 10:30+01:00,16.998532
2026-03-05 10:45+01:00,15.239776
2026-03-05 11:00+01:00,15.623655
2026-03-05 11:15+01:00,13.316828
2026-03-05 11:30+01:00,14.652856
2026-03-05 11:45+01:00,14.782609
2026-03-05 12:00+01:00,17.137376
2026-03-05 12:15+01:00,16.965054
2026-03-05 12:30+01:00,14.418019
2026-03-05 12:45+01:00,16.123404
2026-03-05 13:00+01:00,
2026-03-05 13:15+01:00,16.808803
2026-03-05 13:30+01:00,16.038078
2026-03-05 13:45+01:00,17.495854
2026-03-05 14:00+01:00,17.396261
2026-03-05 14:15+01:00,16.792506
2026-03-05 14:30+01:00,13.268587
2026-03-05 14:45+01:00,15.606546
2026-03-05 15:00+01:00,15.296057
2026-03-05 15:15+01:00,16.487550
2026-03-05 15:30+01:00,20.116060
2026-03-05 15:45+01:00,16.350473
2026-03-05 16:00+01:00,15.993308
2026-03-05 16:15+01:00,16.377185
2026-03-05 16:30+01:00,14.546625
2026-03-05 16:45+01:00,17.902865
2026-03-05 17:00+01:00,19.227111
2026-03-05 17:15+01:00,16.788537
2026-03-05 17:30+01:00,17.856219
2026-03-05 17:45+01:00,16.932897
2026-03-05 18:00+01:00,0.831861
2026-03-05 18:15+01:00,0.783654
2026-03-05 18:30+01:00,0.000000
2026-03-05 18:45+01:00,1.360881
2026-03-05 19:00+01:00,0.841806
2026-03-05 19:15+01:00,1.032712
2026-03-05 19:30+01:00,0.901089
2026-03-05 19:45+01:00,1.373001
2026-03-05 20:00+01:00,0.854125
2026-03-05 20:15+01:00,0.882016
2026-03-05 20:30+01:00,0.712503
2026-03-05 20:45+01:00,1.275510
2026-03-05 21:00+01:00,1.125846
2026-03-05 21:15+01:00,0.630094
2026-03-05 21:30+01:00,1.292569
2026-03-05 21:45+01:00,1.061373
2026-03-05 22:00+01:00,1.286161
2026-03-05 22:15+01:00,
2026-03-05 22:30+01:00,1.121834
2026-03-05 22:45+01:00,1.158080
2026-03-05 23:00+01:00,0.958058
2026-03-05 23:15+01:00,0.917054
2026-03-05 23:30+01:00,0.990318
2026-03-05 23:45+01:00,0.717393
2026-03-06 00:00+01:00,0.660672
2026-03-06 00:15+01:00,0.688547
2026-03-06 00:30+01:00,0.829193
2026-03-06 00:45+01:00,0.000000
2026-03-06 01:00+01:00,
2026-03-06 01:15+01:00,1.021194
2026-03-06 01:30+01:00,0.842314
2026-03-06 01:45+01:00,1.080902
2026-03-06 02:00+01:00,0.895235
2026-03-06 02:15+01:00,1.416555
2026-03-06 02:30+01:00,0.967671
2026-03-06 02:45+01:00,1.031950
2026-03-06 03:00+01:00,0.721936
2026-03-06 03:15+01:00,0.951818
2026-03-06 03:30+01:00,
2026-03-06 03:45+01:00,0.000000
2026-03-06 04:00+01:00,0.936160
2026-03-06 04:15+01:00,0.772477
2026-03-06 04:30+01:00,1.186991
2026-03-06 04:45+01:00,0.891374
2026-03-06 05:00+01:00,1.091227
2026-03-06 05:15+01:00,1.126635
2026-03-06 05:30+01:00,1.139090
2026-03-06 05:45+01:00,0.869706
2026-03-06 06:00+01:00,1.337791
2026-03-06 06:15+01:00,0.975497
2026-03-06 06:30+01:00,1.033177
2026-03-06 06:45+01:00,1.160778
2026-03-06 07:00+01:00,18.640808
2026-03-06 07:15+01:00,21.234239
2026-03-06 07:30+01:00,16.152003
2026-03-06 07:45+01:00,
2026-03-06 08:00+01:00,17.455785
2026-03-06 08:15+01:00,18.472352
2026-03-06 08:30+01:00,
2026-03-06 08:45+01:00,16.420987
2026-03-06 09:00+01:00,19.704917
2026-03-06 09:15+01:00,18.799064
2026-03-06 09:30+01:00,18.718369
2026-03-06 09:45+01:00,16.327848
2026-03-06 10:00+01:00,19.508391
2026-03-06 10:15+01:00,13.718307
2026-03-06 10:30+01:00,17.265536
2026-03-06 10:45+01:00,19.316455
2026-03-06 11:00+01:00,14.856250
2026-03-06 11:15+01:00,16.600471
2026-03-06 11:30+01:00,16.495287
2026-03-06 11:45+01:00,15.994554
2026-03-06 12:00+01:00,17.203715
2026-03-06 12:15+01:00,17.105420
2026-03-06 12:30+01:00,18.370840
2026-03-06 12:45+01:00,15.871200
2026-03-06 13:00+01:00,17.337138
2026-03-06 13:15+01:00,18.774738
2026-03-06 13:30+01:00,15.290961
2026-03-06 13:45+01:00,19.373008
2026-03-06 14:00+01:00,17.999726
2026-03-06 14:15+01:00,
2026-03-06 14:30+01:00,15.943298
2026-03-06 14:45+01:00,14.824896
2026-03-06 15:00+01:00,
2026-03-06 15:15+01:00,16.382122
2026-03-06 15:30+01:00,17.263207
2026-03-06 15:45+01:00,17.897999
2026-03-06 16:00+01:00,18.258149
2026-03-06 16:15+01:00,17.060937
2026-03-06 16:30+01:00,18.168590
2026-03-06 16:45+01:00,17.930564
2026-03-06 17:00+01:00,18.721659
2026-03-06 17:15+01:00,17.107867
2026-03-06 17:30+01:00,12.038438
2026-03-06 17:45+01:00,15.185857
2026-03-06 18:00+01:00,0.000000
2026-03-06 18:15+01:00,1.237819
2026-03-06 18:30+01:00,1.146594
2026-03-06 18:45+01:00,0.837113
2026-03-06 19:00+01:00,0.759422
2026-03-06 19:15+01:00,1.142823
2026-03-06 19:30+01:00,0.708915
2026-03-06 19:45+01:00,0.896452
2026-03-06 20:00+01:00,1.078517
2026-03-06 20:15+01:00,1.057024
2026-03-06 20:30+01:00,1.083817
2026-03-06 20:45+01:00,0.911892
2026-03-06 21:00+01:00,1.261523
2026-03-06 21:15+01:00,0.941522
2026-03-06 21:30+01:00,1.654052
2026-03-06 21:45+01:00,0.823773
2026-03-06 22:00+01:00,0.918690
2026-03-06 22:15+01:00,1.170610
2026-03-06 22:30+01:00,0.702233
2026-03-06 22:45+01:00,
2026-03-06 23:00+01:00,0.756300
2026-03-06 23:15+01:00,0.710114
2026-03-06 23:30+01:00,0.882459
2026-03-06 23:45+01:00,
2026-03-07 00:00+01:00,
2026-03-07 00:15+01:00,0.597479
2026-03-07 00:30+01:00,0.639386
2026-03-07 00:45+01:00,0.548709
2026-03-07 01:00+01:00,0.000000
2026-03-07 01:15+01:00,0.421312
2026-03-07 01:30+01:00,0.000000
2026-03-07 01:45+01:00,0.731280
2026-03-07 02:00+01:00,0.511663
2026-03-07 02:15+01:00,
2026-03-07 02:30+01:00,0.338725
2026-03-07 02:45+01:00,0.355642
2026-03-07 03:00+01:00,0.000000
2026-03-07 03:15+01:00,0.569748
2026-03-07 03:30+01:00,0.612035
2026-03-07 03:45+01:00,0.000000
2026-03-07 04:00+01:00,0.482925
2026-03-07 04:15+01:00,0.503333
2026-03-07 04:30+01:00,0.429794
2026-03-07 04:45+01:00,0.536497
2026-03-07 05:00+01:00,0.334690
2026-03-07 05:15+01:00,0.385074
2026-03-07 05:30+01:00,0.509169
2026-03-07 05:45+01:00,0.530243
2026-03-07 06:00+01:00,0.622036
2026-03-07 06:15+01:00,0.434489
2026-03-07 06:30+01:00,0.291103
2026-03-07 06:45+01:00,0.493625
2026-03-07 07:00+01:00,0.451902
2026-03-07 07:15+01:00,0.510510
2026-03-07 07:30+01:00,0.519347
2026-03-07 07:45+01:00,0.504946
2026-03-07 08:00+01:00,0.437938
2026-03-07 08:15+01:00,0.411880
2026-03-07 08:30+01:00,0.720626
2026-03-07 08:45+01:00,0.411062
2026-03-07 09:00+01:00,0.000000
2026-03-07 09:15+01:00,0.495141
2026-03-07 09:30+01:00,0.642973
2026-03-07 09:45+01:00,0.402378
2026-03-07 10:00+01:00,0.390554
2026-03-07 10:15+01:00,
2026-03-07 10:30+01:00,0.600454
2026-03-07 10:45+01:00,0.538914
2026-03-07 11:00+01:00,0.455105
2026-03-07 11:15+01:00,0.438676
2026-03-07 11:30+01:00,0.419889
2026-03-07 11:45+01:00,0.581300
2026-03-07 12:00+01:00,0.689715
2026-03-07 12:15+01:00,0.471904
2026-03-07 12:30+01:00,0.477530
2026-03-07 12:45+01:00,0.605783
2026-03-07 13:00+01:00,0.711325
2026-03-07 13:15+01:00,0.429140
2026-03-07 13:30+01:00,0.609522
2026-03-07 13:45+01:00,0.592596
2026-03-07 14:00+01:00,0.000000
2026-03-07 14:15+01:00,0.565834
2026-03-07 14:30+01:00,0.447586
2026-03-07 14:45+01:00,0.530630
2026-03-07 15:00+01:00,0.000000
2026-03-07 15:15+01:00,0.596934
2026-03-07 15:30+01:00,0.484875
2026-03-07 15:45+01:00,0.580654
2026-03-07 16:00+01:00,0.427552
2026-03-07 16:15+01:00,0.500411
2026-03-07 16:30+01:00,0.455815
2026-03-07 16:45+01:00,0.530684
2026-03-07 17:00+01:00,0.499398
2026-03-07 17:15+01:00,0.465899
2026-03-07 17:30+01:00,0.367935
2026-03-07 17:45+01:00,0.560471
2026-03-07 18:00+01:00,0.426673
2026-03-07 18:15+01:00,0.472495
2026-03-07 18:30+01:00,0.560158
2026-03-07 18:45+01:00,0.617031
2026-03-07 19:00+01:00,0.323939
2026-03-07 19:15+01:00,0.255687
2026-03-07 19:30+01:00,0.611319
2026-03-07 19:45+01:00,0.369654
2026-03-07 20:00+01:00,0.622800
2026-03-07 20:15+01:00,0.581279
2026-03-07 20:30+01:00,0.577560
2026-03-07 20:45+01:00,0.378448
2026-03-07 21:00+01:00,0.662418
2026-03-07 21:15+01:00,0.513191
2026-03-07 21:30+01:00,0.272463
2026-03-07 21:45+01:00,0.000000
2026-03-07 22:00+01:00,0.546228
2026-03-07 22:15+01:00,0.462992
2026-03-07 22:30+01:00,0.392361
2026-03-07 22:45+01:00,0.552982
2026-03-07 23:00+01:00,0.502994
2026-03-07 23:15+01:00,0.359901
2026-03-07 23:30+01:00,0.346386
2026-03-07 23:45+01:00,0.395329
2026-03-08 00:00+01:00,0.499941
2026-03-08 00:15+01:00,
2026-03-08 00:30+01:00,0.465997
2026-03-08 00:45+01:00,0.471158
2026-03-08 01:00+01:00,0.564313
2026-03-08 01:15+01:00,0.489980
2026-03-08 01:30+01:00,0.611239
2026-03-08 01:45+01:00,0.395356
2026-03-08 02:00+01:00,0.449418
2026-03-08 02:15+01:00,0.420188
2026-03-08 02:30+01:00,0.472187
2026-03-08 02:45+01:00,0.514422
2026-03-08 03:00+01:00,0.383559
2026-03-08 03:15+01:00,0.392871
2026-03-08 03:30+01:00,0.557259
2026-03-08 03:45+01:00,0.353409
2026-03-08 04:00+01:00,0.589259
2026-03-08 04:15+01:00,0.470232
2026-03-08 04:30+01:00,0.493117
2026-03-08 04:45+01:00,0.358771
2026-03-08 05:00+01:00,0.488838
2026-03-08 05:15+01:00,0.359627
2026-03-08 05:30+01:00,0.472564
2026-03-08 05:45+01:00,0.527269
2026-03-08 06:00+01:00,0.355562
2026-03-08 06:15+01:00,0.472704
2026-03-08 06:30+01:00,0.453614
2026-03-08 06:45+01:00,0.410990
2026-03-08 07:00+01:00,0.321762
2026-03-08 07:15+01:00,0.508434
2026-03-08 07:30+01:00,0.422608
2026-03-08 07:45+01:00,0.473809
2026-03-08 08:00+01:00,0.551580
2026-03-08 08:15+01:00,0.272753
2026-03-08 08:30+01:00,0.546868
2026-03-08 08:45+01:00,0.494310
2026-03-08 09:00+01:00,0.465629
2026-03-08 09:15+01:00,0.398326
2026-03-08 09:30+01:00,0.499928
2026-03-08 09:45+01:00,0.545723
2026-03-08 10:00+01:00,0.639326
2026-03-08 10:15+01:00,0.562043
2026-03-08 10:30+01:00,0.000000
2026-03-08 10:45+01:00,0.647707
2026-03-08 11:00+01:00,0.486184
2026-03-08 11:15+01:00,0.000000
2026-03-08 11:30+01:00,0.428801
2026-03-08 11:45+01:00,0.478833
2026-03-08 12:00+01:00,0.507311
2026-03-08 12:15+01:00,0.425403
2026-03-08 12:30+01:00,0.554323
2026-03-08 12:45+01:00,0.000000
2026-03-08 13:00+01:00,0.500495
2026-03-08 13:15+01:00,0.692195
2026-03-08 13:30+01:00,0.409298
2026-03-08 13:45+01:00,0.439162
2026-03-08 14:00+01:00,0.622579
2026-03-08 14:15+01:00,0.468793
2026-03-08 14:30+01:00,0.549803
2026-03-08 14:45+01:00,0.553786
2026-03-08 15:00+01:00,
2026-03-08 15:15+01:00,0.434307
2026-03-08 15:30+01:00,0.517577
2026-03-08 15:45+01:00,0.000000
2026-03-08 16:00+01:00,0.431998
2026-03-08 16:15+01:00,0.356594
2026-03-08 16:30+01:00,0.467833
2026-03-08 16:45+01:00,0.292363
2026-03-08 17:00+01:00,0.629114
2026-03-08 17:15+01:00,0.466034
2026-03-08 17:30+01:00,0.000000
2026-03-08 17:45+01:00,0.490212
2026-03-08 18:00+01:00,
2026-03-08 18:15+01:00,0.535603
2026-03-08 18:30+01:00,0.460604
2026-03-08 18:45+01:00,0.432544
2026-03-08 19:00+01:00,0.508160
2026-03-08 19:15+01:00,0.439020
2026-03-08 19:30+01:00,0.552137
2026-03-08 19:45+01:00,0.494825
2026-03-08 20:00+01:00,0.568301
2026-03-08 20:15+01:00,0.479214
2026-03-08 20:30+01:00,
2026-03-08 20:45+01:00,0.535424
2026-03-08 21:00+01:00,0.389962
2026-03-08 21:15+01:00,0.302969
2026-03-08 21:30+01:00,0.501124
2026-03-08 21:45+01:00,0.670479
2026-03-08 22:00+01:00,0.559217
2026-03-08 22:15+01:00,0.502449
2026-03-08 22:30+01:00,0.564915
2026-03-08 22:45+01:00,0.431265
2026-03-08 23:00+01:00,0.414826
2026-03-08 23:15+01:00,
2026-03-08 23:30+01:00,0.460580
2026-03-08 23:45+01:00,0.453587
2026-03-09 00:00+01:00,0.283223
2026-03-09 00:15+01:00,0.722030
2026-03-09 00:30+01:00,1.381929
2026-03-09 00:45+01:00,0.784624
2026-03-09 01:00+01:00,0.992706
2026-03-09 01:15+01:00,0.887379
2026-03-09 01:30+01:00,1.262751
2026-03-09 01:45+01:00,0.657158
2026-03-09 02:00+01:00,6.425658
2026-03-09 02:15+01:00,
2026-03-09 02:30+01:00,
2026-03-09 02:45+01:00,1.160979
2026-03-09 03:00+01:00,0.703508
2026-03-09 03:15+01:00,0.930836
2026-03-09 03:30+01:00,1.166059
2026-03-09 03:45+01:00,1.049025
2026-03-09 04:00+01:00,0.927353
2026-03-09 04:15+01:00,1.139778
2026-03-09 04:30+01:00,0.788419
2026-03-09 04:45+01:00,1.191475
2026-03-09 05:00+01:00,1.140189
2026-03-09 05:15+01:00,0.928945
2026-03-09 05:30+01:00,1.062589
2026-03-09 05:45+01:00,0.898107
2026-03-09 06:00+01:00,1.062203
2026-03-09 06:15+01:00,0.915847
2026-03-09 06:30+01:00,1.166839
2026-03-09 06:45+01:00,1.146504
2026-03-09 07:00+01:00,15.621476
2026-03-09 07:15+01:00,14.931266
2026-03-09 07:30+01:00,20.639860
2026-03-09 07:45+01:00,14.199569
2026-03-09 08:00+01:00,18.150316
2026-03-09 08:15+01:00,16.540697
2026-03-09 08:30+01:00,17.698380
2026-03-09 08:45+01:00,18.555911
2026-03-09 09:00+01:00,18.141048
2026-03-09 09:15+01:00,13.283738
2026-03-09 09:30+01:00,
2026-03-09 09:45+01:00,19.928500
2026-03-09 10:00+01:00,21.408031
2026-03-09 10:15+01:00,19.080891
2026-03-09 10:30+01:00,17.083026
2026-03-09 10:45+01:00,19.401059
2026-03-09 11:00+01:00,14.871112
2026-03-09 11:15+01:00,
2026-03-09 11:30+01:00,18.634520
2026-03-09 11:45+01:00,18.441251
2026-03-09 12:00+01:00,13.031876
2026-03-09 12:15+01:00,16.056268
2026-03-09 12:30+01:00,16.677413
2026-03-09 12:45+01:00,
2026-03-09 13:00+01:00,19.366659
2026-03-09 13:15+01:00,18.197425
2026-03-09 13:30+01:00,16.051608
2026-03-09 13:45+01:00,14.564166
2026-03-09 14:00+01:00,18.072213
2026-03-09 14:15+01:00,17.921169
2026-03-09 14:30+01:00,19.931310
2026-03-09 14:45+01:00,14.819504
2026-03-09 15:00+01:00,17.212052
2026-03-09 15:15+01:00,15.061409
2026-03-09 15:30+01:00,14.680152
2026-03-09 15:45+01:00,19.533951
2026-03-09 16:00+01:00,17.883520
2026-03-09 16:15+01:00,17.828754
2026-03-09 16:30+01:00,15.281738
2026-03-09 16:45+01:00,12.873540
2026-03-09 17:00+01:00,17.692051
2026-03-09 17:15+01:00,15.605699
2026-03-09 17:30+01:00,18.855466
2026-03-09 17:45+01:00,16.168318
2026-03-09 18:00+01:00,0.941982
2026-03-09 18:15+01:00,1.093577
2026-03-09 18:30+01:00,0.925017
2026-03-09 18:45+01:00,0.889361
2026-03-09 19:00+01:00,5.064941
2026-03-09 19:15+01:00,1.146002
2026-03-09 19:30+01:00,0.870949
2026-03-09 19:45+01:00,1.042402
2026-03-09 20:00+01:00,
2026-03-09 20:15+01:00,0.948641
2026-03-09 20:30+01:00,1.122060
2026-03-09 20:45+01:00,0.728844
2026-03-09 21:00+01:00,0.959088
2026-03-09 21:15+01:00,1.205494
2026-03-09 21:30+01:00,0.925974
2026-03-09 21:45+01:00,0.793229
2026-03-09 22:00+01:00,0.782964
2026-03-09 22:15+01:00,0.977063
2026-03-09 22:30+01:00,0.987840
2026-03-09 22:45+01:00,1.125381
2026-03-09 23:00+01:00,0.800755
2026-03-09 23:15+01:00,0.708506
2026-03-09 23:30+01:00,0.993503
2026-03-09 23:45+01:00,0.882819
2026-03-10 00:00+01:00,1.143701
2026-03-10 00:15+01:00,1.611243
2026-03-10 00:30+01:00,1.074445
2026-03-10 00:45+01:00,1.044464
2026-03-10 01:00+01:00,0.629938
2026-03-10 01:15+01:00,1.170007
2026-03-10 01:30+01:00,1.169214
2026-03-10 01:45+01:00,0.936249
2026-03-10 02:00+01:00,0.580195
2026-03-10 02:15+01:00,0.957717
2026-03-10 02:30+01:00,0.890129
2026-03-10 02:45+01:00,1.258274
2026-03-10 03:00+01:00,1.109719
2026-03-10 03:15+01:00,0.690137
2026-03-10 03:30+01:00,1.015898
2026-03-10 03:45+01:00,0.888262
2026-03-10 04:00+01:00,1.088513
2026-03-10 04:15+01:00,0.000000
2026-03-10 04:30+01:00,
2026-03-10 04:45+01:00,1.054890
2026-03-10 05:00+01:00,1.027223
2026-03-10 05:15+01:00,1.184236
2026-03-10 05:30+01:00,0.779790
2026-03-10 05:45+01:00,1.512344
2026-03-10 06:00+01:00,0.951149
2026-03-10 06:15+01:00,0.774676
2026-03-10 06:30+01:00,0.982372
2026-03-10 06:45+01:00,0.792721
2026-03-10 07:00+01:00,16.715544
2026-03-10 07:15+01:00,17.619598
2026-03-10 07:30+01:00,13.556647
2026-03-10 07:45+01:00,18.202933
2026-03-10 08:00+01:00,16.215466
2026-03-10 08:15+01:00,18.532977
2026-03-10 08:30+01:00,19.476309
2026-03-10 08:45+01:00,18.913138
2026-03-10 09:00+01:00,16.706967
2026-03-10 09:15+01:00,16.093428
2026-03-10 09:30+01:00,13.916480
2026-03-10 09:45+01:00,13.931943
2026-03-10 10:00+01:00,
2026-03-10 10:15+01:00,15.416685
2026-03-10 10:30+01:00,20.673007
2026-03-10 10:45+01:00,19.445833
2026-03-10 11:00+01:00,17.235783
2026-03-10 11:15+01:00,14.475246
2026-03-10 11:30+01:00,17.842338
2026-03-10 11:45+01:00,20.127909
2026-03-10 12:00+01:00,20.544390
2026-03-10 12:15+01:00,17.077980
2026-03-10 12:30+01:00,16.680029
2026-03-10 12:45+01:00,17.853653
2026-03-10 13:00+01:00,15.943142
2026-03-10 13:15+01:00,17.395701
2026-03-10 13:30+01:00,17.948962
2026-03-10 13:45+01:00,14.619081
2026-03-10 14:00+01:00,19.534977
2026-03-10 14:15+01:00,18.811941
2026-03-10 14:30+01:00,19.062729
2026-03-10 14:45+01:00,16.633714
2026-03-10 15:00+01:00,17.542216
2026-03-10 15:15+01:00,18.317724
2026-03-10 15:30+01:00,15.502627
2026-03-10 15:45+01:00,16.441945
2026-03-10 16:00+01:00,16.424106
2026-03-10 16:15+01:00,14.178479
2026-03-10 16:30+01:00,12.831979
2026-03-10 16:45+01:00,15.506004
2026-03-10 17:00+01:00,
2026-03-10 17:15+01:00,16.156702
2026-03-10 17:30+01:00,18.532344
2026-03-10 17:45+01:00,15.887804
2026-03-10 18:00+01:00,0.715405
2026-03-10 18:15+01:00,0.923532
2026-03-10 18:30+01:00,0.755634
2026-03-10 18:45+01:00,0.826302
2026-03-10 19:00+01:00,0.669405
2026-03-10 19:15+01:00,0.889609
2026-03-10 19:30+01:00,0.788879
2026-03-10 19:45+01:00,0.963729
2026-03-10 20:00+01:00,1.102092
2026-03-10 20:15+01:00,0.772865
2026-03-10 20:30+01:00,0.896242
2026-03-10 20:45+01:00,1.224226
2026-03-10 21:00+01:00,1.118780
2026-03-10 21:15+01:00,0.879999
2026-03-10 21:30+01:00,0.745975
2026-03-10 21:45+01:00,1.160688
2026-03-10 22:00+01:00,
2026-03-10 22:15+01:00,1.054329
2026-03-10 22:30+01:00,1.106613
2026-03-10 22:45+01:00,1.045384
2026-03-10 23:00+01:00,0.984052
2026-03-10 23:15+01:00,1.198223
2026-03-10 23:30+01:00,1.086031
2026-03-10 23:45+01:00,1.001598
2026-03-11 00:00+01:00,1.063464
2026-03-11 00:15+01:00,0.000000
2026-03-11 00:30+01:00,0.000000
2026-03-11 00:45+01:00,1.099449
2026-03-11 01:00+01:00,1.270667
2026-03-11 01:15+01:00,1.048563
2026-03-11 01:30+01:00,0.773291
2026-03-11 01:45+01:00,0.858147
2026-03-11 02:00+01:00,0.900489
2026-03-11 02:15+01:00,0.643207
2026-03-11 02:30+01:00,0.670494
2026-03-11 02:45+01:00,1.024851
2026-03-11 03:00+01:00,1.157057
2026-03-11 03:15+01:00,1.032864
2026-03-11 03:30+01:00,0.832676
2026-03-11 03:45+01:00,1.188588
2026-03-11 04:00+01:00,0.000000
2026-03-11 04:15+01:00,0.000000
2026-03-11 04:30+01:00,0.980032
2026-03-11 04:45+01:00,1.092098
2026-03-11 05:00+01:00,
2026-03-11 05:15+01:00,
2026-03-11 05:30+01:00,0.839454
2026-03-11 05:45+01:00,0.760583
2026-03-11 06:00+01:00,1.026612
2026-03-11 06:15+01:00,0.000000
2026-03-11 06:30+01:00,1.103225
2026-03-11 06:45+01:00,1.145431
2026-03-11 07:00+01:00,16.689512
2026-03-11 07:15+01:00,16.175866
2026-03-11 07:30+01:00,15.374216
2026-03-11 07:45+01:00,16.382172
2026-03-11 08:00+01:00,
2026-03-11 08:15+01:00,16.920815
2026-03-11 08:30+01:00,17.354603
2026-03-11 08:45+01:00,19.319639
2026-03-11 09:00+01:00,20.851666
2026-03-11 09:15+01:00,18.570716
2026-03-11 09:30+01:00,18.389831
2026-03-11 09:45+01:00,17.419913
2026-03-11 10:00+01:00,16.127937
2026-03-11 10:15+01:00,16.642745
2026-03-11 10:30+01:00,17.365854
2026-03-11 10:45+01:00,18.528516
2026-03-11 11:00+01:00,18.548445
2026-03-11 11:15+01:00,18.528464
2026-03-11 11:30+01:00,16.264385
2026-03-11 11:45+01:00,19.437307
2026-03-11 12:00+01:00,
2026-03-11 12:15+01:00,15.942118
2026-03-11 12:30+01:00,17.494730
2026-03-11 12:45+01:00,17.568965
2026-03-11 13:00+01:00,16.164421
2026-03-11 13:15+01:00,18.024369
2026-03-11 13:30+01:00,18.486192
2026-03-11 13:45+01:00,19.573265
2026-03-11 14:00+01:00,16.514651
2026-03-11 14:15+01:00,16.036014
2026-03-11 14:30+01:00,
2026-03-11 14:45+01:00,18.078050
2026-03-11 15:00+01:00,
2026-03-11 15:15+01:00,17.497303
2026-03-11 15:30+01:00,14.915000
2026-03-11 15:45+01:00,15.778947
2026-03-11 16:00+01:00,15.517673
2026-03-11 16:15+01:00,15.730395
2026-03-11 16:30+01:00,17.860935
2026-03-11 16:45+01:00,18.697297
2026-03-11 17:00+01:00,18.535495
2026-03-11 17:15+01:00,13.593206
2026-03-11 17:30+01:00,14.581559
2026-03-11 17:45+01:00,14.715095
2026-03-11 18:00+01:00,1.217742
2026-03-11 18:15+01:00,1.033798
2026-03-11 18:30+01:00,0.000000
2026-03-11 18:45+01:00,1.099385
2026-03-11 19:00+01:00,1.027842
2026-03-11 19:15+01:00,1.083413
2026-03-11 19:30+01:00,0.919791
2026-03-11 19:45+01:00,1.029273
2026-03-11 20:00+01:00,0.786291
2026-03-11 20:15+01:00,1.124576
2026-03-11 20:30+01:00,0.928869
2026-03-11 20:45+01:00,0.852588
2026-03-11 21:00+01:00,0.777302
2026-03-11 21:15+01:00,0.000000
2026-03-11 21:30+01:00,0.871700
2026-03-11 21:45+01:00,0.940496
2026-03-11 22:00+01:00,1.046918
2026-03-11 22:15+01:00,1.132794
2026-03-11 22:30+01:00,0.916694
2026-03-11 22:45+01:00,0.952761
2026-03-11 23:00+01:00,1.147466
2026-03-11 23:15+01:00,0.962877
2026-03-11 23:30+01:00,1.140438
2026-03-11 23:45+01:00,0.601668
2026-03-12 00:00+01:00,1.041871
2026-03-12 00:15+01:00,0.822878
2026-03-12 00:30+01:00,1.134994
2026-03-12 00:45+01:00,0.913732
2026-03-12 01:00+01:00,0.915621
2026-03-12 01:15+01:00,0.644618
2026-03-12 01:30+01:00,0.729911
2026-03-12 01:45+01:00,0.970850
2026-03-12 02:00+01:00,0.705808
2026-03-12 02:15+01:00,1.242813
2026-03-12 02:30+01:00,1.248811
2026-03-12 02:45+01:00,0.772348
2026-03-12 03:00+01:00,1.009697
2026-03-12 03:15+01:00,0.801787
2026-03-12 03:30+01:00,1.114159
2026-03-12 03:45+01:00,0.942959
2026-03-12 04:00+01:00,0.779383
2026-03-12 04:15+01:00,0.000000
2026-03-12 04:30+01:00,0.903535
2026-03-12 04:45+01:00,1.368465
2026-03-12 05:00+01:00,1.005547
2026-03-12 05:15+01:00,1.464888
2026-03-12 05:30+01:00,1.264654
2026-03-12 05:45+01:00,0.999393
2026-03-12 06:00+01:00,0.943254
2026-03-12 06:15+01:00,0.803551
2026-03-12 06:30+01:00,1.008814
2026-03-12 06:45+01:00,0.869759
2026-03-12 07:00+01:00,16.418137
2026-03-12 07:15+01:00,
2026-03-12 07:30+01:00,20.068145
2026-03-12 07:45+01:00,15.876257
2026-03-12 08:00+01:00,15.524057
2026-03-12 08:15+01:00,16.634224
2026-03-12 08:30+01:00,13.535041
2026-03-12 08:45+01:00,16.646045
2026-03-12 09:00+01:00,14.050557
2026-03-12 09:15+01:00,14.715014
2026-03-12 09:30+01:00,17.380717
2026-03-12 09:45+01:00,17.902865
2026-03-12 10:00+01:00,13.922271
2026-03-12 10:15+01:00,14.406662
2026-03-12 10:30+01:00,18.280232
2026-03-12 10:45+01:00,21.186722
2026-03-12 11:00+01:00,19.281428
2026-03-12 11:15+01:00,14.058711
2026-03-12 11:30+01:00,15.013151
2026-03-12 11:45+01:00,14.174881
2026-03-12 12:00+01:00,15.340579
2026-03-12 12:15+01:00,18.074774
2026-03-12 12:30+01:00,18.892235
2026-03-12 12:45+01:00,17.451887
2026-03-12 13:00+01:00,16.435153
2026-03-12 13:15+01:00,12.716575
2026-03-12 13:30+01:00,15.785739
2026-03-12 13:45+01:00,18.912623
2026-03-12 14:00+01:00,
2026-03-12 14:15+01:00,14.293127
2026-03-12 14:30+01:00,17.900791
2026-03-12 14:45+01:00,16.554764
2026-03-12 15:00+01:00,18.547901
2026-03-12 15:15+01:00,18.125236
2026-03-12 15:30+01:00,18.739098
2026-03-12 15:45+01:00,13.764600
2026-03-12 16:00+01:00,17.594582
2026-03-12 16:15+01:00,21.405831
2026-03-12 16:30+01:00,19.070992
2026-03-12 16:45+01:00,
2026-03-12 17:00+01:00,19.177340
2026-03-12 17:15+01:00,18.943624
2026-03-12 17:30+01:00,18.434510
2026-03-12 17:45+01:00,17.671462
2026-03-12 18:00+01:00,1.049637
2026-03-12 18:15+01:00,1.128826
2026-03-12 18:30+01:00,1.182297
2026-03-12 18:45+01:00,0.810819
2026-03-12 19:00+01:00,0.699339
2026-03-12 19:15+01:00,0.901859
2026-03-12 19:30+01:00,0.809391
2026-03-12 19:45+01:00,1.020285
2026-03-12 20:00+01:00,0.929553
2026-03-12 20:15+01:00,0.696104
2026-03-12 20:30+01:00,0.000000
2026-03-12 20:45+01:00,1.133123
2026-03-12 21:00+01:00,1.111189
2026-03-12 21:15+01:00,1.115272
2026-03-12 21:30+01:00,0.981535
2026-03-12 21:45+01:00,1.054748
2026-03-12 22:00+01:00,0.794515
2026-03-12 22:15+01:00,0.902624
2026-03-12 22:30+01:00,1.095884
2026-03-12 22:45+01:00,1.280890
2026-03-12 23:00+01:00,0.997180
2026-03-12 23:15+01:00,1.370366
2026-03-12 23:30+01:00,0.776458
2026-03-12 23:45+01:00,0.871328
2026-03-13 00:00+01:00,0.894256
2026-03-13 00:15+01:00,0.997132
2026-03-13 00:30+01:00,1.130223
2026-03-13 00:45+01:00,0.000000
2026-03-13 01:00+01:00,0.666637
2026-03-13 01:15+01:00,0.864157
2026-03-13 01:30+01:00,
2026-03-13 01:45+01:00,0.732564
2026-03-13 02:00+01:00,0.851445
2026-03-13 02:15+01:00,1.208405
2026-03-13 02:30+01:00,0.721399
2026-03-13 02:45+01:00,1.056988
2026-03-13 03:00+01:00,0.806599
2026-03-13 03:15+01:00,0.501733
2026-03-13 03:30+01:00,0.630175
2026-03-13 03:45+01:00,
2026-03-13 04:00+01:00,1.280211
2026-03-13 04:15+01:00,1.172315
2026-03-13 04:30+01:00,1.021557
2026-03-13 04:45+01:00,0.974663
2026-03-13 05:00+01:00,0.947100
2026-03-13 05:15+01:00,1.141471
2026-03-13 05:30+01:00,1.057449
2026-03-13 05:45+01:00,0.000000
2026-03-13 06:00+01:00,0.968080
2026-03-13 06:15+01:00,1.201776
2026-03-13 06:30+01:00,0.731259
2026-03-13 06:45+01:00,0.931571
2026-03-13 07:00+01:00,14.939690
2026-03-13 07:15+01:00,16.573209
2026-03-13 07:30+01:00,19.785795
2026-03-13 07:45+01:00,17.103332
2026-03-13 08:00+01:00,13.773583
2026-03-13 08:15+01:00,16.581412
2026-03-13 08:30+01:00,
2026-03-13 08:45+01:00,17.733989
2026-03-13 09:00+01:00,
2026-03-13 09:15+01:00,18.687723
2026-03-13 09:30+01:00,17.483967
2026-03-13 09:45+01:00,15.878241
2026-03-13 10:00+01:00,16.711249
2026-03-13 10:15+01:00,17.135109
2026-03-13 10:30+01:00,18.160210
2026-03-13 10:45+01:00,21.525403
2026-03-13 11:00+01:00,14.037696
2026-03-13 11:15+01:00,
2026-03-13 11:30+01:00,18.663050
2026-03-13 11:45+01:00,15.174098
2026-03-13 12:00+01:00,17.001701
2026-03-13 12:15+01:00,16.036377
2026-03-13 12:30+01:00,
2026-03-13 12:45+01:00,17.910900
2026-03-13 13:00+01:00,20.816872
2026-03-13 13:15+01:00,18.989566
2026-03-13 13:30+01:00,19.080588
2026-03-13 13:45+01:00,17.316344
2026-03-13 14:00+01:00,15.530635
2026-03-13 14:15+01:00,19.324036
2026-03-13 14:30+01:00,19.772917
2026-03-13 14:45+01:00,15.420397
2026-03-13 15:00+01:00,13.729737
2026-03-13 15:15+01:00,15.095212
2026-03-13 15:30+01:00,13.939985
2026-03-13 15:45+01:00,16.400922
2026-03-13 16:00+01:00,17.051050
2026-03-13 16:15+01:00,17.792584
2026-03-13 16:30+01:00,14.024582
2026-03-13 16:45+01:00,19.470880
2026-03-13 17:00+01:00,18.957172
2026-03-13 17:15+01:00,17.751595
2026-03-13 17:30+01:00,17.618296
2026-03-13 17:45+01:00,18.516148
2026-03-13 18:00+01:00,1.038954
2026-03-13 18:15+01:00,0.843995
2026-03-13 18:30+01:00,0.916869
2026-03-13 18:45+01:00,0.994040
2026-03-13 19:00+01:00,0.927741
2026-03-13 19:15+01:00,0.000000
2026-03-13 19:30+01:00,
2026-03-13 19:45+01:00,0.930186
2026-03-13 20:00+01:00,0.951244
2026-03-13 20:15+01:00,0.910454
2026-03-13 20:30+01:00,1.331625
2026-03-13 20:45+01:00,0.751466
2026-03-13 21:00+01:00,0.863122
2026-03-13 21:15+01:00,0.000000
2026-03-13 21:30+01:00,0.606163
2026-03-13 21:45+01:00,0.998589
2026-03-13 22:00+01:00,0.879618
2026-03-13 22:15+01:00,0.801753
2026-03-13 22:30+01:00,0.971150
2026-03-13 22:45+01:00,1.047037
2026-03-13 23:00+01:00,1.030319
2026-03-13 23:15+01:00,0.646867
2026-03-13 23:30+01:00,0.000000
2026-03-13 23:45+01:00,
2026-03-14 00:00+01:00,0.955370
2026-03-14 00:15+01:00,
2026-03-14 00:30+01:00,0.549222
2026-03-14 00:45+01:00,0.431559
2026-03-14 01:00+01:00,0.589589
2026-03-14 01:15+01:00,0.487741
2026-03-14 01:30+01:00,0.398275
2026-03-14 01:45+01:00,0.508935
2026-03-14 02:00+01:00,0.485580
2026-03-14 02:15+01:00,0.387837
2026-03-14 02:30+01:00,0.407043
2026-03-14 02:45+01:00,0.643035
2026-03-14 03:00+01:00,0.578048
2026-03-14 03:15+01:00,0.522503
2026-03-14 03:30+01:00,0.523554
2026-03-14 03:45+01:00,0.513227
2026-03-14 04:00+01:00,0.000000
2026-03-14 04:15+01:00,0.561057
2026-03-14 04:30+01:00,0.579802
2026-03-14 04:45+01:00,
2026-03-14 05:00+01:00,0.458702
2026-03-14 05:15+01:00,0.568335
2026-03-14 05:30+01:00,0.509008
2026-03-14 05:45+01:00,0.506847
2026-03-14 06:00+01:00,0.438245
2026-03-14 06:15+01:00,0.700605
2026-03-14 06:30+01:00,0.491504
2026-03-14 06:45+01:00,0.606176
2026-03-14 07:00+01:00,0.512136
2026-03-14 07:15+01:00,0.349345
2026-03-14 07:30+01:00,0.554415
2026-03-14 07:45+01:00,0.343353
2026-03-14 08:00+01:00,0.608383
2026-03-14 08:15+01:00,0.223327
2026-03-14 08:30+01:00,0.463176
2026-03-14 08:45+01:00,0.339324
2026-03-14 09:00+01:00,0.557161
2026-03-14 09:15+01:00,0.407636
2026-03-14 09:30+01:00,0.537689
2026-03-14 09:45+01:00,0.450180
2026-03-14 10:00+01:00,0.507527
2026-03-14 10:15+01:00,0.518557
2026-03-14 10:30+01:00,0.580997
2026-03-14 10:45+01:00,0.520910
2026-03-14 11:00+01:00,0.539607
2026-03-14 11:15+01:00,0.438161
2026-03-14 11:30+01:00,0.462610
2026-03-14 11:45+01:00,0.452777
2026-03-14 12:00+01:00,0.495413
2026-03-14 12:15+01:00,0.430661
2026-03-14 12:30+01:00,0.498238
2026-03-14 12:45+01:00,0.455539
2026-03-14 13:00+01:00,0.497558
2026-03-14 13:15+01:00,
2026-03-14 13:30+01:00,0.566105
2026-03-14 13:45+01:00,0.508714
2026-03-14 14:00+01:00,0.405814
2026-03-14 14:15+01:00,0.426077
2026-03-14 14:30+01:00,0.395126
2026-03-14 14:45+01:00,0.360507
2026-03-14 15:00+01:00,0.312574
2026-03-14 15:15+01:00,0.536941
2026-03-14 15:30+01:00,0.511196
2026-03-14 15:45+01:00,0.551405
2026-03-14 16:00+01:00,0.480286
2026-03-14 16:15+01:00,0.746867
2026-03-14 16:30+01:00,0.562425
2026-03-14 16:45+01:00,0.583177
2026-03-14 17:00+01:00,0.439564
2026-03-14 17:15+01:00,0.427918
2026-03-14 17:30+01:00,0.365044
2026-03-14 17:45+01:00,0.538507
2026-03-14 18:00+01:00,0.522174
2026-03-14 18:15+01:00,0.472351
2026-03-14 18:30+01:00,0.450710
2026-03-14 18:45+01:00,0.551262
2026-03-14 19:00+01:00,0.487413
2026-03-14 19:15+01:00,0.642639
2026-03-14 19:30+01:00,0.367795
2026-03-14 19:45+01:00,0.258980
2026-03-14 20:00+01:00,0.685387
2026-03-14 20:15+01:00,0.447641
2026-03-14 20:30+01:00,0.568387
2026-03-14 20:45+01:00,0.719692
2026-03-14 21:00+01:00,0.468091
2026-03-14 21:15+01:00,0.488651
2026-03-14 21:30+01:00,0.420392
2026-03-14 21:45+01:00,0.000000
2026-03-14 22:00+01:00,0.513058
2026-03-14 22:15+01:00,0.360089
2026-03-14 22:30+01:00,0.363096
2026-03-14 22:45+01:00,
2026-03-14 23:00+01:00,0.371458
2026-03-14 23:15+01:00,0.302862
2026-03-14 23:30+01:00,0.668877
2026-03-14 23:45+01:00,0.550822
2026-03-15 00:00+01:00,0.494739
2026-03-15 00:15+01:00,0.495849
2026-03-15 00:30+01:00,0.664685
2026-03-15 00:45+01:00,0.481438
2026-03-15 01:00+01:00,0.557375
2026-03-15 01:15+01:00,0.416267
2026-03-15 01:30+01:00,0.520616
2026-03-15 01:45+01:00,0.493847
2026-03-15 02:00+01:00,0.578782
2026-03-15 02:15+01:00,0.216295
2026-03-15 02:30+01:00,0.467879
2026-03-15 02:45+01:00,0.575199
2026-03-15 03:00+01:00,0.420166
2026-03-15 03:15+01:00,0.571465
2026-03-15 03:30+01:00,0.000000
2026-03-15 03:45+01:00,
2026-03-15 04:00+01:00,0.572007
2026-03-15 04:15+01:00,0.458164
2026-03-15 04:30+01:00,0.581775
2026-03-15 04:45+01:00,0.474624
2026-03-15 05:00+01:00,0.535170
2026-03-15 05:15+01:00,0.627723
2026-03-15 05:30+01:00,0.506980
2026-03-15 05:45+01:00,0.599881
2026-03-15 06:00+01:00,0.486284
2026-03-15 06:15+01:00,0.352992
2026-03-15 06:30+01:00,0.488871
2026-03-15 06:45+01:00,0.411642
2026-03-15 07:00+01:00,0.532953
2026-03-15 07:15+01:00,0.442029
2026-03-15 07:30+01:00,0.418644
2026-03-15 07:45+01:00,0.539063
2026-03-15 08:00+01:00,0.464225
2026-03-15 08:15+01:00,0.468922
2026-03-15 08:30+01:00,0.445987
2026-03-15 08:45+01:00,0.482046
2026-03-15 09:00+01:00,0.449318
2026-03-15 09:15+01:00,0.596337
2026-03-15 09:30+01:00,0.273629
2026-03-15 09:45+01:00,0.476153
2026-03-15 10:00+01:00,0.470544
2026-03-15 10:15+01:00,0.484859
2026-03-15 10:30+01:00,0.000000
2026-03-15 10:45+01:00,0.476647
2026-03-15 11:00+01:00,0.389876
2026-03-15 11:15+01:00,0.442462
2026-03-15 11:30+01:00,0.434087
2026-03-15 11:45+01:00,0.634249
2026-03-15 12:00+01:00,0.403869
2026-03-15 12:15+01:00,0.440471
2026-03-15 12:30+01:00,0.673593
2026-03-15 12:45+01:00,0.469387
2026-03-15 13:00+01:00,0.582464
2026-03-15 13:15+01:00,0.522443
2026-03-15 13:30+01:00,0.564901
2026-03-15 13:45+01:00,0.511060
2026-03-15 14:00+01:00,0.460431
2026-03-15 14:15+01:00,
2026-03-15 14:30+01:00,0.436355
2026-03-15 14:45+01:00,0.474337
2026-03-15 15:00+01:00,0.588757
2026-03-15 15:15+01:00,0.658930
2026-03-15 15:30+01:00,0.529088
2026-03-15 15:45+01:00,0.471386
2026-03-15 16:00+01:00,0.628326
2026-03-15 16:15+01:00,0.000000
2026-03-15 16:30+01:00,0.374209
2026-03-15 16:45+01:00,0.414931
2026-03-15 17:00+01:00,0.475425
2026-03-15 17:15+01:00,0.606364
2026-03-15 17:30+01:00,0.526029
2026-03-15 17:45+01:00,0.570974
2026-03-15 18:00+01:00,0.410270
2026-03-15 18:15+01:00,0.533102
2026-03-15 18:30+01:00,
2026-03-15 18:45+01:00,0.383482
2026-03-15 19:00+01:00,0.582769
2026-03-15 19:15+01:00,
2026-03-15 19:30+01:00,0.416854
2026-03-15 19:45+01:00,0.678585
2026-03-15 20:00+01:00,
2026-03-15 20:15+01:00,
2026-03-15 20:30+01:00,
2026-03-15 20:45+01:00,
2026-03-15 21:00+01:00,
2026-03-15 21:15+01:00,
2026-03-15 21:30+01:00,
2026-03-15 21:45+01:00,
2026-03-15 22:00+01:00,
2026-03-15 22:15+01:00,
2026-03-15 22:30+01:00,
2026-03-15 22:45+01:00,
2026-03-15 23:00+01:00,
2026-03-15 23:15+01:00,
2026-03-15 23:30+01:00,
2026-03-15 23:45+01:00,
2026-03-16 00:00+01:00,
2026-03-16 00:15+01:00,
2026-03-16 00:30+01:00,
2026-03-16 00:45+01:00,
2026-03-16 01:00+01:00,
2026-03-16 01:15+01:00,1.129021
2026-03-16 01:30+01:00,0.897255
2026-03-16 01:45+01:00,0.792483
2026-03-16 02:00+01:00,1.082016
2026-03-16 02:15+01:00,0.948741
2026-03-16 02:30+01:00,0.911356
2026-03-16 02:45+01:00,0.853121
2026-03-16 03:00+01:00,1.295465
2026-03-16 03:15+01:00,0.861255
2026-03-16 03:30+01:00,0.794507
2026-03-16 03:45+01:00,
2026-03-16 04:00+01:00,1.004622
2026-03-16 04:15+01:00,1.076591
2026-03-16 04:30+01:00,0.802224
2026-03-16 04:45+01:00,1.048833
2026-03-16 05:00+01:00,0.854645
2026-03-16 05:15+01:00,1.113150
2026-03-16 05:30+01:00,1.264719
2026-03-16 05:45+01:00,
2026-03-16 06:00+01:00,1.132368
2026-03-16 06:15+01:00,0.000000
2026-03-16 06:30+01:00,0.914668
2026-03-16 06:45+01:00,0.695887
2026-03-16 07:00+01:00,20.585641
2026-03-16 07:15+01:00,22.192361
2026-03-16 07:30+01:00,
2026-03-16 07:45+01:00,16.002996
2026-03-16 08:00+01:00,18.775868
2026-03-16 08:15+01:00,13.343028
2026-03-16 08:30+01:00,20.054936
2026-03-16 08:45+01:00,16.793729
2026-03-16 09:00+01:00,16.379147
2026-03-16 09:15+01:00,18.590681
2026-03-16 09:30+01:00,18.631753
2026-03-16 09:45+01:00,18.234342
2026-03-16 10:00+01:00,16.354215
2026-03-16 10:15+01:00,15.625287
2026-03-16 10:30+01:00,15.467448
2026-03-16 10:45+01:00,18.732659
2026-03-16 11:00+01:00,17.123109
2026-03-16 11:15+01:00,12.788777
2026-03-16 11:30+01:00,14.695928
2026-03-16 11:45+01:00,16.524260
2026-03-16 12:00+01:00,16.001846
2026-03-16 12:15+01:00,16.309483
2026-03-16 12:30+01:00,15.630267
2026-03-16 12:45+01:00,19.931260
2026-03-16 13:00+01:00,17.788889
2026-03-16 13:15+01:00,15.056372
2026-03-16 13:30+01:00,15.694486
2026-03-16 13:45+01:00,18.578565
2026-03-16 14:00+01:00,17.983656
2026-03-16 14:15+01:00,16.472264
2026-03-16 14:30+01:00,17.928242
2026-03-16 14:45+01:00,15.829204
2026-03-16 15:00+01:00,16.524862
2026-03-16 15:15+01:00,15.838877
2026-03-16 15:30+01:00,16.302997
2026-03-16 15:45+01:00,
2026-03-16 16:00+01:00,
2026-03-16 16:15+01:00,18.663631
2026-03-16 16:30+01:00,16.258557
2026-03-16 16:45+01:00,17.112016
2026-03-16 17:00+01:00,17.519558
2026-03-16 17:15+01:00,19.593658
2026-03-16 17:30+01:00,18.981099
2026-03-16 17:45+01:00,
2026-03-16 18:00+01:00,0.895256
2026-03-16 18:15+01:00,1.205948
2026-03-16 18:30+01:00,
2026-03-16 18:45+01:00,0.980683
2026-03-16 19:00+01:00,1.069494
2026-03-16 19:15+01:00,0.000000
2026-03-16 19:30+01:00,0.880085
2026-03-16 19:45+01:00,0.910566
2026-03-16 20:00+01:00,0.933161
2026-03-16 20:15+01:00,1.185515
2026-03-16 20:30+01:00,1.122476
2026-03-16 20:45+01:00,1.259091
2026-03-16 21:00+01:00,0.918685
2026-03-16 21:15+01:00,0.727898
2026-03-16 21:30+01:00,1.190013
2026-03-16 21:45+01:00,0.886902
2026-03-16 22:00+01:00,0.000000
2026-03-16 22:15+01:00,0.975728
2026-03-16 22:30+01:00,0.000000
2026-03-16 22:45+01:00,0.803815
2026-03-16 23:00+01:00,1.234616
2026-03-16 23:15+01:00,
2026-03-16 23:30+01:00,0.959437
2026-03-16 23:45+01:00,
2026-03-17 00:00+01:00,1.035589
2026-03-17 00:15+01:00,0.718459
2026-03-17 00:30+01:00,1.134116
2026-03-17 00:45+01:00,0.453093
2026-03-17 01:00+01:00,1.141374
2026-03-17 01:15+01:00,0.888504
2026-03-17 01:30+01:00,1.167489
2026-03-17 01:45+01:00,1.085771
2026-03-17 02:00+01:00,0.836879
2026-03-17 02:15+01:00,0.794103
2026-03-17 02:30+01:00,0.981969
2026-03-17 02:45+01:00,0.000000
2026-03-17 03:00+01:00,0.954782
2026-03-17 03:15+01:00,1.013782
2026-03-17 03:30+01:00,1.223685
2026-03-17 03:45+01:00,0.534513
2026-03-17 04:00+01:00,0.791362
2026-03-17 04:15+01:00,1.053515
2026-03-17 04:30+01:00,0.995437
2026-03-17 04:45+01:00,
2026-03-17 05:00+01:00,0.778478
2026-03-17 05:15+01:00,0.993899
2026-03-17 05:30+01:00,
2026-03-17 05:45+01:00,1.026253
2026-03-17 06:00+01:00,1.034420
2026-03-17 06:15+01:00,0.948942
2026-03-17 06:30+01:00,0.989011
2026-03-17 06:45+01:00,1.192462
2026-03-17 07:00+01:00,17.867634
2026-03-17 07:15+01:00,16.779630
2026-03-17 07:30+01:00,21.322542
2026-03-17 07:45+01:00,16.251577
2026-03-17 08:00+01:00,14.334787
2026-03-17 08:15+01:00,16.561543
2026-03-17 08:30+01:00,15.843741
2026-03-17 08:45+01:00,20.405268
2026-03-17 09:00+01:00,19.002768
2026-03-17 09:15+01:00,18.804689
2026-03-17 09:30+01:00,15.647442
2026-03-17 09:45+01:00,15.766565
2026-03-17 10:00+01:00,
2026-03-17 10:15+01:00,15.471661
2026-03-17 10:30+01:00,15.549770
2026-03-17 10:45+01:00,18.698730
2026-03-17 11:00+01:00,19.398175
2026-03-17 11:15+01:00,18.437229
2026-03-17 11:30+01:00,19.857045
2026-03-17 11:45+01:00,16.728492
2026-03-17 12:00+01:00,14.215701
2026-03-17 12:15+01:00,18.854939
2026-03-17 12:30+01:00,20.179707
2026-03-17 12:45+01:00,13.950647
2026-03-17 13:00+01:00,17.393370
2026-03-17 13:15+01:00,18.863806
2026-03-17 13:30+01:00,20.032455
2026-03-17 13:45+01:00,14.962327
2026-03-17 14:00+01:00,13.138823
2026-03-17 14:15+01:00,17.019429
2026-03-17 14:30+01:00,14.719737
2026-03-17 14:45+01:00,18.472829
2026-03-17 15:00+01:00,17.844817
2026-03-17 15:15+01:00,20.501691
2026-03-17 15:30+01:00,18.108404
2026-03-17 15:45+01:00,18.598759
2026-03-17 16:00+01:00,16.924343
2026-03-17 16:15+01:00,16.119204
2026-03-17 16:30+01:00,17.214070
2026-03-17 16:45+01:00,13.841808
2026-03-17 17:00+01:00,15.366665
2026-03-17 17:15+01:00,18.161278
2026-03-17 17:30+01:00,15.464081
2026-03-17 17:45+01:00,17.341971
2026-03-17 18:00+01:00,0.839368
2026-03-17 18:15+01:00,0.762973
2026-03-17 18:30+01:00,
2026-03-17 18:45+01:00,1.006826
2026-03-17 19:00+01:00,1.099956
2026-03-17 19:15+01:00,1.408766
2026-03-17 19:30+01:00,0.792821
2026-03-17 19:45+01:00,0.564504
2026-03-17 20:00+01:00,0.717583
2026-03-17 20:15+01:00,0.908775
2026-03-17 20:30+01:00,0.592247
2026-03-17 20:45+01:00,0.969983
2026-03-17 21:00+01:00,1.019556
2026-03-17 21:15+01:00,0.919984
2026-03-17 21:30+01:00,
2026-03-17 21:45+01:00,1.145993
2026-03-17 22:00+01:00,0.923150
2026-03-17 22:15+01:00,0.790273
2026-03-17 22:30+01:00,0.995258
2026-03-17 22:45+01:00,1.137329
2026-03-17 23:00+01:00,1.021105
2026-03-17 23:15+01:00,0.867921
2026-03-17 23:30+01:00,0.830878
2026-03-17 23:45+01:00,1.057745
2026-03-18 00:00+01:00,1.267557
2026-03-18 00:15+01:00,0.928475
2026-03-18 00:30+01:00,1.015968
2026-03-18 00:45+01:00,1.109067
2026-03-18 01:00+01:00,1.318725
2026-03-18 01:15+01:00,0.744034
2026-03-18 01:30+01:00,0.846674
2026-03-18 01:45+01:00,1.299715
2026-03-18 02:00+01:00,1.139253
2026-03-18 02:15+01:00,1.137138
2026-03-18 02:30+01:00,0.865926
2026-03-18 02:45+01:00,0.999600
2026-03-18 03:00+01:00,0.911943
2026-03-18 03:15+01:00,1.082406
2026-03-18 03:30+01:00,1.382205
2026-03-18 03:45+01:00,1.078005
2026-03-18 04:00+01:00,1.147309
2026-03-18 04:15+01:00,0.983621
2026-03-18 04:30+01:00,0.930093
2026-03-18 04:45+01:00,1.009416
2026-03-18 05:00+01:00,1.054373
2026-03-18 05:15+01:00,1.116149
2026-03-18 05:30+01:00,0.850233
2026-03-18 05:45+01:00,0.953906
2026-03-18 06:00+01:00,1.000123
2026-03-18 06:15+01:00,0.808398
2026-03-18 06:30+01:00,0.779469
2026-03-18 06:45+01:00,0.000000
2026-03-18 07:00+01:00,20.349359
2026-03-18 07:15+01:00,16.168519
2026-03-18 07:30+01:00,16.550453
2026-03-18 07:45+01:00,18.233555
2026-03-18 08:00+01:00,15.237065
2026-03-18 08:15+01:00,14.983171
2026-03-18 08:30+01:00,17.740148
2026-03-18 08:45+01:00,14.851353
2026-03-18 09:00+01:00,17.591236
2026-03-18 09:15+01:00,16.748060
2026-03-18 09:30+01:00,14.869283
2026-03-18 09:45+01:00,15.809824
2026-03-18 10:00+01:00,18.687105
2026-03-18 10:15+01:00,
2026-03-18 10:30+01:00,18.382682
2026-03-18 10:45+01:00,18.723804
2026-03-18 11:00+01:00,17.789767
2026-03-18 11:15+01:00,18.015628
2026-03-18 11:30+01:00,16.294665
2026-03-18 11:45+01:00,16.775411
2026-03-18 12:00+01:00,15.799690
2026-03-18 12:15+01:00,18.119741
2026-03-18 12:30+01:00,15.605294
2026-03-18 12:45+01:00,13.071195
2026-03-18 13:00+01:00,15.616594
2026-03-18 13:15+01:00,17.225209
2026-03-18 13:30+01:00,16.679965
2026-03-18 13:45+01:00,17.791565
2026-03-18 14:00+01:00,16.249388
2026-03-18 14:15+01:00,18.290848
2026-03-18 14:30+01:00,18.397915
2026-03-18 14:45+01:00,14.433826
2026-03-18 15:00+01:00,15.924969
2026-03-18 15:15+01:00,17.143341
2026-03-18 15:30+01:00,16.071379
2026-03-18 15:45+01:00,15.755205
2026-03-18 16:00+01:00,18.050752
2026-03-18 16:15+01:00,16.823195
2026-03-18 16:30+01:00,16.929717
2026-03-18 16:45+01:00,17.141957
2026-03-18 17:00+01:00,16.691907
2026-03-18 17:15+01:00,17.118756
2026-03-18 17:30+01:00,17.444551
2026-03-18 17:45+01:00,20.044980
2026-03-18 18:00+01:00,0.992475
2026-03-18 18:15+01:00,1.537581
2026-03-18 18:30+01:00,1.265677
2026-03-18 18:45+01:00,1.369781
2026-03-18 19:00+01:00,0.914893
2026-03-18 19:15+01:00,0.893421
2026-03-18 19:30+01:00,0.791367
2026-03-18 19:45+01:00,0.990841
2026-03-18 20:00+01:00,0.966071
2026-03-18 20:15+01:00,0.622104
2026-03-18 20:30+01:00,1.017062
2026-03-18 20:45+01:00,0.936095
2026-03-18 21:00+01:00,1.254609
2026-03-18 21:15+01:00,1.136443
2026-03-18 21:30+01:00,0.672132
2026-03-18 21:45+01:00,1.141574
2026-03-18 22:00+01:00,0.799197
2026-03-18 22:15+01:00,0.928350
2026-03-18 22:30+01:00,0.950535
2026-03-18 22:45+01:00,0.821848
2026-03-18 23:00+01:00,1.275764
2026-03-18 23:15+01:00,0.000000
2026-03-18 23:30+01:00,0.856765
2026-03-18 23:45+01:00,1.018540
2026-03-19 00:00+01:00,0.764526
2026-03-19 00:15+01:00,0.690110
2026-03-19 00:30+01:00,0.898718
2026-03-19 00:45+01:00,0.793218
2026-03-19 01:00+01:00,1.008255
2026-03-19 01:15+01:00,1.097737
2026-03-19 01:30+01:00,0.854292
2026-03-19 01:45+01:00,0.927924
2026-03-19 02:00+01:00,1.066730
2026-03-19 02:15+01:00,0.958266
2026-03-19 02:30+01:00,0.984287
2026-03-19 02:45+01:00,0.000000
2026-03-19 03:00+01:00,0.000000
2026-03-19 03:15+01:00,0.824423
2026-03-19 03:30+01:00,1.130564
2026-03-19 03:45+01:00,1.206758
2026-03-19 04:00+01:00,1.156279
2026-03-19 04:15+01:00,1.113740
2026-03-19 04:30+01:00,0.910515
2026-03-19 04:45+01:00,0.546111
2026-03-19 05:00+01:00,0.932790
2026-03-19 05:15+01:00,0.905914
2026-03-19 05:30+01:00,1.091286
2026-03-19 05:45+01:00,0.000000
2026-03-19 06:00+01:00,0.605837
2026-03-19 06:15+01:00,0.882189
2026-03-19 06:30+01:00,0.943612
2026-03-19 06:45+01:00,1.313406
2026-03-19 07:00+01:00,18.307243
2026-03-19 07:15+01:00,16.765864
2026-03-19 07:30+01:00,20.184914
2026-03-19 07:45+01:00,16.474599
2026-03-19 08:00+01:00,18.850659
2026-03-19 08:15+01:00,17.245443
2026-03-19 08:30+01:00,14.909952
2026-03-19 08:45+01:00,19.557564
2026-03-19 09:00+01:00,
2026-03-19 09:15+01:00,16.186076
2026-03-19 09:30+01:00,17.466537
2026-03-19 09:45+01:00,15.206713
2026-03-19 10:00+01:00,15.748372
2026-03-19 10:15+01:00,16.954546
2026-03-19 10:30+01:00,15.139621
2026-03-19 10:45+01:00,14.744821
2026-03-19 11:00+01:00,20.590821
2026-03-19 11:15+01:00,13.900526
2026-03-19 11:30+01:00,19.187907
2026-03-19 11:45+01:00,22.426367
2026-03-19 12:00+01:00,17.340209
2026-03-19 12:15+01:00,15.143797
2026-03-19 12:30+01:00,14.898626
2026-03-19 12:45+01:00,15.665750
2026-03-19 13:00+01:00,18.269105
2026-03-19 13:15+01:00,16.847957
2026-03-19 13:30+01:00,15.849364
2026-03-19 13:45+01:00,14.757749
2026-03-19 14:00+01:00,16.315885
2026-03-19 14:15+01:00,17.185718
2026-03-19 14:30+01:00,18.921326
2026-03-19 14:45+01:00,18.299170
2026-03-19 15:00+01:00,17.956665
2026-03-19 15:15+01:00,17.392525
2026-03-19 15:30+01:00,
2026-03-19 15:45+01:00,16.758202
2026-03-19 16:00+01:00,17.704480
2026-03-19 16:15+01:00,19.860061
2026-03-19 16:30+01:00,15.297784
2026-03-19 16:45+01:00,17.618482
2026-03-19 17:00+01:00,15.636071
2026-03-19 17:15+01:00,15.478646
2026-03-19 17:30+01:00,
2026-03-19 17:45+01:00,19.119944
2026-03-19 18:00+01:00,0.986175
2026-03-19 18:15+01:00,1.053334
2026-03-19 18:30+01:00,1.174803
2026-03-19 18:45+01:00,1.122883
2026-03-19 19:00+01:00,0.803332
2026-03-19 19:15+01:00,0.000000
2026-03-19 19:30+01:00,1.038360
2026-03-19 19:45+01:00,1.168642
2026-03-19 20:00+01:00,0.898977
2026-03-19 20:15+01:00,0.879043
2026-03-19 20:30+01:00,0.637569
2026-03-19 20:45+01:00,1.046143
2026-03-19 21:00+01:00,1.213408
2026-03-19 21:15+01:00,1.107081
2026-03-19 21:30+01:00,0.517466
2026-03-19 21:45+01:00,0.696397
2026-03-19 22:00+01:00,1.503165
2026-03-19 22:15+01:00,0.592874
2026-03-19 22:30+01:00,0.726063
2026-03-19 22:45+01:00,0.820384
2026-03-19 23:00+01:00,1.218517
2026-03-19 23:15+01:00,1.045513
2026-03-19 23:30+01:00,0.755090
2026-03-19 23:45+01:00,0.000000
2026-03-20 00:00+01:00,0.769810
2026-03-20 00:15+01:00,0.000000
2026-03-20 00:30+01:00,1.200644
2026-03-20 00:45+01:00,1.044060
2026-03-20 01:00+01:00,1.180058
2026-03-20 01:15+01:00,0.899882
2026-03-20 01:30+01:00,0.998546
2026-03-20 01:45+01:00,0.000000
2026-03-20 02:00+01:00,0.843967
2026-03-20 02:15+01:00,0.977149
2026-03-20 02:30+01:00,0.965002
2026-03-20 02:45+01:00,1.221778
2026-03-20 03:00+01:00,1.302148
2026-03-20 03:15+01:00,1.119770
2026-03-20 03:30+01:00,1.151249
2026-03-20 03:45+01:00,0.000000
2026-03-20 04:00+01:00,0.473175
2026-03-20 04:15+01:00,1.569647
2026-03-20 04:30+01:00,0.962204
2026-03-20 04:45+01:00,0.938875
2026-03-20 05:00+01:00,0.726829
2026-03-20 05:15+01:00,1.243984
2026-03-20 05:30+01:00,0.844110
2026-03-20 05:45+01:00,1.126298
2026-03-20 06:00+01:00,1.178345
2026-03-20 06:15+01:00,1.522735
2026-03-20 06:30+01:00,1.123249
2026-03-20 06:45+01:00,0.882993
2026-03-20 07:00+01:00,
2026-03-20 07:15+01:00,17.284499
2026-03-20 07:30+01:00,19.028138
2026-03-20 07:45+01:00,
2026-03-20 08:00+01:00,18.166158
2026-03-20 08:15+01:00,15.422340
2026-03-20 08:30+01:00,17.586329
2026-03-20 08:45+01:00,16.602917
2026-03-20 09:00+01:00,17.152298
2026-03-20 09:15+01:00,20.945860
2026-03-20 09:30+01:00,13.481330
2026-03-20 09:45+01:00,16.866867
2026-03-20 10:00+01:00,17.184731
2026-03-20 10:15+01:00,14.324842
2026-03-20 10:30+01:00,16.617118
2026-03-20 10:45+01:00,16.223503
2026-03-20 11:00+01:00,15.919940
2026-03-20 11:15+01:00,17.976756
2026-03-20 11:30+01:00,18.755741
2026-03-20 11:45+01:00,18.296861
2026-03-20 12:00+01:00,15.763325
2026-03-20 12:15+01:00,16.367222
2026-03-20 12:30+01:00,18.724139
2026-03-20 12:45+01:00,12.577559
2026-03-20 13:00+01:00,19.877319
2026-03-20 13:15+01:00,15.456789
2026-03-20 13:30+01:00,18.042246
2026-03-20 13:45+01:00,16.660634
2026-03-20 14:00+01:00,16.080996
2026-03-20 14:15+01:00,
2026-03-20 14:30+01:00,15.632638
2026-03-20 14:45+01:00,15.936647
2026-03-20 15:00+01:00,17.117612
2026-03-20 15:15+01:00,18.082949
2026-03-20 15:30+01:00,21.736515
2026-03-20 15:45+01:00,16.149384
2026-03-20 16:00+01:00,12.745477
2026-03-20 16:15+01:00,11.659693
2026-03-20 16:30+01:00,10.988332
2026-03-20 16:45+01:00,19.040157
2026-03-20 17:00+01:00,14.740960
2026-03-20 17:15+01:00,14.904158
2026-03-20 17:30+01:00,16.679828
2026-03-20 17:45+01:00,15.887655
2026-03-20 18:00+01:00,0.916518
2026-03-20 18:15+01:00,0.657851
2026-03-20 18:30+01:00,0.927812
2026-03-20 18:45+01:00,1.016823
2026-03-20 19:00+01:00,0.733521
2026-03-20 19:15+01:00,1.287930
2026-03-20 19:30+01:00,0.704906
2026-03-20 19:45+01:00,0.813545
2026-03-20 20:00+01:00,1.305833
2026-03-20 20:15+01:00,1.120320
2026-03-20 20:30+01:00,0.000000
2026-03-20 20:45+01:00,0.951936
2026-03-20 21:00+01:00,1.121616
2026-03-20 21:15+01:00,1.406960
2026-03-20 21:30+01:00,0.724961
2026-03-20 21:45+01:00,0.919559
2026-03-20 22:00+01:00,1.168861
2026-03-20 22:15+01:00,1.098277
2026-03-20 22:30+01:00,1.000636
2026-03-20 22:45+01:00,0.620676
2026-03-20 23:00+01:00,0.989168
2026-03-20 23:15+01:00,0.736463
2026-03-20 23:30+01:00,0.993767
2026-03-20 23:45+01:00,0.943109
2026-03-21 00:00+01:00,1.142407
2026-03-21 00:15+01:00,0.527510
2026-03-21 00:30+01:00,0.241830
2026-03-21 00:45+01:00,0.578952
2026-03-21 01:00+01:00,0.533511
2026-03-21 01:15+01:00,0.451388
2026-03-21 01:30+01:00,0.469752
2026-03-21 01:45+01:00,0.608051
2026-03-21 02:00+01:00,0.654900
2026-03-21 02:15+01:00,0.399430
2026-03-21 02:30+01:00,0.614709
2026-03-21 02:45+01:00,0.642115
2026-03-21 03:00+01:00,0.000000
2026-03-21 03:15+01:00,0.592233
2026-03-21 03:30+01:00,0.640493
2026-03-21 03:45+01:00,0.445436
2026-03-21 04:00+01:00,0.401648
2026-03-21 04:15+01:00,0.562048
2026-03-21 04:30+01:00,0.350160
2026-03-21 04:45+01:00,0.411840
2026-03-21 05:00+01:00,0.434696
2026-03-21 05:15+01:00,0.585935
2026-03-21 05:30+01:00,0.328838
2026-03-21 05:45+01:00,0.429428
2026-03-21 06:00+01:00,0.477625
2026-03-21 06:15+01:00,0.437937
2026-03-21 06:30+01:00,0.323627
2026-03-21 06:45+01:00,0.486310
2026-03-21 07:00+01:00,0.537058
2026-03-21 07:15+01:00,0.326661
2026-03-21 07:30+01:00,0.475146
2026-03-21 07:45+01:00,0.528511
2026-03-21 08:00+01:00,0.545741
2026-03-21 08:15+01:00,0.603662
2026-03-21 08:30+01:00,
2026-03-21 08:45+01:00,0.441589
2026-03-21 09:00+01:00,0.456412
2026-03-21 09:15+01:00,0.559911
2026-03-21 09:30+01:00,0.393295
2026-03-21 09:45+01:00,
2026-03-21 10:00+01:00,0.304140
2026-03-21 10:15+01:00,0.374741
2026-03-21 10:30+01:00,0.403122
2026-03-21 10:45+01:00,0.000000
2026-03-21 11:00+01:00,0.329707
2026-03-21 11:15+01:00,0.579971
2026-03-21 11:30+01:00,0.302925
2026-03-21 11:45+01:00,
2026-03-21 12:00+01:00,0.491746
2026-03-21 12:15+01:00,0.523146
2026-03-21 12:30+01:00,0.524678
2026-03-21 12:45+01:00,0.463605
2026-03-21 13:00+01:00,0.455940
2026-03-21 13:15+01:00,0.512498
2026-03-21 13:30+01:00,0.451487
2026-03-21 13:45+01:00,0.639420
2026-03-21 14:00+01:00,0.582488
2026-03-21 14:15+01:00,0.459933
2026-03-21 14:30+01:00,0.553286
2026-03-21 14:45+01:00,0.434660
2026-03-21 15:00+01:00,0.474986
2026-03-21 15:15+01:00,0.575554
2026-03-21 15:30+01:00,0.481004
2026-03-21 15:45+01:00,0.570997
2026-03-21 16:00+01:00,0.529810
2026-03-21 16:15+01:00,0.525421
2026-03-21 16:30+01:00,0.541500
2026-03-21 16:45+01:00,0.440371
2026-03-21 17:00+01:00,0.511608
2026-03-21 17:15+01:00,0.576596
2026-03-21 17:30+01:00,0.515638
2026-03-21 17:45+01:00,0.550535
2026-03-21 18:00+01:00,0.339543
2026-03-21 18:15+01:00,0.310621
2026-03-21 18:30+01:00,0.754386
2026-03-21 18:45+01:00,0.436373
2026-03-21 19:00+01:00,0.479017
2026-03-21 19:15+01:00,0.357589
2026-03-21 19:30+01:00,0.629568
2026-03-21 19:45+01:00,0.382534
2026-03-21 20:00+01:00,0.525764
2026-03-21 20:15+01:00,0.522819
2026-03-21 20:30+01:00,
2026-03-21 20:45+01:00,0.622519
2026-03-21 21:00+01:00,
2026-03-21 21:15+01:00,
2026-03-21 21:30+01:00,0.317584
2026-03-21 21:45+01:00,0.498540
2026-03-21 22:00+01:00,0.338116
2026-03-21 22:15+01:00,0.520020
2026-03-21 22:30+01:00,0.624343
2026-03-21 22:45+01:00,
2026-03-21 23:00+01:00,0.430302
2026-03-21 23:15+01:00,0.000000
2026-03-21 23:30+01:00,0.326693
2026-03-21 23:45+01:00,0.480385
2026-03-22 00:00+01:00,0.521219
2026-03-22 00:15+01:00,0.444540
2026-03-22 00:30+01:00,0.601699
2026-03-22 00:45+01:00,0.520956
2026-03-22 01:00+01:00,0.393086
2026-03-22 01:15+01:00,0.513185
2026-03-22 01:30+01:00,0.421775
2026-03-22 01:45+01:00,0.396612
2026-03-22 02:00+01:00,0.407932
2026-03-22 02:15+01:00,0.482277
2026-03-22 02:30+01:00,0.536608
2026-03-22 02:45+01:00,0.460437
2026-03-22 03:00+01:00,0.492509
2026-03-22 03:15+01:00,0.470305
2026-03-22 03:30+01:00,0.369490
2026-03-22 03:45+01:00,0.390786
2026-03-22 04:00+01:00,0.378348
2026-03-22 04:15+01:00,0.289603
2026-03-22 04:30+01:00,0.370809
2026-03-22 04:45+01:00,0.510116
2026-03-22 05:00+01:00,0.542062
2026-03-22 05:15+01:00,0.581944
2026-03-22 05:30+01:00,0.449065
2026-03-22 05:45+01:00,0.536110
2026-03-22 06:00+01:00,0.429743
2026-03-22 06:15+01:00,0.638720
2026-03-22 06:30+01:00,0.508682
2026-03-22 06:45+01:00,0.591161
2026-03-22 07:00+01:00,0.393891
2026-03-22 07:15+01:00,0.412658
2026-03-22 07:30+01:00,0.538309
2026-03-22 07:45+01:00,
2026-03-22 08:00+01:00,0.509527
2026-03-22 08:15+01:00,0.289563
2026-03-22 08:30+01:00,0.484721
2026-03-22 08:45+01:00,0.557060
2026-03-22 09:00+01:00,0.415499
2026-03-22 09:15+01:00,0.411582
2026-03-22 09:30+01:00,0.396168
2026-03-22 09:45+01:00,0.693374
2026-03-22 10:00+01:00,0.400710
2026-03-22 10:15+01:00,0.542999
2026-03-22 10:30+01:00,0.377269
2026-03-22 10:45+01:00,0.305041
2026-03-22 11:00+01:00,0.457703
2026-03-22 11:15+01:00,0.476540
2026-03-22 11:30+01:00,0.348244
2026-03-22 11:45+01:00,
2026-03-22 12:00+01:00,
2026-03-22 12:15+01:00,0.427870
2026-03-22 12:30+01:00,0.515915
2026-03-22 12:45+01:00,0.549944
2026-03-22 13:00+01:00,0.227539
2026-03-22 13:15+01:00,0.463264
2026-03-22 13:30+01:00,0.422801
2026-03-22 13:45+01:00,0.000000
2026-03-22 14:00+01:00,0.647464
2026-03-22 14:15+01:00,0.520701
2026-03-22 14:30+01:00,0.444445
2026-03-22 14:45+01:00,0.439271
2026-03-22 15:00+01:00,0.523716
2026-03-22 15:15+01:00,0.563840
2026-03-22 15:30+01:00,0.611768
2026-03-22 15:45+01:00,0.625503
2026-03-22 16:00+01:00,0.496491
2026-03-22 16:15+01:00,0.445985
2026-03-22 16:30+01:00,0.484383
2026-03-22 16:45+01:00,0.472665
2026-03-22 17:00+01:00,0.558731
2026-03-22 17:15+01:00,0.000000
2026-03-22 17:30+01:00,0.368836
2026-03-22 17:45+01:00,0.490930
2026-03-22 18:00+01:00,0.483350
2026-03-22 18:15+01:00,0.461686
2026-03-22 18:30+01:00,0.563545
2026-03-22 18:45+01:00,0.503091
2026-03-22 19:00+01:00,0.000000
2026-03-22 19:15+01:00,0.421089
2026-03-22 19:30+01:00,0.437803
2026-03-22 19:45+01:00,0.449036
2026-03-22 20:00+01:00,0.402707
2026-03-22 20:15+01:00,0.474578
2026-03-22 20:30+01:00,0.351084
2026-03-22 20:45+01:00,0.363482
2026-03-22 21:00+01:00,0.000000
2026-03-22 21:15+01:00,0.622140
2026-03-22 21:30+01:00,0.506366
2026-03-22 21:45+01:00,0.422870
2026-03-22 22:00+01:00,0.481498
2026-03-22 22:15+01:00,0.444703
2026-03-22 22:30+01:00,0.407845
2026-03-22 22:45+01:00,0.000000
2026-03-22 23:00+01:00,0.355848
2026-03-22 23:15+01:00,0.452005
2026-03-22 23:30+01:00,0.383851
2026-03-22 23:45+01:00,0.487737
2026-03-23 00:00+01:00,0.421273
2026-03-23 00:15+01:00,0.950864
2026-03-23 00:30+01:00,0.713414
2026-03-23 00:45+01:00,0.720457
2026-03-23 01:00+01:00,0.000000
2026-03-23 01:15+01:00,1.009296
2026-03-23 01:30+01:00,0.709946
2026-03-23 01:45+01:00,1.180303
2026-03-23 02:00+01:00,0.000000
2026-03-23 02:15+01:00,1.087097
2026-03-23 02:30+01:00,
2026-03-23 02:45+01:00,0.864548
2026-03-23 03:00+01:00,1.026061
2026-03-23 03:15+01:00,1.275645
2026-03-23 03:30+01:00,1.205142
2026-03-23 03:45+01:00,0.000000
2026-03-23 04:00+01:00,1.298816
2026-03-23 04:15+01:00,0.814794
2026-03-23 04:30+01:00,0.814574
2026-03-23 04:45+01:00,1.193770
2026-03-23 05:00+01:00,1.043097
2026-03-23 05:15+01:00,0.830886
2026-03-23 05:30+01:00,7.120002
2026-03-23 05:45+01:00,0.856065
2026-03-23 06:00+01:00,1.187606
2026-03-23 06:15+01:00,1.230745
2026-03-23 06:30+01:00,1.009517
2026-03-23 06:45+01:00,1.118260
2026-03-23 07:00+01:00,17.614172
2026-03-23 07:15+01:00,
2026-03-23 07:30+01:00,17.126435
2026-03-23 07:45+01:00,18.750465
2026-03-23 08:00+01:00,16.608144
2026-03-23 08:15+01:00,17.732075
2026-03-23 08:30+01:00,17.769810
2026-03-23 08:45+01:00,18.386771
2026-03-23 09:00+01:00,16.821013
2026-03-23 09:15+01:00,18.842929
2026-03-23 09:30+01:00,16.105044
2026-03-23 09:45+01:00,14.660620
2026-03-23 10:00+01:00,20.195901
2026-03-23 10:15+01:00,19.938730
2026-03-23 10:30+01:00,17.171645
2026-03-23 10:45+01:00,21.067645
2026-03-23 11:00+01:00,14.449922
2026-03-23 11:15+01:00,15.247474
2026-03-23 11:30+01:00,14.825907
2026-03-23 11:45+01:00,129.026067
2026-03-23 12:00+01:00,15.849475
2026-03-23 12:15+01:00,14.863591
2026-03-23 12:30+01:00,17.840344
2026-03-23 12:45+01:00,18.749048
2026-03-23 13:00+01:00,17.322792
2026-03-23 13:15+01:00,15.336157
2026-03-23 13:30+01:00,
2026-03-23 13:45+01:00,19.978046
2026-03-23 14:00+01:00,16.153641
2026-03-23 14:15+01:00,
2026-03-23 14:30+01:00,16.779610
2026-03-23 14:45+01:00,21.226753
2026-03-23 15:00+01:00,16.963021
2026-03-23 15:15+01:00,19.613162
2026-03-23 15:30+01:00,18.103984
2026-03-23 15:45+01:00,13.919458
2026-03-23 16:00+01:00,16.765061
2026-03-23 16:15+01:00,14.618406
2026-03-23 16:30+01:00,17.874234
2026-03-23 16:45+01:00,14.591108
2026-03-23 17:00+01:00,18.291608
2026-03-23 17:15+01:00,17.586041
2026-03-23 17:30+01:00,19.627286
2026-03-23 17:45+01:00,18.525490
2026-03-23 18:00+01:00,1.152423
2026-03-23 18:15+01:00,0.952902
2026-03-23 18:30+01:00,0.999432
2026-03-23 18:45+01:00,0.775325
2026-03-23 19:00+01:00,1.108647
2026-03-23 19:15+01:00,1.083105
2026-03-23 19:30+01:00,0.000000
2026-03-23 19:45+01:00,1.051529
2026-03-23 20:00+01:00,1.159754
2026-03-23 20:15+01:00,0.973012
2026-03-23 20:30+01:00,0.949948
2026-03-23 20:45+01:00,1.300152
2026-03-23 21:00+01:00,1.265660
2026-03-23 21:15+01:00,0.618863
2026-03-23 21:30+01:00,1.382557
2026-03-23 21:45+01:00,0.757037
2026-03-23 22:00+01:00,1.409816
2026-03-23 22:15+01:00,0.858232
2026-03-23 22:30+01:00,1.245326
2026-03-23 22:45+01:00,1.161132
2026-03-23 23:00+01:00,1.247462
2026-03-23 23:15+01:00,
2026-03-23 23:30+01:00,
2026-03-23 23:45+01:00,1.218596
2026-03-24 00:00+01:00,0.933481
2026-03-24 00:15+01:00,0.806744
2026-03-24 00:30+01:00,1.291356
2026-03-24 00:45+01:00,0.676686
2026-03-24 01:00+01:00,1.094038
2026-03-24 01:15+01:00,
2026-03-24 01:30+01:00,0.950559
2026-03-24 01:45+01:00,0.889438
2026-03-24 02:00+01:00,0.903085
2026-03-24 02:15+01:00,0.974197
2026-03-24 02:30+01:00,0.709097
2026-03-24 02:45+01:00,0.985855
2026-03-24 03:00+01:00,1.069810
2026-03-24 03:15+01:00,0.906878
2026-03-24 03:30+01:00,1.003755
2026-03-24 03:45+01:00,0.795355
2026-03-24 04:00+01:00,0.882011
2026-03-24 04:15+01:00,1.071322
2026-03-24 04:30+01:00,1.158681
2026-03-24 04:45+01:00,1.175276
2026-03-24 05:00+01:00,1.009204
2026-03-24 05:15+01:00,1.003260
2026-03-24 05:30+01:00,1.028470
2026-03-24 05:45+01:00,0.931133
2026-03-24 06:00+01:00,1.129172
2026-03-24 06:15+01:00,0.643247
2026-03-24 06:30+01:00,1.138927
2026-03-24 06:45+01:00,0.866584
2026-03-24 07:00+01:00,16.845206
2026-03-24 07:15+01:00,16.841038
2026-03-24 07:30+01:00,15.409371
2026-03-24 07:45+01:00,17.265345
2026-03-24 08:00+01:00,16.249376
2026-03-24 08:15+01:00,19.199646
2026-03-24 08:30+01:00,15.242776
2026-03-24 08:45+01:00,17.877712
2026-03-24 09:00+01:00,16.396690
2026-03-24 09:15+01:00,18.307188
2026-03-24 09:30+01:00,19.239199
2026-03-24 09:45+01:00,20.608536
2026-03-24 10:00+01:00,18.599140
2026-03-24 10:15+01:00,
2026-03-24 10:30+01:00,19.851440
2026-03-24 10:45+01:00,19.286224
2026-03-24 11:00+01:00,13.497561
2026-03-24 11:15+01:00,12.965753
2026-03-24 11:30+01:00,16.174073
2026-03-24 11:45+01:00,18.388647
2026-03-24 12:00+01:00,16.866135
2026-03-24 12:15+01:00,14.414076
2026-03-24 12:30+01:00,16.023241
2026-03-24 12:45+01:00,17.127007
2026-03-24 13:00+01:00,13.273782
2026-03-24 13:15+01:00,13.226252
2026-03-24 13:30+01:00,
2026-03-24 13:45+01:00,16.511345
2026-03-24 14:00+01:00,22.089950
2026-03-24 14:15+01:00,14.388121
2026-03-24 14:30+01:00,15.860063
2026-03-24 14:45+01:00,17.712930
2026-03-24 15:00+01:00,18.056784
2026-03-24 15:15+01:00,16.832823
2026-03-24 15:30+01:00,14.495785
2026-03-24 15:45+01:00,15.334080
2026-03-24 16:00+01:00,18.784318
2026-03-24 16:15+01:00,15.673533
2026-03-24 16:30+01:00,16.927412
2026-03-24 16:45+01:00,15.997881
2026-03-24 17:00+01:00,15.530182
2026-03-24 17:15+01:00,21.170700
2026-03-24 17:30+01:00,20.297995
2026-03-24 17:45+01:00,18.621332
2026-03-24 18:00+01:00,0.759578
2026-03-24 18:15+01:00,0.899054
2026-03-24 18:30+01:00,1.169807
2026-03-24 18:45+01:00,0.976362
2026-03-24 19:00+01:00,1.048552
2026-03-24 19:15+01:00,0.957143
2026-03-24 19:30+01:00,0.706176
2026-03-24 19:45+01:00,1.146005
2026-03-24 20:00+01:00,1.181725
2026-03-24 20:15+01:00,0.934896
2026-03-24 20:30+01:00,1.174852
2026-03-24 20:45+01:00,0.786272
2026-03-24 21:00+01:00,0.716602
2026-03-24 21:15+01:00,1.245229
2026-03-24 21:30+01:00,
2026-03-24 21:45+01:00,0.922969
2026-03-24 22:00+01:00,0.749449
2026-03-24 22:15+01:00,0.728444
2026-03-24 22:30+01:00,0.704542
2026-03-24 22:45+01:00,0.998327
2026-03-24 23:00+01:00,1.179751
2026-03-24 23:15+01:00,1.114720
2026-03-24 23:30+01:00,0.951836
2026-03-24 23:45+01:00,1.300707
2026-03-25 00:00+01:00,0.995689
2026-03-25 00:15+01:00,0.815191
2026-03-25 00:30+01:00,1.205643
2026-03-25 00:45+01:00,0.752610
2026-03-25 01:00+01:00,1.173990
2026-03-25 01:15+01:00,0.828911
2026-03-25 01:30+01:00,1.146134
2026-03-25 01:45+01:00,1.169198
2026-03-25 02:00+01:00,0.764937
2026-03-25 02:15+01:00,0.510132
2026-03-25 02:30+01:00,0.853979
2026-03-25 02:45+01:00,0.631885
2026-03-25 03:00+01:00,0.936382
2026-03-25 03:15+01:00,0.616263
2026-03-25 03:30+01:00,1.254644
2026-03-25 03:45+01:00,0.850044
2026-03-25 04:00+01:00,1.207058
2026-03-25 04:15+01:00,1.014322
2026-03-25 04:30+01:00,0.714952
2026-03-25 04:45+01:00,1.064994
2026-03-25 05:00+01:00,0.917441
2026-03-25 05:15+01:00,0.923681
2026-03-25 05:30+01:00,1.024022
2026-03-25 05:45+01:00,0.620704
2026-03-25 06:00+01:00,1.028354
2026-03-25 06:15+01:00,1.168947
2026-03-25 06:30+01:00,0.744317
2026-03-25 06:45+01:00,0.865443
2026-03-25 07:00+01:00,19.208593
2026-03-25 07:15+01:00,17.803363
2026-03-25 07:30+01:00,17.138592
2026-03-25 07:45+01:00,17.292535
2026-03-25 08:00+01:00,15.436517
2026-03-25 08:15+01:00,15.750385
2026-03-25 08:30+01:00,17.494396
2026-03-25 08:45+01:00,20.762307
2026-03-25 09:00+01:00,16.240962
2026-03-25 09:15+01:00,18.784714
2026-03-25 09:30+01:00,13.215611
2026-03-25 09:45+01:00,19.668955
2026-03-25 10:00+01:00,17.144549
2026-03-25 10:15+01:00,19.710467
2026-03-25 10:30+01:00,16.549469
2026-03-25 10:45+01:00,17.288228
2026-03-25 11:00+01:00,19.911059
2026-03-25 11:15+01:00,
2026-03-25 11:30+01:00,17.371600
2026-03-25 11:45+01:00,17.024180
2026-03-25 12:00+01:00,13.703733
2026-03-25 12:15+01:00,18.243245
2026-03-25 12:30+01:00,20.443750
2026-03-25 12:45+01:00,15.835643
2026-03-25 13:00+01:00,14.924093
2026-03-25 13:15+01:00,16.060401
2026-03-25 13:30+01:00,12.016750
2026-03-25 13:45+01:00,15.661519
2026-03-25 14:00+01:00,15.780968
2026-03-25 14:15+01:00,16.476276
2026-03-25 14:30+01:00,20.296349
2026-03-25 14:45+01:00,16.167724
2026-03-25 15:00+01:00,15.610330
2026-03-25 15:15+01:00,19.787662
2026-03-25 15:30+01:00,17.819385
2026-03-25 15:45+01:00,
2026-03-25 16:00+01:00,18.056690
2026-03-25 16:15+01:00,17.619660
2026-03-25 16:30+01:00,17.358273
2026-03-25 16:45+01:00,13.712207
2026-03-25 17:00+01:00,20.184388
2026-03-25 17:15+01:00,15.827487
2026-03-25 17:30+01:00,14.507872
2026-03-25 17:45+01:00,16.828398
2026-03-25 18:00+01:00,
2026-03-25 18:15+01:00,1.031478
2026-03-25 18:30+01:00,1.188489
2026-03-25 18:45+01:00,0.801961
2026-03-25 19:00+01:00,0.957258
2026-03-25 19:15+01:00,0.405217
2026-03-25 19:30+01:00,0.737762
2026-03-25 19:45+01:00,0.671635
2026-03-25 20:00+01:00,
2026-03-25 20:15+01:00,0.831374
2026-03-25 20:30+01:00,0.865802
2026-03-25 20:45+01:00,1.116093
2026-03-25 21:00+01:00,0.956188
2026-03-25 21:15+01:00,0.947330
2026-03-25 21:30+01:00,0.937552
2026-03-25 21:45+01:00,1.130780
2026-03-25 22:00+01:00,1.228776
2026-03-25 22:15+01:00,0.957645
2026-03-25 22:30+01:00,0.807970
2026-03-25 22:45+01:00,0.000000
2026-03-25 23:00+01:00,1.330238
2026-03-25 23:15+01:00,0.783827
2026-03-25 23:30+01:00,0.971676
2026-03-25 23:45+01:00,1.091215
2026-03-26 00:00+01:00,1.373523
2026-03-26 00:15+01:00,1.070743
2026-03-26 00:30+01:00,1.080537
2026-03-26 00:45+01:00,0.983301
2026-03-26 01:00+01:00,0.890176
2026-03-26 01:15+01:00,0.000000
2026-03-26 01:30+01:00,0.735322
2026-03-26 01:45+01:00,1.007291
2026-03-26 02:00+01:00,0.883851
2026-03-26 02:15+01:00,1.132595
2026-03-26 02:30+01:00,1.078018
2026-03-26 02:45+01:00,0.997650
2026-03-26 03:00+01:00,0.759735
2026-03-26 03:15+01:00,0.919031
2026-03-26 03:30+01:00,0.988267
2026-03-26 03:45+01:00,1.014669
2026-03-26 04:00+01:00,1.113722
2026-03-26 04:15+01:00,0.723534
2026-03-26 04:30+01:00,1.267650
2026-03-26 04:45+01:00,0.926134
2026-03-26 05:00+01:00,0.000000
2026-03-26 05:15+01:00,0.000000
2026-03-26 05:30+01:00,1.158800
2026-03-26 05:45+01:00,1.009665
2026-03-26 06:00+01:00,
2026-03-26 06:15+01:00,1.289749
2026-03-26 06:30+01:00,1.321286
2026-03-26 06:45+01:00,0.799448
2026-03-26 07:00+01:00,17.030916
2026-03-26 07:15+01:00,17.501792
2026-03-26 07:30+01:00,15.270765
2026-03-26 07:45+01:00,16.267242
2026-03-26 08:00+01:00,16.806303
2026-03-26 08:15+01:00,14.929186
2026-03-26 08:30+01:00,14.370742
2026-03-26 08:45+01:00,
2026-03-26 09:00+01:00,18.507137
2026-03-26 09:15+01:00,18.274579
2026-03-26 09:30+01:00,15.338135
2026-03-26 09:45+01:00,15.328505
2026-03-26 10:00+01:00,17.829604
2026-03-26 10:15+01:00,21.195578
2026-03-26 10:30+01:00,14.623910
2026-03-26 10:45+01:00,17.314308
2026-03-26 11:00+01:00,16.444479
2026-03-26 11:15+01:00,18.467614
2026-03-26 11:30+01:00,17.025145
2026-03-26 11:45+01:00,14.562693
2026-03-26 12:00+01:00,
2026-03-26 12:15+01:00,17.340560
2026-03-26 12:30+01:00,13.850460
2026-03-26 12:45+01:00,17.720761
2026-03-26 13:00+01:00,17.969112
2026-03-26 13:15+01:00,15.444342
2026-03-26 13:30+01:00,17.280550
2026-03-26 13:45+01:00,18.503116
2026-03-26 14:00+01:00,
2026-03-26 14:15+01:00,13.727262
2026-03-26 14:30+01:00,18.793649
2026-03-26 14:45+01:00,14.790898
2026-03-26 15:00+01:00,13.087635
2026-03-26 15:15+01:00,18.991060
2026-03-26 15:30+01:00,16.839832
2026-03-26 15:45+01:00,16.749086
2026-03-26 16:00+01:00,18.207965
2026-03-26 16:15+01:00,17.233707
2026-03-26 16:30+01:00,13.719038
2026-03-26 16:45+01:00,19.151159
2026-03-26 17:00+01:00,16.705921
2026-03-26 17:15+01:00,16.279491
2026-03-26 17:30+01:00,12.198145
2026-03-26 17:45+01:00,15.276978
2026-03-26 18:00+01:00,0.857851
2026-03-26 18:15+01:00,0.000000
2026-03-26 18:30+01:00,1.235294
2026-03-26 18:45+01:00,1.442048
2026-03-26 19:00+01:00,0.908821
2026-03-26 19:15+01:00,0.743381
2026-03-26 19:30+01:00,0.707429
2026-03-26 19:45+01:00,0.916823
2026-03-26 20:00+01:00,0.804419
2026-03-26 20:15+01:00,1.150449
2026-03-26 20:30+01:00,1.104001
2026-03-26 20:45+01:00,0.983104
2026-03-26 21:00+01:00,0.540229
2026-03-26 21:15+01:00,0.000000
2026-03-26 21:30+01:00,0.683206
2026-03-26 21:45+01:00,0.977672
2026-03-26 22:00+01:00,0.884056
2026-03-26 22:15+01:00,0.902044
2026-03-26 22:30+01:00,1.055426
2026-03-26 22:45+01:00,1.127982
2026-03-26 23:00+01:00,0.943018
2026-03-26 23:15+01:00,0.953603
2026-03-26 23:30+01:00,0.828152
2026-03-26 23:45+01:00,0.945135
2026-03-27 00:00+01:00,1.127247
2026-03-27 00:15+01:00,0.793653
2026-03-27 00:30+01:00,1.035725
2026-03-27 00:45+01:00,1.138143
2026-03-27 01:00+01:00,0.981289
2026-03-27 01:15+01:00,1.266150
2026-03-27 01:30+01:00,0.711054
2026-03-27 01:45+01:00,0.800348
2026-03-27 02:00+01:00,1.044122
2026-03-27 02:15+01:00,1.188431
2026-03-27 02:30+01:00,0.000000
2026-03-27 02:45+01:00,0.910113
2026-03-27 03:00+01:00,0.885614
2026-03-27 03:15+01:00,0.896817
2026-03-27 03:30+01:00,0.616540
2026-03-27 03:45+01:00,1.121719
2026-03-27 04:00+01:00,0.000000
2026-03-27 04:15+01:00,0.760047
2026-03-27 04:30+01:00,0.856962
2026-03-27 04:45+01:00,1.058979
2026-03-27 05:00+01:00,1.177542
2026-03-27 05:15+01:00,0.493049
2026-03-27 05:30+01:00,1.061451
2026-03-27 05:45+01:00,1.142600
2026-03-27 06:00+01:00,1.040243
2026-03-27 06:15+01:00,1.104476
2026-03-27 06:30+01:00,0.878045
2026-03-27 06:45+01:00,1.200428
2026-03-27 07:00+01:00,19.411868
2026-03-27 07:15+01:00,19.230515
2026-03-27 07:30+01:00,13.873701
2026-03-27 07:45+01:00,13.291812
2026-03-27 08:00+01:00,14.788166
2026-03-27 08:15+01:00,17.139111
2026-03-27 08:30+01:00,19.377165
2026-03-27 08:45+01:00,16.461330
2026-03-27 09:00+01:00,14.397024
2026-03-27 09:15+01:00,17.572539
2026-03-27 09:30+01:00,17.330092
2026-03-27 09:45+01:00,15.073339
2026-03-27 10:00+01:00,18.284559
2026-03-27 10:15+01:00,19.305093
2026-03-27 10:30+01:00,
2026-03-27 10:45+01:00,18.424387
2026-03-27 11:00+01:00,15.598560
2026-03-27 11:15+01:00,15.176623
2026-03-27 11:30+01:00,14.656835
2026-03-27 11:45+01:00,17.682717
2026-03-27 12:00+01:00,17.768865
2026-03-27 12:15+01:00,
2026-03-27 12:30+01:00,17.233763
2026-03-27 12:45+01:00,
2026-03-27 13:00+01:00,15.010178
2026-03-27 13:15+01:00,20.769772
2026-03-27 13:30+01:00,17.438964
2026-03-27 13:45+01:00,18.591245
2026-03-27 14:00+01:00,18.851323
2026-03-27 14:15+01:00,16.982579
2026-03-27 14:30+01:00,18.731822
2026-03-27 14:45+01:00,14.971407
2026-03-27 15:00+01:00,13.783557
2026-03-27 15:15+01:00,18.914851
2026-03-27 15:30+01:00,15.798524
2026-03-27 15:45+01:00,12.636387
2026-03-27 16:00+01:00,18.841264
2026-03-27 16:15+01:00,17.994024
2026-03-27 16:30+01:00,15.544792
2026-03-27 16:45+01:00,17.657469
2026-03-27 17:00+01:00,19.264024
2026-03-27 17:15+01:00,13.856587
2026-03-27 17:30+01:00,15.554487
2026-03-27 17:45+01:00,18.276694
2026-03-27 18:00+01:00,0.941344
2026-03-27 18:15+01:00,0.887065
2026-03-27 18:30+01:00,1.104750
2026-03-27 18:45+01:00,1.041078
2026-03-27 19:00+01:00,0.852373
2026-03-27 19:15+01:00,1.156905
2026-03-27 19:30+01:00,0.839245
2026-03-27 19:45+01:00,0.768193
2026-03-27 20:00+01:00,0.896574
2026-03-27 20:15+01:00,0.808274
2026-03-27 20:30+01:00,0.932906
2026-03-27 20:45+01:00,0.652662
2026-03-27 21:00+01:00,0.967169
2026-03-27 21:15+01:00,0.976480
2026-03-27 21:30+01:00,0.844662
2026-03-27 21:45+01:00,1.173818
2026-03-27 22:00+01:00,0.928994
2026-03-27 22:15+01:00,0.887169
2026-03-27 22:30+01:00,1.073875
2026-03-27 22:45+01:00,0.520601
2026-03-27 23:00+01:00,1.178362
2026-03-27 23:15+01:00,0.980815
2026-03-27 23:30+01:00,0.924652
2026-03-27 23:45+01:00,1.003855
2026-03-28 00:00+01:00,0.833832
2026-03-28 00:15+01:00,0.358362
2026-03-28 00:30+01:00,0.517893
2026-03-28 00:45+01:00,0.477583
2026-03-28 01:00+01:00,0.314733
2026-03-28 01:15+01:00,0.365269
2026-03-28 01:30+01:00,0.443798
2026-03-28 01:45+01:00,0.453188
2026-03-28 02:00+01:00,0.385774
2026-03-28 02:15+01:00,0.000000
2026-03-28 02:30+01:00,0.604512
2026-03-28 02:45+01:00,0.573571
2026-03-28 03:00+01:00,0.500608
2026-03-28 03:15+01:00,0.403979
2026-03-28 03:30+01:00,0.520634
2026-03-28 03:45+01:00,0.327178
2026-03-28 04:00+01:00,0.394338
2026-03-28 04:15+01:00,0.487468
2026-03-28 04:30+01:00,0.569081
2026-03-28 04:45+01:00,
2026-03-28 05:00+01:00,0.537779
2026-03-28 05:15+01:00,0.400798
2026-03-28 05:30+01:00,0.412864
2026-03-28 05:45+01:00,0.520466
2026-03-28 06:00+01:00,0.382074
2026-03-28 06:15+01:00,0.491936
2026-03-28 06:30+01:00,0.424054
2026-03-28 06:45+01:00,0.413778
2026-03-28 07:00+01:00,0.437376
2026-03-28 07:15+01:00,0.417357
2026-03-28 07:30+01:00,0.419033
2026-03-28 07:45+01:00,0.478709
2026-03-28 08:00+01:00,
2026-03-28 08:15+01:00,0.510434
2026-03-28 08:30+01:00,0.592333
2026-03-28 08:45+01:00,0.383951
2026-03-28 09:00+01:00,0.423262
2026-03-28 09:15+01:00,0.401118
2026-03-28 09:30+01:00,0.578994
2026-03-28 09:45+01:00,0.506448
2026-03-28 10:00+01:00,0.523381
2026-03-28 10:15+01:00,0.544842
2026-03-28 10:30+01:00,0.482352
2026-03-28 10:45+01:00,0.456987
2026-03-28 11:00+01:00,0.412826
2026-03-28 11:15+01:00,
2026-03-28 11:30+01:00,0.459318
2026-03-28 11:45+01:00,0.314552
2026-03-28 12:00+01:00,
2026-03-28 12:15+01:00,0.577640
2026-03-28 12:30+01:00,0.622715
2026-03-28 12:45+01:00,0.617456
2026-03-28 13:00+01:00,0.465474
2026-03-28 13:15+01:00,0.476844
2026-03-28 13:30+01:00,0.591068
2026-03-28 13:45+01:00,0.470094
2026-03-28 14:00+01:00,0.557548
2026-03-28 14:15+01:00,0.477949
2026-03-28 14:30+01:00,0.538967
2026-03-28 14:45+01:00,0.433598
2026-03-28 15:00+01:00,0.479342
2026-03-28 15:15+01:00,0.442078
2026-03-28 15:30+01:00,0.443780
2026-03-28 15:45+01:00,0.487254
2026-03-28 16:00+01:00,
2026-03-28 16:15+01:00,0.530120
2026-03-28 16:30+01:00,0.545635
2026-03-28 16:45+01:00,0.522331
2026-03-28 17:00+01:00,0.597712
2026-03-28 17:15+01:00,0.532305
2026-03-28 17:30+01:00,0.461063
2026-03-28 17:45+01:00,0.519282
2026-03-28 18:00+01:00,0.472963
2026-03-28 18:15+01:00,0.487145
2026-03-28 18:30+01:00,0.376952
2026-03-28 18:45+01:00,
2026-03-28 19:00+01:00,0.000000
2026-03-28 19:15+01:00,0.436024
2026-03-28 19:30+01:00,0.000000
2026-03-28 19:45+01:00,0.561795
2026-03-28 20:00+01:00,0.440887
2026-03-28 20:15+01:00,0.619547
2026-03-28 20:30+01:00,1.550881
2026-03-28 20:45+01:00,0.694462
2026-03-28 21:00+01:00,0.475860
2026-03-28 21:15+01:00,0.533623
2026-03-28 21:30+01:00,0.459237
2026-03-28 21:45+01:00,0.519189
2026-03-28 22:00+01:00,0.523373
2026-03-28 22:15+01:00,0.400653
2026-03-28 22:30+01:00,0.000000
2026-03-28 22:45+01:00,
2026-03-28 23:00+01:00,0.536271
2026-03-28 23:15+01:00,0.534930
2026-03-28 23:30+01:00,0.574877
2026-03-28 23:45+01:00,0.505130
2026-03-29 00:00+01:00,0.413578
2026-03-29 00:15+01:00,0.551593
2026-03-29 00:30+01:00,0.456208
2026-03-29 00:45+01:00,0.396713
2026-03-29 01:00+01:00,0.303324
2026-03-29 01:15+01:00,0.487224
2026-03-29 01:30+01:00,0.605219
2026-03-29 01:45+01:00,0.622245
2026-03-29 03:00+02:00,0.548052
2026-03-29 03:15+02:00,0.460529
2026-03-29 03:30+02:00,0.533568
2026-03-29 03:45+02:00,0.526338
2026-03-29 04:00+02:00,0.456853
2026-03-29 04:15+02:00,0.000000
2026-03-29 04:30+02:00,0.394026
2026-03-29 04:45+02:00,0.456334
2026-03-29 05:00+02:00,0.593330
2026-03-29 05:15+02:00,0.460326
2026-03-29 05:30+02:00,0.530857
2026-03-29 05:45+02:00,0.408600
2026-03-29 06:00+02:00,0.390487
2026-03-29 06:15+02:00,0.294382
2026-03-29 06:30+02:00,0.604041
2026-03-29 06:45+02:00,0.457801
2026-03-29 07:00+02:00,0.495139
2026-03-29 07:15+02:00,0.000000
2026-03-29 07:30+02:00,0.563452
2026-03-29 07:45+02:00,0.646358
2026-03-29 08:00+02:00,
2026-03-29 08:15+02:00,0.286902
2026-03-29 08:30+02:00,0.394088
2026-03-29 08:45+02:00,0.373892
2026-03-29 09:00+02:00,0.472472
2026-03-29 09:15+02:00,0.519978
2026-03-29 09:30+02:00,0.000000
2026-03-29 09:45+02:00,0.462067
2026-03-29 10:00+02:00,0.437069
2026-03-29 10:15+02:00,0.479616
2026-03-29 10:30+02:00,0.370211
2026-03-29 10:45+02:00,0.000000
2026-03-29 11:00+02:00,0.661525
2026-03-29 11:15+02:00,0.361595
2026-03-29 11:30+02:00,
2026-03-29 11:45+02:00,0.541195
2026-03-29 12:00+02:00,0.388115
2026-03-29 12:15+02:00,0.446752
2026-03-29 12:30+02:00,0.506285
2026-03-29 12:45+02:00,0.419322
2026-03-29 13:00+02:00,0.477491
2026-03-29 13:15+02:00,0.622102
2026-03-29 13:30+02:00,0.436307
2026-03-29 13:45+02:00,0.622869
2026-03-29 14:00+02:00,0.461253
2026-03-29 14:15+02:00,0.574022
2026-03-29 14:30+02:00,0.528779
2026-03-29 14:45+02:00,0.504020
2026-03-29 15:00+02:00,0.000000
2026-03-29 15:15+02:00,0.497812
2026-03-29 15:30+02:00,0.534759
2026-03-29 15:45+02:00,0.453760
2026-03-29 16:00+02:00,0.424410
2026-03-29 16:15+02:00,
2026-03-29 16:30+02:00,0.553794
2026-03-29 16:45+02:00,0.522298
2026-03-29 17:00+02:00,0.526185
2026-03-29 17:15+02:00,0.379377
2026-03-29 17:30+02:00,0.503108
2026-03-29 17:45+02:00,0.497636
2026-03-29 18:00+02:00,0.677143
2026-03-29 18:15+02:00,0.471046
2026-03-29 18:30+02:00,0.348221
2026-03-29 18:45+02:00,0.601578
2026-03-29 19:00+02:00,0.449330
2026-03-29 19:15+02:00,0.288681
2026-03-29 19:30+02:00,0.387385
2026-03-29 19:45+02:00,0.400000
2026-03-29 20:00+02:00,0.466568
2026-03-29 20:15+02:00,0.000000
2026-03-29 20:30+02:00,0.497562
2026-03-29 20:45+02:00,0.478241
2026-03-29 21:00+02:00,0.573685
2026-03-29 21:15+02:00,0.000000
2026-03-29 21:30+02:00,0.564278
2026-03-29 21:45+02:00,0.631964
2026-03-29 22:00+02:00,0.582978
2026-03-29 22:15+02:00,0.311999
2026-03-29 22:30+02:00,0.489503
2026-03-29 22:45+02:00,0.487533
2026-03-29 23:00+02:00,0.000000
2026-03-29 23:15+02:00,0.404590
2026-03-29 23:30+02:00,0.339015
2026-03-29 23:45+02:00,0.438070
2026-03-30 00:00+02:00,0.542855
2026-03-30 00:15+02:00,1.074338
2026-03-30 00:30+02:00,0.000000
2026-03-30 00:45+02:00,0.835179
2026-03-30 01:00+02:00,0.796804
2026-03-30 01:15+02:00,1.210663
2026-03-30 01:30+02:00,0.000000
2026-03-30 01:45+02:00,0.895743
2026-03-30 02:00+02:00,0.596306
2026-03-30 02:15+02:00,1.185991
2026-03-30 02:30+02:00,0.999017
2026-03-30 02:45+02:00,0.919336
2026-03-30 03:00+02:00,1.308933
2026-03-30 03:15+02:00,1.286823
2026-03-30 03:30+02:00,0.980056
2026-03-30 03:45+02:00,0.771897
2026-03-30 04:00+02:00,1.069320
2026-03-30 04:15+02:00,0.852227
2026-03-30 04:30+02:00,1.159178
2026-03-30 04:45+02:00,1.145594
2026-03-30 05:00+02:00,
2026-03-30 05:15+02:00,0.882565
2026-03-30 05:30+02:00,0.916033
2026-03-30 05:45+02:00,0.790982
2026-03-30 06:00+02:00,0.848496
2026-03-30 06:15+02:00,0.830099
2026-03-30 06:30+02:00,1.229235
2026-03-30 06:45+02:00,0.822703
2026-03-30 07:00+02:00,15.527679
2026-03-30 07:15+02:00,14.557455
2026-03-30 07:30+02:00,17.116341
2026-03-30 07:45+02:00,17.676981
2026-03-30 08:00+02:00,17.602890
2026-03-30 08:15+02:00,15.540577
2026-03-30 08:30+02:00,16.911321
2026-03-30 08:45+02:00,13.817222
2026-03-30 09:00+02:00,16.544110
2026-03-30 09:15+02:00,19.419843
2026-03-30 09:30+02:00,20.108159
2026-03-30 09:45+02:00,17.674554
2026-03-30 10:00+02:00,17.645014
2026-03-30 10:15+02:00,17.824279
2026-03-30 10:30+02:00,17.672922
2026-03-30 10:45+02:00,16.821822
2026-03-30 11:00+02:00,18.832104
2026-03-30 11:15+02:00,15.202740
2026-03-30 11:30+02:00,18.119451
2026-03-30 11:45+02:00,17.406941
2026-03-30 12:00+02:00,
2026-03-30 12:15+02:00,14.374560
2026-03-30 12:30+02:00,17.073317
2026-03-30 12:45+02:00,19.901750
2026-03-30 13:00+02:00,15.733108
2026-03-30 13:15+02:00,
2026-03-30 13:30+02:00,16.389714
2026-03-30 13:45+02:00,17.457571
2026-03-30 14:00+02:00,15.963367
2026-03-30 14:15+02:00,13.053636
2026-03-30 14:30+02:00,
2026-03-30 14:45+02:00,14.384728
2026-03-30 15:00+02:00,
2026-03-30 15:15+02:00,14.884346
2026-03-30 15:30+02:00,19.143782
2026-03-30 15:45+02:00,14.228533
2026-03-30 16:00+02:00,17.171366
2026-03-30 16:15+02:00,17.582077
2026-03-30 16:30+02:00,17.979732
2026-03-30 16:45+02:00,17.189510
2026-03-30 17:00+02:00,15.319037
2026-03-30 17:15+02:00,15.560539
2026-03-30 17:30+02:00,16.386554
2026-03-30 17:45+02:00,16.953945
2026-03-30 18:00+02:00,1.061032
2026-03-30 18:15+02:00,1.160434
2026-03-30 18:30+02:00,0.825022
2026-03-30 18:45+02:00,1.016834
2026-03-30 19:00+02:00,0.735148
2026-03-30 19:15+02:00,0.768570
2026-03-30 19:30+02:00,1.314748
2026-03-30 19:45+02:00,0.761403
2026-03-30 20:00+02:00,1.094054
2026-03-30 20:15+02:00,1.153586
2026-03-30 20:30+02:00,0.000000
2026-03-30 20:45+02:00,0.833684
2026-03-30 21:00+02:00,1.025291
2026-03-30 21:15+02:00,
2026-03-30 21:30+02:00,1.092015
2026-03-30 21:45+02:00,1.039165
2026-03-30 22:00+02:00,0.000000
2026-03-30 22:15+02:00,0.738794
2026-03-30 22:30+02:00,0.997854
2026-03-30 22:45+02:00,0.733876
2026-03-30 23:00+02:00,1.051764
2026-03-30 23:15+02:00,0.942123
2026-03-30 23:30+02:00,1.123895
2026-03-30 23:45+02:00,0.981285
2026-03-31 00:00+02:00,1.046146
2026-03-31 00:15+02:00,0.598013
2026-03-31 00:30+02:00,0.936401
2026-03-31 00:45+02:00,1.127262
2026-03-31 01:00+02:00,1.391847
2026-03-31 01:15+02:00,1.055119
2026-03-31 01:30+02:00,0.692489
2026-03-31 01:45+02:00,0.941373
2026-03-31 02:00+02:00,0.950933
2026-03-31 02:15+02:00,0.989691
2026-03-31 02:30+02:00,1.124616
2026-03-31 02:45+02:00,1.277277
2026-03-31 03:00+02:00,1.096369
2026-03-31 03:15+02:00,1.078465
2026-03-31 03:30+02:00,0.913956
2026-03-31 03:45+02:00,0.967094
2026-03-31 04:00+02:00,1.011937
2026-03-31 04:15+02:00,0.966491
2026-03-31 04:30+02:00,0.837343
2026-03-31 04:45+02:00,0.000000
2026-03-31 05:00+02:00,0.953345
2026-03-31 05:15+02:00,1.236787
2026-03-31 05:30+02:00,0.667163
2026-03-31 05:45+02:00,0.862517
2026-03-31 06:00+02:00,0.981118
2026-03-31 06:15+02:00,0.857974
2026-03-31 06:30+02:00,1.003459
2026-03-31 06:45+02:00,0.000000
2026-03-31 07:00+02:00,18.122373
2026-03-31 07:15+02:00,15.714506
2026-03-31 07:30+02:00,18.716801
2026-03-31 07:45+02:00,17.633004
2026-03-31 08:00+02:00,16.976392
2026-03-31 08:15+02:00,16.582840
2026-03-31 08:30+02:00,15.879794
2026-03-31 08:45+02:00,19.861620
2026-03-31 09:00+02:00,20.494075
2026-03-31 09:15+02:00,17.103832
2026-03-31 09:30+02:00,15.208795
2026-03-31 09:45+02:00,18.251532
2026-03-31 10:00+02:00,16.700458
2026-03-31 10:15+02:00,15.514061
2026-03-31 10:30+02:00,15.804597
2026-03-31 10:45+02:00,13.198382
2026-03-31 11:00+02:00,
2026-03-31 11:15+02:00,12.789930
2026-03-31 11:30+02:00,21.547807
2026-03-31 11:45+02:00,16.062197
2026-03-31 12:00+02:00,17.024582
2026-03-31 12:15+02:00,16.800201
2026-03-31 12:30+02:00,15.827658
2026-03-31 12:45+02:00,18.124399
2026-03-31 13:00+02:00,16.969473
2026-03-31 13:15+02:00,15.015518
2026-03-31 13:30+02:00,16.423895
2026-03-31 13:45+02:00,12.978013
2026-03-31 14:00+02:00,17.303059
2026-03-31 14:15+02:00,16.649107
2026-03-31 14:30+02:00,15.892624
2026-03-31 14:45+02:00,16.575937
2026-03-31 15:00+02:00,16.144092
2026-03-31 15:15+02:00,14.817537
2026-03-31 15:30+02:00,17.878622
2026-03-31 15:45+02:00,19.794673
2026-03-31 16:00+02:00,19.179975
2026-03-31 16:15+02:00,15.610615
2026-03-31 16:30+02:00,18.566724
2026-03-31 16:45+02:00,19.720096
2026-03-31 17:00+02:00,17.070035
2026-03-31 17:15+02:00,
2026-03-31 17:30+02:00,20.904614
2026-03-31 17:45+02:00,15.697632
2026-03-31 18:00+02:00,0.582397
2026-03-31 18:15+02:00,0.565073
2026-03-31 18:30+02:00,1.403003
2026-03-31 18:45+02:00,1.081486
2026-03-31 19:00+02:00,1.057710
2026-03-31 19:15+02:00,0.870819
2026-03-31 19:30+02:00,1.051699
2026-03-31 19:45+02:00,0.573026
2026-03-31 20:00+02:00,1.078270
2026-03-31 20:15+02:00,0.813633
2026-03-31 20:30+02:00,1.047778
2026-03-31 20:45+02:00,0.905186
2026-03-31 21:00+02:00,1.193994
2026-03-31 21:15+02:00,1.340213
2026-03-31 21:30+02:00,1.049675
2026-03-31 21:45+02:00,1.054301
2026-03-31 22:00+02:00,0.833999
2026-03-31 22:15+02:00,1.051134
2026-03-31 22:30+02:00,0.965583
2026-03-31 22:45+02:00,0.987403
2026-03-31 23:00+02:00,0.999150
2026-03-31 23:15+02:00,1.195270
2026-03-31 23:30+02:00,
2026-03-31 23:45+02:00,0.852702
2026-04-01 00:00+02:00,0.000000
2026-04-01 00:15+02:00,0.739186
2026-04-01 00:30+02:00,0.901671
2026-04-01 00:45+02:00,1.028180
2026-04-01 01:00+02:00,0.770619
2026-04-01 01:15+02:00,0.764784
2026-04-01 01:30+02:00,0.633358
2026-04-01 01:45+02:00,1.033822
2026-04-01 02:00+02:00,1.034714
2026-04-01 02:15+02:00,1.077553
2026-04-01 02:30+02:00,1.155214
2026-04-01 02:45+02:00,0.801360
2026-04-01 03:00+02:00,1.106209
2026-04-01 03:15+02:00,0.608107
2026-04-01 03:30+02:00,0.857169
2026-04-01 03:45+02:00,0.693032
2026-04-01 04:00+02:00,1.272278
2026-04-01 04:15+02:00,1.421593
2026-04-01 04:30+02:00,0.725531
2026-04-01 04:45+02:00,1.059807
2026-04-01 05:00+02:00,1.135745
2026-04-01 05:15+02:00,1.044203
2026-04-01 05:30+02:00,0.883153
2026-04-01 05:45+02:00,0.995006
2026-04-01 06:00+02:00,0.927244
2026-04-01 06:15+02:00,0.786702
2026-04-01 06:30+02:00,1.091900
2026-04-01 06:45+02:00,0.888817
2026-04-01 07:00+02:00,17.957846
2026-04-01 07:15+02:00,17.723617
2026-04-01 07:30+02:00,15.572139
2026-04-01 07:45+02:00,15.841870
2026-04-01 08:00+02:00,16.612955
2026-04-01 08:15+02:00,18.148662
2026-04-01 08:30+02:00,17.086500
2026-04-01 08:45+02:00,15.330848
2026-04-01 09:00+02:00,17.707617
2026-04-01 09:15+02:00,16.401386
2026-04-01 09:30+02:00,18.541415
2026-04-01 09:45+02:00,17.104583
2026-04-01 10:00+02:00,17.026772
2026-04-01 10:15+02:00,20.407913
2026-04-01 10:30+02:00,
2026-04-01 10:45+02:00,19.073460
2026-04-01 11:00+02:00,16.617532
2026-04-01 11:15+02:00,11.955660
2026-04-01 11:30+02:00,18.008001
2026-04-01 11:45+02:00,16.683859
2026-04-01 12:00+02:00,15.547272
2026-04-01 12:15+02:00,16.252381
2026-04-01 12:30+02:00,18.776726
2026-04-01 12:45+02:00,15.918928
2026-04-01 13:00+02:00,17.954300
2026-04-01 13:15+02:00,16.719578
2026-04-01 13:30+02:00,20.699991
2026-04-01 13:45+02:00,18.123691
2026-04-01 14:00+02:00,16.539539
2026-04-01 14:15+02:00,18.462426
2026-04-01 14:30+02:00,16.754007
2026-04-01 14:45+02:00,17.739053
2026-04-01 15:00+02:00,18.350942
2026-04-01 15:15+02:00,17.718534
2026-04-01 15:30+02:00,14.286515
2026-04-01 15:45+02:00,18.663565
2026-04-01 16:00+02:00,18.222779
2026-04-01 16:15+02:00,15.212750
2026-04-01 16:30+02:00,19.836250
2026-04-01 16:45+02:00,19.233454
2026-04-01 17:00+02:00,
2026-04-01 17:15+02:00,14.622269
2026-04-01 17:30+02:00,13.091105
2026-04-01 17:45+02:00,16.942370
2026-04-01 18:00+02:00,1.322407
2026-04-01 18:15+02:00,1.091650
2026-04-01 18:30+02:00,0.717567
2026-04-01 18:45+02:00,0.810487
2026-04-01 19:00+02:00,0.957481
2026-04-01 19:15+02:00,0.665267
2026-04-01 19:30+02:00,0.751798
2026-04-01 19:45+02:00,1.204069
2026-04-01 20:00+02:00,1.273275
2026-04-01 20:15+02:00,1.101432
2026-04-01 20:30+02:00,1.281362
2026-04-01 20:45+02:00,0.925677
2026-04-01 21:00+02:00,1.323863
2026-04-01 21:15+02:00,0.982321
2026-04-01 21:30+02:00,0.776660
2026-04-01 21:45+02:00,0.530957
2026-04-01 22:00+02:00,1.105880
2026-04-01 22:15+02:00,0.635651
2026-04-01 22:30+02:00,1.120652
2026-04-01 22:45+02:00,0.954389
2026-04-01 23:00+02:00,0.672469
2026-04-01 23:15+02:00,0.894546
2026-04-01 23:30+02:00,0.947771
2026-04-01 23:45+02:00,0.803771
2026-04-02 00:00+02:00,0.911949
2026-04-02 00:15+02:00,1.244833
2026-04-02 00:30+02:00,0.996217
2026-04-02 00:45+02:00,0.742529
2026-04-02 01:00+02:00,1.120427
2026-04-02 01:15+02:00,1.096035
2026-04-02 01:30+02:00,
2026-04-02 01:45+02:00,0.857458
2026-04-02 02:00+02:00,1.180590
2026-04-02 02:15+02:00,1.005957
2026-04-02 02:30+02:00,0.521820
2026-04-02 02:45+02:00,1.042800
2026-04-02 03:00+02:00,0.801208
2026-04-02 03:15+02:00,0.759958
2026-04-02 03:30+02:00,0.876327
2026-04-02 03:45+02:00,0.476151
2026-04-02 04:00+02:00,1.173500
2026-04-02 04:15+02:00,0.940320
2026-04-02 04:30+02:00,0.977425
2026-04-02 04:45+02:00,0.977309
2026-04-02 05:00+02:00,1.003486
2026-04-02 05:15+02:00,0.942271
2026-04-02 05:30+02:00,0.992036
2026-04-02 05:45+02:00,
2026-04-02 06:00+02:00,0.723286
2026-04-02 06:15+02:00,1.148818
2026-04-02 06:30+02:00,1.127000
2026-04-02 06:45+02:00,0.940114
2026-04-02 07:00+02:00,19.587395
2026-04-02 07:15+02:00,15.680281
2026-04-02 07:30+02:00,14.703792
2026-04-02 07:45+02:00,17.757912
2026-04-02 08:00+02:00,17.457811
2026-04-02 08:15+02:00,12.811081
2026-04-02 08:30+02:00,14.898646
2026-04-02 08:45+02:00,15.969147
2026-04-02 09:00+02:00,19.883277
2026-04-02 09:15+02:00,18.147652
2026-04-02 09:30+02:00,15.108831
2026-04-02 09:45+02:00,19.660877
2026-04-02 10:00+02:00,16.392107
2026-04-02 10:15+02:00,15.851950
2026-04-02 10:30+02:00,17.033233
2026-04-02 10:45+02:00,15.077614
2026-04-02 11:00+02:00,17.812149
2026-04-02 11:15+02:00,15.743898
2026-04-02 11:30+02:00,17.558611
2026-04-02 11:45+02:00,16.992277
2026-04-02 12:00+02:00,18.031874
2026-04-02 12:15+02:00,18.895784
2026-04-02 12:30+02:00,15.983160
2026-04-02 12:45+02:00,
2026-04-02 13:00+02:00,17.368743
2026-04-02 13:15+02:00,17.589808
2026-04-02 13:30+02:00,16.553804
2026-04-02 13:45+02:00,15.274785
2026-04-02 14:00+02:00,19.199631
2026-04-02 14:15+02:00,21.556880
2026-04-02 14:30+02:00,16.943516
2026-04-02 14:45+02:00,16.861751
2026-04-02 15:00+02:00,14.424107
2026-04-02 15:15+02:00,16.614319
2026-04-02 15:30+02:00,
2026-04-02 15:45+02:00,18.232096
2026-04-02 16:00+02:00,19.808387
2026-04-02 16:15+02:00,
2026-04-02 16:30+02:00,17.823942
2026-04-02 16:45+02:00,15.534781
2026-04-02 17:00+02:00,14.291034
2026-04-02 17:15+02:00,14.968090
2026-04-02 17:30+02:00,17.515190
2026-04-02 17:45+02:00,14.098508
2026-04-02 18:00+02:00,0.811786
2026-04-02 18:15+02:00,1.016327
2026-04-02 18:30+02:00,0.000000
2026-04-02 18:45+02:00,0.669874
2026-04-02 19:00+02:00,1.033496
2026-04-02 19:15+02:00,1.155194
2026-04-02 19:30+02:00,0.861367
2026-04-02 19:45+02:00,0.995404
2026-04-02 20:00+02:00,0.922751
2026-04-02 20:15+02:00,0.891937
2026-04-02 20:30+02:00,0.995118
2026-04-02 20:45+02:00,0.833259
2026-04-02 21:00+02:00,0.996763
2026-04-02 21:15+02:00,
2026-04-02 21:30+02:00,1.312666
2026-04-02 21:45+02:00,0.000000
2026-04-02 22:00+02:00,0.867305
2026-04-02 22:15+02:00,1.230855
2026-04-02 22:30+02:00,1.030718
2026-04-02 22:45+02:00,0.834350
2026-04-02 23:00+02:00,0.995100
2026-04-02 23:15+02:00,0.812623
2026-04-02 23:30+02:00,1.225886
2026-04-02 23:45+02:00,1.036994
2026-04-03 00:00+02:00,0.651084
2026-04-03 00:15+02:00,
2026-04-03 00:30+02:00,0.640316
2026-04-03 00:45+02:00,1.048824
2026-04-03 01:00+02:00,1.135210
2026-04-03 01:15+02:00,0.000000
2026-04-03 01:30+02:00,0.831436
2026-04-03 01:45+02:00,
2026-04-03 02:00+02:00,0.507662
2026-04-03 02:15+02:00,0.783764
2026-04-03 02:30+02:00,1.038593
2026-04-03 02:45+02:00,0.797239
2026-04-03 03:00+02:00,0.989158
2026-04-03 03:15+02:00,0.912544
2026-04-03 03:30+02:00,0.714351
2026-04-03 03:45+02:00,0.797272
2026-04-03 04:00+02:00,1.281152
2026-04-03 04:15+02:00,1.110503
2026-04-03 04:30+02:00,0.645106
2026-04-03 04:45+02:00,0.862998
2026-04-03 05:00+02:00,0.845463
2026-04-03 05:15+02:00,0.914120
2026-04-03 05:30+02:00,0.855458
2026-04-03 05:45+02:00,0.879954
2026-04-03 06:00+02:00,1.092761
2026-04-03 06:15+02:00,1.091888
2026-04-03 06:30+02:00,1.056739
2026-04-03 06:45+02:00,1.130316
2026-04-03 07:00+02:00,18.632134
2026-04-03 07:15+02:00,16.924484
2026-04-03 07:30+02:00,15.141513
2026-04-03 07:45+02:00,15.010663
2026-04-03 08:00+02:00,18.327771
2026-04-03 08:15+02:00,12.366664
2026-04-03 08:30+02:00,20.028781
2026-04-03 08:45+02:00,16.622112
2026-04-03 09:00+02:00,21.560804
2026-04-03 09:15+02:00,19.112448
2026-04-03 09:30+02:00,18.984767
2026-04-03 09:45+02:00,
2026-04-03 10:00+02:00,16.675775
2026-04-03 10:15+02:00,15.170315
2026-04-03 10:30+02:00,14.161212
2026-04-03 10:45+02:00,15.499214
2026-04-03 11:00+02:00,14.815642
2026-04-03 11:15+02:00,16.244209
2026-04-03 11:30+02:00,14.675080
2026-04-03 11:45+02:00,16.951861
2026-04-03 12:00+02:00,16.456745
2026-04-03 12:15+02:00,14.394040
2026-04-03 12:30+02:00,16.807809
2026-04-03 12:45+02:00,20.861233
2026-04-03 13:00+02:00,
2026-04-03 13:15+02:00,16.755567
2026-04-03 13:30+02:00,16.828399
2026-04-03 13:45+02:00,17.021053
2026-04-03 14:00+02:00,17.111724
2026-04-03 14:15+02:00,17.770005
2026-04-03 14:30+02:00,17.880828
2026-04-03 14:45+02:00,14.121003
2026-04-03 15:00+02:00,
2026-04-03 15:15+02:00,18.200505
2026-04-03 15:30+02:00,11.915989
2026-04-03 15:45+02:00,16.241210
2026-04-03 16:00+02:00,18.878524
2026-04-03 16:15+02:00,15.847741
2026-04-03 16:30+02:00,17.263858
2026-04-03 16:45+02:00,17.825610
2026-04-03 17:00+02:00,16.512617
2026-04-03 17:15+02:00,12.710514
2026-04-03 17:30+02:00,15.056949
2026-04-03 17:45+02:00,18.423141
2026-04-03 18:00+02:00,1.051236
2026-04-03 18:15+02:00,1.346608
2026-04-03 18:30+02:00,0.934399
2026-04-03 18:45+02:00,0.900347
2026-04-03 19:00+02:00,1.114622
2026-04-03 19:15+02:00,1.077759
2026-04-03 19:30+02:00,1.018709
2026-04-03 19:45+02:00,0.822104
2026-04-03 20:00+02:00,1.141231
2026-04-03 20:15+02:00,0.834947
2026-04-03 20:30+02:00,0.945393
2026-04-03 20:45+02:00,0.954766
2026-04-03 21:00+02:00,1.096317
2026-04-03 21:15+02:00,1.069035
2026-04-03 21:30+02:00,1.181588
2026-04-03 21:45+02:00,0.951619
2026-04-03 22:00+02:00,1.286417
2026-04-03 22:15+02:00,1.209020
2026-04-03 22:30+02:00,0.932839
2026-04-03 22:45+02:00,1.102589
2026-04-03 23:00+02:00,0.849306
2026-04-03 23:15+02:00,0.821065
2026-04-03 23:30+02:00,0.946293
2026-04-03 23:45+02:00,0.956497
2026-04-04 00:00+02:00,0.929303
2026-04-04 00:15+02:00,0.615357
2026-04-04 00:30+02:00,0.480153
2026-04-04 00:45+02:00,0.542334
2026-04-04 01:00+02:00,0.478900
2026-04-04 01:15+02:00,0.589896
2026-04-04 01:30+02:00,0.523576
2026-04-04 01:45+02:00,0.473552
2026-04-04 02:00+02:00,0.593581
2026-04-04 02:15+02:00,0.611603
2026-04-04 02:30+02:00,0.473617
2026-04-04 02:45+02:00,0.430172
2026-04-04 03:00+02:00,0.518194
2026-04-04 03:15+02:00,0.000000
2026-04-04 03:30+02:00,0.375754
2026-04-04 03:45+02:00,0.374175
2026-04-04 04:00+02:00,0.443429
2026-04-04 04:15+02:00,0.376698
2026-04-04 04:30+02:00,0.612713
2026-04-04 04:45+02:00,0.489288
2026-04-04 05:00+02:00,0.266960
2026-04-04 05:15+02:00,0.534016
2026-04-04 05:30+02:00,0.471218
2026-04-04 05:45+02:00,0.378168
2026-04-04 06:00+02:00,0.499707
2026-04-04 06:15+02:00,0.428152
2026-04-04 06:30+02:00,0.401818
2026-04-04 06:45+02:00,
2026-04-04 07:00+02:00,0.000000
2026-04-04 07:15+02:00,
2026-04-04 07:30+02:00,0.524570
2026-04-04 07:45+02:00,0.546728
2026-04-04 08:00+02:00,0.389695
2026-04-04 08:15+02:00,0.366394
2026-04-04 08:30+02:00,0.532484
2026-04-04 08:45+02:00,0.482994
2026-04-04 09:00+02:00,0.536596
2026-04-04 09:15+02:00,0.451235
2026-04-04 09:30+02:00,0.414055
2026-04-04 09:45+02:00,0.471287
2026-04-04 10:00+02:00,0.463413
2026-04-04 10:15+02:00,0.435778
2026-04-04 10:30+02:00,0.424292
2026-04-04 10:45+02:00,0.396123
2026-04-04 11:00+02:00,0.600968
2026-04-04 11:15+02:00,0.489669
2026-04-04 11:30+02:00,0.496377
2026-04-04 11:45+02:00,0.541514
2026-04-04 12:00+02:00,0.473156
2026-04-04 12:15+02:00,0.310377
2026-04-04 12:30+02:00,0.556149
2026-04-04 12:45+02:00,
2026-04-04 13:00+02:00,0.514994
2026-04-04 13:15+02:00,0.574788
2026-04-04 13:30+02:00,0.427344
2026-04-04 13:45+02:00,0.310043
2026-04-04 14:00+02:00,0.550983
2026-04-04 14:15+02:00,0.408389
2026-04-04 14:30+02:00,0.547669
2026-04-04 14:45+02:00,0.434723
2026-04-04 15:00+02:00,0.588796
2026-04-04 15:15+02:00,0.393376
2026-04-04 15:30+02:00,
2026-04-04 15:45+02:00,0.488078
2026-04-04 16:00+02:00,0.614366
2026-04-04 16:15+02:00,0.506529
2026-04-04 16:30+02:00,0.423354
2026-04-04 16:45+02:00,0.582966
2026-04-04 17:00+02:00,0.554400
2026-04-04 17:15+02:00,0.420167
2026-04-04 17:30+02:00,0.396478
2026-04-04 17:45+02:00,0.540885
2026-04-04 18:00+02:00,0.453922
2026-04-04 18:15+02:00,0.629065
2026-04-04 18:30+02:00,0.451232
2026-04-04 18:45+02:00,0.594345
2026-04-04 19:00+02:00,0.519520
2026-04-04 19:15+02:00,0.649868
2026-04-04 19:30+02:00,0.000000
2026-04-04 19:45+02:00,0.617025
2026-04-04 20:00+02:00,0.632364
2026-04-04 20:15+02:00,0.520396
2026-04-04 20:30+02:00,0.523247
2026-04-04 20:45+02:00,0.507061
2026-04-04 21:00+02:00,0.429627
2026-04-04 21:15+02:00,0.439324
2026-04-04 21:30+02:00,0.410814
2026-04-04 21:45+02:00,0.539442
2026-04-04 22:00+02:00,0.514586
2026-04-04 22:15+02:00,0.517800
2026-04-04 22:30+02:00,0.517107
2026-04-04 22:45+02:00,0.383289
2026-04-04 23:00+02:00,0.450601
2026-04-04 23:15+02:00,0.414566
2026-04-04 23:30+02:00,0.512487
2026-04-04 23:45+02:00,0.000000
2026-04-05 00:00+02:00,0.328133
