timestamp,value_kwh
2026-01-05 00:15+01:00,20.577704
2026-01-05 00:30+01:00,33.353253
2026-01-05 00:45+01:00,21.019651
2026-01-05 01:00+01:00,24.556366
2026-01-05 01:15+01:00,25.454693
2026-01-05 01:30+01:00,16.587774
2026-01-05 01:45+01:00,31.852766
2026-01-05 02:00+01:00,21.738906
2026-01-05 02:15+01:00,16.136030
2026-01-05 02:30+01:00,30.698762
2026-01-05 02:45+01:00,35.378725
2026-01-05 03:00+01:00,16.778931
2026-01-05 03:15+01:00,28.959049
2026-01-05 03:30+01:00,
2026-01-05 03:45+01:00,24.469707
2026-01-05 04:00+01:00,16.024753
2026-01-05 04:15+01:00,20.854143
2026-01-05 04:30+01:00,25.284931
2026-01-05 04:45+01:00,36.725318
2026-01-05 05:00+01:00,33.473182
2026-01-05 05:15+01:00,28.425509
2026-01-05 05:30+01:00,18.987135
2026-01-05 05:45+01:00,
2026-01-05 06:00+01:00,37.857543
2026-01-05 06:15+01:00,15.280139
2026-01-05 06:30+01:00,18.416341
2026-01-05 06:45+01:00,27.516613
2026-01-05 07:00+01:00,31.524304
2026-01-05 07:15+01:00,20.311143
2026-01-05 07:30+01:00,30.003461
2026-01-05 07:45+01:00,27.519211
2026-01-05 08:00+01:00,28.692523
2026-01-05 08:15+01:00,
2026-01-05 08:30+01:00,38.155351
2026-01-05 08:45+01:00,22.939308
2026-01-05 09:00+01:00,16.767524
2026-01-05 09:15+01:00,35.129093
2026-01-05 09:30+01:00,36.867310
2026-01-05 09:45+01:00,14.577821
2026-01-05 10:00+01:00,36.729508
2026-01-05 10:15+01:00,24.714036
2026-01-05 10:30+01:00,20.847663
2026-01-05 10:45+01:00,30.183683
2026-01-05 11:00+01:00,11.927578
2026-01-05 11:15+01:00,20.329589
2026-01-05 11:30+01:00,39.008734
2026-01-05 11:45+01:00,31.090170
2026-01-05 12:00+01:00,54.677139
2026-01-05 12:15+01:00,54.521667
2026-01-05 12:30+01:00,58.201369
2026-01-05 12:45+01:00,55.319470
2026-01-05 13:00+01:00,62.532378
2026-01-05 13:15+01:00,58.664724
2026-01-05 13:30+01:00,52.550183
2026-01-05 13:45+01:00,53.618007
2026-01-05 14:00+01:00,55.123936
2026-01-05 14:15+01:00,58.912232
2026-01-05 14:30+01:00,
2026-01-05 14:45+01:00,53.842089
2026-01-05 15:00+01:00,56.620855
2026-01-05 15:15+01:00,57.659075
2026-01-05 15:30+01:00,60.211770
2026-01-05 15:45+01:00,49.494076
2026-01-05 16:00+01:00,53.648472
2026-01-05 16:15+01:00,55.606480
2026-01-05 16:30+01:00,
2026-01-05 16:45+01:00,56.318912
2026-01-05 17:00+01:00,38.561668
2026-01-05 17:15+01:00,46.138220
2026-01-05 17:30+01:00,35.325472
2026-01-05 17:45+01:00,16.790236
2026-01-05 18:00+01:00,23.423058
2026-01-05 18:15+01:00,
2026-01-05 18:30+01:00,21.180073
2026-01-05 18:45+01:00,30.400293
2026-01-05 19:00+01:00,32.036450
2026-01-05 19:15+01:00,40.003759
2026-01-05 19:30+01:00,44.241740
2026-01-05 19:45+01:00,31.858679
2026-01-05 20:00+01:00,15.440960
2026-01-05 20:15+01:00,
2026-01-05 20:30+01:00,37.110893
2026-01-05 20:45+01:00,28.174924
2026-01-05 21:00+01:00,29.578065
2026-01-05 21:15+01:00,23.281400
2026-01-05 21:30+01:00,23.564132
2026-01-05 21:45+01:00,24.792061
2026-01-05 22:00+01:00,24.716465
2026-01-05 22:15+01:00,33.994634
2026-01-05 22:30+01:00,30.575848
2026-01-05 22:45+01:00,13.912896
2026-01-05 23:00+01:00,21.088820
2026-01-05 23:15+01:00,27.227624
2026-01-05 23:30+01:00,37.772892
2026-01-05 23:45+01:00,23.809195
2026-01-06 00:00+01:00,23.903469
2026-01-06 00:15+01:00,29.928733
2026-01-06 00:30+01:00,27.362325
2026-01-06 00:45+01:00,28.899857
2026-01-06 01:00+01:00,22.976675
2026-01-06 01:15+01:00,35.139480
2026-01-06 01:30+01:00,21.478579
2026-01-06 01:45+01:00,27.453118
2026-01-06 02:00+01:00,25.635364
2026-01-06 02:15+01:00,18.887564
2026-01-06 02:30+01:00,26.472112
2026-01-06 02:45+01:00,22.574516
2026-01-06 03:00+01:00,
2026-01-06 03:15+01:00,31.354931
2026-01-06 03:30+01:00,23.149662
2026-01-06 03:45+01:00,25.244036
2026-01-06 04:00+01:00,32.008558
2026-01-06 04:15+01:00,33.995744
2026-01-06 04:30+01:00,28.145978
2026-01-06 04:45+01:00,31.081622
2026-01-06 05:00+01:00,31.010542
2026-01-06 05:15+01:00,27.879974
2026-01-06 05:30+01:00,37.202902
2026-01-06 05:45+01:00,33.878299
2026-01-06 06:00+01:00,19.446519
2026-01-06 06:15+01:00,39.346526
2026-01-06 06:30+01:00,23.290631
2026-01-06 06:45+01:00,25.158367
2026-01-06 07:00+01:00,20.295791
2026-01-06 07:15+01:00,32.889876
2026-01-06 07:30+01:00,32.879464
2026-01-06 07:45+01:00,25.396174
2026-01-06 08:00+01:00,5.268723
2026-01-06 08:15+01:00,33.831418
2026-01-06 08:30+01:00,12.251425
2026-01-06 08:45+01:00,23.051498
2026-01-06 09:00+01:00,60.229718
2026-01-06 09:15+01:00,53.071616
2026-01-06 09:30+01:00,61.669561
2026-01-06 09:45+01:00,59.633723
2026-01-06 10:00+01:00,51.925612
2026-01-06 10:15+01:00,63.651789
2026-01-06 10:30+01:00,60.525102
2026-01-06 10:45+01:00,58.360611
2026-01-06 11:00+01:00,53.918605
2026-01-06 11:15+01:00,53.761473
2026-01-06 11:30+01:00,60.509437
2026-01-06 11:45+01:00,53.404932
2026-01-06 12:00+01:00,
2026-01-06 12:15+01:00,52.316420
2026-01-06 12:30+01:00,55.783475
2026-01-06 12:45+01:00,55.511712
2026-01-06 13:00+01:00,
2026-01-06 13:15+01:00,52.123390
2026-01-06 13:30+01:00,56.943176
2026-01-06 13:45+01:00,53.014907
2026-01-06 14:00+01:00,56.349693
2026-01-06 14:15+01:00,52.183407
2026-01-06 14:30+01:00,
2026-01-06 14:45+01:00,52.987382
2026-01-06 15:00+01:00,42.541281
2026-01-06 15:15+01:00,
2026-01-06 15:30+01:00,18.867949
2026-01-06 15:45+01:00,26.672703
2026-01-06 16:00+01:00,22.008193
2026-01-06 16:15+01:00,21.590058
2026-01-06 16:30+01:00,32.760772
2026-01-06 16:45+01:00,
2026-01-06 17:00+01:00,13.713608
2026-01-06 17:15+01:00,21.569264
2026-01-06 17:30+01:00,37.652124
2026-01-06 17:45+01:00,19.446238
2026-01-06 18:00+01:00,24.495163
2026-01-06 18:15+01:00,15.360988
2026-01-06 18:30+01:00,22.960567
2026-01-06 18:45+01:00,19.422944
2026-01-06 19:00+01:00,29.566038
2026-01-06 19:15+01:00,20.156867
2026-01-06 19:30+01:00,27.558223
2026-01-06 19:45+01:00,39.601840
2026-01-06 20:00+01:00,29.929918
2026-01-06 20:15+01:00,26.152485
2026-01-06 20:30+01:00,24.386184
2026-01-06 20:45+01:00,33.791520
2026-01-06 21:00+01:00,23.945080
2026-01-06 21:15+01:00,25.552939
2026-01-06 21:30+01:00,18.584643
2026-01-06 21:45+01:00,31.619902
2026-01-06 22:00+01:00,17.331990
2026-01-06 22:15+01:00,13.803041
2026-01-06 22:30+01:00,36.110962
2026-01-06 22:45+01:00,22.368685
2026-01-06 23:00+01:00,30.264875
2026-01-06 23:15+01:00,24.165369
2026-01-06 23:30+01:00,26.265540
2026-01-06 23:45+01:00,
2026-01-07 00:00+01:00,23.272782
2026-01-07 00:15+01:00,16.027596
2026-01-07 00:30+01:00,27.219368
2026-01-07 00:45+01:00,28.250999
2026-01-07 01:00+01:00,23.257116
2026-01-07 01:15+01:00,31.340671
2026-01-07 01:30+01:00,23.018760
2026-01-07 01:45+01:00,29.385489
2026-01-07 02:00+01:00,32.323197
2026-01-07 02:15+01:00,39.895583
2026-01-07 02:30+01:00,22.003369
2026-01-07 02:45+01:00,35.095409
2026-01-07 03:00+01:00,20.019152
2026-01-07 03:15+01:00,22.657600
2026-01-07 03:30+01:00,22.713532
2026-01-07 03:45+01:00,32.797098
2026-01-07 04:00+01:00,22.879387
2026-01-07 04:15+01:00,34.476494
2026-01-07 04:30+01:00,35.760851
2026-01-07 04:45+01:00,35.421235
2026-01-07 05:00+01:00,34.422430
2026-01-07 05:15+01:00,20.669239
2026-01-07 05:30+01:00,23.506895
2026-01-07 05:45+01:00,25.120001
2026-01-07 06:00+01:00,14.322850
2026-01-07 06:15+01:00,25.991311
2026-01-07 06:30+01:00,
2026-01-07 06:45+01:00,34.245139
2026-01-07 07:00+01:00,19.285771
2026-01-07 07:15+01:00,21.036722
2026-01-07 07:30+01:00,14.923971
2026-01-07 07:45+01:00,4.767601
2026-01-07 08:00+01:00,26.312599
2026-01-07 08:15+01:00,32.117509
2026-01-07 08:30+01:00,16.100191
2026-01-07 08:45+01:00,41.649593
2026-01-07 09:00+01:00,15.407163
2026-01-07 09:15+01:00,36.223012
2026-01-07 09:30+01:00,22.850367
2026-01-07 09:45+01:00,30.581059
2026-01-07 10:00+01:00,34.159264
2026-01-07 10:15+01:00,37.407685
2026-01-07 10:30+01:00,28.022619
2026-01-07 10:45+01:00,28.824721
2026-01-07 11:00+01:00,23.827538
2026-01-07 11:15+01:00,16.300584
2026-01-07 11:30+01:00,27.164020
2026-01-07 11:45+01:00,20.391547
2026-01-07 12:00+01:00,25.347948
2026-01-07 12:15+01:00,29.177810
2026-01-07 12:30+01:00,21.144281
2026-01-07 12:45+01:00,38.110590
2026-01-07 13:00+01:00,20.295283
2026-01-07 13:15+01:00,32.400056
2026-01-07 13:30+01:00,31.258558
2026-01-07 13:45+01:00,16.197062
2026-01-07 14:00+01:00,43.523576
2026-01-07 14:15+01:00,
2026-01-07 14:30+01:00,17.059700
2026-01-07 14:45+01:00,16.195520
2026-01-07 15:00+01:00,55.377761
2026-01-07 15:15+01:00,56.976395
2026-01-07 15:30+01:00,56.080925
2026-01-07 15:45+01:00,
2026-01-07 16:00+01:00,51.160871
2026-01-07 16:15+01:00,58.258903
2026-01-07 16:30+01:00,56.489793
2026-01-07 16:45+01:00,54.931086
2026-01-07 17:00+01:00,49.954645
2026-01-07 17:15+01:00,58.706018
2026-01-07 17:30+01:00,61.132000
2026-01-07 17:45+01:00,59.724772
2026-01-07 18:00+01:00,54.002466
2026-01-07 18:15+01:00,51.722727
2026-01-07 18:30+01:00,57.261639
2026-01-07 18:45+01:00,55.592987
2026-01-07 19:00+01:00,57.008728
2026-01-07 19:15+01:00,57.806088
2026-01-07 19:30+01:00,52.480547
2026-01-07 19:45+01:00,
2026-01-07 20:00+01:00,59.464665
2026-01-07 20:15+01:00,51.391630
2026-01-07 20:30+01:00,63.495703
2026-01-07 20:45+01:00,60.527916
2026-01-07 21:00+01:00,38.694716
2026-01-07 21:15+01:00,25.849546
2026-01-07 21:30+01:00,35.505525
2026-01-07 21:45+01:00,15.051566
2026-01-07 22:00+01:00,20.984092
2026-01-07 22:15+01:00,30.807629
2026-01-07 22:30+01:00,21.275420
2026-01-07 22:45+01:00,
2026-01-07 23:00+01:00,38.278458
2026-01-07 23:15+01:00,30.717326
2026-01-07 23:30+01:00,22.908383
2026-01-07 23:45+01:00,17.427197
2026-01-08 00:00+01:00,19.352936
2026-01-08 00:15+01:00,20.356248
2026-01-08 00:30+01:00,40.433939
2026-01-08 00:45+01:00,36.091229
2026-01-08 01:00+01:00,23.176540
2026-01-08 01:15+01:00,30.977767
2026-01-08 01:30+01:00,34.968167
2026-01-08 01:45+01:00,27.967118
2026-01-08 02:00+01:00,38.470764
2026-01-08 02:15+01:00,22.147371
2026-01-08 02:30+01:00,34.482338
2026-01-08 02:45+01:00,24.086279
2026-01-08 03:00+01:00,42.864969
2026-01-08 03:15+01:00,25.985099
2026-01-08 03:30+01:00,20.806054
2026-01-08 03:45+01:00,27.229878
2026-01-08 04:00+01:00,24.793400
2026-01-08 04:15+01:00,31.851037
2026-01-08 04:30+01:00,37.670563
2026-01-08 04:45+01:00,27.648160
2026-01-08 05:00+01:00,39.241443
2026-01-08 05:15+01:00,25.998411
2026-01-08 05:30+01:00,28.796264
2026-01-08 05:45+01:00,22.321794
2026-01-08 06:00+01:00,58.359084
2026-01-08 06:15+01:00,57.336966
2026-01-08 06:30+01:00,52.029491
2026-01-08 06:45+01:00,53.062020
2026-01-08 07:00+01:00,59.958242
2026-01-08 07:15+01:00,59.042050
2026-01-08 07:30+01:00,57.503599
2026-01-08 07:45+01:00,
2026-01-08 08:00+01:00,56.646251
2026-01-08 08:15+01:00,55.784338
2026-01-08 08:30+01:00,54.489900
2026-01-08 08:45+01:00,52.517710
2026-01-08 09:00+01:00,17.236873
2026-01-08 09:15+01:00,30.733983
2026-01-08 09:30+01:00,21.721784
2026-01-08 09:45+01:00,
2026-01-08 10:00+01:00,25.348506
2026-01-08 10:15+01:00,29.927000
2026-01-08 10:30+01:00,30.557074
2026-01-08 10:45+01:00,25.370231
2026-01-08 11:00+01:00,27.358621
2026-01-08 11:15+01:00,25.984842
2026-01-08 11:30+01:00,24.592935
2026-01-08 11:45+01:00,15.477499
2026-01-08 12:00+01:00,23.260852
2026-01-08 12:15+01:00,30.272737
2026-01-08 12:30+01:00,15.329387
2026-01-08 12:45+01:00,31.622326
2026-01-08 13:00+01:00,23.087481
2026-01-08 13:15+01:00,41.556100
2026-01-08 13:30+01:00,26.595626
2026-01-08 13:45+01:00,30.314577
2026-01-08 14:00+01:00,
2026-01-08 14:15+01:00,36.944649
2026-01-08 14:30+01:00,15.505179
2026-01-08 14:45+01:00,23.786288
2026-01-08 15:00+01:00,13.929752
2026-01-08 15:15+01:00,19.940969
2026-01-08 15:30+01:00,30.933630
2026-01-08 15:45+01:00,21.537763
2026-01-08 16:00+01:00,32.159588
2026-01-08 16:15+01:00,13.891355
2026-01-08 16:30+01:00,35.300474
2026-01-08 16:45+01:00,19.174705
2026-01-08 17:00+01:00,17.616495
2026-01-08 17:15+01:00,28.890125
2026-01-08 17:30+01:00,
2026-01-08 17:45+01:00,11.557176
2026-01-08 18:00+01:00,27.616938
2026-01-08 18:15+01:00,
2026-01-08 18:30+01:00,19.744301
2026-01-08 18:45+01:00,34.399527
2026-01-08 19:00+01:00,32.405238
2026-01-08 19:15+01:00,
2026-01-08 19:30+01:00,17.900932
2026-01-08 19:45+01:00,27.979061
2026-01-08 20:00+01:00,34.475389
2026-01-08 20:15+01:00,34.275849
2026-01-08 20:30+01:00,19.621706
2026-01-08 20:45+01:00,31.277371
2026-01-08 21:00+01:00,19.649433
2026-01-08 21:15+01:00,29.761502
2026-01-08 21:30+01:00,32.651599
2026-01-08 21:45+01:00,17.664693
2026-01-08 22:00+01:00,15.558648
2026-01-08 22:15+01:00,11.467531
2026-01-08 22:30+01:00,39.926103
2026-01-08 22:45+01:00,21.510143
2026-01-08 23:00+01:00,44.711642
2026-01-08 23:15+01:00,37.106720
2026-01-08 23:30+01:00,18.445335
2026-01-08 23:45+01:00,29.130497
2026-01-09 00:00+01:00,21.106375
2026-01-09 00:15+01:00,17.982167
2026-01-09 00:30+01:00,21.092046
2026-01-09 00:45+01:00,21.949980
2026-01-09 01:00+01:00,30.624429
2026-01-09 01:15+01:00,28.133291
2026-01-09 01:30+01:00,25.411785
2026-01-09 01:45+01:00,16.064904
2026-01-09 02:00+01:00,28.346244
2026-01-09 02:15+01:00,
2026-01-09 02:30+01:00,
2026-01-09 02:45+01:00,16.279336
2026-01-09 03:00+01:00,21.887017
2026-01-09 03:15+01:00,28.737719
2026-01-09 03:30+01:00,29.850471
2026-01-09 03:45+01:00,34.833463
2026-01-09 04:00+01:00,15.495959
2026-01-09 04:15+01:00,29.811846
2026-01-09 04:30+01:00,32.232694
2026-01-09 04:45+01:00,30.404859
2026-01-09 05:00+01:00,14.803633
2026-01-09 05:15+01:00,24.891644
2026-01-09 05:30+01:00,33.599051
2026-01-09 05:45+01:00,32.999450
2026-01-09 06:00+01:00,29.722111
2026-01-09 06:15+01:00,29.476376
2026-01-09 06:30+01:00,18.923312
2026-01-09 06:45+01:00,13.484978
2026-01-09 07:00+01:00,22.131574
2026-01-09 07:15+01:00,29.883364
2026-01-09 07:30+01:00,23.023542
2026-01-09 07:45+01:00,25.658237
2026-01-09 08:00+01:00,17.683514
2026-01-09 08:15+01:00,25.333227
2026-01-09 08:30+01:00,30.721230
2026-01-09 08:45+01:00,
2026-01-09 09:00+01:00,34.320870
2026-01-09 09:15+01:00,21.414059
2026-01-09 09:30+01:00,18.310228
2026-01-09 09:45+01:00,18.465704
2026-01-09 10:00+01:00,20.037381
2026-01-09 10:15+01:00,26.024327
2026-01-09 10:30+01:00,32.853828
2026-01-09 10:45+01:00,24.646435
2026-01-09 11:00+01:00,21.111946
2026-01-09 11:15+01:00,25.754541
2026-01-09 11:30+01:00,14.702707
2026-01-09 11:45+01:00,27.249470
2026-01-09 12:00+01:00,13.040385
2026-01-09 12:15+01:00,24.580758
2026-01-09 12:30+01:00,32.282625
2026-01-09 12:45+01:00,18.995832
2026-01-09 13:00+01:00,35.782086
2026-01-09 13:15+01:00,30.294912
2026-01-09 13:30+01:00,27.573725
2026-01-09 13:45+01:00,19.295341
2026-01-09 14:00+01:00,27.587117
2026-01-09 14:15+01:00,39.643017
2026-01-09 14:30+01:00,24.998424
2026-01-09 14:45+01:00,35.709235
2026-01-09 15:00+01:00,16.134991
2026-01-09 15:15+01:00,35.954692
2026-01-09 15:30+01:00,19.498248
2026-01-09 15:45+01:00,14.704188
2026-01-09 16:00+01:00,
2026-01-09 16:15+01:00,36.816068
2026-01-09 16:30+01:00,19.013342
2026-01-09 16:45+01:00,25.714331
2026-01-09 17:00+01:00,25.364795
2026-01-09 17:15+01:00,24.433862
2026-01-09 17:30+01:00,27.468562
2026-01-09 17:45+01:00,27.623069
2026-01-09 18:00+01:00,30.463821
2026-01-09 18:15+01:00,
2026-01-09 18:30+01:00,27.017817
2026-01-09 18:45+01:00,26.851841
2026-01-09 19:00+01:00,26.857955
2026-01-09 19:15+01:00,23.829564
2026-01-09 19:30+01:00,34.203727
2026-01-09 19:45+01:00,31.258019
2026-01-09 20:00+01:00,17.384628
2026-01-09 20:15+01:00,29.704589
2026-01-09 20:30+01:00,14.109087
2026-01-09 20:45+01:00,21.749572
2026-01-09 21:00+01:00,63.437169
2026-01-09 21:15+01:00,54.174229
2026-01-09 21:30+01:00,51.215608
2026-01-09 21:45+01:00,53.412457
2026-01-09 22:00+01:00,54.730595
2026-01-09 22:15+01:00,56.366461
2026-01-09 22:30+01:00,58.274041
2026-01-09 22:45+01:00,52.451136
2026-01-09 23:00+01:00,56.075446
2026-01-09 23:15+01:00,
2026-01-09 23:30+01:00,59.680537
2026-01-09 23:45+01:00,
2026-01-10 00:00+01:00,
2026-01-10 00:15+01:00,23.171385
2026-01-10 00:30+01:00,36.075364
2026-01-10 00:45+01:00,9.379224
2026-01-10 01:00+01:00,24.826887
2026-01-10 01:15+01:00,36.083263
2026-01-10 01:30+01:00,37.820825
2026-01-10 01:45+01:00,17.559784
2026-01-10 02:00+01:00,32.857168
2026-01-10 02:15+01:00,23.129349
2026-01-10 02:30+01:00,5.622680
2026-01-10 02:45+01:00,26.167350
2026-01-10 03:00+01:00,16.617249
2026-01-10 03:15+01:00,19.928428
2026-01-10 03:30+01:00,22.880837
2026-01-10 03:45+01:00,17.259510
2026-01-10 04:00+01:00,13.962457
2026-01-10 04:15+01:00,27.782149
2026-01-10 04:30+01:00,22.931189
2026-01-10 04:45+01:00,17.273366
2026-01-10 05:00+01:00,25.610335
2026-01-10 05:15+01:00,25.345451
2026-01-10 05:30+01:00,20.639751
2026-01-10 05:45+01:00,18.021308
2026-01-10 06:00+01:00,28.220028
2026-01-10 06:15+01:00,18.352360
2026-01-10 06:30+01:00,10.393835
2026-01-10 06:45+01:00,22.803135
2026-01-10 07:00+01:00,38.641055
2026-01-10 07:15+01:00,32.016605
2026-01-10 07:30+01:00,19.311791
2026-01-10 07:45+01:00,36.957909
2026-01-10 08:00+01:00,24.777107
2026-01-10 08:15+01:00,
2026-01-10 08:30+01:00,31.452345
2026-01-10 08:45+01:00,23.421575
2026-01-10 09:00+01:00,30.731813
2026-01-10 09:15+01:00,32.606965
2026-01-10 09:30+01:00,31.347538
2026-01-10 09:45+01:00,29.965749
2026-01-10 10:00+01:00,26.680432
2026-01-10 10:15+01:00,13.787229
2026-01-10 10:30+01:00,26.560490
2026-01-10 10:45+01:00,30.652096
2026-01-10 11:00+01:00,20.682190
2026-01-10 11:15+01:00,28.539116
2026-01-10 11:30+01:00,28.189841
2026-01-10 11:45+01:00,22.721579
2026-01-10 12:00+01:00,58.483091
2026-01-10 12:15+01:00,56.190202
2026-01-10 12:30+01:00,55.747134
2026-01-10 12:45+01:00,56.319721
2026-01-10 13:00+01:00,51.272792
2026-01-10 13:15+01:00,49.471337
2026-01-10 13:30+01:00,57.191409
2026-01-10 13:45+01:00,54.985967
2026-01-10 14:00+01:00,61.314526
2026-01-10 14:15+01:00,54.470022
2026-01-10 14:30+01:00,59.798878
2026-01-10 14:45+01:00,58.956150
2026-01-10 15:00+01:00,54.598137
2026-01-10 15:15+01:00,57.703421
2026-01-10 15:30+01:00,53.464368
2026-01-10 15:45+01:00,53.794099
2026-01-10 16:00+01:00,51.228867
2026-01-10 16:15+01:00,63.059433
2026-01-10 16:30+01:00,62.804606
2026-01-10 16:45+01:00,69.080571
2026-01-10 17:00+01:00,55.046727
2026-01-10 17:15+01:00,59.295176
2026-01-10 17:30+01:00,58.308677
2026-01-10 17:45+01:00,58.346395
2026-01-10 18:00+01:00,37.894158
2026-01-10 18:15+01:00,22.471423
2026-01-10 18:30+01:00,36.745564
2026-01-10 18:45+01:00,20.992798
2026-01-10 19:00+01:00,32.868536
2026-01-10 19:15+01:00,22.721244
2026-01-10 19:30+01:00,29.149466
2026-01-10 19:45+01:00,21.828489
2026-01-10 20:00+01:00,20.780970
2026-01-10 20:15+01:00,16.970602
2026-01-10 20:30+01:00,
2026-01-10 20:45+01:00,27.557552
2026-01-10 21:00+01:00,45.774630
2026-01-10 21:15+01:00,35.234443
2026-01-10 21:30+01:00,34.461094
2026-01-10 21:45+01:00,33.638671
2026-01-10 22:00+01:00,25.172840
2026-01-10 22:15+01:00,
2026-01-10 22:30+01:00,32.239413
2026-01-10 22:45+01:00,27.398143
2026-01-10 23:00+01:00,25.758966
2026-01-10 23:15+01:00,24.113058
2026-01-10 23:30+01:00,27.994948
2026-01-10 23:45+01:00,
2026-01-11 00:00+01:00,29.029982
2026-01-11 00:15+01:00,24.127251
2026-01-11 00:30+01:00,24.402212
2026-01-11 00:45+01:00,21.284148
2026-01-11 01:00+01:00,32.635626
2026-01-11 01:15+01:00,32.319541
2026-01-11 01:30+01:00,33.032069
2026-01-11 01:45+01:00,28.031582
2026-01-11 02:00+01:00,18.244240
2026-01-11 02:15+01:00,23.634170
2026-01-11 02:30+01:00,7.338126
2026-01-11 02:45+01:00,28.523515
2026-01-11 03:00+01:00,53.515599
2026-01-11 03:15+01:00,57.300315
2026-01-11 03:30+01:00,58.994546
2026-01-11 03:45+01:00,61.960630
2026-01-11 04:00+01:00,58.669669
2026-01-11 04:15+01:00,54.249356
2026-01-11 04:30+01:00,51.656347
2026-01-11 04:45+01:00,56.782455
2026-01-11 05:00+01:00,57.836348
2026-01-11 05:15+01:00,
2026-01-11 05:30+01:00,
2026-01-11 05:45+01:00,52.867415
2026-01-11 06:00+01:00,23.063234
2026-01-11 06:15+01:00,9.894066
2026-01-11 06:30+01:00,30.978418
2026-01-11 06:45+01:00,26.710051
2026-01-11 07:00+01:00,28.712684
2026-01-11 07:15+01:00,20.525085
2026-01-11 07:30+01:00,
2026-01-11 07:45+01:00,29.176930
2026-01-11 08:00+01:00,36.107420
2026-01-11 08:15+01:00,26.501905
2026-01-11 08:30+01:00,29.940877
2026-01-11 08:45+01:00,22.675337
2026-01-11 09:00+01:00,45.028144
2026-01-11 09:15+01:00,43.454628
2026-01-11 09:30+01:00,20.399585
2026-01-11 09:45+01:00,11.681855
2026-01-11 10:00+01:00,27.097602
2026-01-11 10:15+01:00,21.506275
2026-01-11 10:30+01:00,11.257872
2026-01-11 10:45+01:00,22.913630
2026-01-11 11:00+01:00,15.031836
2026-01-11 11:15+01:00,27.392068
2026-01-11 11:30+01:00,18.190640
2026-01-11 11:45+01:00,16.337360
2026-01-11 12:00+01:00,26.114313
2026-01-11 12:15+01:00,28.244109
2026-01-11 12:30+01:00,24.051655
2026-01-11 12:45+01:00,35.174153
2026-01-11 13:00+01:00,24.435241
2026-01-11 13:15+01:00,31.469742
2026-01-11 13:30+01:00,20.504247
2026-01-11 13:45+01:00,23.411464
2026-01-11 14:00+01:00,24.324562
2026-01-11 14:15+01:00,20.858734
2026-01-11 14:30+01:00,25.033674
2026-01-11 14:45+01:00,27.580506
2026-01-11 15:00+01:00,41.035431
2026-01-11 15:15+01:00,33.565758
2026-01-11 15:30+01:00,31.760254
2026-01-11 15:45+01:00,35.192120
2026-01-11 16:00+01:00,22.630072
2026-01-11 16:15+01:00,35.139339
2026-01-11 16:30+01:00,28.902368
2026-01-11 16:45+01:00,21.813951
2026-01-11 17:00+01:00,19.115518
2026-01-11 17:15+01:00,33.271225
2026-01-11 17:30+01:00,11.464041
2026-01-11 17:45+01:00,20.766271
2026-01-11 18:00+01:00,30.125393
2026-01-11 18:15+01:00,28.763041
2026-01-11 18:30+01:00,24.471873
2026-01-11 18:45+01:00,21.260092
2026-01-11 19:00+01:00,28.649278
2026-01-11 19:15+01:00,28.786130
2026-01-11 19:30+01:00,28.635039
2026-01-11 19:45+01:00,24.104522
2026-01-11 20:00+01:00,40.497580
2026-01-11 20:15+01:00,20.512257
2026-01-11 20:30+01:00,34.294295
2026-01-11 20:45+01:00,29.910794
2026-01-11 21:00+01:00,30.454517
2026-01-11 21:15+01:00,33.743128
2026-01-11 21:30+01:00,29.535526
2026-01-11 21:45+01:00,34.066056
2026-01-11 22:00+01:00,22.423604
2026-01-11 22:15+01:00,29.338057
2026-01-11 22:30+01:00,
2026-01-11 22:45+01:00,21.057003
2026-01-11 23:00+01:00,35.055323
2026-01-11 23:15+01:00,20.871705
2026-01-11 23:30+01:00,29.307297
2026-01-11 23:45+01:00,27.523224
2026-01-12 00:00+01:00,41.521363
2026-01-12 00:15+01:00,31.748235
2026-01-12 00:30+01:00,23.907071
2026-01-12 00:45+01:00,27.849726
2026-01-12 01:00+01:00,19.560173
2026-01-12 01:15+01:00,30.796680
2026-01-12 01:30+01:00,31.224659
2026-01-12 01:45+01:00,29.177652
2026-01-12 02:00+01:00,25.041377
2026-01-12 02:15+01:00,
2026-01-12 02:30+01:00,27.036266
2026-01-12 02:45+01:00,25.819051
2026-01-12 03:00+01:00,19.809042
2026-01-12 03:15+01:00,42.287512
2026-01-12 03:30+01:00,39.712424
2026-01-12 03:45+01:00,21.158705
2026-01-12 04:00+01:00,35.331294
2026-01-12 04:15+01:00,31.950704
2026-01-12 04:30+01:00,24.915518
2026-01-12 04:45+01:00,21.812896
2026-01-12 05:00+01:00,21.086303
2026-01-12 05:15+01:00,30.208624
2026-01-12 05:30+01:00,40.362668
2026-01-12 05:45+01:00,20.684255
2026-01-12 06:00+01:00,27.112433
2026-01-12 06:15+01:00,31.771849
2026-01-12 06:30+01:00,26.659710
2026-01-12 06:45+01:00,24.091520
2026-01-12 07:00+01:00,
2026-01-12 07:15+01:00,20.356729
2026-01-12 07:30+01:00,26.797167
2026-01-12 07:45+01:00,29.510399
2026-01-12 08:00+01:00,
2026-01-12 08:15+01:00,40.267781
2026-01-12 08:30+01:00,22.425599
2026-01-12 08:45+01:00,29.811990
2026-01-12 09:00+01:00,7.356101
2026-01-12 09:15+01:00,29.349353
2026-01-12 09:30+01:00,19.554866
2026-01-12 09:45+01:00,32.346290
2026-01-12 10:00+01:00,
2026-01-12 10:15+01:00,
2026-01-12 10:30+01:00,32.994705
2026-01-12 10:45+01:00,28.505704
2026-01-12 11:00+01:00,16.540583
2026-01-12 11:15+01:00,19.861123
2026-01-12 11:30+01:00,24.844090
2026-01-12 11:45+01:00,11.521751
2026-01-12 12:00+01:00,24.205142
2026-01-12 12:15+01:00,28.509149
2026-01-12 12:30+01:00,14.403946
2026-01-12 12:45+01:00,16.395173
2026-01-12 13:00+01:00,28.530309
2026-01-12 13:15+01:00,29.199141
2026-01-12 13:30+01:00,26.167753
2026-01-12 13:45+01:00,23.899452
2026-01-12 14:00+01:00,25.087212
2026-01-12 14:15+01:00,19.521209
2026-01-12 14:30+01:00,21.637591
2026-01-12 14:45+01:00,31.759630
2026-01-12 15:00+01:00,28.949280
2026-01-12 15:15+01:00,34.665852
2026-01-12 15:30+01:00,13.280967
2026-01-12 15:45+01:00,20.953301
2026-01-12 16:00+01:00,24.112284
2026-01-12 16:15+01:00,20.621963
2026-01-12 16:30+01:00,32.731125
2026-01-12 16:45+01:00,24.240755
2026-01-12 17:00+01:00,13.725525
2026-01-12 17:15+01:00,31.925926
2026-01-12 17:30+01:00,32.815216
2026-01-12 17:45+01:00,27.165197
2026-01-12 18:00+01:00,58.131869
2026-01-12 18:15+01:00,50.753121
2026-01-12 18:30+01:00,53.407792
2026-01-12 18:45+01:00,53.435207
2026-01-12 19:00+01:00,50.455730
2026-01-12 19:15+01:00,63.157869
2026-01-12 19:30+01:00,52.493034
2026-01-12 19:45+01:00,52.203503
2026-01-12 20:00+01:00,56.246621
2026-01-12 20:15+01:00,59.173093
2026-01-12 20:30+01:00,57.292573
2026-01-12 20:45+01:00,52.841741
2026-01-12 21:00+01:00,55.256618
2026-01-12 21:15+01:00,56.048336
2026-01-12 21:30+01:00,60.656260
2026-01-12 21:45+01:00,54.784954
2026-01-12 22:00+01:00,57.604538
2026-01-12 22:15+01:00,53.971205
2026-01-12 22:30+01:00,54.493927
2026-01-12 22:45+01:00,56.927333
2026-01-12 23:00+01:00,
2026-01-12 23:15+01:00,62.186014
2026-01-12 23:30+01:00,50.357303
2026-01-12 23:45+01:00,52.201422
2026-01-13 00:00+01:00,35.147587
2026-01-13 00:15+01:00,25.786290
2026-01-13 00:30+01:00,24.452318
2026-01-13 00:45+01:00,25.278299
2026-01-13 01:00+01:00,23.747518
2026-01-13 01:15+01:00,31.525407
2026-01-13 01:30+01:00,18.519008
2026-01-13 01:45+01:00,27.463860
2026-01-13 02:00+01:00,20.916246
2026-01-13 02:15+01:00,28.745315
2026-01-13 02:30+01:00,24.954547
2026-01-13 02:45+01:00,36.553605
2026-01-13 03:00+01:00,34.429020
2026-01-13 03:15+01:00,18.538120
2026-01-13 03:30+01:00,16.839354
2026-01-13 03:45+01:00,35.668479
2026-01-13 04:00+01:00,35.690567
2026-01-13 04:15+01:00,31.770542
2026-01-13 04:30+01:00,19.037115
2026-01-13 04:45+01:00,31.403537
2026-01-13 05:00+01:00,29.259738
2026-01-13 05:15+01:00,23.273877
2026-01-13 05:30+01:00,32.682131
2026-01-13 05:45+01:00,30.472697
2026-01-13 06:00+01:00,28.671374
2026-01-13 06:15+01:00,22.913912
2026-01-13 06:30+01:00,28.894315
2026-01-13 06:45+01:00,26.280568
2026-01-13 07:00+01:00,19.213909
2026-01-13 07:15+01:00,26.049492
2026-01-13 07:30+01:00,
2026-01-13 07:45+01:00,28.148685
2026-01-13 08:00+01:00,17.043382
2026-01-13 08:15+01:00,28.326516
2026-01-13 08:30+01:00,26.338546
2026-01-13 08:45+01:00,27.207511
2026-01-13 09:00+01:00,51.163026
2026-01-13 09:15+01:00,61.499734
2026-01-13 09:30+01:00,56.749552
2026-01-13 09:45+01:00,58.015840
2026-01-13 10:00+01:00,59.880549
2026-01-13 10:15+01:00,54.852959
2026-01-13 10:30+01:00,52.479766
2026-01-13 10:45+01:00,59.527449
2026-01-13 11:00+01:00,59.395545
2026-01-13 11:15+01:00,53.348563
2026-01-13 11:30+01:00,52.338958
2026-01-13 11:45+01:00,58.438765
2026-01-13 12:00+01:00,45.387393
2026-01-13 12:15+01:00,59.936544
2026-01-13 12:30+01:00,58.115168
2026-01-13 12:45+01:00,52.874262
2026-01-13 13:00+01:00,30.866087
2026-01-13 13:15+01:00,47.367049
2026-01-13 13:30+01:00,27.386676
2026-01-13 13:45+01:00,22.674696
2026-01-13 14:00+01:00,28.782239
2026-01-13 14:15+01:00,10.321516
2026-01-13 14:30+01:00,22.993508
2026-01-13 14:45+01:00,
2026-01-13 15:00+01:00,27.423318
2026-01-13 15:15+01:00,26.247021
2026-01-13 15:30+01:00,21.450490
2026-01-13 15:45+01:00,29.559806
2026-01-13 16:00+01:00,33.151308
2026-01-13 16:15+01:00,19.363952
2026-01-13 16:30+01:00,13.937231
2026-01-13 16:45+01:00,28.598152
2026-01-13 17:00+01:00,40.332618
2026-01-13 17:15+01:00,35.861252
2026-01-13 17:30+01:00,21.870723
2026-01-13 17:45+01:00,21.602157
2026-01-13 18:00+01:00,29.883001
2026-01-13 18:15+01:00,25.650508
2026-01-13 18:30+01:00,29.110052
2026-01-13 18:45+01:00,20.126848
2026-01-13 19:00+01:00,18.469866
2026-01-13 19:15+01:00,18.719711
2026-01-13 19:30+01:00,19.021837
2026-01-13 19:45+01:00,23.554294
2026-01-13 20:00+01:00,18.641959
2026-01-13 20:15+01:00,20.382205
2026-01-13 20:30+01:00,19.736827
2026-01-13 20:45+01:00,34.805108
2026-01-13 21:00+01:00,59.586631
2026-01-13 21:15+01:00,57.899504
2026-01-13 21:30+01:00,59.342184
2026-01-13 21:45+01:00,55.375090
2026-01-13 22:00+01:00,49.296176
2026-01-13 22:15+01:00,48.019629
2026-01-13 22:30+01:00,50.292686
2026-01-13 22:45+01:00,50.574414
2026-01-13 23:00+01:00,
2026-01-13 23:15+01:00,52.230953
2026-01-13 23:30+01:00,52.822532
2026-01-13 23:45+01:00,51.759334
2026-01-14 00:00+01:00,34.152831
2026-01-14 00:15+01:00,30.923517
2026-01-14 00:30+01:00,26.269597
2026-01-14 00:45+01:00,
2026-01-14 01:00+01:00,32.780922
2026-01-14 01:15+01:00,28.535753
2026-01-14 01:30+01:00,30.683402
2026-01-14 01:45+01:00,45.004967
2026-01-14 02:00+01:00,43.635185
2026-01-14 02:15+01:00,34.324304
2026-01-14 02:30+01:00,15.691394
2026-01-14 02:45+01:00,18.353081
2026-01-14 03:00+01:00,60.805708
2026-01-14 03:15+01:00,52.035056
2026-01-14 03:30+01:00,56.288234
2026-01-14 03:45+01:00,56.678677
2026-01-14 04:00+01:00,55.940092
2026-01-14 04:15+01:00,53.746413
2026-01-14 04:30+01:00,55.440472
2026-01-14 04:45+01:00,167.573679
2026-01-14 05:00+01:00,178.633969
2026-01-14 05:15+01:00,57.775715
2026-01-14 05:30+01:00,56.321018
2026-01-14 05:45+01:00,57.286216
2026-01-14 06:00+01:00,25.455381
2026-01-14 06:15+01:00,24.124956
2026-01-14 06:30+01:00,21.526135
2026-01-14 06:45+01:00,32.297346
2026-01-14 07:00+01:00,27.292130
2026-01-14 07:15+01:00,20.497933
2026-01-14 07:30+01:00,18.839901
2026-01-14 07:45+01:00,18.927488
2026-01-14 08:00+01:00,42.973638
2026-01-14 08:15+01:00,30.242149
2026-01-14 08:30+01:00,25.684433
2026-01-14 08:45+01:00,26.732813
2026-01-14 09:00+01:00,34.042798
2026-01-14 09:15+01:00,37.179478
2026-01-14 09:30+01:00,24.126759
2026-01-14 09:45+01:00,21.606445
2026-01-14 10:00+01:00,14.958663
2026-01-14 10:15+01:00,27.261986
2026-01-14 10:30+01:00,21.794667
2026-01-14 10:45+01:00,27.206727
2026-01-14 11:00+01:00,25.989013
2026-01-14 11:15+01:00,8.891102
2026-01-14 11:30+01:00,25.651258
2026-01-14 11:45+01:00,34.481050
2026-01-14 12:00+01:00,53.671444
2026-01-14 12:15+01:00,54.192828
2026-01-14 12:30+01:00,55.470061
2026-01-14 12:45+01:00,62.581511
2026-01-14 13:00+01:00,
2026-01-14 13:15+01:00,50.179904
2026-01-14 13:30+01:00,58.493913
2026-01-14 13:45+01:00,61.709879
2026-01-14 14:00+01:00,53.938526
2026-01-14 14:15+01:00,55.812975
2026-01-14 14:30+01:00,50.538746
2026-01-14 14:45+01:00,55.498486
2026-01-14 15:00+01:00,57.313083
2026-01-14 15:15+01:00,52.956185
2026-01-14 15:30+01:00,51.153094
2026-01-14 15:45+01:00,51.073251
2026-01-14 16:00+01:00,58.180445
2026-01-14 16:15+01:00,54.657887
2026-01-14 16:30+01:00,52.937720
2026-01-14 16:45+01:00,53.425587
2026-01-14 17:00+01:00,21.326056
2026-01-14 17:15+01:00,29.818080
2026-01-14 17:30+01:00,30.100677
2026-01-14 17:45+01:00,26.942011
2026-01-14 18:00+01:00,26.704535
2026-01-14 18:15+01:00,34.059449
2026-01-14 18:30+01:00,18.977446
2026-01-14 18:45+01:00,24.806893
2026-01-14 19:00+01:00,22.994007
2026-01-14 19:15+01:00,30.881518
2026-01-14 19:30+01:00,26.186592
2026-01-14 19:45+01:00,27.828080
2026-01-14 20:00+01:00,24.086245
2026-01-14 20:15+01:00,32.346741
2026-01-14 20:30+01:00,20.358351
2026-01-14 20:45+01:00,9.370397
2026-01-14 21:00+01:00,32.321469
2026-01-14 21:15+01:00,16.644575
2026-01-14 21:30+01:00,31.172496
2026-01-14 21:45+01:00,
2026-01-14 22:00+01:00,40.366380
2026-01-14 22:15+01:00,16.114539
2026-01-14 22:30+01:00,22.904159
2026-01-14 22:45+01:00,36.518300
2026-01-14 23:00+01:00,44.770307
2026-01-14 23:15+01:00,27.606146
2026-01-14 23:30+01:00,23.014814
2026-01-14 23:45+01:00,21.264419
2026-01-15 00:00+01:00,15.762169
2026-01-15 00:15+01:00,32.720512
2026-01-15 00:30+01:00,22.866776
2026-01-15 00:45+01:00,34.656795
2026-01-15 01:00+01:00,23.434636
2026-01-15 01:15+01:00,28.292001
2026-01-15 01:30+01:00,18.373003
2026-01-15 01:45+01:00,22.562791
2026-01-15 02:00+01:00,23.954043
2026-01-15 02:15+01:00,29.478134
2026-01-15 02:30+01:00,20.171339
2026-01-15 02:45+01:00,28.191163
2026-01-15 03:00+01:00,47.722646
2026-01-15 03:15+01:00,63.037771
2026-01-15 03:30+01:00,
2026-01-15 03:45+01:00,54.696281
2026-01-15 04:00+01:00,58.800253
2026-01-15 04:15+01:00,49.662974
2026-01-15 04:30+01:00,53.630277
2026-01-15 04:45+01:00,56.245661
2026-01-15 05:00+01:00,59.204542
2026-01-15 05:15+01:00,63.155967
2026-01-15 05:30+01:00,53.224662
2026-01-15 05:45+01:00,
2026-01-15 06:00+01:00,51.052675
2026-01-15 06:15+01:00,45.486437
2026-01-15 06:30+01:00,58.378493
2026-01-15 06:45+01:00,56.417253
2026-01-15 07:00+01:00,56.054770
2026-01-15 07:15+01:00,63.116316
2026-01-15 07:30+01:00,62.059600
2026-01-15 07:45+01:00,51.061116
2026-01-15 08:00+01:00,57.248246
2026-01-15 08:15+01:00,57.887956
2026-01-15 08:30+01:00,55.819649
2026-01-15 08:45+01:00,55.932478
2026-01-15 09:00+01:00,31.012834
2026-01-15 09:15+01:00,33.325119
2026-01-15 09:30+01:00,27.001858
2026-01-15 09:45+01:00,29.837494
2026-01-15 10:00+01:00,31.031607
2026-01-15 10:15+01:00,30.907692
2026-01-15 10:30+01:00,19.173258
2026-01-15 10:45+01:00,22.141768
2026-01-15 11:00+01:00,23.151519
2026-01-15 11:15+01:00,28.498262
2026-01-15 11:30+01:00,39.972487
2026-01-15 11:45+01:00,29.124085
2026-01-15 12:00+01:00,27.630677
2026-01-15 12:15+01:00,21.007342
2026-01-15 12:30+01:00,27.645393
2026-01-15 12:45+01:00,20.472068
2026-01-15 13:00+01:00,35.769516
2026-01-15 13:15+01:00,22.301713
2026-01-15 13:30+01:00,21.783305
2026-01-15 13:45+01:00,22.003136
2026-01-15 14:00+01:00,24.042003
2026-01-15 14:15+01:00,15.571253
2026-01-15 14:30+01:00,21.696445
2026-01-15 14:45+01:00,25.355173
2026-01-15 15:00+01:00,22.372721
2026-01-15 15:15+01:00,28.505859
2026-01-15 15:30+01:00,24.345929
2026-01-15 15:45+01:00,34.279763
2026-01-15 16:00+01:00,18.331949
2026-01-15 16:15+01:00,22.630110
2026-01-15 16:30+01:00,17.573831
2026-01-15 16:45+01:00,17.944033
2026-01-15 17:00+01:00,23.125178
2026-01-15 17:15+01:00,20.735715
2026-01-15 17:30+01:00,26.823344
2026-01-15 17:45+01:00,
2026-01-15 18:00+01:00,34.249999
2026-01-15 18:15+01:00,23.059772
2026-01-15 18:30+01:00,27.008632
2026-01-15 18:45+01:00,23.773614
2026-01-15 19:00+01:00,9.111019
2026-01-15 19:15+01:00,31.351357
2026-01-15 19:30+01:00,32.171838
2026-01-15 19:45+01:00,19.390428
2026-01-15 20:00+01:00,18.466314
2026-01-15 20:15+01:00,15.412997
2026-01-15 20:30+01:00,32.487196
2026-01-15 20:45+01:00,30.507026
2026-01-15 21:00+01:00,25.775512
2026-01-15 21:15+01:00,36.263734
2026-01-15 21:30+01:00,36.226544
2026-01-15 21:45+01:00,40.970254
2026-01-15 22:00+01:00,26.362348
2026-01-15 22:15+01:00,19.893079
2026-01-15 22:30+01:00,20.947995
2026-01-15 22:45+01:00,21.662174
2026-01-15 23:00+01:00,18.757751
2026-01-15 23:15+01:00,29.411615
2026-01-15 23:30+01:00,29.935584
2026-01-15 23:45+01:00,37.536552
2026-01-16 00:00+01:00,28.540824
2026-01-16 00:15+01:00,32.413134
2026-01-16 00:30+01:00,23.478768
2026-01-16 00:45+01:00,25.129575
2026-01-16 01:00+01:00,
2026-01-16 01:15+01:00,29.602676
2026-01-16 01:30+01:00,16.793832
2026-01-16 01:45+01:00,22.113662
2026-01-16 02:00+01:00,32.427398
2026-01-16 02:15+01:00,37.258334
2026-01-16 02:30+01:00,22.231464
2026-01-16 02:45+01:00,36.352428
2026-01-16 03:00+01:00,22.711003
2026-01-16 03:15+01:00,24.927349
2026-01-16 03:30+01:00,24.308118
2026-01-16 03:45+01:00,22.300612
2026-01-16 04:00+01:00,18.758845
2026-01-16 04:15+01:00,29.230651
2026-01-16 04:30+01:00,24.119765
2026-01-16 04:45+01:00,20.834068
2026-01-16 05:00+01:00,22.002412
2026-01-16 05:15+01:00,30.102999
2026-01-16 05:30+01:00,14.653668
2026-01-16 05:45+01:00,36.881228
2026-01-16 06:00+01:00,23.986412
2026-01-16 06:15+01:00,33.753518
2026-01-16 06:30+01:00,43.915157
2026-01-16 06:45+01:00,32.748766
2026-01-16 07:00+01:00,30.124745
2026-01-16 07:15+01:00,23.047405
2026-01-16 07:30+01:00,29.636358
2026-01-16 07:45+01:00,34.153184
2026-01-16 08:00+01:00,24.024606
2026-01-16 08:15+01:00,21.360245
2026-01-16 08:30+01:00,17.584088
2026-01-16 08:45+01:00,38.307876
2026-01-16 09:00+01:00,24.394683
2026-01-16 09:15+01:00,22.807919
2026-01-16 09:30+01:00,31.780634
2026-01-16 09:45+01:00,40.982691
2026-01-16 10:00+01:00,30.258622
2026-01-16 10:15+01:00,
2026-01-16 10:30+01:00,18.074265
2026-01-16 10:45+01:00,24.020992
2026-01-16 11:00+01:00,21.274541
2026-01-16 11:15+01:00,31.045334
2026-01-16 11:30+01:00,27.635131
2026-01-16 11:45+01:00,27.243958
2026-01-16 12:00+01:00,35.732614
2026-01-16 12:15+01:00,27.681185
2026-01-16 12:30+01:00,18.818671
2026-01-16 12:45+01:00,32.165860
2026-01-16 13:00+01:00,21.423317
2026-01-16 13:15+01:00,28.156327
2026-01-16 13:30+01:00,24.257999
2026-01-16 13:45+01:00,24.105932
2026-01-16 14:00+01:00,12.374747
2026-01-16 14:15+01:00,26.387751
2026-01-16 14:30+01:00,34.302272
2026-01-16 14:45+01:00,28.118031
2026-01-16 15:00+01:00,60.176499
2026-01-16 15:15+01:00,56.904057
2026-01-16 15:30+01:00,56.789837
2026-01-16 15:45+01:00,53.964708
2026-01-16 16:00+01:00,45.755523
2026-01-16 16:15+01:00,62.546582
2026-01-16 16:30+01:00,49.416497
2026-01-16 16:45+01:00,
2026-01-16 17:00+01:00,60.774754
2026-01-16 17:15+01:00,58.699327
2026-01-16 17:30+01:00,62.447263
2026-01-16 17:45+01:00,
2026-01-16 18:00+01:00,49.925458
2026-01-16 18:15+01:00,62.250515
2026-01-16 18:30+01:00,50.464649
2026-01-16 18:45+01:00,59.678570
2026-01-16 19:00+01:00,58.582418
2026-01-16 19:15+01:00,49.963324
2026-01-16 19:30+01:00,56.664404
2026-01-16 19:45+01:00,49.412709
2026-01-16 20:00+01:00,58.030701
2026-01-16 20:15+01:00,59.586660
2026-01-16 20:30+01:00,56.915946
2026-01-16 20:45+01:00,61.480590
2026-01-16 21:00+01:00,
2026-01-16 21:15+01:00,17.723701
2026-01-16 21:30+01:00,9.195463
2026-01-16 21:45+01:00,17.429652
2026-01-16 22:00+01:00,24.964226
2026-01-16 22:15+01:00,27.959914
2026-01-16 22:30+01:00,27.290735
2026-01-16 22:45+01:00,25.297806
2026-01-16 23:00+01:00,
2026-01-16 23:15+01:00,19.217366
2026-01-16 23:30+01:00,31.508236
2026-01-16 23:45+01:00,27.613902
2026-01-17 00:00+01:00,29.085469
2026-01-17 00:15+01:00,38.521067
2026-01-17 00:30+01:00,24.290945
2026-01-17 00:45+01:00,29.340163
2026-01-17 01:00+01:00,16.292746
2026-01-17 01:15+01:00,17.183400
2026-01-17 01:30+01:00,36.474136
2026-01-17 01:45+01:00,38.144001
2026-01-17 02:00+01:00,24.050440
2026-01-17 02:15+01:00,
2026-01-17 02:30+01:00,24.400854
2026-01-17 02:45+01:00,20.249693
2026-01-17 03:00+01:00,26.678188
2026-01-17 03:15+01:00,19.278667
2026-01-17 03:30+01:00,23.440925
2026-01-17 03:45+01:00,25.657648
2026-01-17 04:00+01:00,16.283162
2026-01-17 04:15+01:00,22.984568
2026-01-17 04:30+01:00,37.375592
2026-01-17 04:45+01:00,25.116303
2026-01-17 05:00+01:00,25.984841
2026-01-17 05:15+01:00,19.657312
2026-01-17 05:30+01:00,29.800828
2026-01-17 05:45+01:00,
2026-01-17 06:00+01:00,39.619098
2026-01-17 06:15+01:00,25.578751
2026-01-17 06:30+01:00,35.449259
2026-01-17 06:45+01:00,
2026-01-17 07:00+01:00,21.061148
2026-01-17 07:15+01:00,29.325361
2026-01-17 07:30+01:00,32.345073
2026-01-17 07:45+01:00,24.232029
2026-01-17 08:00+01:00,23.825547
2026-01-17 08:15+01:00,31.907744
2026-01-17 08:30+01:00,32.665863
2026-01-17 08:45+01:00,15.774101
2026-01-17 09:00+01:00,57.614624
2026-01-17 09:15+01:00,55.914667
2026-01-17 09:30+01:00,57.767726
2026-01-17 09:45+01:00,53.991782
2026-01-17 10:00+01:00,56.568590
2026-01-17 10:15+01:00,
2026-01-17 10:30+01:00,55.719950
2026-01-17 10:45+01:00,57.166789
2026-01-17 11:00+01:00,63.309538
2026-01-17 11:15+01:00,51.850444
2026-01-17 11:30+01:00,56.976702
2026-01-17 11:45+01:00,53.848460
2026-01-17 12:00+01:00,51.663986
2026-01-17 12:15+01:00,56.637641
2026-01-17 12:30+01:00,53.155662
2026-01-17 12:45+01:00,56.126719
2026-01-17 13:00+01:00,22.557100
2026-01-17 13:15+01:00,19.586019
2026-01-17 13:30+01:00,33.758568
2026-01-17 13:45+01:00,23.526607
2026-01-17 14:00+01:00,28.378027
2026-01-17 14:15+01:00,41.411036
2026-01-17 14:30+01:00,28.433586
2026-01-17 14:45+01:00,
2026-01-17 15:00+01:00,29.160872
2026-01-17 15:15+01:00,22.059919
2026-01-17 15:30+01:00,12.556067
2026-01-17 15:45+01:00,27.647746
2026-01-17 16:00+01:00,25.932522
2026-01-17 16:15+01:00,23.647685
2026-01-17 16:30+01:00,28.304812
2026-01-17 16:45+01:00,18.898558
2026-01-17 17:00+01:00,29.930970
2026-01-17 17:15+01:00,25.959160
2026-01-17 17:30+01:00,32.453522
2026-01-17 17:45+01:00,18.177348
2026-01-17 18:00+01:00,38.250774
2026-01-17 18:15+01:00,21.541866
2026-01-17 18:30+01:00,30.760311
2026-01-17 18:45+01:00,37.741883
2026-01-17 19:00+01:00,16.906371
2026-01-17 19:15+01:00,18.798159
2026-01-17 19:30+01:00,37.558531
2026-01-17 19:45+01:00,26.437645
2026-01-17 20:00+01:00,26.408122
2026-01-17 20:15+01:00,32.508265
2026-01-17 20:30+01:00,30.286714
2026-01-17 20:45+01:00,26.311276
2026-01-17 21:00+01:00,15.859301
2026-01-17 21:15+01:00,33.730413
2026-01-17 21:30+01:00,14.681963
2026-01-17 21:45+01:00,15.113018
2026-01-17 22:00+01:00,10.217566
2026-01-17 22:15+01:00,24.543417
2026-01-17 22:30+01:00,27.779834
2026-01-17 22:45+01:00,28.977764
2026-01-17 23:00+01:00,26.008145
2026-01-17 23:15+01:00,37.759259
2026-01-17 23:30+01:00,29.751418
2026-01-17 23:45+01:00,20.477631
2026-01-18 00:00+01:00,26.528185
2026-01-18 00:15+01:00,30.266220
2026-01-18 00:30+01:00,15.794884
2026-01-18 00:45+01:00,21.873854
2026-01-18 01:00+01:00,35.289051
2026-01-18 01:15+01:00,22.735975
2026-01-18 01:30+01:00,26.156324
2026-01-18 01:45+01:00,32.010370
2026-01-18 02:00+01:00,27.794662
2026-01-18 02:15+01:00,25.491711
2026-01-18 02:30+01:00,27.240194
2026-01-18 02:45+01:00,38.408879
2026-01-18 03:00+01:00,54.262782
2026-01-18 03:15+01:00,65.077213
2026-01-18 03:30+01:00,63.407790
2026-01-18 03:45+01:00,54.948676
2026-01-18 04:00+01:00,61.825147
2026-01-18 04:15+01:00,
2026-01-18 04:30+01:00,59.818302
2026-01-18 04:45+01:00,51.935271
2026-01-18 05:00+01:00,57.699183
2026-01-18 05:15+01:00,57.269688
2026-01-18 05:30+01:00,54.401230
2026-01-18 05:45+01:00,54.824549
2026-01-18 06:00+01:00,56.480383
2026-01-18 06:15+01:00,58.988983
2026-01-18 06:30+01:00,56.180775
2026-01-18 06:45+01:00,52.136891
2026-01-18 07:00+01:00,16.154105
2026-01-18 07:15+01:00,31.863333
2026-01-18 07:30+01:00,43.135309
2026-01-18 07:45+01:00,35.113790
2026-01-18 08:00+01:00,27.998317
2026-01-18 08:15+01:00,20.016236
2026-01-18 08:30+01:00,20.447537
2026-01-18 08:45+01:00,29.979246
2026-01-18 09:00+01:00,14.003221
2026-01-18 09:15+01:00,18.679262
2026-01-18 09:30+01:00,15.671209
2026-01-18 09:45+01:00,23.851863
2026-01-18 10:00+01:00,20.487650
2026-01-18 10:15+01:00,
2026-01-18 10:30+01:00,16.519033
2026-01-18 10:45+01:00,24.189612
2026-01-18 11:00+01:00,19.652782
2026-01-18 11:15+01:00,33.613969
2026-01-18 11:30+01:00,23.938342
2026-01-18 11:45+01:00,22.447017
2026-01-18 12:00+01:00,37.246825
2026-01-18 12:15+01:00,13.962720
2026-01-18 12:30+01:00,23.520935
2026-01-18 12:45+01:00,24.527596
2026-01-18 13:00+01:00,32.407247
2026-01-18 13:15+01:00,16.270572
2026-01-18 13:30+01:00,14.272869
2026-01-18 13:45+01:00,25.557691
2026-01-18 14:00+01:00,24.632805
2026-01-18 14:15+01:00,28.924829
2026-01-18 14:30+01:00,22.586570
2026-01-18 14:45+01:00,31.345300
2026-01-18 15:00+01:00,34.034698
2026-01-18 15:15+01:00,16.161636
2026-01-18 15:30+01:00,17.236227
2026-01-18 15:45+01:00,35.950768
2026-01-18 16:00+01:00,21.793367
2026-01-18 16:15+01:00,22.853280
2026-01-18 16:30+01:00,32.915443
2026-01-18 16:45+01:00,22.650460
2026-01-18 17:00+01:00,32.143223
2026-01-18 17:15+01:00,24.620906
2026-01-18 17:30+01:00,
2026-01-18 17:45+01:00,22.646779
2026-01-18 18:00+01:00,13.364050
2026-01-18 18:15+01:00,14.161762
2026-01-18 18:30+01:00,33.439621
2026-01-18 18:45+01:00,22.561442
2026-01-18 19:00+01:00,38.470585
2026-01-18 19:15+01:00,6.194749
2026-01-18 19:30+01:00,32.042970
2026-01-18 19:45+01:00,22.355998
2026-01-18 20:00+01:00,35.410055
2026-01-18 20:15+01:00,33.464145
2026-01-18 20:30+01:00,24.291893
2026-01-18 20:45+01:00,30.963525
2026-01-18 21:00+01:00,38.348612
2026-01-18 21:15+01:00,19.813358
2026-01-18 21:30+01:00,34.105886
2026-01-18 21:45+01:00,17.081697
2026-01-18 22:00+01:00,17.961619
2026-01-18 22:15+01:00,33.661823
2026-01-18 22:30+01:00,28.264856
2026-01-18 22:45+01:00,20.492280
2026-01-18 23:00+01:00,28.540279
2026-01-18 23:15+01:00,25.812339
2026-01-18 23:30+01:00,27.462671
2026-01-18 23:45+01:00,19.369236
2026-01-19 00:00+01:00,19.054405
2026-01-19 00:15+01:00,16.446672
2026-01-19 00:30+01:00,28.926883
2026-01-19 00:45+01:00,40.939048
2026-01-19 01:00+01:00,30.079210
2026-01-19 01:15+01:00,29.910892
2026-01-19 01:30+01:00,26.501660
2026-01-19 01:45+01:00,9.249057
2026-01-19 02:00+01:00,39.765159
2026-01-19 02:15+01:00,1.606423
2026-01-19 02:30+01:00,12.977446
2026-01-19 02:45+01:00,26.690920
2026-01-19 03:00+01:00,32.681686
2026-01-19 03:15+01:00,41.439542
2026-01-19 03:30+01:00,20.831528
2026-01-19 03:45+01:00,27.761289
2026-01-19 04:00+01:00,31.184696
2026-01-19 04:15+01:00,19.923036
2026-01-19 04:30+01:00,24.343573
2026-01-19 04:45+01:00,31.095142
2026-01-19 05:00+01:00,31.890987
2026-01-19 05:15+01:00,20.259964
2026-01-19 05:30+01:00,15.958863
2026-01-19 05:45+01:00,16.048515
2026-01-19 06:00+01:00,19.910370
2026-01-19 06:15+01:00,29.272646
2026-01-19 06:30+01:00,39.607710
2026-01-19 06:45+01:00,31.302449
2026-01-19 07:00+01:00,20.034177
2026-01-19 07:15+01:00,83.664874
2026-01-19 07:30+01:00,103.120646
2026-01-19 07:45+01:00,30.900021
2026-01-19 08:00+01:00,23.062983
2026-01-19 08:15+01:00,20.771677
2026-01-19 08:30+01:00,30.826060
2026-01-19 08:45+01:00,33.477251
2026-01-19 09:00+01:00,59.867806
2026-01-19 09:15+01:00,58.187342
2026-01-19 09:30+01:00,
2026-01-19 09:45+01:00,53.906687
2026-01-19 10:00+01:00,61.913141
2026-01-19 10:15+01:00,54.434059
2026-01-19 10:30+01:00,55.488869
2026-01-19 10:45+01:00,53.372676
2026-01-19 11:00+01:00,56.665352
2026-01-19 11:15+01:00,53.785148
2026-01-19 11:30+01:00,58.815520
2026-01-19 11:45+01:00,53.842386
2026-01-19 12:00+01:00,53.796674
2026-01-19 12:15+01:00,53.503193
2026-01-19 12:30+01:00,60.673472
2026-01-19 12:45+01:00,56.275543
2026-01-19 13:00+01:00,54.929746
2026-01-19 13:15+01:00,60.368625
2026-01-19 13:30+01:00,49.999628
2026-01-19 13:45+01:00,55.739523
2026-01-19 14:00+01:00,56.331940
2026-01-19 14:15+01:00,52.004457
2026-01-19 14:30+01:00,46.916619
2026-01-19 14:45+01:00,61.476727
2026-01-19 15:00+01:00,19.414441
2026-01-19 15:15+01:00,22.918789
2026-01-19 15:30+01:00,28.478180
2026-01-19 15:45+01:00,25.005751
2026-01-19 16:00+01:00,19.198663
2026-01-19 16:15+01:00,26.884010
2026-01-19 16:30+01:00,25.106155
2026-01-19 16:45+01:00,28.237376
2026-01-19 17:00+01:00,24.555065
2026-01-19 17:15+01:00,31.429060
2026-01-19 17:30+01:00,30.450751
2026-01-19 17:45+01:00,23.700811
2026-01-19 18:00+01:00,25.875803
2026-01-19 18:15+01:00,25.457363
2026-01-19 18:30+01:00,19.710886
2026-01-19 18:45+01:00,16.285474
2026-01-19 19:00+01:00,13.383478
2026-01-19 19:15+01:00,18.520355
2026-01-19 19:30+01:00,20.093821
2026-01-19 19:45+01:00,22.733391
2026-01-19 20:00+01:00,30.700997
2026-01-19 20:15+01:00,28.011574
2026-01-19 20:30+01:00,36.349396
2026-01-19 20:45+01:00,
2026-01-19 21:00+01:00,33.621893
2026-01-19 21:15+01:00,18.987563
2026-01-19 21:30+01:00,29.657166
2026-01-19 21:45+01:00,19.946360
2026-01-19 22:00+01:00,28.941890
2026-01-19 22:15+01:00,24.225305
2026-01-19 22:30+01:00,15.510478
2026-01-19 22:45+01:00,20.730290
2026-01-19 23:00+01:00,29.395543
2026-01-19 23:15+01:00,26.653353
2026-01-19 23:30+01:00,35.111589
2026-01-19 23:45+01:00,40.684465
2026-01-20 00:00+01:00,9.838619
2026-01-20 00:15+01:00,29.288395
2026-01-20 00:30+01:00,18.085207
2026-01-20 00:45+01:00,16.375537
2026-01-20 01:00+01:00,10.139758
2026-01-20 01:15+01:00,24.776730
2026-01-20 01:30+01:00,31.027258
2026-01-20 01:45+01:00,33.807951
2026-01-20 02:00+01:00,26.622304
2026-01-20 02:15+01:00,32.968545
2026-01-20 02:30+01:00,17.411247
2026-01-20 02:45+01:00,31.354394
2026-01-20 03:00+01:00,33.040785
2026-01-20 03:15+01:00,22.131976
2026-01-20 03:30+01:00,29.007140
2026-01-20 03:45+01:00,28.139649
2026-01-20 04:00+01:00,14.334636
2026-01-20 04:15+01:00,33.147138
2026-01-20 04:30+01:00,12.104984
2026-01-20 04:45+01:00,
2026-01-20 05:00+01:00,33.542983
2026-01-20 05:15+01:00,20.525929
2026-01-20 05:30+01:00,30.738186
2026-01-20 05:45+01:00,11.980207
2026-01-20 06:00+01:00,43.875706
2026-01-20 06:15+01:00,18.976983
2026-01-20 06:30+01:00,
2026-01-20 06:45+01:00,24.759698
2026-01-20 07:00+01:00,28.916973
2026-01-20 07:15+01:00,37.676013
2026-01-20 07:30+01:00,31.112143
2026-01-20 07:45+01:00,23.440429
2026-01-20 08:00+01:00,23.080420
2026-01-20 08:15+01:00,18.912385
2026-01-20 08:30+01:00,38.796347
2026-01-20 08:45+01:00,19.930400
2026-01-20 09:00+01:00,
2026-01-20 09:15+01:00,24.870671
2026-01-20 09:30+01:00,30.895384
2026-01-20 09:45+01:00,32.531496
2026-01-20 10:00+01:00,32.942586
2026-01-20 10:15+01:00,23.629705
2026-01-20 10:30+01:00,40.330227
2026-01-20 10:45+01:00,29.924951
2026-01-20 11:00+01:00,20.568857
2026-01-20 11:15+01:00,25.864771
2026-01-20 11:30+01:00,28.662618
2026-01-20 11:45+01:00,26.759808
2026-01-20 12:00+01:00,17.892944
2026-01-20 12:15+01:00,24.247336
2026-01-20 12:30+01:00,20.409856
2026-01-20 12:45+01:00,26.666836
2026-01-20 13:00+01:00,
2026-01-20 13:15+01:00,26.376604
2026-01-20 13:30+01:00,33.613298
2026-01-20 13:45+01:00,19.730390
2026-01-20 14:00+01:00,14.850259
2026-01-20 14:15+01:00,30.420524
2026-01-20 14:30+01:00,
2026-01-20 14:45+01:00,41.773343
2026-01-20 15:00+01:00,57.375279
2026-01-20 15:15+01:00,55.854305
2026-01-20 15:30+01:00,49.356045
2026-01-20 15:45+01:00,
2026-01-20 16:00+01:00,58.631935
2026-01-20 16:15+01:00,
2026-01-20 16:30+01:00,54.382751
2026-01-20 16:45+01:00,51.733664
2026-01-20 17:00+01:00,55.944031
2026-01-20 17:15+01:00,55.034876
2026-01-20 17:30+01:00,55.583908
2026-01-20 17:45+01:00,50.980253
2026-01-20 18:00+01:00,15.569344
2026-01-20 18:15+01:00,11.160295
2026-01-20 18:30+01:00,26.107161
2026-01-20 18:45+01:00,23.014293
2026-01-20 19:00+01:00,35.640205
2026-01-20 19:15+01:00,28.642972
2026-01-20 19:30+01:00,33.499987
2026-01-20 19:45+01:00,26.974832
2026-01-20 20:00+01:00,22.617172
2026-01-20 20:15+01:00,33.188433
2026-01-20 20:30+01:00,34.580038
2026-01-20 20:45+01:00,23.813180
2026-01-20 21:00+01:00,37.917598
2026-01-20 21:15+01:00,18.820996
2026-01-20 21:30+01:00,22.405549
2026-01-20 21:45+01:00,23.290076
2026-01-20 22:00+01:00,35.067945
2026-01-20 22:15+01:00,29.458059
2026-01-20 22:30+01:00,15.875326
2026-01-20 22:45+01:00,14.719307
2026-01-20 23:00+01:00,18.569459
2026-01-20 23:15+01:00,34.920585
2026-01-20 23:30+01:00,14.634236
2026-01-20 23:45+01:00,32.996584
2026-01-21 00:00+01:00,26.810152
2026-01-21 00:15+01:00,25.825808
2026-01-21 00:30+01:00,24.361903
2026-01-21 00:45+01:00,37.562309
2026-01-21 01:00+01:00,13.985655
2026-01-21 01:15+01:00,41.443052
2026-01-21 01:30+01:00,25.095943
2026-01-21 01:45+01:00,37.425909
2026-01-21 02:00+01:00,23.406073
2026-01-21 02:15+01:00,34.131038
2026-01-21 02:30+01:00,46.483466
2026-01-21 02:45+01:00,31.845451
2026-01-21 03:00+01:00,33.600477
2026-01-21 03:15+01:00,42.907828
2026-01-21 03:30+01:00,19.595529
2026-01-21 03:45+01:00,26.439423
2026-01-21 04:00+01:00,29.544702
2026-01-21 04:15+01:00,34.623957
2026-01-21 04:30+01:00,27.114976
2026-01-21 04:45+01:00,31.188105
2026-01-21 05:00+01:00,23.317196
2026-01-21 05:15+01:00,24.837140
2026-01-21 05:30+01:00,15.682018
2026-01-21 05:45+01:00,36.769137
2026-01-21 06:00+01:00,21.617111
2026-01-21 06:15+01:00,16.532461
2026-01-21 06:30+01:00,18.070915
2026-01-21 06:45+01:00,26.634117
2026-01-21 07:00+01:00,29.901482
2026-01-21 07:15+01:00,25.348249
2026-01-21 07:30+01:00,
2026-01-21 07:45+01:00,25.270661
2026-01-21 08:00+01:00,29.736732
2026-01-21 08:15+01:00,37.568968
2026-01-21 08:30+01:00,8.489682
2026-01-21 08:45+01:00,32.045198
2026-01-21 09:00+01:00,12.900933
2026-01-21 09:15+01:00,29.353796
2026-01-21 09:30+01:00,29.063612
2026-01-21 09:45+01:00,28.629517
2026-01-21 10:00+01:00,22.093550
2026-01-21 10:15+01:00,17.718279
2026-01-21 10:30+01:00,25.797599
2026-01-21 10:45+01:00,24.036613
2026-01-21 11:00+01:00,25.188020
2026-01-21 11:15+01:00,27.407540
2026-01-21 11:30+01:00,26.806875
2026-01-21 11:45+01:00,26.969677
2026-01-21 12:00+01:00,59.348234
2026-01-21 12:15+01:00,60.801177
2026-01-21 12:30+01:00,49.257719
2026-01-21 12:45+01:00,55.528684
2026-01-21 13:00+01:00,56.786984
2026-01-21 13:15+01:00,53.877266
2026-01-21 13:30+01:00,65.538094
2026-01-21 13:45+01:00,
2026-01-21 14:00+01:00,57.387556
2026-01-21 14:15+01:00,55.218035
2026-01-21 14:30+01:00,58.820431
2026-01-21 14:45+01:00,57.055536
2026-01-21 15:00+01:00,42.669517
2026-01-21 15:15+01:00,26.027739
2026-01-21 15:30+01:00,33.258352
2026-01-21 15:45+01:00,23.891599
2026-01-21 16:00+01:00,23.887334
2026-01-21 16:15+01:00,25.491078
2026-01-21 16:30+01:00,25.415963
2026-01-21 16:45+01:00,9.730325
2026-01-21 17:00+01:00,31.760933
2026-01-21 17:15+01:00,15.019360
2026-01-21 17:30+01:00,34.120386
2026-01-21 17:45+01:00,33.128145
2026-01-21 18:00+01:00,10.849776
2026-01-21 18:15+01:00,
2026-01-21 18:30+01:00,16.473744
2026-01-21 18:45+01:00,31.872935
2026-01-21 19:00+01:00,16.324502
2026-01-21 19:15+01:00,19.510387
2026-01-21 19:30+01:00,21.649598
2026-01-21 19:45+01:00,34.619354
2026-01-21 20:00+01:00,28.458214
2026-01-21 20:15+01:00,37.311160
2026-01-21 20:30+01:00,38.209001
2026-01-21 20:45+01:00,32.218393
2026-01-21 21:00+01:00,14.257653
2026-01-21 21:15+01:00,33.729291
2026-01-21 21:30+01:00,34.693546
2026-01-21 21:45+01:00,28.031782
2026-01-21 22:00+01:00,15.504891
2026-01-21 22:15+01:00,4.142527
2026-01-21 22:30+01:00,
2026-01-21 22:45+01:00,16.666003
2026-01-21 23:00+01:00,10.538792
2026-01-21 23:15+01:00,27.976212
2026-01-21 23:30+01:00,26.729316
2026-01-21 23:45+01:00,
2026-01-22 00:00+01:00,26.993791
2026-01-22 00:15+01:00,14.873325
2026-01-22 00:30+01:00,24.502704
2026-01-22 00:45+01:00,
2026-01-22 01:00+01:00,21.074886
2026-01-22 01:15+01:00,23.974908
2026-01-22 01:30+01:00,24.672050
2026-01-22 01:45+01:00,30.929594
2026-01-22 02:00+01:00,33.277260
2026-01-22 02:15+01:00,29.390519
2026-01-22 02:30+01:00,21.544662
2026-01-22 02:45+01:00,21.122189
2026-01-22 03:00+01:00,31.965428
2026-01-22 03:15+01:00,26.781275
2026-01-22 03:30+01:00,25.336856
2026-01-22 03:45+01:00,5.433834
2026-01-22 04:00+01:00,23.274648
2026-01-22 04:15+01:00,28.493290
2026-01-22 04:30+01:00,25.822623
2026-01-22 04:45+01:00,36.411121
2026-01-22 05:00+01:00,11.236258
2026-01-22 05:15+01:00,29.884273
2026-01-22 05:30+01:00,31.138307
2026-01-22 05:45+01:00,
2026-01-22 06:00+01:00,
2026-01-22 06:15+01:00,25.301508
2026-01-22 06:30+01:00,17.569105
2026-01-22 06:45+01:00,23.261132
2026-01-22 07:00+01:00,34.224685
2026-01-22 07:15+01:00,29.768901
2026-01-22 07:30+01:00,23.278096
2026-01-22 07:45+01:00,38.734287
2026-01-22 08:00+01:00,35.273333
2026-01-22 08:15+01:00,37.049268
2026-01-22 08:30+01:00,17.403429
2026-01-22 08:45+01:00,32.452996
2026-01-22 09:00+01:00,55.846488
2026-01-22 09:15+01:00,62.063070
2026-01-22 09:30+01:00,56.666998
2026-01-22 09:45+01:00,58.831634
2026-01-22 10:00+01:00,55.329435
2026-01-22 10:15+01:00,56.067137
2026-01-22 10:30+01:00,56.212058
2026-01-22 10:45+01:00,55.552657
2026-01-22 11:00+01:00,51.323108
2026-01-22 11:15+01:00,55.216047
2026-01-22 11:30+01:00,50.527555
2026-01-22 11:45+01:00,51.802218
2026-01-22 12:00+01:00,55.287126
2026-01-22 12:15+01:00,56.323779
2026-01-22 12:30+01:00,50.069909
2026-01-22 12:45+01:00,57.959788
2026-01-22 13:00+01:00,51.674040
2026-01-22 13:15+01:00,54.067399
2026-01-22 13:30+01:00,55.945892
2026-01-22 13:45+01:00,58.137936
2026-01-22 14:00+01:00,13.622766
2026-01-22 14:15+01:00,26.514126
2026-01-22 14:30+01:00,26.047889
2026-01-22 14:45+01:00,23.215222
2026-01-22 15:00+01:00,28.497234
2026-01-22 15:15+01:00,31.409404
2026-01-22 15:30+01:00,32.705991
2026-01-22 15:45+01:00,36.673394
2026-01-22 16:00+01:00,31.886101
2026-01-22 16:15+01:00,11.656796
2026-01-22 16:30+01:00,29.114315
2026-01-22 16:45+01:00,25.564707
2026-01-22 17:00+01:00,20.265245
2026-01-22 17:15+01:00,19.413621
2026-01-22 17:30+01:00,25.485213
2026-01-22 17:45+01:00,32.234595
2026-01-22 18:00+01:00,25.135457
2026-01-22 18:15+01:00,13.665584
2026-01-22 18:30+01:00,22.911466
2026-01-22 18:45+01:00,28.234292
2026-01-22 19:00+01:00,35.461436
2026-01-22 19:15+01:00,
2026-01-22 19:30+01:00,
2026-01-22 19:45+01:00,24.041223
2026-01-22 20:00+01:00,
2026-01-22 20:15+01:00,17.103612
2026-01-22 20:30+01:00,24.543111
2026-01-22 20:45+01:00,30.645697
2026-01-22 21:00+01:00,30.073028
2026-01-22 21:15+01:00,17.117535
2026-01-22 21:30+01:00,19.485208
2026-01-22 21:45+01:00,28.539359
2026-01-22 22:00+01:00,16.293859
2026-01-22 22:15+01:00,26.337216
2026-01-22 22:30+01:00,
2026-01-22 22:45+01:00,23.018412
2026-01-22 23:00+01:00,24.225022
2026-01-22 23:15+01:00,21.463903
2026-01-22 23:30+01:00,29.276764
2026-01-22 23:45+01:00,38.578933
2026-01-23 00:00+01:00,32.136437
2026-01-23 00:15+01:00,20.754397
2026-01-23 00:30+01:00,28.044902
2026-01-23 00:45+01:00,23.611234
2026-01-23 01:00+01:00,27.859377
2026-01-23 01:15+01:00,32.979356
2026-01-23 01:30+01:00,30.714246
2026-01-23 01:45+01:00,25.893978
2026-01-23 02:00+01:00,21.314973
2026-01-23 02:15+01:00,29.399837
2026-01-23 02:30+01:00,16.957782
2026-01-23 02:45+01:00,25.922017
2026-01-23 03:00+01:00,37.883651
2026-01-23 03:15+01:00,29.291711
2026-01-23 03:30+01:00,18.903482
2026-01-23 03:45+01:00,31.276036
2026-01-23 04:00+01:00,23.709634
2026-01-23 04:15+01:00,18.577762
2026-01-23 04:30+01:00,14.927935
2026-01-23 04:45+01:00,22.805252
2026-01-23 05:00+01:00,
2026-01-23 05:15+01:00,29.584592
2026-01-23 05:30+01:00,16.463708
2026-01-23 05:45+01:00,25.277135
2026-01-23 06:00+01:00,21.932576
2026-01-23 06:15+01:00,11.700152
2026-01-23 06:30+01:00,34.747720
2026-01-23 06:45+01:00,
2026-01-23 07:00+01:00,115.696453
2026-01-23 07:15+01:00,43.340583
2026-01-23 07:30+01:00,29.004232
2026-01-23 07:45+01:00,22.018622
2026-01-23 08:00+01:00,41.868185
2026-01-23 08:15+01:00,23.719579
2026-01-23 08:30+01:00,25.900630
2026-01-23 08:45+01:00,24.509455
2026-01-23 09:00+01:00,51.639648
2026-01-23 09:15+01:00,56.093415
2026-01-23 09:30+01:00,59.445246
2026-01-23 09:45+01:00,56.579133
2026-01-23 10:00+01:00,62.679039
2026-01-23 10:15+01:00,54.324198
2026-01-23 10:30+01:00,52.508153
2026-01-23 10:45+01:00,58.277902
2026-01-23 11:00+01:00,58.336953
2026-01-23 11:15+01:00,54.381926
2026-01-23 11:30+01:00,54.195111
2026-01-23 11:45+01:00,59.547361
2026-01-23 12:00+01:00,19.005314
2026-01-23 12:15+01:00,31.261676
2026-01-23 12:30+01:00,15.157262
2026-01-23 12:45+01:00,
2026-01-23 13:00+01:00,29.492223
2026-01-23 13:15+01:00,21.311036
2026-01-23 13:30+01:00,
2026-01-23 13:45+01:00,24.603819
2026-01-23 14:00+01:00,30.381702
2026-01-23 14:15+01:00,29.545692
2026-01-23 14:30+01:00,28.443561
2026-01-23 14:45+01:00,17.595825
2026-01-23 15:00+01:00,21.163213
2026-01-23 15:15+01:00,18.965199
2026-01-23 15:30+01:00,25.054891
2026-01-23 15:45+01:00,23.141546
2026-01-23 16:00+01:00,46.234565
2026-01-23 16:15+01:00,19.559828
2026-01-23 16:30+01:00,
2026-01-23 16:45+01:00,19.290249
2026-01-23 17:00+01:00,20.622835
2026-01-23 17:15+01:00,19.371710
2026-01-23 17:30+01:00,21.386785
2026-01-23 17:45+01:00,22.680730
2026-01-23 18:00+01:00,31.952076
2026-01-23 18:15+01:00,10.601743
2026-01-23 18:30+01:00,25.114326
2026-01-23 18:45+01:00,27.379390
2026-01-23 19:00+01:00,
2026-01-23 19:15+01:00,29.794027
2026-01-23 19:30+01:00,19.797915
2026-01-23 19:45+01:00,25.490426
2026-01-23 20:00+01:00,21.893517
2026-01-23 20:15+01:00,28.876403
2026-01-23 20:30+01:00,32.680011
2026-01-23 20:45+01:00,22.053794
2026-01-23 21:00+01:00,28.652187
2026-01-23 21:15+01:00,25.054077
2026-01-23 21:30+01:00,27.602345
2026-01-23 21:45+01:00,35.452015
2026-01-23 22:00+01:00,30.028877
2026-01-23 22:15+01:00,27.651270
2026-01-23 22:30+01:00,27.114875
2026-01-23 22:45+01:00,23.890113
2026-01-23 23:00+01:00,22.327115
2026-01-23 23:15+01:00,14.884567
2026-01-23 23:30+01:00,24.813788
2026-01-23 23:45+01:00,20.729282
2026-01-24 00:00+01:00,10.649040
2026-01-24 00:15+01:00,547.684070
2026-01-24 00:30+01:00,467.621010
2026-01-24 00:45+01:00,62.901260
2026-01-24 01:00+01:00,55.839615
2026-01-24 01:15+01:00,56.414049
2026-01-24 01:30+01:00,56.208030
2026-01-24 01:45+01:00,47.626521
2026-01-24 02:00+01:00,51.089281
2026-01-24 02:15+01:00,58.338791
2026-01-24 02:30+01:00,
2026-01-24 02:45+01:00,54.778580
2026-01-24 03:00+01:00,55.775889
2026-01-24 03:15+01:00,54.390454
2026-01-24 03:30+01:00,60.555597
2026-01-24 03:45+01:00,56.604520
2026-01-24 04:00+01:00,59.643247
2026-01-24 04:15+01:00,55.667934
2026-01-24 04:30+01:00,57.498126
2026-01-24 04:45+01:00,61.122722
2026-01-24 05:00+01:00,33.429113
2026-01-24 05:15+01:00,27.926459
2026-01-24 05:30+01:00,
2026-01-24 05:45+01:00,35.104038
2026-01-24 06:00+01:00,32.264948
2026-01-24 06:15+01:00,44.765912
2026-01-24 06:30+01:00,27.744882
2026-01-24 06:45+01:00,26.133819
2026-01-24 07:00+01:00,35.850862
2026-01-24 07:15+01:00,28.876215
2026-01-24 07:30+01:00,35.153398
2026-01-24 07:45+01:00,23.250323
2026-01-24 08:00+01:00,24.433884
2026-01-24 08:15+01:00,23.368434
2026-01-24 08:30+01:00,15.218158
2026-01-24 08:45+01:00,
2026-01-24 09:00+01:00,23.574425
2026-01-24 09:15+01:00,20.259102
2026-01-24 09:30+01:00,26.976763
2026-01-24 09:45+01:00,28.118983
2026-01-24 10:00+01:00,29.815976
2026-01-24 10:15+01:00,15.777979
2026-01-24 10:30+01:00,41.912848
2026-01-24 10:45+01:00,21.708917
2026-01-24 11:00+01:00,17.568954
2026-01-24 11:15+01:00,40.400865
2026-01-24 11:30+01:00,
2026-01-24 11:45+01:00,
2026-01-24 12:00+01:00,24.818549
2026-01-24 12:15+01:00,23.340848
2026-01-24 12:30+01:00,26.105866
2026-01-24 12:45+01:00,29.280946
2026-01-24 13:00+01:00,8.552366
2026-01-24 13:15+01:00,24.142702
2026-01-24 13:30+01:00,32.645436
2026-01-24 13:45+01:00,30.146555
2026-01-24 14:00+01:00,27.437861
2026-01-24 14:15+01:00,40.704910
2026-01-24 14:30+01:00,22.390870
2026-01-24 14:45+01:00,32.430223
2026-01-24 15:00+01:00,27.013836
2026-01-24 15:15+01:00,28.617747
2026-01-24 15:30+01:00,18.358054
2026-01-24 15:45+01:00,25.719836
2026-01-24 16:00+01:00,13.120568
2026-01-24 16:15+01:00,29.262841
2026-01-24 16:30+01:00,21.835011
2026-01-24 16:45+01:00,29.984456
2026-01-24 17:00+01:00,31.618550
2026-01-24 17:15+01:00,29.805512
2026-01-24 17:30+01:00,43.380215
2026-01-24 17:45+01:00,28.175640
2026-01-24 18:00+01:00,35.291336
2026-01-24 18:15+01:00,19.696221
2026-01-24 18:30+01:00,24.647990
2026-01-24 18:45+01:00,39.645811
2026-01-24 19:00+01:00,24.718771
2026-01-24 19:15+01:00,8.618652
2026-01-24 19:30+01:00,35.299362
2026-01-24 19:45+01:00,30.461739
2026-01-24 20:00+01:00,29.242242
2026-01-24 20:15+01:00,17.231542
2026-01-24 20:30+01:00,4.107703
2026-01-24 20:45+01:00,20.788837
2026-01-24 21:00+01:00,19.634867
2026-01-24 21:15+01:00,30.195544
2026-01-24 21:30+01:00,24.816393
2026-01-24 21:45+01:00,32.606109
2026-01-24 22:00+01:00,17.698562
2026-01-24 22:15+01:00,31.272227
2026-01-24 22:30+01:00,17.754120
2026-01-24 22:45+01:00,29.991496
2026-01-24 23:00+01:00,11.121101
2026-01-24 23:15+01:00,15.768169
2026-01-24 23:30+01:00,34.722281
2026-01-24 23:45+01:00,19.878532
2026-01-25 00:00+01:00,48.066432
2026-01-25 00:15+01:00,55.697679
2026-01-25 00:30+01:00,56.523543
2026-01-25 00:45+01:00,53.199018
2026-01-25 01:00+01:00,57.562872
2026-01-25 01:15+01:00,53.392783
2026-01-25 01:30+01:00,50.231445
2026-01-25 01:45+01:00,57.057864
2026-01-25 02:00+01:00,56.070235
2026-01-25 02:15+01:00,58.087758
2026-01-25 02:30+01:00,56.897201
2026-01-25 02:45+01:00,59.102063
2026-01-25 03:00+01:00,54.519472
2026-01-25 03:15+01:00,55.116336
2026-01-25 03:30+01:00,54.921733
2026-01-25 03:45+01:00,51.895131
2026-01-25 04:00+01:00,59.521703
2026-01-25 04:15+01:00,49.680710
2026-01-25 04:30+01:00,
2026-01-25 04:45+01:00,
2026-01-25 05:00+01:00,29.249571
2026-01-25 05:15+01:00,24.609410
2026-01-25 05:30+01:00,30.979156
2026-01-25 05:45+01:00,22.019996
2026-01-25 06:00+01:00,32.330911
2026-01-25 06:15+01:00,22.101791
2026-01-25 06:30+01:00,16.706357
2026-01-25 06:45+01:00,13.522096
2026-01-25 07:00+01:00,32.330598
2026-01-25 07:15+01:00,28.899152
2026-01-25 07:30+01:00,15.906962
2026-01-25 07:45+01:00,20.681192
2026-01-25 08:00+01:00,25.237516
2026-01-25 08:15+01:00,20.972646
2026-01-25 08:30+01:00,27.335466
2026-01-25 08:45+01:00,30.972472
2026-01-25 09:00+01:00,22.207416
2026-01-25 09:15+01:00,10.686190
2026-01-25 09:30+01:00,36.520766
2026-01-25 09:45+01:00,14.198139
2026-01-25 10:00+01:00,15.591121
2026-01-25 10:15+01:00,22.059758
2026-01-25 10:30+01:00,26.881217
2026-01-25 10:45+01:00,31.811525
2026-01-25 11:00+01:00,19.891275
2026-01-25 11:15+01:00,17.810401
2026-01-25 11:30+01:00,30.395006
2026-01-25 11:45+01:00,6.594350
2026-01-25 12:00+01:00,18.497126
2026-01-25 12:15+01:00,27.738340
2026-01-25 12:30+01:00,24.630118
2026-01-25 12:45+01:00,26.870876
2026-01-25 13:00+01:00,18.579613
2026-01-25 13:15+01:00,25.229175
2026-01-25 13:30+01:00,
2026-01-25 13:45+01:00,28.490711
2026-01-25 14:00+01:00,22.667255
2026-01-25 14:15+01:00,23.674129
2026-01-25 14:30+01:00,19.781151
2026-01-25 14:45+01:00,32.561807
2026-01-25 15:00+01:00,24.285424
2026-01-25 15:15+01:00,19.409762
2026-01-25 15:30+01:00,21.772709
2026-01-25 15:45+01:00,18.449619
2026-01-25 16:00+01:00,22.465845
2026-01-25 16:15+01:00,29.299060
2026-01-25 16:30+01:00,30.914719
2026-01-25 16:45+01:00,22.307446
2026-01-25 17:00+01:00,10.269533
2026-01-25 17:15+01:00,
2026-01-25 17:30+01:00,40.838375
2026-01-25 17:45+01:00,20.031451
2026-01-25 18:00+01:00,54.416992
2026-01-25 18:15+01:00,58.770986
2026-01-25 18:30+01:00,60.534137
2026-01-25 18:45+01:00,54.580311
2026-01-25 19:00+01:00,56.960809
2026-01-25 19:15+01:00,53.114459
2026-01-25 19:30+01:00,48.987388
2026-01-25 19:45+01:00,54.080587
2026-01-25 20:00+01:00,57.818886
2026-01-25 20:15+01:00,61.621171
2026-01-25 20:30+01:00,49.793643
2026-01-25 20:45+01:00,61.606546
2026-01-25 21:00+01:00,57.708174
2026-01-25 21:15+01:00,59.862619
2026-01-25 21:30+01:00,
2026-01-25 21:45+01:00,53.111805
2026-01-25 22:00+01:00,58.059807
2026-01-25 22:15+01:00,58.648138
2026-01-25 22:30+01:00,55.972065
2026-01-25 22:45+01:00,48.910294
2026-01-25 23:00+01:00,18.142165
2026-01-25 23:15+01:00,14.920412
2026-01-25 23:30+01:00,34.847517
2026-01-25 23:45+01:00,35.936865
2026-01-26 00:00+01:00,56.742839
2026-01-26 00:15+01:00,24.184928
2026-01-26 00:30+01:00,39.465529
2026-01-26 00:45+01:00,26.305540
2026-01-26 01:00+01:00,20.835467
2026-01-26 01:15+01:00,29.115426
2026-01-26 01:30+01:00,12.990568
2026-01-26 01:45+01:00,28.872687
2026-01-26 02:00+01:00,34.196410
2026-01-26 02:15+01:00,30.615467
2026-01-26 02:30+01:00,20.448841
2026-01-26 02:45+01:00,26.609179
2026-01-26 03:00+01:00,22.217834
2026-01-26 03:15+01:00,14.400628
2026-01-26 03:30+01:00,30.015671
2026-01-26 03:45+01:00,27.346108
2026-01-26 04:00+01:00,34.741419
2026-01-26 04:15+01:00,30.227974
2026-01-26 04:30+01:00,37.660093
2026-01-26 04:45+01:00,32.196597
2026-01-26 05:00+01:00,26.416647
2026-01-26 05:15+01:00,34.272808
2026-01-26 05:30+01:00,12.825861
2026-01-26 05:45+01:00,21.275136
2026-01-26 06:00+01:00,29.219539
2026-01-26 06:15+01:00,20.553284
2026-01-26 06:30+01:00,31.320315
2026-01-26 06:45+01:00,21.280247
2026-01-26 07:00+01:00,32.825695
2026-01-26 07:15+01:00,41.495746
2026-01-26 07:30+01:00,24.970329
2026-01-26 07:45+01:00,19.177791
2026-01-26 08:00+01:00,23.995076
2026-01-26 08:15+01:00,29.215504
2026-01-26 08:30+01:00,33.511792
2026-01-26 08:45+01:00,19.337887
2026-01-26 09:00+01:00,28.585972
2026-01-26 09:15+01:00,24.443061
2026-01-26 09:30+01:00,30.050857
2026-01-26 09:45+01:00,34.358076
2026-01-26 10:00+01:00,35.316776
2026-01-26 10:15+01:00,
2026-01-26 10:30+01:00,32.431268
2026-01-26 10:45+01:00,25.716492
2026-01-26 11:00+01:00,
2026-01-26 11:15+01:00,61.890955
2026-01-26 11:30+01:00,58.143683
2026-01-26 11:45+01:00,53.431733
2026-01-26 12:00+01:00,57.537492
2026-01-26 12:15+01:00,59.908441
2026-01-26 12:30+01:00,53.154917
2026-01-26 12:45+01:00,52.361632
2026-01-26 13:00+01:00,55.338429
2026-01-26 13:15+01:00,56.356058
2026-01-26 13:30+01:00,50.075466
2026-01-26 13:45+01:00,60.532657
2026-01-26 14:00+01:00,54.821361
2026-01-26 14:15+01:00,55.616489
2026-01-26 14:30+01:00,59.819964
2026-01-26 14:45+01:00,54.325740
2026-01-26 15:00+01:00,56.635587
2026-01-26 15:15+01:00,57.686391
2026-01-26 15:30+01:00,58.007589
2026-01-26 15:45+01:00,54.802458
2026-01-26 16:00+01:00,19.041659
2026-01-26 16:15+01:00,33.741179
2026-01-26 16:30+01:00,25.565614
2026-01-26 16:45+01:00,19.852216
2026-01-26 17:00+01:00,28.640442
2026-01-26 17:15+01:00,21.702500
2026-01-26 17:30+01:00,20.533240
2026-01-26 17:45+01:00,43.832483
2026-01-26 18:00+01:00,19.382112
2026-01-26 18:15+01:00,26.512449
2026-01-26 18:30+01:00,
2026-01-26 18:45+01:00,31.205486
2026-01-26 19:00+01:00,32.684297
2026-01-26 19:15+01:00,14.385211
2026-01-26 19:30+01:00,28.998445
2026-01-26 19:45+01:00,26.007853
2026-01-26 20:00+01:00,18.129440
2026-01-26 20:15+01:00,17.007111
2026-01-26 20:30+01:00,24.183289
2026-01-26 20:45+01:00,16.946519
2026-01-26 21:00+01:00,15.371022
2026-01-26 21:15+01:00,35.583204
2026-01-26 21:30+01:00,26.844388
2026-01-26 21:45+01:00,36.850817
2026-01-26 22:00+01:00,27.299122
2026-01-26 22:15+01:00,27.325142
2026-01-26 22:30+01:00,27.094795
2026-01-26 22:45+01:00,33.750290
2026-01-26 23:00+01:00,29.808565
2026-01-26 23:15+01:00,28.627679
2026-01-26 23:30+01:00,32.998255
2026-01-26 23:45+01:00,21.009685
2026-01-27 00:00+01:00,33.311646
2026-01-27 00:15+01:00,41.434240
2026-01-27 00:30+01:00,37.115700
2026-01-27 00:45+01:00,24.215716
2026-01-27 01:00+01:00,35.553836
2026-01-27 01:15+01:00,29.027085
2026-01-27 01:30+01:00,21.628420
2026-01-27 01:45+01:00,23.355429
2026-01-27 02:00+01:00,
2026-01-27 02:15+01:00,
2026-01-27 02:30+01:00,12.471497
2026-01-27 02:45+01:00,35.323840
2026-01-27 03:00+01:00,15.592278
2026-01-27 03:15+01:00,20.359313
2026-01-27 03:30+01:00,24.153627
2026-01-27 03:45+01:00,30.074978
2026-01-27 04:00+01:00,24.152256
2026-01-27 04:15+01:00,11.274428
2026-01-27 04:30+01:00,41.483018
2026-01-27 04:45+01:00,27.932116
2026-01-27 05:00+01:00,
2026-01-27 05:15+01:00,25.587252
2026-01-27 05:30+01:00,21.828619
2026-01-27 05:45+01:00,22.502577
2026-01-27 06:00+01:00,26.284407
2026-01-27 06:15+01:00,13.302021
2026-01-27 06:30+01:00,6.389315
2026-01-27 06:45+01:00,18.662584
2026-01-27 07:00+01:00,20.928489
2026-01-27 07:15+01:00,13.572221
2026-01-27 07:30+01:00,13.925212
2026-01-27 07:45+01:00,24.220463
2026-01-27 08:00+01:00,27.501999
2026-01-27 08:15+01:00,15.653003
2026-01-27 08:30+01:00,23.988852
2026-01-27 08:45+01:00,17.902837
2026-01-27 09:00+01:00,25.005942
2026-01-27 09:15+01:00,22.986901
2026-01-27 09:30+01:00,18.148229
2026-01-27 09:45+01:00,32.010706
2026-01-27 10:00+01:00,24.502118
2026-01-27 10:15+01:00,21.452754
2026-01-27 10:30+01:00,36.916317
2026-01-27 10:45+01:00,26.463906
2026-01-27 11:00+01:00,32.683785
2026-01-27 11:15+01:00,34.283461
2026-01-27 11:30+01:00,22.718212
2026-01-27 11:45+01:00,40.139701
2026-01-27 12:00+01:00,25.294114
2026-01-27 12:15+01:00,28.095578
2026-01-27 12:30+01:00,
2026-01-27 12:45+01:00,30.586355
2026-01-27 13:00+01:00,15.064919
2026-01-27 13:15+01:00,19.383757
2026-01-27 13:30+01:00,24.764893
2026-01-27 13:45+01:00,24.763118
2026-01-27 14:00+01:00,39.949128
2026-01-27 14:15+01:00,26.511128
2026-01-27 14:30+01:00,27.994858
2026-01-27 14:45+01:00,13.034099
2026-01-27 15:00+01:00,32.825633
2026-01-27 15:15+01:00,23.478477
2026-01-27 15:30+01:00,26.292272
2026-01-27 15:45+01:00,31.204125
2026-01-27 16:00+01:00,29.829946
2026-01-27 16:15+01:00,21.727584
2026-01-27 16:30+01:00,19.277463
2026-01-27 16:45+01:00,33.155709
2026-01-27 17:00+01:00,5.642222
2026-01-27 17:15+01:00,16.961501
2026-01-27 17:30+01:00,8.323486
2026-01-27 17:45+01:00,25.884045
2026-01-27 18:00+01:00,24.710695
2026-01-27 18:15+01:00,22.889302
2026-01-27 18:30+01:00,
2026-01-27 18:45+01:00,22.445380
2026-01-27 19:00+01:00,19.106106
2026-01-27 19:15+01:00,12.313664
2026-01-27 19:30+01:00,27.309458
2026-01-27 19:45+01:00,38.004211
2026-01-27 20:00+01:00,24.657215
2026-01-27 20:15+01:00,37.843821
2026-01-27 20:30+01:00,18.693200
2026-01-27 20:45+01:00,30.178759
2026-01-27 21:00+01:00,53.977857
2026-01-27 21:15+01:00,49.787660
2026-01-27 21:30+01:00,60.473729
2026-01-27 21:45+01:00,56.729680
2026-01-27 22:00+01:00,56.737218
2026-01-27 22:15+01:00,51.522978
2026-01-27 22:30+01:00,57.407144
2026-01-27 22:45+01:00,53.371618
2026-01-27 23:00+01:00,54.042299
2026-01-27 23:15+01:00,60.703064
2026-01-27 23:30+01:00,58.157132
2026-01-27 23:45+01:00,53.844623
2026-01-28 00:00+01:00,16.857421
2026-01-28 00:15+01:00,58.710925
2026-01-28 00:30+01:00,52.861281
2026-01-28 00:45+01:00,55.714844
2026-01-28 01:00+01:00,54.037929
2026-01-28 01:15+01:00,52.981022
2026-01-28 01:30+01:00,55.431893
2026-01-28 01:45+01:00,48.761894
2026-01-28 02:00+01:00,58.550343
2026-01-28 02:15+01:00,58.213271
2026-01-28 02:30+01:00,61.137030
2026-01-28 02:45+01:00,57.579839
2026-01-28 03:00+01:00,56.784187
2026-01-28 03:15+01:00,58.928612
2026-01-28 03:30+01:00,59.636250
2026-01-28 03:45+01:00,59.446919
2026-01-28 04:00+01:00,55.044144
2026-01-28 04:15+01:00,53.976161
2026-01-28 04:30+01:00,60.016838
2026-01-28 04:45+01:00,51.722839
2026-01-28 05:00+01:00,53.938680
2026-01-28 05:15+01:00,60.602915
2026-01-28 05:30+01:00,56.716428
2026-01-28 05:45+01:00,53.977950
2026-01-28 06:00+01:00,19.514634
2026-01-28 06:15+01:00,37.371242
2026-01-28 06:30+01:00,9.656122
2026-01-28 06:45+01:00,23.049665
2026-01-28 07:00+01:00,42.240771
2026-01-28 07:15+01:00,24.774168
2026-01-28 07:30+01:00,
2026-01-28 07:45+01:00,31.165200
2026-01-28 08:00+01:00,20.565651
2026-01-28 08:15+01:00,16.156676
2026-01-28 08:30+01:00,14.470059
2026-01-28 08:45+01:00,17.276401
2026-01-28 09:00+01:00,21.227667
2026-01-28 09:15+01:00,18.400576
2026-01-28 09:30+01:00,8.809564
2026-01-28 09:45+01:00,17.961005
2026-01-28 10:00+01:00,25.311147
2026-01-28 10:15+01:00,20.268860
2026-01-28 10:30+01:00,28.640743
2026-01-28 10:45+01:00,28.594454
2026-01-28 11:00+01:00,19.515340
2026-01-28 11:15+01:00,30.393278
2026-01-28 11:30+01:00,26.222938
2026-01-28 11:45+01:00,20.750385
2026-01-28 12:00+01:00,26.731887
2026-01-28 12:15+01:00,36.185897
2026-01-28 12:30+01:00,22.792606
2026-01-28 12:45+01:00,29.848954
2026-01-28 13:00+01:00,37.625600
2026-01-28 13:15+01:00,
2026-01-28 13:30+01:00,23.957666
2026-01-28 13:45+01:00,34.553096
2026-01-28 14:00+01:00,25.150166
2026-01-28 14:15+01:00,36.392482
2026-01-28 14:30+01:00,15.197028
2026-01-28 14:45+01:00,25.104574
2026-01-28 15:00+01:00,10.500177
2026-01-28 15:15+01:00,27.040139
2026-01-28 15:30+01:00,28.566597
2026-01-28 15:45+01:00,21.424066
2026-01-28 16:00+01:00,31.267896
2026-01-28 16:15+01:00,29.705213
2026-01-28 16:30+01:00,37.974496
2026-01-28 16:45+01:00,18.098380
2026-01-28 17:00+01:00,29.881128
2026-01-28 17:15+01:00,
2026-01-28 17:30+01:00,15.178666
2026-01-28 17:45+01:00,8.331653
2026-01-28 18:00+01:00,22.119659
2026-01-28 18:15+01:00,29.644602
2026-01-28 18:30+01:00,17.470847
2026-01-28 18:45+01:00,33.383183
2026-01-28 19:00+01:00,38.820461
2026-01-28 19:15+01:00,25.520719
2026-01-28 19:30+01:00,20.781555
2026-01-28 19:45+01:00,23.880028
2026-01-28 20:00+01:00,19.997979
2026-01-28 20:15+01:00,23.780846
2026-01-28 20:30+01:00,29.079495
2026-01-28 20:45+01:00,22.043897
2026-01-28 21:00+01:00,54.503035
2026-01-28 21:15+01:00,56.830462
2026-01-28 21:30+01:00,60.164917
2026-01-28 21:45+01:00,54.150416
2026-01-28 22:00+01:00,56.885956
2026-01-28 22:15+01:00,55.855707
2026-01-28 22:30+01:00,52.205699
2026-01-28 22:45+01:00,55.882759
2026-01-28 23:00+01:00,53.924260
2026-01-28 23:15+01:00,52.769401
2026-01-28 23:30+01:00,55.454208
2026-01-28 23:45+01:00,55.199200
2026-01-29 00:00+01:00,54.673108
2026-01-29 00:15+01:00,15.811319
2026-01-29 00:30+01:00,13.719351
2026-01-29 00:45+01:00,43.971074
2026-01-29 01:00+01:00,32.969453
2026-01-29 01:15+01:00,30.187644
2026-01-29 01:30+01:00,20.135241
2026-01-29 01:45+01:00,15.057474
2026-01-29 02:00+01:00,8.396329
2026-01-29 02:15+01:00,19.999367
2026-01-29 02:30+01:00,52.194513
2026-01-29 02:45+01:00,18.903273
2026-01-29 03:00+01:00,54.973166
2026-01-29 03:15+01:00,56.623328
2026-01-29 03:30+01:00,61.635861
2026-01-29 03:45+01:00,54.412589
2026-01-29 04:00+01:00,54.734133
2026-01-29 04:15+01:00,58.643781
2026-01-29 04:30+01:00,51.334493
2026-01-29 04:45+01:00,58.147532
2026-01-29 05:00+01:00,58.895246
2026-01-29 05:15+01:00,60.879202
2026-01-29 05:30+01:00,51.464995
2026-01-29 05:45+01:00,51.621816
2026-01-29 06:00+01:00,
2026-01-29 06:15+01:00,54.923203
2026-01-29 06:30+01:00,59.895599
2026-01-29 06:45+01:00,59.027963
2026-01-29 07:00+01:00,43.232818
2026-01-29 07:15+01:00,16.211660
2026-01-29 07:30+01:00,29.153568
2026-01-29 07:45+01:00,25.754462
2026-01-29 08:00+01:00,35.260163
2026-01-29 08:15+01:00,31.355298
2026-01-29 08:30+01:00,29.917513
2026-01-29 08:45+01:00,30.570134
2026-01-29 09:00+01:00,36.020535
2026-01-29 09:15+01:00,26.541973
2026-01-29 09:30+01:00,33.226193
2026-01-29 09:45+01:00,44.717201
2026-01-29 10:00+01:00,8.015328
2026-01-29 10:15+01:00,37.695354
2026-01-29 10:30+01:00,18.478309
2026-01-29 10:45+01:00,25.570857
2026-01-29 11:00+01:00,30.186836
2026-01-29 11:15+01:00,12.979419
2026-01-29 11:30+01:00,18.370033
2026-01-29 11:45+01:00,32.592162
2026-01-29 12:00+01:00,34.305970
2026-01-29 12:15+01:00,28.852769
2026-01-29 12:30+01:00,31.499735
2026-01-29 12:45+01:00,33.705163
2026-01-29 13:00+01:00,32.540505
2026-01-29 13:15+01:00,16.196688
2026-01-29 13:30+01:00,32.068918
2026-01-29 13:45+01:00,15.432128
2026-01-29 14:00+01:00,20.530199
2026-01-29 14:15+01:00,23.802462
2026-01-29 14:30+01:00,38.281018
2026-01-29 14:45+01:00,25.865817
2026-01-29 15:00+01:00,27.391911
2026-01-29 15:15+01:00,
2026-01-29 15:30+01:00,29.151740
2026-01-29 15:45+01:00,23.065511
2026-01-29 16:00+01:00,25.221196
2026-01-29 16:15+01:00,21.463725
2026-01-29 16:30+01:00,36.030727
2026-01-29 16:45+01:00,25.551630
2026-01-29 17:00+01:00,23.949031
2026-01-29 17:15+01:00,18.935302
2026-01-29 17:30+01:00,14.110698
2026-01-29 17:45+01:00,29.647289
2026-01-29 18:00+01:00,18.235956
2026-01-29 18:15+01:00,38.758132
2026-01-29 18:30+01:00,30.243939
2026-01-29 18:45+01:00,
2026-01-29 19:00+01:00,35.753931
2026-01-29 19:15+01:00,18.169181
2026-01-29 19:30+01:00,19.262690
2026-01-29 19:45+01:00,35.095619
2026-01-29 20:00+01:00,30.393487
2026-01-29 20:15+01:00,16.744497
2026-01-29 20:30+01:00,24.844497
2026-01-29 20:45+01:00,40.606267
2026-01-29 21:00+01:00,56.224301
2026-01-29 21:15+01:00,51.739214
2026-01-29 21:30+01:00,61.477997
2026-01-29 21:45+01:00,57.660655
2026-01-29 22:00+01:00,53.365041
2026-01-29 22:15+01:00,62.142236
2026-01-29 22:30+01:00,54.662295
2026-01-29 22:45+01:00,56.837016
2026-01-29 23:00+01:00,
2026-01-29 23:15+01:00,52.152774
2026-01-29 23:30+01:00,
2026-01-29 23:45+01:00,59.915828
2026-01-30 00:00+01:00,25.640997
2026-01-30 00:15+01:00,32.523647
2026-01-30 00:30+01:00,26.708497
2026-01-30 00:45+01:00,16.019146
2026-01-30 01:00+01:00,16.174628
2026-01-30 01:15+01:00,26.294699
2026-01-30 01:30+01:00,30.984330
2026-01-30 01:45+01:00,17.982335
2026-01-30 02:00+01:00,24.862861
2026-01-30 02:15+01:00,30.940256
2026-01-30 02:30+01:00,17.933104
2026-01-30 02:45+01:00,24.774178
2026-01-30 03:00+01:00,32.024023
2026-01-30 03:15+01:00,24.033999
2026-01-30 03:30+01:00,
2026-01-30 03:45+01:00,298.630391
2026-01-30 04:00+01:00,23.203386
2026-01-30 04:15+01:00,26.147803
2026-01-30 04:30+01:00,21.948279
2026-01-30 04:45+01:00,37.162229
2026-01-30 05:00+01:00,33.550167
2026-01-30 05:15+01:00,21.345563
2026-01-30 05:30+01:00,24.261336
2026-01-30 05:45+01:00,24.270179
2026-01-30 06:00+01:00,
2026-01-30 06:15+01:00,30.177651
2026-01-30 06:30+01:00,16.491763
2026-01-30 06:45+01:00,29.975589
2026-01-30 07:00+01:00,33.590352
2026-01-30 07:15+01:00,32.266369
2026-01-30 07:30+01:00,26.131145
2026-01-30 07:45+01:00,32.236366
2026-01-30 08:00+01:00,23.091844
2026-01-30 08:15+01:00,13.898358
2026-01-30 08:30+01:00,21.949784
2026-01-30 08:45+01:00,27.917114
2026-01-30 09:00+01:00,33.730743
2026-01-30 09:15+01:00,23.790635
2026-01-30 09:30+01:00,19.963060
2026-01-30 09:45+01:00,29.731493
2026-01-30 10:00+01:00,9.254298
2026-01-30 10:15+01:00,42.214239
2026-01-30 10:30+01:00,30.378441
2026-01-30 10:45+01:00,26.478902
2026-01-30 11:00+01:00,21.248857
2026-01-30 11:15+01:00,25.165332
2026-01-30 11:30+01:00,28.998026
2026-01-30 11:45+01:00,33.117580
2026-01-30 12:00+01:00,55.865547
2026-01-30 12:15+01:00,
2026-01-30 12:30+01:00,57.904639
2026-01-30 12:45+01:00,58.094291
2026-01-30 13:00+01:00,55.305922
2026-01-30 13:15+01:00,60.023784
2026-01-30 13:30+01:00,63.558757
2026-01-30 13:45+01:00,48.561216
2026-01-30 14:00+01:00,55.160788
2026-01-30 14:15+01:00,56.152466
2026-01-30 14:30+01:00,47.221551
2026-01-30 14:45+01:00,48.255361
2026-01-30 15:00+01:00,52.287259
2026-01-30 15:15+01:00,56.998348
2026-01-30 15:30+01:00,57.512877
2026-01-30 15:45+01:00,54.931266
2026-01-30 16:00+01:00,58.545784
2026-01-30 16:15+01:00,54.729373
2026-01-30 16:30+01:00,53.184705
2026-01-30 16:45+01:00,52.050860
2026-01-30 17:00+01:00,11.442502
2026-01-30 17:15+01:00,28.184486
2026-01-30 17:30+01:00,13.644092
2026-01-30 17:45+01:00,19.424461
2026-01-30 18:00+01:00,36.034966
2026-01-30 18:15+01:00,21.826015
2026-01-30 18:30+01:00,30.315083
2026-01-30 18:45+01:00,37.632757
2026-01-30 19:00+01:00,31.828392
2026-01-30 19:15+01:00,
2026-01-30 19:30+01:00,19.223235
2026-01-30 19:45+01:00,28.025682
2026-01-30 20:00+01:00,28.684537
2026-01-30 20:15+01:00,22.931676
2026-01-30 20:30+01:00,22.973167
2026-01-30 20:45+01:00,29.766479
2026-01-30 21:00+01:00,
2026-01-30 21:15+01:00,33.712811
2026-01-30 21:30+01:00,33.971338
2026-01-30 21:45+01:00,31.936378
2026-01-30 22:00+01:00,22.572020
2026-01-30 22:15+01:00,15.814070
2026-01-30 22:30+01:00,
2026-01-30 22:45+01:00,38.038436
2026-01-30 23:00+01:00,19.800024
2026-01-30 23:15+01:00,
2026-01-30 23:30+01:00,27.218001
2026-01-30 23:45+01:00,17.231268
2026-01-31 00:00+01:00,22.413122
2026-01-31 00:15+01:00,26.727322
2026-01-31 00:30+01:00,29.169640
2026-01-31 00:45+01:00,17.430724
2026-01-31 01:00+01:00,36.018039
2026-01-31 01:15+01:00,16.351568
2026-01-31 01:30+01:00,21.526885
2026-01-31 01:45+01:00,21.740111
2026-01-31 02:00+01:00,33.034643
2026-01-31 02:15+01:00,28.989729
2026-01-31 02:30+01:00,27.888166
2026-01-31 02:45+01:00,26.417275
2026-01-31 03:00+01:00,22.385355
2026-01-31 03:15+01:00,34.403968
2026-01-31 03:30+01:00,31.501022
2026-01-31 03:45+01:00,28.259752
2026-01-31 04:00+01:00,33.018425
2026-01-31 04:15+01:00,21.401402
2026-01-31 04:30+01:00,18.192720
2026-01-31 04:45+01:00,31.483244
2026-01-31 05:00+01:00,15.826654
2026-01-31 05:15+01:00,24.758783
2026-01-31 05:30+01:00,21.407858
2026-01-31 05:45+01:00,18.964402
2026-01-31 06:00+01:00,14.756833
2026-01-31 06:15+01:00,16.348292
2026-01-31 06:30+01:00,17.402618
2026-01-31 06:45+01:00,24.407762
2026-01-31 07:00+01:00,25.985812
2026-01-31 07:15+01:00,38.620548
2026-01-31 07:30+01:00,20.705828
2026-01-31 07:45+01:00,13.343462
2026-01-31 08:00+01:00,18.775541
2026-01-31 08:15+01:00,12.715541
2026-01-31 08:30+01:00,34.360285
2026-01-31 08:45+01:00,21.920161
2026-01-31 09:00+01:00,21.358077
2026-01-31 09:15+01:00,35.298496
2026-01-31 09:30+01:00,14.700943
2026-01-31 09:45+01:00,11.746558
2026-01-31 10:00+01:00,30.215652
2026-01-31 10:15+01:00,23.269026
2026-01-31 10:30+01:00,29.969487
2026-01-31 10:45+01:00,
2026-01-31 11:00+01:00,237.442717
2026-01-31 11:15+01:00,238.869626
2026-01-31 11:30+01:00,37.001634
2026-01-31 11:45+01:00,21.469355
2026-01-31 12:00+01:00,32.013998
2026-01-31 12:15+01:00,18.405085
2026-01-31 12:30+01:00,9.188398
2026-01-31 12:45+01:00,16.249879
2026-01-31 13:00+01:00,23.042796
2026-01-31 13:15+01:00,29.423065
2026-01-31 13:30+01:00,32.453359
2026-01-31 13:45+01:00,7.337677
2026-01-31 14:00+01:00,27.792459
2026-01-31 14:15+01:00,24.005900
2026-01-31 14:30+01:00,28.622761
2026-01-31 14:45+01:00,11.729304
2026-01-31 15:00+01:00,35.415754
2026-01-31 15:15+01:00,22.890548
2026-01-31 15:30+01:00,8.026441
2026-01-31 15:45+01:00,34.717573
2026-01-31 16:00+01:00,27.100420
2026-01-31 16:15+01:00,27.092508
2026-01-31 16:30+01:00,27.465482
2026-01-31 16:45+01:00,14.608826
2026-01-31 17:00+01:00,33.831853
2026-01-31 17:15+01:00,26.959709
2026-01-31 17:30+01:00,14.593092
2026-01-31 17:45+01:00,24.317288
2026-01-31 18:00+01:00,57.150217
2026-01-31 18:15+01:00,60.785526
2026-01-31 18:30+01:00,52.593837
2026-01-31 18:45+01:00,62.004369
2026-01-31 19:00+01:00,54.041749
2026-01-31 19:15+01:00,54.159502
2026-01-31 19:30+01:00,53.616560
2026-01-31 19:45+01:00,53.256471
2026-01-31 20:00+01:00,51.139310
2026-01-31 20:15+01:00,
2026-01-31 20:30+01:00,54.402493
2026-01-31 20:45+01:00,56.250056
2026-01-31 21:00+01:00,51.807252
2026-01-31 21:15+01:00,52.566494
2026-01-31 21:30+01:00,54.223793
2026-01-31 21:45+01:00,58.452906
2026-01-31 22:00+01:00,55.384905
2026-01-31 22:15+01:00,59.399863
2026-01-31 22:30+01:00,
2026-01-31 22:45+01:00,54.473072
2026-01-31 23:00+01:00,54.531281
2026-01-31 23:15+01:00,48.923809
2026-01-31 23:30+01:00,
2026-01-31 23:45+01:00,50.336839
2026-02-01 00:00+01:00,20.311343
2026-02-01 00:15+01:00,34.764328
2026-02-01 00:30+01:00,21.707859
2026-02-01 00:45+01:00,30.218388
2026-02-01 01:00+01:00,22.294065
2026-02-01 01:15+01:00,30.063868
2026-02-01 01:30+01:00,25.295974
2026-02-01 01:45+01:00,19.587188
2026-02-01 02:00+01:00,
2026-02-01 02:15+01:00,26.100393
2026-02-01 02:30+01:00,22.986588
2026-02-01 02:45+01:00,32.741544
2026-02-01 03:00+01:00,14.871208
2026-02-01 03:15+01:00,18.612312
2026-02-01 03:30+01:00,30.644061
2026-02-01 03:45+01:00,35.295557
2026-02-01 04:00+01:00,24.539075
2026-02-01 04:15+01:00,25.198627
2026-02-01 04:30+01:00,16.019573
2026-02-01 04:45+01:00,26.024930
2026-02-01 05:00+01:00,41.629645
2026-02-01 05:15+01:00,24.991946
2026-02-01 05:30+01:00,37.719955
2026-02-01 05:45+01:00,34.195839
2026-02-01 06:00+01:00,54.080800
2026-02-01 06:15+01:00,52.087246
2026-02-01 06:30+01:00,52.183618
2026-02-01 06:45+01:00,60.087333
2026-02-01 07:00+01:00,
2026-02-01 07:15+01:00,
2026-02-01 07:30+01:00,56.375239
2026-02-01 07:45+01:00,58.161778
2026-02-01 08:00+01:00,52.700372
2026-02-01 08:15+01:00,54.724177
2026-02-01 08:30+01:00,63.367615
2026-02-01 08:45+01:00,53.054909
2026-02-01 09:00+01:00,52.928947
2026-02-01 09:15+01:00,51.392752
2026-02-01 09:30+01:00,54.435893
2026-02-01 09:45+01:00,55.181292
2026-02-01 10:00+01:00,55.697087
2026-02-01 10:15+01:00,63.939003
2026-02-01 10:30+01:00,
2026-02-01 10:45+01:00,61.575008
2026-02-01 11:00+01:00,26.901368
2026-02-01 11:15+01:00,23.589498
2026-02-01 11:30+01:00,29.669511
2026-02-01 11:45+01:00,24.398411
2026-02-01 12:00+01:00,32.099756
2026-02-01 12:15+01:00,10.103519
2026-02-01 12:30+01:00,21.832146
2026-02-01 12:45+01:00,36.894263
2026-02-01 13:00+01:00,11.373806
2026-02-01 13:15+01:00,23.585669
2026-02-01 13:30+01:00,23.658413
2026-02-01 13:45+01:00,25.019940
2026-02-01 14:00+01:00,19.643789
2026-02-01 14:15+01:00,32.811458
2026-02-01 14:30+01:00,15.824065
2026-02-01 14:45+01:00,41.442995
2026-02-01 15:00+01:00,29.076968
2026-02-01 15:15+01:00,30.550723
2026-02-01 15:30+01:00,
2026-02-01 15:45+01:00,31.595112
2026-02-01 16:00+01:00,20.772178
2026-02-01 16:15+01:00,32.012102
2026-02-01 16:30+01:00,39.454670
2026-02-01 16:45+01:00,17.074335
2026-02-01 17:00+01:00,16.985313
2026-02-01 17:15+01:00,26.046137
2026-02-01 17:30+01:00,34.057836
2026-02-01 17:45+01:00,30.605060
2026-02-01 18:00+01:00,15.349109
2026-02-01 18:15+01:00,
2026-02-01 18:30+01:00,21.724239
2026-02-01 18:45+01:00,
2026-02-01 19:00+01:00,26.194879
2026-02-01 19:15+01:00,20.658140
2026-02-01 19:30+01:00,23.993184
2026-02-01 19:45+01:00,14.906439
2026-02-01 20:00+01:00,25.578588
2026-02-01 20:15+01:00,27.774216
2026-02-01 20:30+01:00,18.272190
2026-02-01 20:45+01:00,
2026-02-01 21:00+01:00,15.874664
2026-02-01 21:15+01:00,21.093321
2026-02-01 21:30+01:00,22.645128
2026-02-01 21:45+01:00,27.417027
2026-02-01 22:00+01:00,32.977325
2026-02-01 22:15+01:00,18.809939
2026-02-01 22:30+01:00,19.830371
2026-02-01 22:45+01:00,19.871331
2026-02-01 23:00+01:00,26.508590
2026-02-01 23:15+01:00,18.299499
2026-02-01 23:30+01:00,13.439673
2026-02-01 23:45+01:00,37.953577
2026-02-02 00:00+01:00,26.795022
2026-02-02 00:15+01:00,55.606002
2026-02-02 00:30+01:00,56.890881
2026-02-02 00:45+01:00,55.119367
2026-02-02 01:00+01:00,59.380200
2026-02-02 01:15+01:00,61.329823
2026-02-02 01:30+01:00,52.377570
2026-02-02 01:45+01:00,55.845729
2026-02-02 02:00+01:00,52.526755
2026-02-02 02:15+01:00,50.103768
2026-02-02 02:30+01:00,62.064008
2026-02-02 02:45+01:00,52.670771
2026-02-02 03:00+01:00,59.641926
2026-02-02 03:15+01:00,56.471466
2026-02-02 03:30+01:00,53.640054
2026-02-02 03:45+01:00,61.265840
2026-02-02 04:00+01:00,55.012545
2026-02-02 04:15+01:00,
2026-02-02 04:30+01:00,57.435548
2026-02-02 04:45+01:00,57.214481
2026-02-02 05:00+01:00,51.480327
2026-02-02 05:15+01:00,51.926087
2026-02-02 05:30+01:00,57.577570
2026-02-02 05:45+01:00,55.031314
2026-02-02 06:00+01:00,14.726467
2026-02-02 06:15+01:00,32.250842
2026-02-02 06:30+01:00,14.402796
2026-02-02 06:45+01:00,
2026-02-02 07:00+01:00,16.844357
2026-02-02 07:15+01:00,
2026-02-02 07:30+01:00,25.565941
2026-02-02 07:45+01:00,19.693053
2026-02-02 08:00+01:00,27.626543
2026-02-02 08:15+01:00,234.549829
2026-02-02 08:30+01:00,230.011486
2026-02-02 08:45+01:00,29.557123
2026-02-02 09:00+01:00,33.579842
2026-02-02 09:15+01:00,30.277667
2026-02-02 09:30+01:00,30.419351
2026-02-02 09:45+01:00,14.294645
2026-02-02 10:00+01:00,18.147532
2026-02-02 10:15+01:00,20.905133
2026-02-02 10:30+01:00,21.858141
2026-02-02 10:45+01:00,22.290006
2026-02-02 11:00+01:00,59.457999
2026-02-02 11:15+01:00,54.142153
2026-02-02 11:30+01:00,55.776958
2026-02-02 11:45+01:00,48.399158
2026-02-02 12:00+01:00,58.600370
2026-02-02 12:15+01:00,49.266372
2026-02-02 12:30+01:00,54.156646
2026-02-02 12:45+01:00,54.211099
2026-02-02 13:00+01:00,59.856288
2026-02-02 13:15+01:00,55.899992
2026-02-02 13:30+01:00,55.900109
2026-02-02 13:45+01:00,62.264341
2026-02-02 14:00+01:00,52.159999
2026-02-02 14:15+01:00,58.274569
2026-02-02 14:30+01:00,60.690118
2026-02-02 14:45+01:00,
2026-02-02 15:00+01:00,56.104564
2026-02-02 15:15+01:00,58.501404
2026-02-02 15:30+01:00,
2026-02-02 15:45+01:00,56.958497
2026-02-02 16:00+01:00,29.815436
2026-02-02 16:15+01:00,
2026-02-02 16:30+01:00,19.687676
2026-02-02 16:45+01:00,30.222778
2026-02-02 17:00+01:00,17.854583
2026-02-02 17:15+01:00,32.197935
2026-02-02 17:30+01:00,31.421885
2026-02-02 17:45+01:00,30.161217
2026-02-02 18:00+01:00,30.566979
2026-02-02 18:15+01:00,35.600047
2026-02-02 18:30+01:00,26.508406
2026-02-02 18:45+01:00,8.608532
2026-02-02 19:00+01:00,37.672715
2026-02-02 19:15+01:00,24.055230
2026-02-02 19:30+01:00,30.110172
2026-02-02 19:45+01:00,26.961484
2026-02-02 20:00+01:00,27.600367
2026-02-02 20:15+01:00,18.892707
2026-02-02 20:30+01:00,35.053055
2026-02-02 20:45+01:00,17.616860
2026-02-02 21:00+01:00,34.699472
2026-02-02 21:15+01:00,21.823718
2026-02-02 21:30+01:00,19.313972
2026-02-02 21:45+01:00,39.031903
2026-02-02 22:00+01:00,23.960824
2026-02-02 22:15+01:00,14.553509
2026-02-02 22:30+01:00,16.967976
2026-02-02 22:45+01:00,14.521308
2026-02-02 23:00+01:00,
2026-02-02 23:15+01:00,24.807596
2026-02-02 23:30+01:00,21.476496
2026-02-02 23:45+01:00,20.409328
2026-02-03 00:00+01:00,56.024996
2026-02-03 00:15+01:00,25.459447
2026-02-03 00:30+01:00,31.094919
2026-02-03 00:45+01:00,18.700886
2026-02-03 01:00+01:00,20.537701
2026-02-03 01:15+01:00,26.799366
2026-02-03 01:30+01:00,28.620714
2026-02-03 01:45+01:00,38.062766
2026-02-03 02:00+01:00,6.402025
2026-02-03 02:15+01:00,12.615621
2026-02-03 02:30+01:00,
2026-02-03 02:45+01:00,17.887563
2026-02-03 03:00+01:00,50.074802
2026-02-03 03:15+01:00,37.984631
2026-02-03 03:30+01:00,40.863135
2026-02-03 03:45+01:00,20.372392
2026-02-03 04:00+01:00,21.484984
2026-02-03 04:15+01:00,37.333988
2026-02-03 04:30+01:00,11.817988
2026-02-03 04:45+01:00,23.444510
2026-02-03 05:00+01:00,
2026-02-03 05:15+01:00,20.504149
2026-02-03 05:30+01:00,33.645325
2026-02-03 05:45+01:00,18.339797
2026-02-03 06:00+01:00,53.658094
2026-02-03 06:15+01:00,60.860665
2026-02-03 06:30+01:00,52.979231
2026-02-03 06:45+01:00,
2026-02-03 07:00+01:00,51.724913
2026-02-03 07:15+01:00,60.179178
2026-02-03 07:30+01:00,56.615953
2026-02-03 07:45+01:00,54.959249
2026-02-03 08:00+01:00,53.258554
2026-02-03 08:15+01:00,55.412183
2026-02-03 08:30+01:00,54.689155
2026-02-03 08:45+01:00,60.432708
2026-02-03 09:00+01:00,
2026-02-03 09:15+01:00,25.108269
2026-02-03 09:30+01:00,31.506101
2026-02-03 09:45+01:00,28.562755
2026-02-03 10:00+01:00,16.364148
2026-02-03 10:15+01:00,19.571669
2026-02-03 10:30+01:00,27.602728
2026-02-03 10:45+01:00,26.000821
2026-02-03 11:00+01:00,24.657587
2026-02-03 11:15+01:00,19.485385
2026-02-03 11:30+01:00,28.388877
2026-02-03 11:45+01:00,28.241822
2026-02-03 12:00+01:00,30.787389
2026-02-03 12:15+01:00,35.016389
2026-02-03 12:30+01:00,31.297604
2026-02-03 12:45+01:00,30.764886
2026-02-03 13:00+01:00,15.109139
2026-02-03 13:15+01:00,32.692428
2026-02-03 13:30+01:00,30.365651
2026-02-03 13:45+01:00,27.072449
2026-02-03 14:00+01:00,25.644593
2026-02-03 14:15+01:00,35.712880
2026-02-03 14:30+01:00,30.295234
2026-02-03 14:45+01:00,23.974603
2026-02-03 15:00+01:00,23.451431
2026-02-03 15:15+01:00,27.214767
2026-02-03 15:30+01:00,24.852304
2026-02-03 15:45+01:00,22.053275
2026-02-03 16:00+01:00,20.513301
2026-02-03 16:15+01:00,35.719991
2026-02-03 16:30+01:00,21.985368
2026-02-03 16:45+01:00,28.729014
2026-02-03 17:00+01:00,18.915016
2026-02-03 17:15+01:00,31.610193
2026-02-03 17:30+01:00,29.138773
2026-02-03 17:45+01:00,26.459529
2026-02-03 18:00+01:00,29.815930
2026-02-03 18:15+01:00,32.992145
2026-02-03 18:30+01:00,25.883072
2026-02-03 18:45+01:00,28.303096
2026-02-03 19:00+01:00,33.361870
2026-02-03 19:15+01:00,28.174058
2026-02-03 19:30+01:00,28.207370
2026-02-03 19:45+01:00,29.246538
2026-02-03 20:00+01:00,32.649046
2026-02-03 20:15+01:00,21.015440
2026-02-03 20:30+01:00,22.818176
2026-02-03 20:45+01:00,32.346559
2026-02-03 21:00+01:00,30.932110
2026-02-03 21:15+01:00,30.106893
2026-02-03 21:30+01:00,32.516009
2026-02-03 21:45+01:00,25.407844
2026-02-03 22:00+01:00,
2026-02-03 22:15+01:00,25.815796
2026-02-03 22:30+01:00,36.888674
2026-02-03 22:45+01:00,19.756973
2026-02-03 23:00+01:00,23.220717
2026-02-03 23:15+01:00,39.107634
2026-02-03 23:30+01:00,28.807570
2026-02-03 23:45+01:00,19.303579
2026-02-04 00:00+01:00,20.093141
2026-02-04 00:15+01:00,23.054869
2026-02-04 00:30+01:00,19.857810
2026-02-04 00:45+01:00,17.430783
2026-02-04 01:00+01:00,33.040600
2026-02-04 01:15+01:00,32.263522
2026-02-04 01:30+01:00,15.367660
2026-02-04 01:45+01:00,23.100173
2026-02-04 02:00+01:00,
2026-02-04 02:15+01:00,29.880679
2026-02-04 02:30+01:00,28.171713
2026-02-04 02:45+01:00,30.616443
2026-02-04 03:00+01:00,58.899166
2026-02-04 03:15+01:00,62.344512
2026-02-04 03:30+01:00,57.005283
2026-02-04 03:45+01:00,53.040668
2026-02-04 04:00+01:00,51.866965
2026-02-04 04:15+01:00,58.906327
2026-02-04 04:30+01:00,53.486275
2026-02-04 04:45+01:00,57.259240
2026-02-04 05:00+01:00,55.769872
2026-02-04 05:15+01:00,58.413046
2026-02-04 05:30+01:00,60.026383
2026-02-04 05:45+01:00,57.038760
2026-02-04 06:00+01:00,57.599839
2026-02-04 06:15+01:00,49.179272
2026-02-04 06:30+01:00,62.201842
2026-02-04 06:45+01:00,48.346336
2026-02-04 07:00+01:00,26.147083
2026-02-04 07:15+01:00,35.618062
2026-02-04 07:30+01:00,33.209972
2026-02-04 07:45+01:00,36.093706
2026-02-04 08:00+01:00,15.822567
2026-02-04 08:15+01:00,41.781414
2026-02-04 08:30+01:00,39.152475
2026-02-04 08:45+01:00,23.060533
2026-02-04 09:00+01:00,27.629982
2026-02-04 09:15+01:00,25.929020
2026-02-04 09:30+01:00,20.329206
2026-02-04 09:45+01:00,21.943675
2026-02-04 10:00+01:00,22.910437
2026-02-04 10:15+01:00,35.628028
2026-02-04 10:30+01:00,32.801423
2026-02-04 10:45+01:00,18.709629
2026-02-04 11:00+01:00,31.894422
2026-02-04 11:15+01:00,18.110016
2026-02-04 11:30+01:00,23.146694
2026-02-04 11:45+01:00,31.015363
2026-02-04 12:00+01:00,23.742068
2026-02-04 12:15+01:00,28.332725
2026-02-04 12:30+01:00,21.220533
2026-02-04 12:45+01:00,17.419015
2026-02-04 13:00+01:00,23.735301
2026-02-04 13:15+01:00,24.570737
2026-02-04 13:30+01:00,24.204395
2026-02-04 13:45+01:00,19.156749
2026-02-04 14:00+01:00,29.290544
2026-02-04 14:15+01:00,28.028934
2026-02-04 14:30+01:00,29.260023
2026-02-04 14:45+01:00,29.686070
2026-02-04 15:00+01:00,33.617150
2026-02-04 15:15+01:00,32.662479
2026-02-04 15:30+01:00,40.825970
2026-02-04 15:45+01:00,23.801340
2026-02-04 16:00+01:00,37.616269
2026-02-04 16:15+01:00,25.286105
2026-02-04 16:30+01:00,21.367787
2026-02-04 16:45+01:00,15.610529
2026-02-04 17:00+01:00,28.395446
2026-02-04 17:15+01:00,26.000198
2026-02-04 17:30+01:00,30.758385
2026-02-04 17:45+01:00,24.588344
2026-02-04 18:00+01:00,28.258454
2026-02-04 18:15+01:00,27.513252
2026-02-04 18:30+01:00,
2026-02-04 18:45+01:00,28.975551
2026-02-04 19:00+01:00,26.400166
2026-02-04 19:15+01:00,17.652107
2026-02-04 19:30+01:00,25.013343
2026-02-04 19:45+01:00,28.625056
2026-02-04 20:00+01:00,18.063759
2026-02-04 20:15+01:00,43.180057
2026-02-04 20:30+01:00,36.185471
2026-02-04 20:45+01:00,34.170766
2026-02-04 21:00+01:00,40.637295
2026-02-04 21:15+01:00,16.853374
2026-02-04 21:30+01:00,20.553212
2026-02-04 21:45+01:00,27.893898
2026-02-04 22:00+01:00,20.866337
2026-02-04 22:15+01:00,25.877849
2026-02-04 22:30+01:00,29.141147
2026-02-04 22:45+01:00,27.782537
2026-02-04 23:00+01:00,12.051808
2026-02-04 23:15+01:00,24.558773
2026-02-04 23:30+01:00,32.002653
2026-02-04 23:45+01:00,29.029645
2026-02-05 00:00+01:00,26.116331
2026-02-05 00:15+01:00,62.363526
2026-02-05 00:30+01:00,58.005994
2026-02-05 00:45+01:00,57.927566
2026-02-05 01:00+01:00,50.439368
2026-02-05 01:15+01:00,56.095109
2026-02-05 01:30+01:00,50.506737
2026-02-05 01:45+01:00,56.790001
2026-02-05 02:00+01:00,52.530221
2026-02-05 02:15+01:00,53.691083
2026-02-05 02:30+01:00,57.072598
2026-02-05 02:45+01:00,59.841847
2026-02-05 03:00+01:00,59.675089
2026-02-05 03:15+01:00,62.412611
2026-02-05 03:30+01:00,53.823186
2026-02-05 03:45+01:00,57.298394
2026-02-05 04:00+01:00,50.404213
2026-02-05 04:15+01:00,54.762459
2026-02-05 04:30+01:00,46.533259
2026-02-05 04:45+01:00,
2026-02-05 05:00+01:00,12.884398
2026-02-05 05:15+01:00,23.827769
2026-02-05 05:30+01:00,29.487122
2026-02-05 05:45+01:00,28.519396
2026-02-05 06:00+01:00,
2026-02-05 06:15+01:00,24.875943
2026-02-05 06:30+01:00,27.138093
2026-02-05 06:45+01:00,12.212388
2026-02-05 07:00+01:00,23.894019
2026-02-05 07:15+01:00,27.171173
2026-02-05 07:30+01:00,34.320591
2026-02-05 07:45+01:00,35.154704
2026-02-05 08:00+01:00,35.395006
2026-02-05 08:15+01:00,29.456515
2026-02-05 08:30+01:00,20.128584
2026-02-05 08:45+01:00,45.964478
2026-02-05 09:00+01:00,
2026-02-05 09:15+01:00,21.688229
2026-02-05 09:30+01:00,27.459775
2026-02-05 09:45+01:00,45.907268
2026-02-05 10:00+01:00,36.356639
2026-02-05 10:15+01:00,27.419040
2026-02-05 10:30+01:00,21.876539
2026-02-05 10:45+01:00,22.585635
2026-02-05 11:00+01:00,35.541366
2026-02-05 11:15+01:00,30.806196
2026-02-05 11:30+01:00,18.526374
2026-02-05 11:45+01:00,25.446839
2026-02-05 12:00+01:00,45.665759
2026-02-05 12:15+01:00,24.071532
2026-02-05 12:30+01:00,36.376675
2026-02-05 12:45+01:00,16.832578
2026-02-05 13:00+01:00,23.844113
2026-02-05 13:15+01:00,22.542303
2026-02-05 13:30+01:00,28.795610
2026-02-05 13:45+01:00,22.072775
2026-02-05 14:00+01:00,17.552897
2026-02-05 14:15+01:00,31.899750
2026-02-05 14:30+01:00,13.030454
2026-02-05 14:45+01:00,33.418932
2026-02-05 15:00+01:00,21.636142
2026-02-05 15:15+01:00,
2026-02-05 15:30+01:00,20.636374
2026-02-05 15:45+01:00,23.819517
2026-02-05 16:00+01:00,17.730034
2026-02-05 16:15+01:00,36.425520
2026-02-05 16:30+01:00,31.353360
2026-02-05 16:45+01:00,29.371353
2026-02-05 17:00+01:00,34.248268
2026-02-05 17:15+01:00,21.053476
2026-02-05 17:30+01:00,35.889092
2026-02-05 17:45+01:00,
2026-02-05 18:00+01:00,31.400096
2026-02-05 18:15+01:00,21.227773
2026-02-05 18:30+01:00,28.586994
2026-02-05 18:45+01:00,21.429319
2026-02-05 19:00+01:00,18.271953
2026-02-05 19:15+01:00,39.889034
2026-02-05 19:30+01:00,18.562154
2026-02-05 19:45+01:00,32.769855
2026-02-05 20:00+01:00,38.530824
2026-02-05 20:15+01:00,9.437837
2026-02-05 20:30+01:00,31.369731
2026-02-05 20:45+01:00,30.838331
2026-02-05 21:00+01:00,
2026-02-05 21:15+01:00,33.034877
2026-02-05 21:30+01:00,25.271192
2026-02-05 21:45+01:00,30.337114
2026-02-05 22:00+01:00,26.520870
2026-02-05 22:15+01:00,32.736972
2026-02-05 22:30+01:00,37.834292
2026-02-05 22:45+01:00,15.674631
2026-02-05 23:00+01:00,20.877808
2026-02-05 23:15+01:00,30.313015
2026-02-05 23:30+01:00,26.346020
2026-02-05 23:45+01:00,33.199938
2026-02-06 00:00+01:00,56.363694
2026-02-06 00:15+01:00,20.616938
2026-02-06 00:30+01:00,22.832338
2026-02-06 00:45+01:00,21.932433
2026-02-06 01:00+01:00,24.071265
2026-02-06 01:15+01:00,28.317973
2026-02-06 01:30+01:00,19.940956
2026-02-06 01:45+01:00,33.719967
2026-02-06 02:00+01:00,34.559265
2026-02-06 02:15+01:00,18.750753
2026-02-06 02:30+01:00,29.678284
2026-02-06 02:45+01:00,22.455949
2026-02-06 03:00+01:00,28.809791
2026-02-06 03:15+01:00,21.394396
2026-02-06 03:30+01:00,28.124668
2026-02-06 03:45+01:00,24.768800
2026-02-06 04:00+01:00,21.464581
2026-02-06 04:15+01:00,20.012839
2026-02-06 04:30+01:00,24.188194
2026-02-06 04:45+01:00,33.522659
2026-02-06 05:00+01:00,29.104579
2026-02-06 05:15+01:00,29.775985
2026-02-06 05:30+01:00,19.990903
2026-02-06 05:45+01:00,25.334819
2026-02-06 06:00+01:00,20.582043
2026-02-06 06:15+01:00,29.241426
2026-02-06 06:30+01:00,15.210165
2026-02-06 06:45+01:00,29.249114
2026-02-06 07:00+01:00,20.939103
2026-02-06 07:15+01:00,26.141624
2026-02-06 07:30+01:00,32.123664
2026-02-06 07:45+01:00,23.323873
2026-02-06 08:00+01:00,33.010960
2026-02-06 08:15+01:00,32.589154
2026-02-06 08:30+01:00,23.924354
2026-02-06 08:45+01:00,26.113887
2026-02-06 09:00+01:00,52.743822
2026-02-06 09:15+01:00,58.084270
2026-02-06 09:30+01:00,63.205579
2026-02-06 09:45+01:00,54.846152
2026-02-06 10:00+01:00,60.329784
2026-02-06 10:15+01:00,57.474053
2026-02-06 10:30+01:00,
2026-02-06 10:45+01:00,54.068402
2026-02-06 11:00+01:00,
2026-02-06 11:15+01:00,60.515964
2026-02-06 11:30+01:00,56.899752
2026-02-06 11:45+01:00,56.843153
2026-02-06 12:00+01:00,57.576329
2026-02-06 12:15+01:00,
2026-02-06 12:30+01:00,
2026-02-06 12:45+01:00,53.724547
2026-02-06 13:00+01:00,24.786730
2026-02-06 13:15+01:00,34.410702
2026-02-06 13:30+01:00,7.196672
2026-02-06 13:45+01:00,28.977891
2026-02-06 14:00+01:00,29.064047
2026-02-06 14:15+01:00,19.476149
2026-02-06 14:30+01:00,14.741067
2026-02-06 14:45+01:00,22.639291
2026-02-06 15:00+01:00,30.009809
2026-02-06 15:15+01:00,20.464906
2026-02-06 15:30+01:00,25.885561
2026-02-06 15:45+01:00,24.649032
2026-02-06 16:00+01:00,21.311963
2026-02-06 16:15+01:00,23.415014
2026-02-06 16:30+01:00,20.701326
2026-02-06 16:45+01:00,23.509030
2026-02-06 17:00+01:00,20.920240
2026-02-06 17:15+01:00,24.020619
2026-02-06 17:30+01:00,26.116499
2026-02-06 17:45+01:00,24.847299
2026-02-06 18:00+01:00,21.875556
2026-02-06 18:15+01:00,34.236220
2026-02-06 18:30+01:00,15.825237
2026-02-06 18:45+01:00,28.372572
2026-02-06 19:00+01:00,38.890197
2026-02-06 19:15+01:00,30.620850
2026-02-06 19:30+01:00,15.853569
2026-02-06 19:45+01:00,28.552172
2026-02-06 20:00+01:00,21.661033
2026-02-06 20:15+01:00,27.997752
2026-02-06 20:30+01:00,29.048387
2026-02-06 20:45+01:00,24.808796
2026-02-06 21:00+01:00,45.939618
2026-02-06 21:15+01:00,12.547943
2026-02-06 21:30+01:00,
2026-02-06 21:45+01:00,28.318113
2026-02-06 22:00+01:00,13.714087
2026-02-06 22:15+01:00,13.346140
2026-02-06 22:30+01:00,36.591872
2026-02-06 22:45+01:00,21.936833
2026-02-06 23:00+01:00,21.896030
2026-02-06 23:15+01:00,32.169352
2026-02-06 23:30+01:00,26.424455
2026-02-06 23:45+01:00,18.691383
2026-02-07 00:00+01:00,15.315110
2026-02-07 00:15+01:00,57.441655
2026-02-07 00:30+01:00,52.316830
2026-02-07 00:45+01:00,
2026-02-07 01:00+01:00,
2026-02-07 01:15+01:00,
2026-02-07 01:30+01:00,53.819555
2026-02-07 01:45+01:00,59.540327
2026-02-07 02:00+01:00,57.754386
2026-02-07 02:15+01:00,52.496992
2026-02-07 02:30+01:00,56.046215
2026-02-07 02:45+01:00,54.589665
2026-02-07 03:00+01:00,53.863184
2026-02-07 03:15+01:00,54.561320
2026-02-07 03:30+01:00,53.139428
2026-02-07 03:45+01:00,55.512132
2026-02-07 04:00+01:00,26.458563
2026-02-07 04:15+01:00,24.159272
2026-02-07 04:30+01:00,23.952057
2026-02-07 04:45+01:00,20.392364
2026-02-07 05:00+01:00,34.736364
2026-02-07 05:15+01:00,22.503120
2026-02-07 05:30+01:00,34.423753
2026-02-07 05:45+01:00,17.419507
2026-02-07 06:00+01:00,28.375174
2026-02-07 06:15+01:00,27.337181
2026-02-07 06:30+01:00,20.568377
2026-02-07 06:45+01:00,
2026-02-07 07:00+01:00,16.238926
2026-02-07 07:15+01:00,21.223494
2026-02-07 07:30+01:00,15.505307
2026-02-07 07:45+01:00,17.784582
2026-02-07 08:00+01:00,35.152171
2026-02-07 08:15+01:00,22.644992
2026-02-07 08:30+01:00,31.325908
2026-02-07 08:45+01:00,25.294726
2026-02-07 09:00+01:00,25.032007
2026-02-07 09:15+01:00,20.877385
2026-02-07 09:30+01:00,13.448580
2026-02-07 09:45+01:00,25.529234
2026-02-07 10:00+01:00,15.070023
2026-02-07 10:15+01:00,35.956528
2026-02-07 10:30+01:00,29.243854
2026-02-07 10:45+01:00,20.865238
2026-02-07 11:00+01:00,33.623384
2026-02-07 11:15+01:00,18.518403
2026-02-07 11:30+01:00,17.706752
2026-02-07 11:45+01:00,32.836825
2026-02-07 12:00+01:00,31.079810
2026-02-07 12:15+01:00,19.141957
2026-02-07 12:30+01:00,
2026-02-07 12:45+01:00,23.432396
2026-02-07 13:00+01:00,
2026-02-07 13:15+01:00,35.363448
2026-02-07 13:30+01:00,20.145337
2026-02-07 13:45+01:00,33.133275
2026-02-07 14:00+01:00,21.412033
2026-02-07 14:15+01:00,41.984370
2026-02-07 14:30+01:00,34.286973
2026-02-07 14:45+01:00,19.065975
2026-02-07 15:00+01:00,
2026-02-07 15:15+01:00,37.074576
2026-02-07 15:30+01:00,31.317771
2026-02-07 15:45+01:00,36.759269
2026-02-07 16:00+01:00,
2026-02-07 16:15+01:00,33.655285
2026-02-07 16:30+01:00,23.079428
2026-02-07 16:45+01:00,28.329877
2026-02-07 17:00+01:00,27.171725
2026-02-07 17:15+01:00,32.585577
2026-02-07 17:30+01:00,25.090674
2026-02-07 17:45+01:00,33.425021
2026-02-07 18:00+01:00,20.824979
2026-02-07 18:15+01:00,22.454198
2026-02-07 18:30+01:00,25.117282
2026-02-07 18:45+01:00,29.164035
2026-02-07 19:00+01:00,20.478723
2026-02-07 19:15+01:00,23.432420
2026-02-07 19:30+01:00,25.628713
2026-02-07 19:45+01:00,24.598731
2026-02-07 20:00+01:00,27.678018
2026-02-07 20:15+01:00,14.264566
2026-02-07 20:30+01:00,33.709555
2026-02-07 20:45+01:00,27.912774
2026-02-07 21:00+01:00,17.950685
2026-02-07 21:15+01:00,20.475165
2026-02-07 21:30+01:00,21.668861
2026-02-07 21:45+01:00,18.868492
2026-02-07 22:00+01:00,19.795921
2026-02-07 22:15+01:00,31.385342
2026-02-07 22:30+01:00,16.125123
2026-02-07 22:45+01:00,26.229701
2026-02-07 23:00+01:00,
2026-02-07 23:15+01:00,20.692119
2026-02-07 23:30+01:00,34.178861
2026-02-07 23:45+01:00,21.954370
2026-02-08 00:00+01:00,52.036095
2026-02-08 00:15+01:00,26.953787
2026-02-08 00:30+01:00,24.926252
2026-02-08 00:45+01:00,30.214003
2026-02-08 01:00+01:00,8.738115
2026-02-08 01:15+01:00,25.434628
2026-02-08 01:30+01:00,
2026-02-08 01:45+01:00,34.829620
2026-02-08 02:00+01:00,18.410510
2026-02-08 02:15+01:00,23.933167
2026-02-08 02:30+01:00,27.895856
2026-02-08 02:45+01:00,14.776618
2026-02-08 03:00+01:00,34.828645
2026-02-08 03:15+01:00,30.963625
2026-02-08 03:30+01:00,33.142507
2026-02-08 03:45+01:00,32.580615
2026-02-08 04:00+01:00,65.288093
2026-02-08 04:15+01:00,57.389055
2026-02-08 04:30+01:00,63.578954
2026-02-08 04:45+01:00,56.149008
2026-02-08 05:00+01:00,57.185967
2026-02-08 05:15+01:00,57.774982
2026-02-08 05:30+01:00,55.544808
2026-02-08 05:45+01:00,
2026-02-08 06:00+01:00,60.923031
2026-02-08 06:15+01:00,63.720854
2026-02-08 06:30+01:00,53.988873
2026-02-08 06:45+01:00,51.734207
2026-02-08 07:00+01:00,54.485230
2026-02-08 07:15+01:00,
2026-02-08 07:30+01:00,54.751408
2026-02-08 07:45+01:00,57.423144
2026-02-08 08:00+01:00,23.331897
2026-02-08 08:15+01:00,11.232172
2026-02-08 08:30+01:00,10.707409
2026-02-08 08:45+01:00,37.676035
2026-02-08 09:00+01:00,30.543773
2026-02-08 09:15+01:00,22.378734
2026-02-08 09:30+01:00,13.882617
2026-02-08 09:45+01:00,15.958196
2026-02-08 10:00+01:00,11.895268
2026-02-08 10:15+01:00,28.400843
2026-02-08 10:30+01:00,29.725882
2026-02-08 10:45+01:00,27.923282
2026-02-08 11:00+01:00,26.772227
2026-02-08 11:15+01:00,33.203136
2026-02-08 11:30+01:00,24.160913
2026-02-08 11:45+01:00,18.751112
2026-02-08 12:00+01:00,22.634845
2026-02-08 12:15+01:00,21.873012
2026-02-08 12:30+01:00,23.725608
2026-02-08 12:45+01:00,32.654616
2026-02-08 13:00+01:00,32.809116
2026-02-08 13:15+01:00,18.026053
2026-02-08 13:30+01:00,18.457253
2026-02-08 13:45+01:00,13.354316
2026-02-08 14:00+01:00,42.976411
2026-02-08 14:15+01:00,24.343673
2026-02-08 14:30+01:00,24.379419
2026-02-08 14:45+01:00,31.110079
2026-02-08 15:00+01:00,18.381290
2026-02-08 15:15+01:00,21.936747
2026-02-08 15:30+01:00,20.824851
2026-02-08 15:45+01:00,22.596647
2026-02-08 16:00+01:00,32.678440
2026-02-08 16:15+01:00,35.209564
2026-02-08 16:30+01:00,21.985728
2026-02-08 16:45+01:00,27.355358
2026-02-08 17:00+01:00,28.204641
2026-02-08 17:15+01:00,29.333786
2026-02-08 17:30+01:00,23.681858
2026-02-08 17:45+01:00,31.359212
2026-02-08 18:00+01:00,30.753212
2026-02-08 18:15+01:00,35.481186
2026-02-08 18:30+01:00,37.020824
2026-02-08 18:45+01:00,30.316508
2026-02-08 19:00+01:00,18.000402
2026-02-08 19:15+01:00,26.116704
2026-02-08 19:30+01:00,40.819480
2026-02-08 19:45+01:00,21.727623
2026-02-08 20:00+01:00,
2026-02-08 20:15+01:00,18.770347
2026-02-08 20:30+01:00,12.802432
2026-02-08 20:45+01:00,39.073591
2026-02-08 21:00+01:00,12.664998
2026-02-08 21:15+01:00,29.975827
2026-02-08 21:30+01:00,29.746676
2026-02-08 21:45+01:00,28.714879
2026-02-08 22:00+01:00,34.757136
2026-02-08 22:15+01:00,
2026-02-08 22:30+01:00,28.640715
2026-02-08 22:45+01:00,22.016079
2026-02-08 23:00+01:00,32.594257
2026-02-08 23:15+01:00,32.100653
2026-02-08 23:30+01:00,
2026-02-08 23:45+01:00,36.419000
2026-02-09 00:00+01:00,19.932431
2026-02-09 00:15+01:00,28.042275
2026-02-09 00:30+01:00,27.358305
2026-02-09 00:45+01:00,19.037999
2026-02-09 01:00+01:00,26.343308
2026-02-09 01:15+01:00,22.072848
2026-02-09 01:30+01:00,32.429541
2026-02-09 01:45+01:00,34.697561
2026-02-09 02:00+01:00,30.510865
2026-02-09 02:15+01:00,37.135681
2026-02-09 02:30+01:00,23.867217
2026-02-09 02:45+01:00,
2026-02-09 03:00+01:00,18.666133
2026-02-09 03:15+01:00,18.660398
2026-02-09 03:30+01:00,22.560072
2026-02-09 03:45+01:00,27.005040
2026-02-09 04:00+01:00,20.741597
2026-02-09 04:15+01:00,26.610220
2026-02-09 04:30+01:00,32.430663
2026-02-09 04:45+01:00,18.068434
2026-02-09 05:00+01:00,13.584104
2026-02-09 05:15+01:00,160.935004
2026-02-09 05:30+01:00,21.069512
2026-02-09 05:45+01:00,30.023957
2026-02-09 06:00+01:00,9.299412
2026-02-09 06:15+01:00,22.826840
2026-02-09 06:30+01:00,23.971742
2026-02-09 06:45+01:00,30.994764
2026-02-09 07:00+01:00,36.526295
2026-02-09 07:15+01:00,40.428004
2026-02-09 07:30+01:00,32.860515
2026-02-09 07:45+01:00,29.930968
2026-02-09 08:00+01:00,23.105900
2026-02-09 08:15+01:00,22.194631
2026-02-09 08:30+01:00,29.171721
2026-02-09 08:45+01:00,30.343227
2026-02-09 09:00+01:00,36.518295
2026-02-09 09:15+01:00,44.006494
2026-02-09 09:30+01:00,34.133723
2026-02-09 09:45+01:00,23.458778
2026-02-09 10:00+01:00,
2026-02-09 10:15+01:00,24.214181
2026-02-09 10:30+01:00,15.454115
2026-02-09 10:45+01:00,22.875787
2026-02-09 11:00+01:00,
2026-02-09 11:15+01:00,27.694383
2026-02-09 11:30+01:00,32.012664
2026-02-09 11:45+01:00,31.101466
2026-02-09 12:00+01:00,53.389612
2026-02-09 12:15+01:00,67.862998
2026-02-09 12:30+01:00,59.902577
2026-02-09 12:45+01:00,51.478014
2026-02-09 13:00+01:00,53.451620
2026-02-09 13:15+01:00,60.372055
2026-02-09 13:30+01:00,53.337542
2026-02-09 13:45+01:00,52.703548
2026-02-09 14:00+01:00,54.838103
2026-02-09 14:15+01:00,63.260186
2026-02-09 14:30+01:00,58.134070
2026-02-09 14:45+01:00,59.526057
2026-02-09 15:00+01:00,57.253737
2026-02-09 15:15+01:00,56.736615
2026-02-09 15:30+01:00,54.501633
2026-02-09 15:45+01:00,52.480901
2026-02-09 16:00+01:00,23.211343
2026-02-09 16:15+01:00,32.042994
2026-02-09 16:30+01:00,28.624957
2026-02-09 16:45+01:00,26.667255
2026-02-09 17:00+01:00,41.292468
2026-02-09 17:15+01:00,24.228017
2026-02-09 17:30+01:00,25.064766
2026-02-09 17:45+01:00,
2026-02-09 18:00+01:00,34.067633
2026-02-09 18:15+01:00,17.577516
2026-02-09 18:30+01:00,25.960543
2026-02-09 18:45+01:00,27.211413
2026-02-09 19:00+01:00,
2026-02-09 19:15+01:00,32.056293
2026-02-09 19:30+01:00,25.959573
2026-02-09 19:45+01:00,16.236109
2026-02-09 20:00+01:00,32.105387
2026-02-09 20:15+01:00,17.401401
2026-02-09 20:30+01:00,36.658121
2026-02-09 20:45+01:00,39.317163
2026-02-09 21:00+01:00,10.839749
2026-02-09 21:15+01:00,21.700206
2026-02-09 21:30+01:00,21.669061
2026-02-09 21:45+01:00,23.565636
2026-02-09 22:00+01:00,28.708738
2026-02-09 22:15+01:00,20.240987
2026-02-09 22:30+01:00,35.343354
2026-02-09 22:45+01:00,16.447367
2026-02-09 23:00+01:00,27.426299
2026-02-09 23:15+01:00,25.770245
2026-02-09 23:30+01:00,37.316982
2026-02-09 23:45+01:00,14.886339
2026-02-10 00:00+01:00,15.124889
2026-02-10 00:15+01:00,15.771178
2026-02-10 00:30+01:00,
2026-02-10 00:45+01:00,14.952060
2026-02-10 01:00+01:00,25.747283
2026-02-10 01:15+01:00,25.514984
2026-02-10 01:30+01:00,40.286407
2026-02-10 01:45+01:00,14.946899
2026-02-10 02:00+01:00,22.950149
2026-02-10 02:15+01:00,24.671344
2026-02-10 02:30+01:00,32.187820
2026-02-10 02:45+01:00,23.002789
2026-02-10 03:00+01:00,25.190313
2026-02-10 03:15+01:00,
2026-02-10 03:30+01:00,28.151608
2026-02-10 03:45+01:00,27.672430
2026-02-10 04:00+01:00,21.921614
2026-02-10 04:15+01:00,32.072757
2026-02-10 04:30+01:00,
2026-02-10 04:45+01:00,37.575701
2026-02-10 05:00+01:00,30.769220
2026-02-10 05:15+01:00,27.693275
2026-02-10 05:30+01:00,26.454298
2026-02-10 05:45+01:00,19.626622
2026-02-10 06:00+01:00,
2026-02-10 06:15+01:00,21.992247
2026-02-10 06:30+01:00,26.769712
2026-02-10 06:45+01:00,14.845124
2026-02-10 07:00+01:00,28.288015
2026-02-10 07:15+01:00,26.100780
2026-02-10 07:30+01:00,20.214500
2026-02-10 07:45+01:00,27.873901
2026-02-10 08:00+01:00,31.708187
2026-02-10 08:15+01:00,39.237001
2026-02-10 08:30+01:00,31.774683
2026-02-10 08:45+01:00,24.097921
2026-02-10 09:00+01:00,60.924106
2026-02-10 09:15+01:00,63.425734
2026-02-10 09:30+01:00,59.135795
2026-02-10 09:45+01:00,54.343719
2026-02-10 10:00+01:00,49.623305
2026-02-10 10:15+01:00,55.670182
2026-02-10 10:30+01:00,59.890061
2026-02-10 10:45+01:00,51.125589
2026-02-10 11:00+01:00,
2026-02-10 11:15+01:00,57.533083
2026-02-10 11:30+01:00,61.354212
2026-02-10 11:45+01:00,51.389749
2026-02-10 12:00+01:00,55.708319
2026-02-10 12:15+01:00,59.767178
2026-02-10 12:30+01:00,55.781622
2026-02-10 12:45+01:00,57.553058
2026-02-10 13:00+01:00,38.620313
2026-02-10 13:15+01:00,14.239146
2026-02-10 13:30+01:00,31.864604
2026-02-10 13:45+01:00,35.560850
2026-02-10 14:00+01:00,20.609008
2026-02-10 14:15+01:00,
2026-02-10 14:30+01:00,18.351139
2026-02-10 14:45+01:00,27.066367
2026-02-10 15:00+01:00,30.210275
2026-02-10 15:15+01:00,31.152021
2026-02-10 15:30+01:00,15.654285
2026-02-10 15:45+01:00,23.179347
2026-02-10 16:00+01:00,25.002532
2026-02-10 16:15+01:00,31.376515
2026-02-10 16:30+01:00,39.930033
2026-02-10 16:45+01:00,23.998174
2026-02-10 17:00+01:00,26.492370
2026-02-10 17:15+01:00,27.700090
2026-02-10 17:30+01:00,33.153111
2026-02-10 17:45+01:00,28.096163
2026-02-10 18:00+01:00,26.750119
2026-02-10 18:15+01:00,15.409089
2026-02-10 18:30+01:00,15.024436
2026-02-10 18:45+01:00,
2026-02-10 19:00+01:00,19.691322
2026-02-10 19:15+01:00,24.693756
2026-02-10 19:30+01:00,25.414194
2026-02-10 19:45+01:00,33.294614
2026-02-10 20:00+01:00,39.398243
2026-02-10 20:15+01:00,29.639087
2026-02-10 20:30+01:00,29.671142
2026-02-10 20:45+01:00,19.410304
2026-02-10 21:00+01:00,18.663238
2026-02-10 21:15+01:00,17.723496
2026-02-10 21:30+01:00,
2026-02-10 21:45+01:00,22.993853
2026-02-10 22:00+01:00,15.807890
2026-02-10 22:15+01:00,25.528091
2026-02-10 22:30+01:00,27.430288
2026-02-10 22:45+01:00,25.446817
2026-02-10 23:00+01:00,
2026-02-10 23:15+01:00,31.594615
2026-02-10 23:30+01:00,23.923727
2026-02-10 23:45+01:00,31.866531
2026-02-11 00:00+01:00,15.771304
2026-02-11 00:15+01:00,20.822971
2026-02-11 00:30+01:00,35.596661
2026-02-11 00:45+01:00,28.889642
2026-02-11 01:00+01:00,26.776975
2026-02-11 01:15+01:00,14.928950
2026-02-11 01:30+01:00,26.529785
2026-02-11 01:45+01:00,22.739783
2026-02-11 02:00+01:00,27.352899
2026-02-11 02:15+01:00,24.743617
2026-02-11 02:30+01:00,30.192851
2026-02-11 02:45+01:00,20.197723
2026-02-11 03:00+01:00,25.105983
2026-02-11 03:15+01:00,32.535966
2026-02-11 03:30+01:00,27.000269
2026-02-11 03:45+01:00,24.251633
2026-02-11 04:00+01:00,32.347599
2026-02-11 04:15+01:00,31.744120
2026-02-11 04:30+01:00,34.356209
2026-02-11 04:45+01:00,22.088942
2026-02-11 05:00+01:00,37.212174
2026-02-11 05:15+01:00,22.403241
2026-02-11 05:30+01:00,30.003820
2026-02-11 05:45+01:00,15.482057
2026-02-11 06:00+01:00,36.101683
2026-02-11 06:15+01:00,26.709696
2026-02-11 06:30+01:00,35.683622
2026-02-11 06:45+01:00,19.829721
2026-02-11 07:00+01:00,18.892059
2026-02-11 07:15+01:00,
2026-02-11 07:30+01:00,27.803254
2026-02-11 07:45+01:00,32.822634
2026-02-11 08:00+01:00,23.233792
2026-02-11 08:15+01:00,27.243661
2026-02-11 08:30+01:00,21.711654
2026-02-11 08:45+01:00,25.736764
2026-02-11 09:00+01:00,14.318746
2026-02-11 09:15+01:00,25.673695
2026-02-11 09:30+01:00,31.891754
2026-02-11 09:45+01:00,23.357190
2026-02-11 10:00+01:00,25.559354
2026-02-11 10:15+01:00,36.781085
2026-02-11 10:30+01:00,21.442123
2026-02-11 10:45+01:00,28.423438
2026-02-11 11:00+01:00,29.220708
2026-02-11 11:15+01:00,26.505931
2026-02-11 11:30+01:00,23.517614
2026-02-11 11:45+01:00,25.854521
2026-02-11 12:00+01:00,37.691145
2026-02-11 12:15+01:00,
2026-02-11 12:30+01:00,39.126255
2026-02-11 12:45+01:00,34.105025
2026-02-11 13:00+01:00,
2026-02-11 13:15+01:00,17.760210
2026-02-11 13:30+01:00,19.664011
2026-02-11 13:45+01:00,32.099661
2026-02-11 14:00+01:00,54.384145
2026-02-11 14:15+01:00,51.645585
2026-02-11 14:30+01:00,59.395530
2026-02-11 14:45+01:00,58.650640
2026-02-11 15:00+01:00,56.882095
2026-02-11 15:15+01:00,50.799683
2026-02-11 15:30+01:00,
2026-02-11 15:45+01:00,53.096165
2026-02-11 16:00+01:00,55.251216
2026-02-11 16:15+01:00,65.352775
2026-02-11 16:30+01:00,52.992670
2026-02-11 16:45+01:00,60.855454
2026-02-11 17:00+01:00,
2026-02-11 17:15+01:00,28.225520
2026-02-11 17:30+01:00,24.261296
2026-02-11 17:45+01:00,18.001093
2026-02-11 18:00+01:00,39.483136
2026-02-11 18:15+01:00,35.138367
2026-02-11 18:30+01:00,23.336816
2026-02-11 18:45+01:00,29.071264
2026-02-11 19:00+01:00,32.401234
2026-02-11 19:15+01:00,33.121153
2026-02-11 19:30+01:00,26.720564
2026-02-11 19:45+01:00,
2026-02-11 20:00+01:00,22.364012
2026-02-11 20:15+01:00,28.153971
2026-02-11 20:30+01:00,30.904252
2026-02-11 20:45+01:00,26.111659
2026-02-11 21:00+01:00,31.742245
2026-02-11 21:15+01:00,23.826213
2026-02-11 21:30+01:00,21.185323
2026-02-11 21:45+01:00,
2026-02-11 22:00+01:00,32.694183
2026-02-11 22:15+01:00,37.932083
2026-02-11 22:30+01:00,25.533927
2026-02-11 22:45+01:00,27.245035
2026-02-11 23:00+01:00,19.225359
2026-02-11 23:15+01:00,30.000751
2026-02-11 23:30+01:00,28.452833
2026-02-11 23:45+01:00,17.605881
2026-02-12 00:00+01:00,33.767063
2026-02-12 00:15+01:00,16.833606
2026-02-12 00:30+01:00,33.699690
2026-02-12 00:45+01:00,24.587376
2026-02-12 01:00+01:00,32.910679
2026-02-12 01:15+01:00,36.490724
2026-02-12 01:30+01:00,27.342494
2026-02-12 01:45+01:00,31.050438
2026-02-12 02:00+01:00,29.669342
2026-02-12 02:15+01:00,16.961372
2026-02-12 02:30+01:00,12.151621
2026-02-12 02:45+01:00,26.814794
2026-02-12 03:00+01:00,28.556907
2026-02-12 03:15+01:00,32.567444
2026-02-12 03:30+01:00,34.392061
2026-02-12 03:45+01:00,21.892732
2026-02-12 04:00+01:00,23.008878
2026-02-12 04:15+01:00,29.568058
2026-02-12 04:30+01:00,29.002872
2026-02-12 04:45+01:00,30.663725
2026-02-12 05:00+01:00,27.965930
2026-02-12 05:15+01:00,18.918977
2026-02-12 05:30+01:00,14.023781
2026-02-12 05:45+01:00,38.464285
2026-02-12 06:00+01:00,52.057586
2026-02-12 06:15+01:00,54.514508
2026-02-12 06:30+01:00,63.397017
2026-02-12 06:45+01:00,55.093888
2026-02-12 07:00+01:00,55.676016
2026-02-12 07:15+01:00,52.984015
2026-02-12 07:30+01:00,54.595927
2026-02-12 07:45+01:00,58.254279
2026-02-12 08:00+01:00,60.910310
2026-02-12 08:15+01:00,62.362314
2026-02-12 08:30+01:00,61.570602
2026-02-12 08:45+01:00,57.076011
2026-02-12 09:00+01:00,57.465047
2026-02-12 09:15+01:00,59.223440
2026-02-12 09:30+01:00,56.295237
2026-02-12 09:45+01:00,59.557404
2026-02-12 10:00+01:00,14.731242
2026-02-12 10:15+01:00,23.172336
2026-02-12 10:30+01:00,30.472872
2026-02-12 10:45+01:00,
2026-02-12 11:00+01:00,
2026-02-12 11:15+01:00,38.175573
2026-02-12 11:30+01:00,11.806380
2026-02-12 11:45+01:00,
2026-02-12 12:00+01:00,22.305997
2026-02-12 12:15+01:00,29.210331
2026-02-12 12:30+01:00,14.080335
2026-02-12 12:45+01:00,28.165260
2026-02-12 13:00+01:00,44.539492
2026-02-12 13:15+01:00,30.291798
2026-02-12 13:30+01:00,32.461845
2026-02-12 13:45+01:00,
2026-02-12 14:00+01:00,29.474326
2026-02-12 14:15+01:00,18.304927
2026-02-12 14:30+01:00,10.480912
2026-02-12 14:45+01:00,24.713596
2026-02-12 15:00+01:00,28.169901
2026-02-12 15:15+01:00,29.592040
2026-02-12 15:30+01:00,26.203613
2026-02-12 15:45+01:00,23.279007
2026-02-12 16:00+01:00,32.608939
2026-02-12 16:15+01:00,
2026-02-12 16:30+01:00,35.985780
2026-02-12 16:45+01:00,8.825935
2026-02-12 17:00+01:00,36.488710
2026-02-12 17:15+01:00,20.639050
2026-02-12 17:30+01:00,32.053429
2026-02-12 17:45+01:00,12.243749
2026-02-12 18:00+01:00,
2026-02-12 18:15+01:00,21.831483
2026-02-12 18:30+01:00,25.992832
2026-02-12 18:45+01:00,29.816747
2026-02-12 19:00+01:00,26.508781
2026-02-12 19:15+01:00,15.065270
2026-02-12 19:30+01:00,23.811717
2026-02-12 19:45+01:00,24.331519
2026-02-12 20:00+01:00,18.200500
2026-02-12 20:15+01:00,32.934261
2026-02-12 20:30+01:00,28.102173
2026-02-12 20:45+01:00,37.784165
2026-02-12 21:00+01:00,56.283418
2026-02-12 21:15+01:00,53.927566
2026-02-12 21:30+01:00,60.916806
2026-02-12 21:45+01:00,64.434495
2026-02-12 22:00+01:00,57.040448
2026-02-12 22:15+01:00,53.820053
2026-02-12 22:30+01:00,51.823374
2026-02-12 22:45+01:00,51.912416
2026-02-12 23:00+01:00,53.682913
2026-02-12 23:15+01:00,57.591251
2026-02-12 23:30+01:00,52.399641
2026-02-12 23:45+01:00,61.196331
2026-02-13 00:00+01:00,11.491480
2026-02-13 00:15+01:00,29.012266
2026-02-13 00:30+01:00,13.452286
2026-02-13 00:45+01:00,26.152717
2026-02-13 01:00+01:00,20.968716
2026-02-13 01:15+01:00,23.554754
2026-02-13 01:30+01:00,28.429999
2026-02-13 01:45+01:00,26.806505
2026-02-13 02:00+01:00,33.841830
2026-02-13 02:15+01:00,29.970196
2026-02-13 02:30+01:00,25.171835
2026-02-13 02:45+01:00,28.583149
2026-02-13 03:00+01:00,
2026-02-13 03:15+01:00,27.744959
2026-02-13 03:30+01:00,26.219035
2026-02-13 03:45+01:00,19.968915
2026-02-13 04:00+01:00,18.327278
2026-02-13 04:15+01:00,12.564602
2026-02-13 04:30+01:00,23.586274
2026-02-13 04:45+01:00,29.932151
2026-02-13 05:00+01:00,
2026-02-13 05:15+01:00,24.162812
2026-02-13 05:30+01:00,47.996313
2026-02-13 05:45+01:00,22.559991
2026-02-13 06:00+01:00,32.771739
2026-02-13 06:15+01:00,24.616441
2026-02-13 06:30+01:00,16.027382
2026-02-13 06:45+01:00,26.883525
2026-02-13 07:00+01:00,33.904169
2026-02-13 07:15+01:00,20.658441
2026-02-13 07:30+01:00,21.671892
2026-02-13 07:45+01:00,32.786628
2026-02-13 08:00+01:00,31.633743
2026-02-13 08:15+01:00,38.623424
2026-02-13 08:30+01:00,19.682607
2026-02-13 08:45+01:00,25.816873
2026-02-13 09:00+01:00,60.501658
2026-02-13 09:15+01:00,56.727858
2026-02-13 09:30+01:00,59.027856
2026-02-13 09:45+01:00,59.216875
2026-02-13 10:00+01:00,
2026-02-13 10:15+01:00,
2026-02-13 10:30+01:00,
2026-02-13 10:45+01:00,49.874488
2026-02-13 11:00+01:00,
2026-02-13 11:15+01:00,56.658988
2026-02-13 11:30+01:00,59.895813
2026-02-13 11:45+01:00,59.383575
2026-02-13 12:00+01:00,52.022514
2026-02-13 12:15+01:00,52.187757
2026-02-13 12:30+01:00,61.294744
2026-02-13 12:45+01:00,63.462851
2026-02-13 13:00+01:00,56.124138
2026-02-13 13:15+01:00,61.935239
2026-02-13 13:30+01:00,61.432425
2026-02-13 13:45+01:00,58.024262
2026-02-13 14:00+01:00,32.678473
2026-02-13 14:15+01:00,23.185384
2026-02-13 14:30+01:00,26.576074
2026-02-13 14:45+01:00,18.828150
2026-02-13 15:00+01:00,26.070402
2026-02-13 15:15+01:00,22.471769
2026-02-13 15:30+01:00,44.165119
2026-02-13 15:45+01:00,24.315643
2026-02-13 16:00+01:00,31.720974
2026-02-13 16:15+01:00,15.880243
2026-02-13 16:30+01:00,
2026-02-13 16:45+01:00,25.106627
2026-02-13 17:00+01:00,12.491180
2026-02-13 17:15+01:00,33.019958
2026-02-13 17:30+01:00,17.461913
2026-02-13 17:45+01:00,24.659903
2026-02-13 18:00+01:00,36.735891
2026-02-13 18:15+01:00,21.123652
2026-02-13 18:30+01:00,22.821309
2026-02-13 18:45+01:00,14.781269
2026-02-13 19:00+01:00,29.176775
2026-02-13 19:15+01:00,16.333217
2026-02-13 19:30+01:00,26.055089
2026-02-13 19:45+01:00,8.667682
2026-02-13 20:00+01:00,20.748853
2026-02-13 20:15+01:00,31.078276
2026-02-13 20:30+01:00,26.578512
2026-02-13 20:45+01:00,31.814740
2026-02-13 21:00+01:00,54.213812
2026-02-13 21:15+01:00,60.367109
2026-02-13 21:30+01:00,52.689842
2026-02-13 21:45+01:00,
2026-02-13 22:00+01:00,58.730990
2026-02-13 22:15+01:00,49.337809
2026-02-13 22:30+01:00,57.004483
2026-02-13 22:45+01:00,52.177370
2026-02-13 23:00+01:00,53.324124
2026-02-13 23:15+01:00,56.874263
2026-02-13 23:30+01:00,53.567044
2026-02-13 23:45+01:00,56.928676
2026-02-14 00:00+01:00,38.651734
2026-02-14 00:15+01:00,18.089381
2026-02-14 00:30+01:00,27.840388
2026-02-14 00:45+01:00,24.357907
2026-02-14 01:00+01:00,21.532286
2026-02-14 01:15+01:00,33.391393
2026-02-14 01:30+01:00,28.923823
2026-02-14 01:45+01:00,31.671414
2026-02-14 02:00+01:00,28.164151
2026-02-14 02:15+01:00,20.473084
2026-02-14 02:30+01:00,26.526381
2026-02-14 02:45+01:00,12.786703
2026-02-14 03:00+01:00,23.818878
2026-02-14 03:15+01:00,24.767082
2026-02-14 03:30+01:00,12.049358
2026-02-14 03:45+01:00,32.754080
2026-02-14 04:00+01:00,31.100652
2026-02-14 04:15+01:00,15.251251
2026-02-14 04:30+01:00,14.549047
2026-02-14 04:45+01:00,19.961021
2026-02-14 05:00+01:00,22.022336
2026-02-14 05:15+01:00,24.893599
2026-02-14 05:30+01:00,20.242899
2026-02-14 05:45+01:00,16.234147
2026-02-14 06:00+01:00,23.055958
2026-02-14 06:15+01:00,23.592211
2026-02-14 06:30+01:00,33.675320
2026-02-14 06:45+01:00,17.774630
2026-02-14 07:00+01:00,33.608681
2026-02-14 07:15+01:00,25.096599
2026-02-14 07:30+01:00,31.170032
2026-02-14 07:45+01:00,
2026-02-14 08:00+01:00,34.606517
2026-02-14 08:15+01:00,24.644134
2026-02-14 08:30+01:00,38.168388
2026-02-14 08:45+01:00,26.249307
2026-02-14 09:00+01:00,32.084402
2026-02-14 09:15+01:00,27.600750
2026-02-14 09:30+01:00,27.904712
2026-02-14 09:45+01:00,34.018017
2026-02-14 10:00+01:00,42.965504
2026-02-14 10:15+01:00,34.661867
2026-02-14 10:30+01:00,19.888318
2026-02-14 10:45+01:00,
2026-02-14 11:00+01:00,31.593992
2026-02-14 11:15+01:00,19.659350
2026-02-14 11:30+01:00,29.200832
2026-02-14 11:45+01:00,40.703428
2026-02-14 12:00+01:00,23.419654
2026-02-14 12:15+01:00,31.479576
2026-02-14 12:30+01:00,19.754017
2026-02-14 12:45+01:00,16.903446
2026-02-14 13:00+01:00,27.457615
2026-02-14 13:15+01:00,18.013802
2026-02-14 13:30+01:00,34.602898
2026-02-14 13:45+01:00,14.869018
2026-02-14 14:00+01:00,
2026-02-14 14:15+01:00,25.631033
2026-02-14 14:30+01:00,35.579495
2026-02-14 14:45+01:00,20.446921
2026-02-14 15:00+01:00,23.132826
2026-02-14 15:15+01:00,34.587690
2026-02-14 15:30+01:00,27.106223
2026-02-14 15:45+01:00,26.701877
2026-02-14 16:00+01:00,27.755946
2026-02-14 16:15+01:00,13.265991
2026-02-14 16:30+01:00,30.012860
2026-02-14 16:45+01:00,28.610726
2026-02-14 17:00+01:00,34.002818
2026-02-14 17:15+01:00,14.161515
2026-02-14 17:30+01:00,19.303175
2026-02-14 17:45+01:00,28.601199
2026-02-14 18:00+01:00,38.399883
2026-02-14 18:15+01:00,25.905432
2026-02-14 18:30+01:00,24.066119
2026-02-14 18:45+01:00,23.678342
2026-02-14 19:00+01:00,28.565786
2026-02-14 19:15+01:00,22.135057
2026-02-14 19:30+01:00,30.161389
2026-02-14 19:45+01:00,26.386320
2026-02-14 20:00+01:00,19.029463
2026-02-14 20:15+01:00,13.183670
2026-02-14 20:30+01:00,
2026-02-14 20:45+01:00,32.837536
2026-02-14 21:00+01:00,59.409593
2026-02-14 21:15+01:00,55.332742
2026-02-14 21:30+01:00,54.609638
2026-02-14 21:45+01:00,63.694776
2026-02-14 22:00+01:00,55.721118
2026-02-14 22:15+01:00,53.862231
2026-02-14 22:30+01:00,48.558882
2026-02-14 22:45+01:00,56.127186
2026-02-14 23:00+01:00,57.331036
2026-02-14 23:15+01:00,59.914699
2026-02-14 23:30+01:00,
2026-02-14 23:45+01:00,59.083798
2026-02-15 00:00+01:00,24.265580
2026-02-15 00:15+01:00,55.432396
2026-02-15 00:30+01:00,57.786207
2026-02-15 00:45+01:00,57.704120
2026-02-15 01:00+01:00,51.019657
2026-02-15 01:15+01:00,54.588924
2026-02-15 01:30+01:00,57.255480
2026-02-15 01:45+01:00,47.139709
2026-02-15 02:00+01:00,58.859349
2026-02-15 02:15+01:00,64.009194
2026-02-15 02:30+01:00,55.203922
2026-02-15 02:45+01:00,53.116477
2026-02-15 03:00+01:00,55.762678
2026-02-15 03:15+01:00,56.449790
2026-02-15 03:30+01:00,56.766144
2026-02-15 03:45+01:00,58.504554
2026-02-15 04:00+01:00,56.264069
2026-02-15 04:15+01:00,
2026-02-15 04:30+01:00,59.533848
2026-02-15 04:45+01:00,54.670189
2026-02-15 05:00+01:00,53.212221
2026-02-15 05:15+01:00,58.046717
2026-02-15 05:30+01:00,60.360614
2026-02-15 05:45+01:00,60.041928
2026-02-15 06:00+01:00,22.152270
2026-02-15 06:15+01:00,17.036142
2026-02-15 06:30+01:00,16.765219
2026-02-15 06:45+01:00,15.158884
2026-02-15 07:00+01:00,18.457892
2026-02-15 07:15+01:00,25.878483
2026-02-15 07:30+01:00,27.779261
2026-02-15 07:45+01:00,
2026-02-15 08:00+01:00,30.094554
2026-02-15 08:15+01:00,29.551531
2026-02-15 08:30+01:00,25.374665
2026-02-15 08:45+01:00,39.569739
2026-02-15 09:00+01:00,31.283759
2026-02-15 09:15+01:00,17.644681
2026-02-15 09:30+01:00,30.449496
2026-02-15 09:45+01:00,26.134641
2026-02-15 10:00+01:00,11.546209
2026-02-15 10:15+01:00,13.017161
2026-02-15 10:30+01:00,23.183501
2026-02-15 10:45+01:00,14.181279
2026-02-15 11:00+01:00,27.469613
2026-02-15 11:15+01:00,37.726013
2026-02-15 11:30+01:00,27.546778
2026-02-15 11:45+01:00,28.529264
2026-02-15 12:00+01:00,
2026-02-15 12:15+01:00,12.619336
2026-02-15 12:30+01:00,16.630964
2026-02-15 12:45+01:00,14.246685
2026-02-15 13:00+01:00,28.700890
2026-02-15 13:15+01:00,15.394352
2026-02-15 13:30+01:00,25.629925
2026-02-15 13:45+01:00,21.693892
2026-02-15 14:00+01:00,28.316035
2026-02-15 14:15+01:00,38.337121
2026-02-15 14:30+01:00,28.862724
2026-02-15 14:45+01:00,26.872986
2026-02-15 15:00+01:00,51.924705
2026-02-15 15:15+01:00,55.114595
2026-02-15 15:30+01:00,60.032596
2026-02-15 15:45+01:00,56.563924
2026-02-15 16:00+01:00,51.046158
2026-02-15 16:15+01:00,64.376730
2026-02-15 16:30+01:00,60.408269
2026-02-15 16:45+01:00,51.477387
2026-02-15 17:00+01:00,54.748904
2026-02-15 17:15+01:00,55.460045
2026-02-15 17:30+01:00,52.438266
2026-02-15 17:45+01:00,53.597968
2026-02-15 18:00+01:00,52.806590
2026-02-15 18:15+01:00,
2026-02-15 18:30+01:00,53.023585
2026-02-15 18:45+01:00,49.804262
2026-02-15 19:00+01:00,51.961226
2026-02-15 19:15+01:00,55.911952
2026-02-15 19:30+01:00,50.515953
2026-02-15 19:45+01:00,53.440028
2026-02-15 20:00+01:00,15.486718
2026-02-15 20:15+01:00,14.574620
2026-02-15 20:30+01:00,21.016822
2026-02-15 20:45+01:00,24.084179
2026-02-15 21:00+01:00,29.288540
2026-02-15 21:15+01:00,18.507644
2026-02-15 21:30+01:00,27.421887
2026-02-15 21:45+01:00,25.281862
2026-02-15 22:00+01:00,20.579409
2026-02-15 22:15+01:00,25.736334
2026-02-15 22:30+01:00,36.731231
2026-02-15 22:45+01:00,20.565439
2026-02-15 23:00+01:00,23.171917
2026-02-15 23:15+01:00,9.812828
2026-02-15 23:30+01:00,24.733464
2026-02-15 23:45+01:00,10.337702
2026-02-16 00:00+01:00,54.679400
2026-02-16 00:15+01:00,30.207738
2026-02-16 00:30+01:00,25.362558
2026-02-16 00:45+01:00,21.581829
2026-02-16 01:00+01:00,17.651239
2026-02-16 01:15+01:00,30.058753
2026-02-16 01:30+01:00,33.831804
2026-02-16 01:45+01:00,29.272793
2026-02-16 02:00+01:00,24.374211
2026-02-16 02:15+01:00,24.052203
2026-02-16 02:30+01:00,28.622780
2026-02-16 02:45+01:00,26.178982
2026-02-16 03:00+01:00,15.825357
2026-02-16 03:15+01:00,44.448950
2026-02-16 03:30+01:00,23.389577
2026-02-16 03:45+01:00,146.472344
2026-02-16 04:00+01:00,217.625813
2026-02-16 04:15+01:00,0.659332
2026-02-16 04:30+01:00,22.314383
2026-02-16 04:45+01:00,29.286440
2026-02-16 05:00+01:00,32.028890
2026-02-16 05:15+01:00,18.800175
2026-02-16 05:30+01:00,26.830413
2026-02-16 05:45+01:00,21.917291
2026-02-16 06:00+01:00,42.263043
2026-02-16 06:15+01:00,13.456563
2026-02-16 06:30+01:00,28.799394
2026-02-16 06:45+01:00,13.349940
2026-02-16 07:00+01:00,36.062223
2026-02-16 07:15+01:00,20.293673
2026-02-16 07:30+01:00,24.250241
2026-02-16 07:45+01:00,22.895926
2026-02-16 08:00+01:00,31.767608
2026-02-16 08:15+01:00,22.007772
2026-02-16 08:30+01:00,29.530306
2026-02-16 08:45+01:00,22.551512
2026-02-16 09:00+01:00,
2026-02-16 09:15+01:00,37.578970
2026-02-16 09:30+01:00,21.173440
2026-02-16 09:45+01:00,26.019101
2026-02-16 10:00+01:00,39.342881
2026-02-16 10:15+01:00,26.247377
2026-02-16 10:30+01:00,24.179402
2026-02-16 10:45+01:00,26.823906
2026-02-16 11:00+01:00,19.862620
2026-02-16 11:15+01:00,28.891233
2026-02-16 11:30+01:00,
2026-02-16 11:45+01:00,15.086983
2026-02-16 12:00+01:00,37.578241
2026-02-16 12:15+01:00,16.003515
2026-02-16 12:30+01:00,
2026-02-16 12:45+01:00,35.895515
2026-02-16 13:00+01:00,33.576137
2026-02-16 13:15+01:00,30.733500
2026-02-16 13:30+01:00,21.846646
2026-02-16 13:45+01:00,12.484959
2026-02-16 14:00+01:00,21.543388
2026-02-16 14:15+01:00,17.546486
2026-02-16 14:30+01:00,
2026-02-16 14:45+01:00,14.891901
2026-02-16 15:00+01:00,
2026-02-16 15:15+01:00,56.984308
2026-02-16 15:30+01:00,59.171554
2026-02-16 15:45+01:00,54.061399
2026-02-16 16:00+01:00,54.620132
2026-02-16 16:15+01:00,55.658867
2026-02-16 16:30+01:00,57.931952
2026-02-16 16:45+01:00,43.871404
2026-02-16 17:00+01:00,54.446275
2026-02-16 17:15+01:00,49.955861
2026-02-16 17:30+01:00,59.828456
2026-02-16 17:45+01:00,54.371802
2026-02-16 18:00+01:00,62.201964
2026-02-16 18:15+01:00,57.676097
2026-02-16 18:30+01:00,57.032501
2026-02-16 18:45+01:00,63.692539
2026-02-16 19:00+01:00,56.277509
2026-02-16 19:15+01:00,52.040088
2026-02-16 19:30+01:00,55.357246
2026-02-16 19:45+01:00,60.755136
2026-02-16 20:00+01:00,50.557751
2026-02-16 20:15+01:00,51.273525
2026-02-16 20:30+01:00,53.491927
2026-02-16 20:45+01:00,53.171129
2026-02-16 21:00+01:00,30.815359
2026-02-16 21:15+01:00,
2026-02-16 21:30+01:00,23.787060
2026-02-16 21:45+01:00,30.153109
2026-02-16 22:00+01:00,27.500018
2026-02-16 22:15+01:00,
2026-02-16 22:30+01:00,35.265242
2026-02-16 22:45+01:00,21.650985
2026-02-16 23:00+01:00,29.907847
2026-02-16 23:15+01:00,31.844937
2026-02-16 23:30+01:00,20.604280
2026-02-16 23:45+01:00,24.496456
2026-02-17 00:00+01:00,36.714098
2026-02-17 00:15+01:00,60.228622
2026-02-17 00:30+01:00,59.342282
2026-02-17 00:45+01:00,58.748777
2026-02-17 01:00+01:00,53.410358
2026-02-17 01:15+01:00,57.433145
2026-02-17 01:30+01:00,
2026-02-17 01:45+01:00,57.624732
2026-02-17 02:00+01:00,61.366430
2026-02-17 02:15+01:00,61.272259
2026-02-17 02:30+01:00,54.594398
2026-02-17 02:45+01:00,53.799286
2026-02-17 03:00+01:00,22.829785
2026-02-17 03:15+01:00,35.954042
2026-02-17 03:30+01:00,24.787132
2026-02-17 03:45+01:00,28.085889
2026-02-17 04:00+01:00,27.165837
2026-02-17 04:15+01:00,19.871677
2026-02-17 04:30+01:00,30.328665
2026-02-17 04:45+01:00,20.915958
2026-02-17 05:00+01:00,19.974461
2026-02-17 05:15+01:00,39.770133
2026-02-17 05:30+01:00,21.069627
2026-02-17 05:45+01:00,19.063618
2026-02-17 06:00+01:00,24.262604
2026-02-17 06:15+01:00,35.059702
2026-02-17 06:30+01:00,33.625465
2026-02-17 06:45+01:00,22.997665
2026-02-17 07:00+01:00,7.480433
2026-02-17 07:15+01:00,37.074002
2026-02-17 07:30+01:00,17.796773
2026-02-17 07:45+01:00,12.175618
2026-02-17 08:00+01:00,9.064280
2026-02-17 08:15+01:00,17.298670
2026-02-17 08:30+01:00,21.926300
2026-02-17 08:45+01:00,31.835178
2026-02-17 09:00+01:00,58.221375
2026-02-17 09:15+01:00,56.768252
2026-02-17 09:30+01:00,53.347225
2026-02-17 09:45+01:00,
2026-02-17 10:00+01:00,53.969828
2026-02-17 10:15+01:00,56.977877
2026-02-17 10:30+01:00,54.244065
2026-02-17 10:45+01:00,58.096531
2026-02-17 11:00+01:00,61.463249
2026-02-17 11:15+01:00,57.790159
2026-02-17 11:30+01:00,58.361999
2026-02-17 11:45+01:00,58.144271
2026-02-17 12:00+01:00,53.867533
2026-02-17 12:15+01:00,
2026-02-17 12:30+01:00,54.658878
2026-02-17 12:45+01:00,57.005528
2026-02-17 13:00+01:00,
2026-02-17 13:15+01:00,60.291216
2026-02-17 13:30+01:00,54.243290
2026-02-17 13:45+01:00,60.565497
2026-02-17 14:00+01:00,54.882200
2026-02-17 14:15+01:00,53.255541
2026-02-17 14:30+01:00,58.403284
2026-02-17 14:45+01:00,55.285429
2026-02-17 15:00+01:00,36.564249
2026-02-17 15:15+01:00,23.304137
2026-02-17 15:30+01:00,25.985178
2026-02-17 15:45+01:00,19.115720
2026-02-17 16:00+01:00,8.361641
2026-02-17 16:15+01:00,18.565574
2026-02-17 16:30+01:00,36.061994
2026-02-17 16:45+01:00,20.377702
2026-02-17 17:00+01:00,26.145067
2026-02-17 17:15+01:00,20.592403
2026-02-17 17:30+01:00,41.418033
2026-02-17 17:45+01:00,24.352061
2026-02-17 18:00+01:00,14.671824
2026-02-17 18:15+01:00,32.055460
2026-02-17 18:30+01:00,18.177501
2026-02-17 18:45+01:00,34.514879
2026-02-17 19:00+01:00,22.877834
2026-02-17 19:15+01:00,19.099791
2026-02-17 19:30+01:00,20.514619
2026-02-17 19:45+01:00,32.651389
2026-02-17 20:00+01:00,28.070981
2026-02-17 20:15+01:00,23.786046
2026-02-17 20:30+01:00,42.467861
2026-02-17 20:45+01:00,31.045784
2026-02-17 21:00+01:00,16.250895
2026-02-17 21:15+01:00,24.453980
2026-02-17 21:30+01:00,27.634584
2026-02-17 21:45+01:00,34.565626
2026-02-17 22:00+01:00,27.588737
2026-02-17 22:15+01:00,10.012128
2026-02-17 22:30+01:00,21.404780
2026-02-17 22:45+01:00,26.828448
2026-02-17 23:00+01:00,31.258899
2026-02-17 23:15+01:00,7.451725
2026-02-17 23:30+01:00,33.500209
2026-02-17 23:45+01:00,39.075119
2026-02-18 00:00+01:00,52.198927
2026-02-18 00:15+01:00,33.718279
2026-02-18 00:30+01:00,16.416243
2026-02-18 00:45+01:00,16.146005
2026-02-18 01:00+01:00,20.653221
2026-02-18 01:15+01:00,17.861203
2026-02-18 01:30+01:00,18.835377
2026-02-18 01:45+01:00,34.496366
2026-02-18 02:00+01:00,25.628800
2026-02-18 02:15+01:00,25.566100
2026-02-18 02:30+01:00,33.861862
2026-02-18 02:45+01:00,
2026-02-18 03:00+01:00,37.505522
2026-02-18 03:15+01:00,26.314823
2026-02-18 03:30+01:00,29.774130
2026-02-18 03:45+01:00,32.363515
2026-02-18 04:00+01:00,24.560656
2026-02-18 04:15+01:00,11.161531
2026-02-18 04:30+01:00,28.687666
2026-02-18 04:45+01:00,31.049952
2026-02-18 05:00+01:00,28.713869
2026-02-18 05:15+01:00,20.058207
2026-02-18 05:30+01:00,38.178209
2026-02-18 05:45+01:00,20.027341
2026-02-18 06:00+01:00,13.198160
2026-02-18 06:15+01:00,24.163064
2026-02-18 06:30+01:00,16.370173
2026-02-18 06:45+01:00,33.157190
2026-02-18 07:00+01:00,30.777772
2026-02-18 07:15+01:00,16.119238
2026-02-18 07:30+01:00,29.578720
2026-02-18 07:45+01:00,33.644213
2026-02-18 08:00+01:00,28.180393
2026-02-18 08:15+01:00,21.781190
2026-02-18 08:30+01:00,20.122337
2026-02-18 08:45+01:00,28.552004
2026-02-18 09:00+01:00,22.363117
2026-02-18 09:15+01:00,19.599798
2026-02-18 09:30+01:00,18.081519
2026-02-18 09:45+01:00,24.550278
2026-02-18 10:00+01:00,31.548594
2026-02-18 10:15+01:00,38.849743
2026-02-18 10:30+01:00,25.519188
2026-02-18 10:45+01:00,20.020874
2026-02-18 11:00+01:00,34.290111
2026-02-18 11:15+01:00,17.600478
2026-02-18 11:30+01:00,25.788224
2026-02-18 11:45+01:00,16.445804
2026-02-18 12:00+01:00,28.157815
2026-02-18 12:15+01:00,41.461357
2026-02-18 12:30+01:00,
2026-02-18 12:45+01:00,29.675375
2026-02-18 13:00+01:00,21.929927
2026-02-18 13:15+01:00,31.921539
2026-02-18 13:30+01:00,28.501570
2026-02-18 13:45+01:00,28.507340
2026-02-18 14:00+01:00,38.206738
2026-02-18 14:15+01:00,10.991733
2026-02-18 14:30+01:00,26.449614
2026-02-18 14:45+01:00,31.642969
2026-02-18 15:00+01:00,21.144519
2026-02-18 15:15+01:00,22.422377
2026-02-18 15:30+01:00,34.187510
2026-02-18 15:45+01:00,29.816008
2026-02-18 16:00+01:00,29.805698
2026-02-18 16:15+01:00,28.382485
2026-02-18 16:30+01:00,30.767848
2026-02-18 16:45+01:00,24.480172
2026-02-18 17:00+01:00,20.462347
2026-02-18 17:15+01:00,38.146099
2026-02-18 17:30+01:00,13.092770
2026-02-18 17:45+01:00,31.934117
2026-02-18 18:00+01:00,27.028616
2026-02-18 18:15+01:00,23.360791
2026-02-18 18:30+01:00,32.034930
2026-02-18 18:45+01:00,19.969124
2026-02-18 19:00+01:00,
2026-02-18 19:15+01:00,21.625373
2026-02-18 19:30+01:00,23.949615
2026-02-18 19:45+01:00,38.895781
2026-02-18 20:00+01:00,
2026-02-18 20:15+01:00,29.177630
2026-02-18 20:30+01:00,19.591699
2026-02-18 20:45+01:00,27.886658
2026-02-18 21:00+01:00,54.713253
2026-02-18 21:15+01:00,53.730455
2026-02-18 21:30+01:00,54.469852
2026-02-18 21:45+01:00,58.262379
2026-02-18 22:00+01:00,53.320863
2026-02-18 22:15+01:00,52.584346
2026-02-18 22:30+01:00,55.660768
2026-02-18 22:45+01:00,60.513008
2026-02-18 23:00+01:00,53.968186
2026-02-18 23:15+01:00,55.804064
2026-02-18 23:30+01:00,51.883255
2026-02-18 23:45+01:00,58.919067
2026-02-19 00:00+01:00,20.272522
2026-02-19 00:15+01:00,17.459432
2026-02-19 00:30+01:00,32.914314
2026-02-19 00:45+01:00,
2026-02-19 01:00+01:00,23.408952
2026-02-19 01:15+01:00,24.959033
2026-02-19 01:30+01:00,24.127080
2026-02-19 01:45+01:00,27.470468
2026-02-19 02:00+01:00,19.176425
2026-02-19 02:15+01:00,29.384542
2026-02-19 02:30+01:00,34.631627
2026-02-19 02:45+01:00,26.302156
2026-02-19 03:00+01:00,19.956381
2026-02-19 03:15+01:00,31.878938
2026-02-19 03:30+01:00,36.258468
2026-02-19 03:45+01:00,27.016252
2026-02-19 04:00+01:00,26.138038
2026-02-19 04:15+01:00,31.156494
2026-02-19 04:30+01:00,21.775794
2026-02-19 04:45+01:00,31.976223
2026-02-19 05:00+01:00,23.178326
2026-02-19 05:15+01:00,21.812483
2026-02-19 05:30+01:00,26.217862
2026-02-19 05:45+01:00,25.140289
2026-02-19 06:00+01:00,25.703650
2026-02-19 06:15+01:00,36.773435
2026-02-19 06:30+01:00,25.109467
2026-02-19 06:45+01:00,8.730603
2026-02-19 07:00+01:00,14.653523
2026-02-19 07:15+01:00,21.006174
2026-02-19 07:30+01:00,19.653926
2026-02-19 07:45+01:00,23.554188
2026-02-19 08:00+01:00,
2026-02-19 08:15+01:00,24.806193
2026-02-19 08:30+01:00,
2026-02-19 08:45+01:00,41.333706
2026-02-19 09:00+01:00,26.893076
2026-02-19 09:15+01:00,22.082902
2026-02-19 09:30+01:00,34.114443
2026-02-19 09:45+01:00,31.463218
2026-02-19 10:00+01:00,21.903205
2026-02-19 10:15+01:00,24.596092
2026-02-19 10:30+01:00,23.271934
2026-02-19 10:45+01:00,16.933242
2026-02-19 11:00+01:00,
2026-02-19 11:15+01:00,26.019222
2026-02-19 11:30+01:00,33.233070
2026-02-19 11:45+01:00,16.663764
2026-02-19 12:00+01:00,21.197705
2026-02-19 12:15+01:00,29.602887
2026-02-19 12:30+01:00,31.051798
2026-02-19 12:45+01:00,19.918930
2026-02-19 13:00+01:00,16.410817
2026-02-19 13:15+01:00,19.880435
2026-02-19 13:30+01:00,12.210990
2026-02-19 13:45+01:00,32.328191
2026-02-19 14:00+01:00,20.723542
2026-02-19 14:15+01:00,29.977652
2026-02-19 14:30+01:00,17.358989
2026-02-19 14:45+01:00,42.168996
2026-02-19 15:00+01:00,56.636353
2026-02-19 15:15+01:00,49.772232
2026-02-19 15:30+01:00,58.447326
2026-02-19 15:45+01:00,64.951359
2026-02-19 16:00+01:00,55.351595
2026-02-19 16:15+01:00,56.341502
2026-02-19 16:30+01:00,60.665807
2026-02-19 16:45+01:00,53.413027
2026-02-19 17:00+01:00,53.480244
2026-02-19 17:15+01:00,54.643313
2026-02-19 17:30+01:00,59.287310
2026-02-19 17:45+01:00,55.729670
2026-02-19 18:00+01:00,54.170156
2026-02-19 18:15+01:00,53.171448
2026-02-19 18:30+01:00,
2026-02-19 18:45+01:00,57.926507
2026-02-19 19:00+01:00,52.244792
2026-02-19 19:15+01:00,54.027438
2026-02-19 19:30+01:00,56.483160
2026-02-19 19:45+01:00,54.165251
2026-02-19 20:00+01:00,18.276582
2026-02-19 20:15+01:00,23.435711
2026-02-19 20:30+01:00,30.148324
2026-02-19 20:45+01:00,36.316866
2026-02-19 21:00+01:00,18.783786
2026-02-19 21:15+01:00,151.821047
2026-02-19 21:30+01:00,39.577873
2026-02-19 21:45+01:00,20.274200
2026-02-19 22:00+01:00,17.112964
2026-02-19 22:15+01:00,26.130919
2026-02-19 22:30+01:00,27.838522
2026-02-19 22:45+01:00,
2026-02-19 23:00+01:00,20.339731
2026-02-19 23:15+01:00,31.774107
2026-02-19 23:30+01:00,31.647329
2026-02-19 23:45+01:00,14.733360
2026-02-20 00:00+01:00,
2026-02-20 00:15+01:00,44.964940
2026-02-20 00:30+01:00,38.007331
2026-02-20 00:45+01:00,18.900314
2026-02-20 01:00+01:00,
2026-02-20 01:15+01:00,31.529630
2026-02-20 01:30+01:00,38.681785
2026-02-20 01:45+01:00,17.663430
2026-02-20 02:00+01:00,29.539688
2026-02-20 02:15+01:00,11.322323
2026-02-20 02:30+01:00,15.850330
2026-02-20 02:45+01:00,31.303545
2026-02-20 03:00+01:00,54.315289
2026-02-20 03:15+01:00,48.763603
2026-02-20 03:30+01:00,53.355691
2026-02-20 03:45+01:00,54.848591
2026-02-20 04:00+01:00,55.376530
2026-02-20 04:15+01:00,55.890538
2026-02-20 04:30+01:00,49.104585
2026-02-20 04:45+01:00,51.574102
2026-02-20 05:00+01:00,61.648414
2026-02-20 05:15+01:00,56.170851
2026-02-20 05:30+01:00,54.723730
2026-02-20 05:45+01:00,
2026-02-20 06:00+01:00,53.393592
2026-02-20 06:15+01:00,53.946956
2026-02-20 06:30+01:00,54.807792
2026-02-20 06:45+01:00,55.282890
2026-02-20 07:00+01:00,19.395357
2026-02-20 07:15+01:00,25.716622
2026-02-20 07:30+01:00,20.898884
2026-02-20 07:45+01:00,33.797639
2026-02-20 08:00+01:00,14.264259
2026-02-20 08:15+01:00,34.199495
2026-02-20 08:30+01:00,26.449676
2026-02-20 08:45+01:00,25.079381
2026-02-20 09:00+01:00,22.458562
2026-02-20 09:15+01:00,
2026-02-20 09:30+01:00,33.169126
2026-02-20 09:45+01:00,23.156945
2026-02-20 10:00+01:00,16.039821
2026-02-20 10:15+01:00,27.496096
2026-02-20 10:30+01:00,31.647732
2026-02-20 10:45+01:00,11.174855
2026-02-20 11:00+01:00,31.442906
2026-02-20 11:15+01:00,23.659083
2026-02-20 11:30+01:00,32.503841
2026-02-20 11:45+01:00,27.509206
2026-02-20 12:00+01:00,29.522549
2026-02-20 12:15+01:00,29.731738
2026-02-20 12:30+01:00,34.655316
2026-02-20 12:45+01:00,20.303529
2026-02-20 13:00+01:00,26.053312
2026-02-20 13:15+01:00,25.649414
2026-02-20 13:30+01:00,17.864042
2026-02-20 13:45+01:00,29.819081
2026-02-20 14:00+01:00,28.570696
2026-02-20 14:15+01:00,16.683822
2026-02-20 14:30+01:00,26.712173
2026-02-20 14:45+01:00,21.247902
2026-02-20 15:00+01:00,18.544802
2026-02-20 15:15+01:00,30.619597
2026-02-20 15:30+01:00,28.462061
2026-02-20 15:45+01:00,15.174157
2026-02-20 16:00+01:00,34.691325
2026-02-20 16:15+01:00,31.310494
2026-02-20 16:30+01:00,27.774229
2026-02-20 16:45+01:00,19.168191
2026-02-20 17:00+01:00,24.273595
2026-02-20 17:15+01:00,34.731214
2026-02-20 17:30+01:00,3.334827
2026-02-20 17:45+01:00,23.991490
2026-02-20 18:00+01:00,29.801631
2026-02-20 18:15+01:00,21.441828
2026-02-20 18:30+01:00,28.528927
2026-02-20 18:45+01:00,26.045598
2026-02-20 19:00+01:00,33.584497
2026-02-20 19:15+01:00,28.636163
2026-02-20 19:30+01:00,10.800200
2026-02-20 19:45+01:00,37.854266
2026-02-20 20:00+01:00,22.054548
2026-02-20 20:15+01:00,33.086479
2026-02-20 20:30+01:00,28.257421
2026-02-20 20:45+01:00,31.315515
2026-02-20 21:00+01:00,32.812350
2026-02-20 21:15+01:00,10.990809
2026-02-20 21:30+01:00,
2026-02-20 21:45+01:00,29.422177
2026-02-20 22:00+01:00,41.732830
2026-02-20 22:15+01:00,31.824968
2026-02-20 22:30+01:00,36.492116
2026-02-20 22:45+01:00,27.937994
2026-02-20 23:00+01:00,42.967620
2026-02-20 23:15+01:00,24.394867
2026-02-20 23:30+01:00,31.092273
2026-02-20 23:45+01:00,30.705759
2026-02-21 00:00+01:00,18.067959
2026-02-21 00:15+01:00,20.839771
2026-02-21 00:30+01:00,29.830476
2026-02-21 00:45+01:00,22.890429
2026-02-21 01:00+01:00,26.860072
2026-02-21 01:15+01:00,42.174998
2026-02-21 01:30+01:00,30.819015
2026-02-21 01:45+01:00,28.446064
2026-02-21 02:00+01:00,28.790353
2026-02-21 02:15+01:00,36.663311
2026-02-21 02:30+01:00,28.535942
2026-02-21 02:45+01:00,26.548666
2026-02-21 03:00+01:00,28.484724
2026-02-21 03:15+01:00,
2026-02-21 03:30+01:00,48.770137
2026-02-21 03:45+01:00,37.164402
2026-02-21 04:00+01:00,16.651630
2026-02-21 04:15+01:00,25.526864
2026-02-21 04:30+01:00,26.072623
2026-02-21 04:45+01:00,15.611360
2026-02-21 05:00+01:00,36.982837
2026-02-21 05:15+01:00,26.231509
2026-02-21 05:30+01:00,28.893455
2026-02-21 05:45+01:00,28.855167
2026-02-21 06:00+01:00,31.010999
2026-02-21 06:15+01:00,23.503773
2026-02-21 06:30+01:00,28.346053
2026-02-21 06:45+01:00,51.071063
2026-02-21 07:00+01:00,38.414581
2026-02-21 07:15+01:00,23.682302
2026-02-21 07:30+01:00,13.004422
2026-02-21 07:45+01:00,34.105921
2026-02-21 08:00+01:00,23.139301
2026-02-21 08:15+01:00,36.535459
2026-02-21 08:30+01:00,20.745881
2026-02-21 08:45+01:00,17.257296
2026-02-21 09:00+01:00,59.040391
2026-02-21 09:15+01:00,56.105210
2026-02-21 09:30+01:00,52.051199
2026-02-21 09:45+01:00,55.029426
2026-02-21 10:00+01:00,52.669850
2026-02-21 10:15+01:00,59.833966
2026-02-21 10:30+01:00,52.709581
2026-02-21 10:45+01:00,53.079039
2026-02-21 11:00+01:00,57.884469
2026-02-21 11:15+01:00,55.669676
2026-02-21 11:30+01:00,
2026-02-21 11:45+01:00,61.358985
2026-02-21 12:00+01:00,53.162413
2026-02-21 12:15+01:00,57.114386
2026-02-21 12:30+01:00,53.595694
2026-02-21 12:45+01:00,58.614013
2026-02-21 13:00+01:00,50.225873
2026-02-21 13:15+01:00,55.758271
2026-02-21 13:30+01:00,48.751874
2026-02-21 13:45+01:00,51.423854
2026-02-21 14:00+01:00,48.329385
2026-02-21 14:15+01:00,59.145668
2026-02-21 14:30+01:00,53.923414
2026-02-21 14:45+01:00,51.023759
2026-02-21 15:00+01:00,28.161476
2026-02-21 15:15+01:00,34.859221
2026-02-21 15:30+01:00,22.734723
2026-02-21 15:45+01:00,20.285144
2026-02-21 16:00+01:00,
2026-02-21 16:15+01:00,31.361434
2026-02-21 16:30+01:00,16.068991
2026-02-21 16:45+01:00,
2026-02-21 17:00+01:00,41.145213
2026-02-21 17:15+01:00,25.670474
2026-02-21 17:30+01:00,22.649250
2026-02-21 17:45+01:00,25.127084
2026-02-21 18:00+01:00,29.795495
2026-02-21 18:15+01:00,40.073073
2026-02-21 18:30+01:00,27.137897
2026-02-21 18:45+01:00,19.605120
2026-02-21 19:00+01:00,34.133899
2026-02-21 19:15+01:00,21.220173
2026-02-21 19:30+01:00,14.288795
2026-02-21 19:45+01:00,30.463580
2026-02-21 20:00+01:00,27.234906
2026-02-21 20:15+01:00,12.249824
2026-02-21 20:30+01:00,
2026-02-21 20:45+01:00,36.892532
2026-02-21 21:00+01:00,31.754989
2026-02-21 21:15+01:00,15.889608
2026-02-21 21:30+01:00,29.139036
2026-02-21 21:45+01:00,
2026-02-21 22:00+01:00,39.643271
2026-02-21 22:15+01:00,17.591188
2026-02-21 22:30+01:00,24.942835
2026-02-21 22:45+01:00,27.294804
2026-02-21 23:00+01:00,22.552364
2026-02-21 23:15+01:00,39.390150
2026-02-21 23:30+01:00,13.596091
2026-02-21 23:45+01:00,5.394601
2026-02-22 00:00+01:00,27.167893
2026-02-22 00:15+01:00,14.511138
2026-02-22 00:30+01:00,30.398267
2026-02-22 00:45+01:00,15.895371
2026-02-22 01:00+01:00,46.244297
2026-02-22 01:15+01:00,28.829385
2026-02-22 01:30+01:00,22.878559
2026-02-22 01:45+01:00,30.559098
2026-02-22 02:00+01:00,15.610685
2026-02-22 02:15+01:00,31.022734
2026-02-22 02:30+01:00,19.705846
2026-02-22 02:45+01:00,17.285613
2026-02-22 03:00+01:00,29.615443
2026-02-22 03:15+01:00,33.030579
2026-02-22 03:30+01:00,14.008425
2026-02-22 03:45+01:00,23.795199
2026-02-22 04:00+01:00,12.378546
2026-02-22 04:15+01:00,32.060149
2026-02-22 04:30+01:00,39.641571
2026-02-22 04:45+01:00,19.073481
2026-02-22 05:00+01:00,25.103833
2026-02-22 05:15+01:00,20.590845
2026-02-22 05:30+01:00,26.658432
2026-02-22 05:45+01:00,28.256344
2026-02-22 06:00+01:00,25.810356
2026-02-22 06:15+01:00,33.636980
2026-02-22 06:30+01:00,18.694511
2026-02-22 06:45+01:00,37.074620
2026-02-22 07:00+01:00,16.656381
2026-02-22 07:15+01:00,21.336678
2026-02-22 07:30+01:00,35.105069
2026-02-22 07:45+01:00,18.815884
2026-02-22 08:00+01:00,24.170740
2026-02-22 08:15+01:00,24.786636
2026-02-22 08:30+01:00,31.047713
2026-02-22 08:45+01:00,34.195867
2026-02-22 09:00+01:00,22.855576
2026-02-22 09:15+01:00,22.874717
2026-02-22 09:30+01:00,39.255693
2026-02-22 09:45+01:00,37.459263
2026-02-22 10:00+01:00,29.725944
2026-02-22 10:15+01:00,20.007047
2026-02-22 10:30+01:00,31.824381
2026-02-22 10:45+01:00,33.656459
2026-02-22 11:00+01:00,
2026-02-22 11:15+01:00,28.522501
2026-02-22 11:30+01:00,12.455563
2026-02-22 11:45+01:00,25.414067
2026-02-22 12:00+01:00,24.373335
2026-02-22 12:15+01:00,20.077346
2026-02-22 12:30+01:00,25.917978
2026-02-22 12:45+01:00,19.800416
2026-02-22 13:00+01:00,32.155522
2026-02-22 13:15+01:00,31.054807
2026-02-22 13:30+01:00,13.467981
2026-02-22 13:45+01:00,27.865046
2026-02-22 14:00+01:00,23.397352
2026-02-22 14:15+01:00,33.192144
2026-02-22 14:30+01:00,28.686376
2026-02-22 14:45+01:00,14.252414
2026-02-22 15:00+01:00,9.416975
2026-02-22 15:15+01:00,35.448929
2026-02-22 15:30+01:00,37.230697
2026-02-22 15:45+01:00,30.344023
2026-02-22 16:00+01:00,
2026-02-22 16:15+01:00,28.801552
2026-02-22 16:30+01:00,28.410796
2026-02-22 16:45+01:00,34.684787
2026-02-22 17:00+01:00,29.335862
2026-02-22 17:15+01:00,34.041465
2026-02-22 17:30+01:00,
2026-02-22 17:45+01:00,23.272325
2026-02-22 18:00+01:00,30.893829
2026-02-22 18:15+01:00,29.798522
2026-02-22 18:30+01:00,33.818925
2026-02-22 18:45+01:00,25.810045
2026-02-22 19:00+01:00,22.230300
2026-02-22 19:15+01:00,30.964650
2026-02-22 19:30+01:00,
2026-02-22 19:45+01:00,27.123608
2026-02-22 20:00+01:00,29.535865
2026-02-22 20:15+01:00,35.471542
2026-02-22 20:30+01:00,15.487217
2026-02-22 20:45+01:00,27.035696
2026-02-22 21:00+01:00,53.141794
2026-02-22 21:15+01:00,52.652859
2026-02-22 21:30+01:00,52.395347
2026-02-22 21:45+01:00,55.460752
2026-02-22 22:00+01:00,57.420617
2026-02-22 22:15+01:00,57.969965
2026-02-22 22:30+01:00,64.207104
2026-02-22 22:45+01:00,56.591634
2026-02-22 23:00+01:00,56.214480
2026-02-22 23:15+01:00,58.077460
2026-02-22 23:30+01:00,51.767747
2026-02-22 23:45+01:00,50.544610
2026-02-23 00:00+01:00,26.736109
2026-02-23 00:15+01:00,30.213761
2026-02-23 00:30+01:00,25.277373
2026-02-23 00:45+01:00,29.566064
2026-02-23 01:00+01:00,24.922332
2026-02-23 01:15+01:00,32.173961
2026-02-23 01:30+01:00,14.257881
2026-02-23 01:45+01:00,23.713764
2026-02-23 02:00+01:00,37.351584
2026-02-23 02:15+01:00,25.726007
2026-02-23 02:30+01:00,24.300197
2026-02-23 02:45+01:00,26.611760
2026-02-23 03:00+01:00,26.607210
2026-02-23 03:15+01:00,27.008900
2026-02-23 03:30+01:00,29.216786
2026-02-23 03:45+01:00,25.451507
2026-02-23 04:00+01:00,26.130486
2026-02-23 04:15+01:00,22.066648
2026-02-23 04:30+01:00,24.195672
2026-02-23 04:45+01:00,19.020353
2026-02-23 05:00+01:00,38.389329
2026-02-23 05:15+01:00,20.883333
2026-02-23 05:30+01:00,39.413841
2026-02-23 05:45+01:00,42.106047
2026-02-23 06:00+01:00,13.030604
2026-02-23 06:15+01:00,18.575974
2026-02-23 06:30+01:00,19.788776
2026-02-23 06:45+01:00,32.343676
2026-02-23 07:00+01:00,35.372748
2026-02-23 07:15+01:00,38.157133
2026-02-23 07:30+01:00,27.427440
2026-02-23 07:45+01:00,27.887118
2026-02-23 08:00+01:00,
2026-02-23 08:15+01:00,17.149289
2026-02-23 08:30+01:00,12.358483
2026-02-23 08:45+01:00,21.659716
2026-02-23 09:00+01:00,26.438232
2026-02-23 09:15+01:00,34.765626
2026-02-23 09:30+01:00,18.736220
2026-02-23 09:45+01:00,33.315392
2026-02-23 10:00+01:00,36.638444
2026-02-23 10:15+01:00,17.864695
2026-02-23 10:30+01:00,22.532653
2026-02-23 10:45+01:00,18.306063
2026-02-23 11:00+01:00,45.324758
2026-02-23 11:15+01:00,33.527762
2026-02-23 11:30+01:00,17.968772
2026-02-23 11:45+01:00,37.040045
2026-02-23 12:00+01:00,28.928483
2026-02-23 12:15+01:00,24.580532
2026-02-23 12:30+01:00,25.008041
2026-02-23 12:45+01:00,37.559681
2026-02-23 13:00+01:00,22.392540
2026-02-23 13:15+01:00,24.482647
2026-02-23 13:30+01:00,29.194972
2026-02-23 13:45+01:00,31.641179
2026-02-23 14:00+01:00,34.726441
2026-02-23 14:15+01:00,
2026-02-23 14:30+01:00,21.645566
2026-02-23 14:45+01:00,29.696328
2026-02-23 15:00+01:00,16.911565
2026-02-23 15:15+01:00,27.261943
2026-02-23 15:30+01:00,24.303944
2026-02-23 15:45+01:00,14.503084
2026-02-23 16:00+01:00,12.889013
2026-02-23 16:15+01:00,28.165588
2026-02-23 16:30+01:00,38.064098
2026-02-23 16:45+01:00,21.752807
2026-02-23 17:00+01:00,30.795144
2026-02-23 17:15+01:00,17.828846
2026-02-23 17:30+01:00,17.828740
2026-02-23 17:45+01:00,33.854331
2026-02-23 18:00+01:00,18.533442
2026-02-23 18:15+01:00,30.889277
2026-02-23 18:30+01:00,4.717142
2026-02-23 18:45+01:00,
2026-02-23 19:00+01:00,26.857098
2026-02-23 19:15+01:00,26.611366
2026-02-23 19:30+01:00,29.802700
2026-02-23 19:45+01:00,24.392852
2026-02-23 20:00+01:00,
2026-02-23 20:15+01:00,20.117140
2026-02-23 20:30+01:00,30.519162
2026-02-23 20:45+01:00,28.216025
2026-02-23 21:00+01:00,57.750586
2026-02-23 21:15+01:00,60.219633
2026-02-23 21:30+01:00,56.528438
2026-02-23 21:45+01:00,56.448344
2026-02-23 22:00+01:00,64.471572
2026-02-23 22:15+01:00,60.329275
2026-02-23 22:30+01:00,52.093934
2026-02-23 22:45+01:00,
2026-02-23 23:00+01:00,58.740852
2026-02-23 23:15+01:00,64.690103
2026-02-23 23:30+01:00,60.928121
2026-02-23 23:45+01:00,
2026-02-24 00:00+01:00,24.293838
2026-02-24 00:15+01:00,24.931200
2026-02-24 00:30+01:00,21.843381
2026-02-24 00:45+01:00,24.525058
2026-02-24 01:00+01:00,21.861039
2026-02-24 01:15+01:00,21.673289
2026-02-24 01:30+01:00,29.936937
2026-02-24 01:45+01:00,17.158305
2026-02-24 02:00+01:00,14.598423
2026-02-24 02:15+01:00,41.543781
2026-02-24 02:30+01:00,43.509786
2026-02-24 02:45+01:00,26.204698
2026-02-24 03:00+01:00,24.243931
2026-02-24 03:15+01:00,12.466290
2026-02-24 03:30+01:00,21.452440
2026-02-24 03:45+01:00,
2026-02-24 04:00+01:00,
2026-02-24 04:15+01:00,31.594908
2026-02-24 04:30+01:00,24.853614
2026-02-24 04:45+01:00,32.346559
2026-02-24 05:00+01:00,10.736044
2026-02-24 05:15+01:00,
2026-02-24 05:30+01:00,25.520221
2026-02-24 05:45+01:00,32.836293
2026-02-24 06:00+01:00,55.107149
2026-02-24 06:15+01:00,56.928704
2026-02-24 06:30+01:00,58.115880
2026-02-24 06:45+01:00,53.029384
2026-02-24 07:00+01:00,50.437587
2026-02-24 07:15+01:00,54.207832
2026-02-24 07:30+01:00,63.163267
2026-02-24 07:45+01:00,
2026-02-24 08:00+01:00,61.640012
2026-02-24 08:15+01:00,56.695708
2026-02-24 08:30+01:00,44.366701
2026-02-24 08:45+01:00,54.806709
2026-02-24 09:00+01:00,50.765976
2026-02-24 09:15+01:00,56.543768
2026-02-24 09:30+01:00,63.149953
2026-02-24 09:45+01:00,50.732381
2026-02-24 10:00+01:00,59.960347
2026-02-24 10:15+01:00,54.614241
2026-02-24 10:30+01:00,57.163753
2026-02-24 10:45+01:00,52.479504
2026-02-24 11:00+01:00,51.802825
2026-02-24 11:15+01:00,58.767174
2026-02-24 11:30+01:00,61.309297
2026-02-24 11:45+01:00,61.513042
2026-02-24 12:00+01:00,32.966301
2026-02-24 12:15+01:00,19.341164
2026-02-24 12:30+01:00,30.676098
2026-02-24 12:45+01:00,21.412302
2026-02-24 13:00+01:00,19.485190
2026-02-24 13:15+01:00,38.563598
2026-02-24 13:30+01:00,39.706721
2026-02-24 13:45+01:00,21.781607
2026-02-24 14:00+01:00,34.782292
2026-02-24 14:15+01:00,11.391949
2026-02-24 14:30+01:00,27.995444
2026-02-24 14:45+01:00,23.508472
2026-02-24 15:00+01:00,16.243427
2026-02-24 15:15+01:00,23.462699
2026-02-24 15:30+01:00,28.691661
2026-02-24 15:45+01:00,12.456419
2026-02-24 16:00+01:00,22.314288
2026-02-24 16:15+01:00,21.539482
2026-02-24 16:30+01:00,37.428196
2026-02-24 16:45+01:00,30.900008
2026-02-24 17:00+01:00,41.554739
2026-02-24 17:15+01:00,21.748349
2026-02-24 17:30+01:00,21.946583
2026-02-24 17:45+01:00,36.577482
2026-02-24 18:00+01:00,
2026-02-24 18:15+01:00,52.279248
2026-02-24 18:30+01:00,56.054697
2026-02-24 18:45+01:00,
2026-02-24 19:00+01:00,57.702826
2026-02-24 19:15+01:00,58.341305
2026-02-24 19:30+01:00,51.157289
2026-02-24 19:45+01:00,
2026-02-24 20:00+01:00,53.085924
2026-02-24 20:15+01:00,51.294516
2026-02-24 20:30+01:00,57.999233
2026-02-24 20:45+01:00,50.743836
2026-02-24 21:00+01:00,58.447050
2026-02-24 21:15+01:00,54.811015
2026-02-24 21:30+01:00,54.853449
2026-02-24 21:45+01:00,60.892895
2026-02-24 22:00+01:00,26.040006
2026-02-24 22:15+01:00,26.806802
2026-02-24 22:30+01:00,10.899848
2026-02-24 22:45+01:00,18.837005
2026-02-24 23:00+01:00,37.284410
2026-02-24 23:15+01:00,22.160923
2026-02-24 23:30+01:00,14.132305
2026-02-24 23:45+01:00,34.535569
2026-02-25 00:00+01:00,21.152943
2026-02-25 00:15+01:00,56.660492
2026-02-25 00:30+01:00,56.681568
2026-02-25 00:45+01:00,61.110768
2026-02-25 01:00+01:00,56.295793
2026-02-25 01:15+01:00,61.407533
2026-02-25 01:30+01:00,57.605661
2026-02-25 01:45+01:00,53.975641
2026-02-25 02:00+01:00,60.547563
2026-02-25 02:15+01:00,54.293820
2026-02-25 02:30+01:00,59.483840
2026-02-25 02:45+01:00,53.466117
2026-02-25 03:00+01:00,16.887338
2026-02-25 03:15+01:00,18.411226
2026-02-25 03:30+01:00,17.207278
2026-02-25 03:45+01:00,15.081536
2026-02-25 04:00+01:00,24.449214
2026-02-25 04:15+01:00,23.665161
2026-02-25 04:30+01:00,17.033157
2026-02-25 04:45+01:00,25.924927
2026-02-25 05:00+01:00,8.105629
2026-02-25 05:15+01:00,
2026-02-25 05:30+01:00,30.072157
2026-02-25 05:45+01:00,32.523125
2026-02-25 06:00+01:00,26.034380
2026-02-25 06:15+01:00,33.066644
2026-02-25 06:30+01:00,29.275815
2026-02-25 06:45+01:00,27.771258
2026-02-25 07:00+01:00,25.021613
2026-02-25 07:15+01:00,22.483167
2026-02-25 07:30+01:00,30.917266
2026-02-25 07:45+01:00,29.690451
2026-02-25 08:00+01:00,31.515260
2026-02-25 08:15+01:00,31.799928
2026-02-25 08:30+01:00,20.404964
2026-02-25 08:45+01:00,31.991506
2026-02-25 09:00+01:00,23.597973
2026-02-25 09:15+01:00,19.755461
2026-02-25 09:30+01:00,33.530269
2026-02-25 09:45+01:00,14.143859
2026-02-25 10:00+01:00,27.886307
2026-02-25 10:15+01:00,22.452132
2026-02-25 10:30+01:00,26.954698
2026-02-25 10:45+01:00,33.424581
2026-02-25 11:00+01:00,29.174069
2026-02-25 11:15+01:00,27.802128
2026-02-25 11:30+01:00,10.195185
2026-02-25 11:45+01:00,27.727876
2026-02-25 12:00+01:00,29.902133
2026-02-25 12:15+01:00,34.678908
2026-02-25 12:30+01:00,26.712027
2026-02-25 12:45+01:00,22.734461
2026-02-25 13:00+01:00,36.756798
2026-02-25 13:15+01:00,22.712637
2026-02-25 13:30+01:00,22.011589
2026-02-25 13:45+01:00,19.321955
2026-02-25 14:00+01:00,
2026-02-25 14:15+01:00,28.693965
2026-02-25 14:30+01:00,16.907526
2026-02-25 14:45+01:00,38.737700
2026-02-25 15:00+01:00,32.718970
2026-02-25 15:15+01:00,12.455222
2026-02-25 15:30+01:00,22.619594
2026-02-25 15:45+01:00,22.031666
2026-02-25 16:00+01:00,26.369643
2026-02-25 16:15+01:00,7.195238
2026-02-25 16:30+01:00,35.281415
2026-02-25 16:45+01:00,19.127462
2026-02-25 17:00+01:00,20.097975
2026-02-25 17:15+01:00,19.329577
2026-02-25 17:30+01:00,27.875484
2026-02-25 17:45+01:00,
2026-02-25 18:00+01:00,30.316682
2026-02-25 18:15+01:00,15.562136
2026-02-25 18:30+01:00,36.030577
2026-02-25 18:45+01:00,37.020141
2026-02-25 19:00+01:00,23.206142
2026-02-25 19:15+01:00,28.833833
2026-02-25 19:30+01:00,34.049539
2026-02-25 19:45+01:00,27.374315
2026-02-25 20:00+01:00,35.622027
2026-02-25 20:15+01:00,29.808005
2026-02-25 20:30+01:00,24.701929
2026-02-25 20:45+01:00,23.443926
2026-02-25 21:00+01:00,26.157435
2026-02-25 21:15+01:00,22.270439
2026-02-25 21:30+01:00,34.210408
2026-02-25 21:45+01:00,22.353872
2026-02-25 22:00+01:00,17.877145
2026-02-25 22:15+01:00,20.873229
2026-02-25 22:30+01:00,30.142688
2026-02-25 22:45+01:00,
2026-02-25 23:00+01:00,33.887926
2026-02-25 23:15+01:00,23.354890
2026-02-25 23:30+01:00,21.898287
2026-02-25 23:45+01:00,23.156206
2026-02-26 00:00+01:00,56.785662
2026-02-26 00:15+01:00,29.259645
2026-02-26 00:30+01:00,30.396720
2026-02-26 00:45+01:00,29.117423
2026-02-26 01:00+01:00,13.761105
2026-02-26 01:15+01:00,21.138547
2026-02-26 01:30+01:00,24.083157
2026-02-26 01:45+01:00,25.007544
2026-02-26 02:00+01:00,16.397444
2026-02-26 02:15+01:00,28.762453
2026-02-26 02:30+01:00,25.197024
2026-02-26 02:45+01:00,
2026-02-26 03:00+01:00,200.581467
2026-02-26 03:15+01:00,37.959396
2026-02-26 03:30+01:00,31.016441
2026-02-26 03:45+01:00,23.397309
2026-02-26 04:00+01:00,27.992722
2026-02-26 04:15+01:00,32.345321
2026-02-26 04:30+01:00,26.444073
2026-02-26 04:45+01:00,18.446814
2026-02-26 05:00+01:00,23.887000
2026-02-26 05:15+01:00,28.634503
2026-02-26 05:30+01:00,31.605098
2026-02-26 05:45+01:00,27.395288
2026-02-26 06:00+01:00,66.048309
2026-02-26 06:15+01:00,55.678240
2026-02-26 06:30+01:00,59.638302
2026-02-26 06:45+01:00,53.239859
2026-02-26 07:00+01:00,61.527083
2026-02-26 07:15+01:00,52.916895
2026-02-26 07:30+01:00,56.336983
2026-02-26 07:45+01:00,55.023159
2026-02-26 08:00+01:00,58.400830
2026-02-26 08:15+01:00,56.017233
2026-02-26 08:30+01:00,56.758752
2026-02-26 08:45+01:00,56.793878
2026-02-26 09:00+01:00,56.271591
2026-02-26 09:15+01:00,61.466685
2026-02-26 09:30+01:00,50.733301
2026-02-26 09:45+01:00,64.379929
2026-02-26 10:00+01:00,26.399013
2026-02-26 10:15+01:00,32.703183
2026-02-26 10:30+01:00,9.835932
2026-02-26 10:45+01:00,
2026-02-26 11:00+01:00,30.500648
2026-02-26 11:15+01:00,27.554236
2026-02-26 11:30+01:00,34.023207
2026-02-26 11:45+01:00,38.144621
2026-02-26 12:00+01:00,9.207171
2026-02-26 12:15+01:00,28.031691
2026-02-26 12:30+01:00,17.428269
2026-02-26 12:45+01:00,32.407904
2026-02-26 13:00+01:00,13.100874
2026-02-26 13:15+01:00,20.946585
2026-02-26 13:30+01:00,11.701814
2026-02-26 13:45+01:00,30.166193
2026-02-26 14:00+01:00,32.353363
2026-02-26 14:15+01:00,22.798985
2026-02-26 14:30+01:00,34.297186
2026-02-26 14:45+01:00,18.684269
2026-02-26 15:00+01:00,17.867564
2026-02-26 15:15+01:00,24.804966
2026-02-26 15:30+01:00,23.258674
2026-02-26 15:45+01:00,20.161179
2026-02-26 16:00+01:00,24.728953
2026-02-26 16:15+01:00,24.855475
2026-02-26 16:30+01:00,31.858189
2026-02-26 16:45+01:00,21.928063
2026-02-26 17:00+01:00,22.800281
2026-02-26 17:15+01:00,29.014017
2026-02-26 17:30+01:00,33.608927
2026-02-26 17:45+01:00,14.303382
2026-02-26 18:00+01:00,27.097043
2026-02-26 18:15+01:00,17.315180
2026-02-26 18:30+01:00,18.899118
2026-02-26 18:45+01:00,
2026-02-26 19:00+01:00,25.438834
2026-02-26 19:15+01:00,24.686689
2026-02-26 19:30+01:00,29.605443
2026-02-26 19:45+01:00,
2026-02-26 20:00+01:00,36.551874
2026-02-26 20:15+01:00,32.130649
2026-02-26 20:30+01:00,27.630839
2026-02-26 20:45+01:00,
2026-02-26 21:00+01:00,29.174907
2026-02-26 21:15+01:00,14.604852
2026-02-26 21:30+01:00,31.108092
2026-02-26 21:45+01:00,27.207253
2026-02-26 22:00+01:00,33.504517
2026-02-26 22:15+01:00,22.683409
2026-02-26 22:30+01:00,27.654730
2026-02-26 22:45+01:00,32.705412
2026-02-26 23:00+01:00,21.169786
2026-02-26 23:15+01:00,26.755370
2026-02-26 23:30+01:00,32.954664
2026-02-26 23:45+01:00,18.446361
2026-02-27 00:00+01:00,31.623860
2026-02-27 00:15+01:00,31.021900
2026-02-27 00:30+01:00,18.243580
2026-02-27 00:45+01:00,37.440054
2026-02-27 01:00+01:00,27.795455
2026-02-27 01:15+01:00,20.491056
2026-02-27 01:30+01:00,34.594307
2026-02-27 01:45+01:00,32.905703
2026-02-27 02:00+01:00,30.526221
2026-02-27 02:15+01:00,18.670166
2026-02-27 02:30+01:00,26.033169
2026-02-27 02:45+01:00,33.066829
2026-02-27 03:00+01:00,53.606372
2026-02-27 03:15+01:00,54.617113
2026-02-27 03:30+01:00,55.805113
2026-02-27 03:45+01:00,52.055107
2026-02-27 04:00+01:00,
2026-02-27 04:15+01:00,54.769467
2026-02-27 04:30+01:00,52.479232
2026-02-27 04:45+01:00,56.149276
2026-02-27 05:00+01:00,55.924336
2026-02-27 05:15+01:00,54.106748
2026-02-27 05:30+01:00,60.439836
2026-02-27 05:45+01:00,59.793560
2026-02-27 06:00+01:00,56.930725
2026-02-27 06:15+01:00,56.682202
2026-02-27 06:30+01:00,46.915638
2026-02-27 06:45+01:00,56.169339
2026-02-27 07:00+01:00,44.225437
2026-02-27 07:15+01:00,30.644669
2026-02-27 07:30+01:00,26.202422
2026-02-27 07:45+01:00,38.527244
2026-02-27 08:00+01:00,31.202256
2026-02-27 08:15+01:00,18.964729
2026-02-27 08:30+01:00,24.695410
2026-02-27 08:45+01:00,21.746293
2026-02-27 09:00+01:00,32.082085
2026-02-27 09:15+01:00,35.090523
2026-02-27 09:30+01:00,23.701704
2026-02-27 09:45+01:00,28.329022
2026-02-27 10:00+01:00,6.806846
2026-02-27 10:15+01:00,32.481200
2026-02-27 10:30+01:00,
2026-02-27 10:45+01:00,22.335963
2026-02-27 11:00+01:00,20.478092
2026-02-27 11:15+01:00,33.138182
2026-02-27 11:30+01:00,27.815076
2026-02-27 11:45+01:00,22.449842
2026-02-27 12:00+01:00,35.074494
2026-02-27 12:15+01:00,24.464228
2026-02-27 12:30+01:00,24.956922
2026-02-27 12:45+01:00,17.093485
2026-02-27 13:00+01:00,48.998796
2026-02-27 13:15+01:00,55.180820
2026-02-27 13:30+01:00,56.017037
2026-02-27 13:45+01:00,49.311064
2026-02-27 14:00+01:00,50.376344
2026-02-27 14:15+01:00,53.601489
2026-02-27 14:30+01:00,56.133338
2026-02-27 14:45+01:00,58.423720
2026-02-27 15:00+01:00,62.894090
2026-02-27 15:15+01:00,53.726424
2026-02-27 15:30+01:00,59.666866
2026-02-27 15:45+01:00,59.013081
2026-02-27 16:00+01:00,15.483227
2026-02-27 16:15+01:00,23.578089
2026-02-27 16:30+01:00,18.613077
2026-02-27 16:45+01:00,33.086114
2026-02-27 17:00+01:00,24.854224
2026-02-27 17:15+01:00,40.994745
2026-02-27 17:30+01:00,20.853032
2026-02-27 17:45+01:00,10.852813
2026-02-27 18:00+01:00,14.058818
2026-02-27 18:15+01:00,24.688046
2026-02-27 18:30+01:00,29.118376
2026-02-27 18:45+01:00,26.539618
2026-02-27 19:00+01:00,29.969896
2026-02-27 19:15+01:00,12.392177
2026-02-27 19:30+01:00,29.346768
2026-02-27 19:45+01:00,31.900604
2026-02-27 20:00+01:00,23.700936
2026-02-27 20:15+01:00,39.824961
2026-02-27 20:30+01:00,8.625514
2026-02-27 20:45+01:00,17.341232
2026-02-27 21:00+01:00,27.291748
2026-02-27 21:15+01:00,18.344616
2026-02-27 21:30+01:00,19.250140
2026-02-27 21:45+01:00,25.617582
2026-02-27 22:00+01:00,14.861183
2026-02-27 22:15+01:00,34.305987
2026-02-27 22:30+01:00,37.408620
2026-02-27 22:45+01:00,24.611200
2026-02-27 23:00+01:00,41.594731
2026-02-27 23:15+01:00,29.959905
2026-02-27 23:30+01:00,14.427604
2026-02-27 23:45+01:00,18.241702
2026-02-28 00:00+01:00,27.565947
2026-02-28 00:15+01:00,22.563723
2026-02-28 00:30+01:00,23.471231
2026-02-28 00:45+01:00,17.728441
2026-02-28 01:00+01:00,32.227906
2026-02-28 01:15+01:00,34.282930
2026-02-28 01:30+01:00,26.641203
2026-02-28 01:45+01:00,20.011275
2026-02-28 02:00+01:00,18.121583
2026-02-28 02:15+01:00,30.635196
2026-02-28 02:30+01:00,22.529303
2026-02-28 02:45+01:00,41.014438
2026-02-28 03:00+01:00,56.336735
2026-02-28 03:15+01:00,59.140042
2026-02-28 03:30+01:00,53.937526
2026-02-28 03:45+01:00,
2026-02-28 04:00+01:00,50.062538
2026-02-28 04:15+01:00,55.390844
2026-02-28 04:30+01:00,50.835485
2026-02-28 04:45+01:00,45.452097
2026-02-28 05:00+01:00,52.739264
2026-02-28 05:15+01:00,55.741869
2026-02-28 05:30+01:00,57.965742
2026-02-28 05:45+01:00,59.186745
2026-02-28 06:00+01:00,58.400330
2026-02-28 06:15+01:00,52.309799
2026-02-28 06:30+01:00,53.407428
2026-02-28 06:45+01:00,57.814271
2026-02-28 07:00+01:00,58.814965
2026-02-28 07:15+01:00,59.047030
2026-02-28 07:30+01:00,58.236938
2026-02-28 07:45+01:00,61.120359
2026-02-28 08:00+01:00,55.623239
2026-02-28 08:15+01:00,58.527628
2026-02-28 08:30+01:00,52.938883
2026-02-28 08:45+01:00,54.363367
2026-02-28 09:00+01:00,23.487047
2026-02-28 09:15+01:00,
2026-02-28 09:30+01:00,25.733285
2026-02-28 09:45+01:00,28.791528
2026-02-28 10:00+01:00,30.463269
2026-02-28 10:15+01:00,29.142734
2026-02-28 10:30+01:00,33.823576
2026-02-28 10:45+01:00,33.484337
2026-02-28 11:00+01:00,27.711270
2026-02-28 11:15+01:00,15.142589
2026-02-28 11:30+01:00,25.334332
2026-02-28 11:45+01:00,32.550241
2026-02-28 12:00+01:00,20.551190
2026-02-28 12:15+01:00,23.795296
2026-02-28 12:30+01:00,18.468264
2026-02-28 12:45+01:00,32.805938
2026-02-28 13:00+01:00,35.428221
2026-02-28 13:15+01:00,
2026-02-28 13:30+01:00,39.875015
2026-02-28 13:45+01:00,20.091141
2026-02-28 14:00+01:00,24.308491
2026-02-28 14:15+01:00,18.890343
2026-02-28 14:30+01:00,24.477966
2026-02-28 14:45+01:00,29.257888
2026-02-28 15:00+01:00,27.495784
2026-02-28 15:15+01:00,23.719136
2026-02-28 15:30+01:00,16.307111
2026-02-28 15:45+01:00,14.616066
2026-02-28 16:00+01:00,21.387090
2026-02-28 16:15+01:00,21.408212
2026-02-28 16:30+01:00,27.864926
2026-02-28 16:45+01:00,29.864496
2026-02-28 17:00+01:00,14.817967
2026-02-28 17:15+01:00,22.599272
2026-02-28 17:30+01:00,33.055150
2026-02-28 17:45+01:00,21.149230
2026-02-28 18:00+01:00,30.574712
2026-02-28 18:15+01:00,41.746084
2026-02-28 18:30+01:00,33.743272
2026-02-28 18:45+01:00,28.439252
2026-02-28 19:00+01:00,26.800027
2026-02-28 19:15+01:00,21.201555
2026-02-28 19:30+01:00,
2026-02-28 19:45+01:00,35.070844
2026-02-28 20:00+01:00,31.300208
2026-02-28 20:15+01:00,20.771323
2026-02-28 20:30+01:00,26.023092
2026-02-28 20:45+01:00,
2026-02-28 21:00+01:00,54.068150
2026-02-28 21:15+01:00,55.818200
2026-02-28 21:30+01:00,57.801207
2026-02-28 21:45+01:00,66.959920
2026-02-28 22:00+01:00,60.539838
2026-02-28 22:15+01:00,56.459124
2026-02-28 22:30+01:00,177.341734
2026-02-28 22:45+01:00,60.096863
2026-02-28 23:00+01:00,63.022341
2026-02-28 23:15+01:00,56.894367
2026-02-28 23:30+01:00,55.901806
2026-02-28 23:45+01:00,51.577236
2026-03-01 00:00+01:00,26.208620
2026-03-01 00:15+01:00,31.604652
2026-03-01 00:30+01:00,21.142444
2026-03-01 00:45+01:00,23.505931
2026-03-01 01:00+01:00,34.642502
2026-03-01 01:15+01:00,27.635148
2026-03-01 01:30+01:00,15.071411
2026-03-01 01:45+01:00,25.837730
2026-03-01 02:00+01:00,19.579703
2026-03-01 02:15+01:00,30.285039
2026-03-01 02:30+01:00,22.434487
2026-03-01 02:45+01:00,34.074163
2026-03-01 03:00+01:00,16.735553
2026-03-01 03:15+01:00,17.224730
2026-03-01 03:30+01:00,16.054352
2026-03-01 03:45+01:00,30.509171
2026-03-01 04:00+01:00,31.392306
2026-03-01 04:15+01:00,22.255135
2026-03-01 04:30+01:00,17.064830
2026-03-01 04:45+01:00,30.941477
2026-03-01 05:00+01:00,20.844949
2026-03-01 05:15+01:00,39.948874
2026-03-01 05:30+01:00,
2026-03-01 05:45+01:00,33.531878
2026-03-01 06:00+01:00,26.278215
2026-03-01 06:15+01:00,34.259848
2026-03-01 06:30+01:00,26.549381
2026-03-01 06:45+01:00,20.327246
2026-03-01 07:00+01:00,19.490093
2026-03-01 07:15+01:00,35.072887
2026-03-01 07:30+01:00,29.203315
2026-03-01 07:45+01:00,20.401407
2026-03-01 08:00+01:00,28.745441
2026-03-01 08:15+01:00,22.948596
2026-03-01 08:30+01:00,19.638615
2026-03-01 08:45+01:00,21.982137
2026-03-01 09:00+01:00,55.294957
2026-03-01 09:15+01:00,55.459892
2026-03-01 09:30+01:00,52.005558
2026-03-01 09:45+01:00,54.177488
2026-03-01 10:00+01:00,59.201562
2026-03-01 10:15+01:00,61.390605
2026-03-01 10:30+01:00,
2026-03-01 10:45+01:00,54.755271
2026-03-01 11:00+01:00,51.469666
2026-03-01 11:15+01:00,49.285397
2026-03-01 11:30+01:00,58.642367
2026-03-01 11:45+01:00,56.826768
2026-03-01 12:00+01:00,53.409658
2026-03-01 12:15+01:00,
2026-03-01 12:30+01:00,51.402515
2026-03-01 12:45+01:00,57.793697
2026-03-01 13:00+01:00,57.778647
2026-03-01 13:15+01:00,54.623740
2026-03-01 13:30+01:00,61.602624
2026-03-01 13:45+01:00,65.818860
2026-03-01 14:00+01:00,59.964775
2026-03-01 14:15+01:00,54.251792
2026-03-01 14:30+01:00,55.534740
2026-03-01 14:45+01:00,57.046067
2026-03-01 15:00+01:00,
2026-03-01 15:15+01:00,22.422388
2026-03-01 15:30+01:00,25.894909
2026-03-01 15:45+01:00,18.577073
2026-03-01 16:00+01:00,27.692273
2026-03-01 16:15+01:00,36.614014
2026-03-01 16:30+01:00,28.513045
2026-03-01 16:45+01:00,22.187193
2026-03-01 17:00+01:00,30.532854
2026-03-01 17:15+01:00,26.810866
2026-03-01 17:30+01:00,34.667654
2026-03-01 17:45+01:00,22.843890
2026-03-01 18:00+01:00,30.910223
2026-03-01 18:15+01:00,27.879337
2026-03-01 18:30+01:00,35.916201
2026-03-01 18:45+01:00,35.049742
2026-03-01 19:00+01:00,37.277671
2026-03-01 19:15+01:00,27.541469
2026-03-01 19:30+01:00,29.370565
2026-03-01 19:45+01:00,37.575662
2026-03-01 20:00+01:00,38.240638
2026-03-01 20:15+01:00,12.927375
2026-03-01 20:30+01:00,25.555807
2026-03-01 20:45+01:00,20.265435
2026-03-01 21:00+01:00,26.085412
2026-03-01 21:15+01:00,20.110629
2026-03-01 21:30+01:00,
2026-03-01 21:45+01:00,22.013149
2026-03-01 22:00+01:00,25.641698
2026-03-01 22:15+01:00,12.711689
2026-03-01 22:30+01:00,28.204843
2026-03-01 22:45+01:00,
2026-03-01 23:00+01:00,25.224560
2026-03-01 23:15+01:00,30.697016
2026-03-01 23:30+01:00,26.819313
2026-03-01 23:45+01:00,41.822463
2026-03-02 00:00+01:00,36.005910
2026-03-02 00:15+01:00,21.264935
2026-03-02 00:30+01:00,19.439322
2026-03-02 00:45+01:00,19.518012
2026-03-02 01:00+01:00,32.338649
2026-03-02 01:15+01:00,26.452887
2026-03-02 01:30+01:00,23.321829
2026-03-02 01:45+01:00,
2026-03-02 02:00+01:00,14.293011
2026-03-02 02:15+01:00,39.448221
2026-03-02 02:30+01:00,35.957502
2026-03-02 02:45+01:00,
2026-03-02 03:00+01:00,27.606485
2026-03-02 03:15+01:00,37.821601
2026-03-02 03:30+01:00,24.761113
2026-03-02 03:45+01:00,22.437992
2026-03-02 04:00+01:00,24.649523
2026-03-02 04:15+01:00,33.468091
2026-03-02 04:30+01:00,29.714973
2026-03-02 04:45+01:00,26.347690
2026-03-02 05:00+01:00,30.510442
2026-03-02 05:15+01:00,
2026-03-02 05:30+01:00,23.630236
2026-03-02 05:45+01:00,27.258661
2026-03-02 06:00+01:00,24.948654
2026-03-02 06:15+01:00,21.817166
2026-03-02 06:30+01:00,30.648737
2026-03-02 06:45+01:00,35.598549
2026-03-02 07:00+01:00,37.256882
2026-03-02 07:15+01:00,23.185021
2026-03-02 07:30+01:00,36.696553
2026-03-02 07:45+01:00,33.268454
2026-03-02 08:00+01:00,31.400354
2026-03-02 08:15+01:00,22.899653
2026-03-02 08:30+01:00,28.022518
2026-03-02 08:45+01:00,26.883356
2026-03-02 09:00+01:00,15.722005
2026-03-02 09:15+01:00,30.121305
2026-03-02 09:30+01:00,27.962149
2026-03-02 09:45+01:00,
2026-03-02 10:00+01:00,24.419208
2026-03-02 10:15+01:00,35.732651
2026-03-02 10:30+01:00,30.008813
2026-03-02 10:45+01:00,38.388095
2026-03-02 11:00+01:00,21.415965
2026-03-02 11:15+01:00,45.170259
2026-03-02 11:30+01:00,25.176312
2026-03-02 11:45+01:00,30.861340
2026-03-02 12:00+01:00,24.658313
2026-03-02 12:15+01:00,29.626268
2026-03-02 12:30+01:00,31.932407
2026-03-02 12:45+01:00,35.251979
2026-03-02 13:00+01:00,22.209950
2026-03-02 13:15+01:00,47.207934
2026-03-02 13:30+01:00,
2026-03-02 13:45+01:00,17.860967
2026-03-02 14:00+01:00,
2026-03-02 14:15+01:00,
2026-03-02 14:30+01:00,29.922494
2026-03-02 14:45+01:00,24.294064
2026-03-02 15:00+01:00,58.366551
2026-03-02 15:15+01:00,54.806534
2026-03-02 15:30+01:00,55.418229
2026-03-02 15:45+01:00,53.010848
2026-03-02 16:00+01:00,57.237227
2026-03-02 16:15+01:00,56.313686
2026-03-02 16:30+01:00,58.063675
2026-03-02 16:45+01:00,61.945486
2026-03-02 17:00+01:00,57.538009
2026-03-02 17:15+01:00,60.240831
2026-03-02 17:30+01:00,50.388160
2026-03-02 17:45+01:00,57.960717
2026-03-02 18:00+01:00,56.350972
2026-03-02 18:15+01:00,55.392869
2026-03-02 18:30+01:00,54.782057
2026-03-02 18:45+01:00,60.191064
2026-03-02 19:00+01:00,51.346077
2026-03-02 19:15+01:00,61.358013
2026-03-02 19:30+01:00,54.986332
2026-03-02 19:45+01:00,59.366078
2026-03-02 20:00+01:00,48.124320
2026-03-02 20:15+01:00,50.683557
2026-03-02 20:30+01:00,57.861630
2026-03-02 20:45+01:00,55.168980
2026-03-02 21:00+01:00,27.767307
2026-03-02 21:15+01:00,22.164681
2026-03-02 21:30+01:00,36.205271
2026-03-02 21:45+01:00,20.870009
2026-03-02 22:00+01:00,29.135648
2026-03-02 22:15+01:00,31.231140
2026-03-02 22:30+01:00,19.657618
2026-03-02 22:45+01:00,32.808261
2026-03-02 23:00+01:00,33.723273
2026-03-02 23:15+01:00,26.074737
2026-03-02 23:30+01:00,32.745876
2026-03-02 23:45+01:00,32.232555
2026-03-03 00:00+01:00,18.955736
2026-03-03 00:15+01:00,12.767256
2026-03-03 00:30+01:00,34.825412
2026-03-03 00:45+01:00,15.286438
2026-03-03 01:00+01:00,28.224297
2026-03-03 01:15+01:00,30.749217
2026-03-03 01:30+01:00,17.036201
2026-03-03 01:45+01:00,30.356838
2026-03-03 02:00+01:00,15.406958
2026-03-03 02:15+01:00,36.584556
2026-03-03 02:30+01:00,13.433415
2026-03-03 02:45+01:00,32.096957
2026-03-03 03:00+01:00,23.975437
2026-03-03 03:15+01:00,21.101280
2026-03-03 03:30+01:00,34.980310
2026-03-03 03:45+01:00,30.294640
2026-03-03 04:00+01:00,21.088757
2026-03-03 04:15+01:00,24.453365
2026-03-03 04:30+01:00,38.833958
2026-03-03 04:45+01:00,16.640183
2026-03-03 05:00+01:00,17.469060
2026-03-03 05:15+01:00,32.557016
2026-03-03 05:30+01:00,34.136048
2026-03-03 05:45+01:00,17.050719
2026-03-03 06:00+01:00,33.319001
2026-03-03 06:15+01:00,32.723078
2026-03-03 06:30+01:00,31.101920
2026-03-03 06:45+01:00,27.365661
2026-03-03 07:00+01:00,26.126651
2026-03-03 07:15+01:00,20.467044
2026-03-03 07:30+01:00,23.738005
2026-03-03 07:45+01:00,23.016243
2026-03-03 08:00+01:00,
2026-03-03 08:15+01:00,21.257995
2026-03-03 08:30+01:00,31.774541
2026-03-03 08:45+01:00,26.596400
2026-03-03 09:00+01:00,61.136807
2026-03-03 09:15+01:00,57.488176
2026-03-03 09:30+01:00,55.812402
2026-03-03 09:45+01:00,
2026-03-03 10:00+01:00,57.912453
2026-03-03 10:15+01:00,61.271335
2026-03-03 10:30+01:00,55.106747
2026-03-03 10:45+01:00,61.366508
2026-03-03 11:00+01:00,61.412037
2026-03-03 11:15+01:00,55.872740
2026-03-03 11:30+01:00,59.557374
2026-03-03 11:45+01:00,50.498488
2026-03-03 12:00+01:00,55.839892
2026-03-03 12:15+01:00,51.847541
2026-03-03 12:30+01:00,50.859898
2026-03-03 12:45+01:00,55.436801
2026-03-03 13:00+01:00,59.430125
2026-03-03 13:15+01:00,58.982516
2026-03-03 13:30+01:00,52.831966
2026-03-03 13:45+01:00,53.720485
2026-03-03 14:00+01:00,51.704249
2026-03-03 14:15+01:00,53.367029
2026-03-03 14:30+01:00,56.551674
2026-03-03 14:45+01:00,369.404731
2026-03-03 15:00+01:00,134.518082
2026-03-03 15:15+01:00,30.033587
2026-03-03 15:30+01:00,22.863576
2026-03-03 15:45+01:00,26.478604
2026-03-03 16:00+01:00,29.495387
2026-03-03 16:15+01:00,15.471892
2026-03-03 16:30+01:00,14.540672
2026-03-03 16:45+01:00,17.067651
2026-03-03 17:00+01:00,27.107684
2026-03-03 17:15+01:00,15.556010
2026-03-03 17:30+01:00,
2026-03-03 17:45+01:00,28.133050
2026-03-03 18:00+01:00,19.981991
2026-03-03 18:15+01:00,35.532539
2026-03-03 18:30+01:00,29.203123
2026-03-03 18:45+01:00,29.457916
2026-03-03 19:00+01:00,22.649572
2026-03-03 19:15+01:00,18.553804
2026-03-03 19:30+01:00,28.690813
2026-03-03 19:45+01:00,23.470093
2026-03-03 20:00+01:00,
2026-03-03 20:15+01:00,25.652684
2026-03-03 20:30+01:00,26.867784
2026-03-03 20:45+01:00,33.936721
2026-03-03 21:00+01:00,
2026-03-03 21:15+01:00,17.848635
2026-03-03 21:30+01:00,32.464962
2026-03-03 21:45+01:00,33.698272
2026-03-03 22:00+01:00,35.168358
2026-03-03 22:15+01:00,28.725452
2026-03-03 22:30+01:00,22.563530
2026-03-03 22:45+01:00,31.054077
2026-03-03 23:00+01:00,33.355486
2026-03-03 23:15+01:00,24.964802
2026-03-03 23:30+01:00,19.803364
2026-03-03 23:45+01:00,16.279542
2026-03-04 00:00+01:00,27.171942
2026-03-04 00:15+01:00,37.195318
2026-03-04 00:30+01:00,22.469346
2026-03-04 00:45+01:00,22.503769
2026-03-04 01:00+01:00,
2026-03-04 01:15+01:00,33.674030
2026-03-04 01:30+01:00,26.908105
2026-03-04 01:45+01:00,22.126531
2026-03-04 02:00+01:00,37.756461
2026-03-04 02:15+01:00,24.555613
2026-03-04 02:30+01:00,26.781343
2026-03-04 02:45+01:00,
2026-03-04 03:00+01:00,35.694260
2026-03-04 03:15+01:00,10.917425
2026-03-04 03:30+01:00,27.642468
2026-03-04 03:45+01:00,24.882069
2026-03-04 04:00+01:00,15.661879
2026-03-04 04:15+01:00,25.958640
2026-03-04 04:30+01:00,27.603953
2026-03-04 04:45+01:00,32.456648
2026-03-04 05:00+01:00,53.707144
2026-03-04 05:15+01:00,52.868339
2026-03-04 05:30+01:00,
2026-03-04 05:45+01:00,
2026-03-04 06:00+01:00,52.238917
2026-03-04 06:15+01:00,53.656846
2026-03-04 06:30+01:00,56.723448
2026-03-04 06:45+01:00,57.987867
2026-03-04 07:00+01:00,55.959505
2026-03-04 07:15+01:00,57.372834
2026-03-04 07:30+01:00,62.506075
2026-03-04 07:45+01:00,50.140669
2026-03-04 08:00+01:00,58.425611
2026-03-04 08:15+01:00,60.055904
2026-03-04 08:30+01:00,
2026-03-04 08:45+01:00,60.259128
2026-03-04 09:00+01:00,61.568909
2026-03-04 09:15+01:00,49.955843
2026-03-04 09:30+01:00,52.953842
2026-03-04 09:45+01:00,52.013372
2026-03-04 10:00+01:00,57.883951
2026-03-04 10:15+01:00,58.480992
2026-03-04 10:30+01:00,
2026-03-04 10:45+01:00,62.329675
2026-03-04 11:00+01:00,19.382355
2026-03-04 11:15+01:00,26.551857
2026-03-04 11:30+01:00,19.550875
2026-03-04 11:45+01:00,23.337185
2026-03-04 12:00+01:00,10.753418
2026-03-04 12:15+01:00,16.031905
2026-03-04 12:30+01:00,36.601494
2026-03-04 12:45+01:00,37.079970
2026-03-04 13:00+01:00,26.518783
2026-03-04 13:15+01:00,32.791259
2026-03-04 13:30+01:00,25.079051
2026-03-04 13:45+01:00,27.825693
2026-03-04 14:00+01:00,25.011278
2026-03-04 14:15+01:00,29.555000
2026-03-04 14:30+01:00,29.308640
2026-03-04 14:45+01:00,14.675235
2026-03-04 15:00+01:00,23.569140
2026-03-04 15:15+01:00,30.938003
2026-03-04 15:30+01:00,27.710141
2026-03-04 15:45+01:00,16.631842
2026-03-04 16:00+01:00,27.082008
2026-03-04 16:15+01:00,19.608603
2026-03-04 16:30+01:00,13.802195
2026-03-04 16:45+01:00,15.212520
2026-03-04 17:00+01:00,29.644344
2026-03-04 17:15+01:00,24.932203
2026-03-04 17:30+01:00,26.423579
2026-03-04 17:45+01:00,16.886277
2026-03-04 18:00+01:00,27.647502
2026-03-04 18:15+01:00,17.242086
2026-03-04 18:30+01:00,20.990467
2026-03-04 18:45+01:00,32.898885
2026-03-04 19:00+01:00,32.437837
2026-03-04 19:15+01:00,18.272918
2026-03-04 19:30+01:00,15.751168
2026-03-04 19:45+01:00,43.365796
2026-03-04 20:00+01:00,27.728612
2026-03-04 20:15+01:00,27.688371
2026-03-04 20:30+01:00,36.186099
2026-03-04 20:45+01:00,34.252917
2026-03-04 21:00+01:00,25.253427
2026-03-04 21:15+01:00,25.076165
2026-03-04 21:30+01:00,26.844146
2026-03-04 21:45+01:00,
2026-03-04 22:00+01:00,32.720511
2026-03-04 22:15+01:00,17.656260
2026-03-04 22:30+01:00,17.292835
2026-03-04 22:45+01:00,20.167727
2026-03-04 23:00+01:00,23.711424
2026-03-04 23:15+01:00,19.129576
2026-03-04 23:30+01:00,32.048325
2026-03-04 23:45+01:00,25.540292
2026-03-05 00:00+01:00,15.385222
2026-03-05 00:15+01:00,19.857586
2026-03-05 00:30+01:00,14.024590
2026-03-05 00:45+01:00,34.414796
2026-03-05 01:00+01:00,27.567704
2026-03-05 01:15+01:00,24.008226
2026-03-05 01:30+01:00,24.001821
2026-03-05 01:45+01:00,23.180501
2026-03-05 02:00+01:00,13.516900
2026-03-05 02:15+01:00,21.379203
2026-03-05 02:30+01:00,21.472540
2026-03-05 02:45+01:00,26.030866
2026-03-05 03:00+01:00,29.384583
2026-03-05 03:15+01:00,21.733071
2026-03-05 03:30+01:00,26.857188
2026-03-05 03:45+01:00,32.406074
2026-03-05 04:00+01:00,38.645336
2026-03-05 04:15+01:00,22.254222
2026-03-05 04:30+01:00,29.796375
2026-03-05 04:45+01:00,27.808126
2026-03-05 05:00+01:00,32.462559
2026-03-05 05:15+01:00,25.064635
2026-03-05 05:30+01:00,38.472458
2026-03-05 05:45+01:00,22.418658
2026-03-05 06:00+01:00,35.223789
2026-03-05 06:15+01:00,31.459526
2026-03-05 06:30+01:00,33.189835
2026-03-05 06:45+01:00,26.539623
2026-03-05 07:00+01:00,27.402836
2026-03-05 07:15+01:00,16.637440
2026-03-05 07:30+01:00,28.194685
2026-03-05 07:45+01:00,
2026-03-05 08:00+01:00,18.117074
2026-03-05 08:15+01:00,12.957387
2026-03-05 08:30+01:00,27.535981
2026-03-05 08:45+01:00,45.702265
2026-03-05 09:00+01:00,22.992855
2026-03-05 09:15+01:00,33.874149
2026-03-05 09:30+01:00,
2026-03-05 09:45+01:00,27.190228
2026-03-05 10:00+01:00,26.332647
2026-03-05 10:15+01:00,35.349356
2026-03-05 10:30+01:00,31.640458
2026-03-05 10:45+01:00,18.949750
2026-03-05 11:00+01:00,22.519908
2026-03-05 11:15+01:00,33.911107
2026-03-05 11:30+01:00,
2026-03-05 11:45+01:00,21.600354
2026-03-05 12:00+01:00,21.903811
2026-03-05 12:15+01:00,21.068848
2026-03-05 12:30+01:00,16.796956
2026-03-05 12:45+01:00,19.743690
2026-03-05 13:00+01:00,21.091887
2026-03-05 13:15+01:00,29.457101
2026-03-05 13:30+01:00,24.470493
2026-03-05 13:45+01:00,30.487827
2026-03-05 14:00+01:00,26.953666
2026-03-05 14:15+01:00,32.000274
2026-03-05 14:30+01:00,25.839207
2026-03-05 14:45+01:00,28.064813
2026-03-05 15:00+01:00,22.629153
2026-03-05 15:15+01:00,26.590627
2026-03-05 15:30+01:00,37.919170
2026-03-05 15:45+01:00,27.166748
2026-03-05 16:00+01:00,25.580777
2026-03-05 16:15+01:00,19.005500
2026-03-05 16:30+01:00,33.809770
2026-03-05 16:45+01:00,25.830552
2026-03-05 17:00+01:00,29.496263
2026-03-05 17:15+01:00,19.672005
2026-03-05 17:30+01:00,14.478003
2026-03-05 17:45+01:00,29.760089
2026-03-05 18:00+01:00,13.224221
2026-03-05 18:15+01:00,15.817057
2026-03-05 18:30+01:00,19.347178
2026-03-05 18:45+01:00,22.034635
2026-03-05 19:00+01:00,25.769467
2026-03-05 19:15+01:00,
2026-03-05 19:30+01:00,24.540210
2026-03-05 19:45+01:00,20.543562
2026-03-05 20:00+01:00,12.876886
2026-03-05 20:15+01:00,18.509852
2026-03-05 20:30+01:00,37.053603
2026-03-05 20:45+01:00,31.854737
2026-03-05 21:00+01:00,54.210556
2026-03-05 21:15+01:00,55.209574
2026-03-05 21:30+01:00,56.055590
2026-03-05 21:45+01:00,58.390444
2026-03-05 22:00+01:00,61.279084
2026-03-05 22:15+01:00,56.690804
2026-03-05 22:30+01:00,58.207913
2026-03-05 22:45+01:00,56.445477
2026-03-05 23:00+01:00,55.938486
2026-03-05 23:15+01:00,55.167686
2026-03-05 23:30+01:00,59.710023
2026-03-05 23:45+01:00,52.140737
2026-03-06 00:00+01:00,28.333083
2026-03-06 00:15+01:00,28.660085
2026-03-06 00:30+01:00,14.091250
2026-03-06 00:45+01:00,26.225771
2026-03-06 01:00+01:00,37.175181
2026-03-06 01:15+01:00,36.894571
2026-03-06 01:30+01:00,27.478412
2026-03-06 01:45+01:00,23.857673
2026-03-06 02:00+01:00,24.334468
2026-03-06 02:15+01:00,45.978627
2026-03-06 02:30+01:00,27.405213
2026-03-06 02:45+01:00,34.725417
2026-03-06 03:00+01:00,25.448830
2026-03-06 03:15+01:00,35.820607
2026-03-06 03:30+01:00,37.713731
2026-03-06 03:45+01:00,28.902678
2026-03-06 04:00+01:00,28.907495
2026-03-06 04:15+01:00,32.834563
2026-03-06 04:30+01:00,33.739134
2026-03-06 04:45+01:00,18.444799
2026-03-06 05:00+01:00,14.807019
2026-03-06 05:15+01:00,24.539920
2026-03-06 05:30+01:00,24.716554
2026-03-06 05:45+01:00,20.468926
2026-03-06 06:00+01:00,33.972867
2026-03-06 06:15+01:00,20.855920
2026-03-06 06:30+01:00,27.187986
2026-03-06 06:45+01:00,30.879753
2026-03-06 07:00+01:00,16.975057
2026-03-06 07:15+01:00,33.487008
2026-03-06 07:30+01:00,27.448751
2026-03-06 07:45+01:00,27.492362
2026-03-06 08:00+01:00,27.770377
2026-03-06 08:15+01:00,16.104014
2026-03-06 08:30+01:00,32.664453
2026-03-06 08:45+01:00,
2026-03-06 09:00+01:00,16.832681
2026-03-06 09:15+01:00,22.050295
2026-03-06 09:30+01:00,15.965422
2026-03-06 09:45+01:00,24.981858
2026-03-06 10:00+01:00,28.953654
2026-03-06 10:15+01:00,23.806722
2026-03-06 10:30+01:00,26.896115
2026-03-06 10:45+01:00,26.422319
2026-03-06 11:00+01:00,14.884339
2026-03-06 11:15+01:00,
2026-03-06 11:30+01:00,43.043625
2026-03-06 11:45+01:00,22.855607
2026-03-06 12:00+01:00,30.831152
2026-03-06 12:15+01:00,35.515635
2026-03-06 12:30+01:00,40.398937
2026-03-06 12:45+01:00,25.374811
2026-03-06 13:00+01:00,22.799448
2026-03-06 13:15+01:00,22.676580
2026-03-06 13:30+01:00,30.373926
2026-03-06 13:45+01:00,22.712662
2026-03-06 14:00+01:00,23.022791
2026-03-06 14:15+01:00,25.812187
2026-03-06 14:30+01:00,31.228164
2026-03-06 14:45+01:00,37.798671
2026-03-06 15:00+01:00,52.660732
2026-03-06 15:15+01:00,62.454780
2026-03-06 15:30+01:00,63.625405
2026-03-06 15:45+01:00,61.974202
2026-03-06 16:00+01:00,49.885182
2026-03-06 16:15+01:00,51.179865
2026-03-06 16:30+01:00,48.654882
2026-03-06 16:45+01:00,55.336127
2026-03-06 17:00+01:00,52.893138
2026-03-06 17:15+01:00,56.349774
2026-03-06 17:30+01:00,54.320751
2026-03-06 17:45+01:00,46.879736
2026-03-06 18:00+01:00,58.052313
2026-03-06 18:15+01:00,59.535641
2026-03-06 18:30+01:00,52.464891
2026-03-06 18:45+01:00,52.681435
2026-03-06 19:00+01:00,25.884141
2026-03-06 19:15+01:00,26.383805
2026-03-06 19:30+01:00,24.577262
2026-03-06 19:45+01:00,23.961009
2026-03-06 20:00+01:00,31.056123
2026-03-06 20:15+01:00,34.637708
2026-03-06 20:30+01:00,38.320160
2026-03-06 20:45+01:00,12.918607
2026-03-06 21:00+01:00,
2026-03-06 21:15+01:00,21.695988
2026-03-06 21:30+01:00,26.961436
2026-03-06 21:45+01:00,24.680769
2026-03-06 22:00+01:00,36.359839
2026-03-06 22:15+01:00,29.393365
2026-03-06 22:30+01:00,39.907443
2026-03-06 22:45+01:00,26.842449
2026-03-06 23:00+01:00,19.016384
2026-03-06 23:15+01:00,31.013930
2026-03-06 23:30+01:00,35.173991
2026-03-06 23:45+01:00,27.608471
2026-03-07 00:00+01:00,29.980266
2026-03-07 00:15+01:00,43.004866
2026-03-07 00:30+01:00,15.824444
2026-03-07 00:45+01:00,22.666670
2026-03-07 01:00+01:00,14.940164
2026-03-07 01:15+01:00,15.338498
2026-03-07 01:30+01:00,29.086328
2026-03-07 01:45+01:00,26.141375
2026-03-07 02:00+01:00,30.638121
2026-03-07 02:15+01:00,
2026-03-07 02:30+01:00,31.186148
2026-03-07 02:45+01:00,29.401818
2026-03-07 03:00+01:00,27.051560
2026-03-07 03:15+01:00,
2026-03-07 03:30+01:00,24.291705
2026-03-07 03:45+01:00,31.181779
2026-03-07 04:00+01:00,27.538398
2026-03-07 04:15+01:00,33.927385
2026-03-07 04:30+01:00,24.096247
2026-03-07 04:45+01:00,21.148094
2026-03-07 05:00+01:00,35.801328
2026-03-07 05:15+01:00,34.854112
2026-03-07 05:30+01:00,25.028165
2026-03-07 05:45+01:00,16.564265
2026-03-07 06:00+01:00,
2026-03-07 06:15+01:00,28.874281
2026-03-07 06:30+01:00,20.472995
2026-03-07 06:45+01:00,30.392206
2026-03-07 07:00+01:00,24.407645
2026-03-07 07:15+01:00,21.537823
2026-03-07 07:30+01:00,26.598656
2026-03-07 07:45+01:00,36.388220
2026-03-07 08:00+01:00,23.336844
2026-03-07 08:15+01:00,19.112289
2026-03-07 08:30+01:00,16.494051
2026-03-07 08:45+01:00,33.800897
2026-03-07 09:00+01:00,15.762982
2026-03-07 09:15+01:00,32.241267
2026-03-07 09:30+01:00,24.735993
2026-03-07 09:45+01:00,25.235291
2026-03-07 10:00+01:00,28.503704
2026-03-07 10:15+01:00,22.818085
2026-03-07 10:30+01:00,17.422734
2026-03-07 10:45+01:00,22.437932
2026-03-07 11:00+01:00,22.783509
2026-03-07 11:15+01:00,20.797908
2026-03-07 11:30+01:00,19.482817
2026-03-07 11:45+01:00,16.031396
2026-03-07 12:00+01:00,61.188273
2026-03-07 12:15+01:00,52.391108
2026-03-07 12:30+01:00,49.698921
2026-03-07 12:45+01:00,54.608254
2026-03-07 13:00+01:00,56.810230
2026-03-07 13:15+01:00,
2026-03-07 13:30+01:00,59.065455
2026-03-07 13:45+01:00,58.257614
2026-03-07 14:00+01:00,64.893665
2026-03-07 14:15+01:00,50.658313
2026-03-07 14:30+01:00,61.192150
2026-03-07 14:45+01:00,55.418293
2026-03-07 15:00+01:00,63.131701
2026-03-07 15:15+01:00,56.304720
2026-03-07 15:30+01:00,62.662423
2026-03-07 15:45+01:00,52.092081
2026-03-07 16:00+01:00,58.035661
2026-03-07 16:15+01:00,54.571256
2026-03-07 16:30+01:00,59.691620
2026-03-07 16:45+01:00,61.815121
2026-03-07 17:00+01:00,53.719338
2026-03-07 17:15+01:00,51.351816
2026-03-07 17:30+01:00,55.363187
2026-03-07 17:45+01:00,59.031802
2026-03-07 18:00+01:00,16.438753
2026-03-07 18:15+01:00,27.826142
2026-03-07 18:30+01:00,16.779428
2026-03-07 18:45+01:00,23.921996
2026-03-07 19:00+01:00,18.689783
2026-03-07 19:15+01:00,21.267673
2026-03-07 19:30+01:00,29.810647
2026-03-07 19:45+01:00,32.510525
2026-03-07 20:00+01:00,23.194519
2026-03-07 20:15+01:00,35.719295
2026-03-07 20:30+01:00,19.432984
2026-03-07 20:45+01:00,24.934162
2026-03-07 21:00+01:00,26.693944
2026-03-07 21:15+01:00,22.067496
2026-03-07 21:30+01:00,
2026-03-07 21:45+01:00,24.192114
2026-03-07 22:00+01:00,31.081172
2026-03-07 22:15+01:00,
2026-03-07 22:30+01:00,28.680259
2026-03-07 22:45+01:00,
2026-03-07 23:00+01:00,4.928838
2026-03-07 23:15+01:00,
2026-03-07 23:30+01:00,32.412844
2026-03-07 23:45+01:00,28.961092
2026-03-08 00:00+01:00,31.966015
2026-03-08 00:15+01:00,61.186959
2026-03-08 00:30+01:00,58.681321
2026-03-08 00:45+01:00,54.805346
2026-03-08 01:00+01:00,57.870173
2026-03-08 01:15+01:00,60.093248
2026-03-08 01:30+01:00,53.777142
2026-03-08 01:45+01:00,54.522280
2026-03-08 02:00+01:00,55.452593
2026-03-08 02:15+01:00,61.742317
2026-03-08 02:30+01:00,55.919765
2026-03-08 02:45+01:00,56.507522
2026-03-08 03:00+01:00,55.974383
2026-03-08 03:15+01:00,58.365246
2026-03-08 03:30+01:00,58.936207
2026-03-08 03:45+01:00,57.198582
2026-03-08 04:00+01:00,58.913943
2026-03-08 04:15+01:00,63.716139
2026-03-08 04:30+01:00,56.097105
2026-03-08 04:45+01:00,50.281428
2026-03-08 05:00+01:00,0.000001
2026-03-08 05:15+01:00,
2026-03-08 05:30+01:00,28.766753
2026-03-08 05:45+01:00,33.193588
2026-03-08 06:00+01:00,27.974850
2026-03-08 06:15+01:00,22.811972
2026-03-08 06:30+01:00,17.048250
2026-03-08 06:45+01:00,22.294549
2026-03-08 07:00+01:00,31.878924
2026-03-08 07:15+01:00,
2026-03-08 07:30+01:00,15.309633
2026-03-08 07:45+01:00,30.264992
2026-03-08 08:00+01:00,38.056322
2026-03-08 08:15+01:00,34.440689
2026-03-08 08:30+01:00,21.634231
2026-03-08 08:45+01:00,30.064688
2026-03-08 09:00+01:00,29.243407
2026-03-08 09:15+01:00,29.069334
2026-03-08 09:30+01:00,14.266486
2026-03-08 09:45+01:00,26.064508
2026-03-08 10:00+01:00,27.434374
2026-03-08 10:15+01:00,14.865332
2026-03-08 10:30+01:00,24.664630
2026-03-08 10:45+01:00,27.626785
2026-03-08 11:00+01:00,26.545174
2026-03-08 11:15+01:00,19.417403
2026-03-08 11:30+01:00,
2026-03-08 11:45+01:00,13.631520
2026-03-08 12:00+01:00,
2026-03-08 12:15+01:00,25.883266
2026-03-08 12:30+01:00,24.750682
2026-03-08 12:45+01:00,23.989465
2026-03-08 13:00+01:00,5.445939
2026-03-08 13:15+01:00,22.822159
2026-03-08 13:30+01:00,16.972483
2026-03-08 13:45+01:00,
2026-03-08 14:00+01:00,21.215018
2026-03-08 14:15+01:00,37.240907
2026-03-08 14:30+01:00,29.452939
2026-03-08 14:45+01:00,21.627327
2026-03-08 15:00+01:00,56.976144
2026-03-08 15:15+01:00,61.322456
2026-03-08 15:30+01:00,48.108667
2026-03-08 15:45+01:00,52.322451
2026-03-08 16:00+01:00,56.344053
2026-03-08 16:15+01:00,56.760582
2026-03-08 16:30+01:00,54.805022
2026-03-08 16:45+01:00,59.134566
2026-03-08 17:00+01:00,59.834158
2026-03-08 17:15+01:00,
2026-03-08 17:30+01:00,59.661604
2026-03-08 17:45+01:00,60.681317
2026-03-08 18:00+01:00,50.532203
2026-03-08 18:15+01:00,50.168838
2026-03-08 18:30+01:00,56.154986
2026-03-08 18:45+01:00,54.237087
2026-03-08 19:00+01:00,61.475236
2026-03-08 19:15+01:00,56.460372
2026-03-08 19:30+01:00,
2026-03-08 19:45+01:00,61.676249
2026-03-08 20:00+01:00,53.954660
2026-03-08 20:15+01:00,
2026-03-08 20:30+01:00,
2026-03-08 20:45+01:00,62.974693
2026-03-08 21:00+01:00,22.791114
2026-03-08 21:15+01:00,37.343915
2026-03-08 21:30+01:00,22.160582
2026-03-08 21:45+01:00,17.468095
2026-03-08 22:00+01:00,19.151445
2026-03-08 22:15+01:00,
2026-03-08 22:30+01:00,20.784305
2026-03-08 22:45+01:00,21.125520
2026-03-08 23:00+01:00,22.649097
2026-03-08 23:15+01:00,37.574488
2026-03-08 23:30+01:00,29.222190
2026-03-08 23:45+01:00,20.937615
2026-03-09 00:00+01:00,56.129262
2026-03-09 00:15+01:00,27.412747
2026-03-09 00:30+01:00,16.344544
2026-03-09 00:45+01:00,31.128346
2026-03-09 01:00+01:00,34.386364
2026-03-09 01:15+01:00,30.565617
2026-03-09 01:30+01:00,28.060754
2026-03-09 01:45+01:00,28.226051
2026-03-09 02:00+01:00,
2026-03-09 02:15+01:00,31.608853
2026-03-09 02:30+01:00,17.986618
2026-03-09 02:45+01:00,35.425189
2026-03-09 03:00+01:00,27.354955
2026-03-09 03:15+01:00,111.504076
2026-03-09 03:30+01:00,9.301215
2026-03-09 03:45+01:00,19.947981
2026-03-09 04:00+01:00,28.345561
2026-03-09 04:15+01:00,29.218117
2026-03-09 04:30+01:00,
2026-03-09 04:45+01:00,15.002737
2026-03-09 05:00+01:00,21.650506
2026-03-09 05:15+01:00,37.279027
2026-03-09 05:30+01:00,18.430592
2026-03-09 05:45+01:00,27.447435
2026-03-09 06:00+01:00,
2026-03-09 06:15+01:00,25.915106
2026-03-09 06:30+01:00,36.183110
2026-03-09 06:45+01:00,17.406952
2026-03-09 07:00+01:00,16.543405
2026-03-09 07:15+01:00,17.534623
2026-03-09 07:30+01:00,19.028862
2026-03-09 07:45+01:00,18.541449
2026-03-09 08:00+01:00,
2026-03-09 08:15+01:00,23.105439
2026-03-09 08:30+01:00,25.561573
2026-03-09 08:45+01:00,39.471908
2026-03-09 09:00+01:00,17.582125
2026-03-09 09:15+01:00,26.429787
2026-03-09 09:30+01:00,28.736455
2026-03-09 09:45+01:00,25.960340
2026-03-09 10:00+01:00,30.069110
2026-03-09 10:15+01:00,12.769343
2026-03-09 10:30+01:00,18.960973
2026-03-09 10:45+01:00,36.139326
2026-03-09 11:00+01:00,44.117717
2026-03-09 11:15+01:00,28.131032
2026-03-09 11:30+01:00,18.524922
2026-03-09 11:45+01:00,24.861585
2026-03-09 12:00+01:00,51.950680
2026-03-09 12:15+01:00,56.034468
2026-03-09 12:30+01:00,55.996320
2026-03-09 12:45+01:00,56.374701
2026-03-09 13:00+01:00,55.374420
2026-03-09 13:15+01:00,56.800740
2026-03-09 13:30+01:00,57.845952
2026-03-09 13:45+01:00,60.684356
2026-03-09 14:00+01:00,55.549829
2026-03-09 14:15+01:00,58.720172
2026-03-09 14:30+01:00,61.208078
2026-03-09 14:45+01:00,55.097631
2026-03-09 15:00+01:00,34.454089
2026-03-09 15:15+01:00,45.088898
2026-03-09 15:30+01:00,16.296842
2026-03-09 15:45+01:00,32.529966
2026-03-09 16:00+01:00,31.167343
2026-03-09 16:15+01:00,30.840953
2026-03-09 16:30+01:00,14.960338
2026-03-09 16:45+01:00,21.853205
2026-03-09 17:00+01:00,29.745544
2026-03-09 17:15+01:00,31.394313
2026-03-09 17:30+01:00,32.174234
2026-03-09 17:45+01:00,23.803913
2026-03-09 18:00+01:00,28.071746
2026-03-09 18:15+01:00,36.561891
2026-03-09 18:30+01:00,26.936089
2026-03-09 18:45+01:00,39.169976
2026-03-09 19:00+01:00,30.259665
2026-03-09 19:15+01:00,28.088972
2026-03-09 19:30+01:00,27.190155
2026-03-09 19:45+01:00,29.370782
2026-03-09 20:00+01:00,33.769194
2026-03-09 20:15+01:00,24.152562
2026-03-09 20:30+01:00,11.913448
2026-03-09 20:45+01:00,38.081198
2026-03-09 21:00+01:00,23.993853
2026-03-09 21:15+01:00,31.285573
2026-03-09 21:30+01:00,36.271891
2026-03-09 21:45+01:00,29.314162
2026-03-09 22:00+01:00,25.351037
2026-03-09 22:15+01:00,10.041331
2026-03-09 22:30+01:00,42.426847
2026-03-09 22:45+01:00,31.584623
2026-03-09 23:00+01:00,33.152985
2026-03-09 23:15+01:00,29.564764
2026-03-09 23:30+01:00,37.240950
2026-03-09 23:45+01:00,24.435405
2026-03-10 00:00+01:00,23.302992
2026-03-10 00:15+01:00,36.660483
2026-03-10 00:30+01:00,23.733348
2026-03-10 00:45+01:00,24.343254
2026-03-10 01:00+01:00,22.660072
2026-03-10 01:15+01:00,27.051263
2026-03-10 01:30+01:00,33.186047
2026-03-10 01:45+01:00,24.730502
2026-03-10 02:00+01:00,25.499075
2026-03-10 02:15+01:00,23.482524
2026-03-10 02:30+01:00,25.034586
2026-03-10 02:45+01:00,21.595460
2026-03-10 03:00+01:00,24.502616
2026-03-10 03:15+01:00,24.863835
2026-03-10 03:30+01:00,23.903700
2026-03-10 03:45+01:00,30.930712
2026-03-10 04:00+01:00,26.616065
2026-03-10 04:15+01:00,26.587433
2026-03-10 04:30+01:00,27.165763
2026-03-10 04:45+01:00,37.829942
2026-03-10 05:00+01:00,15.282202
2026-03-10 05:15+01:00,25.470806
2026-03-10 05:30+01:00,34.775742
2026-03-10 05:45+01:00,21.855831
2026-03-10 06:00+01:00,21.535563
2026-03-10 06:15+01:00,24.771729
2026-03-10 06:30+01:00,47.269501
2026-03-10 06:45+01:00,18.977410
2026-03-10 07:00+01:00,24.709449
2026-03-10 07:15+01:00,22.824840
2026-03-10 07:30+01:00,21.289958
2026-03-10 07:45+01:00,30.573141
2026-03-10 08:00+01:00,30.982649
2026-03-10 08:15+01:00,13.389179
2026-03-10 08:30+01:00,38.460211
2026-03-10 08:45+01:00,30.137165
2026-03-10 09:00+01:00,29.496222
2026-03-10 09:15+01:00,35.586681
2026-03-10 09:30+01:00,22.855255
2026-03-10 09:45+01:00,14.942414
2026-03-10 10:00+01:00,22.356902
2026-03-10 10:15+01:00,33.918407
2026-03-10 10:30+01:00,23.751758
2026-03-10 10:45+01:00,28.527730
2026-03-10 11:00+01:00,32.627437
2026-03-10 11:15+01:00,21.310237
2026-03-10 11:30+01:00,26.117315
2026-03-10 11:45+01:00,38.018187
2026-03-10 12:00+01:00,30.917150
2026-03-10 12:15+01:00,33.706685
2026-03-10 12:30+01:00,44.997705
2026-03-10 12:45+01:00,11.731092
2026-03-10 13:00+01:00,26.243967
2026-03-10 13:15+01:00,37.156167
2026-03-10 13:30+01:00,35.420996
2026-03-10 13:45+01:00,24.860263
2026-03-10 14:00+01:00,16.541464
2026-03-10 14:15+01:00,12.358744
2026-03-10 14:30+01:00,32.906914
2026-03-10 14:45+01:00,28.328311
2026-03-10 15:00+01:00,39.453517
2026-03-10 15:15+01:00,38.328405
2026-03-10 15:30+01:00,13.912511
2026-03-10 15:45+01:00,42.764454
2026-03-10 16:00+01:00,25.563844
2026-03-10 16:15+01:00,27.746388
2026-03-10 16:30+01:00,35.907549
2026-03-10 16:45+01:00,15.111409
2026-03-10 17:00+01:00,21.371290
2026-03-10 17:15+01:00,40.584030
2026-03-10 17:30+01:00,27.389106
2026-03-10 17:45+01:00,32.879196
2026-03-10 18:00+01:00,53.384001
2026-03-10 18:15+01:00,54.893410
2026-03-10 18:30+01:00,56.837699
2026-03-10 18:45+01:00,58.206978
2026-03-10 19:00+01:00,58.242084
2026-03-10 19:15+01:00,61.861800
2026-03-10 19:30+01:00,46.096775
2026-03-10 19:45+01:00,62.574233
2026-03-10 20:00+01:00,60.260708
2026-03-10 20:15+01:00,52.638318
2026-03-10 20:30+01:00,60.062817
2026-03-10 20:45+01:00,59.656975
2026-03-10 21:00+01:00,57.637632
2026-03-10 21:15+01:00,51.770376
2026-03-10 21:30+01:00,61.636395
2026-03-10 21:45+01:00,57.720131
2026-03-10 22:00+01:00,59.995644
2026-03-10 22:15+01:00,59.981896
2026-03-10 22:30+01:00,58.206044
2026-03-10 22:45+01:00,54.271546
2026-03-10 23:00+01:00,54.608180
2026-03-10 23:15+01:00,55.554893
2026-03-10 23:30+01:00,58.009162
2026-03-10 23:45+01:00,57.960976
2026-03-11 00:00+01:00,
2026-03-11 00:15+01:00,15.237297
2026-03-11 00:30+01:00,29.230202
2026-03-11 00:45+01:00,9.659001
2026-03-11 01:00+01:00,28.300385
2026-03-11 01:15+01:00,13.362611
2026-03-11 01:30+01:00,30.155892
2026-03-11 01:45+01:00,18.197542
2026-03-11 02:00+01:00,24.288277
2026-03-11 02:15+01:00,27.297964
2026-03-11 02:30+01:00,22.982866
2026-03-11 02:45+01:00,30.444307
2026-03-11 03:00+01:00,54.745792
2026-03-11 03:15+01:00,55.166853
2026-03-11 03:30+01:00,57.128689
2026-03-11 03:45+01:00,51.925969
2026-03-11 04:00+01:00,54.350694
2026-03-11 04:15+01:00,56.598608
2026-03-11 04:30+01:00,56.480115
2026-03-11 04:45+01:00,54.853564
2026-03-11 05:00+01:00,55.414236
2026-03-11 05:15+01:00,57.117365
2026-03-11 05:30+01:00,59.102997
2026-03-11 05:45+01:00,57.317218
2026-03-11 06:00+01:00,56.302618
2026-03-11 06:15+01:00,55.068149
2026-03-11 06:30+01:00,56.227207
2026-03-11 06:45+01:00,56.826847
2026-03-11 07:00+01:00,31.294436
2026-03-11 07:15+01:00,20.723444
2026-03-11 07:30+01:00,26.656344
2026-03-11 07:45+01:00,31.458517
2026-03-11 08:00+01:00,15.054008
2026-03-11 08:15+01:00,29.058076
2026-03-11 08:30+01:00,28.152013
2026-03-11 08:45+01:00,30.521438
2026-03-11 09:00+01:00,27.542821
2026-03-11 09:15+01:00,13.829951
2026-03-11 09:30+01:00,43.541457
2026-03-11 09:45+01:00,25.465274
2026-03-11 10:00+01:00,32.882850
2026-03-11 10:15+01:00,38.639015
2026-03-11 10:30+01:00,18.416935
2026-03-11 10:45+01:00,25.519530
2026-03-11 11:00+01:00,35.790153
2026-03-11 11:15+01:00,15.075609
2026-03-11 11:30+01:00,43.837989
2026-03-11 11:45+01:00,17.141113
2026-03-11 12:00+01:00,41.861282
2026-03-11 12:15+01:00,18.522001
2026-03-11 12:30+01:00,36.501121
2026-03-11 12:45+01:00,33.636099
2026-03-11 13:00+01:00,27.934401
2026-03-11 13:15+01:00,44.355982
2026-03-11 13:30+01:00,28.440523
2026-03-11 13:45+01:00,28.478723
2026-03-11 14:00+01:00,27.810176
2026-03-11 14:15+01:00,20.941382
2026-03-11 14:30+01:00,49.235189
2026-03-11 14:45+01:00,32.188078
2026-03-11 15:00+01:00,19.762509
2026-03-11 15:15+01:00,34.165618
2026-03-11 15:30+01:00,37.896332
2026-03-11 15:45+01:00,30.685018
2026-03-11 16:00+01:00,33.934845
2026-03-11 16:15+01:00,19.729562
2026-03-11 16:30+01:00,35.076653
2026-03-11 16:45+01:00,29.908123
2026-03-11 17:00+01:00,40.278055
2026-03-11 17:15+01:00,26.253164
2026-03-11 17:30+01:00,36.243393
2026-03-11 17:45+01:00,29.212669
2026-03-11 18:00+01:00,26.033817
2026-03-11 18:15+01:00,31.952581
2026-03-11 18:30+01:00,34.170277
2026-03-11 18:45+01:00,8.308321
2026-03-11 19:00+01:00,29.181860
2026-03-11 19:15+01:00,25.801233
2026-03-11 19:30+01:00,23.282942
2026-03-11 19:45+01:00,26.561432
2026-03-11 20:00+01:00,43.357006
2026-03-11 20:15+01:00,29.763721
2026-03-11 20:30+01:00,41.131726
2026-03-11 20:45+01:00,24.136832
2026-03-11 21:00+01:00,25.829115
2026-03-11 21:15+01:00,30.018587
2026-03-11 21:30+01:00,25.696875
2026-03-11 21:45+01:00,21.789377
2026-03-11 22:00+01:00,17.321453
2026-03-11 22:15+01:00,
2026-03-11 22:30+01:00,37.979740
2026-03-11 22:45+01:00,19.671453
2026-03-11 23:00+01:00,24.835720
2026-03-11 23:15+01:00,29.968105
2026-03-11 23:30+01:00,13.264150
2026-03-11 23:45+01:00,20.226045
2026-03-12 00:00+01:00,36.564070
2026-03-12 00:15+01:00,
2026-03-12 00:30+01:00,50.754498
2026-03-12 00:45+01:00,53.068646
2026-03-12 01:00+01:00,
2026-03-12 01:15+01:00,52.019912
2026-03-12 01:30+01:00,56.235674
2026-03-12 01:45+01:00,52.420926
2026-03-12 02:00+01:00,55.504496
2026-03-12 02:15+01:00,56.550575
2026-03-12 02:30+01:00,58.780403
2026-03-12 02:45+01:00,61.990576
2026-03-12 03:00+01:00,38.136628
2026-03-12 03:15+01:00,21.888924
2026-03-12 03:30+01:00,24.031076
2026-03-12 03:45+01:00,23.060902
2026-03-12 04:00+01:00,34.288414
2026-03-12 04:15+01:00,37.287092
2026-03-12 04:30+01:00,25.963389
2026-03-12 04:45+01:00,19.331057
2026-03-12 05:00+01:00,29.662851
2026-03-12 05:15+01:00,21.042212
2026-03-12 05:30+01:00,30.711594
2026-03-12 05:45+01:00,24.639401
2026-03-12 06:00+01:00,20.559449
2026-03-12 06:15+01:00,32.263893
2026-03-12 06:30+01:00,15.956531
2026-03-12 06:45+01:00,21.660509
2026-03-12 07:00+01:00,32.285193
2026-03-12 07:15+01:00,23.426432
2026-03-12 07:30+01:00,30.801962
2026-03-12 07:45+01:00,4.948322
2026-03-12 08:00+01:00,26.264637
2026-03-12 08:15+01:00,25.948536
2026-03-12 08:30+01:00,37.095443
2026-03-12 08:45+01:00,16.263096
2026-03-12 09:00+01:00,39.990422
2026-03-12 09:15+01:00,15.287697
2026-03-12 09:30+01:00,38.284557
2026-03-12 09:45+01:00,23.380823
2026-03-12 10:00+01:00,17.539485
2026-03-12 10:15+01:00,28.773143
2026-03-12 10:30+01:00,
2026-03-12 10:45+01:00,42.769028
2026-03-12 11:00+01:00,29.655649
2026-03-12 11:15+01:00,28.475743
2026-03-12 11:30+01:00,24.262017
2026-03-12 11:45+01:00,37.422431
2026-03-12 12:00+01:00,22.322257
2026-03-12 12:15+01:00,37.169143
2026-03-12 12:30+01:00,27.630636
2026-03-12 12:45+01:00,25.063374
2026-03-12 13:00+01:00,39.181941
2026-03-12 13:15+01:00,27.415979
2026-03-12 13:30+01:00,28.132945
2026-03-12 13:45+01:00,14.212225
2026-03-12 14:00+01:00,
2026-03-12 14:15+01:00,30.002742
2026-03-12 14:30+01:00,21.734883
2026-03-12 14:45+01:00,27.329128
2026-03-12 15:00+01:00,40.650521
2026-03-12 15:15+01:00,22.381011
2026-03-12 15:30+01:00,23.629200
2026-03-12 15:45+01:00,26.434909
2026-03-12 16:00+01:00,30.404021
2026-03-12 16:15+01:00,28.428852
2026-03-12 16:30+01:00,33.484697
2026-03-12 16:45+01:00,32.023192
2026-03-12 17:00+01:00,33.193992
2026-03-12 17:15+01:00,23.719057
2026-03-12 17:30+01:00,33.554856
2026-03-12 17:45+01:00,18.782713
2026-03-12 18:00+01:00,27.814908
2026-03-12 18:15+01:00,16.600874
2026-03-12 18:30+01:00,27.349981
2026-03-12 18:45+01:00,35.985195
2026-03-12 19:00+01:00,15.398883
2026-03-12 19:15+01:00,35.354103
2026-03-12 19:30+01:00,28.254965
2026-03-12 19:45+01:00,25.514033
2026-03-12 20:00+01:00,
2026-03-12 20:15+01:00,16.767637
2026-03-12 20:30+01:00,29.492381
2026-03-12 20:45+01:00,23.956518
2026-03-12 21:00+01:00,29.139349
2026-03-12 21:15+01:00,30.876077
2026-03-12 21:30+01:00,29.456230
2026-03-12 21:45+01:00,29.914408
2026-03-12 22:00+01:00,20.317338
2026-03-12 22:15+01:00,21.741407
2026-03-12 22:30+01:00,
2026-03-12 22:45+01:00,32.192780
2026-03-12 23:00+01:00,19.452156
2026-03-12 23:15+01:00,23.675219
2026-03-12 23:30+01:00,18.427433
2026-03-12 23:45+01:00,36.564813
2026-03-13 00:00+01:00,432.130189
2026-03-13 00:15+01:00,24.031905
2026-03-13 00:30+01:00,33.768769
2026-03-13 00:45+01:00,18.078254
2026-03-13 01:00+01:00,30.878526
2026-03-13 01:15+01:00,25.826281
2026-03-13 01:30+01:00,30.977276
2026-03-13 01:45+01:00,23.494780
2026-03-13 02:00+01:00,40.035046
2026-03-13 02:15+01:00,37.380300
2026-03-13 02:30+01:00,
2026-03-13 02:45+01:00,36.418522
2026-03-13 03:00+01:00,26.768494
2026-03-13 03:15+01:00,33.306920
2026-03-13 03:30+01:00,33.837070
2026-03-13 03:45+01:00,30.718360
2026-03-13 04:00+01:00,30.425482
2026-03-13 04:15+01:00,
2026-03-13 04:30+01:00,23.624552
2026-03-13 04:45+01:00,40.520088
2026-03-13 05:00+01:00,32.090597
2026-03-13 05:15+01:00,25.787628
2026-03-13 05:30+01:00,17.127359
2026-03-13 05:45+01:00,19.227450
2026-03-13 06:00+01:00,31.927941
2026-03-13 06:15+01:00,30.699820
2026-03-13 06:30+01:00,29.555572
2026-03-13 06:45+01:00,29.299555
2026-03-13 07:00+01:00,29.522082
2026-03-13 07:15+01:00,35.772721
2026-03-13 07:30+01:00,39.294914
2026-03-13 07:45+01:00,20.294977
2026-03-13 08:00+01:00,19.650956
2026-03-13 08:15+01:00,25.136082
2026-03-13 08:30+01:00,26.713578
2026-03-13 08:45+01:00,20.137937
2026-03-13 09:00+01:00,20.689137
2026-03-13 09:15+01:00,25.945491
2026-03-13 09:30+01:00,28.902766
2026-03-13 09:45+01:00,21.307951
2026-03-13 10:00+01:00,14.581917
2026-03-13 10:15+01:00,34.484297
2026-03-13 10:30+01:00,18.934616
2026-03-13 10:45+01:00,19.098136
2026-03-13 11:00+01:00,30.387381
2026-03-13 11:15+01:00,36.743584
2026-03-13 11:30+01:00,35.191216
2026-03-13 11:45+01:00,34.885124
2026-03-13 12:00+01:00,20.462016
2026-03-13 12:15+01:00,28.405325
2026-03-13 12:30+01:00,26.855228
2026-03-13 12:45+01:00,34.949085
2026-03-13 13:00+01:00,37.641221
2026-03-13 13:15+01:00,19.761480
2026-03-13 13:30+01:00,26.141481
2026-03-13 13:45+01:00,22.960512
2026-03-13 14:00+01:00,12.526632
2026-03-13 14:15+01:00,20.725076
2026-03-13 14:30+01:00,
2026-03-13 14:45+01:00,26.822939
2026-03-13 15:00+01:00,60.839409
2026-03-13 15:15+01:00,53.628927
2026-03-13 15:30+01:00,54.560312
2026-03-13 15:45+01:00,59.419399
2026-03-13 16:00+01:00,51.415951
2026-03-13 16:15+01:00,51.882582
2026-03-13 16:30+01:00,55.939358
2026-03-13 16:45+01:00,53.417134
2026-03-13 17:00+01:00,58.376646
2026-03-13 17:15+01:00,54.825966
2026-03-13 17:30+01:00,57.580895
2026-03-13 17:45+01:00,57.875769
2026-03-13 18:00+01:00,49.106555
2026-03-13 18:15+01:00,56.734098
2026-03-13 18:30+01:00,62.036588
2026-03-13 18:45+01:00,57.698988
2026-03-13 19:00+01:00,11.010369
2026-03-13 19:15+01:00,33.194255
2026-03-13 19:30+01:00,21.038399
2026-03-13 19:45+01:00,
2026-03-13 20:00+01:00,30.755583
2026-03-13 20:15+01:00,
2026-03-13 20:30+01:00,25.769960
2026-03-13 20:45+01:00,15.275266
2026-03-13 21:00+01:00,19.868865
2026-03-13 21:15+01:00,31.677663
2026-03-13 21:30+01:00,24.905675
2026-03-13 21:45+01:00,18.146685
2026-03-13 22:00+01:00,25.512911
2026-03-13 22:15+01:00,39.636220
2026-03-13 22:30+01:00,23.107434
2026-03-13 22:45+01:00,28.304346
2026-03-13 23:00+01:00,
2026-03-13 23:15+01:00,18.845351
2026-03-13 23:30+01:00,46.731131
2026-03-13 23:45+01:00,26.008329
2026-03-14 00:00+01:00,24.348090
2026-03-14 00:15+01:00,52.924143
2026-03-14 00:30+01:00,64.957455
2026-03-14 00:45+01:00,60.177364
2026-03-14 01:00+01:00,60.168907
2026-03-14 01:15+01:00,53.750480
2026-03-14 01:30+01:00,57.729679
2026-03-14 01:45+01:00,57.715384
2026-03-14 02:00+01:00,57.476271
2026-03-14 02:15+01:00,58.567088
2026-03-14 02:30+01:00,59.957411
2026-03-14 02:45+01:00,59.613338
2026-03-14 03:00+01:00,22.719806
2026-03-14 03:15+01:00,
2026-03-14 03:30+01:00,19.524623
2026-03-14 03:45+01:00,25.571047
2026-03-14 04:00+01:00,
2026-03-14 04:15+01:00,20.768674
2026-03-14 04:30+01:00,20.990061
2026-03-14 04:45+01:00,20.149677
2026-03-14 05:00+01:00,40.656722
2026-03-14 05:15+01:00,19.802915
2026-03-14 05:30+01:00,26.894157
2026-03-14 05:45+01:00,12.636113
2026-03-14 06:00+01:00,21.299342
2026-03-14 06:15+01:00,40.832659
2026-03-14 06:30+01:00,24.897965
2026-03-14 06:45+01:00,36.239259
2026-03-14 07:00+01:00,
2026-03-14 07:15+01:00,29.324598
2026-03-14 07:30+01:00,15.231282
2026-03-14 07:45+01:00,21.645592
2026-03-14 08:00+01:00,15.330208
2026-03-14 08:15+01:00,25.207179
2026-03-14 08:30+01:00,18.505509
2026-03-14 08:45+01:00,
2026-03-14 09:00+01:00,35.074829
2026-03-14 09:15+01:00,13.023584
2026-03-14 09:30+01:00,32.555920
2026-03-14 09:45+01:00,21.740581
2026-03-14 10:00+01:00,9.262542
2026-03-14 10:15+01:00,26.684095
2026-03-14 10:30+01:00,26.926643
2026-03-14 10:45+01:00,15.988753
2026-03-14 11:00+01:00,28.306880
2026-03-14 11:15+01:00,13.999317
2026-03-14 11:30+01:00,14.783308
2026-03-14 11:45+01:00,31.673190
2026-03-14 12:00+01:00,26.391320
2026-03-14 12:15+01:00,25.958423
2026-03-14 12:30+01:00,19.264360
2026-03-14 12:45+01:00,21.275064
2026-03-14 13:00+01:00,35.673967
2026-03-14 13:15+01:00,34.511790
2026-03-14 13:30+01:00,30.130306
2026-03-14 13:45+01:00,22.157855
2026-03-14 14:00+01:00,28.934281
2026-03-14 14:15+01:00,28.281683
2026-03-14 14:30+01:00,11.456911
2026-03-14 14:45+01:00,34.056443
2026-03-14 15:00+01:00,29.760126
2026-03-14 15:15+01:00,23.692774
2026-03-14 15:30+01:00,
2026-03-14 15:45+01:00,26.708082
2026-03-14 16:00+01:00,34.598279
2026-03-14 16:15+01:00,32.225216
2026-03-14 16:30+01:00,26.469119
2026-03-14 16:45+01:00,24.911150
2026-03-14 17:00+01:00,36.709475
2026-03-14 17:15+01:00,26.675949
2026-03-14 17:30+01:00,20.482276
2026-03-14 17:45+01:00,26.925954
2026-03-14 18:00+01:00,15.878886
2026-03-14 18:15+01:00,26.605237
2026-03-14 18:30+01:00,34.800972
2026-03-14 18:45+01:00,33.274356
2026-03-14 19:00+01:00,
2026-03-14 19:15+01:00,62.858909
2026-03-14 19:30+01:00,53.345534
2026-03-14 19:45+01:00,51.575840
2026-03-14 20:00+01:00,53.671216
2026-03-14 20:15+01:00,55.175621
2026-03-14 20:30+01:00,56.575100
2026-03-14 20:45+01:00,57.625756
2026-03-14 21:00+01:00,57.856308
2026-03-14 21:15+01:00,55.957811
2026-03-14 21:30+01:00,
2026-03-14 21:45+01:00,51.931767
2026-03-14 22:00+01:00,55.132684
2026-03-14 22:15+01:00,60.082382
2026-03-14 22:30+01:00,58.262629
2026-03-14 22:45+01:00,57.413389
2026-03-14 23:00+01:00,60.440139
2026-03-14 23:15+01:00,58.803856
2026-03-14 23:30+01:00,57.803742
2026-03-14 23:45+01:00,57.584850
2026-03-15 00:00+01:00,59.723735
2026-03-15 00:15+01:00,128.059445
2026-03-15 00:30+01:00,32.255382
2026-03-15 00:45+01:00,35.716903
2026-03-15 01:00+01:00,10.808714
2026-03-15 01:15+01:00,25.638452
2026-03-15 01:30+01:00,27.003270
2026-03-15 01:45+01:00,35.177341
2026-03-15 02:00+01:00,25.580079
2026-03-15 02:15+01:00,30.147672
2026-03-15 02:30+01:00,27.052312
2026-03-15 02:45+01:00,16.568320
2026-03-15 03:00+01:00,19.706514
2026-03-15 03:15+01:00,28.590951
2026-03-15 03:30+01:00,38.668581
2026-03-15 03:45+01:00,26.861720
2026-03-15 04:00+01:00,21.866312
2026-03-15 04:15+01:00,29.981807
2026-03-15 04:30+01:00,34.624186
2026-03-15 04:45+01:00,25.977650
2026-03-15 05:00+01:00,23.318046
2026-03-15 05:15+01:00,25.450005
2026-03-15 05:30+01:00,19.445542
2026-03-15 05:45+01:00,19.512377
2026-03-15 06:00+01:00,
2026-03-15 06:15+01:00,58.493508
2026-03-15 06:30+01:00,48.661430
2026-03-15 06:45+01:00,58.043982
2026-03-15 07:00+01:00,61.239506
2026-03-15 07:15+01:00,49.558939
2026-03-15 07:30+01:00,51.888679
2026-03-15 07:45+01:00,54.900163
2026-03-15 08:00+01:00,58.333666
2026-03-15 08:15+01:00,51.371167
2026-03-15 08:30+01:00,52.424522
2026-03-15 08:45+01:00,53.534042
2026-03-15 09:00+01:00,34.960609
2026-03-15 09:15+01:00,23.236614
2026-03-15 09:30+01:00,19.770837
2026-03-15 09:45+01:00,23.206656
2026-03-15 10:00+01:00,24.402348
2026-03-15 10:15+01:00,22.722143
2026-03-15 10:30+01:00,30.055809
2026-03-15 10:45+01:00,11.132082
2026-03-15 11:00+01:00,27.028928
2026-03-15 11:15+01:00,19.982136
2026-03-15 11:30+01:00,
2026-03-15 11:45+01:00,18.743654
2026-03-15 12:00+01:00,19.290735
2026-03-15 12:15+01:00,
2026-03-15 12:30+01:00,29.182799
2026-03-15 12:45+01:00,19.381322
2026-03-15 13:00+01:00,35.914014
2026-03-15 13:15+01:00,23.456403
2026-03-15 13:30+01:00,29.769602
2026-03-15 13:45+01:00,35.647634
2026-03-15 14:00+01:00,
2026-03-15 14:15+01:00,26.869239
2026-03-15 14:30+01:00,27.165735
2026-03-15 14:45+01:00,20.481144
2026-03-15 15:00+01:00,10.279235
2026-03-15 15:15+01:00,22.929715
2026-03-15 15:30+01:00,34.572658
2026-03-15 15:45+01:00,17.188929
2026-03-15 16:00+01:00,14.795547
2026-03-15 16:15+01:00,27.204154
2026-03-15 16:30+01:00,26.843111
2026-03-15 16:45+01:00,25.513187
2026-03-15 17:00+01:00,20.639027
2026-03-15 17:15+01:00,33.513847
2026-03-15 17:30+01:00,9.134923
2026-03-15 17:45+01:00,29.374456
2026-03-15 18:00+01:00,29.537420
2026-03-15 18:15+01:00,13.355311
2026-03-15 18:30+01:00,25.067296
2026-03-15 18:45+01:00,22.923503
2026-03-15 19:00+01:00,13.478420
2026-03-15 19:15+01:00,22.355227
2026-03-15 19:30+01:00,
2026-03-15 19:45+01:00,20.549857
2026-03-15 20:00+01:00,30.444894
2026-03-15 20:15+01:00,23.243820
2026-03-15 20:30+01:00,24.872851
2026-03-15 20:45+01:00,21.438818
2026-03-15 21:00+01:00,28.676890
2026-03-15 21:15+01:00,23.723904
2026-03-15 21:30+01:00,30.228555
2026-03-15 21:45+01:00,31.163907
2026-03-15 22:00+01:00,20.634906
2026-03-15 22:15+01:00,22.120985
2026-03-15 22:30+01:00,16.996646
2026-03-15 22:45+01:00,27.332535
2026-03-15 23:00+01:00,28.684748
2026-03-15 23:15+01:00,27.149151
2026-03-15 23:30+01:00,23.668548
2026-03-15 23:45+01:00,24.873447
2026-03-16 00:00+01:00,20.647834
2026-03-16 00:15+01:00,37.842062
2026-03-16 00:30+01:00,33.943311
2026-03-16 00:45+01:00,28.305001
2026-03-16 01:00+01:00,27.990316
2026-03-16 01:15+01:00,16.672044
2026-03-16 01:30+01:00,27.140579
2026-03-16 01:45+01:00,30.771599
2026-03-16 02:00+01:00,24.154470
2026-03-16 02:15+01:00,23.017376
2026-03-16 02:30+01:00,28.491729
2026-03-16 02:45+01:00,21.549915
2026-03-16 03:00+01:00,54.127909
2026-03-16 03:15+01:00,60.996736
2026-03-16 03:30+01:00,54.911855
2026-03-16 03:45+01:00,56.283196
2026-03-16 04:00+01:00,52.679232
2026-03-16 04:15+01:00,56.580660
2026-03-16 04:30+01:00,57.086527
2026-03-16 04:45+01:00,59.886658
2026-03-16 05:00+01:00,59.041575
2026-03-16 05:15+01:00,54.090702
2026-03-16 05:30+01:00,55.648043
2026-03-16 05:45+01:00,55.361993
2026-03-16 06:00+01:00,14.805508
2026-03-16 06:15+01:00,27.271387
2026-03-16 06:30+01:00,35.648536
2026-03-16 06:45+01:00,27.402180
2026-03-16 07:00+01:00,28.922811
2026-03-16 07:15+01:00,25.060105
2026-03-16 07:30+01:00,23.686307
2026-03-16 07:45+01:00,41.039895
2026-03-16 08:00+01:00,25.399674
2026-03-16 08:15+01:00,25.006333
2026-03-16 08:30+01:00,33.216445
2026-03-16 08:45+01:00,31.687968
2026-03-16 09:00+01:00,
2026-03-16 09:15+01:00,26.635546
2026-03-16 09:30+01:00,23.182742
2026-03-16 09:45+01:00,37.485759
2026-03-16 10:00+01:00,32.738240
2026-03-16 10:15+01:00,
2026-03-16 10:30+01:00,
2026-03-16 10:45+01:00,27.649090
2026-03-16 11:00+01:00,24.350251
2026-03-16 11:15+01:00,13.759336
2026-03-16 11:30+01:00,31.158664
2026-03-16 11:45+01:00,39.324131
2026-03-16 12:00+01:00,26.637201
2026-03-16 12:15+01:00,27.266687
2026-03-16 12:30+01:00,14.662359
2026-03-16 12:45+01:00,32.419740
2026-03-16 13:00+01:00,36.735255
2026-03-16 13:15+01:00,10.563859
2026-03-16 13:30+01:00,37.616486
2026-03-16 13:45+01:00,33.283455
2026-03-16 14:00+01:00,18.028140
2026-03-16 14:15+01:00,24.643673
2026-03-16 14:30+01:00,25.680572
2026-03-16 14:45+01:00,28.984740
2026-03-16 15:00+01:00,30.643978
2026-03-16 15:15+01:00,28.911140
2026-03-16 15:30+01:00,26.194879
2026-03-16 15:45+01:00,22.209597
2026-03-16 16:00+01:00,26.360586
2026-03-16 16:15+01:00,29.833255
2026-03-16 16:30+01:00,29.045029
2026-03-16 16:45+01:00,26.374240
2026-03-16 17:00+01:00,35.382017
2026-03-16 17:15+01:00,26.510693
2026-03-16 17:30+01:00,31.104387
2026-03-16 17:45+01:00,24.227114
2026-03-16 18:00+01:00,32.816728
2026-03-16 18:15+01:00,29.943276
2026-03-16 18:30+01:00,23.924040
2026-03-16 18:45+01:00,20.771800
2026-03-16 19:00+01:00,26.763016
2026-03-16 19:15+01:00,33.776699
2026-03-16 19:30+01:00,16.120798
2026-03-16 19:45+01:00,35.499385
2026-03-16 20:00+01:00,40.374258
2026-03-16 20:15+01:00,36.168766
2026-03-16 20:30+01:00,41.360988
2026-03-16 20:45+01:00,30.386345
2026-03-16 21:00+01:00,62.755885
2026-03-16 21:15+01:00,57.974906
2026-03-16 21:30+01:00,
2026-03-16 21:45+01:00,56.876203
2026-03-16 22:00+01:00,57.848484
2026-03-16 22:15+01:00,58.799657
2026-03-16 22:30+01:00,55.064262
2026-03-16 22:45+01:00,55.458329
2026-03-16 23:00+01:00,61.798790
2026-03-16 23:15+01:00,51.322149
2026-03-16 23:30+01:00,
2026-03-16 23:45+01:00,54.286922
2026-03-17 00:00+01:00,
2026-03-17 00:15+01:00,23.531511
2026-03-17 00:30+01:00,31.082440
2026-03-17 00:45+01:00,30.109481
2026-03-17 01:00+01:00,29.785959
2026-03-17 01:15+01:00,31.808180
2026-03-17 01:30+01:00,36.726294
2026-03-17 01:45+01:00,21.297563
2026-03-17 02:00+01:00,11.999051
2026-03-17 02:15+01:00,21.815970
2026-03-17 02:30+01:00,21.605144
2026-03-17 02:45+01:00,26.024600
2026-03-17 03:00+01:00,
2026-03-17 03:15+01:00,53.556490
2026-03-17 03:30+01:00,52.250881
2026-03-17 03:45+01:00,55.326148
2026-03-17 04:00+01:00,59.379581
2026-03-17 04:15+01:00,
2026-03-17 04:30+01:00,51.373644
2026-03-17 04:45+01:00,56.401705
2026-03-17 05:00+01:00,57.333046
2026-03-17 05:15+01:00,57.003354
2026-03-17 05:30+01:00,58.217652
2026-03-17 05:45+01:00,53.791400
2026-03-17 06:00+01:00,52.735335
2026-03-17 06:15+01:00,56.973928
2026-03-17 06:30+01:00,56.472537
2026-03-17 06:45+01:00,
2026-03-17 07:00+01:00,58.536950
2026-03-17 07:15+01:00,54.355078
2026-03-17 07:30+01:00,57.410409
2026-03-17 07:45+01:00,53.363782
2026-03-17 08:00+01:00,31.426990
2026-03-17 08:15+01:00,33.337168
2026-03-17 08:30+01:00,28.143193
2026-03-17 08:45+01:00,31.578966
2026-03-17 09:00+01:00,12.776004
2026-03-17 09:15+01:00,18.425927
2026-03-17 09:30+01:00,25.135263
2026-03-17 09:45+01:00,36.671843
2026-03-17 10:00+01:00,21.191251
2026-03-17 10:15+01:00,21.129593
2026-03-17 10:30+01:00,27.516881
2026-03-17 10:45+01:00,29.950820
2026-03-17 11:00+01:00,33.182080
2026-03-17 11:15+01:00,27.180226
2026-03-17 11:30+01:00,
2026-03-17 11:45+01:00,37.976190
2026-03-17 12:00+01:00,15.033430
2026-03-17 12:15+01:00,28.786385
2026-03-17 12:30+01:00,30.296103
2026-03-17 12:45+01:00,30.612437
2026-03-17 13:00+01:00,24.019828
2026-03-17 13:15+01:00,37.719417
2026-03-17 13:30+01:00,17.659161
2026-03-17 13:45+01:00,19.328836
2026-03-17 14:00+01:00,41.924947
2026-03-17 14:15+01:00,17.254750
2026-03-17 14:30+01:00,26.565916
2026-03-17 14:45+01:00,181.228693
2026-03-17 15:00+01:00,26.401652
2026-03-17 15:15+01:00,23.266083
2026-03-17 15:30+01:00,31.479017
2026-03-17 15:45+01:00,33.845261
2026-03-17 16:00+01:00,29.562056
2026-03-17 16:15+01:00,40.222997
2026-03-17 16:30+01:00,35.341452
2026-03-17 16:45+01:00,24.606872
2026-03-17 17:00+01:00,33.677252
2026-03-17 17:15+01:00,27.301987
2026-03-17 17:30+01:00,30.546349
2026-03-17 17:45+01:00,37.137912
2026-03-17 18:00+01:00,
2026-03-17 18:15+01:00,28.635335
2026-03-17 18:30+01:00,27.857735
2026-03-17 18:45+01:00,26.822343
2026-03-17 19:00+01:00,29.603448
2026-03-17 19:15+01:00,27.862219
2026-03-17 19:30+01:00,25.673330
2026-03-17 19:45+01:00,16.293477
2026-03-17 20:00+01:00,26.393932
2026-03-17 20:15+01:00,
2026-03-17 20:30+01:00,28.789343
2026-03-17 20:45+01:00,21.805424
2026-03-17 21:00+01:00,12.538150
2026-03-17 21:15+01:00,22.878194
2026-03-17 21:30+01:00,10.427294
2026-03-17 21:45+01:00,28.044967
2026-03-17 22:00+01:00,36.203981
2026-03-17 22:15+01:00,33.865700
2026-03-17 22:30+01:00,35.374069
2026-03-17 22:45+01:00,23.390207
2026-03-17 23:00+01:00,21.015270
2026-03-17 23:15+01:00,21.532504
2026-03-17 23:30+01:00,23.694777
2026-03-17 23:45+01:00,36.993779
2026-03-18 00:00+01:00,21.220470
2026-03-18 00:15+01:00,
2026-03-18 00:30+01:00,31.550673
2026-03-18 00:45+01:00,38.194787
2026-03-18 01:00+01:00,12.214685
2026-03-18 01:15+01:00,27.155098
2026-03-18 01:30+01:00,36.039094
2026-03-18 01:45+01:00,2.737231
2026-03-18 02:00+01:00,25.256562
2026-03-18 02:15+01:00,32.535146
2026-03-18 02:30+01:00,20.162065
2026-03-18 02:45+01:00,30.762366
2026-03-18 03:00+01:00,27.905720
2026-03-18 03:15+01:00,
2026-03-18 03:30+01:00,28.915823
2026-03-18 03:45+01:00,30.519613
2026-03-18 04:00+01:00,27.254508
2026-03-18 04:15+01:00,23.159404
2026-03-18 04:30+01:00,25.653419
2026-03-18 04:45+01:00,8.847501
2026-03-18 05:00+01:00,19.168259
2026-03-18 05:15+01:00,32.745241
2026-03-18 05:30+01:00,19.094672
2026-03-18 05:45+01:00,16.366382
2026-03-18 06:00+01:00,55.947749
2026-03-18 06:15+01:00,51.962483
2026-03-18 06:30+01:00,54.703956
2026-03-18 06:45+01:00,57.572231
2026-03-18 07:00+01:00,54.927515
2026-03-18 07:15+01:00,46.584596
2026-03-18 07:30+01:00,59.050968
2026-03-18 07:45+01:00,56.584242
2026-03-18 08:00+01:00,59.699245
2026-03-18 08:15+01:00,53.846301
2026-03-18 08:30+01:00,51.193411
2026-03-18 08:45+01:00,55.208052
2026-03-18 09:00+01:00,49.026571
2026-03-18 09:15+01:00,56.168487
2026-03-18 09:30+01:00,54.271323
2026-03-18 09:45+01:00,55.593294
2026-03-18 10:00+01:00,18.473163
2026-03-18 10:15+01:00,24.042340
2026-03-18 10:30+01:00,30.086166
2026-03-18 10:45+01:00,18.845261
2026-03-18 11:00+01:00,22.496589
2026-03-18 11:15+01:00,20.737888
2026-03-18 11:30+01:00,19.933411
2026-03-18 11:45+01:00,7.514596
2026-03-18 12:00+01:00,13.795304
2026-03-18 12:15+01:00,38.803630
2026-03-18 12:30+01:00,20.002890
2026-03-18 12:45+01:00,20.887227
2026-03-18 13:00+01:00,22.426197
2026-03-18 13:15+01:00,21.232039
2026-03-18 13:30+01:00,29.322112
2026-03-18 13:45+01:00,27.348964
2026-03-18 14:00+01:00,21.007903
2026-03-18 14:15+01:00,31.525736
2026-03-18 14:30+01:00,21.206545
2026-03-18 14:45+01:00,23.668572
2026-03-18 15:00+01:00,32.472000
2026-03-18 15:15+01:00,42.421813
2026-03-18 15:30+01:00,27.848737
2026-03-18 15:45+01:00,
2026-03-18 16:00+01:00,37.694152
2026-03-18 16:15+01:00,39.663937
2026-03-18 16:30+01:00,26.476560
2026-03-18 16:45+01:00,25.190357
2026-03-18 17:00+01:00,33.535967
2026-03-18 17:15+01:00,27.602585
2026-03-18 17:30+01:00,26.357576
2026-03-18 17:45+01:00,25.506881
2026-03-18 18:00+01:00,19.543806
2026-03-18 18:15+01:00,28.370028
2026-03-18 18:30+01:00,26.773366
2026-03-18 18:45+01:00,18.639033
2026-03-18 19:00+01:00,32.440188
2026-03-18 19:15+01:00,28.351998
2026-03-18 19:30+01:00,19.179874
2026-03-18 19:45+01:00,25.270518
2026-03-18 20:00+01:00,23.166474
2026-03-18 20:15+01:00,22.382899
2026-03-18 20:30+01:00,24.842614
2026-03-18 20:45+01:00,33.066961
2026-03-18 21:00+01:00,61.859324
2026-03-18 21:15+01:00,57.895693
2026-03-18 21:30+01:00,51.977072
2026-03-18 21:45+01:00,54.031749
2026-03-18 22:00+01:00,55.417265
2026-03-18 22:15+01:00,54.707362
2026-03-18 22:30+01:00,53.496218
2026-03-18 22:45+01:00,61.614061
2026-03-18 23:00+01:00,51.274594
2026-03-18 23:15+01:00,58.871177
2026-03-18 23:30+01:00,60.342208
2026-03-18 23:45+01:00,
2026-03-19 00:00+01:00,23.977297
2026-03-19 00:15+01:00,24.024519
2026-03-19 00:30+01:00,15.138093
2026-03-19 00:45+01:00,18.754455
2026-03-19 01:00+01:00,
2026-03-19 01:15+01:00,32.839659
2026-03-19 01:30+01:00,22.983670
2026-03-19 01:45+01:00,37.262481
2026-03-19 02:00+01:00,31.740260
2026-03-19 02:15+01:00,24.047309
2026-03-19 02:30+01:00,29.913678
2026-03-19 02:45+01:00,27.469929
2026-03-19 03:00+01:00,32.960412
2026-03-19 03:15+01:00,27.147793
2026-03-19 03:30+01:00,39.848077
2026-03-19 03:45+01:00,35.547803
2026-03-19 04:00+01:00,37.155567
2026-03-19 04:15+01:00,34.391053
2026-03-19 04:30+01:00,29.842874
2026-03-19 04:45+01:00,
2026-03-19 05:00+01:00,
2026-03-19 05:15+01:00,28.325788
2026-03-19 05:30+01:00,14.533664
2026-03-19 05:45+01:00,25.664114
2026-03-19 06:00+01:00,36.419913
2026-03-19 06:15+01:00,26.202041
2026-03-19 06:30+01:00,32.285744
2026-03-19 06:45+01:00,33.479059
2026-03-19 07:00+01:00,26.945694
2026-03-19 07:15+01:00,27.723391
2026-03-19 07:30+01:00,27.089009
2026-03-19 07:45+01:00,31.548739
2026-03-19 08:00+01:00,23.931868
2026-03-19 08:15+01:00,30.351148
2026-03-19 08:30+01:00,29.097470
2026-03-19 08:45+01:00,29.979258
2026-03-19 09:00+01:00,28.250638
2026-03-19 09:15+01:00,23.484791
2026-03-19 09:30+01:00,36.784307
2026-03-19 09:45+01:00,10.751990
2026-03-19 10:00+01:00,30.308051
2026-03-19 10:15+01:00,18.587458
2026-03-19 10:30+01:00,7.712859
2026-03-19 10:45+01:00,37.295250
2026-03-19 11:00+01:00,29.550025
2026-03-19 11:15+01:00,25.243052
2026-03-19 11:30+01:00,37.460163
2026-03-19 11:45+01:00,16.146354
2026-03-19 12:00+01:00,23.289932
2026-03-19 12:15+01:00,31.690217
2026-03-19 12:30+01:00,28.648439
2026-03-19 12:45+01:00,20.132757
2026-03-19 13:00+01:00,19.159526
2026-03-19 13:15+01:00,33.303668
2026-03-19 13:30+01:00,24.619785
2026-03-19 13:45+01:00,29.894540
2026-03-19 14:00+01:00,29.483670
2026-03-19 14:15+01:00,35.184605
2026-03-19 14:30+01:00,26.521367
2026-03-19 14:45+01:00,17.561652
2026-03-19 15:00+01:00,55.650799
2026-03-19 15:15+01:00,59.211154
2026-03-19 15:30+01:00,60.168443
2026-03-19 15:45+01:00,51.628403
2026-03-19 16:00+01:00,59.349149
2026-03-19 16:15+01:00,63.900036
2026-03-19 16:30+01:00,57.434112
2026-03-19 16:45+01:00,52.212580
2026-03-19 17:00+01:00,59.764989
2026-03-19 17:15+01:00,59.529453
2026-03-19 17:30+01:00,
2026-03-19 17:45+01:00,57.688813
2026-03-19 18:00+01:00,57.560188
2026-03-19 18:15+01:00,49.105983
2026-03-19 18:30+01:00,57.525614
2026-03-19 18:45+01:00,53.671897
2026-03-19 19:00+01:00,55.311704
2026-03-19 19:15+01:00,51.221382
2026-03-19 19:30+01:00,51.677929
2026-03-19 19:45+01:00,53.085431
2026-03-19 20:00+01:00,52.889237
2026-03-19 20:15+01:00,56.314045
2026-03-19 20:30+01:00,53.548756
2026-03-19 20:45+01:00,56.775338
2026-03-19 21:00+01:00,30.669989
2026-03-19 21:15+01:00,17.099676
2026-03-19 21:30+01:00,25.352498
2026-03-19 21:45+01:00,30.408030
2026-03-19 22:00+01:00,
2026-03-19 22:15+01:00,
2026-03-19 22:30+01:00,27.291674
2026-03-19 22:45+01:00,42.049850
2026-03-19 23:00+01:00,31.237861
2026-03-19 23:15+01:00,20.841504
2026-03-19 23:30+01:00,20.088279
2026-03-19 23:45+01:00,26.438347
2026-03-20 00:00+01:00,19.537034
2026-03-20 00:15+01:00,26.688001
2026-03-20 00:30+01:00,11.998807
2026-03-20 00:45+01:00,13.923220
2026-03-20 01:00+01:00,22.826667
2026-03-20 01:15+01:00,29.914683
2026-03-20 01:30+01:00,13.435304
2026-03-20 01:45+01:00,12.795019
2026-03-20 02:00+01:00,22.018767
2026-03-20 02:15+01:00,31.218255
2026-03-20 02:30+01:00,32.321661
2026-03-20 02:45+01:00,37.086857
2026-03-20 03:00+01:00,58.404658
2026-03-20 03:15+01:00,61.339471
2026-03-20 03:30+01:00,56.554445
2026-03-20 03:45+01:00,56.908121
2026-03-20 04:00+01:00,55.101279
2026-03-20 04:15+01:00,
2026-03-20 04:30+01:00,59.552423
2026-03-20 04:45+01:00,55.747867
2026-03-20 05:00+01:00,55.757417
2026-03-20 05:15+01:00,55.828779
2026-03-20 05:30+01:00,59.308844
2026-03-20 05:45+01:00,51.664453
2026-03-20 06:00+01:00,52.042961
2026-03-20 06:15+01:00,52.258983
2026-03-20 06:30+01:00,62.964838
2026-03-20 06:45+01:00,57.224089
2026-03-20 07:00+01:00,55.291820
2026-03-20 07:15+01:00,58.041361
2026-03-20 07:30+01:00,54.852072
2026-03-20 07:45+01:00,55.330733
2026-03-20 08:00+01:00,26.928568
2026-03-20 08:15+01:00,17.425041
2026-03-20 08:30+01:00,18.884510
2026-03-20 08:45+01:00,23.719118
2026-03-20 09:00+01:00,32.527309
2026-03-20 09:15+01:00,27.087353
2026-03-20 09:30+01:00,33.755558
2026-03-20 09:45+01:00,
2026-03-20 10:00+01:00,23.344162
2026-03-20 10:15+01:00,21.566623
2026-03-20 10:30+01:00,25.254502
2026-03-20 10:45+01:00,25.044928
2026-03-20 11:00+01:00,16.031711
2026-03-20 11:15+01:00,16.390758
2026-03-20 11:30+01:00,17.500481
2026-03-20 11:45+01:00,30.129684
2026-03-20 12:00+01:00,
2026-03-20 12:15+01:00,29.079964
2026-03-20 12:30+01:00,34.604059
2026-03-20 12:45+01:00,35.119590
2026-03-20 13:00+01:00,17.082069
2026-03-20 13:15+01:00,33.545224
2026-03-20 13:30+01:00,29.543326
2026-03-20 13:45+01:00,30.783368
2026-03-20 14:00+01:00,10.179166
2026-03-20 14:15+01:00,11.777589
2026-03-20 14:30+01:00,19.014736
2026-03-20 14:45+01:00,11.995041
2026-03-20 15:00+01:00,20.917971
2026-03-20 15:15+01:00,27.079614
2026-03-20 15:30+01:00,15.554209
2026-03-20 15:45+01:00,
2026-03-20 16:00+01:00,20.186555
2026-03-20 16:15+01:00,32.614238
2026-03-20 16:30+01:00,34.771834
2026-03-20 16:45+01:00,25.360515
2026-03-20 17:00+01:00,19.266304
2026-03-20 17:15+01:00,24.490493
2026-03-20 17:30+01:00,29.069092
2026-03-20 17:45+01:00,26.694996
2026-03-20 18:00+01:00,28.924729
2026-03-20 18:15+01:00,
2026-03-20 18:30+01:00,6.189161
2026-03-20 18:45+01:00,26.495350
2026-03-20 19:00+01:00,14.217304
2026-03-20 19:15+01:00,
2026-03-20 19:30+01:00,28.583654
2026-03-20 19:45+01:00,29.415152
2026-03-20 20:00+01:00,24.104684
2026-03-20 20:15+01:00,24.839849
2026-03-20 20:30+01:00,32.525250
2026-03-20 20:45+01:00,31.333737
2026-03-20 21:00+01:00,27.008309
2026-03-20 21:15+01:00,18.993763
2026-03-20 21:30+01:00,20.093698
2026-03-20 21:45+01:00,32.113208
2026-03-20 22:00+01:00,41.228129
2026-03-20 22:15+01:00,17.227958
2026-03-20 22:30+01:00,19.997861
2026-03-20 22:45+01:00,28.950957
2026-03-20 23:00+01:00,25.206603
2026-03-20 23:15+01:00,21.618507
2026-03-20 23:30+01:00,27.428460
2026-03-20 23:45+01:00,24.980697
2026-03-21 00:00+01:00,30.217149
2026-03-21 00:15+01:00,26.408288
2026-03-21 00:30+01:00,24.202174
2026-03-21 00:45+01:00,28.355220
2026-03-21 01:00+01:00,27.474869
2026-03-21 01:15+01:00,38.837467
2026-03-21 01:30+01:00,15.706590
2026-03-21 01:45+01:00,30.516360
2026-03-21 02:00+01:00,17.673193
2026-03-21 02:15+01:00,24.085840
2026-03-21 02:30+01:00,24.306138
2026-03-21 02:45+01:00,32.309349
2026-03-21 03:00+01:00,32.984425
2026-03-21 03:15+01:00,29.277270
2026-03-21 03:30+01:00,25.693955
2026-03-21 03:45+01:00,24.325649
2026-03-21 04:00+01:00,39.637253
2026-03-21 04:15+01:00,19.292393
2026-03-21 04:30+01:00,6.875772
2026-03-21 04:45+01:00,36.695202
2026-03-21 05:00+01:00,
2026-03-21 05:15+01:00,21.090267
2026-03-21 05:30+01:00,19.474484
2026-03-21 05:45+01:00,26.939996
2026-03-21 06:00+01:00,29.927721
2026-03-21 06:15+01:00,
2026-03-21 06:30+01:00,20.146378
2026-03-21 06:45+01:00,27.360974
2026-03-21 07:00+01:00,19.565487
2026-03-21 07:15+01:00,20.287491
2026-03-21 07:30+01:00,28.604668
2026-03-21 07:45+01:00,36.329525
2026-03-21 08:00+01:00,21.822567
2026-03-21 08:15+01:00,32.850813
2026-03-21 08:30+01:00,25.439940
2026-03-21 08:45+01:00,18.007852
2026-03-21 09:00+01:00,31.818698
2026-03-21 09:15+01:00,35.307435
2026-03-21 09:30+01:00,23.498639
2026-03-21 09:45+01:00,34.822652
2026-03-21 10:00+01:00,
2026-03-21 10:15+01:00,27.887469
2026-03-21 10:30+01:00,23.212108
2026-03-21 10:45+01:00,
2026-03-21 11:00+01:00,30.952922
2026-03-21 11:15+01:00,23.447746
2026-03-21 11:30+01:00,23.708642
2026-03-21 11:45+01:00,29.101187
2026-03-21 12:00+01:00,33.512899
2026-03-21 12:15+01:00,
2026-03-21 12:30+01:00,29.521669
2026-03-21 12:45+01:00,25.963697
2026-03-21 13:00+01:00,17.612487
2026-03-21 13:15+01:00,23.980484
2026-03-21 13:30+01:00,31.429107
2026-03-21 13:45+01:00,22.372099
2026-03-21 14:00+01:00,37.703520
2026-03-21 14:15+01:00,32.825045
2026-03-21 14:30+01:00,24.059077
2026-03-21 14:45+01:00,16.947221
2026-03-21 15:00+01:00,50.395039
2026-03-21 15:15+01:00,58.988937
2026-03-21 15:30+01:00,51.872207
2026-03-21 15:45+01:00,
2026-03-21 16:00+01:00,53.377940
2026-03-21 16:15+01:00,60.271872
2026-03-21 16:30+01:00,56.412237
2026-03-21 16:45+01:00,59.461625
2026-03-21 17:00+01:00,54.931082
2026-03-21 17:15+01:00,48.815722
2026-03-21 17:30+01:00,61.209237
2026-03-21 17:45+01:00,60.813475
2026-03-21 18:00+01:00,57.553169
2026-03-21 18:15+01:00,55.421783
2026-03-21 18:30+01:00,54.349985
2026-03-21 18:45+01:00,49.422293
2026-03-21 19:00+01:00,52.236641
2026-03-21 19:15+01:00,59.752748
2026-03-21 19:30+01:00,
2026-03-21 19:45+01:00,57.796721
2026-03-21 20:00+01:00,35.696255
2026-03-21 20:15+01:00,20.229637
2026-03-21 20:30+01:00,25.616070
2026-03-21 20:45+01:00,41.227659
2026-03-21 21:00+01:00,31.842087
2026-03-21 21:15+01:00,36.647234
2026-03-21 21:30+01:00,39.547346
2026-03-21 21:45+01:00,24.805019
2026-03-21 22:00+01:00,24.528706
2026-03-21 22:15+01:00,27.636691
2026-03-21 22:30+01:00,24.333407
2026-03-21 22:45+01:00,25.613654
2026-03-21 23:00+01:00,25.974358
2026-03-21 23:15+01:00,39.076027
2026-03-21 23:30+01:00,20.783646
2026-03-21 23:45+01:00,35.794308
2026-03-22 00:00+01:00,27.207080
2026-03-22 00:15+01:00,22.408615
2026-03-22 00:30+01:00,22.280163
2026-03-22 00:45+01:00,36.713490
2026-03-22 01:00+01:00,28.705304
2026-03-22 01:15+01:00,23.988876
2026-03-22 01:30+01:00,33.039145
2026-03-22 01:45+01:00,13.135551
2026-03-22 02:00+01:00,19.038335
2026-03-22 02:15+01:00,19.341717
2026-03-22 02:30+01:00,34.515245
2026-03-22 02:45+01:00,
2026-03-22 03:00+01:00,37.876768
2026-03-22 03:15+01:00,20.770866
2026-03-22 03:30+01:00,14.175084
2026-03-22 03:45+01:00,31.688784
2026-03-22 04:00+01:00,18.283993
2026-03-22 04:15+01:00,20.147608
2026-03-22 04:30+01:00,23.721077
2026-03-22 04:45+01:00,141.276207
2026-03-22 05:00+01:00,29.283886
2026-03-22 05:15+01:00,19.482885
2026-03-22 05:30+01:00,31.049933
2026-03-22 05:45+01:00,35.244819
2026-03-22 06:00+01:00,20.816886
2026-03-22 06:15+01:00,32.881580
2026-03-22 06:30+01:00,35.601890
2026-03-22 06:45+01:00,9.704331
2026-03-22 07:00+01:00,26.312820
2026-03-22 07:15+01:00,24.205879
2026-03-22 07:30+01:00,22.699661
2026-03-22 07:45+01:00,24.791825
2026-03-22 08:00+01:00,39.900924
2026-03-22 08:15+01:00,15.976145
2026-03-22 08:30+01:00,18.606690
2026-03-22 08:45+01:00,30.922637
2026-03-22 09:00+01:00,23.123980
2026-03-22 09:15+01:00,12.978131
2026-03-22 09:30+01:00,19.494582
2026-03-22 09:45+01:00,13.585185
2026-03-22 10:00+01:00,40.476047
2026-03-22 10:15+01:00,16.347238
2026-03-22 10:30+01:00,11.530356
2026-03-22 10:45+01:00,21.544271
2026-03-22 11:00+01:00,28.748347
2026-03-22 11:15+01:00,23.041163
2026-03-22 11:30+01:00,29.275663
2026-03-22 11:45+01:00,23.852245
2026-03-22 12:00+01:00,30.429432
2026-03-22 12:15+01:00,24.517314
2026-03-22 12:30+01:00,27.204733
2026-03-22 12:45+01:00,30.681625
2026-03-22 13:00+01:00,20.223169
2026-03-22 13:15+01:00,27.196802
2026-03-22 13:30+01:00,
2026-03-22 13:45+01:00,26.149248
2026-03-22 14:00+01:00,19.840924
2026-03-22 14:15+01:00,37.574543
2026-03-22 14:30+01:00,16.198892
2026-03-22 14:45+01:00,19.243784
2026-03-22 15:00+01:00,55.916318
2026-03-22 15:15+01:00,56.027358
2026-03-22 15:30+01:00,51.251505
2026-03-22 15:45+01:00,58.629510
2026-03-22 16:00+01:00,60.001625
2026-03-22 16:15+01:00,54.470236
2026-03-22 16:30+01:00,56.995427
2026-03-22 16:45+01:00,55.839517
2026-03-22 17:00+01:00,59.809087
2026-03-22 17:15+01:00,63.230330
2026-03-22 17:30+01:00,54.798705
2026-03-22 17:45+01:00,59.062212
2026-03-22 18:00+01:00,34.733041
2026-03-22 18:15+01:00,13.233695
2026-03-22 18:30+01:00,17.727501
2026-03-22 18:45+01:00,44.281269
2026-03-22 19:00+01:00,32.193307
2026-03-22 19:15+01:00,15.949467
2026-03-22 19:30+01:00,28.794318
2026-03-22 19:45+01:00,17.703826
2026-03-22 20:00+01:00,26.912761
2026-03-22 20:15+01:00,29.659725
2026-03-22 20:30+01:00,29.790145
2026-03-22 20:45+01:00,24.788553
2026-03-22 21:00+01:00,26.100361
2026-03-22 21:15+01:00,29.109099
2026-03-22 21:30+01:00,24.302065
2026-03-22 21:45+01:00,13.099952
2026-03-22 22:00+01:00,21.599078
2026-03-22 22:15+01:00,37.937774
2026-03-22 22:30+01:00,31.897728
2026-03-22 22:45+01:00,21.847028
2026-03-22 23:00+01:00,24.033063
2026-03-22 23:15+01:00,23.742703
2026-03-22 23:30+01:00,18.056003
2026-03-22 23:45+01:00,23.727475
2026-03-23 00:00+01:00,34.193026
2026-03-23 00:15+01:00,15.366173
2026-03-23 00:30+01:00,20.265508
2026-03-23 00:45+01:00,23.847384
2026-03-23 01:00+01:00,33.355942
2026-03-23 01:15+01:00,32.082325
2026-03-23 01:30+01:00,23.104290
2026-03-23 01:45+01:00,27.237089
2026-03-23 02:00+01:00,24.155419
2026-03-23 02:15+01:00,26.574953
2026-03-23 02:30+01:00,17.603563
2026-03-23 02:45+01:00,25.227275
2026-03-23 03:00+01:00,29.388648
2026-03-23 03:15+01:00,13.279150
2026-03-23 03:30+01:00,29.470161
2026-03-23 03:45+01:00,
2026-03-23 04:00+01:00,28.796051
2026-03-23 04:15+01:00,35.747487
2026-03-23 04:30+01:00,18.895958
2026-03-23 04:45+01:00,
2026-03-23 05:00+01:00,32.955110
2026-03-23 05:15+01:00,13.056723
2026-03-23 05:30+01:00,23.201997
2026-03-23 05:45+01:00,32.110179
2026-03-23 06:00+01:00,16.834132
2026-03-23 06:15+01:00,21.369640
2026-03-23 06:30+01:00,23.019376
2026-03-23 06:45+01:00,
2026-03-23 07:00+01:00,19.872725
2026-03-23 07:15+01:00,37.969820
2026-03-23 07:30+01:00,31.735127
2026-03-23 07:45+01:00,19.887760
2026-03-23 08:00+01:00,18.312673
2026-03-23 08:15+01:00,35.028443
2026-03-23 08:30+01:00,40.461985
2026-03-23 08:45+01:00,19.342360
2026-03-23 09:00+01:00,18.831386
2026-03-23 09:15+01:00,21.928744
2026-03-23 09:30+01:00,43.336618
2026-03-23 09:45+01:00,34.330471
2026-03-23 10:00+01:00,
2026-03-23 10:15+01:00,23.838656
2026-03-23 10:30+01:00,33.623695
2026-03-23 10:45+01:00,27.254204
2026-03-23 11:00+01:00,11.257609
2026-03-23 11:15+01:00,21.130697
2026-03-23 11:30+01:00,46.030899
2026-03-23 11:45+01:00,14.326964
2026-03-23 12:00+01:00,52.404797
2026-03-23 12:15+01:00,54.487075
2026-03-23 12:30+01:00,57.406755
2026-03-23 12:45+01:00,55.562319
2026-03-23 13:00+01:00,51.226035
2026-03-23 13:15+01:00,53.323729
2026-03-23 13:30+01:00,53.798377
2026-03-23 13:45+01:00,48.946451
2026-03-23 14:00+01:00,58.788050
2026-03-23 14:15+01:00,58.317268
2026-03-23 14:30+01:00,55.052797
2026-03-23 14:45+01:00,52.779559
2026-03-23 15:00+01:00,59.250488
2026-03-23 15:15+01:00,59.771668
2026-03-23 15:30+01:00,58.805367
2026-03-23 15:45+01:00,57.161061
2026-03-23 16:00+01:00,56.594003
2026-03-23 16:15+01:00,53.192249
2026-03-23 16:30+01:00,51.484789
2026-03-23 16:45+01:00,58.880004
2026-03-23 17:00+01:00,49.531153
2026-03-23 17:15+01:00,59.522353
2026-03-23 17:30+01:00,56.685783
2026-03-23 17:45+01:00,56.787000
2026-03-23 18:00+01:00,31.813915
2026-03-23 18:15+01:00,19.160010
2026-03-23 18:30+01:00,34.855336
2026-03-23 18:45+01:00,15.399399
2026-03-23 19:00+01:00,26.313676
2026-03-23 19:15+01:00,18.559123
2026-03-23 19:30+01:00,20.544891
2026-03-23 19:45+01:00,41.687009
2026-03-23 20:00+01:00,27.181994
2026-03-23 20:15+01:00,16.732717
2026-03-23 20:30+01:00,30.265134
2026-03-23 20:45+01:00,21.592986
2026-03-23 21:00+01:00,26.841378
2026-03-23 21:15+01:00,30.135518
2026-03-23 21:30+01:00,28.080423
2026-03-23 21:45+01:00,23.245273
2026-03-23 22:00+01:00,20.027941
2026-03-23 22:15+01:00,27.595911
2026-03-23 22:30+01:00,34.381080
2026-03-23 22:45+01:00,24.000203
2026-03-23 23:00+01:00,15.944638
2026-03-23 23:15+01:00,34.706675
2026-03-23 23:30+01:00,32.788198
2026-03-23 23:45+01:00,24.323961
2026-03-24 00:00+01:00,19.627282
2026-03-24 00:15+01:00,23.055126
2026-03-24 00:30+01:00,25.829756
2026-03-24 00:45+01:00,29.969155
2026-03-24 01:00+01:00,23.973462
2026-03-24 01:15+01:00,19.019900
2026-03-24 01:30+01:00,
2026-03-24 01:45+01:00,18.749718
2026-03-24 02:00+01:00,23.822255
2026-03-24 02:15+01:00,31.860162
2026-03-24 02:30+01:00,6.826191
2026-03-24 02:45+01:00,25.182377
2026-03-24 03:00+01:00,36.504002
2026-03-24 03:15+01:00,12.741669
2026-03-24 03:30+01:00,16.636513
2026-03-24 03:45+01:00,
2026-03-24 04:00+01:00,7.608928
2026-03-24 04:15+01:00,16.804482
2026-03-24 04:30+01:00,17.799964
2026-03-24 04:45+01:00,28.794048
2026-03-24 05:00+01:00,30.795412
2026-03-24 05:15+01:00,44.645953
2026-03-24 05:30+01:00,23.483945
2026-03-24 05:45+01:00,30.035523
2026-03-24 06:00+01:00,31.922731
2026-03-24 06:15+01:00,9.154983
2026-03-24 06:30+01:00,27.897706
2026-03-24 06:45+01:00,
2026-03-24 07:00+01:00,27.093129
2026-03-24 07:15+01:00,28.037439
2026-03-24 07:30+01:00,13.564441
2026-03-24 07:45+01:00,21.492315
2026-03-24 08:00+01:00,24.762038
2026-03-24 08:15+01:00,25.331818
2026-03-24 08:30+01:00,15.906314
2026-03-24 08:45+01:00,28.160403
2026-03-24 09:00+01:00,24.519916
2026-03-24 09:15+01:00,41.908674
2026-03-24 09:30+01:00,27.593041
2026-03-24 09:45+01:00,
2026-03-24 10:00+01:00,31.111531
2026-03-24 10:15+01:00,19.124121
2026-03-24 10:30+01:00,33.387163
2026-03-24 10:45+01:00,27.271297
2026-03-24 11:00+01:00,30.197647
2026-03-24 11:15+01:00,26.590222
2026-03-24 11:30+01:00,22.242834
2026-03-24 11:45+01:00,31.996190
2026-03-24 12:00+01:00,37.990054
2026-03-24 12:15+01:00,27.033092
2026-03-24 12:30+01:00,12.604834
2026-03-24 12:45+01:00,27.989246
2026-03-24 13:00+01:00,
2026-03-24 13:15+01:00,23.546630
2026-03-24 13:30+01:00,41.170179
2026-03-24 13:45+01:00,30.825047
2026-03-24 14:00+01:00,26.872679
2026-03-24 14:15+01:00,22.301012
2026-03-24 14:30+01:00,24.924939
2026-03-24 14:45+01:00,15.299063
2026-03-24 15:00+01:00,18.534602
2026-03-24 15:15+01:00,17.364400
2026-03-24 15:30+01:00,
2026-03-24 15:45+01:00,28.767869
2026-03-24 16:00+01:00,25.952670
2026-03-24 16:15+01:00,30.892437
2026-03-24 16:30+01:00,19.029950
2026-03-24 16:45+01:00,18.770308
2026-03-24 17:00+01:00,23.766513
2026-03-24 17:15+01:00,10.926884
2026-03-24 17:30+01:00,29.552356
2026-03-24 17:45+01:00,6.288998
2026-03-24 18:00+01:00,51.871766
2026-03-24 18:15+01:00,55.413801
2026-03-24 18:30+01:00,51.645720
2026-03-24 18:45+01:00,55.160914
2026-03-24 19:00+01:00,47.412440
2026-03-24 19:15+01:00,58.541331
2026-03-24 19:30+01:00,50.379648
2026-03-24 19:45+01:00,61.821575
2026-03-24 20:00+01:00,60.195715
2026-03-24 20:15+01:00,60.614214
2026-03-24 20:30+01:00,57.416279
2026-03-24 20:45+01:00,57.316670
2026-03-24 21:00+01:00,23.692528
2026-03-24 21:15+01:00,21.266455
2026-03-24 21:30+01:00,27.839922
2026-03-24 21:45+01:00,32.775340
2026-03-24 22:00+01:00,30.011430
2026-03-24 22:15+01:00,15.692712
2026-03-24 22:30+01:00,14.428836
2026-03-24 22:45+01:00,15.794514
2026-03-24 23:00+01:00,43.702715
2026-03-24 23:15+01:00,
2026-03-24 23:30+01:00,14.514209
2026-03-24 23:45+01:00,24.030520
2026-03-25 00:00+01:00,17.435168
2026-03-25 00:15+01:00,30.852518
2026-03-25 00:30+01:00,27.020867
2026-03-25 00:45+01:00,20.364126
2026-03-25 01:00+01:00,13.635969
2026-03-25 01:15+01:00,21.098719
2026-03-25 01:30+01:00,33.690914
2026-03-25 01:45+01:00,20.786535
2026-03-25 02:00+01:00,18.367194
2026-03-25 02:15+01:00,18.134486
2026-03-25 02:30+01:00,30.990826
2026-03-25 02:45+01:00,25.574352
2026-03-25 03:00+01:00,32.427732
2026-03-25 03:15+01:00,19.799704
2026-03-25 03:30+01:00,24.272409
2026-03-25 03:45+01:00,22.442340
2026-03-25 04:00+01:00,21.874186
2026-03-25 04:15+01:00,33.017834
2026-03-25 04:30+01:00,33.146004
2026-03-25 04:45+01:00,
2026-03-25 05:00+01:00,22.115125
2026-03-25 05:15+01:00,28.592881
2026-03-25 05:30+01:00,25.403746
2026-03-25 05:45+01:00,14.384890
2026-03-25 06:00+01:00,57.922377
2026-03-25 06:15+01:00,57.895410
2026-03-25 06:30+01:00,52.109230
2026-03-25 06:45+01:00,52.681775
2026-03-25 07:00+01:00,58.814835
2026-03-25 07:15+01:00,56.285739
2026-03-25 07:30+01:00,57.442027
2026-03-25 07:45+01:00,52.175516
2026-03-25 08:00+01:00,56.555223
2026-03-25 08:15+01:00,52.674194
2026-03-25 08:30+01:00,56.342600
2026-03-25 08:45+01:00,
2026-03-25 09:00+01:00,56.700055
2026-03-25 09:15+01:00,53.944170
2026-03-25 09:30+01:00,56.118755
2026-03-25 09:45+01:00,55.295976
2026-03-25 10:00+01:00,53.658053
2026-03-25 10:15+01:00,54.514403
2026-03-25 10:30+01:00,53.689370
2026-03-25 10:45+01:00,57.132693
2026-03-25 11:00+01:00,26.849366
2026-03-25 11:15+01:00,21.474001
2026-03-25 11:30+01:00,33.909291
2026-03-25 11:45+01:00,
2026-03-25 12:00+01:00,33.370078
2026-03-25 12:15+01:00,22.990238
2026-03-25 12:30+01:00,23.894595
2026-03-25 12:45+01:00,32.868705
2026-03-25 13:00+01:00,14.396549
2026-03-25 13:15+01:00,16.999938
2026-03-25 13:30+01:00,37.562382
2026-03-25 13:45+01:00,
2026-03-25 14:00+01:00,21.417912
2026-03-25 14:15+01:00,35.959410
2026-03-25 14:30+01:00,31.387944
2026-03-25 14:45+01:00,34.524601
2026-03-25 15:00+01:00,36.781590
2026-03-25 15:15+01:00,36.278803
2026-03-25 15:30+01:00,22.122179
2026-03-25 15:45+01:00,18.061537
2026-03-25 16:00+01:00,29.092098
2026-03-25 16:15+01:00,18.811779
2026-03-25 16:30+01:00,16.567529
2026-03-25 16:45+01:00,30.708949
2026-03-25 17:00+01:00,35.215338
2026-03-25 17:15+01:00,31.620515
2026-03-25 17:30+01:00,13.508416
2026-03-25 17:45+01:00,31.338831
2026-03-25 18:00+01:00,33.672649
2026-03-25 18:15+01:00,19.455631
2026-03-25 18:30+01:00,15.830298
2026-03-25 18:45+01:00,23.059840
2026-03-25 19:00+01:00,18.209209
2026-03-25 19:15+01:00,23.155930
2026-03-25 19:30+01:00,27.309327
2026-03-25 19:45+01:00,26.519932
2026-03-25 20:00+01:00,30.929047
2026-03-25 20:15+01:00,16.306623
2026-03-25 20:30+01:00,38.995479
2026-03-25 20:45+01:00,28.015109
2026-03-25 21:00+01:00,29.283334
2026-03-25 21:15+01:00,
2026-03-25 21:30+01:00,33.157286
2026-03-25 21:45+01:00,20.059119
2026-03-25 22:00+01:00,17.496210
2026-03-25 22:15+01:00,27.102426
2026-03-25 22:30+01:00,34.170990
2026-03-25 22:45+01:00,17.617648
2026-03-25 23:00+01:00,21.517974
2026-03-25 23:15+01:00,16.923376
2026-03-25 23:30+01:00,25.801966
2026-03-25 23:45+01:00,35.156754
2026-03-26 00:00+01:00,29.990505
2026-03-26 00:15+01:00,25.709768
2026-03-26 00:30+01:00,22.868506
2026-03-26 00:45+01:00,23.530581
2026-03-26 01:00+01:00,37.937434
2026-03-26 01:15+01:00,26.297677
2026-03-26 01:30+01:00,21.194651
2026-03-26 01:45+01:00,33.921539
2026-03-26 02:00+01:00,20.287334
2026-03-26 02:15+01:00,19.659862
2026-03-26 02:30+01:00,26.961858
2026-03-26 02:45+01:00,34.519344
2026-03-26 03:00+01:00,
2026-03-26 03:15+01:00,13.841101
2026-03-26 03:30+01:00,14.358260
2026-03-26 03:45+01:00,34.626919
2026-03-26 04:00+01:00,34.373590
2026-03-26 04:15+01:00,32.397115
2026-03-26 04:30+01:00,18.023861
2026-03-26 04:45+01:00,35.280695
2026-03-26 05:00+01:00,
2026-03-26 05:15+01:00,35.698109
2026-03-26 05:30+01:00,32.683847
2026-03-26 05:45+01:00,27.437092
2026-03-26 06:00+01:00,56.500654
2026-03-26 06:15+01:00,54.882452
2026-03-26 06:30+01:00,52.450691
2026-03-26 06:45+01:00,56.535632
2026-03-26 07:00+01:00,56.800217
2026-03-26 07:15+01:00,55.644122
2026-03-26 07:30+01:00,54.622589
2026-03-26 07:45+01:00,56.986607
2026-03-26 08:00+01:00,58.569176
2026-03-26 08:15+01:00,56.317051
2026-03-26 08:30+01:00,53.855213
2026-03-26 08:45+01:00,57.786461
2026-03-26 09:00+01:00,53.412405
2026-03-26 09:15+01:00,50.440406
2026-03-26 09:30+01:00,55.454632
2026-03-26 09:45+01:00,50.584697
2026-03-26 10:00+01:00,54.478046
2026-03-26 10:15+01:00,49.814608
2026-03-26 10:30+01:00,57.468818
2026-03-26 10:45+01:00,54.057217
2026-03-26 11:00+01:00,56.750483
2026-03-26 11:15+01:00,56.145152
2026-03-26 11:30+01:00,53.457771
2026-03-26 11:45+01:00,52.454115
2026-03-26 12:00+01:00,25.467536
2026-03-26 12:15+01:00,13.133859
2026-03-26 12:30+01:00,20.620641
2026-03-26 12:45+01:00,23.763059
2026-03-26 13:00+01:00,32.760749
2026-03-26 13:15+01:00,30.855583
2026-03-26 13:30+01:00,23.685426
2026-03-26 13:45+01:00,33.529745
2026-03-26 14:00+01:00,27.153236
2026-03-26 14:15+01:00,20.203384
2026-03-26 14:30+01:00,29.412879
2026-03-26 14:45+01:00,24.863740
2026-03-26 15:00+01:00,19.844737
2026-03-26 15:15+01:00,28.677451
2026-03-26 15:30+01:00,
2026-03-26 15:45+01:00,24.226754
2026-03-26 16:00+01:00,17.315884
2026-03-26 16:15+01:00,24.516772
2026-03-26 16:30+01:00,24.240474
2026-03-26 16:45+01:00,24.264676
2026-03-26 17:00+01:00,24.227571
2026-03-26 17:15+01:00,18.766593
2026-03-26 17:30+01:00,27.177300
2026-03-26 17:45+01:00,38.264905
2026-03-26 18:00+01:00,31.140780
2026-03-26 18:15+01:00,35.843736
2026-03-26 18:30+01:00,21.299819
2026-03-26 18:45+01:00,31.531454
2026-03-26 19:00+01:00,23.787271
2026-03-26 19:15+01:00,31.159763
2026-03-26 19:30+01:00,27.182782
2026-03-26 19:45+01:00,34.933593
2026-03-26 20:00+01:00,30.303551
2026-03-26 20:15+01:00,25.043968
2026-03-26 20:30+01:00,21.270615
2026-03-26 20:45+01:00,
2026-03-26 21:00+01:00,12.991344
2026-03-26 21:15+01:00,28.470254
2026-03-26 21:30+01:00,35.815808
2026-03-26 21:45+01:00,33.617259
2026-03-26 22:00+01:00,33.067083
2026-03-26 22:15+01:00,27.426517
2026-03-26 22:30+01:00,27.620394
2026-03-26 22:45+01:00,
2026-03-26 23:00+01:00,17.186978
2026-03-26 23:15+01:00,31.637119
2026-03-26 23:30+01:00,40.482894
2026-03-26 23:45+01:00,25.320449
2026-03-27 00:00+01:00,34.563450
2026-03-27 00:15+01:00,12.973681
2026-03-27 00:30+01:00,33.936380
2026-03-27 00:45+01:00,25.424112
2026-03-27 01:00+01:00,22.359365
2026-03-27 01:15+01:00,36.360840
2026-03-27 01:30+01:00,34.185119
2026-03-27 01:45+01:00,33.048926
2026-03-27 02:00+01:00,25.959174
2026-03-27 02:15+01:00,28.120024
2026-03-27 02:30+01:00,39.438073
2026-03-27 02:45+01:00,22.174440
2026-03-27 03:00+01:00,
2026-03-27 03:15+01:00,30.855523
2026-03-27 03:30+01:00,16.421522
2026-03-27 03:45+01:00,30.829766
2026-03-27 04:00+01:00,26.227728
2026-03-27 04:15+01:00,33.280115
2026-03-27 04:30+01:00,19.067212
2026-03-27 04:45+01:00,26.107137
2026-03-27 05:00+01:00,23.029044
2026-03-27 05:15+01:00,39.836051
2026-03-27 05:30+01:00,30.358455
2026-03-27 05:45+01:00,29.342902
2026-03-27 06:00+01:00,23.544498
2026-03-27 06:15+01:00,24.831840
2026-03-27 06:30+01:00,26.731346
2026-03-27 06:45+01:00,46.400297
2026-03-27 07:00+01:00,32.402170
2026-03-27 07:15+01:00,34.407248
2026-03-27 07:30+01:00,35.674290
2026-03-27 07:45+01:00,27.147826
2026-03-27 08:00+01:00,15.862890
2026-03-27 08:15+01:00,21.875620
2026-03-27 08:30+01:00,22.373613
2026-03-27 08:45+01:00,28.977449
2026-03-27 09:00+01:00,
2026-03-27 09:15+01:00,
2026-03-27 09:30+01:00,33.160549
2026-03-27 09:45+01:00,31.710444
2026-03-27 10:00+01:00,24.291849
2026-03-27 10:15+01:00,34.115185
2026-03-27 10:30+01:00,19.569184
2026-03-27 10:45+01:00,35.322360
2026-03-27 11:00+01:00,22.927005
2026-03-27 11:15+01:00,19.821343
2026-03-27 11:30+01:00,19.873974
2026-03-27 11:45+01:00,24.049459
2026-03-27 12:00+01:00,29.476685
2026-03-27 12:15+01:00,20.266998
2026-03-27 12:30+01:00,15.930302
2026-03-27 12:45+01:00,25.821986
2026-03-27 13:00+01:00,28.686780
2026-03-27 13:15+01:00,41.529887
2026-03-27 13:30+01:00,24.618024
2026-03-27 13:45+01:00,25.812089
2026-03-27 14:00+01:00,24.530539
2026-03-27 14:15+01:00,29.752167
2026-03-27 14:30+01:00,36.070076
2026-03-27 14:45+01:00,22.848122
2026-03-27 15:00+01:00,54.647516
2026-03-27 15:15+01:00,52.319988
2026-03-27 15:30+01:00,53.638118
2026-03-27 15:45+01:00,50.429172
2026-03-27 16:00+01:00,61.351650
2026-03-27 16:15+01:00,54.572708
2026-03-27 16:30+01:00,63.873731
2026-03-27 16:45+01:00,54.698031
2026-03-27 17:00+01:00,55.896064
2026-03-27 17:15+01:00,57.045408
2026-03-27 17:30+01:00,57.525188
2026-03-27 17:45+01:00,64.123764
2026-03-27 18:00+01:00,
2026-03-27 18:15+01:00,59.845987
2026-03-27 18:30+01:00,53.842940
2026-03-27 18:45+01:00,58.733240
2026-03-27 19:00+01:00,52.721838
2026-03-27 19:15+01:00,54.090096
2026-03-27 19:30+01:00,51.838576
2026-03-27 19:45+01:00,57.145435
2026-03-27 20:00+01:00,51.790526
2026-03-27 20:15+01:00,59.401847
2026-03-27 20:30+01:00,57.252386
2026-03-27 20:45+01:00,51.026580
2026-03-27 21:00+01:00,26.860971
2026-03-27 21:15+01:00,21.820800
2026-03-27 21:30+01:00,25.652802
2026-03-27 21:45+01:00,30.454534
2026-03-27 22:00+01:00,33.645477
2026-03-27 22:15+01:00,32.420995
2026-03-27 22:30+01:00,24.392878
2026-03-27 22:45+01:00,25.080768
2026-03-27 23:00+01:00,24.246505
2026-03-27 23:15+01:00,27.461995
2026-03-27 23:30+01:00,19.188370
2026-03-27 23:45+01:00,25.911972
2026-03-28 00:00+01:00,17.493720
2026-03-28 00:15+01:00,
2026-03-28 00:30+01:00,32.796278
2026-03-28 00:45+01:00,22.514966
2026-03-28 01:00+01:00,26.737608
2026-03-28 01:15+01:00,22.401596
2026-03-28 01:30+01:00,30.518060
2026-03-28 01:45+01:00,18.487173
2026-03-28 02:00+01:00,19.774935
2026-03-28 02:15+01:00,34.615880
2026-03-28 02:30+01:00,28.142630
2026-03-28 02:45+01:00,33.953108
2026-03-28 03:00+01:00,48.707436
2026-03-28 03:15+01:00,58.849052
2026-03-28 03:30+01:00,55.532669
2026-03-28 03:45+01:00,49.782297
2026-03-28 04:00+01:00,51.027237
2026-03-28 04:15+01:00,59.231238
2026-03-28 04:30+01:00,52.051915
2026-03-28 04:45+01:00,54.697572
2026-03-28 05:00+01:00,58.018491
2026-03-28 05:15+01:00,52.264418
2026-03-28 05:30+01:00,56.809944
2026-03-28 05:45+01:00,53.479987
2026-03-28 06:00+01:00,52.167159
2026-03-28 06:15+01:00,58.946067
2026-03-28 06:30+01:00,53.077745
2026-03-28 06:45+01:00,
2026-03-28 07:00+01:00,37.385763
2026-03-28 07:15+01:00,14.820136
2026-03-28 07:30+01:00,20.083069
2026-03-28 07:45+01:00,8.069424
2026-03-28 08:00+01:00,21.898751
2026-03-28 08:15+01:00,24.144708
2026-03-28 08:30+01:00,
2026-03-28 08:45+01:00,16.606715
2026-03-28 09:00+01:00,28.559097
2026-03-28 09:15+01:00,25.060477
2026-03-28 09:30+01:00,29.434365
2026-03-28 09:45+01:00,17.031285
2026-03-28 10:00+01:00,23.177915
2026-03-28 10:15+01:00,17.953177
2026-03-28 10:30+01:00,32.153941
2026-03-28 10:45+01:00,25.410505
2026-03-28 11:00+01:00,23.802918
2026-03-28 11:15+01:00,21.984126
2026-03-28 11:30+01:00,25.397641
2026-03-28 11:45+01:00,31.257167
2026-03-28 12:00+01:00,36.680587
2026-03-28 12:15+01:00,22.526680
2026-03-28 12:30+01:00,20.124899
2026-03-28 12:45+01:00,31.140964
2026-03-28 13:00+01:00,24.522801
2026-03-28 13:15+01:00,24.567560
2026-03-28 13:30+01:00,32.624785
2026-03-28 13:45+01:00,31.926735
2026-03-28 14:00+01:00,37.260049
2026-03-28 14:15+01:00,24.441177
2026-03-28 14:30+01:00,17.766756
2026-03-28 14:45+01:00,28.997496
2026-03-28 15:00+01:00,23.815369
2026-03-28 15:15+01:00,31.012654
2026-03-28 15:30+01:00,20.975727
2026-03-28 15:45+01:00,27.762988
2026-03-28 16:00+01:00,31.596795
2026-03-28 16:15+01:00,28.369904
2026-03-28 16:30+01:00,28.224331
2026-03-28 16:45+01:00,32.397120
2026-03-28 17:00+01:00,25.662738
2026-03-28 17:15+01:00,30.197872
2026-03-28 17:30+01:00,22.595185
2026-03-28 17:45+01:00,31.098940
2026-03-28 18:00+01:00,51.623616
2026-03-28 18:15+01:00,23.450779
2026-03-28 18:30+01:00,29.183174
2026-03-28 18:45+01:00,26.749805
2026-03-28 19:00+01:00,28.319010
2026-03-28 19:15+01:00,22.457122
2026-03-28 19:30+01:00,23.181323
2026-03-28 19:45+01:00,24.301319
2026-03-28 20:00+01:00,29.357214
2026-03-28 20:15+01:00,20.203265
2026-03-28 20:30+01:00,36.657510
2026-03-28 20:45+01:00,25.710103
2026-03-28 21:00+01:00,20.317190
2026-03-28 21:15+01:00,13.751255
2026-03-28 21:30+01:00,25.482464
2026-03-28 21:45+01:00,13.101972
2026-03-28 22:00+01:00,20.650254
2026-03-28 22:15+01:00,31.521353
2026-03-28 22:30+01:00,23.912204
2026-03-28 22:45+01:00,27.630520
2026-03-28 23:00+01:00,32.322863
2026-03-28 23:15+01:00,25.632741
2026-03-28 23:30+01:00,29.119956
2026-03-28 23:45+01:00,30.736801
2026-03-29 00:00+01:00,27.064040
2026-03-29 00:15+01:00,16.869290
2026-03-29 00:30+01:00,24.279259
2026-03-29 00:45+01:00,30.993029
2026-03-29 01:00+01:00,38.584022
2026-03-29 01:15+01:00,12.351943
2026-03-29 01:30+01:00,43.274099
2026-03-29 01:45+01:00,38.128349
2026-03-29 03:00+02:00,37.957569
2026-03-29 03:15+02:00,25.544104
2026-03-29 03:30+02:00,25.338494
2026-03-29 03:45+02:00,22.495437
2026-03-29 04:00+02:00,39.652159
2026-03-29 04:15+02:00,41.910108
2026-03-29 04:30+02:00,19.183785
2026-03-29 04:45+02:00,17.074006
2026-03-29 05:00+02:00,29.560004
2026-03-29 05:15+02:00,11.477093
2026-03-29 05:30+02:00,29.309509
2026-03-29 05:45+02:00,28.393222
2026-03-29 06:00+02:00,20.563424
2026-03-29 06:15+02:00,24.702194
2026-03-29 06:30+02:00,30.487810
2026-03-29 06:45+02:00,26.914304
2026-03-29 07:00+02:00,24.883211
2026-03-29 07:15+02:00,27.247330
2026-03-29 07:30+02:00,28.777318
2026-03-29 07:45+02:00,24.492680
2026-03-29 08:00+02:00,18.573256
2026-03-29 08:15+02:00,30.521602
2026-03-29 08:30+02:00,26.454824
2026-03-29 08:45+02:00,
2026-03-29 09:00+02:00,56.168069
2026-03-29 09:15+02:00,59.051988
2026-03-29 09:30+02:00,62.880400
2026-03-29 09:45+02:00,54.226451
2026-03-29 10:00+02:00,55.674424
2026-03-29 10:15+02:00,
2026-03-29 10:30+02:00,52.783556
2026-03-29 10:45+02:00,52.772287
2026-03-29 11:00+02:00,53.477249
2026-03-29 11:15+02:00,57.107435
2026-03-29 11:30+02:00,57.100543
2026-03-29 11:45+02:00,55.152429
2026-03-29 12:00+02:00,47.763987
2026-03-29 12:15+02:00,51.423960
2026-03-29 12:30+02:00,59.781931
2026-03-29 12:45+02:00,54.834653
2026-03-29 13:00+02:00,56.581788
2026-03-29 13:15+02:00,58.835203
2026-03-29 13:30+02:00,63.995946
2026-03-29 13:45+02:00,55.024920
2026-03-29 14:00+02:00,59.585042
2026-03-29 14:15+02:00,62.600176
2026-03-29 14:30+02:00,51.679481
2026-03-29 14:45+02:00,60.190492
2026-03-29 15:00+02:00,23.815706
2026-03-29 15:15+02:00,17.084366
2026-03-29 15:30+02:00,
2026-03-29 15:45+02:00,33.989716
2026-03-29 16:00+02:00,23.502181
2026-03-29 16:15+02:00,16.079934
2026-03-29 16:30+02:00,20.611859
2026-03-29 16:45+02:00,36.961486
2026-03-29 17:00+02:00,25.556225
2026-03-29 17:15+02:00,24.297996
2026-03-29 17:30+02:00,19.035181
2026-03-29 17:45+02:00,23.441030
2026-03-29 18:00+02:00,20.287566
2026-03-29 18:15+02:00,36.056595
2026-03-29 18:30+02:00,25.251515
2026-03-29 18:45+02:00,20.767630
2026-03-29 19:00+02:00,21.609646
2026-03-29 19:15+02:00,21.788658
2026-03-29 19:30+02:00,20.758919
2026-03-29 19:45+02:00,19.042860
2026-03-29 20:00+02:00,28.190669
2026-03-29 20:15+02:00,22.691653
2026-03-29 20:30+02:00,32.563057
2026-03-29 20:45+02:00,19.321922
2026-03-29 21:00+02:00,29.110173
2026-03-29 21:15+02:00,17.491497
2026-03-29 21:30+02:00,40.517505
2026-03-29 21:45+02:00,
2026-03-29 22:00+02:00,35.904957
2026-03-29 22:15+02:00,17.046767
2026-03-29 22:30+02:00,40.439424
2026-03-29 22:45+02:00,28.419093
2026-03-29 23:00+02:00,24.582416
2026-03-29 23:15+02:00,31.003251
2026-03-29 23:30+02:00,30.496939
2026-03-29 23:45+02:00,
2026-03-30 00:00+02:00,35.245093
2026-03-30 00:15+02:00,17.987724
2026-03-30 00:30+02:00,25.387079
2026-03-30 00:45+02:00,17.766102
2026-03-30 01:00+02:00,31.771837
2026-03-30 01:15+02:00,33.263355
2026-03-30 01:30+02:00,25.556961
2026-03-30 01:45+02:00,16.887605
2026-03-30 02:00+02:00,47.064331
2026-03-30 02:15+02:00,19.945765
2026-03-30 02:30+02:00,27.797118
2026-03-30 02:45+02:00,32.513814
2026-03-30 03:00+02:00,56.177479
2026-03-30 03:15+02:00,310.511800
2026-03-30 03:30+02:00,315.557385
2026-03-30 03:45+02:00,
2026-03-30 04:00+02:00,49.105318
2026-03-30 04:15+02:00,54.873949
2026-03-30 04:30+02:00,54.684551
2026-03-30 04:45+02:00,53.047177
2026-03-30 05:00+02:00,56.627008
2026-03-30 05:15+02:00,62.494902
2026-03-30 05:30+02:00,51.118688
2026-03-30 05:45+02:00,57.622903
2026-03-30 06:00+02:00,54.917976
2026-03-30 06:15+02:00,54.050787
2026-03-30 06:30+02:00,58.735033
2026-03-30 06:45+02:00,57.098327
2026-03-30 07:00+02:00,57.592874
2026-03-30 07:15+02:00,52.135222
2026-03-30 07:30+02:00,
2026-03-30 07:45+02:00,58.232738
2026-03-30 08:00+02:00,25.271553
2026-03-30 08:15+02:00,31.203227
2026-03-30 08:30+02:00,30.524886
2026-03-30 08:45+02:00,16.707342
2026-03-30 09:00+02:00,33.567973
2026-03-30 09:15+02:00,20.402910
2026-03-30 09:30+02:00,
2026-03-30 09:45+02:00,23.640537
2026-03-30 10:00+02:00,28.801595
2026-03-30 10:15+02:00,40.728090
2026-03-30 10:30+02:00,29.710486
2026-03-30 10:45+02:00,31.181686
2026-03-30 11:00+02:00,14.097804
2026-03-30 11:15+02:00,21.718156
2026-03-30 11:30+02:00,25.169146
2026-03-30 11:45+02:00,32.679281
2026-03-30 12:00+02:00,34.190702
2026-03-30 12:15+02:00,27.963547
2026-03-30 12:30+02:00,26.404725
2026-03-30 12:45+02:00,20.435329
2026-03-30 13:00+02:00,35.672726
2026-03-30 13:15+02:00,24.703889
2026-03-30 13:30+02:00,
2026-03-30 13:45+02:00,27.761245
2026-03-30 14:00+02:00,28.970667
2026-03-30 14:15+02:00,19.458642
2026-03-30 14:30+02:00,21.188790
2026-03-30 14:45+02:00,14.603033
2026-03-30 15:00+02:00,26.879278
2026-03-30 15:15+02:00,18.157693
2026-03-30 15:30+02:00,23.726338
2026-03-30 15:45+02:00,35.841814
2026-03-30 16:00+02:00,14.894382
2026-03-30 16:15+02:00,31.833713
2026-03-30 16:30+02:00,24.675014
2026-03-30 16:45+02:00,21.660821
2026-03-30 17:00+02:00,17.363401
2026-03-30 17:15+02:00,23.023258
2026-03-30 17:30+02:00,21.416640
2026-03-30 17:45+02:00,19.919672
2026-03-30 18:00+02:00,29.139043
2026-03-30 18:15+02:00,27.558741
2026-03-30 18:30+02:00,29.189747
2026-03-30 18:45+02:00,35.325251
2026-03-30 19:00+02:00,17.092668
2026-03-30 19:15+02:00,30.413063
2026-03-30 19:30+02:00,16.852426
2026-03-30 19:45+02:00,7.444286
2026-03-30 20:00+02:00,28.586318
2026-03-30 20:15+02:00,29.532427
2026-03-30 20:30+02:00,28.017810
2026-03-30 20:45+02:00,28.487155
2026-03-30 21:00+02:00,27.246426
2026-03-30 21:15+02:00,16.760990
2026-03-30 21:30+02:00,22.702560
2026-03-30 21:45+02:00,23.615896
2026-03-30 22:00+02:00,34.066799
2026-03-30 22:15+02:00,28.049083
2026-03-30 22:30+02:00,30.856953
2026-03-30 22:45+02:00,21.589372
2026-03-30 23:00+02:00,46.251084
2026-03-30 23:15+02:00,
2026-03-30 23:30+02:00,30.195079
2026-03-30 23:45+02:00,26.274220
2026-03-31 00:00+02:00,21.554842
2026-03-31 00:15+02:00,22.384016
2026-03-31 00:30+02:00,29.689000
2026-03-31 00:45+02:00,18.190375
2026-03-31 01:00+02:00,
2026-03-31 01:15+02:00,
2026-03-31 01:30+02:00,26.428789
2026-03-31 01:45+02:00,26.854561
2026-03-31 02:00+02:00,17.211072
2026-03-31 02:15+02:00,25.202732
2026-03-31 02:30+02:00,19.351983
2026-03-31 02:45+02:00,17.712628
2026-03-31 03:00+02:00,30.500259
2026-03-31 03:15+02:00,28.224061
2026-03-31 03:30+02:00,31.247476
2026-03-31 03:45+02:00,17.841174
2026-03-31 04:00+02:00,35.472787
2026-03-31 04:15+02:00,
2026-03-31 04:30+02:00,24.056427
2026-03-31 04:45+02:00,29.300359
2026-03-31 05:00+02:00,52.397735
2026-03-31 05:15+02:00,25.041538
2026-03-31 05:30+02:00,24.931385
2026-03-31 05:45+02:00,46.684175
2026-03-31 06:00+02:00,36.951188
2026-03-31 06:15+02:00,33.473917
2026-03-31 06:30+02:00,21.481982
2026-03-31 06:45+02:00,16.438025
2026-03-31 07:00+02:00,
2026-03-31 07:15+02:00,25.276457
2026-03-31 07:30+02:00,28.076802
2026-03-31 07:45+02:00,10.629349
2026-03-31 08:00+02:00,39.243088
2026-03-31 08:15+02:00,
2026-03-31 08:30+02:00,29.235489
2026-03-31 08:45+02:00,20.573993
2026-03-31 09:00+02:00,21.070452
2026-03-31 09:15+02:00,20.587776
2026-03-31 09:30+02:00,29.485806
2026-03-31 09:45+02:00,20.301562
2026-03-31 10:00+02:00,34.484230
2026-03-31 10:15+02:00,36.346750
2026-03-31 10:30+02:00,14.425301
2026-03-31 10:45+02:00,28.662274
2026-03-31 11:00+02:00,23.753196
2026-03-31 11:15+02:00,30.134037
2026-03-31 11:30+02:00,
2026-03-31 11:45+02:00,29.273366
2026-03-31 12:00+02:00,40.811357
2026-03-31 12:15+02:00,20.972328
2026-03-31 12:30+02:00,35.199965
2026-03-31 12:45+02:00,16.489841
2026-03-31 13:00+02:00,30.584299
2026-03-31 13:15+02:00,26.796167
2026-03-31 13:30+02:00,28.386303
2026-03-31 13:45+02:00,32.390477
2026-03-31 14:00+02:00,32.320213
2026-03-31 14:15+02:00,20.909850
2026-03-31 14:30+02:00,27.340096
2026-03-31 14:45+02:00,26.256624
2026-03-31 15:00+02:00,55.469963
2026-03-31 15:15+02:00,52.867014
2026-03-31 15:30+02:00,61.930364
2026-03-31 15:45+02:00,56.494064
2026-03-31 16:00+02:00,55.985505
2026-03-31 16:15+02:00,51.416375
2026-03-31 16:30+02:00,53.436539
2026-03-31 16:45+02:00,59.849230
2026-03-31 17:00+02:00,53.783507
2026-03-31 17:15+02:00,53.968291
2026-03-31 17:30+02:00,56.903324
2026-03-31 17:45+02:00,59.476138
2026-03-31 18:00+02:00,
2026-03-31 18:15+02:00,55.576876
2026-03-31 18:30+02:00,59.100759
2026-03-31 18:45+02:00,59.507456
2026-03-31 19:00+02:00,17.957307
2026-03-31 19:15+02:00,23.788301
2026-03-31 19:30+02:00,19.529385
2026-03-31 19:45+02:00,16.799105
2026-03-31 20:00+02:00,31.101642
2026-03-31 20:15+02:00,21.257152
2026-03-31 20:30+02:00,21.158119
2026-03-31 20:45+02:00,21.276739
2026-03-31 21:00+02:00,27.846159
2026-03-31 21:15+02:00,25.852926
2026-03-31 21:30+02:00,15.657055
2026-03-31 21:45+02:00,35.213257
2026-03-31 22:00+02:00,22.325133
2026-03-31 22:15+02:00,30.010872
2026-03-31 22:30+02:00,
2026-03-31 22:45+02:00,
2026-03-31 23:00+02:00,26.677491
2026-03-31 23:15+02:00,16.999643
2026-03-31 23:30+02:00,25.385066
2026-03-31 23:45+02:00,15.529341
2026-04-01 00:00+02:00,22.430339
2026-04-01 00:15+02:00,37.199431
2026-04-01 00:30+02:00,21.470163
2026-04-01 00:45+02:00,21.650811
2026-04-01 01:00+02:00,28.261002
2026-04-01 01:15+02:00,35.856585
2026-04-01 01:30+02:00,24.997983
2026-04-01 01:45+02:00,33.206240
2026-04-01 02:00+02:00,24.703410
2026-04-01 02:15+02:00,21.324129
2026-04-01 02:30+02:00,12.038899
2026-04-01 02:45+02:00,
2026-04-01 03:00+02:00,44.984848
2026-04-01 03:15+02:00,27.097884
2026-04-01 03:30+02:00,20.089854
2026-04-01 03:45+02:00,33.685007
2026-04-01 04:00+02:00,15.248926
2026-04-01 04:15+02:00,23.143527
2026-04-01 04:30+02:00,31.862746
2026-04-01 04:45+02:00,32.343656
2026-04-01 05:00+02:00,
2026-04-01 05:15+02:00,18.802019
2026-04-01 05:30+02:00,18.035532
2026-04-01 05:45+02:00,5.133140
2026-04-01 06:00+02:00,28.398974
2026-04-01 06:15+02:00,18.017896
2026-04-01 06:30+02:00,16.637060
2026-04-01 06:45+02:00,22.113960
2026-04-01 07:00+02:00,27.793061
2026-04-01 07:15+02:00,
2026-04-01 07:30+02:00,22.200686
2026-04-01 07:45+02:00,40.038178
2026-04-01 08:00+02:00,32.808201
2026-04-01 08:15+02:00,25.008784
2026-04-01 08:30+02:00,15.095413
2026-04-01 08:45+02:00,27.485205
2026-04-01 09:00+02:00,32.827895
2026-04-01 09:15+02:00,18.667807
2026-04-01 09:30+02:00,37.782875
2026-04-01 09:45+02:00,29.722204
2026-04-01 10:00+02:00,20.609850
2026-04-01 10:15+02:00,48.345772
2026-04-01 10:30+02:00,27.628734
2026-04-01 10:45+02:00,23.018699
2026-04-01 11:00+02:00,12.599731
2026-04-01 11:15+02:00,31.671609
2026-04-01 11:30+02:00,19.036010
2026-04-01 11:45+02:00,13.530622
2026-04-01 12:00+02:00,22.702877
2026-04-01 12:15+02:00,25.239260
2026-04-01 12:30+02:00,
2026-04-01 12:45+02:00,22.895575
2026-04-01 13:00+02:00,27.948963
2026-04-01 13:15+02:00,
2026-04-01 13:30+02:00,17.388201
2026-04-01 13:45+02:00,23.216568
2026-04-01 14:00+02:00,24.525641
2026-04-01 14:15+02:00,29.705446
2026-04-01 14:30+02:00,28.665239
2026-04-01 14:45+02:00,28.057625
2026-04-01 15:00+02:00,28.982036
2026-04-01 15:15+02:00,23.528977
2026-04-01 15:30+02:00,15.045834
2026-04-01 15:45+02:00,33.802317
2026-04-01 16:00+02:00,29.775750
2026-04-01 16:15+02:00,19.125253
2026-04-01 16:30+02:00,20.068583
2026-04-01 16:45+02:00,27.041139
2026-04-01 17:00+02:00,31.546075
2026-04-01 17:15+02:00,36.453073
2026-04-01 17:30+02:00,29.138642
2026-04-01 17:45+02:00,33.481666
2026-04-01 18:00+02:00,56.319810
2026-04-01 18:15+02:00,56.225287
2026-04-01 18:30+02:00,56.652116
2026-04-01 18:45+02:00,62.033863
2026-04-01 19:00+02:00,53.997765
2026-04-01 19:15+02:00,55.751219
2026-04-01 19:30+02:00,54.488185
2026-04-01 19:45+02:00,52.236453
2026-04-01 20:00+02:00,59.470532
2026-04-01 20:15+02:00,61.756355
2026-04-01 20:30+02:00,59.146712
2026-04-01 20:45+02:00,62.654371
2026-04-01 21:00+02:00,57.643437
2026-04-01 21:15+02:00,52.934290
2026-04-01 21:30+02:00,58.296172
2026-04-01 21:45+02:00,52.628766
2026-04-01 22:00+02:00,53.984887
2026-04-01 22:15+02:00,55.181863
2026-04-01 22:30+02:00,52.023223
2026-04-01 22:45+02:00,
2026-04-01 23:00+02:00,17.586865
2026-04-01 23:15+02:00,24.603125
2026-04-01 23:30+02:00,
2026-04-01 23:45+02:00,20.776351
2026-04-02 00:00+02:00,17.084569
2026-04-02 00:15+02:00,15.202446
2026-04-02 00:30+02:00,13.775516
2026-04-02 00:45+02:00,26.854645
2026-04-02 01:00+02:00,27.537630
2026-04-02 01:15+02:00,18.578426
2026-04-02 01:30+02:00,17.186536
2026-04-02 01:45+02:00,31.502511
2026-04-02 02:00+02:00,22.592556
2026-04-02 02:15+02:00,34.751332
2026-04-02 02:30+02:00,31.319335
2026-04-02 02:45+02:00,24.026552
2026-04-02 03:00+02:00,3.586843
2026-04-02 03:15+02:00,23.053930
2026-04-02 03:30+02:00,29.586276
2026-04-02 03:45+02:00,24.044965
2026-04-02 04:00+02:00,
2026-04-02 04:15+02:00,32.369174
2026-04-02 04:30+02:00,15.946553
2026-04-02 04:45+02:00,36.259728
2026-04-02 05:00+02:00,35.630191
2026-04-02 05:15+02:00,22.780123
2026-04-02 05:30+02:00,16.658444
2026-04-02 05:45+02:00,24.943716
2026-04-02 06:00+02:00,22.935075
2026-04-02 06:15+02:00,29.703165
2026-04-02 06:30+02:00,22.152034
2026-04-02 06:45+02:00,26.919588
2026-04-02 07:00+02:00,21.334002
2026-04-02 07:15+02:00,34.955225
2026-04-02 07:30+02:00,29.934012
2026-04-02 07:45+02:00,24.002640
2026-04-02 08:00+02:00,23.650953
2026-04-02 08:15+02:00,10.338789
2026-04-02 08:30+02:00,19.216719
2026-04-02 08:45+02:00,35.465881
2026-04-02 09:00+02:00,18.657600
2026-04-02 09:15+02:00,18.981449
2026-04-02 09:30+02:00,30.646456
2026-04-02 09:45+02:00,
2026-04-02 10:00+02:00,
2026-04-02 10:15+02:00,10.834428
2026-04-02 10:30+02:00,22.548049
2026-04-02 10:45+02:00,14.374926
2026-04-02 11:00+02:00,32.246401
2026-04-02 11:15+02:00,39.367230
2026-04-02 11:30+02:00,25.073056
2026-04-02 11:45+02:00,21.170698
2026-04-02 12:00+02:00,
2026-04-02 12:15+02:00,32.472970
2026-04-02 12:30+02:00,25.613076
2026-04-02 12:45+02:00,30.924111
2026-04-02 13:00+02:00,25.318760
2026-04-02 13:15+02:00,38.299883
2026-04-02 13:30+02:00,29.491405
2026-04-02 13:45+02:00,28.567279
2026-04-02 14:00+02:00,24.866753
2026-04-02 14:15+02:00,40.392209
2026-04-02 14:30+02:00,35.393965
2026-04-02 14:45+02:00,21.425347
2026-04-02 15:00+02:00,
2026-04-02 15:15+02:00,53.734438
2026-04-02 15:30+02:00,59.842518
2026-04-02 15:45+02:00,58.982452
2026-04-02 16:00+02:00,50.899326
2026-04-02 16:15+02:00,55.089820
2026-04-02 16:30+02:00,55.049913
2026-04-02 16:45+02:00,59.625940
2026-04-02 17:00+02:00,55.659665
2026-04-02 17:15+02:00,58.576402
2026-04-02 17:30+02:00,58.197257
2026-04-02 17:45+02:00,
2026-04-02 18:00+02:00,54.800818
2026-04-02 18:15+02:00,54.851006
2026-04-02 18:30+02:00,54.172062
2026-04-02 18:45+02:00,52.262937
2026-04-02 19:00+02:00,55.748780
2026-04-02 19:15+02:00,62.433977
2026-04-02 19:30+02:00,57.546209
2026-04-02 19:45+02:00,52.031201
2026-04-02 20:00+02:00,29.016842
2026-04-02 20:15+02:00,33.738076
2026-04-02 20:30+02:00,27.110069
2026-04-02 20:45+02:00,27.173623
2026-04-02 21:00+02:00,28.121001
2026-04-02 21:15+02:00,2.008329
2026-04-02 21:30+02:00,
2026-04-02 21:45+02:00,22.812585
2026-04-02 22:00+02:00,31.650502
2026-04-02 22:15+02:00,26.329912
2026-04-02 22:30+02:00,26.612162
2026-04-02 22:45+02:00,26.550632
2026-04-02 23:00+02:00,37.542614
2026-04-02 23:15+02:00,27.356398
2026-04-02 23:30+02:00,21.441928
2026-04-02 23:45+02:00,
2026-04-03 00:00+02:00,42.074185
2026-04-03 00:15+02:00,29.229933
2026-04-03 00:30+02:00,20.408657
2026-04-03 00:45+02:00,22.191081
2026-04-03 01:00+02:00,17.310430
2026-04-03 01:15+02:00,25.130151
2026-04-03 01:30+02:00,30.766801
2026-04-03 01:45+02:00,15.095585
2026-04-03 02:00+02:00,21.285886
2026-04-03 02:15+02:00,25.586772
2026-04-03 02:30+02:00,18.292794
2026-04-03 02:45+02:00,11.398506
2026-04-03 03:00+02:00,22.586839
2026-04-03 03:15+02:00,30.912907
2026-04-03 03:30+02:00,17.705200
2026-04-03 03:45+02:00,22.143119
2026-04-03 04:00+02:00,112.565668
2026-04-03 04:15+02:00,277.807592
2026-04-03 04:30+02:00,38.381484
2026-04-03 04:45+02:00,40.282083
2026-04-03 05:00+02:00,32.557354
2026-04-03 05:15+02:00,35.144258
2026-04-03 05:30+02:00,22.683627
2026-04-03 05:45+02:00,6.131580
2026-04-03 06:00+02:00,
2026-04-03 06:15+02:00,54.080701
2026-04-03 06:30+02:00,56.780099
2026-04-03 06:45+02:00,54.635814
2026-04-03 07:00+02:00,57.821370
2026-04-03 07:15+02:00,54.895636
2026-04-03 07:30+02:00,53.968591
2026-04-03 07:45+02:00,61.489559
2026-04-03 08:00+02:00,
2026-04-03 08:15+02:00,53.521108
2026-04-03 08:30+02:00,54.604450
2026-04-03 08:45+02:00,56.983465
2026-04-03 09:00+02:00,57.256601
2026-04-03 09:15+02:00,57.608478
2026-04-03 09:30+02:00,56.828006
2026-04-03 09:45+02:00,56.508598
2026-04-03 10:00+02:00,58.678183
2026-04-03 10:15+02:00,62.044522
2026-04-03 10:30+02:00,57.215610
2026-04-03 10:45+02:00,56.658552
2026-04-03 11:00+02:00,55.097757
2026-04-03 11:15+02:00,53.097124
2026-04-03 11:30+02:00,56.804367
2026-04-03 11:45+02:00,50.853245
2026-04-03 12:00+02:00,26.012175
2026-04-03 12:15+02:00,25.652439
2026-04-03 12:30+02:00,11.017562
2026-04-03 12:45+02:00,16.484411
2026-04-03 13:00+02:00,26.255983
2026-04-03 13:15+02:00,29.161138
2026-04-03 13:30+02:00,24.106670
2026-04-03 13:45+02:00,21.722835
2026-04-03 14:00+02:00,28.237426
2026-04-03 14:15+02:00,18.332746
2026-04-03 14:30+02:00,17.187002
2026-04-03 14:45+02:00,13.670129
2026-04-03 15:00+02:00,31.684087
2026-04-03 15:15+02:00,25.764658
2026-04-03 15:30+02:00,28.606048
2026-04-03 15:45+02:00,17.308573
2026-04-03 16:00+02:00,21.187147
2026-04-03 16:15+02:00,38.380262
2026-04-03 16:30+02:00,21.170111
2026-04-03 16:45+02:00,19.863782
2026-04-03 17:00+02:00,38.065685
2026-04-03 17:15+02:00,24.036938
2026-04-03 17:30+02:00,30.938297
2026-04-03 17:45+02:00,37.434829
2026-04-03 18:00+02:00,35.672616
2026-04-03 18:15+02:00,29.311241
2026-04-03 18:30+02:00,31.977320
2026-04-03 18:45+02:00,20.050767
2026-04-03 19:00+02:00,21.037478
2026-04-03 19:15+02:00,27.210370
2026-04-03 19:30+02:00,13.584156
2026-04-03 19:45+02:00,19.331887
2026-04-03 20:00+02:00,19.271728
2026-04-03 20:15+02:00,
2026-04-03 20:30+02:00,10.483433
2026-04-03 20:45+02:00,33.230194
2026-04-03 21:00+02:00,56.284784
2026-04-03 21:15+02:00,58.343512
2026-04-03 21:30+02:00,54.875231
2026-04-03 21:45+02:00,58.491373
2026-04-03 22:00+02:00,53.235798
2026-04-03 22:15+02:00,59.096606
2026-04-03 22:30+02:00,53.288215
2026-04-03 22:45+02:00,
2026-04-03 23:00+02:00,49.757468
2026-04-03 23:15+02:00,64.284788
2026-04-03 23:30+02:00,58.099130
2026-04-03 23:45+02:00,51.788308
2026-04-04 00:00+02:00,33.738447
2026-04-04 00:15+02:00,18.031374
2026-04-04 00:30+02:00,26.487675
2026-04-04 00:45+02:00,24.914215
2026-04-04 01:00+02:00,13.437407
2026-04-04 01:15+02:00,32.897666
2026-04-04 01:30+02:00,
2026-04-04 01:45+02:00,29.637499
2026-04-04 02:00+02:00,
2026-04-04 02:15+02:00,26.505452
2026-04-04 02:30+02:00,21.568636
2026-04-04 02:45+02:00,34.213334
2026-04-04 03:00+02:00,57.543461
2026-04-04 03:15+02:00,53.074160
2026-04-04 03:30+02:00,60.793563
2026-04-04 03:45+02:00,61.416819
2026-04-04 04:00+02:00,51.912263
2026-04-04 04:15+02:00,55.380723
2026-04-04 04:30+02:00,58.680539
2026-04-04 04:45+02:00,54.513468
2026-04-04 05:00+02:00,57.550193
2026-04-04 05:15+02:00,51.988526
2026-04-04 05:30+02:00,54.910654
2026-04-04 05:45+02:00,54.364300
2026-04-04 06:00+02:00,57.149522
2026-04-04 06:15+02:00,51.088266
2026-04-04 06:30+02:00,56.460601
2026-04-04 06:45+02:00,55.059944
2026-04-04 07:00+02:00,
2026-04-04 07:15+02:00,20.387464
2026-04-04 07:30+02:00,18.129635
2026-04-04 07:45+02:00,39.288924
2026-04-04 08:00+02:00,46.762060
2026-04-04 08:15+02:00,41.517145
2026-04-04 08:30+02:00,20.824754
2026-04-04 08:45+02:00,21.172164
2026-04-04 09:00+02:00,
2026-04-04 09:15+02:00,
2026-04-04 09:30+02:00,
2026-04-04 09:45+02:00,
2026-04-04 10:00+02:00,
2026-04-04 10:15+02:00,
2026-04-04 10:30+02:00,
2026-04-04 10:45+02:00,
2026-04-04 11:00+02:00,
2026-04-04 11:15+02:00,
2026-04-04 11:30+02:00,
2026-04-04 11:45+02:00,22.987960
2026-04-04 12:00+02:00,15.802266
2026-04-04 12:15+02:00,25.381873
2026-04-04 12:30+02:00,28.075861
2026-04-04 12:45+02:00,
2026-04-04 13:00+02:00,36.545005
2026-04-04 13:15+02:00,19.799451
2026-04-04 13:30+02:00,30.339992
2026-04-04 13:45+02:00,21.236451
2026-04-04 14:00+02:00,21.328802
2026-04-04 14:15+02:00,35.604371
2026-04-04 14:30+02:00,38.622515
2026-04-04 14:45+02:00,18.386913
2026-04-04 15:00+02:00,16.464406
2026-04-04 15:15+02:00,34.907139
2026-04-04 15:30+02:00,22.415898
2026-04-04 15:45+02:00,33.148495
2026-04-04 16:00+02:00,31.363353
2026-04-04 16:15+02:00,19.122791
2026-04-04 16:30+02:00,31.949447
2026-04-04 16:45+02:00,18.267103
2026-04-04 17:00+02:00,21.476813
2026-04-04 17:15+02:00,25.434407
2026-04-04 17:30+02:00,23.656229
2026-04-04 17:45+02:00,37.318578
2026-04-04 18:00+02:00,24.350042
2026-04-04 18:15+02:00,31.980875
2026-04-04 18:30+02:00,24.707280
2026-04-04 18:45+02:00,26.953861
2026-04-04 19:00+02:00,304.361265
2026-04-04 19:15+02:00,193.586764
2026-04-04 19:30+02:00,
2026-04-04 19:45+02:00,32.056989
2026-04-04 20:00+02:00,25.595383
2026-04-04 20:15+02:00,25.299770
2026-04-04 20:30+02:00,29.065879
2026-04-04 20:45+02:00,14.653521
2026-04-04 21:00+02:00,32.817364
2026-04-04 21:15+02:00,22.901806
2026-04-04 21:30+02:00,26.455016
2026-04-04 21:45+02:00,26.059125
2026-04-04 22:00+02:00,13.942581
2026-04-04 22:15+02:00,12.981203
2026-04-04 22:30+02:00,36.240458
2026-04-04 22:45+02:00,16.919558
2026-04-04 23:00+02:00,25.704294
2026-04-04 23:15+02:00,38.683962
2026-04-04 23:30+02:00,17.510308
2026-04-04 23:45+02:00,25.332818
2026-04-05 00:00+02:00,18.766217
