timestamp,value_kwh
2026-01-05 00:15+01:00,0.007830
2026-01-05 00:30+01:00,0.009124
2026-01-05 00:45+01:00,0.008287
2026-01-05 01:00+01:00,0.009624
2026-01-05 01:15+01:00,0.006927
2026-01-05 01:30+01:00,0.009865
2026-01-05 01:45+01:00,0.008395
2026-01-05 02:00+01:00,0.007647
2026-01-05 02:15+01:00,0.008564
2026-01-05 02:30+01:00,0.007939
2026-01-05 02:45+01:00,0.010654
2026-01-05 03:00+01:00,0.009110
2026-01-05 03:15+01:00,0.011195
2026-01-05 03:30+01:00,0.009272
2026-01-05 03:45+01:00,0.010066
2026-01-05 04:00+01:00,0.009516
2026-01-05 04:15+01:00,0.010066
2026-01-05 04:30+01:00,0.008384
2026-01-05 04:45+01:00,0.008177
2026-01-05 05:00+01:00,0.005411
2026-01-05 05:15+01:00,0.008397
2026-01-05 05:30+01:00,0.009709
2026-01-05 05:45+01:00,0.009628
2026-01-05 06:00+01:00,0.000000
2026-01-05 06:15+01:00,0.008612
2026-01-05 06:30+01:00,0.008861
2026-01-05 06:45+01:00,0.008564
2026-01-05 07:00+01:00,0.125575
2026-01-05 07:15+01:00,0.122475
2026-01-05 07:30+01:00,0.118709
2026-01-05 07:45+01:00,0.114339
2026-01-05 08:00+01:00,0.112959
2026-01-05 08:15+01:00,0.121891
2026-01-05 08:30+01:00,0.121546
2026-01-05 08:45+01:00,0.121659
2026-01-05 09:00+01:00,0.125091
2026-01-05 09:15+01:00,0.133022
2026-01-05 09:30+01:00,0.128459
2026-01-05 09:45+01:00,
2026-01-05 10:00+01:00,0.138639
2026-01-05 10:15+01:00,0.123968
2026-01-05 10:30+01:00,0.127324
2026-01-05 10:45+01:00,0.123472
2026-01-05 11:00+01:00,0.120039
2026-01-05 11:15+01:00,0.130885
2026-01-05 11:30+01:00,0.124262
2026-01-05 11:45+01:00,0.123407
2026-01-05 12:00+01:00,0.129055
2026-01-05 12:15+01:00,0.118886
2026-01-05 12:30+01:00,0.118649
2026-01-05 12:45+01:00,0.127955
2026-01-05 13:00+01:00,0.136227
2026-01-05 13:15+01:00,0.138863
2026-01-05 13:30+01:00,0.125319
2026-01-05 13:45+01:00,0.124074
2026-01-05 14:00+01:00,0.114647
2026-01-05 14:15+01:00,0.124772
2026-01-05 14:30+01:00,0.130779
2026-01-05 14:45+01:00,0.114901
2026-01-05 15:00+01:00,0.134669
2026-01-05 15:15+01:00,0.124465
2026-01-05 15:30+01:00,0.120109
2026-01-05 15:45+01:00,0.128760
2026-01-05 16:00+01:00,0.118989
2026-01-05 16:15+01:00,0.134221
2026-01-05 16:30+01:00,0.125929
2026-01-05 16:45+01:00,0.126532
2026-01-05 17:00+01:00,0.119468
2026-01-05 17:15+01:00,0.128267
2026-01-05 17:30+01:00,0.125680
2026-01-05 17:45+01:00,0.115290
2026-01-05 18:00+01:00,0.008321
2026-01-05 18:15+01:00,0.007588
2026-01-05 18:30+01:00,0.008878
2026-01-05 18:45+01:00,0.008194
2026-01-05 19:00+01:00,0.008167
2026-01-05 19:15+01:00,0.009203
2026-01-05 19:30+01:00,0.008450
2026-01-05 19:45+01:00,0.000000
2026-01-05 20:00+01:00,0.010903
2026-01-05 20:15+01:00,0.009319
2026-01-05 20:30+01:00,0.008506
2026-01-05 20:45+01:00,0.008995
2026-01-05 21:00+01:00,0.006220
2026-01-05 21:15+01:00,0.000000
2026-01-05 21:30+01:00,0.009344
2026-01-05 21:45+01:00,0.007396
2026-01-05 22:00+01:00,0.009265
2026-01-05 22:15+01:00,0.009346
2026-01-05 22:30+01:00,0.010859
2026-01-05 22:45+01:00,0.000000
2026-01-05 23:00+01:00,0.007819
2026-01-05 23:15+01:00,0.008429
2026-01-05 23:30+01:00,0.000000
2026-01-05 23:45+01:00,0.008130
2026-01-06 00:00+01:00,0.008733
2026-01-06 00:15+01:00,0.011793
2026-01-06 00:30+01:00,0.010544
2026-01-06 00:45+01:00,0.009312
2026-01-06 01:00+01:00,0.006784
2026-01-06 01:15+01:00,0.009526
2026-01-06 01:30+01:00,0.008473
2026-01-06 01:45+01:00,0.008373
2026-01-06 02:00+01:00,0.009993
2026-01-06 02:15+01:00,0.000000
2026-01-06 02:30+01:00,0.008223
2026-01-06 02:45+01:00,0.008548
2026-01-06 03:00+01:00,0.007949
2026-01-06 03:15+01:00,0.008027
2026-01-06 03:30+01:00,0.008705
2026-01-06 03:45+01:00,0.009257
2026-01-06 04:00+01:00,0.000000
2026-01-06 04:15+01:00,0.010394
2026-01-06 04:30+01:00,0.011376
2026-01-06 04:45+01:00,0.010963
2026-01-06 05:00+01:00,0.008394
2026-01-06 05:15+01:00,0.009281
2026-01-06 05:30+01:00,0.008658
2026-01-06 05:45+01:00,0.006030
2026-01-06 06:00+01:00,0.008422
2026-01-06 06:15+01:00,0.007810
2026-01-06 06:30+01:00,0.010445
2026-01-06 06:45+01:00,0.009869
2026-01-06 07:00+01:00,0.125636
2026-01-06 07:15+01:00,0.115125
2026-01-06 07:30+01:00,0.113222
2026-01-06 07:45+01:00,0.118440
2026-01-06 08:00+01:00,0.125483
2026-01-06 08:15+01:00,0.132646
2026-01-06 08:30+01:00,0.124724
2026-01-06 08:45+01:00,0.130841
2026-01-06 09:00+01:00,0.130572
2026-01-06 09:15+01:00,0.118880
2026-01-06 09:30+01:00,0.123182
2026-01-06 09:45+01:00,0.126694
2026-01-06 10:00+01:00,0.130262
2026-01-06 10:15+01:00,0.116966
2026-01-06 10:30+01:00,0.132804
2026-01-06 10:45+01:00,0.128064
2026-01-06 11:00+01:00,0.125387
2026-01-06 11:15+01:00,0.126261
2026-01-06 11:30+01:00,0.120660
2026-01-06 11:45+01:00,0.122716
2026-01-06 12:00+01:00,0.140032
2026-01-06 12:15+01:00,0.120667
2026-01-06 12:30+01:00,0.115001
2026-01-06 12:45+01:00,0.121808
2026-01-06 13:00+01:00,0.127451
2026-01-06 13:15+01:00,0.127107
2026-01-06 13:30+01:00,0.131447
2026-01-06 13:45+01:00,0.123020
2026-01-06 14:00+01:00,0.118546
2026-01-06 14:15+01:00,0.125545
2026-01-06 14:30+01:00,0.126561
2026-01-06 14:45+01:00,0.122246
2026-01-06 15:00+01:00,0.127880
2026-01-06 15:15+01:00,0.133200
2026-01-06 15:30+01:00,0.114573
2026-01-06 15:45+01:00,0.124121
2026-01-06 16:00+01:00,0.119027
2026-01-06 16:15+01:00,0.125387
2026-01-06 16:30+01:00,0.123932
2026-01-06 16:45+01:00,0.128104
2026-01-06 17:00+01:00,0.129477
2026-01-06 17:15+01:00,0.128536
2026-01-06 17:30+01:00,0.129047
2026-01-06 17:45+01:00,0.114234
2026-01-06 18:00+01:00,0.008635
2026-01-06 18:15+01:00,0.008163
2026-01-06 18:30+01:00,0.007658
2026-01-06 18:45+01:00,0.008517
2026-01-06 19:00+01:00,0.006467
2026-01-06 19:15+01:00,0.010787
2026-01-06 19:30+01:00,0.008257
2026-01-06 19:45+01:00,0.010260
2026-01-06 20:00+01:00,0.008992
2026-01-06 20:15+01:00,0.009579
2026-01-06 20:30+01:00,0.008264
2026-01-06 20:45+01:00,0.006685
2026-01-06 21:00+01:00,0.008148
2026-01-06 21:15+01:00,0.008064
2026-01-06 21:30+01:00,0.011671
2026-01-06 21:45+01:00,
2026-01-06 22:00+01:00,0.009975
2026-01-06 22:15+01:00,0.009554
2026-01-06 22:30+01:00,0.007924
2026-01-06 22:45+01:00,0.007847
2026-01-06 23:00+01:00,0.006301
2026-01-06 23:15+01:00,0.007262
2026-01-06 23:30+01:00,0.008076
2026-01-06 23:45+01:00,0.010251
2026-01-07 00:00+01:00,0.009075
2026-01-07 00:15+01:00,0.008513
2026-01-07 00:30+01:00,0.011143
2026-01-07 00:45+01:00,0.008784
2026-01-07 01:00+01:00,0.008561
2026-01-07 01:15+01:00,0.008373
2026-01-07 01:30+01:00,0.008074
2026-01-07 01:45+01:00,0.005742
2026-01-07 02:00+01:00,0.007202
2026-01-07 02:15+01:00,0.006203
2026-01-07 02:30+01:00,0.008504
2026-01-07 02:45+01:00,0.007017
2026-01-07 03:00+01:00,0.010986
2026-01-07 03:15+01:00,0.009870
2026-01-07 03:30+01:00,0.009570
2026-01-07 03:45+01:00,0.006184
2026-01-07 04:00+01:00,0.009264
2026-01-07 04:15+01:00,0.009061
2026-01-07 04:30+01:00,0.009621
2026-01-07 04:45+01:00,0.004393
2026-01-07 05:00+01:00,0.009354
2026-01-07 05:15+01:00,0.008798
2026-01-07 05:30+01:00,0.009731
2026-01-07 05:45+01:00,0.005947
2026-01-07 06:00+01:00,0.010068
2026-01-07 06:15+01:00,0.008359
2026-01-07 06:30+01:00,0.009269
2026-01-07 06:45+01:00,0.008637
2026-01-07 07:00+01:00,0.119918
2026-01-07 07:15+01:00,0.124614
2026-01-07 07:30+01:00,0.120006
2026-01-07 07:45+01:00,0.119494
2026-01-07 08:00+01:00,0.142620
2026-01-07 08:15+01:00,0.129429
2026-01-07 08:30+01:00,0.115965
2026-01-07 08:45+01:00,0.125404
2026-01-07 09:00+01:00,0.125744
2026-01-07 09:15+01:00,0.132546
2026-01-07 09:30+01:00,0.125821
2026-01-07 09:45+01:00,0.111066
2026-01-07 10:00+01:00,0.132176
2026-01-07 10:15+01:00,0.122219
2026-01-07 10:30+01:00,0.128418
2026-01-07 10:45+01:00,0.131903
2026-01-07 11:00+01:00,0.124482
2026-01-07 11:15+01:00,0.122581
2026-01-07 11:30+01:00,0.125432
2026-01-07 11:45+01:00,0.131777
2026-01-07 12:00+01:00,0.120375
2026-01-07 12:15+01:00,0.122979
2026-01-07 12:30+01:00,0.127067
2026-01-07 12:45+01:00,0.122878
2026-01-07 13:00+01:00,0.126153
2026-01-07 13:15+01:00,0.130103
2026-01-07 13:30+01:00,0.105237
2026-01-07 13:45+01:00,0.127994
2026-01-07 14:00+01:00,0.126541
2026-01-07 14:15+01:00,0.116631
2026-01-07 14:30+01:00,0.127249
2026-01-07 14:45+01:00,0.124453
2026-01-07 15:00+01:00,0.112181
2026-01-07 15:15+01:00,0.120925
2026-01-07 15:30+01:00,0.120145
2026-01-07 15:45+01:00,0.113423
2026-01-07 16:00+01:00,0.123187
2026-01-07 16:15+01:00,0.120765
2026-01-07 16:30+01:00,0.134717
2026-01-07 16:45+01:00,0.138499
2026-01-07 17:00+01:00,0.126438
2026-01-07 17:15+01:00,0.128975
2026-01-07 17:30+01:00,0.127628
2026-01-07 17:45+01:00,0.113528
2026-01-07 18:00+01:00,0.010306
2026-01-07 18:15+01:00,0.009737
2026-01-07 18:30+01:00,0.008553
2026-01-07 18:45+01:00,0.009164
2026-01-07 19:00+01:00,0.007673
2026-01-07 19:15+01:00,0.008302
2026-01-07 19:30+01:00,0.000000
2026-01-07 19:45+01:00,0.006995
2026-01-07 20:00+01:00,0.009188
2026-01-07 20:15+01:00,0.010164
2026-01-07 20:30+01:00,0.008889
2026-01-07 20:45+01:00,0.008258
2026-01-07 21:00+01:00,0.007404
2026-01-07 21:15+01:00,0.010907
2026-01-07 21:30+01:00,0.000000
2026-01-07 21:45+01:00,0.010078
2026-01-07 22:00+01:00,
2026-01-07 22:15+01:00,0.005303
2026-01-07 22:30+01:00,0.007770
2026-01-07 22:45+01:00,0.007533
2026-01-07 23:00+01:00,0.007711
2026-01-07 23:15+01:00,0.012750
2026-01-07 23:30+01:00,0.010220
2026-01-07 23:45+01:00,0.007218
2026-01-08 00:00+01:00,0.007542
2026-01-08 00:15+01:00,0.007598
2026-01-08 00:30+01:00,0.012434
2026-01-08 00:45+01:00,0.009737
2026-01-08 01:00+01:00,0.009687
2026-01-08 01:15+01:00,0.000000
2026-01-08 01:30+01:00,0.009769
2026-01-08 01:45+01:00,0.009794
2026-01-08 02:00+01:00,0.009314
2026-01-08 02:15+01:00,0.008872
2026-01-08 02:30+01:00,0.008444
2026-01-08 02:45+01:00,0.006117
2026-01-08 03:00+01:00,0.008593
2026-01-08 03:15+01:00,0.006964
2026-01-08 03:30+01:00,0.007122
2026-01-08 03:45+01:00,0.008544
2026-01-08 04:00+01:00,0.007254
2026-01-08 04:15+01:00,0.010517
2026-01-08 04:30+01:00,0.007465
2026-01-08 04:45+01:00,0.009077
2026-01-08 05:00+01:00,0.010790
2026-01-08 05:15+01:00,0.009156
2026-01-08 05:30+01:00,0.010416
2026-01-08 05:45+01:00,0.007262
2026-01-08 06:00+01:00,0.009891
2026-01-08 06:15+01:00,0.006466
2026-01-08 06:30+01:00,0.006389
2026-01-08 06:45+01:00,0.007363
2026-01-08 07:00+01:00,0.121485
2026-01-08 07:15+01:00,0.133253
2026-01-08 07:30+01:00,0.130161
2026-01-08 07:45+01:00,0.130742
2026-01-08 08:00+01:00,0.128761
2026-01-08 08:15+01:00,0.126364
2026-01-08 08:30+01:00,0.125580
2026-01-08 08:45+01:00,0.126247
2026-01-08 09:00+01:00,0.122229
2026-01-08 09:15+01:00,0.114728
2026-01-08 09:30+01:00,0.124749
2026-01-08 09:45+01:00,0.124640
2026-01-08 10:00+01:00,0.126130
2026-01-08 10:15+01:00,0.130907
2026-01-08 10:30+01:00,0.134335
2026-01-08 10:45+01:00,0.133462
2026-01-08 11:00+01:00,0.128975
2026-01-08 11:15+01:00,0.116397
2026-01-08 11:30+01:00,0.127816
2026-01-08 11:45+01:00,0.124597
2026-01-08 12:00+01:00,0.129335
2026-01-08 12:15+01:00,0.123979
2026-01-08 12:30+01:00,0.128361
2026-01-08 12:45+01:00,0.125667
2026-01-08 13:00+01:00,0.126645
2026-01-08 13:15+01:00,0.125063
2026-01-08 13:30+01:00,0.122580
2026-01-08 13:45+01:00,0.123048
2026-01-08 14:00+01:00,0.127076
2026-01-08 14:15+01:00,0.129301
2026-01-08 14:30+01:00,0.114142
2026-01-08 14:45+01:00,0.115936
2026-01-08 15:00+01:00,0.123639
2026-01-08 15:15+01:00,0.121627
2026-01-08 15:30+01:00,0.139734
2026-01-08 15:45+01:00,0.122496
2026-01-08 16:00+01:00,0.122987
2026-01-08 16:15+01:00,0.124913
2026-01-08 16:30+01:00,0.131836
2026-01-08 16:45+01:00,0.126051
2026-01-08 17:00+01:00,0.121371
2026-01-08 17:15+01:00,0.126804
2026-01-08 17:30+01:00,0.121621
2026-01-08 17:45+01:00,0.127002
2026-01-08 18:00+01:00,0.006299
2026-01-08 18:15+01:00,
2026-01-08 18:30+01:00,0.008948
2026-01-08 18:45+01:00,0.009611
2026-01-08 19:00+01:00,0.008018
2026-01-08 19:15+01:00,0.009296
2026-01-08 19:30+01:00,0.008046
2026-01-08 19:45+01:00,0.007869
2026-01-08 20:00+01:00,0.008958
2026-01-08 20:15+01:00,0.009461
2026-01-08 20:30+01:00,0.007916
2026-01-08 20:45+01:00,0.012899
2026-01-08 21:00+01:00,0.009375
2026-01-08 21:15+01:00,0.010030
2026-01-08 21:30+01:00,0.007845
2026-01-08 21:45+01:00,0.010440
2026-01-08 22:00+01:00,0.005182
2026-01-08 22:15+01:00,0.009272
2026-01-08 22:30+01:00,0.011502
2026-01-08 22:45+01:00,0.009324
2026-01-08 23:00+01:00,0.009597
2026-01-08 23:15+01:00,0.008692
2026-01-08 23:30+01:00,0.007234
2026-01-08 23:45+01:00,0.006804
2026-01-09 00:00+01:00,0.000000
2026-01-09 00:15+01:00,0.006156
2026-01-09 00:30+01:00,0.006543
2026-01-09 00:45+01:00,0.009229
2026-01-09 01:00+01:00,0.009361
2026-01-09 01:15+01:00,0.007263
2026-01-09 01:30+01:00,0.009909
2026-01-09 01:45+01:00,0.010580
2026-01-09 02:00+01:00,0.009686
2026-01-09 02:15+01:00,0.009635
2026-01-09 02:30+01:00,0.007880
2026-01-09 02:45+01:00,0.011391
2026-01-09 03:00+01:00,0.007449
2026-01-09 03:15+01:00,
2026-01-09 03:30+01:00,0.000000
2026-01-09 03:45+01:00,0.008440
2026-01-09 04:00+01:00,0.000000
2026-01-09 04:15+01:00,0.007305
2026-01-09 04:30+01:00,0.006611
2026-01-09 04:45+01:00,0.007795
2026-01-09 05:00+01:00,0.009986
2026-01-09 05:15+01:00,0.009283
2026-01-09 05:30+01:00,0.005554
2026-01-09 05:45+01:00,0.007114
2026-01-09 06:00+01:00,0.008205
2026-01-09 06:15+01:00,0.009114
2026-01-09 06:30+01:00,0.009411
2026-01-09 06:45+01:00,0.007938
2026-01-09 07:00+01:00,0.127282
2026-01-09 07:15+01:00,0.116418
2026-01-09 07:30+01:00,0.125826
2026-01-09 07:45+01:00,0.122446
2026-01-09 08:00+01:00,0.123455
2026-01-09 08:15+01:00,0.114239
2026-01-09 08:30+01:00,0.126568
2026-01-09 08:45+01:00,0.118082
2026-01-09 09:00+01:00,0.130719
2026-01-09 09:15+01:00,0.131915
2026-01-09 09:30+01:00,0.119550
2026-01-09 09:45+01:00,0.118195
2026-01-09 10:00+01:00,0.127592
2026-01-09 10:15+01:00,0.140753
2026-01-09 10:30+01:00,0.126052
2026-01-09 10:45+01:00,0.124373
2026-01-09 11:00+01:00,0.138796
2026-01-09 11:15+01:00,0.125029
2026-01-09 11:30+01:00,0.121909
2026-01-09 11:45+01:00,0.137826
2026-01-09 12:00+01:00,0.129216
2026-01-09 12:15+01:00,0.127805
2026-01-09 12:30+01:00,0.129576
2026-01-09 12:45+01:00,0.132733
2026-01-09 13:00+01:00,0.125508
2026-01-09 13:15+01:00,0.116992
2026-01-09 13:30+01:00,0.113875
2026-01-09 13:45+01:00,0.117144
2026-01-09 14:00+01:00,0.118757
2026-01-09 14:15+01:00,0.116776
2026-01-09 14:30+01:00,0.117909
2026-01-09 14:45+01:00,0.112247
2026-01-09 15:00+01:00,0.130086
2026-01-09 15:15+01:00,0.129458
2026-01-09 15:30+01:00,0.134306
2026-01-09 15:45+01:00,0.122932
2026-01-09 16:00+01:00,0.123574
2026-01-09 16:15+01:00,0.120377
2026-01-09 16:30+01:00,0.127419
2026-01-09 16:45+01:00,0.123304
2026-01-09 17:00+01:00,0.113802
2026-01-09 17:15+01:00,0.120337
2026-01-09 17:30+01:00,0.131789
2026-01-09 17:45+01:00,0.118124
2026-01-09 18:00+01:00,0.008150
2026-01-09 18:15+01:00,0.009473
2026-01-09 18:30+01:00,0.008248
2026-01-09 18:45+01:00,0.000000
2026-01-09 19:00+01:00,0.008311
2026-01-09 19:15+01:00,0.008559
2026-01-09 19:30+01:00,0.000000
2026-01-09 19:45+01:00,0.007991
2026-01-09 20:00+01:00,0.009693
2026-01-09 20:15+01:00,0.007935
2026-01-09 20:30+01:00,0.008328
2026-01-09 20:45+01:00,0.008468
2026-01-09 21:00+01:00,0.009838
2026-01-09 21:15+01:00,0.009885
2026-01-09 21:30+01:00,0.007775
2026-01-09 21:45+01:00,0.010152
2026-01-09 22:00+01:00,0.009748
2026-01-09 22:15+01:00,0.007366
2026-01-09 22:30+01:00,0.009314
2026-01-09 22:45+01:00,0.000000
2026-01-09 23:00+01:00,0.006511
2026-01-09 23:15+01:00,0.008610
2026-01-09 23:30+01:00,0.008003
2026-01-09 23:45+01:00,0.010359
2026-01-10 00:00+01:00,0.007129
2026-01-10 00:15+01:00,0.004329
2026-01-10 00:30+01:00,0.003284
2026-01-10 00:45+01:00,0.003103
2026-01-10 01:00+01:00,0.003529
2026-01-10 01:15+01:00,0.003292
2026-01-10 01:30+01:00,0.002943
2026-01-10 01:45+01:00,0.003650
2026-01-10 02:00+01:00,0.004315
2026-01-10 02:15+01:00,0.003718
2026-01-10 02:30+01:00,0.004614
2026-01-10 02:45+01:00,0.003226
2026-01-10 03:00+01:00,0.003307
2026-01-10 03:15+01:00,0.003848
2026-01-10 03:30+01:00,0.004074
2026-01-10 03:45+01:00,0.002879
2026-01-10 04:00+01:00,0.004836
2026-01-10 04:15+01:00,0.002485
2026-01-10 04:30+01:00,0.003457
2026-01-10 04:45+01:00,0.001939
2026-01-10 05:00+01:00,0.002982
2026-01-10 05:15+01:00,0.004248
2026-01-10 05:30+01:00,0.004266
2026-01-10 05:45+01:00,0.003492
2026-01-10 06:00+01:00,0.004242
2026-01-10 06:15+01:00,0.003513
2026-01-10 06:30+01:00,0.004339
2026-01-10 06:45+01:00,0.003754
2026-01-10 07:00+01:00,0.003070
2026-01-10 07:15+01:00,0.003750
2026-01-10 07:30+01:00,0.003664
2026-01-10 07:45+01:00,0.004476
2026-01-10 08:00+01:00,0.003518
2026-01-10 08:15+01:00,0.003436
2026-01-10 08:30+01:00,0.001820
2026-01-10 08:45+01:00,0.000000
2026-01-10 09:00+01:00,0.003826
2026-01-10 09:15+01:00,0.003824
2026-01-10 09:30+01:00,0.003572
2026-01-10 09:45+01:00,0.003754
2026-01-10 10:00+01:00,0.003736
2026-01-10 10:15+01:00,0.004126
2026-01-10 10:30+01:00,0.003852
2026-01-10 10:45+01:00,0.003881
2026-01-10 11:00+01:00,0.004499
2026-01-10 11:15+01:00,0.003355
2026-01-10 11:30+01:00,0.002718
2026-01-10 11:45+01:00,0.004610
2026-01-10 12:00+01:00,0.004975
2026-01-10 12:15+01:00,0.002324
2026-01-10 12:30+01:00,0.004292
2026-01-10 12:45+01:00,0.004086
2026-01-10 13:00+01:00,0.002822
2026-01-10 13:15+01:00,0.003671
2026-01-10 13:30+01:00,0.003539
2026-01-10 13:45+01:00,0.003550
2026-01-10 14:00+01:00,0.003307
2026-01-10 14:15+01:00,0.005202
2026-01-10 14:30+01:00,0.003563
2026-01-10 14:45+01:00,0.003741
2026-01-10 15:00+01:00,0.003888
2026-01-10 15:15+01:00,0.003698
2026-01-10 15:30+01:00,0.004333
2026-01-10 15:45+01:00,0.004354
2026-01-10 16:00+01:00,0.004376
2026-01-10 16:15+01:00,0.004178
2026-01-10 16:30+01:00,0.004581
2026-01-10 16:45+01:00,0.003479
2026-01-10 17:00+01:00,
2026-01-10 17:15+01:00,0.000000
2026-01-10 17:30+01:00,0.004262
2026-01-10 17:45+01:00,0.000000
2026-01-10 18:00+01:00,0.003496
2026-01-10 18:15+01:00,0.004587
2026-01-10 18:30+01:00,0.000000
2026-01-10 18:45+01:00,0.003645
2026-01-10 19:00+01:00,0.004448
2026-01-10 19:15+01:00,0.003749
2026-01-10 19:30+01:00,0.004036
2026-01-10 19:45+01:00,0.004520
2026-01-10 20:00+01:00,0.003919
2026-01-10 20:15+01:00,0.004151
2026-01-10 20:30+01:00,0.004020
2026-01-10 20:45+01:00,0.003877
2026-01-10 21:00+01:00,0.003589
2026-01-10 21:15+01:00,0.000000
2026-01-10 21:30+01:00,0.004619
2026-01-10 21:45+01:00,0.003555
2026-01-10 22:00+01:00,0.005502
2026-01-10 22:15+01:00,0.003902
2026-01-10 22:30+01:00,0.002644
2026-01-10 22:45+01:00,0.003660
2026-01-10 23:00+01:00,
2026-01-10 23:15+01:00,0.004336
2026-01-10 23:30+01:00,0.004113
2026-01-10 23:45+01:00,0.000000
2026-01-11 00:00+01:00,0.005240
2026-01-11 00:15+01:00,0.003100
2026-01-11 00:30+01:00,0.003723
2026-01-11 00:45+01:00,0.003754
2026-01-11 01:00+01:00,0.004279
2026-01-11 01:15+01:00,0.003008
2026-01-11 01:30+01:00,0.003354
2026-01-11 01:45+01:00,0.004063
2026-01-11 02:00+01:00,0.003508
2026-01-11 02:15+01:00,0.005446
2026-01-11 02:30+01:00,0.000000
2026-01-11 02:45+01:00,0.002794
2026-01-11 03:00+01:00,0.004039
2026-01-11 03:15+01:00,0.004618
2026-01-11 03:30+01:00,0.004207
2026-01-11 03:45+01:00,0.003776
2026-01-11 04:00+01:00,0.004508
2026-01-11 04:15+01:00,0.004028
2026-01-11 04:30+01:00,0.004152
2026-01-11 04:45+01:00,0.003872
2026-01-11 05:00+01:00,0.003383
2026-01-11 05:15+01:00,0.002823
2026-01-11 05:30+01:00,0.003417
2026-01-11 05:45+01:00,0.003200
2026-01-11 06:00+01:00,0.003156
2026-01-11 06:15+01:00,0.004015
2026-01-11 06:30+01:00,0.004409
2026-01-11 06:45+01:00,0.002631
2026-01-11 07:00+01:00,0.004941
2026-01-11 07:15+01:00,0.000000
2026-01-11 07:30+01:00,0.005334
2026-01-11 07:45+01:00,0.003388
2026-01-11 08:00+01:00,0.004247
2026-01-11 08:15+01:00,0.004275
2026-01-11 08:30+01:00,0.003896
2026-01-11 08:45+01:00,0.003347
2026-01-11 09:00+01:00,0.004072
2026-01-11 09:15+01:00,0.003754
2026-01-11 09:30+01:00,0.003546
2026-01-11 09:45+01:00,0.004013
2026-01-11 10:00+01:00,0.004276
2026-01-11 10:15+01:00,0.004159
2026-01-11 10:30+01:00,0.003776
2026-01-11 10:45+01:00,0.003847
2026-01-11 11:00+01:00,0.003588
2026-01-11 11:15+01:00,0.003952
2026-01-11 11:30+01:00,0.004042
2026-01-11 11:45+01:00,0.003795
2026-01-11 12:00+01:00,0.004846
2026-01-11 12:15+01:00,0.004791
2026-01-11 12:30+01:00,0.004013
2026-01-11 12:45+01:00,0.002528
2026-01-11 13:00+01:00,0.004510
2026-01-11 13:15+01:00,0.003373
2026-01-11 13:30+01:00,0.003835
2026-01-11 13:45+01:00,0.003800
2026-01-11 14:00+01:00,0.004416
2026-01-11 14:15+01:00,0.000000
2026-01-11 14:30+01:00,0.004153
2026-01-11 14:45+01:00,0.003831
2026-01-11 15:00+01:00,0.000000
2026-01-11 15:15+01:00,0.004540
2026-01-11 15:30+01:00,0.004693
2026-01-11 15:45+01:00,0.004236
2026-01-11 16:00+01:00,0.004575
2026-01-11 16:15+01:00,0.002737
2026-01-11 16:30+01:00,0.003442
2026-01-11 16:45+01:00,0.003554
2026-01-11 17:00+01:00,0.004169
2026-01-11 17:15+01:00,0.004342
2026-01-11 17:30+01:00,0.004322
2026-01-11 17:45+01:00,0.000000
2026-01-11 18:00+01:00,0.003722
2026-01-11 18:15+01:00,0.003907
2026-01-11 18:30+01:00,0.004232
2026-01-11 18:45+01:00,0.005236
2026-01-11 19:00+01:00,0.003908
2026-01-11 19:15+01:00,0.005101
2026-01-11 19:30+01:00,0.003820
2026-01-11 19:45+01:00,0.004072
2026-01-11 20:00+01:00,0.003279
2026-01-11 20:15+01:00,0.003875
2026-01-11 20:30+01:00,0.003166
2026-01-11 20:45+01:00,0.004896
2026-01-11 21:00+01:00,0.005079
2026-01-11 21:15+01:00,0.004006
2026-01-11 21:30+01:00,0.003485
2026-01-11 21:45+01:00,0.004374
2026-01-11 22:00+01:00,0.004275
2026-01-11 22:15+01:00,0.003045
2026-01-11 22:30+01:00,0.004008
2026-01-11 22:45+01:00,0.003100
2026-01-11 23:00+01:00,0.003471
2026-01-11 23:15+01:00,0.003973
2026-01-11 23:30+01:00,0.004101
2026-01-11 23:45+01:00,0.003948
2026-01-12 00:00+01:00,0.004836
2026-01-12 00:15+01:00,0.010566
2026-01-12 00:30+01:00,0.009605
2026-01-12 00:45+01:00,0.009680
2026-01-12 01:00+01:00,0.010113
2026-01-12 01:15+01:00,0.009623
2026-01-12 01:30+01:00,0.010095
2026-01-12 01:45+01:00,0.009897
2026-01-12 02:00+01:00,0.003104
2026-01-12 02:15+01:00,0.000000
2026-01-12 02:30+01:00,0.012045
2026-01-12 02:45+01:00,0.008171
2026-01-12 03:00+01:00,0.010949
2026-01-12 03:15+01:00,0.007511
2026-01-12 03:30+01:00,0.008704
2026-01-12 03:45+01:00,0.008324
2026-01-12 04:00+01:00,0.043333
2026-01-12 04:15+01:00,0.011013
2026-01-12 04:30+01:00,0.008348
2026-01-12 04:45+01:00,0.009515
2026-01-12 05:00+01:00,0.010339
2026-01-12 05:15+01:00,0.010191
2026-01-12 05:30+01:00,0.008541
2026-01-12 05:45+01:00,0.006238
2026-01-12 06:00+01:00,0.008280
2026-01-12 06:15+01:00,0.010885
2026-01-12 06:30+01:00,0.010187
2026-01-12 06:45+01:00,0.009434
2026-01-12 07:00+01:00,0.130069
2026-01-12 07:15+01:00,0.118571
2026-01-12 07:30+01:00,0.125644
2026-01-12 07:45+01:00,0.133713
2026-01-12 08:00+01:00,0.122945
2026-01-12 08:15+01:00,0.123328
2026-01-12 08:30+01:00,0.126152
2026-01-12 08:45+01:00,0.127286
2026-01-12 09:00+01:00,0.129265
2026-01-12 09:15+01:00,0.125243
2026-01-12 09:30+01:00,0.130715
2026-01-12 09:45+01:00,0.122417
2026-01-12 10:00+01:00,0.130905
2026-01-12 10:15+01:00,0.128668
2026-01-12 10:30+01:00,0.118292
2026-01-12 10:45+01:00,0.121196
2026-01-12 11:00+01:00,0.116483
2026-01-12 11:15+01:00,0.123025
2026-01-12 11:30+01:00,0.132355
2026-01-12 11:45+01:00,0.123972
2026-01-12 12:00+01:00,0.127297
2026-01-12 12:15+01:00,0.135705
2026-01-12 12:30+01:00,0.793902
2026-01-12 12:45+01:00,0.125537
2026-01-12 13:00+01:00,0.124506
2026-01-12 13:15+01:00,0.132245
2026-01-12 13:30+01:00,0.124442
2026-01-12 13:45+01:00,0.125411
2026-01-12 14:00+01:00,0.124989
2026-01-12 14:15+01:00,0.116147
2026-01-12 14:30+01:00,0.126708
2026-01-12 14:45+01:00,0.124294
2026-01-12 15:00+01:00,0.121591
2026-01-12 15:15+01:00,0.122600
2026-01-12 15:30+01:00,0.127470
2026-01-12 15:45+01:00,0.132514
2026-01-12 16:00+01:00,0.116336
2026-01-12 16:15+01:00,0.126097
2026-01-12 16:30+01:00,0.119344
2026-01-12 16:45+01:00,0.129447
2026-01-12 17:00+01:00,0.118218
2026-01-12 17:15+01:00,0.124830
2026-01-12 17:30+01:00,0.117018
2026-01-12 17:45+01:00,
2026-01-12 18:00+01:00,0.007556
2026-01-12 18:15+01:00,0.010835
2026-01-12 18:30+01:00,0.008318
2026-01-12 18:45+01:00,0.009986
2026-01-12 19:00+01:00,0.000000
2026-01-12 19:15+01:00,0.008017
2026-01-12 19:30+01:00,0.009518
2026-01-12 19:45+01:00,0.007046
2026-01-12 20:00+01:00,0.008585
2026-01-12 20:15+01:00,0.010491
2026-01-12 20:30+01:00,0.008904
2026-01-12 20:45+01:00,0.008211
2026-01-12 21:00+01:00,0.010431
2026-01-12 21:15+01:00,0.008288
2026-01-12 21:30+01:00,0.008054
2026-01-12 21:45+01:00,0.011548
2026-01-12 22:00+01:00,0.008973
2026-01-12 22:15+01:00,0.007513
2026-01-12 22:30+01:00,0.008024
2026-01-12 22:45+01:00,0.006573
2026-01-12 23:00+01:00,0.007974
2026-01-12 23:15+01:00,0.010391
2026-01-12 23:30+01:00,0.009006
2026-01-12 23:45+01:00,0.007612
2026-01-13 00:00+01:00,0.008572
2026-01-13 00:15+01:00,0.008319
2026-01-13 00:30+01:00,0.010215
2026-01-13 00:45+01:00,0.009060
2026-01-13 01:00+01:00,0.009141
2026-01-13 01:15+01:00,0.009888
2026-01-13 01:30+01:00,0.008677
2026-01-13 01:45+01:00,0.000000
2026-01-13 02:00+01:00,0.000000
2026-01-13 02:15+01:00,0.008327
2026-01-13 02:30+01:00,0.009314
2026-01-13 02:45+01:00,0.009352
2026-01-13 03:00+01:00,0.009287
2026-01-13 03:15+01:00,0.007838
2026-01-13 03:30+01:00,0.008668
2026-01-13 03:45+01:00,0.008474
2026-01-13 04:00+01:00,0.009103
2026-01-13 04:15+01:00,0.007079
2026-01-13 04:30+01:00,0.007517
2026-01-13 04:45+01:00,0.000000
2026-01-13 05:00+01:00,0.007854
2026-01-13 05:15+01:00,0.009241
2026-01-13 05:30+01:00,0.007983
2026-01-13 05:45+01:00,0.009494
2026-01-13 06:00+01:00,0.007420
2026-01-13 06:15+01:00,0.009835
2026-01-13 06:30+01:00,0.000000
2026-01-13 06:45+01:00,0.008623
2026-01-13 07:00+01:00,0.127381
2026-01-13 07:15+01:00,0.123305
2026-01-13 07:30+01:00,0.125189
2026-01-13 07:45+01:00,0.128637
2026-01-13 08:00+01:00,0.129329
2026-01-13 08:15+01:00,0.133030
2026-01-13 08:30+01:00,0.130806
2026-01-13 08:45+01:00,0.111993
2026-01-13 09:00+01:00,0.126736
2026-01-13 09:15+01:00,0.120448
2026-01-13 09:30+01:00,0.124594
2026-01-13 09:45+01:00,0.122584
2026-01-13 10:00+01:00,0.118351
2026-01-13 10:15+01:00,0.120049
2026-01-13 10:30+01:00,0.120559
2026-01-13 10:45+01:00,0.119968
2026-01-13 11:00+01:00,0.123555
2026-01-13 11:15+01:00,0.119534
2026-01-13 11:30+01:00,0.120363
2026-01-13 11:45+01:00,0.117349
2026-01-13 12:00+01:00,0.120903
2026-01-13 12:15+01:00,0.124209
2026-01-13 12:30+01:00,0.124490
2026-01-13 12:45+01:00,0.130669
2026-01-13 13:00+01:00,0.139375
2026-01-13 13:15+01:00,0.129455
2026-01-13 13:30+01:00,0.134152
2026-01-13 13:45+01:00,0.130596
2026-01-13 14:00+01:00,0.127854
2026-01-13 14:15+01:00,0.117632
2026-01-13 14:30+01:00,0.114448
2026-01-13 14:45+01:00,0.121675
2026-01-13 15:00+01:00,0.122013
2026-01-13 15:15+01:00,0.131198
2026-01-13 15:30+01:00,0.125900
2026-01-13 15:45+01:00,0.124653
2026-01-13 16:00+01:00,0.105678
2026-01-13 16:15+01:00,0.128486
2026-01-13 16:30+01:00,0.135270
2026-01-13 16:45+01:00,0.125224
2026-01-13 17:00+01:00,0.117364
2026-01-13 17:15+01:00,0.133195
2026-01-13 17:30+01:00,0.125979
2026-01-13 17:45+01:00,0.115640
2026-01-13 18:00+01:00,0.008354
2026-01-13 18:15+01:00,0.010011
2026-01-13 18:30+01:00,0.006900
2026-01-13 18:45+01:00,0.006378
2026-01-13 19:00+01:00,0.007334
2026-01-13 19:15+01:00,0.092252
2026-01-13 19:30+01:00,0.008110
2026-01-13 19:45+01:00,0.005653
2026-01-13 20:00+01:00,0.007549
2026-01-13 20:15+01:00,0.008294
2026-01-13 20:30+01:00,0.008858
2026-01-13 20:45+01:00,0.011023
2026-01-13 21:00+01:00,0.008235
2026-01-13 21:15+01:00,0.007952
2026-01-13 21:30+01:00,0.008779
2026-01-13 21:45+01:00,0.006753
2026-01-13 22:00+01:00,0.009606
2026-01-13 22:15+01:00,0.010083
2026-01-13 22:30+01:00,0.009251
2026-01-13 22:45+01:00,
2026-01-13 23:00+01:00,0.000000
2026-01-13 23:15+01:00,0.008053
2026-01-13 23:30+01:00,0.010289
2026-01-13 23:45+01:00,0.010080
2026-01-14 00:00+01:00,0.006746
2026-01-14 00:15+01:00,0.008879
2026-01-14 00:30+01:00,0.009762
2026-01-14 00:45+01:00,0.010138
2026-01-14 01:00+01:00,0.009718
2026-01-14 01:15+01:00,0.008619
2026-01-14 01:30+01:00,0.008214
2026-01-14 01:45+01:00,0.008563
2026-01-14 02:00+01:00,0.010116
2026-01-14 02:15+01:00,0.006206
2026-01-14 02:30+01:00,0.007189
2026-01-14 02:45+01:00,0.010283
2026-01-14 03:00+01:00,0.009688
2026-01-14 03:15+01:00,0.009903
2026-01-14 03:30+01:00,0.009655
2026-01-14 03:45+01:00,0.010511
2026-01-14 04:00+01:00,0.006420
2026-01-14 04:15+01:00,0.009187
2026-01-14 04:30+01:00,0.008029
2026-01-14 04:45+01:00,0.007256
2026-01-14 05:00+01:00,0.010103
2026-01-14 05:15+01:00,0.000000
2026-01-14 05:30+01:00,0.008524
2026-01-14 05:45+01:00,0.007532
2026-01-14 06:00+01:00,0.009358
2026-01-14 06:15+01:00,0.010208
2026-01-14 06:30+01:00,0.007738
2026-01-14 06:45+01:00,0.006980
2026-01-14 07:00+01:00,0.124684
2026-01-14 07:15+01:00,0.123173
2026-01-14 07:30+01:00,0.123338
2026-01-14 07:45+01:00,0.119992
2026-01-14 08:00+01:00,0.126763
2026-01-14 08:15+01:00,0.125449
2026-01-14 08:30+01:00,0.121509
2026-01-14 08:45+01:00,0.124939
2026-01-14 09:00+01:00,
2026-01-14 09:15+01:00,0.112885
2026-01-14 09:30+01:00,0.124385
2026-01-14 09:45+01:00,0.117190
2026-01-14 10:00+01:00,0.122981
2026-01-14 10:15+01:00,0.123200
2026-01-14 10:30+01:00,0.129372
2026-01-14 10:45+01:00,0.121389
2026-01-14 11:00+01:00,0.122751
2026-01-14 11:15+01:00,0.124760
2026-01-14 11:30+01:00,0.130033
2026-01-14 11:45+01:00,0.117892
2026-01-14 12:00+01:00,0.110795
2026-01-14 12:15+01:00,0.129201
2026-01-14 12:30+01:00,0.129389
2026-01-14 12:45+01:00,0.124294
2026-01-14 13:00+01:00,0.123015
2026-01-14 13:15+01:00,0.127958
2026-01-14 13:30+01:00,0.130897
2026-01-14 13:45+01:00,0.124569
2026-01-14 14:00+01:00,0.120645
2026-01-14 14:15+01:00,0.124400
2026-01-14 14:30+01:00,0.126748
2026-01-14 14:45+01:00,0.135560
2026-01-14 15:00+01:00,0.125013
2026-01-14 15:15+01:00,0.120370
2026-01-14 15:30+01:00,0.126851
2026-01-14 15:45+01:00,0.125674
2026-01-14 16:00+01:00,0.122459
2026-01-14 16:15+01:00,0.128598
2026-01-14 16:30+01:00,0.127091
2026-01-14 16:45+01:00,0.124070
2026-01-14 17:00+01:00,0.128189
2026-01-14 17:15+01:00,0.136501
2026-01-14 17:30+01:00,0.130790
2026-01-14 17:45+01:00,0.118430
2026-01-14 18:00+01:00,
2026-01-14 18:15+01:00,0.000000
2026-01-14 18:30+01:00,0.008676
2026-01-14 18:45+01:00,0.009826
2026-01-14 19:00+01:00,0.006253
2026-01-14 19:15+01:00,0.007546
2026-01-14 19:30+01:00,0.010350
2026-01-14 19:45+01:00,0.010462
2026-01-14 20:00+01:00,0.008855
2026-01-14 20:15+01:00,0.007981
2026-01-14 20:30+01:00,0.008492
2026-01-14 20:45+01:00,0.009608
2026-01-14 21:00+01:00,0.009519
2026-01-14 21:15+01:00,0.009929
2026-01-14 21:30+01:00,0.007375
2026-01-14 21:45+01:00,0.009571
2026-01-14 22:00+01:00,0.007014
2026-01-14 22:15+01:00,0.009731
2026-01-14 22:30+01:00,0.008381
2026-01-14 22:45+01:00,0.007897
2026-01-14 23:00+01:00,0.007432
2026-01-14 23:15+01:00,0.007290
2026-01-14 23:30+01:00,0.008323
2026-01-14 23:45+01:00,0.008914
2026-01-15 00:00+01:00,0.008293
2026-01-15 00:15+01:00,0.006471
2026-01-15 00:30+01:00,
2026-01-15 00:45+01:00,0.007378
2026-01-15 01:00+01:00,0.007796
2026-01-15 01:15+01:00,0.007631
2026-01-15 01:30+01:00,0.010164
2026-01-15 01:45+01:00,0.007198
2026-01-15 02:00+01:00,0.006986
2026-01-15 02:15+01:00,0.009997
2026-01-15 02:30+01:00,0.007047
2026-01-15 02:45+01:00,0.008175
2026-01-15 03:00+01:00,0.007381
2026-01-15 03:15+01:00,0.009358
2026-01-15 03:30+01:00,0.000000
2026-01-15 03:45+01:00,0.008430
2026-01-15 04:00+01:00,0.008615
2026-01-15 04:15+01:00,0.008110
2026-01-15 04:30+01:00,0.006532
2026-01-15 04:45+01:00,0.009029
2026-01-15 05:00+01:00,0.000000
2026-01-15 05:15+01:00,0.007404
2026-01-15 05:30+01:00,0.009928
2026-01-15 05:45+01:00,0.008006
2026-01-15 06:00+01:00,0.011945
2026-01-15 06:15+01:00,0.009024
2026-01-15 06:30+01:00,0.000000
2026-01-15 06:45+01:00,0.013031
2026-01-15 07:00+01:00,0.117232
2026-01-15 07:15+01:00,0.114388
2026-01-15 07:30+01:00,0.135746
2026-01-15 07:45+01:00,0.129032
2026-01-15 08:00+01:00,0.128118
2026-01-15 08:15+01:00,0.132074
2026-01-15 08:30+01:00,0.122952
2026-01-15 08:45+01:00,0.120371
2026-01-15 09:00+01:00,0.131048
2026-01-15 09:15+01:00,0.121710
2026-01-15 09:30+01:00,0.128238
2026-01-15 09:45+01:00,0.132422
2026-01-15 10:00+01:00,0.117079
2026-01-15 10:15+01:00,0.122922
2026-01-15 10:30+01:00,0.128666
2026-01-15 10:45+01:00,0.129457
2026-01-15 11:00+01:00,0.114949
2026-01-15 11:15+01:00,0.124422
2026-01-15 11:30+01:00,0.122507
2026-01-15 11:45+01:00,0.121030
2026-01-15 12:00+01:00,0.132576
2026-01-15 12:15+01:00,0.128218
2026-01-15 12:30+01:00,0.119493
2026-01-15 12:45+01:00,0.124644
2026-01-15 13:00+01:00,0.122510
2026-01-15 13:15+01:00,0.121683
2026-01-15 13:30+01:00,0.120167
2026-01-15 13:45+01:00,0.135509
2026-01-15 14:00+01:00,0.118470
2026-01-15 14:15+01:00,0.122948
2026-01-15 14:30+01:00,
2026-01-15 14:45+01:00,0.121326
2026-01-15 15:00+01:00,0.128888
2026-01-15 15:15+01:00,0.120022
2026-01-15 15:30+01:00,0.125962
2026-01-15 15:45+01:00,
2026-01-15 16:00+01:00,0.124646
2026-01-15 16:15+01:00,0.126983
2026-01-15 16:30+01:00,0.115414
2026-01-15 16:45+01:00,0.126827
2026-01-15 17:00+01:00,0.120924
2026-01-15 17:15+01:00,0.131537
2026-01-15 17:30+01:00,0.118819
2026-01-15 17:45+01:00,0.121338
2026-01-15 18:00+01:00,0.011249
2026-01-15 18:15+01:00,0.008783
2026-01-15 18:30+01:00,0.009994
2026-01-15 18:45+01:00,0.009886
2026-01-15 19:00+01:00,0.009302
2026-01-15 19:15+01:00,0.007057
2026-01-15 19:30+01:00,0.006544
2026-01-15 19:45+01:00,0.010742
2026-01-15 20:00+01:00,0.007758
2026-01-15 20:15+01:00,0.008746
2026-01-15 20:30+01:00,0.007754
2026-01-15 20:45+01:00,0.007863
2026-01-15 21:00+01:00,0.000000
2026-01-15 21:15+01:00,0.009425
2026-01-15 21:30+01:00,0.011011
2026-01-15 21:45+01:00,0.006042
2026-01-15 22:00+01:00,0.009442
2026-01-15 22:15+01:00,0.009648
2026-01-15 22:30+01:00,0.006214
2026-01-15 22:45+01:00,0.010909
2026-01-15 23:00+01:00,0.006975
2026-01-15 23:15+01:00,0.011469
2026-01-15 23:30+01:00,0.010758
2026-01-15 23:45+01:00,0.008521
2026-01-16 00:00+01:00,0.009705
2026-01-16 00:15+01:00,
2026-01-16 00:30+01:00,0.008783
2026-01-16 00:45+01:00,0.007778
2026-01-16 01:00+01:00,0.009920
2026-01-16 01:15+01:00,0.010395
2026-01-16 01:30+01:00,0.007165
2026-01-16 01:45+01:00,0.008006
2026-01-16 02:00+01:00,0.008440
2026-01-16 02:15+01:00,0.000000
2026-01-16 02:30+01:00,0.009631
2026-01-16 02:45+01:00,0.008090
2026-01-16 03:00+01:00,0.009157
2026-01-16 03:15+01:00,0.007442
2026-01-16 03:30+01:00,0.008826
2026-01-16 03:45+01:00,0.006920
2026-01-16 04:00+01:00,0.010757
2026-01-16 04:15+01:00,0.005708
2026-01-16 04:30+01:00,0.009006
2026-01-16 04:45+01:00,0.010487
2026-01-16 05:00+01:00,0.008493
2026-01-16 05:15+01:00,0.008712
2026-01-16 05:30+01:00,0.008400
2026-01-16 05:45+01:00,0.008630
2026-01-16 06:00+01:00,0.005485
2026-01-16 06:15+01:00,0.008386
2026-01-16 06:30+01:00,0.006859
2026-01-16 06:45+01:00,0.009756
2026-01-16 07:00+01:00,0.131181
2026-01-16 07:15+01:00,0.137487
2026-01-16 07:30+01:00,0.129314
2026-01-16 07:45+01:00,0.120882
2026-01-16 08:00+01:00,0.128396
2026-01-16 08:15+01:00,0.124267
2026-01-16 08:30+01:00,0.118095
2026-01-16 08:45+01:00,0.114620
2026-01-16 09:00+01:00,0.127401
2026-01-16 09:15+01:00,0.119973
2026-01-16 09:30+01:00,0.130892
2026-01-16 09:45+01:00,0.128022
2026-01-16 10:00+01:00,0.123300
2026-01-16 10:15+01:00,0.130814
2026-01-16 10:30+01:00,0.126016
2026-01-16 10:45+01:00,0.118607
2026-01-16 11:00+01:00,0.135763
2026-01-16 11:15+01:00,0.122317
2026-01-16 11:30+01:00,0.144193
2026-01-16 11:45+01:00,0.132574
2026-01-16 12:00+01:00,0.124002
2026-01-16 12:15+01:00,0.122655
2026-01-16 12:30+01:00,0.122260
2026-01-16 12:45+01:00,0.120195
2026-01-16 13:00+01:00,0.133720
2026-01-16 13:15+01:00,0.128438
2026-01-16 13:30+01:00,0.112196
2026-01-16 13:45+01:00,0.122552
2026-01-16 14:00+01:00,0.126018
2026-01-16 14:15+01:00,0.129320
2026-01-16 14:30+01:00,0.125506
2026-01-16 14:45+01:00,0.120906
2026-01-16 15:00+01:00,0.121379
2026-01-16 15:15+01:00,0.115156
2026-01-16 15:30+01:00,0.127218
2026-01-16 15:45+01:00,0.123963
2026-01-16 16:00+01:00,0.125523
2026-01-16 16:15+01:00,
2026-01-16 16:30+01:00,0.127922
2026-01-16 16:45+01:00,0.133820
2026-01-16 17:00+01:00,0.116783
2026-01-16 17:15+01:00,0.124993
2026-01-16 17:30+01:00,0.132887
2026-01-16 17:45+01:00,0.116357
2026-01-16 18:00+01:00,0.000000
2026-01-16 18:15+01:00,0.007958
2026-01-16 18:30+01:00,0.007648
2026-01-16 18:45+01:00,0.013024
2026-01-16 19:00+01:00,0.012550
2026-01-16 19:15+01:00,0.009914
2026-01-16 19:30+01:00,0.009358
2026-01-16 19:45+01:00,0.009811
2026-01-16 20:00+01:00,0.010241
2026-01-16 20:15+01:00,
2026-01-16 20:30+01:00,0.009204
2026-01-16 20:45+01:00,0.010635
2026-01-16 21:00+01:00,0.010444
2026-01-16 21:15+01:00,0.007067
2026-01-16 21:30+01:00,0.007509
2026-01-16 21:45+01:00,0.008678
2026-01-16 22:00+01:00,0.008424
2026-01-16 22:15+01:00,0.008921
2026-01-16 22:30+01:00,0.007129
2026-01-16 22:45+01:00,0.008480
2026-01-16 23:00+01:00,0.007640
2026-01-16 23:15+01:00,0.008043
2026-01-16 23:30+01:00,0.007891
2026-01-16 23:45+01:00,0.010131
2026-01-17 00:00+01:00,0.000000
2026-01-17 00:15+01:00,0.004030
2026-01-17 00:30+01:00,0.004310
2026-01-17 00:45+01:00,0.003488
2026-01-17 01:00+01:00,0.004384
2026-01-17 01:15+01:00,0.003665
2026-01-17 01:30+01:00,0.000000
2026-01-17 01:45+01:00,0.004026
2026-01-17 02:00+01:00,0.003701
2026-01-17 02:15+01:00,0.004434
2026-01-17 02:30+01:00,0.004482
2026-01-17 02:45+01:00,0.003894
2026-01-17 03:00+01:00,0.003711
2026-01-17 03:15+01:00,0.004080
2026-01-17 03:30+01:00,0.003413
2026-01-17 03:45+01:00,0.004166
2026-01-17 04:00+01:00,0.004528
2026-01-17 04:15+01:00,0.003728
2026-01-17 04:30+01:00,0.004147
2026-01-17 04:45+01:00,0.004800
2026-01-17 05:00+01:00,0.003825
2026-01-17 05:15+01:00,0.003536
2026-01-17 05:30+01:00,0.003069
2026-01-17 05:45+01:00,0.003379
2026-01-17 06:00+01:00,0.003314
2026-01-17 06:15+01:00,0.003562
2026-01-17 06:30+01:00,0.004003
2026-01-17 06:45+01:00,0.003625
2026-01-17 07:00+01:00,0.004060
2026-01-17 07:15+01:00,0.004359
2026-01-17 07:30+01:00,0.005197
2026-01-17 07:45+01:00,0.003521
2026-01-17 08:00+01:00,0.003090
2026-01-17 08:15+01:00,0.003798
2026-01-17 08:30+01:00,0.003591
2026-01-17 08:45+01:00,0.003300
2026-01-17 09:00+01:00,0.004125
2026-01-17 09:15+01:00,0.004555
2026-01-17 09:30+01:00,0.004165
2026-01-17 09:45+01:00,0.004708
2026-01-17 10:00+01:00,0.004192
2026-01-17 10:15+01:00,0.003572
2026-01-17 10:30+01:00,0.004388
2026-01-17 10:45+01:00,0.004054
2026-01-17 11:00+01:00,0.003238
2026-01-17 11:15+01:00,0.004236
2026-01-17 11:30+01:00,0.003084
2026-01-17 11:45+01:00,0.000000
2026-01-17 12:00+01:00,0.003395
2026-01-17 12:15+01:00,0.003449
2026-01-17 12:30+01:00,0.003619
2026-01-17 12:45+01:00,0.003574
2026-01-17 13:00+01:00,0.004131
2026-01-17 13:15+01:00,
2026-01-17 13:30+01:00,0.003721
2026-01-17 13:45+01:00,0.003835
2026-01-17 14:00+01:00,0.003758
2026-01-17 14:15+01:00,0.003198
2026-01-17 14:30+01:00,0.004353
2026-01-17 14:45+01:00,0.000000
2026-01-17 15:00+01:00,0.004479
2026-01-17 15:15+01:00,0.003892
2026-01-17 15:30+01:00,0.004200
2026-01-17 15:45+01:00,0.003364
2026-01-17 16:00+01:00,0.004692
2026-01-17 16:15+01:00,0.002987
2026-01-17 16:30+01:00,0.004601
2026-01-17 16:45+01:00,0.000000
2026-01-17 17:00+01:00,0.004332
2026-01-17 17:15+01:00,0.005668
2026-01-17 17:30+01:00,
2026-01-17 17:45+01:00,0.003729
2026-01-17 18:00+01:00,0.004627
2026-01-17 18:15+01:00,0.004290
2026-01-17 18:30+01:00,0.005147
2026-01-17 18:45+01:00,0.003435
2026-01-17 19:00+01:00,0.003611
2026-01-17 19:15+01:00,0.003654
2026-01-17 19:30+01:00,0.004398
2026-01-17 19:45+01:00,0.005104
2026-01-17 20:00+01:00,0.003681
2026-01-17 20:15+01:00,0.004912
2026-01-17 20:30+01:00,0.003803
2026-01-17 20:45+01:00,0.005101
2026-01-17 21:00+01:00,0.003981
2026-01-17 21:15+01:00,0.002696
2026-01-17 21:30+01:00,0.003501
2026-01-17 21:45+01:00,0.003494
2026-01-17 22:00+01:00,0.004738
2026-01-17 22:15+01:00,0.003985
2026-01-17 22:30+01:00,0.004574
2026-01-17 22:45+01:00,0.003244
2026-01-17 23:00+01:00,0.002582
2026-01-17 23:15+01:00,0.000000
2026-01-17 23:30+01:00,0.003398
2026-01-17 23:45+01:00,0.004558
2026-01-18 00:00+01:00,0.002925
2026-01-18 00:15+01:00,0.004362
2026-01-18 00:30+01:00,0.003664
2026-01-18 00:45+01:00,0.003905
2026-01-18 01:00+01:00,0.004155
2026-01-18 01:15+01:00,0.004539
2026-01-18 01:30+01:00,0.003761
2026-01-18 01:45+01:00,0.003228
2026-01-18 02:00+01:00,0.003469
2026-01-18 02:15+01:00,0.002925
2026-01-18 02:30+01:00,0.003299
2026-01-18 02:45+01:00,0.003880
2026-01-18 03:00+01:00,0.004430
2026-01-18 03:15+01:00,0.003247
2026-01-18 03:30+01:00,0.004022
2026-01-18 03:45+01:00,0.003003
2026-01-18 04:00+01:00,0.003949
2026-01-18 04:15+01:00,0.003622
2026-01-18 04:30+01:00,0.003546
2026-01-18 04:45+01:00,0.003778
2026-01-18 05:00+01:00,0.003931
2026-01-18 05:15+01:00,0.003566
2026-01-18 05:30+01:00,0.003224
2026-01-18 05:45+01:00,0.003867
2026-01-18 06:00+01:00,0.003222
2026-01-18 06:15+01:00,0.004079
2026-01-18 06:30+01:00,0.003635
2026-01-18 06:45+01:00,0.003691
2026-01-18 07:00+01:00,0.002818
2026-01-18 07:15+01:00,0.003700
2026-01-18 07:30+01:00,0.004777
2026-01-18 07:45+01:00,0.000000
2026-01-18 08:00+01:00,0.003895
2026-01-18 08:15+01:00,0.002965
2026-01-18 08:30+01:00,0.003953
2026-01-18 08:45+01:00,0.003730
2026-01-18 09:00+01:00,0.002454
2026-01-18 09:15+01:00,0.002592
2026-01-18 09:30+01:00,0.004314
2026-01-18 09:45+01:00,0.003603
2026-01-18 10:00+01:00,0.004023
2026-01-18 10:15+01:00,0.002928
2026-01-18 10:30+01:00,0.004148
2026-01-18 10:45+01:00,0.003681
2026-01-18 11:00+01:00,0.004242
2026-01-18 11:15+01:00,0.003702
2026-01-18 11:30+01:00,0.004913
2026-01-18 11:45+01:00,0.003535
2026-01-18 12:00+01:00,0.003700
2026-01-18 12:15+01:00,0.003328
2026-01-18 12:30+01:00,0.002929
2026-01-18 12:45+01:00,0.004284
2026-01-18 13:00+01:00,0.004508
2026-01-18 13:15+01:00,0.000000
2026-01-18 13:30+01:00,0.002880
2026-01-18 13:45+01:00,0.000000
2026-01-18 14:00+01:00,0.003867
2026-01-18 14:15+01:00,0.004901
2026-01-18 14:30+01:00,0.002995
2026-01-18 14:45+01:00,0.004446
2026-01-18 15:00+01:00,0.004676
2026-01-18 15:15+01:00,0.004028
2026-01-18 15:30+01:00,0.004697
2026-01-18 15:45+01:00,0.004465
2026-01-18 16:00+01:00,0.003604
2026-01-18 16:15+01:00,0.004732
2026-01-18 16:30+01:00,0.003808
2026-01-18 16:45+01:00,0.004654
2026-01-18 17:00+01:00,0.003228
2026-01-18 17:15+01:00,0.003739
2026-01-18 17:30+01:00,0.003490
2026-01-18 17:45+01:00,0.000000
2026-01-18 18:00+01:00,0.004253
2026-01-18 18:15+01:00,0.004754
2026-01-18 18:30+01:00,0.003793
2026-01-18 18:45+01:00,0.003575
2026-01-18 19:00+01:00,0.004390
2026-01-18 19:15+01:00,0.003231
2026-01-18 19:30+01:00,0.004560
2026-01-18 19:45+01:00,0.004157
2026-01-18 20:00+01:00,0.003857
2026-01-18 20:15+01:00,0.005365
2026-01-18 20:30+01:00,0.004396
2026-01-18 20:45+01:00,0.003232
2026-01-18 21:00+01:00,0.004039
2026-01-18 21:15+01:00,0.004813
2026-01-18 21:30+01:00,0.003016
2026-01-18 21:45+01:00,
2026-01-18 22:00+01:00,0.004258
2026-01-18 22:15+01:00,0.004265
2026-01-18 22:30+01:00,0.004306
2026-01-18 22:45+01:00,0.004221
2026-01-18 23:00+01:00,0.000000
2026-01-18 23:15+01:00,0.003012
2026-01-18 23:30+01:00,0.004320
2026-01-18 23:45+01:00,0.003784
2026-01-19 00:00+01:00,0.004465
2026-01-19 00:15+01:00,0.010658
2026-01-19 00:30+01:00,0.009166
2026-01-19 00:45+01:00,0.010119
2026-01-19 01:00+01:00,0.005348
2026-01-19 01:15+01:00,0.005573
2026-01-19 01:30+01:00,0.011265
2026-01-19 01:45+01:00,0.012064
2026-01-19 02:00+01:00,0.008939
2026-01-19 02:15+01:00,0.011641
2026-01-19 02:30+01:00,0.009050
2026-01-19 02:45+01:00,0.010089
2026-01-19 03:00+01:00,0.009157
2026-01-19 03:15+01:00,0.007883
2026-01-19 03:30+01:00,0.008556
2026-01-19 03:45+01:00,0.008649
2026-01-19 04:00+01:00,0.011125
2026-01-19 04:15+01:00,0.008748
2026-01-19 04:30+01:00,0.010642
2026-01-19 04:45+01:00,0.010848
2026-01-19 05:00+01:00,0.008865
2026-01-19 05:15+01:00,0.010515
2026-01-19 05:30+01:00,0.009467
2026-01-19 05:45+01:00,0.009799
2026-01-19 06:00+01:00,0.011917
2026-01-19 06:15+01:00,0.006690
2026-01-19 06:30+01:00,0.009047
2026-01-19 06:45+01:00,0.006567
2026-01-19 07:00+01:00,0.130449
2026-01-19 07:15+01:00,0.118178
2026-01-19 07:30+01:00,0.130521
2026-01-19 07:45+01:00,0.122752
2026-01-19 08:00+01:00,0.121540
2026-01-19 08:15+01:00,0.118171
2026-01-19 08:30+01:00,0.140475
2026-01-19 08:45+01:00,0.121608
2026-01-19 09:00+01:00,0.124652
2026-01-19 09:15+01:00,0.118859
2026-01-19 09:30+01:00,0.130762
2026-01-19 09:45+01:00,0.120539
2026-01-19 10:00+01:00,0.119117
2026-01-19 10:15+01:00,0.127277
2026-01-19 10:30+01:00,0.129057
2026-01-19 10:45+01:00,0.116642
2026-01-19 11:00+01:00,0.126849
2026-01-19 11:15+01:00,0.123286
2026-01-19 11:30+01:00,0.123163
2026-01-19 11:45+01:00,0.128094
2026-01-19 12:00+01:00,0.118393
2026-01-19 12:15+01:00,0.125363
2026-01-19 12:30+01:00,0.122687
2026-01-19 12:45+01:00,0.111760
2026-01-19 13:00+01:00,0.134196
2026-01-19 13:15+01:00,0.124751
2026-01-19 13:30+01:00,0.122285
2026-01-19 13:45+01:00,0.126061
2026-01-19 14:00+01:00,0.124982
2026-01-19 14:15+01:00,0.126367
2026-01-19 14:30+01:00,0.135802
2026-01-19 14:45+01:00,0.132241
2026-01-19 15:00+01:00,0.121968
2026-01-19 15:15+01:00,0.136782
2026-01-19 15:30+01:00,0.118586
2026-01-19 15:45+01:00,0.128444
2026-01-19 16:00+01:00,0.121120
2026-01-19 16:15+01:00,0.137196
2026-01-19 16:30+01:00,0.134245
2026-01-19 16:45+01:00,0.121020
2026-01-19 17:00+01:00,0.126988
2026-01-19 17:15+01:00,0.127079
2026-01-19 17:30+01:00,0.119285
2026-01-19 17:45+01:00,0.119841
2026-01-19 18:00+01:00,0.007456
2026-01-19 18:15+01:00,0.008851
2026-01-19 18:30+01:00,0.010502
2026-01-19 18:45+01:00,0.005447
2026-01-19 19:00+01:00,0.009237
2026-01-19 19:15+01:00,0.009110
2026-01-19 19:30+01:00,0.009624
2026-01-19 19:45+01:00,0.008784
2026-01-19 20:00+01:00,0.007593
2026-01-19 20:15+01:00,0.007337
2026-01-19 20:30+01:00,0.006007
2026-01-19 20:45+01:00,0.009377
2026-01-19 21:00+01:00,0.007566
2026-01-19 21:15+01:00,0.010117
2026-01-19 21:30+01:00,0.010074
2026-01-19 21:45+01:00,0.007943
2026-01-19 22:00+01:00,0.008690
2026-01-19 22:15+01:00,0.008517
2026-01-19 22:30+01:00,
2026-01-19 22:45+01:00,0.012276
2026-01-19 23:00+01:00,0.007755
2026-01-19 23:15+01:00,0.008482
2026-01-19 23:30+01:00,0.008057
2026-01-19 23:45+01:00,0.009885
2026-01-20 00:00+01:00,0.008251
2026-01-20 00:15+01:00,0.008677
2026-01-20 00:30+01:00,0.009003
2026-01-20 00:45+01:00,0.007081
2026-01-20 01:00+01:00,0.009998
2026-01-20 01:15+01:00,0.009987
2026-01-20 01:30+01:00,0.009507
2026-01-20 01:45+01:00,0.000000
2026-01-20 02:00+01:00,0.009656
2026-01-20 02:15+01:00,0.009081
2026-01-20 02:30+01:00,0.009879
2026-01-20 02:45+01:00,0.008896
2026-01-20 03:00+01:00,0.006838
2026-01-20 03:15+01:00,0.000000
2026-01-20 03:30+01:00,0.009151
2026-01-20 03:45+01:00,0.009084
2026-01-20 04:00+01:00,0.010116
2026-01-20 04:15+01:00,0.009172
2026-01-20 04:30+01:00,0.009077
2026-01-20 04:45+01:00,0.007228
2026-01-20 05:00+01:00,0.008016
2026-01-20 05:15+01:00,0.008864
2026-01-20 05:30+01:00,0.006475
2026-01-20 05:45+01:00,0.006064
2026-01-20 06:00+01:00,0.009293
2026-01-20 06:15+01:00,0.007788
2026-01-20 06:30+01:00,0.008343
2026-01-20 06:45+01:00,0.008866
2026-01-20 07:00+01:00,0.130155
2026-01-20 07:15+01:00,0.132355
2026-01-20 07:30+01:00,0.130685
2026-01-20 07:45+01:00,0.130998
2026-01-20 08:00+01:00,0.119403
2026-01-20 08:15+01:00,0.123151
2026-01-20 08:30+01:00,0.133313
2026-01-20 08:45+01:00,0.137459
2026-01-20 09:00+01:00,0.129382
2026-01-20 09:15+01:00,0.131975
2026-01-20 09:30+01:00,0.124402
2026-01-20 09:45+01:00,0.121258
2026-01-20 10:00+01:00,0.136621
2026-01-20 10:15+01:00,0.129050
2026-01-20 10:30+01:00,0.127867
2026-01-20 10:45+01:00,0.130820
2026-01-20 11:00+01:00,0.132826
2026-01-20 11:15+01:00,0.122342
2026-01-20 11:30+01:00,0.134843
2026-01-20 11:45+01:00,0.120463
2026-01-20 12:00+01:00,0.117548
2026-01-20 12:15+01:00,0.124473
2026-01-20 12:30+01:00,0.126583
2026-01-20 12:45+01:00,0.123831
2026-01-20 13:00+01:00,0.130014
2026-01-20 13:15+01:00,0.129485
2026-01-20 13:30+01:00,0.117413
2026-01-20 13:45+01:00,0.129737
2026-01-20 14:00+01:00,0.118497
2026-01-20 14:15+01:00,0.133907
2026-01-20 14:30+01:00,0.125113
2026-01-20 14:45+01:00,0.113992
2026-01-20 15:00+01:00,0.124586
2026-01-20 15:15+01:00,0.127028
2026-01-20 15:30+01:00,0.132736
2026-01-20 15:45+01:00,0.113465
2026-01-20 16:00+01:00,0.122246
2026-01-20 16:15+01:00,0.121400
2026-01-20 16:30+01:00,0.127125
2026-01-20 16:45+01:00,0.126865
2026-01-20 17:00+01:00,0.121461
2026-01-20 17:15+01:00,0.119942
2026-01-20 17:30+01:00,0.127407
2026-01-20 17:45+01:00,0.138653
2026-01-20 18:00+01:00,0.008276
2026-01-20 18:15+01:00,0.009565
2026-01-20 18:30+01:00,0.010169
2026-01-20 18:45+01:00,0.006514
2026-01-20 19:00+01:00,0.008240
2026-01-20 19:15+01:00,0.009085
2026-01-20 19:30+01:00,0.008469
2026-01-20 19:45+01:00,0.009382
2026-01-20 20:00+01:00,0.009707
2026-01-20 20:15+01:00,0.007295
2026-01-20 20:30+01:00,0.006375
2026-01-20 20:45+01:00,0.011837
2026-01-20 21:00+01:00,0.009302
2026-01-20 21:15+01:00,0.007306
2026-01-20 21:30+01:00,0.009165
2026-01-20 21:45+01:00,
2026-01-20 22:00+01:00,0.011141
2026-01-20 22:15+01:00,0.006542
2026-01-20 22:30+01:00,0.007936
2026-01-20 22:45+01:00,0.011752
2026-01-20 23:00+01:00,0.009273
2026-01-20 23:15+01:00,0.007823
2026-01-20 23:30+01:00,0.009217
2026-01-20 23:45+01:00,0.010346
2026-01-21 00:00+01:00,
2026-01-21 00:15+01:00,0.008356
2026-01-21 00:30+01:00,0.009104
2026-01-21 00:45+01:00,0.008133
2026-01-21 01:00+01:00,0.008569
2026-01-21 01:15+01:00,0.012325
2026-01-21 01:30+01:00,0.000000
2026-01-21 01:45+01:00,0.009591
2026-01-21 02:00+01:00,0.009993
2026-01-21 02:15+01:00,0.010683
2026-01-21 02:30+01:00,0.007971
2026-01-21 02:45+01:00,0.006588
2026-01-21 03:00+01:00,0.008695
2026-01-21 03:15+01:00,0.010715
2026-01-21 03:30+01:00,0.007268
2026-01-21 03:45+01:00,0.010419
2026-01-21 04:00+01:00,0.012504
2026-01-21 04:15+01:00,0.000000
2026-01-21 04:30+01:00,0.009659
2026-01-21 04:45+01:00,0.000000
2026-01-21 05:00+01:00,0.009709
2026-01-21 05:15+01:00,0.009638
2026-01-21 05:30+01:00,0.007033
2026-01-21 05:45+01:00,0.009514
2026-01-21 06:00+01:00,0.010625
2026-01-21 06:15+01:00,0.012040
2026-01-21 06:30+01:00,0.008529
2026-01-21 06:45+01:00,0.008559
2026-01-21 07:00+01:00,0.122947
2026-01-21 07:15+01:00,0.121626
2026-01-21 07:30+01:00,0.124610
2026-01-21 07:45+01:00,0.118151
2026-01-21 08:00+01:00,0.128989
2026-01-21 08:15+01:00,0.128585
2026-01-21 08:30+01:00,0.121595
2026-01-21 08:45+01:00,0.112360
2026-01-21 09:00+01:00,0.127330
2026-01-21 09:15+01:00,0.137210
2026-01-21 09:30+01:00,0.120786
2026-01-21 09:45+01:00,0.125078
2026-01-21 10:00+01:00,0.133616
2026-01-21 10:15+01:00,0.127875
2026-01-21 10:30+01:00,0.125832
2026-01-21 10:45+01:00,0.116358
2026-01-21 11:00+01:00,0.128419
2026-01-21 11:15+01:00,0.132465
2026-01-21 11:30+01:00,0.125446
2026-01-21 11:45+01:00,0.115881
2026-01-21 12:00+01:00,0.125572
2026-01-21 12:15+01:00,0.126215
2026-01-21 12:30+01:00,0.122512
2026-01-21 12:45+01:00,0.132948
2026-01-21 13:00+01:00,
2026-01-21 13:15+01:00,0.126426
2026-01-21 13:30+01:00,0.129666
2026-01-21 13:45+01:00,0.136486
2026-01-21 14:00+01:00,0.121132
2026-01-21 14:15+01:00,0.131514
2026-01-21 14:30+01:00,0.119818
2026-01-21 14:45+01:00,0.121007
2026-01-21 15:00+01:00,0.138659
2026-01-21 15:15+01:00,0.127673
2026-01-21 15:30+01:00,0.126903
2026-01-21 15:45+01:00,0.128309
2026-01-21 16:00+01:00,0.120284
2026-01-21 16:15+01:00,0.121261
2026-01-21 16:30+01:00,0.123368
2026-01-21 16:45+01:00,0.136395
2026-01-21 17:00+01:00,0.130609
2026-01-21 17:15+01:00,0.132745
2026-01-21 17:30+01:00,0.126686
2026-01-21 17:45+01:00,0.136134
2026-01-21 18:00+01:00,0.009087
2026-01-21 18:15+01:00,0.009292
2026-01-21 18:30+01:00,0.008488
2026-01-21 18:45+01:00,0.009632
2026-01-21 19:00+01:00,0.010340
2026-01-21 19:15+01:00,0.011478
2026-01-21 19:30+01:00,0.009131
2026-01-21 19:45+01:00,0.007276
2026-01-21 20:00+01:00,0.000000
2026-01-21 20:15+01:00,0.000000
2026-01-21 20:30+01:00,0.008780
2026-01-21 20:45+01:00,0.007208
2026-01-21 21:00+01:00,0.008157
2026-01-21 21:15+01:00,0.008802
2026-01-21 21:30+01:00,0.006336
2026-01-21 21:45+01:00,0.007103
2026-01-21 22:00+01:00,0.010452
2026-01-21 22:15+01:00,0.008436
2026-01-21 22:30+01:00,
2026-01-21 22:45+01:00,0.000000
2026-01-21 23:00+01:00,0.008110
2026-01-21 23:15+01:00,0.009157
2026-01-21 23:30+01:00,0.011342
2026-01-21 23:45+01:00,0.007665
2026-01-22 00:00+01:00,0.007522
2026-01-22 00:15+01:00,0.011469
2026-01-22 00:30+01:00,0.006834
2026-01-22 00:45+01:00,0.010224
2026-01-22 01:00+01:00,
2026-01-22 01:15+01:00,0.010610
2026-01-22 01:30+01:00,0.007489
2026-01-22 01:45+01:00,0.009395
2026-01-22 02:00+01:00,0.006852
2026-01-22 02:15+01:00,0.007682
2026-01-22 02:30+01:00,0.000000
2026-01-22 02:45+01:00,0.008392
2026-01-22 03:00+01:00,0.009547
2026-01-22 03:15+01:00,0.008599
2026-01-22 03:30+01:00,0.011080
2026-01-22 03:45+01:00,0.007654
2026-01-22 04:00+01:00,0.009852
2026-01-22 04:15+01:00,0.010361
2026-01-22 04:30+01:00,0.008674
2026-01-22 04:45+01:00,0.009505
2026-01-22 05:00+01:00,0.009693
2026-01-22 05:15+01:00,0.007926
2026-01-22 05:30+01:00,0.008393
2026-01-22 05:45+01:00,0.008265
2026-01-22 06:00+01:00,0.008964
2026-01-22 06:15+01:00,0.007349
2026-01-22 06:30+01:00,0.010235
2026-01-22 06:45+01:00,0.008186
2026-01-22 07:00+01:00,0.125083
2026-01-22 07:15+01:00,0.130040
2026-01-22 07:30+01:00,0.120176
2026-01-22 07:45+01:00,0.126797
2026-01-22 08:00+01:00,0.128008
2026-01-22 08:15+01:00,0.126110
2026-01-22 08:30+01:00,0.132136
2026-01-22 08:45+01:00,0.121470
2026-01-22 09:00+01:00,0.116204
2026-01-22 09:15+01:00,0.131020
2026-01-22 09:30+01:00,0.128334
2026-01-22 09:45+01:00,0.131456
2026-01-22 10:00+01:00,0.127261
2026-01-22 10:15+01:00,0.131393
2026-01-22 10:30+01:00,0.129296
2026-01-22 10:45+01:00,0.120105
2026-01-22 11:00+01:00,0.127833
2026-01-22 11:15+01:00,0.137133
2026-01-22 11:30+01:00,0.136712
2026-01-22 11:45+01:00,0.126779
2026-01-22 12:00+01:00,0.135762
2026-01-22 12:15+01:00,0.134431
2026-01-22 12:30+01:00,0.116130
2026-01-22 12:45+01:00,0.124553
2026-01-22 13:00+01:00,0.118785
2026-01-22 13:15+01:00,0.127821
2026-01-22 13:30+01:00,0.124974
2026-01-22 13:45+01:00,0.120477
2026-01-22 14:00+01:00,0.129446
2026-01-22 14:15+01:00,0.128515
2026-01-22 14:30+01:00,0.127455
2026-01-22 14:45+01:00,0.119357
2026-01-22 15:00+01:00,0.135763
2026-01-22 15:15+01:00,0.129892
2026-01-22 15:30+01:00,0.123733
2026-01-22 15:45+01:00,0.127509
2026-01-22 16:00+01:00,0.121492
2026-01-22 16:15+01:00,0.121606
2026-01-22 16:30+01:00,0.124584
2026-01-22 16:45+01:00,0.134486
2026-01-22 17:00+01:00,0.128748
2026-01-22 17:15+01:00,0.111216
2026-01-22 17:30+01:00,0.130720
2026-01-22 17:45+01:00,0.116279
2026-01-22 18:00+01:00,0.005352
2026-01-22 18:15+01:00,0.010800
2026-01-22 18:30+01:00,0.007406
2026-01-22 18:45+01:00,0.007466
2026-01-22 19:00+01:00,0.006860
2026-01-22 19:15+01:00,0.009089
2026-01-22 19:30+01:00,0.008345
2026-01-22 19:45+01:00,0.007985
2026-01-22 20:00+01:00,0.000000
2026-01-22 20:15+01:00,0.008694
2026-01-22 20:30+01:00,0.010056
2026-01-22 20:45+01:00,0.006039
2026-01-22 21:00+01:00,0.000000
2026-01-22 21:15+01:00,0.008834
2026-01-22 21:30+01:00,0.011409
2026-01-22 21:45+01:00,0.009262
2026-01-22 22:00+01:00,0.006589
2026-01-22 22:15+01:00,0.007772
2026-01-22 22:30+01:00,0.005709
2026-01-22 22:45+01:00,0.010865
2026-01-22 23:00+01:00,0.007945
2026-01-22 23:15+01:00,0.007641
2026-01-22 23:30+01:00,0.009882
2026-01-22 23:45+01:00,0.007531
2026-01-23 00:00+01:00,0.009212
2026-01-23 00:15+01:00,0.007649
2026-01-23 00:30+01:00,0.009032
2026-01-23 00:45+01:00,0.008417
2026-01-23 01:00+01:00,0.007127
2026-01-23 01:15+01:00,0.009168
2026-01-23 01:30+01:00,0.008094
2026-01-23 01:45+01:00,0.007400
2026-01-23 02:00+01:00,0.005743
2026-01-23 02:15+01:00,0.009038
2026-01-23 02:30+01:00,0.011408
2026-01-23 02:45+01:00,0.006443
2026-01-23 03:00+01:00,0.008241
2026-01-23 03:15+01:00,0.006004
2026-01-23 03:30+01:00,0.000000
2026-01-23 03:45+01:00,0.008479
2026-01-23 04:00+01:00,0.000000
2026-01-23 04:15+01:00,0.009516
2026-01-23 04:30+01:00,0.008906
2026-01-23 04:45+01:00,0.009643
2026-01-23 05:00+01:00,0.010236
2026-01-23 05:15+01:00,0.010226
2026-01-23 05:30+01:00,0.006465
2026-01-23 05:45+01:00,0.006976
2026-01-23 06:00+01:00,0.006882
2026-01-23 06:15+01:00,0.008814
2026-01-23 06:30+01:00,0.006757
2026-01-23 06:45+01:00,0.008959
2026-01-23 07:00+01:00,0.122053
2026-01-23 07:15+01:00,0.135638
2026-01-23 07:30+01:00,0.131963
2026-01-23 07:45+01:00,0.117062
2026-01-23 08:00+01:00,0.127488
2026-01-23 08:15+01:00,0.139694
2026-01-23 08:30+01:00,0.128830
2026-01-23 08:45+01:00,0.124361
2026-01-23 09:00+01:00,0.128839
2026-01-23 09:15+01:00,0.118821
2026-01-23 09:30+01:00,0.120393
2026-01-23 09:45+01:00,0.127171
2026-01-23 10:00+01:00,0.118694
2026-01-23 10:15+01:00,0.125617
2026-01-23 10:30+01:00,0.122304
2026-01-23 10:45+01:00,0.132903
2026-01-23 11:00+01:00,0.121171
2026-01-23 11:15+01:00,0.129973
2026-01-23 11:30+01:00,0.124227
2026-01-23 11:45+01:00,0.131199
2026-01-23 12:00+01:00,0.128359
2026-01-23 12:15+01:00,0.126795
2026-01-23 12:30+01:00,0.128648
2026-01-23 12:45+01:00,0.126793
2026-01-23 13:00+01:00,0.124203
2026-01-23 13:15+01:00,0.124020
2026-01-23 13:30+01:00,0.116642
2026-01-23 13:45+01:00,0.125945
2026-01-23 14:00+01:00,0.124789
2026-01-23 14:15+01:00,0.126582
2026-01-23 14:30+01:00,0.118667
2026-01-23 14:45+01:00,0.127039
2026-01-23 15:00+01:00,0.126539
2026-01-23 15:15+01:00,0.126687
2026-01-23 15:30+01:00,0.115342
2026-01-23 15:45+01:00,0.122799
2026-01-23 16:00+01:00,0.124779
2026-01-23 16:15+01:00,0.122498
2026-01-23 16:30+01:00,0.130326
2026-01-23 16:45+01:00,0.130465
2026-01-23 17:00+01:00,0.121527
2026-01-23 17:15+01:00,0.123021
2026-01-23 17:30+01:00,0.127145
2026-01-23 17:45+01:00,0.126655
2026-01-23 18:00+01:00,0.007613
2026-01-23 18:15+01:00,0.007870
2026-01-23 18:30+01:00,0.007477
2026-01-23 18:45+01:00,0.006900
2026-01-23 19:00+01:00,0.007695
2026-01-23 19:15+01:00,0.008969
2026-01-23 19:30+01:00,0.009129
2026-01-23 19:45+01:00,0.006690
2026-01-23 20:00+01:00,0.011386
2026-01-23 20:15+01:00,0.008245
2026-01-23 20:30+01:00,0.006685
2026-01-23 20:45+01:00,0.000000
2026-01-23 21:00+01:00,0.010194
2026-01-23 21:15+01:00,0.008472
2026-01-23 21:30+01:00,0.010673
2026-01-23 21:45+01:00,0.008364
2026-01-23 22:00+01:00,0.000000
2026-01-23 22:15+01:00,0.009830
2026-01-23 22:30+01:00,0.009189
2026-01-23 22:45+01:00,0.007512
2026-01-23 23:00+01:00,0.008189
2026-01-23 23:15+01:00,0.008361
2026-01-23 23:30+01:00,0.007899
2026-01-23 23:45+01:00,0.010574
2026-01-24 00:00+01:00,0.008955
2026-01-24 00:15+01:00,0.002981
2026-01-24 00:30+01:00,0.004319
2026-01-24 00:45+01:00,0.002783
2026-01-24 01:00+01:00,0.003146
2026-01-24 01:15+01:00,0.004200
2026-01-24 01:30+01:00,0.002561
2026-01-24 01:45+01:00,0.003185
2026-01-24 02:00+01:00,0.002712
2026-01-24 02:15+01:00,0.003673
2026-01-24 02:30+01:00,0.000000
2026-01-24 02:45+01:00,0.000000
2026-01-24 03:00+01:00,0.003035
2026-01-24 03:15+01:00,0.000000
2026-01-24 03:30+01:00,0.003908
2026-01-24 03:45+01:00,0.003296
2026-01-24 04:00+01:00,0.004563
2026-01-24 04:15+01:00,0.003248
2026-01-24 04:30+01:00,0.003001
2026-01-24 04:45+01:00,0.003290
2026-01-24 05:00+01:00,0.003965
2026-01-24 05:15+01:00,0.004110
2026-01-24 05:30+01:00,0.003192
2026-01-24 05:45+01:00,0.004661
2026-01-24 06:00+01:00,0.004782
2026-01-24 06:15+01:00,0.004127
2026-01-24 06:30+01:00,0.003522
2026-01-24 06:45+01:00,0.002634
2026-01-24 07:00+01:00,
2026-01-24 07:15+01:00,0.003221
2026-01-24 07:30+01:00,0.003723
2026-01-24 07:45+01:00,0.003173
2026-01-24 08:00+01:00,0.004398
2026-01-24 08:15+01:00,0.003816
2026-01-24 08:30+01:00,0.003289
2026-01-24 08:45+01:00,0.003389
2026-01-24 09:00+01:00,0.003514
2026-01-24 09:15+01:00,0.004237
2026-01-24 09:30+01:00,0.004638
2026-01-24 09:45+01:00,
2026-01-24 10:00+01:00,0.004157
2026-01-24 10:15+01:00,0.003500
2026-01-24 10:30+01:00,0.003276
2026-01-24 10:45+01:00,0.003698
2026-01-24 11:00+01:00,0.004466
2026-01-24 11:15+01:00,0.005170
2026-01-24 11:30+01:00,0.000000
2026-01-24 11:45+01:00,0.003599
2026-01-24 12:00+01:00,0.003479
2026-01-24 12:15+01:00,0.003873
2026-01-24 12:30+01:00,0.003667
2026-01-24 12:45+01:00,0.003368
2026-01-24 13:00+01:00,0.003559
2026-01-24 13:15+01:00,0.003445
2026-01-24 13:30+01:00,0.000000
2026-01-24 13:45+01:00,
2026-01-24 14:00+01:00,0.003802
2026-01-24 14:15+01:00,0.003459
2026-01-24 14:30+01:00,0.003617
2026-01-24 14:45+01:00,0.004437
2026-01-24 15:00+01:00,0.003024
2026-01-24 15:15+01:00,0.004303
2026-01-24 15:30+01:00,0.004175
2026-01-24 15:45+01:00,0.003937
2026-01-24 16:00+01:00,0.004786
2026-01-24 16:15+01:00,0.002698
2026-01-24 16:30+01:00,0.003828
2026-01-24 16:45+01:00,0.002368
2026-01-24 17:00+01:00,0.004418
2026-01-24 17:15+01:00,0.003657
2026-01-24 17:30+01:00,0.004093
2026-01-24 17:45+01:00,
2026-01-24 18:00+01:00,0.003291
2026-01-24 18:15+01:00,0.003980
2026-01-24 18:30+01:00,0.003498
2026-01-24 18:45+01:00,0.003400
2026-01-24 19:00+01:00,0.004719
2026-01-24 19:15+01:00,0.004434
2026-01-24 19:30+01:00,0.003660
2026-01-24 19:45+01:00,
2026-01-24 20:00+01:00,0.000000
2026-01-24 20:15+01:00,0.004105
2026-01-24 20:30+01:00,0.002969
2026-01-24 20:45+01:00,0.003478
2026-01-24 21:00+01:00,0.004051
2026-01-24 21:15+01:00,0.003812
2026-01-24 21:30+01:00,0.002631
2026-01-24 21:45+01:00,0.004234
2026-01-24 22:00+01:00,0.000000
2026-01-24 22:15+01:00,0.002815
2026-01-24 22:30+01:00,0.003595
2026-01-24 22:45+01:00,0.004271
2026-01-24 23:00+01:00,0.001763
2026-01-24 23:15+01:00,0.004175
2026-01-24 23:30+01:00,0.003849
2026-01-24 23:45+01:00,0.003584
2026-01-25 00:00+01:00,0.003536
2026-01-25 00:15+01:00,0.000000
2026-01-25 00:30+01:00,0.004298
2026-01-25 00:45+01:00,0.003755
2026-01-25 01:00+01:00,0.003659
2026-01-25 01:15+01:00,0.003786
2026-01-25 01:30+01:00,0.005123
2026-01-25 01:45+01:00,0.004000
2026-01-25 02:00+01:00,0.002839
2026-01-25 02:15+01:00,0.004125
2026-01-25 02:30+01:00,0.002073
2026-01-25 02:45+01:00,0.004472
2026-01-25 03:00+01:00,0.003745
2026-01-25 03:15+01:00,0.003592
2026-01-25 03:30+01:00,0.003397
2026-01-25 03:45+01:00,0.004470
2026-01-25 04:00+01:00,0.004278
2026-01-25 04:15+01:00,0.003569
2026-01-25 04:30+01:00,0.003870
2026-01-25 04:45+01:00,0.003832
2026-01-25 05:00+01:00,0.004190
2026-01-25 05:15+01:00,0.003993
2026-01-25 05:30+01:00,0.003699
2026-01-25 05:45+01:00,0.002335
2026-01-25 06:00+01:00,0.003508
2026-01-25 06:15+01:00,0.003358
2026-01-25 06:30+01:00,0.004261
2026-01-25 06:45+01:00,0.003682
2026-01-25 07:00+01:00,0.004266
2026-01-25 07:15+01:00,0.003160
2026-01-25 07:30+01:00,0.002588
2026-01-25 07:45+01:00,0.004406
2026-01-25 08:00+01:00,0.000000
2026-01-25 08:15+01:00,0.003929
2026-01-25 08:30+01:00,0.003694
2026-01-25 08:45+01:00,0.003817
2026-01-25 09:00+01:00,0.003739
2026-01-25 09:15+01:00,0.000000
2026-01-25 09:30+01:00,0.003572
2026-01-25 09:45+01:00,0.003824
2026-01-25 10:00+01:00,0.003914
2026-01-25 10:15+01:00,0.000000
2026-01-25 10:30+01:00,0.004937
2026-01-25 10:45+01:00,0.003639
2026-01-25 11:00+01:00,0.003556
2026-01-25 11:15+01:00,0.004009
2026-01-25 11:30+01:00,0.004527
2026-01-25 11:45+01:00,0.003080
2026-01-25 12:00+01:00,0.003884
2026-01-25 12:15+01:00,0.003292
2026-01-25 12:30+01:00,0.000000
2026-01-25 12:45+01:00,0.004217
2026-01-25 13:00+01:00,0.005302
2026-01-25 13:15+01:00,
2026-01-25 13:30+01:00,0.004031
2026-01-25 13:45+01:00,0.003291
2026-01-25 14:00+01:00,0.004201
2026-01-25 14:15+01:00,0.003149
2026-01-25 14:30+01:00,0.003963
2026-01-25 14:45+01:00,0.000000
2026-01-25 15:00+01:00,0.003301
2026-01-25 15:15+01:00,0.002903
2026-01-25 15:30+01:00,0.004470
2026-01-25 15:45+01:00,0.003366
2026-01-25 16:00+01:00,0.003373
2026-01-25 16:15+01:00,0.004236
2026-01-25 16:30+01:00,0.003874
2026-01-25 16:45+01:00,0.002902
2026-01-25 17:00+01:00,0.003426
2026-01-25 17:15+01:00,0.004002
2026-01-25 17:30+01:00,0.004592
2026-01-25 17:45+01:00,0.004013
2026-01-25 18:00+01:00,0.002630
2026-01-25 18:15+01:00,0.004489
2026-01-25 18:30+01:00,0.003121
2026-01-25 18:45+01:00,0.003348
2026-01-25 19:00+01:00,0.003441
2026-01-25 19:15+01:00,0.000000
2026-01-25 19:30+01:00,0.003588
2026-01-25 19:45+01:00,0.003998
2026-01-25 20:00+01:00,0.004775
2026-01-25 20:15+01:00,0.004689
2026-01-25 20:30+01:00,0.004006
2026-01-25 20:45+01:00,0.004224
2026-01-25 21:00+01:00,0.004032
2026-01-25 21:15+01:00,0.003490
2026-01-25 21:30+01:00,0.004385
2026-01-25 21:45+01:00,0.003622
2026-01-25 22:00+01:00,0.004499
2026-01-25 22:15+01:00,0.003999
2026-01-25 22:30+01:00,0.004214
2026-01-25 22:45+01:00,0.003878
2026-01-25 23:00+01:00,0.002934
2026-01-25 23:15+01:00,0.004198
2026-01-25 23:30+01:00,0.004248
2026-01-25 23:45+01:00,0.003011
2026-01-26 00:00+01:00,0.003447
2026-01-26 00:15+01:00,0.009167
2026-01-26 00:30+01:00,0.006909
2026-01-26 00:45+01:00,0.010154
2026-01-26 01:00+01:00,0.007490
2026-01-26 01:15+01:00,0.010178
2026-01-26 01:30+01:00,0.009475
2026-01-26 01:45+01:00,0.006763
2026-01-26 02:00+01:00,0.008349
2026-01-26 02:15+01:00,0.000000
2026-01-26 02:30+01:00,0.007140
2026-01-26 02:45+01:00,0.007758
2026-01-26 03:00+01:00,0.007688
2026-01-26 03:15+01:00,0.008116
2026-01-26 03:30+01:00,0.008913
2026-01-26 03:45+01:00,0.008471
2026-01-26 04:00+01:00,0.008633
2026-01-26 04:15+01:00,0.008409
2026-01-26 04:30+01:00,0.009665
2026-01-26 04:45+01:00,0.008324
2026-01-26 05:00+01:00,0.008785
2026-01-26 05:15+01:00,0.009723
2026-01-26 05:30+01:00,0.008197
2026-01-26 05:45+01:00,0.009129
2026-01-26 06:00+01:00,0.007477
2026-01-26 06:15+01:00,0.000000
2026-01-26 06:30+01:00,0.006694
2026-01-26 06:45+01:00,0.008041
2026-01-26 07:00+01:00,0.124126
2026-01-26 07:15+01:00,0.122957
2026-01-26 07:30+01:00,0.124044
2026-01-26 07:45+01:00,0.121987
2026-01-26 08:00+01:00,0.121631
2026-01-26 08:15+01:00,0.129172
2026-01-26 08:30+01:00,0.131619
2026-01-26 08:45+01:00,0.130360
2026-01-26 09:00+01:00,0.130666
2026-01-26 09:15+01:00,0.126788
2026-01-26 09:30+01:00,0.135749
2026-01-26 09:45+01:00,0.131897
2026-01-26 10:00+01:00,0.124158
2026-01-26 10:15+01:00,0.117224
2026-01-26 10:30+01:00,0.123786
2026-01-26 10:45+01:00,0.120221
2026-01-26 11:00+01:00,0.125457
2026-01-26 11:15+01:00,0.126061
2026-01-26 11:30+01:00,0.123690
2026-01-26 11:45+01:00,0.125962
2026-01-26 12:00+01:00,0.118721
2026-01-26 12:15+01:00,0.127655
2026-01-26 12:30+01:00,0.128983
2026-01-26 12:45+01:00,0.125099
2026-01-26 13:00+01:00,0.127934
2026-01-26 13:15+01:00,0.126770
2026-01-26 13:30+01:00,0.140682
2026-01-26 13:45+01:00,0.128186
2026-01-26 14:00+01:00,0.127302
2026-01-26 14:15+01:00,0.123460
2026-01-26 14:30+01:00,0.114724
2026-01-26 14:45+01:00,0.124620
2026-01-26 15:00+01:00,0.124733
2026-01-26 15:15+01:00,0.118241
2026-01-26 15:30+01:00,0.126097
2026-01-26 15:45+01:00,0.119429
2026-01-26 16:00+01:00,0.118251
2026-01-26 16:15+01:00,0.120970
2026-01-26 16:30+01:00,0.125179
2026-01-26 16:45+01:00,0.126568
2026-01-26 17:00+01:00,0.130738
2026-01-26 17:15+01:00,0.132439
2026-01-26 17:30+01:00,0.126072
2026-01-26 17:45+01:00,0.138111
2026-01-26 18:00+01:00,0.008136
2026-01-26 18:15+01:00,0.002930
2026-01-26 18:30+01:00,0.010968
2026-01-26 18:45+01:00,0.000000
2026-01-26 19:00+01:00,0.010383
2026-01-26 19:15+01:00,0.000000
2026-01-26 19:30+01:00,0.007042
2026-01-26 19:45+01:00,0.008371
2026-01-26 20:00+01:00,0.008343
2026-01-26 20:15+01:00,0.008676
2026-01-26 20:30+01:00,0.007814
2026-01-26 20:45+01:00,0.008880
2026-01-26 21:00+01:00,0.009527
2026-01-26 21:15+01:00,0.008459
2026-01-26 21:30+01:00,0.010035
2026-01-26 21:45+01:00,0.010493
2026-01-26 22:00+01:00,0.008275
2026-01-26 22:15+01:00,0.008496
2026-01-26 22:30+01:00,0.007693
2026-01-26 22:45+01:00,0.010008
2026-01-26 23:00+01:00,0.005253
2026-01-26 23:15+01:00,0.007263
2026-01-26 23:30+01:00,0.006101
2026-01-26 23:45+01:00,0.009375
2026-01-27 00:00+01:00,0.007875
2026-01-27 00:15+01:00,0.009142
2026-01-27 00:30+01:00,
2026-01-27 00:45+01:00,0.009436
2026-01-27 01:00+01:00,0.009346
2026-01-27 01:15+01:00,0.011068
2026-01-27 01:30+01:00,0.009134
2026-01-27 01:45+01:00,0.009407
2026-01-27 02:00+01:00,0.006528
2026-01-27 02:15+01:00,0.006665
2026-01-27 02:30+01:00,0.008504
2026-01-27 02:45+01:00,0.008540
2026-01-27 03:00+01:00,0.006380
2026-01-27 03:15+01:00,0.010678
2026-01-27 03:30+01:00,0.009927
2026-01-27 03:45+01:00,0.000000
2026-01-27 04:00+01:00,0.008785
2026-01-27 04:15+01:00,0.000000
2026-01-27 04:30+01:00,0.008281
2026-01-27 04:45+01:00,0.007615
2026-01-27 05:00+01:00,0.008440
2026-01-27 05:15+01:00,0.009952
2026-01-27 05:30+01:00,0.009370
2026-01-27 05:45+01:00,0.011025
2026-01-27 06:00+01:00,0.008912
2026-01-27 06:15+01:00,
2026-01-27 06:30+01:00,0.006687
2026-01-27 06:45+01:00,0.010062
2026-01-27 07:00+01:00,0.124573
2026-01-27 07:15+01:00,0.125059
2026-01-27 07:30+01:00,0.121763
2026-01-27 07:45+01:00,0.134553
2026-01-27 08:00+01:00,0.130291
2026-01-27 08:15+01:00,0.125459
2026-01-27 08:30+01:00,0.127478
2026-01-27 08:45+01:00,0.129854
2026-01-27 09:00+01:00,0.124619
2026-01-27 09:15+01:00,0.119895
2026-01-27 09:30+01:00,0.130310
2026-01-27 09:45+01:00,0.124985
2026-01-27 10:00+01:00,0.125672
2026-01-27 10:15+01:00,0.122443
2026-01-27 10:30+01:00,0.121695
2026-01-27 10:45+01:00,0.124772
2026-01-27 11:00+01:00,0.126906
2026-01-27 11:15+01:00,0.124253
2026-01-27 11:30+01:00,0.111610
2026-01-27 11:45+01:00,0.122719
2026-01-27 12:00+01:00,0.568921
2026-01-27 12:15+01:00,0.132126
2026-01-27 12:30+01:00,0.127531
2026-01-27 12:45+01:00,0.121170
2026-01-27 13:00+01:00,0.115675
2026-01-27 13:15+01:00,0.129884
2026-01-27 13:30+01:00,0.125194
2026-01-27 13:45+01:00,0.117259
2026-01-27 14:00+01:00,0.117154
2026-01-27 14:15+01:00,0.141418
2026-01-27 14:30+01:00,0.116091
2026-01-27 14:45+01:00,0.128166
2026-01-27 15:00+01:00,0.120474
2026-01-27 15:15+01:00,0.137082
2026-01-27 15:30+01:00,0.130904
2026-01-27 15:45+01:00,0.118453
2026-01-27 16:00+01:00,0.123392
2026-01-27 16:15+01:00,0.130314
2026-01-27 16:30+01:00,0.129314
2026-01-27 16:45+01:00,0.121321
2026-01-27 17:00+01:00,0.117082
2026-01-27 17:15+01:00,0.122249
2026-01-27 17:30+01:00,0.120727
2026-01-27 17:45+01:00,0.126199
2026-01-27 18:00+01:00,0.011263
2026-01-27 18:15+01:00,0.011285
2026-01-27 18:30+01:00,0.008392
2026-01-27 18:45+01:00,0.009634
2026-01-27 19:00+01:00,0.006612
2026-01-27 19:15+01:00,0.008248
2026-01-27 19:30+01:00,0.007486
2026-01-27 19:45+01:00,0.009724
2026-01-27 20:00+01:00,0.005603
2026-01-27 20:15+01:00,0.005728
2026-01-27 20:30+01:00,0.009247
2026-01-27 20:45+01:00,0.008814
2026-01-27 21:00+01:00,0.000000
2026-01-27 21:15+01:00,0.000000
2026-01-27 21:30+01:00,0.008037
2026-01-27 21:45+01:00,0.007958
2026-01-27 22:00+01:00,0.000000
2026-01-27 22:15+01:00,0.010602
2026-01-27 22:30+01:00,0.009393
2026-01-27 22:45+01:00,0.009291
2026-01-27 23:00+01:00,0.007111
2026-01-27 23:15+01:00,0.008152
2026-01-27 23:30+01:00,0.000000
2026-01-27 23:45+01:00,0.010444
2026-01-28 00:00+01:00,0.000000
2026-01-28 00:15+01:00,0.011786
2026-01-28 00:30+01:00,0.007311
2026-01-28 00:45+01:00,0.006668
2026-01-28 01:00+01:00,0.009064
2026-01-28 01:15+01:00,0.009028
2026-01-28 01:30+01:00,
2026-01-28 01:45+01:00,
2026-01-28 02:00+01:00,
2026-01-28 02:15+01:00,
2026-01-28 02:30+01:00,
2026-01-28 02:45+01:00,
2026-01-28 03:00+01:00,
2026-01-28 03:15+01:00,
2026-01-28 03:30+01:00,
2026-01-28 03:45+01:00,
2026-01-28 04:00+01:00,
2026-01-28 04:15+01:00,0.008514
2026-01-28 04:30+01:00,0.006827
2026-01-28 04:45+01:00,0.009123
2026-01-28 05:00+01:00,0.008998
2026-01-28 05:15+01:00,0.009610
2026-01-28 05:30+01:00,0.009105
2026-01-28 05:45+01:00,0.006539
2026-01-28 06:00+01:00,0.009028
2026-01-28 06:15+01:00,0.000000
2026-01-28 06:30+01:00,0.008693
2026-01-28 06:45+01:00,0.009865
2026-01-28 07:00+01:00,0.123986
2026-01-28 07:15+01:00,0.135629
2026-01-28 07:30+01:00,0.127375
2026-01-28 07:45+01:00,0.134895
2026-01-28 08:00+01:00,0.126834
2026-01-28 08:15+01:00,0.118917
2026-01-28 08:30+01:00,0.129206
2026-01-28 08:45+01:00,0.132436
2026-01-28 09:00+01:00,0.122248
2026-01-28 09:15+01:00,0.125502
2026-01-28 09:30+01:00,0.131189
2026-01-28 09:45+01:00,0.130872
2026-01-28 10:00+01:00,0.123218
2026-01-28 10:15+01:00,
2026-01-28 10:30+01:00,0.113186
2026-01-28 10:45+01:00,0.118463
2026-01-28 11:00+01:00,0.119515
2026-01-28 11:15+01:00,0.120962
2026-01-28 11:30+01:00,0.118299
2026-01-28 11:45+01:00,0.116398
2026-01-28 12:00+01:00,0.122583
2026-01-28 12:15+01:00,0.120859
2026-01-28 12:30+01:00,0.117099
2026-01-28 12:45+01:00,0.119869
2026-01-28 13:00+01:00,0.116549
2026-01-28 13:15+01:00,0.123417
2026-01-28 13:30+01:00,0.121209
2026-01-28 13:45+01:00,0.128845
2026-01-28 14:00+01:00,0.127725
2026-01-28 14:15+01:00,0.130040
2026-01-28 14:30+01:00,0.124068
2026-01-28 14:45+01:00,0.122575
2026-01-28 15:00+01:00,0.122886
2026-01-28 15:15+01:00,0.130750
2026-01-28 15:30+01:00,0.129024
2026-01-28 15:45+01:00,0.112437
2026-01-28 16:00+01:00,0.114507
2026-01-28 16:15+01:00,0.135854
2026-01-28 16:30+01:00,0.119560
2026-01-28 16:45+01:00,0.133729
2026-01-28 17:00+01:00,0.129790
2026-01-28 17:15+01:00,0.129780
2026-01-28 17:30+01:00,0.119804
2026-01-28 17:45+01:00,0.129915
2026-01-28 18:00+01:00,0.009465
2026-01-28 18:15+01:00,0.009967
2026-01-28 18:30+01:00,0.006867
2026-01-28 18:45+01:00,0.008665
2026-01-28 19:00+01:00,0.008840
2026-01-28 19:15+01:00,0.007553
2026-01-28 19:30+01:00,0.008784
2026-01-28 19:45+01:00,0.007739
2026-01-28 20:00+01:00,0.009358
2026-01-28 20:15+01:00,0.008755
2026-01-28 20:30+01:00,0.007640
2026-01-28 20:45+01:00,0.009418
2026-01-28 21:00+01:00,0.008534
2026-01-28 21:15+01:00,0.010476
2026-01-28 21:30+01:00,0.007862
2026-01-28 21:45+01:00,0.007364
2026-01-28 22:00+01:00,0.009101
2026-01-28 22:15+01:00,0.005970
2026-01-28 22:30+01:00,0.008559
2026-01-28 22:45+01:00,0.007449
2026-01-28 23:00+01:00,0.009591
2026-01-28 23:15+01:00,0.008141
2026-01-28 23:30+01:00,0.007729
2026-01-28 23:45+01:00,0.010706
2026-01-29 00:00+01:00,0.011487
2026-01-29 00:15+01:00,0.009433
2026-01-29 00:30+01:00,0.009169
2026-01-29 00:45+01:00,0.009908
2026-01-29 01:00+01:00,0.006945
2026-01-29 01:15+01:00,0.010014
2026-01-29 01:30+01:00,0.010298
2026-01-29 01:45+01:00,0.007713
2026-01-29 02:00+01:00,0.008940
2026-01-29 02:15+01:00,0.009597
2026-01-29 02:30+01:00,0.007780
2026-01-29 02:45+01:00,0.009777
2026-01-29 03:00+01:00,0.008702
2026-01-29 03:15+01:00,0.008412
2026-01-29 03:30+01:00,0.010107
2026-01-29 03:45+01:00,0.009790
2026-01-29 04:00+01:00,0.009346
2026-01-29 04:15+01:00,0.008810
2026-01-29 04:30+01:00,0.009467
2026-01-29 04:45+01:00,0.013723
2026-01-29 05:00+01:00,0.010114
2026-01-29 05:15+01:00,0.000000
2026-01-29 05:30+01:00,0.008754
2026-01-29 05:45+01:00,0.008832
2026-01-29 06:00+01:00,0.009124
2026-01-29 06:15+01:00,0.005884
2026-01-29 06:30+01:00,0.010551
2026-01-29 06:45+01:00,0.008952
2026-01-29 07:00+01:00,0.127813
2026-01-29 07:15+01:00,0.132343
2026-01-29 07:30+01:00,0.134150
2026-01-29 07:45+01:00,0.130546
2026-01-29 08:00+01:00,0.130456
2026-01-29 08:15+01:00,1.133148
2026-01-29 08:30+01:00,0.942340
2026-01-29 08:45+01:00,0.127234
2026-01-29 09:00+01:00,0.129880
2026-01-29 09:15+01:00,
2026-01-29 09:30+01:00,0.127450
2026-01-29 09:45+01:00,0.128590
2026-01-29 10:00+01:00,0.121723
2026-01-29 10:15+01:00,0.131695
2026-01-29 10:30+01:00,0.137159
2026-01-29 10:45+01:00,0.123787
2026-01-29 11:00+01:00,0.133113
2026-01-29 11:15+01:00,0.122543
2026-01-29 11:30+01:00,0.124225
2026-01-29 11:45+01:00,0.125421
2026-01-29 12:00+01:00,0.114943
2026-01-29 12:15+01:00,0.127797
2026-01-29 12:30+01:00,0.124888
2026-01-29 12:45+01:00,0.108286
2026-01-29 13:00+01:00,0.122994
2026-01-29 13:15+01:00,0.125929
2026-01-29 13:30+01:00,0.134937
2026-01-29 13:45+01:00,0.116429
2026-01-29 14:00+01:00,0.119018
2026-01-29 14:15+01:00,0.116076
2026-01-29 14:30+01:00,0.116106
2026-01-29 14:45+01:00,0.127107
2026-01-29 15:00+01:00,0.129152
2026-01-29 15:15+01:00,0.114595
2026-01-29 15:30+01:00,0.127352
2026-01-29 15:45+01:00,0.126356
2026-01-29 16:00+01:00,0.125802
2026-01-29 16:15+01:00,0.123322
2026-01-29 16:30+01:00,0.125830
2026-01-29 16:45+01:00,0.115752
2026-01-29 17:00+01:00,0.129428
2026-01-29 17:15+01:00,0.123797
2026-01-29 17:30+01:00,
2026-01-29 17:45+01:00,0.121877
2026-01-29 18:00+01:00,0.007480
2026-01-29 18:15+01:00,0.008747
2026-01-29 18:30+01:00,0.009215
2026-01-29 18:45+01:00,0.010682
2026-01-29 19:00+01:00,0.011393
2026-01-29 19:15+01:00,0.006731
2026-01-29 19:30+01:00,0.007112
2026-01-29 19:45+01:00,0.007636
2026-01-29 20:00+01:00,0.008129
2026-01-29 20:15+01:00,0.009034
2026-01-29 20:30+01:00,0.006319
2026-01-29 20:45+01:00,0.005810
2026-01-29 21:00+01:00,0.009569
2026-01-29 21:15+01:00,0.008228
2026-01-29 21:30+01:00,0.006194
2026-01-29 21:45+01:00,0.007241
2026-01-29 22:00+01:00,0.008024
2026-01-29 22:15+01:00,0.008845
2026-01-29 22:30+01:00,0.009647
2026-01-29 22:45+01:00,0.009187
2026-01-29 23:00+01:00,0.012031
2026-01-29 23:15+01:00,0.007192
2026-01-29 23:30+01:00,0.010450
2026-01-29 23:45+01:00,0.010412
2026-01-30 00:00+01:00,0.008663
2026-01-30 00:15+01:00,0.008776
2026-01-30 00:30+01:00,0.009835
2026-01-30 00:45+01:00,0.008660
2026-01-30 01:00+01:00,0.000000
2026-01-30 01:15+01:00,0.011040
2026-01-30 01:30+01:00,0.008517
2026-01-30 01:45+01:00,0.006568
2026-01-30 02:00+01:00,0.009612
2026-01-30 02:15+01:00,0.007484
2026-01-30 02:30+01:00,
2026-01-30 02:45+01:00,0.008154
2026-01-30 03:00+01:00,0.010853
2026-01-30 03:15+01:00,0.009802
2026-01-30 03:30+01:00,0.010537
2026-01-30 03:45+01:00,0.008674
2026-01-30 04:00+01:00,0.008616
2026-01-30 04:15+01:00,0.012004
2026-01-30 04:30+01:00,0.006813
2026-01-30 04:45+01:00,0.006752
2026-01-30 05:00+01:00,0.010044
2026-01-30 05:15+01:00,0.008909
2026-01-30 05:30+01:00,0.011263
2026-01-30 05:45+01:00,0.009071
2026-01-30 06:00+01:00,0.012195
2026-01-30 06:15+01:00,
2026-01-30 06:30+01:00,0.007441
2026-01-30 06:45+01:00,0.006807
2026-01-30 07:00+01:00,0.128346
2026-01-30 07:15+01:00,0.125676
2026-01-30 07:30+01:00,0.121459
2026-01-30 07:45+01:00,0.129903
2026-01-30 08:00+01:00,0.127273
2026-01-30 08:15+01:00,0.131716
2026-01-30 08:30+01:00,0.117033
2026-01-30 08:45+01:00,0.121848
2026-01-30 09:00+01:00,0.128921
2026-01-30 09:15+01:00,0.120956
2026-01-30 09:30+01:00,0.122652
2026-01-30 09:45+01:00,0.115295
2026-01-30 10:00+01:00,0.127187
2026-01-30 10:15+01:00,0.113992
2026-01-30 10:30+01:00,0.121936
2026-01-30 10:45+01:00,0.123811
2026-01-30 11:00+01:00,0.115055
2026-01-30 11:15+01:00,0.121497
2026-01-30 11:30+01:00,0.134806
2026-01-30 11:45+01:00,0.119235
2026-01-30 12:00+01:00,0.121510
2026-01-30 12:15+01:00,0.122050
2026-01-30 12:30+01:00,0.128541
2026-01-30 12:45+01:00,0.126932
2026-01-30 13:00+01:00,0.137668
2026-01-30 13:15+01:00,0.125627
2026-01-30 13:30+01:00,0.123044
2026-01-30 13:45+01:00,0.132763
2026-01-30 14:00+01:00,0.140450
2026-01-30 14:15+01:00,0.128514
2026-01-30 14:30+01:00,0.125073
2026-01-30 14:45+01:00,0.115109
2026-01-30 15:00+01:00,0.125185
2026-01-30 15:15+01:00,0.133209
2026-01-30 15:30+01:00,0.123038
2026-01-30 15:45+01:00,0.111455
2026-01-30 16:00+01:00,0.120860
2026-01-30 16:15+01:00,
2026-01-30 16:30+01:00,
2026-01-30 16:45+01:00,0.129460
2026-01-30 17:00+01:00,0.124722
2026-01-30 17:15+01:00,0.119305
2026-01-30 17:30+01:00,0.137280
2026-01-30 17:45+01:00,0.127751
2026-01-30 18:00+01:00,0.008409
2026-01-30 18:15+01:00,0.007826
2026-01-30 18:30+01:00,0.008806
2026-01-30 18:45+01:00,
2026-01-30 19:00+01:00,0.007790
2026-01-30 19:15+01:00,0.009331
2026-01-30 19:30+01:00,0.006868
2026-01-30 19:45+01:00,0.004316
2026-01-30 20:00+01:00,0.005034
2026-01-30 20:15+01:00,0.009175
2026-01-30 20:30+01:00,0.007676
2026-01-30 20:45+01:00,0.010191
2026-01-30 21:00+01:00,0.008201
2026-01-30 21:15+01:00,0.007293
2026-01-30 21:30+01:00,0.009917
2026-01-30 21:45+01:00,0.009937
2026-01-30 22:00+01:00,0.008488
2026-01-30 22:15+01:00,0.008750
2026-01-30 22:30+01:00,0.000000
2026-01-30 22:45+01:00,0.010210
2026-01-30 23:00+01:00,0.011785
2026-01-30 23:15+01:00,
2026-01-30 23:30+01:00,
2026-01-30 23:45+01:00,0.008354
2026-01-31 00:00+01:00,0.007956
2026-01-31 00:15+01:00,0.003809
2026-01-31 00:30+01:00,0.003289
2026-01-31 00:45+01:00,0.003330
2026-01-31 01:00+01:00,0.000000
2026-01-31 01:15+01:00,0.004213
2026-01-31 01:30+01:00,0.004428
2026-01-31 01:45+01:00,0.002791
2026-01-31 02:00+01:00,0.004518
2026-01-31 02:15+01:00,0.003273
2026-01-31 02:30+01:00,0.002559
2026-01-31 02:45+01:00,0.004955
2026-01-31 03:00+01:00,0.003904
2026-01-31 03:15+01:00,0.003558
2026-01-31 03:30+01:00,0.004086
2026-01-31 03:45+01:00,0.000000
2026-01-31 04:00+01:00,0.003221
2026-01-31 04:15+01:00,0.003502
2026-01-31 04:30+01:00,0.003749
2026-01-31 04:45+01:00,0.002775
2026-01-31 05:00+01:00,0.003698
2026-01-31 05:15+01:00,0.003399
2026-01-31 05:30+01:00,0.003523
2026-01-31 05:45+01:00,0.004901
2026-01-31 06:00+01:00,0.000000
2026-01-31 06:15+01:00,0.005777
2026-01-31 06:30+01:00,0.002829
2026-01-31 06:45+01:00,0.004722
2026-01-31 07:00+01:00,0.003815
2026-01-31 07:15+01:00,0.003320
2026-01-31 07:30+01:00,0.002405
2026-01-31 07:45+01:00,0.004037
2026-01-31 08:00+01:00,0.003782
2026-01-31 08:15+01:00,0.003155
2026-01-31 08:30+01:00,0.003897
2026-01-31 08:45+01:00,0.004852
2026-01-31 09:00+01:00,0.003884
2026-01-31 09:15+01:00,0.004032
2026-01-31 09:30+01:00,0.004996
2026-01-31 09:45+01:00,0.004530
2026-01-31 10:00+01:00,0.000000
2026-01-31 10:15+01:00,0.004171
2026-01-31 10:30+01:00,0.003385
2026-01-31 10:45+01:00,0.004980
2026-01-31 11:00+01:00,0.003658
2026-01-31 11:15+01:00,0.004575
2026-01-31 11:30+01:00,0.003473
2026-01-31 11:45+01:00,0.003792
2026-01-31 12:00+01:00,0.003470
2026-01-31 12:15+01:00,0.004127
2026-01-31 12:30+01:00,0.004189
2026-01-31 12:45+01:00,0.005061
2026-01-31 13:00+01:00,0.004405
2026-01-31 13:15+01:00,
2026-01-31 13:30+01:00,0.003401
2026-01-31 13:45+01:00,0.003014
2026-01-31 14:00+01:00,0.003176
2026-01-31 14:15+01:00,0.003062
2026-01-31 14:30+01:00,0.004756
2026-01-31 14:45+01:00,0.004218
2026-01-31 15:00+01:00,0.004781
2026-01-31 15:15+01:00,0.003124
2026-01-31 15:30+01:00,0.003962
2026-01-31 15:45+01:00,0.003781
2026-01-31 16:00+01:00,0.003816
2026-01-31 16:15+01:00,0.003526
2026-01-31 16:30+01:00,0.003928
2026-01-31 16:45+01:00,0.004058
2026-01-31 17:00+01:00,0.004361
2026-01-31 17:15+01:00,0.003759
2026-01-31 17:30+01:00,0.004841
2026-01-31 17:45+01:00,0.003860
2026-01-31 18:00+01:00,0.004464
2026-01-31 18:15+01:00,
2026-01-31 18:30+01:00,0.003570
2026-01-31 18:45+01:00,0.004001
2026-01-31 19:00+01:00,0.002772
2026-01-31 19:15+01:00,0.004566
2026-01-31 19:30+01:00,0.000000
2026-01-31 19:45+01:00,0.003970
2026-01-31 20:00+01:00,0.003843
2026-01-31 20:15+01:00,0.003607
2026-01-31 20:30+01:00,0.003710
2026-01-31 20:45+01:00,0.004248
2026-01-31 21:00+01:00,0.006400
2026-01-31 21:15+01:00,0.003029
2026-01-31 21:30+01:00,0.003083
2026-01-31 21:45+01:00,0.004215
2026-01-31 22:00+01:00,0.003784
2026-01-31 22:15+01:00,0.004641
2026-01-31 22:30+01:00,0.004436
2026-01-31 22:45+01:00,0.002830
2026-01-31 23:00+01:00,0.003157
2026-01-31 23:15+01:00,0.005129
2026-01-31 23:30+01:00,0.003973
2026-01-31 23:45+01:00,0.004035
2026-02-01 00:00+01:00,0.003736
2026-02-01 00:15+01:00,
2026-02-01 00:30+01:00,0.003098
2026-02-01 00:45+01:00,0.003813
2026-02-01 01:00+01:00,0.003552
2026-02-01 01:15+01:00,0.004205
2026-02-01 01:30+01:00,0.003645
2026-02-01 01:45+01:00,0.003190
2026-02-01 02:00+01:00,0.004381
2026-02-01 02:15+01:00,0.003365
2026-02-01 02:30+01:00,0.002957
2026-02-01 02:45+01:00,0.004778
2026-02-01 03:00+01:00,0.002362
2026-02-01 03:15+01:00,0.004401
2026-02-01 03:30+01:00,0.005073
2026-02-01 03:45+01:00,0.004542
2026-02-01 04:00+01:00,0.003638
2026-02-01 04:15+01:00,0.000000
2026-02-01 04:30+01:00,0.000000
2026-02-01 04:45+01:00,0.004241
2026-02-01 05:00+01:00,0.000000
2026-02-01 05:15+01:00,0.004033
2026-02-01 05:30+01:00,0.003807
2026-02-01 05:45+01:00,0.003936
2026-02-01 06:00+01:00,0.004379
2026-02-01 06:15+01:00,0.003458
2026-02-01 06:30+01:00,0.003246
2026-02-01 06:45+01:00,
2026-02-01 07:00+01:00,0.004509
2026-02-01 07:15+01:00,0.004360
2026-02-01 07:30+01:00,0.003712
2026-02-01 07:45+01:00,0.003826
2026-02-01 08:00+01:00,0.002422
2026-02-01 08:15+01:00,0.004382
2026-02-01 08:30+01:00,0.003621
2026-02-01 08:45+01:00,0.004959
2026-02-01 09:00+01:00,0.000000
2026-02-01 09:15+01:00,0.004948
2026-02-01 09:30+01:00,0.004310
2026-02-01 09:45+01:00,0.003661
2026-02-01 10:00+01:00,0.005064
2026-02-01 10:15+01:00,0.002886
2026-02-01 10:30+01:00,0.003963
2026-02-01 10:45+01:00,0.004314
2026-02-01 11:00+01:00,0.005205
2026-02-01 11:15+01:00,0.004074
2026-02-01 11:30+01:00,0.004825
2026-02-01 11:45+01:00,0.004497
2026-02-01 12:00+01:00,0.004655
2026-02-01 12:15+01:00,0.003467
2026-02-01 12:30+01:00,0.003616
2026-02-01 12:45+01:00,0.000000
2026-02-01 13:00+01:00,0.003552
2026-02-01 13:15+01:00,0.004568
2026-02-01 13:30+01:00,0.004960
2026-02-01 13:45+01:00,0.003384
2026-02-01 14:00+01:00,0.000000
2026-02-01 14:15+01:00,0.003607
2026-02-01 14:30+01:00,0.004202
2026-02-01 14:45+01:00,0.004852
2026-02-01 15:00+01:00,0.003203
2026-02-01 15:15+01:00,0.003498
2026-02-01 15:30+01:00,0.003814
2026-02-01 15:45+01:00,0.003208
2026-02-01 16:00+01:00,0.004453
2026-02-01 16:15+01:00,0.002949
2026-02-01 16:30+01:00,0.004953
2026-02-01 16:45+01:00,0.003974
2026-02-01 17:00+01:00,0.004460
2026-02-01 17:15+01:00,0.003876
2026-02-01 17:30+01:00,0.003227
2026-02-01 17:45+01:00,0.002531
2026-02-01 18:00+01:00,0.003665
2026-02-01 18:15+01:00,0.004398
2026-02-01 18:30+01:00,0.004762
2026-02-01 18:45+01:00,0.002772
2026-02-01 19:00+01:00,0.004301
2026-02-01 19:15+01:00,0.003752
2026-02-01 19:30+01:00,0.002926
2026-02-01 19:45+01:00,0.002981
2026-02-01 20:00+01:00,0.004360
2026-02-01 20:15+01:00,0.003451
2026-02-01 20:30+01:00,0.002940
2026-02-01 20:45+01:00,0.000000
2026-02-01 21:00+01:00,0.000000
2026-02-01 21:15+01:00,0.002850
2026-02-01 21:30+01:00,
2026-02-01 21:45+01:00,0.004045
2026-02-01 22:00+01:00,0.003917
2026-02-01 22:15+01:00,0.004417
2026-02-01 22:30+01:00,0.000000
2026-02-01 22:45+01:00,0.004184
2026-02-01 23:00+01:00,0.004344
2026-02-01 23:15+01:00,0.003726
2026-02-01 23:30+01:00,0.004465
2026-02-01 23:45+01:00,0.004898
2026-02-02 00:00+01:00,0.000000
2026-02-02 00:15+01:00,0.006509
2026-02-02 00:30+01:00,0.005687
2026-02-02 00:45+01:00,0.008852
2026-02-02 01:00+01:00,0.007684
2026-02-02 01:15+01:00,0.008542
2026-02-02 01:30+01:00,0.005780
2026-02-02 01:45+01:00,0.007275
2026-02-02 02:00+01:00,0.008737
2026-02-02 02:15+01:00,0.008566
2026-02-02 02:30+01:00,0.000000
2026-02-02 02:45+01:00,0.007278
2026-02-02 03:00+01:00,0.008678
2026-02-02 03:15+01:00,0.005788
2026-02-02 03:30+01:00,0.006738
2026-02-02 03:45+01:00,0.010810
2026-02-02 04:00+01:00,0.006235
2026-02-02 04:15+01:00,0.007695
2026-02-02 04:30+01:00,0.007259
2026-02-02 04:45+01:00,0.000000
2026-02-02 05:00+01:00,0.010971
2026-02-02 05:15+01:00,0.010082
2026-02-02 05:30+01:00,0.009438
2026-02-02 05:45+01:00,0.009027
2026-02-02 06:00+01:00,0.008241
2026-02-02 06:15+01:00,0.010606
2026-02-02 06:30+01:00,0.009608
2026-02-02 06:45+01:00,0.010774
2026-02-02 07:00+01:00,0.124663
2026-02-02 07:15+01:00,0.126258
2026-02-02 07:30+01:00,0.120388
2026-02-02 07:45+01:00,0.121911
2026-02-02 08:00+01:00,0.133487
2026-02-02 08:15+01:00,0.125667
2026-02-02 08:30+01:00,
2026-02-02 08:45+01:00,0.131496
2026-02-02 09:00+01:00,0.128189
2026-02-02 09:15+01:00,0.116993
2026-02-02 09:30+01:00,0.124545
2026-02-02 09:45+01:00,0.124610
2026-02-02 10:00+01:00,0.133032
2026-02-02 10:15+01:00,0.126395
2026-02-02 10:30+01:00,0.121538
2026-02-02 10:45+01:00,0.124492
2026-02-02 11:00+01:00,0.123375
2026-02-02 11:15+01:00,0.127103
2026-02-02 11:30+01:00,0.127696
2026-02-02 11:45+01:00,0.123992
2026-02-02 12:00+01:00,0.124737
2026-02-02 12:15+01:00,0.114413
2026-02-02 12:30+01:00,0.129664
2026-02-02 12:45+01:00,0.132745
2026-02-02 13:00+01:00,0.125334
2026-02-02 13:15+01:00,0.123255
2026-02-02 13:30+01:00,0.126469
2026-02-02 13:45+01:00,0.118193
2026-02-02 14:00+01:00,0.128050
2026-02-02 14:15+01:00,0.118767
2026-02-02 14:30+01:00,0.130865
2026-02-02 14:45+01:00,0.120733
2026-02-02 15:00+01:00,0.132424
2026-02-02 15:15+01:00,0.116727
2026-02-02 15:30+01:00,0.124406
2026-02-02 15:45+01:00,0.127879
2026-02-02 16:00+01:00,0.122616
2026-02-02 16:15+01:00,0.131326
2026-02-02 16:30+01:00,0.125321
2026-02-02 16:45+01:00,0.126305
2026-02-02 17:00+01:00,0.120860
2026-02-02 17:15+01:00,0.117407
2026-02-02 17:30+01:00,0.127496
2026-02-02 17:45+01:00,0.117454
2026-02-02 18:00+01:00,0.009563
2026-02-02 18:15+01:00,0.008414
2026-02-02 18:30+01:00,0.006735
2026-02-02 18:45+01:00,0.011351
2026-02-02 19:00+01:00,0.010935
2026-02-02 19:15+01:00,0.009834
2026-02-02 19:30+01:00,0.009444
2026-02-02 19:45+01:00,0.009752
2026-02-02 20:00+01:00,0.009452
2026-02-02 20:15+01:00,0.013412
2026-02-02 20:30+01:00,0.008687
2026-02-02 20:45+01:00,0.007471
2026-02-02 21:00+01:00,0.010061
2026-02-02 21:15+01:00,0.011023
2026-02-02 21:30+01:00,0.010192
2026-02-02 21:45+01:00,0.008558
2026-02-02 22:00+01:00,0.008819
2026-02-02 22:15+01:00,0.007503
2026-02-02 22:30+01:00,0.009465
2026-02-02 22:45+01:00,0.006961
2026-02-02 23:00+01:00,0.008481
2026-02-02 23:15+01:00,0.006634
2026-02-02 23:30+01:00,0.008128
2026-02-02 23:45+01:00,0.008598
2026-02-03 00:00+01:00,0.008178
2026-02-03 00:15+01:00,0.007882
2026-02-03 00:30+01:00,0.006233
2026-02-03 00:45+01:00,0.008051
2026-02-03 01:00+01:00,0.006390
2026-02-03 01:15+01:00,0.008917
2026-02-03 01:30+01:00,0.009095
2026-02-03 01:45+01:00,0.008125
2026-02-03 02:00+01:00,0.008500
2026-02-03 02:15+01:00,0.009717
2026-02-03 02:30+01:00,0.009317
2026-02-03 02:45+01:00,0.010519
2026-02-03 03:00+01:00,0.008422
2026-02-03 03:15+01:00,0.008327
2026-02-03 03:30+01:00,0.009210
2026-02-03 03:45+01:00,0.010847
2026-02-03 04:00+01:00,0.009347
2026-02-03 04:15+01:00,0.011461
2026-02-03 04:30+01:00,0.008411
2026-02-03 04:45+01:00,0.007915
2026-02-03 05:00+01:00,0.007860
2026-02-03 05:15+01:00,0.007933
2026-02-03 05:30+01:00,0.007748
2026-02-03 05:45+01:00,0.008633
2026-02-03 06:00+01:00,0.000000
2026-02-03 06:15+01:00,0.010865
2026-02-03 06:30+01:00,0.009639
2026-02-03 06:45+01:00,0.009078
2026-02-03 07:00+01:00,0.122224
2026-02-03 07:15+01:00,0.136554
2026-02-03 07:30+01:00,0.127014
2026-02-03 07:45+01:00,0.125263
2026-02-03 08:00+01:00,0.119813
2026-02-03 08:15+01:00,0.126948
2026-02-03 08:30+01:00,0.129001
2026-02-03 08:45+01:00,0.111799
2026-02-03 09:00+01:00,0.132101
2026-02-03 09:15+01:00,0.124059
2026-02-03 09:30+01:00,0.131874
2026-02-03 09:45+01:00,0.123390
2026-02-03 10:00+01:00,0.142030
2026-02-03 10:15+01:00,0.125036
2026-02-03 10:30+01:00,0.127105
2026-02-03 10:45+01:00,0.122509
2026-02-03 11:00+01:00,0.133921
2026-02-03 11:15+01:00,0.126132
2026-02-03 11:30+01:00,0.121624
2026-02-03 11:45+01:00,0.126779
2026-02-03 12:00+01:00,0.116404
2026-02-03 12:15+01:00,0.125623
2026-02-03 12:30+01:00,0.127554
2026-02-03 12:45+01:00,0.123317
2026-02-03 13:00+01:00,0.128319
2026-02-03 13:15+01:00,0.128793
2026-02-03 13:30+01:00,0.122655
2026-02-03 13:45+01:00,0.126579
2026-02-03 14:00+01:00,0.120165
2026-02-03 14:15+01:00,0.135433
2026-02-03 14:30+01:00,0.128196
2026-02-03 14:45+01:00,0.134558
2026-02-03 15:00+01:00,0.128873
2026-02-03 15:15+01:00,0.122904
2026-02-03 15:30+01:00,0.128562
2026-02-03 15:45+01:00,0.128216
2026-02-03 16:00+01:00,0.122028
2026-02-03 16:15+01:00,0.124775
2026-02-03 16:30+01:00,0.125122
2026-02-03 16:45+01:00,0.109430
2026-02-03 17:00+01:00,0.123359
2026-02-03 17:15+01:00,0.131042
2026-02-03 17:30+01:00,0.121724
2026-02-03 17:45+01:00,0.120896
2026-02-03 18:00+01:00,0.011930
2026-02-03 18:15+01:00,0.009279
2026-02-03 18:30+01:00,0.010622
2026-02-03 18:45+01:00,0.006981
2026-02-03 19:00+01:00,0.000000
2026-02-03 19:15+01:00,0.010438
2026-02-03 19:30+01:00,0.008034
2026-02-03 19:45+01:00,0.009409
2026-02-03 20:00+01:00,0.006800
2026-02-03 20:15+01:00,0.007991
2026-02-03 20:30+01:00,0.008496
2026-02-03 20:45+01:00,0.009019
2026-02-03 21:00+01:00,0.005179
2026-02-03 21:15+01:00,0.008451
2026-02-03 21:30+01:00,0.000000
2026-02-03 21:45+01:00,0.009304
2026-02-03 22:00+01:00,0.010609
2026-02-03 22:15+01:00,0.007212
2026-02-03 22:30+01:00,0.007727
2026-02-03 22:45+01:00,0.008858
2026-02-03 23:00+01:00,0.007849
2026-02-03 23:15+01:00,0.008711
2026-02-03 23:30+01:00,0.008680
2026-02-03 23:45+01:00,0.010289
2026-02-04 00:00+01:00,0.007469
2026-02-04 00:15+01:00,0.008001
2026-02-04 00:30+01:00,0.010555
2026-02-04 00:45+01:00,
2026-02-04 01:00+01:00,0.008399
2026-02-04 01:15+01:00,0.008002
2026-02-04 01:30+01:00,0.009254
2026-02-04 01:45+01:00,0.009402
2026-02-04 02:00+01:00,0.010569
2026-02-04 02:15+01:00,0.009012
2026-02-04 02:30+01:00,0.009796
2026-02-04 02:45+01:00,0.006867
2026-02-04 03:00+01:00,0.000000
2026-02-04 03:15+01:00,0.007891
2026-02-04 03:30+01:00,0.009405
2026-02-04 03:45+01:00,0.010271
2026-02-04 04:00+01:00,0.010345
2026-02-04 04:15+01:00,0.007671
2026-02-04 04:30+01:00,0.010105
2026-02-04 04:45+01:00,0.008772
2026-02-04 05:00+01:00,0.008323
2026-02-04 05:15+01:00,0.000000
2026-02-04 05:30+01:00,0.007575
2026-02-04 05:45+01:00,0.008371
2026-02-04 06:00+01:00,0.008714
2026-02-04 06:15+01:00,0.007215
2026-02-04 06:30+01:00,0.010206
2026-02-04 06:45+01:00,0.056561
2026-02-04 07:00+01:00,0.120670
2026-02-04 07:15+01:00,0.128117
2026-02-04 07:30+01:00,0.118024
2026-02-04 07:45+01:00,0.126215
2026-02-04 08:00+01:00,0.127942
2026-02-04 08:15+01:00,0.123888
2026-02-04 08:30+01:00,0.121579
2026-02-04 08:45+01:00,0.128600
2026-02-04 09:00+01:00,0.119054
2026-02-04 09:15+01:00,0.138384
2026-02-04 09:30+01:00,0.118365
2026-02-04 09:45+01:00,0.121679
2026-02-04 10:00+01:00,0.135201
2026-02-04 10:15+01:00,0.119710
2026-02-04 10:30+01:00,0.132212
2026-02-04 10:45+01:00,0.114726
2026-02-04 11:00+01:00,0.121391
2026-02-04 11:15+01:00,0.123571
2026-02-04 11:30+01:00,0.120299
2026-02-04 11:45+01:00,0.130126
2026-02-04 12:00+01:00,0.128835
2026-02-04 12:15+01:00,0.121290
2026-02-04 12:30+01:00,0.122851
2026-02-04 12:45+01:00,0.123013
2026-02-04 13:00+01:00,0.115900
2026-02-04 13:15+01:00,0.133661
2026-02-04 13:30+01:00,0.122056
2026-02-04 13:45+01:00,0.123632
2026-02-04 14:00+01:00,0.135976
2026-02-04 14:15+01:00,0.131377
2026-02-04 14:30+01:00,0.112678
2026-02-04 14:45+01:00,0.121783
2026-02-04 15:00+01:00,0.115297
2026-02-04 15:15+01:00,0.117861
2026-02-04 15:30+01:00,0.127547
2026-02-04 15:45+01:00,0.122015
2026-02-04 16:00+01:00,0.119946
2026-02-04 16:15+01:00,0.132553
2026-02-04 16:30+01:00,
2026-02-04 16:45+01:00,0.122501
2026-02-04 17:00+01:00,0.118849
2026-02-04 17:15+01:00,0.134350
2026-02-04 17:30+01:00,0.132381
2026-02-04 17:45+01:00,0.133597
2026-02-04 18:00+01:00,0.009167
2026-02-04 18:15+01:00,0.006664
2026-02-04 18:30+01:00,0.010793
2026-02-04 18:45+01:00,0.008523
2026-02-04 19:00+01:00,0.009361
2026-02-04 19:15+01:00,0.010363
2026-02-04 19:30+01:00,0.009911
2026-02-04 19:45+01:00,0.007267
2026-02-04 20:00+01:00,0.010139
2026-02-04 20:15+01:00,0.010106
2026-02-04 20:30+01:00,0.008023
2026-02-04 20:45+01:00,0.009743
2026-02-04 21:00+01:00,0.010387
2026-02-04 21:15+01:00,0.008452
2026-02-04 21:30+01:00,0.008079
2026-02-04 21:45+01:00,0.005775
2026-02-04 22:00+01:00,0.009264
2026-02-04 22:15+01:00,0.009702
2026-02-04 22:30+01:00,0.006334
2026-02-04 22:45+01:00,0.008449
2026-02-04 23:00+01:00,0.006472
2026-02-04 23:15+01:00,0.005846
2026-02-04 23:30+01:00,0.008098
2026-02-04 23:45+01:00,0.000000
2026-02-05 00:00+01:00,0.006819
2026-02-05 00:15+01:00,0.008573
2026-02-05 00:30+01:00,0.008018
2026-02-05 00:45+01:00,0.006112
2026-02-05 01:00+01:00,0.008919
2026-02-05 01:15+01:00,0.007317
2026-02-05 01:30+01:00,0.008253
2026-02-05 01:45+01:00,0.009351
2026-02-05 02:00+01:00,0.009691
2026-02-05 02:15+01:00,0.008507
2026-02-05 02:30+01:00,0.009930
2026-02-05 02:45+01:00,0.006789
2026-02-05 03:00+01:00,0.008923
2026-02-05 03:15+01:00,0.008028
2026-02-05 03:30+01:00,0.008135
2026-02-05 03:45+01:00,0.008023
2026-02-05 04:00+01:00,0.008951
2026-02-05 04:15+01:00,0.010430
2026-02-05 04:30+01:00,0.008556
2026-02-05 04:45+01:00,0.008388
2026-02-05 05:00+01:00,0.008183
2026-02-05 05:15+01:00,0.010516
2026-02-05 05:30+01:00,0.010339
2026-02-05 05:45+01:00,0.010243
2026-02-05 06:00+01:00,0.009221
2026-02-05 06:15+01:00,0.008453
2026-02-05 06:30+01:00,0.006887
2026-02-05 06:45+01:00,0.006665
2026-02-05 07:00+01:00,0.134941
2026-02-05 07:15+01:00,0.120897
2026-02-05 07:30+01:00,0.126692
2026-02-05 07:45+01:00,0.123459
2026-02-05 08:00+01:00,0.115409
2026-02-05 08:15+01:00,0.115722
2026-02-05 08:30+01:00,0.127153
2026-02-05 08:45+01:00,0.123376
2026-02-05 09:00+01:00,0.127743
2026-02-05 09:15+01:00,0.123095
2026-02-05 09:30+01:00,0.131056
2026-02-05 09:45+01:00,0.126401
2026-02-05 10:00+01:00,0.128857
2026-02-05 10:15+01:00,0.133830
2026-02-05 10:30+01:00,0.121215
2026-02-05 10:45+01:00,0.119705
2026-02-05 11:00+01:00,0.126522
2026-02-05 11:15+01:00,0.129289
2026-02-05 11:30+01:00,0.132888
2026-02-05 11:45+01:00,0.127860
2026-02-05 12:00+01:00,0.121365
2026-02-05 12:15+01:00,0.124462
2026-02-05 12:30+01:00,0.126905
2026-02-05 12:45+01:00,0.122755
2026-02-05 13:00+01:00,0.119203
2026-02-05 13:15+01:00,0.119248
2026-02-05 13:30+01:00,0.128113
2026-02-05 13:45+01:00,0.134936
2026-02-05 14:00+01:00,0.122959
2026-02-05 14:15+01:00,0.122572
2026-02-05 14:30+01:00,0.127748
2026-02-05 14:45+01:00,0.126934
2026-02-05 15:00+01:00,0.122230
2026-02-05 15:15+01:00,0.132777
2026-02-05 15:30+01:00,0.126009
2026-02-05 15:45+01:00,0.118181
2026-02-05 16:00+01:00,0.136420
2026-02-05 16:15+01:00,0.126426
2026-02-05 16:30+01:00,0.117568
2026-02-05 16:45+01:00,0.125336
2026-02-05 17:00+01:00,0.121322
2026-02-05 17:15+01:00,0.130750
2026-02-05 17:30+01:00,
2026-02-05 17:45+01:00,0.121400
2026-02-05 18:00+01:00,0.008447
2026-02-05 18:15+01:00,0.009316
2026-02-05 18:30+01:00,0.008311
2026-02-05 18:45+01:00,0.009181
2026-02-05 19:00+01:00,0.009243
2026-02-05 19:15+01:00,0.009404
2026-02-05 19:30+01:00,0.011058
2026-02-05 19:45+01:00,0.008277
2026-02-05 20:00+01:00,0.007083
2026-02-05 20:15+01:00,0.007194
2026-02-05 20:30+01:00,0.011772
2026-02-05 20:45+01:00,0.008431
2026-02-05 21:00+01:00,0.007011
2026-02-05 21:15+01:00,0.006846
2026-02-05 21:30+01:00,0.010221
2026-02-05 21:45+01:00,0.009254
2026-02-05 22:00+01:00,0.009908
2026-02-05 22:15+01:00,0.000000
2026-02-05 22:30+01:00,0.000000
2026-02-05 22:45+01:00,0.000000
2026-02-05 23:00+01:00,0.010585
2026-02-05 23:15+01:00,0.007779
2026-02-05 23:30+01:00,0.010140
2026-02-05 23:45+01:00,0.007108
2026-02-06 00:00+01:00,0.008361
2026-02-06 00:15+01:00,0.000000
2026-02-06 00:30+01:00,0.007196
2026-02-06 00:45+01:00,0.006937
2026-02-06 01:00+01:00,0.005824
2026-02-06 01:15+01:00,0.009357
2026-02-06 01:30+01:00,0.007060
2026-02-06 01:45+01:00,0.008347
2026-02-06 02:00+01:00,0.000000
2026-02-06 02:15+01:00,0.010169
2026-02-06 02:30+01:00,0.010329
2026-02-06 02:45+01:00,0.010604
2026-02-06 03:00+01:00,0.008402
2026-02-06 03:15+01:00,0.000000
2026-02-06 03:30+01:00,0.011349
2026-02-06 03:45+01:00,0.009859
2026-02-06 04:00+01:00,0.010687
2026-02-06 04:15+01:00,0.009345
2026-02-06 04:30+01:00,0.010446
2026-02-06 04:45+01:00,0.007978
2026-02-06 05:00+01:00,0.007487
2026-02-06 05:15+01:00,0.008847
2026-02-06 05:30+01:00,0.006384
2026-02-06 05:45+01:00,0.009316
2026-02-06 06:00+01:00,0.009546
2026-02-06 06:15+01:00,0.009388
2026-02-06 06:30+01:00,0.010990
2026-02-06 06:45+01:00,0.007538
2026-02-06 07:00+01:00,0.123732
2026-02-06 07:15+01:00,0.129863
2026-02-06 07:30+01:00,0.136275
2026-02-06 07:45+01:00,0.128538
2026-02-06 08:00+01:00,0.126217
2026-02-06 08:15+01:00,0.126283
2026-02-06 08:30+01:00,0.136270
2026-02-06 08:45+01:00,0.124473
2026-02-06 09:00+01:00,0.123915
2026-02-06 09:15+01:00,0.127874
2026-02-06 09:30+01:00,0.120709
2026-02-06 09:45+01:00,0.124845
2026-02-06 10:00+01:00,0.115410
2026-02-06 10:15+01:00,0.130757
2026-02-06 10:30+01:00,0.550315
2026-02-06 10:45+01:00,0.129904
2026-02-06 11:00+01:00,0.120075
2026-02-06 11:15+01:00,0.125698
2026-02-06 11:30+01:00,0.125730
2026-02-06 11:45+01:00,0.125715
2026-02-06 12:00+01:00,0.127698
2026-02-06 12:15+01:00,0.128233
2026-02-06 12:30+01:00,0.130909
2026-02-06 12:45+01:00,0.119475
2026-02-06 13:00+01:00,0.120367
2026-02-06 13:15+01:00,0.109955
2026-02-06 13:30+01:00,0.124073
2026-02-06 13:45+01:00,0.122370
2026-02-06 14:00+01:00,0.113714
2026-02-06 14:15+01:00,0.115606
2026-02-06 14:30+01:00,0.123467
2026-02-06 14:45+01:00,0.127474
2026-02-06 15:00+01:00,0.123753
2026-02-06 15:15+01:00,0.128052
2026-02-06 15:30+01:00,0.126463
2026-02-06 15:45+01:00,0.128712
2026-02-06 16:00+01:00,0.127891
2026-02-06 16:15+01:00,0.118650
2026-02-06 16:30+01:00,0.127565
2026-02-06 16:45+01:00,0.133377
2026-02-06 17:00+01:00,0.126521
2026-02-06 17:15+01:00,0.121329
2026-02-06 17:30+01:00,0.125055
2026-02-06 17:45+01:00,0.133093
2026-02-06 18:00+01:00,0.009358
2026-02-06 18:15+01:00,0.010361
2026-02-06 18:30+01:00,0.009694
2026-02-06 18:45+01:00,0.009502
2026-02-06 19:00+01:00,0.008608
2026-02-06 19:15+01:00,0.008293
2026-02-06 19:30+01:00,0.010785
2026-02-06 19:45+01:00,0.010743
2026-02-06 20:00+01:00,0.000000
2026-02-06 20:15+01:00,0.008497
2026-02-06 20:30+01:00,0.009463
2026-02-06 20:45+01:00,0.008548
2026-02-06 21:00+01:00,
2026-02-06 21:15+01:00,0.000000
2026-02-06 21:30+01:00,0.009726
2026-02-06 21:45+01:00,0.009081
2026-02-06 22:00+01:00,0.006558
2026-02-06 22:15+01:00,0.008713
2026-02-06 22:30+01:00,0.009165
2026-02-06 22:45+01:00,0.007946
2026-02-06 23:00+01:00,0.009295
2026-02-06 23:15+01:00,0.009555
2026-02-06 23:30+01:00,0.009518
2026-02-06 23:45+01:00,0.008546
2026-02-07 00:00+01:00,0.008433
2026-02-07 00:15+01:00,0.002811
2026-02-07 00:30+01:00,0.004220
2026-02-07 00:45+01:00,0.004649
2026-02-07 01:00+01:00,
2026-02-07 01:15+01:00,0.004120
2026-02-07 01:30+01:00,0.003425
2026-02-07 01:45+01:00,0.002943
2026-02-07 02:00+01:00,0.004823
2026-02-07 02:15+01:00,0.004014
2026-02-07 02:30+01:00,0.003598
2026-02-07 02:45+01:00,0.003926
2026-02-07 03:00+01:00,0.003846
2026-02-07 03:15+01:00,0.004572
2026-02-07 03:30+01:00,0.005133
2026-02-07 03:45+01:00,0.004106
2026-02-07 04:00+01:00,0.003282
2026-02-07 04:15+01:00,0.003928
2026-02-07 04:30+01:00,0.004511
2026-02-07 04:45+01:00,0.004796
2026-02-07 05:00+01:00,0.002645
2026-02-07 05:15+01:00,0.000000
2026-02-07 05:30+01:00,0.003898
2026-02-07 05:45+01:00,0.003963
2026-02-07 06:00+01:00,0.004505
2026-02-07 06:15+01:00,0.003336
2026-02-07 06:30+01:00,0.002887
2026-02-07 06:45+01:00,0.003548
2026-02-07 07:00+01:00,0.000000
2026-02-07 07:15+01:00,0.002503
2026-02-07 07:30+01:00,0.003990
2026-02-07 07:45+01:00,0.003306
2026-02-07 08:00+01:00,0.002320
2026-02-07 08:15+01:00,0.003950
2026-02-07 08:30+01:00,0.003582
2026-02-07 08:45+01:00,0.003621
2026-02-07 09:00+01:00,0.004633
2026-02-07 09:15+01:00,0.004706
2026-02-07 09:30+01:00,0.002909
2026-02-07 09:45+01:00,0.000000
2026-02-07 10:00+01:00,0.003587
2026-02-07 10:15+01:00,0.004892
2026-02-07 10:30+01:00,0.003484
2026-02-07 10:45+01:00,0.003248
2026-02-07 11:00+01:00,0.003881
2026-02-07 11:15+01:00,0.004945
2026-02-07 11:30+01:00,0.000000
2026-02-07 11:45+01:00,0.003617
2026-02-07 12:00+01:00,0.003712
2026-02-07 12:15+01:00,0.002731
2026-02-07 12:30+01:00,0.004250
2026-02-07 12:45+01:00,0.003756
2026-02-07 13:00+01:00,0.003277
2026-02-07 13:15+01:00,0.004013
2026-02-07 13:30+01:00,0.003193
2026-02-07 13:45+01:00,0.003305
2026-02-07 14:00+01:00,0.002384
2026-02-07 14:15+01:00,0.002907
2026-02-07 14:30+01:00,0.004712
2026-02-07 14:45+01:00,0.004236
2026-02-07 15:00+01:00,0.005106
2026-02-07 15:15+01:00,0.003576
2026-02-07 15:30+01:00,0.004429
2026-02-07 15:45+01:00,0.003054
2026-02-07 16:00+01:00,0.003375
2026-02-07 16:15+01:00,0.004462
2026-02-07 16:30+01:00,0.003605
2026-02-07 16:45+01:00,0.004407
2026-02-07 17:00+01:00,0.004206
2026-02-07 17:15+01:00,0.003501
2026-02-07 17:30+01:00,0.004710
2026-02-07 17:45+01:00,0.002653
2026-02-07 18:00+01:00,0.004014
2026-02-07 18:15+01:00,0.003592
2026-02-07 18:30+01:00,0.000000
2026-02-07 18:45+01:00,0.003416
2026-02-07 19:00+01:00,0.004906
2026-02-07 19:15+01:00,0.004940
2026-02-07 19:30+01:00,0.003096
2026-02-07 19:45+01:00,0.003236
2026-02-07 20:00+01:00,0.000000
2026-02-07 20:15+01:00,0.004623
2026-02-07 20:30+01:00,0.003650
2026-02-07 20:45+01:00,0.003375
2026-02-07 21:00+01:00,0.003382
2026-02-07 21:15+01:00,0.004469
2026-02-07 21:30+01:00,0.003846
2026-02-07 21:45+01:00,0.004635
2026-02-07 22:00+01:00,0.004878
2026-02-07 22:15+01:00,0.003937
2026-02-07 22:30+01:00,0.004530
2026-02-07 22:45+01:00,0.004383
2026-02-07 23:00+01:00,0.003210
2026-02-07 23:15+01:00,0.003701
2026-02-07 23:30+01:00,0.003302
2026-02-07 23:45+01:00,0.004066
2026-02-08 00:00+01:00,0.003406
2026-02-08 00:15+01:00,0.004778
2026-02-08 00:30+01:00,0.003385
2026-02-08 00:45+01:00,0.003568
2026-02-08 01:00+01:00,0.003641
2026-02-08 01:15+01:00,0.002513
2026-02-08 01:30+01:00,0.000000
2026-02-08 01:45+01:00,0.004463
2026-02-08 02:00+01:00,0.003349
2026-02-08 02:15+01:00,0.004232
2026-02-08 02:30+01:00,0.003141
2026-02-08 02:45+01:00,0.004819
2026-02-08 03:00+01:00,0.003098
2026-02-08 03:15+01:00,0.002595
2026-02-08 03:30+01:00,0.003921
2026-02-08 03:45+01:00,0.005884
2026-02-08 04:00+01:00,0.003779
2026-02-08 04:15+01:00,0.003458
2026-02-08 04:30+01:00,0.005446
2026-02-08 04:45+01:00,0.004024
2026-02-08 05:00+01:00,0.003320
2026-02-08 05:15+01:00,0.004368
2026-02-08 05:30+01:00,0.003876
2026-02-08 05:45+01:00,0.003118
2026-02-08 06:00+01:00,0.003930
2026-02-08 06:15+01:00,0.003786
2026-02-08 06:30+01:00,0.003971
2026-02-08 06:45+01:00,0.003318
2026-02-08 07:00+01:00,0.004705
2026-02-08 07:15+01:00,0.004340
2026-02-08 07:30+01:00,0.003864
2026-02-08 07:45+01:00,0.003202
2026-02-08 08:00+01:00,0.003948
2026-02-08 08:15+01:00,0.004352
2026-02-08 08:30+01:00,0.000000
2026-02-08 08:45+01:00,0.003221
2026-02-08 09:00+01:00,0.003414
2026-02-08 09:15+01:00,0.003824
2026-02-08 09:30+01:00,0.004289
2026-02-08 09:45+01:00,0.003550
2026-02-08 10:00+01:00,0.003107
2026-02-08 10:15+01:00,0.004873
2026-02-08 10:30+01:00,0.004349
2026-02-08 10:45+01:00,0.003155
2026-02-08 11:00+01:00,0.003849
2026-02-08 11:15+01:00,0.003032
2026-02-08 11:30+01:00,0.000000
2026-02-08 11:45+01:00,0.004452
2026-02-08 12:00+01:00,0.004040
2026-02-08 12:15+01:00,0.004453
2026-02-08 12:30+01:00,0.003438
2026-02-08 12:45+01:00,0.003960
2026-02-08 13:00+01:00,0.000000
2026-02-08 13:15+01:00,0.003298
2026-02-08 13:30+01:00,0.002881
2026-02-08 13:45+01:00,0.004604
2026-02-08 14:00+01:00,0.003388
2026-02-08 14:15+01:00,0.004980
2026-02-08 14:30+01:00,0.003794
2026-02-08 14:45+01:00,0.002502
2026-02-08 15:00+01:00,0.003921
2026-02-08 15:15+01:00,0.003810
2026-02-08 15:30+01:00,0.004291
2026-02-08 15:45+01:00,0.004040
2026-02-08 16:00+01:00,0.004049
2026-02-08 16:15+01:00,0.004615
2026-02-08 16:30+01:00,0.003672
2026-02-08 16:45+01:00,0.000000
2026-02-08 17:00+01:00,0.004636
2026-02-08 17:15+01:00,0.003200
2026-02-08 17:30+01:00,0.000000
2026-02-08 17:45+01:00,0.003763
2026-02-08 18:00+01:00,0.004405
2026-02-08 18:15+01:00,0.006052
2026-02-08 18:30+01:00,0.002776
2026-02-08 18:45+01:00,0.003424
2026-02-08 19:00+01:00,0.003946
2026-02-08 19:15+01:00,0.000000
2026-02-08 19:30+01:00,
2026-02-08 19:45+01:00,
2026-02-08 20:00+01:00,
2026-02-08 20:15+01:00,
2026-02-08 20:30+01:00,
2026-02-08 20:45+01:00,
2026-02-08 21:00+01:00,
2026-02-08 21:15+01:00,
2026-02-08 21:30+01:00,
2026-02-08 21:45+01:00,
2026-02-08 22:00+01:00,0.003939
2026-02-08 22:15+01:00,0.004246
2026-02-08 22:30+01:00,0.004436
2026-02-08 22:45+01:00,0.004334
2026-02-08 23:00+01:00,0.004643
2026-02-08 23:15+01:00,0.003393
2026-02-08 23:30+01:00,0.003508
2026-02-08 23:45+01:00,0.003690
2026-02-09 00:00+01:00,0.016604
2026-02-09 00:15+01:00,0.008419
2026-02-09 00:30+01:00,0.006730
2026-02-09 00:45+01:00,0.012331
2026-02-09 01:00+01:00,0.007879
2026-02-09 01:15+01:00,0.010292
2026-02-09 01:30+01:00,0.009026
2026-02-09 01:45+01:00,0.008366
2026-02-09 02:00+01:00,0.009682
2026-02-09 02:15+01:00,0.007746
2026-02-09 02:30+01:00,0.008593
2026-02-09 02:45+01:00,0.013234
2026-02-09 03:00+01:00,0.008492
2026-02-09 03:15+01:00,0.010143
2026-02-09 03:30+01:00,0.007654
2026-02-09 03:45+01:00,0.008799
2026-02-09 04:00+01:00,0.007914
2026-02-09 04:15+01:00,0.008350
2026-02-09 04:30+01:00,0.009036
2026-02-09 04:45+01:00,0.009563
2026-02-09 05:00+01:00,0.008742
2026-02-09 05:15+01:00,0.000000
2026-02-09 05:30+01:00,0.009451
2026-02-09 05:45+01:00,0.006097
2026-02-09 06:00+01:00,0.009336
2026-02-09 06:15+01:00,0.011110
2026-02-09 06:30+01:00,0.008810
2026-02-09 06:45+01:00,0.005430
2026-02-09 07:00+01:00,0.131183
2026-02-09 07:15+01:00,0.131080
2026-02-09 07:30+01:00,0.118421
2026-02-09 07:45+01:00,0.126453
2026-02-09 08:00+01:00,0.135534
2026-02-09 08:15+01:00,0.116797
2026-02-09 08:30+01:00,0.114984
2026-02-09 08:45+01:00,0.139336
2026-02-09 09:00+01:00,0.124808
2026-02-09 09:15+01:00,0.132336
2026-02-09 09:30+01:00,0.122035
2026-02-09 09:45+01:00,0.124274
2026-02-09 10:00+01:00,0.134035
2026-02-09 10:15+01:00,0.141077
2026-02-09 10:30+01:00,0.129555
2026-02-09 10:45+01:00,0.131450
2026-02-09 11:00+01:00,0.120173
2026-02-09 11:15+01:00,0.124262
2026-02-09 11:30+01:00,0.118655
2026-02-09 11:45+01:00,0.127802
2026-02-09 12:00+01:00,0.131814
2026-02-09 12:15+01:00,0.116373
2026-02-09 12:30+01:00,0.129356
2026-02-09 12:45+01:00,0.112809
2026-02-09 13:00+01:00,0.121935
2026-02-09 13:15+01:00,0.123756
2026-02-09 13:30+01:00,0.119339
2026-02-09 13:45+01:00,0.128677
2026-02-09 14:00+01:00,0.117438
2026-02-09 14:15+01:00,0.120997
2026-02-09 14:30+01:00,0.131952
2026-02-09 14:45+01:00,0.133903
2026-02-09 15:00+01:00,0.128895
2026-02-09 15:15+01:00,0.124072
2026-02-09 15:30+01:00,0.123065
2026-02-09 15:45+01:00,0.122674
2026-02-09 16:00+01:00,0.125591
2026-02-09 16:15+01:00,0.131899
2026-02-09 16:30+01:00,0.125707
2026-02-09 16:45+01:00,0.126245
2026-02-09 17:00+01:00,0.130685
2026-02-09 17:15+01:00,0.129113
2026-02-09 17:30+01:00,0.121331
2026-02-09 17:45+01:00,0.124087
2026-02-09 18:00+01:00,0.007096
2026-02-09 18:15+01:00,0.009312
2026-02-09 18:30+01:00,0.007836
2026-02-09 18:45+01:00,0.011014
2026-02-09 19:00+01:00,0.010016
2026-02-09 19:15+01:00,0.009383
2026-02-09 19:30+01:00,0.010801
2026-02-09 19:45+01:00,0.009227
2026-02-09 20:00+01:00,0.007088
2026-02-09 20:15+01:00,0.008577
2026-02-09 20:30+01:00,0.007626
2026-02-09 20:45+01:00,0.008161
2026-02-09 21:00+01:00,0.010247
2026-02-09 21:15+01:00,0.008372
2026-02-09 21:30+01:00,0.008247
2026-02-09 21:45+01:00,0.008553
2026-02-09 22:00+01:00,0.009508
2026-02-09 22:15+01:00,0.010296
2026-02-09 22:30+01:00,
2026-02-09 22:45+01:00,0.008345
2026-02-09 23:00+01:00,0.008966
2026-02-09 23:15+01:00,0.009953
2026-02-09 23:30+01:00,0.009696
2026-02-09 23:45+01:00,0.007004
2026-02-10 00:00+01:00,0.011707
2026-02-10 00:15+01:00,0.000000
2026-02-10 00:30+01:00,0.009386
2026-02-10 00:45+01:00,0.009137
2026-02-10 01:00+01:00,0.009401
2026-02-10 01:15+01:00,0.010059
2026-02-10 01:30+01:00,0.010224
2026-02-10 01:45+01:00,0.009185
2026-02-10 02:00+01:00,0.008859
2026-02-10 02:15+01:00,0.007678
2026-02-10 02:30+01:00,0.008549
2026-02-10 02:45+01:00,0.008263
2026-02-10 03:00+01:00,0.008508
2026-02-10 03:15+01:00,0.008852
2026-02-10 03:30+01:00,0.007277
2026-02-10 03:45+01:00,0.008248
2026-02-10 04:00+01:00,0.008633
2026-02-10 04:15+01:00,0.012000
2026-02-10 04:30+01:00,0.010853
2026-02-10 04:45+01:00,0.008814
2026-02-10 05:00+01:00,0.010237
2026-02-10 05:15+01:00,0.006998
2026-02-10 05:30+01:00,0.007936
2026-02-10 05:45+01:00,0.009720
2026-02-10 06:00+01:00,0.009545
2026-02-10 06:15+01:00,0.000000
2026-02-10 06:30+01:00,0.010644
2026-02-10 06:45+01:00,0.010677
2026-02-10 07:00+01:00,0.130805
2026-02-10 07:15+01:00,0.129105
2026-02-10 07:30+01:00,0.138536
2026-02-10 07:45+01:00,0.118999
2026-02-10 08:00+01:00,0.123470
2026-02-10 08:15+01:00,0.138422
2026-02-10 08:30+01:00,0.128427
2026-02-10 08:45+01:00,0.126554
2026-02-10 09:00+01:00,0.134900
2026-02-10 09:15+01:00,0.122760
2026-02-10 09:30+01:00,0.128165
2026-02-10 09:45+01:00,0.125712
2026-02-10 10:00+01:00,0.129951
2026-02-10 10:15+01:00,0.117605
2026-02-10 10:30+01:00,0.121307
2026-02-10 10:45+01:00,0.126497
2026-02-10 11:00+01:00,0.129925
2026-02-10 11:15+01:00,0.126452
2026-02-10 11:30+01:00,0.122188
2026-02-10 11:45+01:00,0.134110
2026-02-10 12:00+01:00,0.135564
2026-02-10 12:15+01:00,0.131832
2026-02-10 12:30+01:00,0.119418
2026-02-10 12:45+01:00,0.125070
2026-02-10 13:00+01:00,0.125709
2026-02-10 13:15+01:00,0.124256
2026-02-10 13:30+01:00,0.112088
2026-02-10 13:45+01:00,0.124569
2026-02-10 14:00+01:00,0.125568
2026-02-10 14:15+01:00,0.120944
2026-02-10 14:30+01:00,0.127394
2026-02-10 14:45+01:00,0.126443
2026-02-10 15:00+01:00,0.118878
2026-02-10 15:15+01:00,0.123092
2026-02-10 15:30+01:00,0.132405
2026-02-10 15:45+01:00,0.126018
2026-02-10 16:00+01:00,0.127771
2026-02-10 16:15+01:00,
2026-02-10 16:30+01:00,0.132784
2026-02-10 16:45+01:00,0.118690
2026-02-10 17:00+01:00,0.127090
2026-02-10 17:15+01:00,0.130288
2026-02-10 17:30+01:00,0.118017
2026-02-10 17:45+01:00,0.129750
2026-02-10 18:00+01:00,0.009388
2026-02-10 18:15+01:00,0.010902
2026-02-10 18:30+01:00,0.007078
2026-02-10 18:45+01:00,0.007989
2026-02-10 19:00+01:00,0.009826
2026-02-10 19:15+01:00,0.011500
2026-02-10 19:30+01:00,0.007859
2026-02-10 19:45+01:00,0.008508
2026-02-10 20:00+01:00,0.007035
2026-02-10 20:15+01:00,0.009966
2026-02-10 20:30+01:00,0.000000
2026-02-10 20:45+01:00,0.007665
2026-02-10 21:00+01:00,0.009299
2026-02-10 21:15+01:00,0.008367
2026-02-10 21:30+01:00,0.009050
2026-02-10 21:45+01:00,0.007679
2026-02-10 22:00+01:00,0.008419
2026-02-10 22:15+01:00,0.009080
2026-02-10 22:30+01:00,0.008665
2026-02-10 22:45+01:00,0.008459
2026-02-10 23:00+01:00,0.010224
2026-02-10 23:15+01:00,0.009169
2026-02-10 23:30+01:00,0.007571
2026-02-10 23:45+01:00,0.007893
2026-02-11 00:00+01:00,0.013290
2026-02-11 00:15+01:00,0.000000
2026-02-11 00:30+01:00,0.010376
2026-02-11 00:45+01:00,
2026-02-11 01:00+01:00,0.010114
2026-02-11 01:15+01:00,0.009718
2026-02-11 01:30+01:00,0.007700
2026-02-11 01:45+01:00,0.000000
2026-02-11 02:00+01:00,0.009599
2026-02-11 02:15+01:00,0.009542
2026-02-11 02:30+01:00,0.008754
2026-02-11 02:45+01:00,0.010621
2026-02-11 03:00+01:00,0.008859
2026-02-11 03:15+01:00,0.006846
2026-02-11 03:30+01:00,0.009204
2026-02-11 03:45+01:00,0.010668
2026-02-11 04:00+01:00,0.000000
2026-02-11 04:15+01:00,0.006730
2026-02-11 04:30+01:00,0.009131
2026-02-11 04:45+01:00,0.000000
2026-02-11 05:00+01:00,0.008164
2026-02-11 05:15+01:00,0.008281
2026-02-11 05:30+01:00,0.007125
2026-02-11 05:45+01:00,0.009937
2026-02-11 06:00+01:00,0.010925
2026-02-11 06:15+01:00,0.008236
2026-02-11 06:30+01:00,
2026-02-11 06:45+01:00,0.010728
2026-02-11 07:00+01:00,0.123998
2026-02-11 07:15+01:00,0.128236
2026-02-11 07:30+01:00,0.125857
2026-02-11 07:45+01:00,0.132384
2026-02-11 08:00+01:00,0.129959
2026-02-11 08:15+01:00,0.124069
2026-02-11 08:30+01:00,0.122541
2026-02-11 08:45+01:00,0.133614
2026-02-11 09:00+01:00,0.119729
2026-02-11 09:15+01:00,0.126389
2026-02-11 09:30+01:00,0.111823
2026-02-11 09:45+01:00,0.124053
2026-02-11 10:00+01:00,0.126914
2026-02-11 10:15+01:00,0.117127
2026-02-11 10:30+01:00,0.115381
2026-02-11 10:45+01:00,0.127854
2026-02-11 11:00+01:00,0.114267
2026-02-11 11:15+01:00,0.127113
2026-02-11 11:30+01:00,0.138727
2026-02-11 11:45+01:00,0.121418
2026-02-11 12:00+01:00,0.128791
2026-02-11 12:15+01:00,0.126573
2026-02-11 12:30+01:00,0.126440
2026-02-11 12:45+01:00,0.128042
2026-02-11 13:00+01:00,0.129433
2026-02-11 13:15+01:00,0.129390
2026-02-11 13:30+01:00,0.124479
2026-02-11 13:45+01:00,
2026-02-11 14:00+01:00,0.128987
2026-02-11 14:15+01:00,0.125807
2026-02-11 14:30+01:00,0.127750
2026-02-11 14:45+01:00,0.122282
2026-02-11 15:00+01:00,0.128097
2026-02-11 15:15+01:00,0.124308
2026-02-11 15:30+01:00,0.137173
2026-02-11 15:45+01:00,0.110623
2026-02-11 16:00+01:00,0.125154
2026-02-11 16:15+01:00,0.121022
2026-02-11 16:30+01:00,0.130840
2026-02-11 16:45+01:00,0.130044
2026-02-11 17:00+01:00,0.125091
2026-02-11 17:15+01:00,0.132787
2026-02-11 17:30+01:00,0.133320
2026-02-11 17:45+01:00,0.123942
2026-02-11 18:00+01:00,0.008002
2026-02-11 18:15+01:00,0.007416
2026-02-11 18:30+01:00,0.011185
2026-02-11 18:45+01:00,0.005010
2026-02-11 19:00+01:00,0.008383
2026-02-11 19:15+01:00,0.011177
2026-02-11 19:30+01:00,0.008715
2026-02-11 19:45+01:00,0.009153
2026-02-11 20:00+01:00,0.008645
2026-02-11 20:15+01:00,0.008476
2026-02-11 20:30+01:00,0.009089
2026-02-11 20:45+01:00,0.008146
2026-02-11 21:00+01:00,0.008915
2026-02-11 21:15+01:00,0.008838
2026-02-11 21:30+01:00,0.008048
2026-02-11 21:45+01:00,0.008623
2026-02-11 22:00+01:00,0.008031
2026-02-11 22:15+01:00,0.008976
2026-02-11 22:30+01:00,0.008258
2026-02-11 22:45+01:00,0.009168
2026-02-11 23:00+01:00,0.008831
2026-02-11 23:15+01:00,0.006967
2026-02-11 23:30+01:00,0.009449
2026-02-11 23:45+01:00,0.009239
2026-02-12 00:00+01:00,0.010429
2026-02-12 00:15+01:00,0.000000
2026-02-12 00:30+01:00,0.008442
2026-02-12 00:45+01:00,0.008563
2026-02-12 01:00+01:00,0.008481
2026-02-12 01:15+01:00,0.005906
2026-02-12 01:30+01:00,0.007726
2026-02-12 01:45+01:00,0.006894
2026-02-12 02:00+01:00,0.010268
2026-02-12 02:15+01:00,0.012553
2026-02-12 02:30+01:00,0.010483
2026-02-12 02:45+01:00,0.009133
2026-02-12 03:00+01:00,0.010299
2026-02-12 03:15+01:00,0.009431
2026-02-12 03:30+01:00,0.009441
2026-02-12 03:45+01:00,0.009487
2026-02-12 04:00+01:00,0.009271
2026-02-12 04:15+01:00,0.008422
2026-02-12 04:30+01:00,0.005926
2026-02-12 04:45+01:00,0.009614
2026-02-12 05:00+01:00,0.006939
2026-02-12 05:15+01:00,0.011053
2026-02-12 05:30+01:00,0.005886
2026-02-12 05:45+01:00,0.008331
2026-02-12 06:00+01:00,0.000000
2026-02-12 06:15+01:00,
2026-02-12 06:30+01:00,0.007940
2026-02-12 06:45+01:00,0.010083
2026-02-12 07:00+01:00,0.121753
2026-02-12 07:15+01:00,0.125441
2026-02-12 07:30+01:00,0.120065
2026-02-12 07:45+01:00,0.127340
2026-02-12 08:00+01:00,0.132601
2026-02-12 08:15+01:00,0.134290
2026-02-12 08:30+01:00,0.118697
2026-02-12 08:45+01:00,0.123304
2026-02-12 09:00+01:00,0.126247
2026-02-12 09:15+01:00,0.127209
2026-02-12 09:30+01:00,0.125293
2026-02-12 09:45+01:00,0.129630
2026-02-12 10:00+01:00,0.125599
2026-02-12 10:15+01:00,0.120456
2026-02-12 10:30+01:00,0.132155
2026-02-12 10:45+01:00,0.118241
2026-02-12 11:00+01:00,0.127092
2026-02-12 11:15+01:00,0.132208
2026-02-12 11:30+01:00,0.119030
2026-02-12 11:45+01:00,0.124839
2026-02-12 12:00+01:00,0.136804
2026-02-12 12:15+01:00,0.118917
2026-02-12 12:30+01:00,0.126176
2026-02-12 12:45+01:00,0.122458
2026-02-12 13:00+01:00,0.125361
2026-02-12 13:15+01:00,0.122166
2026-02-12 13:30+01:00,0.118413
2026-02-12 13:45+01:00,0.124502
2026-02-12 14:00+01:00,0.126338
2026-02-12 14:15+01:00,0.138116
2026-02-12 14:30+01:00,0.128954
2026-02-12 14:45+01:00,0.121269
2026-02-12 15:00+01:00,0.131436
2026-02-12 15:15+01:00,0.124294
2026-02-12 15:30+01:00,0.121814
2026-02-12 15:45+01:00,0.122671
2026-02-12 16:00+01:00,0.122613
2026-02-12 16:15+01:00,
2026-02-12 16:30+01:00,0.129259
2026-02-12 16:45+01:00,0.125111
2026-02-12 17:00+01:00,0.118923
2026-02-12 17:15+01:00,0.129215
2026-02-12 17:30+01:00,0.132439
2026-02-12 17:45+01:00,0.125302
2026-02-12 18:00+01:00,0.010447
2026-02-12 18:15+01:00,0.008742
2026-02-12 18:30+01:00,0.006508
2026-02-12 18:45+01:00,0.007672
2026-02-12 19:00+01:00,0.009695
2026-02-12 19:15+01:00,0.008003
2026-02-12 19:30+01:00,0.008558
2026-02-12 19:45+01:00,0.006193
2026-02-12 20:00+01:00,0.006943
2026-02-12 20:15+01:00,0.008668
2026-02-12 20:30+01:00,0.008064
2026-02-12 20:45+01:00,0.009117
2026-02-12 21:00+01:00,0.008646
2026-02-12 21:15+01:00,0.010836
2026-02-12 21:30+01:00,0.008922
2026-02-12 21:45+01:00,0.008438
2026-02-12 22:00+01:00,0.006035
2026-02-12 22:15+01:00,0.008223
2026-02-12 22:30+01:00,0.008342
2026-02-12 22:45+01:00,0.011320
2026-02-12 23:00+01:00,0.005644
2026-02-12 23:15+01:00,
2026-02-12 23:30+01:00,0.008980
2026-02-12 23:45+01:00,0.008029
2026-02-13 00:00+01:00,0.008758
2026-02-13 00:15+01:00,0.000000
2026-02-13 00:30+01:00,0.009121
2026-02-13 00:45+01:00,0.008941
2026-02-13 01:00+01:00,0.007736
2026-02-13 01:15+01:00,0.007344
2026-02-13 01:30+01:00,0.008391
2026-02-13 01:45+01:00,0.007300
2026-02-13 02:00+01:00,0.000000
2026-02-13 02:15+01:00,0.006912
2026-02-13 02:30+01:00,0.007818
2026-02-13 02:45+01:00,0.000000
2026-02-13 03:00+01:00,0.007049
2026-02-13 03:15+01:00,0.007961
2026-02-13 03:30+01:00,0.007205
2026-02-13 03:45+01:00,0.009040
2026-02-13 04:00+01:00,0.011691
2026-02-13 04:15+01:00,0.007401
2026-02-13 04:30+01:00,
2026-02-13 04:45+01:00,0.011064
2026-02-13 05:00+01:00,0.006398
2026-02-13 05:15+01:00,0.008208
2026-02-13 05:30+01:00,0.006327
2026-02-13 05:45+01:00,0.008694
2026-02-13 06:00+01:00,0.007390
2026-02-13 06:15+01:00,0.007757
2026-02-13 06:30+01:00,0.010331
2026-02-13 06:45+01:00,0.007993
2026-02-13 07:00+01:00,0.127028
2026-02-13 07:15+01:00,0.127981
2026-02-13 07:30+01:00,0.127895
2026-02-13 07:45+01:00,0.126226
2026-02-13 08:00+01:00,0.125657
2026-02-13 08:15+01:00,0.134312
2026-02-13 08:30+01:00,0.131442
2026-02-13 08:45+01:00,0.118229
2026-02-13 09:00+01:00,0.118579
2026-02-13 09:15+01:00,0.125152
2026-02-13 09:30+01:00,0.128235
2026-02-13 09:45+01:00,0.126448
2026-02-13 10:00+01:00,0.123281
2026-02-13 10:15+01:00,0.124537
2026-02-13 10:30+01:00,0.134675
2026-02-13 10:45+01:00,0.121162
2026-02-13 11:00+01:00,0.131684
2026-02-13 11:15+01:00,0.124582
2026-02-13 11:30+01:00,0.125356
2026-02-13 11:45+01:00,0.123241
2026-02-13 12:00+01:00,0.130896
2026-02-13 12:15+01:00,0.123881
2026-02-13 12:30+01:00,0.118301
2026-02-13 12:45+01:00,0.121011
2026-02-13 13:00+01:00,0.135815
2026-02-13 13:15+01:00,0.120515
2026-02-13 13:30+01:00,0.125711
2026-02-13 13:45+01:00,0.122226
2026-02-13 14:00+01:00,0.130294
2026-02-13 14:15+01:00,0.125190
2026-02-13 14:30+01:00,0.120353
2026-02-13 14:45+01:00,0.129253
2026-02-13 15:00+01:00,0.120047
2026-02-13 15:15+01:00,0.123633
2026-02-13 15:30+01:00,0.123933
2026-02-13 15:45+01:00,0.121343
2026-02-13 16:00+01:00,0.130557
2026-02-13 16:15+01:00,0.123542
2026-02-13 16:30+01:00,0.128178
2026-02-13 16:45+01:00,0.129844
2026-02-13 17:00+01:00,0.119721
2026-02-13 17:15+01:00,0.131803
2026-02-13 17:30+01:00,0.120092
2026-02-13 17:45+01:00,0.121094
2026-02-13 18:00+01:00,0.007009
2026-02-13 18:15+01:00,0.010367
2026-02-13 18:30+01:00,0.008027
2026-02-13 18:45+01:00,0.008038
2026-02-13 19:00+01:00,0.008603
2026-02-13 19:15+01:00,0.007695
2026-02-13 19:30+01:00,0.006617
2026-02-13 19:45+01:00,0.010644
2026-02-13 20:00+01:00,0.009332
2026-02-13 20:15+01:00,0.010185
2026-02-13 20:30+01:00,0.010835
2026-02-13 20:45+01:00,0.010726
2026-02-13 21:00+01:00,0.067514
2026-02-13 21:15+01:00,0.087532
2026-02-13 21:30+01:00,0.010749
2026-02-13 21:45+01:00,0.009450
2026-02-13 22:00+01:00,0.007417
2026-02-13 22:15+01:00,0.000000
2026-02-13 22:30+01:00,0.008033
2026-02-13 22:45+01:00,0.008248
2026-02-13 23:00+01:00,0.009016
2026-02-13 23:15+01:00,0.007658
2026-02-13 23:30+01:00,0.008107
2026-02-13 23:45+01:00,0.011430
2026-02-14 00:00+01:00,0.004628
2026-02-14 00:15+01:00,0.003087
2026-02-14 00:30+01:00,0.003828
2026-02-14 00:45+01:00,0.003783
2026-02-14 01:00+01:00,0.003144
2026-02-14 01:15+01:00,0.000000
2026-02-14 01:30+01:00,0.004364
2026-02-14 01:45+01:00,0.005004
2026-02-14 02:00+01:00,0.000000
2026-02-14 02:15+01:00,0.004292
2026-02-14 02:30+01:00,0.004068
2026-02-14 02:45+01:00,0.003873
2026-02-14 03:00+01:00,0.004485
2026-02-14 03:15+01:00,0.004955
2026-02-14 03:30+01:00,0.003354
2026-02-14 03:45+01:00,0.003346
2026-02-14 04:00+01:00,0.002452
2026-02-14 04:15+01:00,0.003386
2026-02-14 04:30+01:00,0.004534
2026-02-14 04:45+01:00,0.003971
2026-02-14 05:00+01:00,0.003457
2026-02-14 05:15+01:00,0.003159
2026-02-14 05:30+01:00,0.003737
2026-02-14 05:45+01:00,0.002857
2026-02-14 06:00+01:00,0.005063
2026-02-14 06:15+01:00,0.002971
2026-02-14 06:30+01:00,0.002889
2026-02-14 06:45+01:00,0.003977
2026-02-14 07:00+01:00,0.004028
2026-02-14 07:15+01:00,0.004464
2026-02-14 07:30+01:00,0.004670
2026-02-14 07:45+01:00,0.003749
2026-02-14 08:00+01:00,0.003437
2026-02-14 08:15+01:00,0.000000
2026-02-14 08:30+01:00,0.004935
2026-02-14 08:45+01:00,0.003461
2026-02-14 09:00+01:00,0.004232
2026-02-14 09:15+01:00,0.004592
2026-02-14 09:30+01:00,0.000000
2026-02-14 09:45+01:00,0.003765
2026-02-14 10:00+01:00,0.003114
2026-02-14 10:15+01:00,0.004522
2026-02-14 10:30+01:00,0.003776
2026-02-14 10:45+01:00,0.000000
2026-02-14 11:00+01:00,0.003762
2026-02-14 11:15+01:00,0.003720
2026-02-14 11:30+01:00,0.003840
2026-02-14 11:45+01:00,0.000000
2026-02-14 12:00+01:00,0.005258
2026-02-14 12:15+01:00,0.003862
2026-02-14 12:30+01:00,0.004542
2026-02-14 12:45+01:00,0.003219
2026-02-14 13:00+01:00,0.004430
2026-02-14 13:15+01:00,0.003959
2026-02-14 13:30+01:00,0.004652
2026-02-14 13:45+01:00,0.003494
2026-02-14 14:00+01:00,0.004442
2026-02-14 14:15+01:00,0.004455
2026-02-14 14:30+01:00,0.004323
2026-02-14 14:45+01:00,0.004465
2026-02-14 15:00+01:00,0.004165
2026-02-14 15:15+01:00,0.003340
2026-02-14 15:30+01:00,0.004531
2026-02-14 15:45+01:00,0.004531
2026-02-14 16:00+01:00,0.003633
2026-02-14 16:15+01:00,0.004276
2026-02-14 16:30+01:00,0.003229
2026-02-14 16:45+01:00,0.004702
2026-02-14 17:00+01:00,0.003960
2026-02-14 17:15+01:00,0.002888
2026-02-14 17:30+01:00,0.005346
2026-02-14 17:45+01:00,0.004294
2026-02-14 18:00+01:00,0.003971
2026-02-14 18:15+01:00,0.004527
2026-02-14 18:30+01:00,0.004967
2026-02-14 18:45+01:00,0.004358
2026-02-14 19:00+01:00,0.005305
2026-02-14 19:15+01:00,0.003175
2026-02-14 19:30+01:00,0.003471
2026-02-14 19:45+01:00,0.005347
2026-02-14 20:00+01:00,0.003885
2026-02-14 20:15+01:00,0.003390
2026-02-14 20:30+01:00,0.003683
2026-02-14 20:45+01:00,0.003231
2026-02-14 21:00+01:00,0.004640
2026-02-14 21:15+01:00,0.003002
2026-02-14 21:30+01:00,0.005195
2026-02-14 21:45+01:00,0.003472
2026-02-14 22:00+01:00,0.004360
2026-02-14 22:15+01:00,0.003932
2026-02-14 22:30+01:00,0.003865
2026-02-14 22:45+01:00,0.004516
2026-02-14 23:00+01:00,0.003606
2026-02-14 23:15+01:00,0.003632
2026-02-14 23:30+01:00,0.003705
2026-02-14 23:45+01:00,
2026-02-15 00:00+01:00,0.003275
2026-02-15 00:15+01:00,0.004620
2026-02-15 00:30+01:00,0.004019
2026-02-15 00:45+01:00,0.004203
2026-02-15 01:00+01:00,0.003786
2026-02-15 01:15+01:00,0.004637
2026-02-15 01:30+01:00,0.004066
2026-02-15 01:45+01:00,0.004451
2026-02-15 02:00+01:00,0.003170
2026-02-15 02:15+01:00,0.004283
2026-02-15 02:30+01:00,0.004085
2026-02-15 02:45+01:00,0.004428
2026-02-15 03:00+01:00,0.003694
2026-02-15 03:15+01:00,0.003778
2026-02-15 03:30+01:00,0.004177
2026-02-15 03:45+01:00,0.003390
2026-02-15 04:00+01:00,0.005015
2026-02-15 04:15+01:00,0.003531
2026-02-15 04:30+01:00,0.005067
2026-02-15 04:45+01:00,0.003770
2026-02-15 05:00+01:00,0.005342
2026-02-15 05:15+01:00,
2026-02-15 05:30+01:00,0.003993
2026-02-15 05:45+01:00,0.003407
2026-02-15 06:00+01:00,0.004650
2026-02-15 06:15+01:00,0.004099
2026-02-15 06:30+01:00,0.002158
2026-02-15 06:45+01:00,0.003990
2026-02-15 07:00+01:00,0.004002
2026-02-15 07:15+01:00,0.004213
2026-02-15 07:30+01:00,0.003078
2026-02-15 07:45+01:00,0.003989
2026-02-15 08:00+01:00,0.003100
2026-02-15 08:15+01:00,0.004551
2026-02-15 08:30+01:00,0.003257
2026-02-15 08:45+01:00,0.002725
2026-02-15 09:00+01:00,0.004563
2026-02-15 09:15+01:00,0.003712
2026-02-15 09:30+01:00,0.005451
2026-02-15 09:45+01:00,0.004350
2026-02-15 10:00+01:00,0.003618
2026-02-15 10:15+01:00,0.004155
2026-02-15 10:30+01:00,0.000000
2026-02-15 10:45+01:00,0.003177
2026-02-15 11:00+01:00,0.004206
2026-02-15 11:15+01:00,0.005562
2026-02-15 11:30+01:00,0.004586
2026-02-15 11:45+01:00,0.004599
2026-02-15 12:00+01:00,0.003481
2026-02-15 12:15+01:00,0.004294
2026-02-15 12:30+01:00,0.003862
2026-02-15 12:45+01:00,0.004314
2026-02-15 13:00+01:00,0.003201
2026-02-15 13:15+01:00,0.003578
2026-02-15 13:30+01:00,0.003860
2026-02-15 13:45+01:00,0.002004
2026-02-15 14:00+01:00,0.003271
2026-02-15 14:15+01:00,0.004397
2026-02-15 14:30+01:00,0.004067
2026-02-15 14:45+01:00,0.004177
2026-02-15 15:00+01:00,0.004552
2026-02-15 15:15+01:00,0.003568
2026-02-15 15:30+01:00,0.004950
2026-02-15 15:45+01:00,0.003959
2026-02-15 16:00+01:00,0.000000
2026-02-15 16:15+01:00,0.003439
2026-02-15 16:30+01:00,0.004230
2026-02-15 16:45+01:00,0.003277
2026-02-15 17:00+01:00,0.004828
2026-02-15 17:15+01:00,0.004108
2026-02-15 17:30+01:00,0.004403
2026-02-15 17:45+01:00,0.004172
2026-02-15 18:00+01:00,0.003613
2026-02-15 18:15+01:00,0.004644
2026-02-15 18:30+01:00,0.003634
2026-02-15 18:45+01:00,0.004716
2026-02-15 19:00+01:00,0.000000
2026-02-15 19:15+01:00,0.003591
2026-02-15 19:30+01:00,0.003703
2026-02-15 19:45+01:00,0.004481
2026-02-15 20:00+01:00,0.003911
2026-02-15 20:15+01:00,0.004054
2026-02-15 20:30+01:00,0.003696
2026-02-15 20:45+01:00,0.005071
2026-02-15 21:00+01:00,0.003980
2026-02-15 21:15+01:00,0.004903
2026-02-15 21:30+01:00,0.004158
2026-02-15 21:45+01:00,0.004181
2026-02-15 22:00+01:00,
2026-02-15 22:15+01:00,0.004630
2026-02-15 22:30+01:00,0.003029
2026-02-15 22:45+01:00,0.004750
2026-02-15 23:00+01:00,0.004032
2026-02-15 23:15+01:00,0.004241
2026-02-15 23:30+01:00,0.003571
2026-02-15 23:45+01:00,0.004852
2026-02-16 00:00+01:00,0.000000
2026-02-16 00:15+01:00,0.007449
2026-02-16 00:30+01:00,0.008500
2026-02-16 00:45+01:00,0.009105
2026-02-16 01:00+01:00,0.008236
2026-02-16 01:15+01:00,0.009211
2026-02-16 01:30+01:00,0.010780
2026-02-16 01:45+01:00,0.006619
2026-02-16 02:00+01:00,0.010977
2026-02-16 02:15+01:00,0.009417
2026-02-16 02:30+01:00,0.010798
2026-02-16 02:45+01:00,0.009876
2026-02-16 03:00+01:00,0.009009
2026-02-16 03:15+01:00,0.006613
2026-02-16 03:30+01:00,0.007348
2026-02-16 03:45+01:00,0.011510
2026-02-16 04:00+01:00,0.009839
2026-02-16 04:15+01:00,0.008736
2026-02-16 04:30+01:00,0.006771
2026-02-16 04:45+01:00,0.007331
2026-02-16 05:00+01:00,0.008855
2026-02-16 05:15+01:00,0.007704
2026-02-16 05:30+01:00,0.005669
2026-02-16 05:45+01:00,0.008620
2026-02-16 06:00+01:00,0.009077
2026-02-16 06:15+01:00,0.009868
2026-02-16 06:30+01:00,0.006670
2026-02-16 06:45+01:00,0.007187
2026-02-16 07:00+01:00,0.128733
2026-02-16 07:15+01:00,0.118088
2026-02-16 07:30+01:00,0.131427
2026-02-16 07:45+01:00,0.132960
2026-02-16 08:00+01:00,0.130743
2026-02-16 08:15+01:00,0.117498
2026-02-16 08:30+01:00,0.119599
2026-02-16 08:45+01:00,0.124656
2026-02-16 09:00+01:00,0.128116
2026-02-16 09:15+01:00,0.121251
2026-02-16 09:30+01:00,0.133204
2026-02-16 09:45+01:00,0.130443
2026-02-16 10:00+01:00,0.124912
2026-02-16 10:15+01:00,0.123480
2026-02-16 10:30+01:00,
2026-02-16 10:45+01:00,0.129137
2026-02-16 11:00+01:00,0.122907
2026-02-16 11:15+01:00,0.124307
2026-02-16 11:30+01:00,0.131958
2026-02-16 11:45+01:00,0.126258
2026-02-16 12:00+01:00,0.128711
2026-02-16 12:15+01:00,0.120396
2026-02-16 12:30+01:00,0.128838
2026-02-16 12:45+01:00,0.131892
2026-02-16 13:00+01:00,0.123905
2026-02-16 13:15+01:00,
2026-02-16 13:30+01:00,0.124508
2026-02-16 13:45+01:00,0.108415
2026-02-16 14:00+01:00,0.122685
2026-02-16 14:15+01:00,0.133480
2026-02-16 14:30+01:00,0.126375
2026-02-16 14:45+01:00,0.126663
2026-02-16 15:00+01:00,0.128609
2026-02-16 15:15+01:00,0.127795
2026-02-16 15:30+01:00,
2026-02-16 15:45+01:00,0.119143
2026-02-16 16:00+01:00,0.137462
2026-02-16 16:15+01:00,0.119862
2026-02-16 16:30+01:00,0.112611
2026-02-16 16:45+01:00,0.125644
2026-02-16 17:00+01:00,0.125066
2026-02-16 17:15+01:00,0.118026
2026-02-16 17:30+01:00,0.123782
2026-02-16 17:45+01:00,0.133608
2026-02-16 18:00+01:00,0.009772
2026-02-16 18:15+01:00,0.009695
2026-02-16 18:30+01:00,0.011167
2026-02-16 18:45+01:00,0.008698
2026-02-16 19:00+01:00,0.007419
2026-02-16 19:15+01:00,0.007604
2026-02-16 19:30+01:00,0.010085
2026-02-16 19:45+01:00,0.008814
2026-02-16 20:00+01:00,0.009325
2026-02-16 20:15+01:00,0.011176
2026-02-16 20:30+01:00,0.008808
2026-02-16 20:45+01:00,0.011825
2026-02-16 21:00+01:00,0.008968
2026-02-16 21:15+01:00,0.007391
2026-02-16 21:30+01:00,0.000000
2026-02-16 21:45+01:00,0.009354
2026-02-16 22:00+01:00,0.008226
2026-02-16 22:15+01:00,0.009030
2026-02-16 22:30+01:00,0.011613
2026-02-16 22:45+01:00,0.009444
2026-02-16 23:00+01:00,0.010322
2026-02-16 23:15+01:00,0.009332
2026-02-16 23:30+01:00,0.008426
2026-02-16 23:45+01:00,0.008890
2026-02-17 00:00+01:00,0.004666
2026-02-17 00:15+01:00,0.000000
2026-02-17 00:30+01:00,0.007831
2026-02-17 00:45+01:00,0.008154
2026-02-17 01:00+01:00,0.008344
2026-02-17 01:15+01:00,0.000000
2026-02-17 01:30+01:00,0.008056
2026-02-17 01:45+01:00,0.008718
2026-02-17 02:00+01:00,0.006413
2026-02-17 02:15+01:00,0.009326
2026-02-17 02:30+01:00,0.007742
2026-02-17 02:45+01:00,0.008635
2026-02-17 03:00+01:00,0.010670
2026-02-17 03:15+01:00,0.008169
2026-02-17 03:30+01:00,0.007780
2026-02-17 03:45+01:00,0.009384
2026-02-17 04:00+01:00,0.011209
2026-02-17 04:15+01:00,0.008992
2026-02-17 04:30+01:00,0.009610
2026-02-17 04:45+01:00,0.010849
2026-02-17 05:00+01:00,0.000000
2026-02-17 05:15+01:00,0.008522
2026-02-17 05:30+01:00,0.011070
2026-02-17 05:45+01:00,0.008277
2026-02-17 06:00+01:00,0.008293
2026-02-17 06:15+01:00,0.008941
2026-02-17 06:30+01:00,0.009675
2026-02-17 06:45+01:00,0.008085
2026-02-17 07:00+01:00,0.126263
2026-02-17 07:15+01:00,0.116548
2026-02-17 07:30+01:00,0.127230
2026-02-17 07:45+01:00,0.123434
2026-02-17 08:00+01:00,0.117751
2026-02-17 08:15+01:00,0.122488
2026-02-17 08:30+01:00,0.121491
2026-02-17 08:45+01:00,0.126255
2026-02-17 09:00+01:00,
2026-02-17 09:15+01:00,0.135273
2026-02-17 09:30+01:00,0.127132
2026-02-17 09:45+01:00,0.130470
2026-02-17 10:00+01:00,
2026-02-17 10:15+01:00,0.127024
2026-02-17 10:30+01:00,0.132910
2026-02-17 10:45+01:00,0.118353
2026-02-17 11:00+01:00,0.125752
2026-02-17 11:15+01:00,0.127966
2026-02-17 11:30+01:00,0.112738
2026-02-17 11:45+01:00,0.128386
2026-02-17 12:00+01:00,0.124505
2026-02-17 12:15+01:00,0.123670
2026-02-17 12:30+01:00,0.128824
2026-02-17 12:45+01:00,0.113361
2026-02-17 13:00+01:00,0.112291
2026-02-17 13:15+01:00,0.122186
2026-02-17 13:30+01:00,0.121359
2026-02-17 13:45+01:00,0.126249
2026-02-17 14:00+01:00,0.121757
2026-02-17 14:15+01:00,
2026-02-17 14:30+01:00,0.139748
2026-02-17 14:45+01:00,0.113382
2026-02-17 15:00+01:00,0.124540
2026-02-17 15:15+01:00,0.118199
2026-02-17 15:30+01:00,0.126082
2026-02-17 15:45+01:00,0.128995
2026-02-17 16:00+01:00,0.130745
2026-02-17 16:15+01:00,0.115973
2026-02-17 16:30+01:00,0.119098
2026-02-17 16:45+01:00,0.109143
2026-02-17 17:00+01:00,0.124491
2026-02-17 17:15+01:00,0.123753
2026-02-17 17:30+01:00,0.135447
2026-02-17 17:45+01:00,0.130021
2026-02-17 18:00+01:00,0.006716
2026-02-17 18:15+01:00,0.000000
2026-02-17 18:30+01:00,0.008930
2026-02-17 18:45+01:00,0.008701
2026-02-17 19:00+01:00,0.009248
2026-02-17 19:15+01:00,0.008080
2026-02-17 19:30+01:00,0.009534
2026-02-17 19:45+01:00,0.007582
2026-02-17 20:00+01:00,0.000000
2026-02-17 20:15+01:00,0.009872
2026-02-17 20:30+01:00,0.000000
2026-02-17 20:45+01:00,0.008308
2026-02-17 21:00+01:00,0.006777
2026-02-17 21:15+01:00,0.010246
2026-02-17 21:30+01:00,0.007574
2026-02-17 21:45+01:00,0.000000
2026-02-17 22:00+01:00,0.008410
2026-02-17 22:15+01:00,0.008940
2026-02-17 22:30+01:00,0.008984
2026-02-17 22:45+01:00,0.009274
2026-02-17 23:00+01:00,0.008797
2026-02-17 23:15+01:00,0.009508
2026-02-17 23:30+01:00,0.007320
2026-02-17 23:45+01:00,0.006653
2026-02-18 00:00+01:00,0.006387
2026-02-18 00:15+01:00,0.008523
2026-02-18 00:30+01:00,0.006360
2026-02-18 00:45+01:00,0.008458
2026-02-18 01:00+01:00,0.008315
2026-02-18 01:15+01:00,0.007824
2026-02-18 01:30+01:00,0.005723
2026-02-18 01:45+01:00,0.000000
2026-02-18 02:00+01:00,0.011585
2026-02-18 02:15+01:00,0.000000
2026-02-18 02:30+01:00,0.010061
2026-02-18 02:45+01:00,0.008520
2026-02-18 03:00+01:00,0.012225
2026-02-18 03:15+01:00,0.000000
2026-02-18 03:30+01:00,0.011023
2026-02-18 03:45+01:00,0.009991
2026-02-18 04:00+01:00,0.008352
2026-02-18 04:15+01:00,0.011190
2026-02-18 04:30+01:00,0.007651
2026-02-18 04:45+01:00,0.007246
2026-02-18 05:00+01:00,0.007463
2026-02-18 05:15+01:00,0.009160
2026-02-18 05:30+01:00,0.007905
2026-02-18 05:45+01:00,0.008760
2026-02-18 06:00+01:00,0.007604
2026-02-18 06:15+01:00,0.008069
2026-02-18 06:30+01:00,0.007074
2026-02-18 06:45+01:00,0.009048
2026-02-18 07:00+01:00,0.129209
2026-02-18 07:15+01:00,0.130513
2026-02-18 07:30+01:00,0.133622
2026-02-18 07:45+01:00,0.123944
2026-02-18 08:00+01:00,0.129103
2026-02-18 08:15+01:00,0.119944
2026-02-18 08:30+01:00,0.130324
2026-02-18 08:45+01:00,0.129226
2026-02-18 09:00+01:00,0.129570
2026-02-18 09:15+01:00,0.116574
2026-02-18 09:30+01:00,0.123051
2026-02-18 09:45+01:00,0.126557
2026-02-18 10:00+01:00,0.113383
2026-02-18 10:15+01:00,0.116337
2026-02-18 10:30+01:00,0.126964
2026-02-18 10:45+01:00,0.118223
2026-02-18 11:00+01:00,0.118921
2026-02-18 11:15+01:00,0.130206
2026-02-18 11:30+01:00,0.135956
2026-02-18 11:45+01:00,0.116858
2026-02-18 12:00+01:00,0.123263
2026-02-18 12:15+01:00,0.132287
2026-02-18 12:30+01:00,0.125138
2026-02-18 12:45+01:00,0.128383
2026-02-18 13:00+01:00,0.130653
2026-02-18 13:15+01:00,0.126217
2026-02-18 13:30+01:00,0.127039
2026-02-18 13:45+01:00,0.115301
2026-02-18 14:00+01:00,0.129500
2026-02-18 14:15+01:00,0.117607
2026-02-18 14:30+01:00,0.756021
2026-02-18 14:45+01:00,0.119829
2026-02-18 15:00+01:00,0.127925
2026-02-18 15:15+01:00,0.124481
2026-02-18 15:30+01:00,0.123426
2026-02-18 15:45+01:00,0.129606
2026-02-18 16:00+01:00,0.125836
2026-02-18 16:15+01:00,0.116809
2026-02-18 16:30+01:00,0.123391
2026-02-18 16:45+01:00,0.122465
2026-02-18 17:00+01:00,0.122043
2026-02-18 17:15+01:00,0.127005
2026-02-18 17:30+01:00,0.116138
2026-02-18 17:45+01:00,0.119551
2026-02-18 18:00+01:00,0.009494
2026-02-18 18:15+01:00,0.010881
2026-02-18 18:30+01:00,0.009815
2026-02-18 18:45+01:00,0.008805
2026-02-18 19:00+01:00,0.008035
2026-02-18 19:15+01:00,0.010346
2026-02-18 19:30+01:00,0.009722
2026-02-18 19:45+01:00,0.011067
2026-02-18 20:00+01:00,0.000000
2026-02-18 20:15+01:00,0.000000
2026-02-18 20:30+01:00,0.009556
2026-02-18 20:45+01:00,0.007970
2026-02-18 21:00+01:00,0.007715
2026-02-18 21:15+01:00,0.008931
2026-02-18 21:30+01:00,0.007831
2026-02-18 21:45+01:00,0.008519
2026-02-18 22:00+01:00,0.008292
2026-02-18 22:15+01:00,
2026-02-18 22:30+01:00,0.010090
2026-02-18 22:45+01:00,0.008482
2026-02-18 23:00+01:00,0.007481
2026-02-18 23:15+01:00,0.009808
2026-02-18 23:30+01:00,0.009669
2026-02-18 23:45+01:00,0.010937
2026-02-19 00:00+01:00,0.008231
2026-02-19 00:15+01:00,0.009934
2026-02-19 00:30+01:00,0.008659
2026-02-19 00:45+01:00,0.000000
2026-02-19 01:00+01:00,0.009832
2026-02-19 01:15+01:00,0.008746
2026-02-19 01:30+01:00,0.009196
2026-02-19 01:45+01:00,0.007420
2026-02-19 02:00+01:00,0.006637
2026-02-19 02:15+01:00,0.008200
2026-02-19 02:30+01:00,0.005718
2026-02-19 02:45+01:00,0.008182
2026-02-19 03:00+01:00,0.008928
2026-02-19 03:15+01:00,0.009488
2026-02-19 03:30+01:00,0.010982
2026-02-19 03:45+01:00,0.008739
2026-02-19 04:00+01:00,0.007104
2026-02-19 04:15+01:00,0.008382
2026-02-19 04:30+01:00,0.007755
2026-02-19 04:45+01:00,0.009174
2026-02-19 05:00+01:00,0.009528
2026-02-19 05:15+01:00,0.009237
2026-02-19 05:30+01:00,0.011963
2026-02-19 05:45+01:00,0.008185
2026-02-19 06:00+01:00,0.009571
2026-02-19 06:15+01:00,0.006449
2026-02-19 06:30+01:00,0.000000
2026-02-19 06:45+01:00,0.080387
2026-02-19 07:00+01:00,0.120251
2026-02-19 07:15+01:00,0.125595
2026-02-19 07:30+01:00,0.113015
2026-02-19 07:45+01:00,0.132292
2026-02-19 08:00+01:00,0.115390
2026-02-19 08:15+01:00,0.130821
2026-02-19 08:30+01:00,0.120188
2026-02-19 08:45+01:00,0.112077
2026-02-19 09:00+01:00,0.137961
2026-02-19 09:15+01:00,0.124407
2026-02-19 09:30+01:00,0.116788
2026-02-19 09:45+01:00,0.124177
2026-02-19 10:00+01:00,0.121310
2026-02-19 10:15+01:00,0.116557
2026-02-19 10:30+01:00,0.117415
2026-02-19 10:45+01:00,0.122743
2026-02-19 11:00+01:00,0.130342
2026-02-19 11:15+01:00,0.126507
2026-02-19 11:30+01:00,0.139653
2026-02-19 11:45+01:00,0.123411
2026-02-19 12:00+01:00,0.122862
2026-02-19 12:15+01:00,0.121532
2026-02-19 12:30+01:00,0.126268
2026-02-19 12:45+01:00,0.131493
2026-02-19 13:00+01:00,0.126437
2026-02-19 13:15+01:00,0.130171
2026-02-19 13:30+01:00,0.128987
2026-02-19 13:45+01:00,0.136259
2026-02-19 14:00+01:00,0.124006
2026-02-19 14:15+01:00,0.117446
2026-02-19 14:30+01:00,0.131207
2026-02-19 14:45+01:00,0.121775
2026-02-19 15:00+01:00,0.115429
2026-02-19 15:15+01:00,0.127772
2026-02-19 15:30+01:00,0.120670
2026-02-19 15:45+01:00,0.135943
2026-02-19 16:00+01:00,0.133074
2026-02-19 16:15+01:00,0.121999
2026-02-19 16:30+01:00,0.126392
2026-02-19 16:45+01:00,0.120211
2026-02-19 17:00+01:00,0.118036
2026-02-19 17:15+01:00,0.133296
2026-02-19 17:30+01:00,0.131062
2026-02-19 17:45+01:00,0.120443
2026-02-19 18:00+01:00,0.000000
2026-02-19 18:15+01:00,0.007826
2026-02-19 18:30+01:00,0.009493
2026-02-19 18:45+01:00,0.008252
2026-02-19 19:00+01:00,0.009380
2026-02-19 19:15+01:00,0.009606
2026-02-19 19:30+01:00,0.006946
2026-02-19 19:45+01:00,0.009752
2026-02-19 20:00+01:00,0.008045
2026-02-19 20:15+01:00,0.006685
2026-02-19 20:30+01:00,0.007353
2026-02-19 20:45+01:00,0.009471
2026-02-19 21:00+01:00,0.007584
2026-02-19 21:15+01:00,0.008361
2026-02-19 21:30+01:00,0.007801
2026-02-19 21:45+01:00,0.007061
2026-02-19 22:00+01:00,0.012762
2026-02-19 22:15+01:00,0.008814
2026-02-19 22:30+01:00,0.011521
2026-02-19 22:45+01:00,0.010847
2026-02-19 23:00+01:00,0.008954
2026-02-19 23:15+01:00,0.010142
2026-02-19 23:30+01:00,0.007265
2026-02-19 23:45+01:00,0.010214
2026-02-20 00:00+01:00,0.006067
2026-02-20 00:15+01:00,0.008003
2026-02-20 00:30+01:00,0.008756
2026-02-20 00:45+01:00,0.009642
2026-02-20 01:00+01:00,0.009928
2026-02-20 01:15+01:00,0.009140
2026-02-20 01:30+01:00,0.008309
2026-02-20 01:45+01:00,0.000000
2026-02-20 02:00+01:00,0.008004
2026-02-20 02:15+01:00,0.007007
2026-02-20 02:30+01:00,0.007327
2026-02-20 02:45+01:00,0.008508
2026-02-20 03:00+01:00,0.008255
2026-02-20 03:15+01:00,0.009456
2026-02-20 03:30+01:00,0.010284
2026-02-20 03:45+01:00,0.007044
2026-02-20 04:00+01:00,0.008745
2026-02-20 04:15+01:00,0.008456
2026-02-20 04:30+01:00,0.008383
2026-02-20 04:45+01:00,0.009100
2026-02-20 05:00+01:00,0.009185
2026-02-20 05:15+01:00,0.008903
2026-02-20 05:30+01:00,0.007199
2026-02-20 05:45+01:00,0.010067
2026-02-20 06:00+01:00,0.009151
2026-02-20 06:15+01:00,0.007417
2026-02-20 06:30+01:00,0.007143
2026-02-20 06:45+01:00,0.007144
2026-02-20 07:00+01:00,0.126228
2026-02-20 07:15+01:00,0.130203
2026-02-20 07:30+01:00,0.122984
2026-02-20 07:45+01:00,0.133692
2026-02-20 08:00+01:00,0.131745
2026-02-20 08:15+01:00,0.121793
2026-02-20 08:30+01:00,0.123027
2026-02-20 08:45+01:00,0.115629
2026-02-20 09:00+01:00,0.131933
2026-02-20 09:15+01:00,0.126174
2026-02-20 09:30+01:00,0.119393
2026-02-20 09:45+01:00,0.112748
2026-02-20 10:00+01:00,0.111462
2026-02-20 10:15+01:00,0.125584
2026-02-20 10:30+01:00,0.130191
2026-02-20 10:45+01:00,0.135008
2026-02-20 11:00+01:00,0.124385
2026-02-20 11:15+01:00,0.122316
2026-02-20 11:30+01:00,0.126810
2026-02-20 11:45+01:00,0.117439
2026-02-20 12:00+01:00,
2026-02-20 12:15+01:00,0.124984
2026-02-20 12:30+01:00,0.121597
2026-02-20 12:45+01:00,0.129831
2026-02-20 13:00+01:00,0.124535
2026-02-20 13:15+01:00,0.125003
2026-02-20 13:30+01:00,0.123815
2026-02-20 13:45+01:00,0.130563
2026-02-20 14:00+01:00,0.126877
2026-02-20 14:15+01:00,0.130338
2026-02-20 14:30+01:00,0.114188
2026-02-20 14:45+01:00,0.128996
2026-02-20 15:00+01:00,0.121860
2026-02-20 15:15+01:00,0.125188
2026-02-20 15:30+01:00,0.127705
2026-02-20 15:45+01:00,0.118315
2026-02-20 16:00+01:00,0.122014
2026-02-20 16:15+01:00,0.121064
2026-02-20 16:30+01:00,0.114988
2026-02-20 16:45+01:00,0.128604
2026-02-20 17:00+01:00,0.131116
2026-02-20 17:15+01:00,0.118944
2026-02-20 17:30+01:00,0.128593
2026-02-20 17:45+01:00,0.117424
2026-02-20 18:00+01:00,0.007377
2026-02-20 18:15+01:00,0.007417
2026-02-20 18:30+01:00,0.007846
2026-02-20 18:45+01:00,0.009088
2026-02-20 19:00+01:00,0.006051
2026-02-20 19:15+01:00,0.008726
2026-02-20 19:30+01:00,0.008005
2026-02-20 19:45+01:00,0.010546
2026-02-20 20:00+01:00,0.000000
2026-02-20 20:15+01:00,0.011668
2026-02-20 20:30+01:00,0.006084
2026-02-20 20:45+01:00,0.007946
2026-02-20 21:00+01:00,0.000000
2026-02-20 21:15+01:00,0.006612
2026-02-20 21:30+01:00,0.009912
2026-02-20 21:45+01:00,0.007976
2026-02-20 22:00+01:00,0.007232
2026-02-20 22:15+01:00,0.006262
2026-02-20 22:30+01:00,0.007868
2026-02-20 22:45+01:00,0.009243
2026-02-20 23:00+01:00,0.008496
2026-02-20 23:15+01:00,0.007375
2026-02-20 23:30+01:00,0.009256
2026-02-20 23:45+01:00,0.009564
2026-02-21 00:00+01:00,0.007452
2026-02-21 00:15+01:00,0.003323
2026-02-21 00:30+01:00,0.002487
2026-02-21 00:45+01:00,0.003374
2026-02-21 01:00+01:00,0.004286
2026-02-21 01:15+01:00,0.005030
2026-02-21 01:30+01:00,0.003404
2026-02-21 01:45+01:00,0.004655
2026-02-21 02:00+01:00,0.003765
2026-02-21 02:15+01:00,0.000000
2026-02-21 02:30+01:00,0.003358
2026-02-21 02:45+01:00,0.004084
2026-02-21 03:00+01:00,0.003855
2026-02-21 03:15+01:00,0.003044
2026-02-21 03:30+01:00,0.003653
2026-02-21 03:45+01:00,0.004552
2026-02-21 04:00+01:00,0.003114
2026-02-21 04:15+01:00,0.004317
2026-02-21 04:30+01:00,0.000000
2026-02-21 04:45+01:00,0.002676
2026-02-21 05:00+01:00,0.003815
2026-02-21 05:15+01:00,0.003917
2026-02-21 05:30+01:00,0.002968
2026-02-21 05:45+01:00,0.003835
2026-02-21 06:00+01:00,0.004222
2026-02-21 06:15+01:00,0.004216
2026-02-21 06:30+01:00,0.004186
2026-02-21 06:45+01:00,0.003667
2026-02-21 07:00+01:00,0.004779
2026-02-21 07:15+01:00,0.003586
2026-02-21 07:30+01:00,0.004506
2026-02-21 07:45+01:00,0.004353
2026-02-21 08:00+01:00,0.004607
2026-02-21 08:15+01:00,0.003885
2026-02-21 08:30+01:00,0.003536
2026-02-21 08:45+01:00,0.004666
2026-02-21 09:00+01:00,0.005339
2026-02-21 09:15+01:00,0.002984
2026-02-21 09:30+01:00,0.003433
2026-02-21 09:45+01:00,0.003798
2026-02-21 10:00+01:00,0.003444
2026-02-21 10:15+01:00,0.004542
2026-02-21 10:30+01:00,0.003314
2026-02-21 10:45+01:00,0.000000
2026-02-21 11:00+01:00,0.003173
2026-02-21 11:15+01:00,0.004163
2026-02-21 11:30+01:00,0.003730
2026-02-21 11:45+01:00,0.003534
2026-02-21 12:00+01:00,0.004018
2026-02-21 12:15+01:00,0.002903
2026-02-21 12:30+01:00,0.004189
2026-02-21 12:45+01:00,0.002995
2026-02-21 13:00+01:00,0.000000
2026-02-21 13:15+01:00,0.003784
2026-02-21 13:30+01:00,0.004164
2026-02-21 13:45+01:00,0.000000
2026-02-21 14:00+01:00,0.000000
2026-02-21 14:15+01:00,0.004281
2026-02-21 14:30+01:00,0.000000
2026-02-21 14:45+01:00,0.002588
2026-02-21 15:00+01:00,0.003630
2026-02-21 15:15+01:00,0.003606
2026-02-21 15:30+01:00,0.003962
2026-02-21 15:45+01:00,0.000000
2026-02-21 16:00+01:00,0.002997
2026-02-21 16:15+01:00,0.004242
2026-02-21 16:30+01:00,0.003931
2026-02-21 16:45+01:00,0.003442
2026-02-21 17:00+01:00,0.004727
2026-02-21 17:15+01:00,0.005001
2026-02-21 17:30+01:00,0.004157
2026-02-21 17:45+01:00,0.005109
2026-02-21 18:00+01:00,0.004310
2026-02-21 18:15+01:00,0.004612
2026-02-21 18:30+01:00,0.002442
2026-02-21 18:45+01:00,0.003734
2026-02-21 19:00+01:00,0.000000
2026-02-21 19:15+01:00,0.002846
2026-02-21 19:30+01:00,0.003946
2026-02-21 19:45+01:00,0.004313
2026-02-21 20:00+01:00,0.003871
2026-02-21 20:15+01:00,0.004281
2026-02-21 20:30+01:00,0.003480
2026-02-21 20:45+01:00,0.002798
2026-02-21 21:00+01:00,0.004045
2026-02-21 21:15+01:00,0.003845
2026-02-21 21:30+01:00,0.005892
2026-02-21 21:45+01:00,0.003150
2026-02-21 22:00+01:00,0.003394
2026-02-21 22:15+01:00,0.003905
2026-02-21 22:30+01:00,0.004156
2026-02-21 22:45+01:00,0.004799
2026-02-21 23:00+01:00,0.002141
2026-02-21 23:15+01:00,0.003745
2026-02-21 23:30+01:00,0.003567
2026-02-21 23:45+01:00,0.003034
2026-02-22 00:00+01:00,0.003076
2026-02-22 00:15+01:00,0.003620
2026-02-22 00:30+01:00,0.002993
2026-02-22 00:45+01:00,0.004383
2026-02-22 01:00+01:00,0.000000
2026-02-22 01:15+01:00,0.003658
2026-02-22 01:30+01:00,0.003184
2026-02-22 01:45+01:00,0.003688
2026-02-22 02:00+01:00,0.004904
2026-02-22 02:15+01:00,0.003976
2026-02-22 02:30+01:00,0.003677
2026-02-22 02:45+01:00,0.004106
2026-02-22 03:00+01:00,0.000000
2026-02-22 03:15+01:00,0.003448
2026-02-22 03:30+01:00,0.003275
2026-02-22 03:45+01:00,0.003684
2026-02-22 04:00+01:00,0.003796
2026-02-22 04:15+01:00,0.004514
2026-02-22 04:30+01:00,0.003944
2026-02-22 04:45+01:00,0.002077
2026-02-22 05:00+01:00,0.002999
2026-02-22 05:15+01:00,0.003418
2026-02-22 05:30+01:00,0.003737
2026-02-22 05:45+01:00,0.004636
2026-02-22 06:00+01:00,0.003591
2026-02-22 06:15+01:00,0.003253
2026-02-22 06:30+01:00,0.004834
2026-02-22 06:45+01:00,0.003372
2026-02-22 07:00+01:00,0.000000
2026-02-22 07:15+01:00,0.003603
2026-02-22 07:30+01:00,0.003725
2026-02-22 07:45+01:00,0.003699
2026-02-22 08:00+01:00,0.003969
2026-02-22 08:15+01:00,0.004222
2026-02-22 08:30+01:00,0.003999
2026-02-22 08:45+01:00,0.004271
2026-02-22 09:00+01:00,0.003483
2026-02-22 09:15+01:00,0.004114
2026-02-22 09:30+01:00,0.003749
2026-02-22 09:45+01:00,0.003466
2026-02-22 10:00+01:00,0.004991
2026-02-22 10:15+01:00,0.004926
2026-02-22 10:30+01:00,0.003428
2026-02-22 10:45+01:00,0.003910
2026-02-22 11:00+01:00,0.002875
2026-02-22 11:15+01:00,0.004166
2026-02-22 11:30+01:00,0.003660
2026-02-22 11:45+01:00,0.003634
2026-02-22 12:00+01:00,0.004742
2026-02-22 12:15+01:00,0.003171
2026-02-22 12:30+01:00,0.003821
2026-02-22 12:45+01:00,0.003497
2026-02-22 13:00+01:00,0.003057
2026-02-22 13:15+01:00,0.004805
2026-02-22 13:30+01:00,0.004058
2026-02-22 13:45+01:00,0.003842
2026-02-22 14:00+01:00,0.003032
2026-02-22 14:15+01:00,0.000000
2026-02-22 14:30+01:00,0.006108
2026-02-22 14:45+01:00,0.003827
2026-02-22 15:00+01:00,0.004173
2026-02-22 15:15+01:00,0.004367
2026-02-22 15:30+01:00,0.004420
2026-02-22 15:45+01:00,0.004749
2026-02-22 16:00+01:00,0.003920
2026-02-22 16:15+01:00,0.003012
2026-02-22 16:30+01:00,0.002685
2026-02-22 16:45+01:00,0.005132
2026-02-22 17:00+01:00,0.003392
2026-02-22 17:15+01:00,0.004057
2026-02-22 17:30+01:00,0.004438
2026-02-22 17:45+01:00,0.004015
2026-02-22 18:00+01:00,0.004859
2026-02-22 18:15+01:00,0.003699
2026-02-22 18:30+01:00,0.005138
2026-02-22 18:45+01:00,0.004242
2026-02-22 19:00+01:00,0.004489
2026-02-22 19:15+01:00,0.000000
2026-02-22 19:30+01:00,0.004129
2026-02-22 19:45+01:00,
2026-02-22 20:00+01:00,0.003866
2026-02-22 20:15+01:00,0.003711
2026-02-22 20:30+01:00,0.004691
2026-02-22 20:45+01:00,0.003370
2026-02-22 21:00+01:00,0.003036
2026-02-22 21:15+01:00,0.004085
2026-02-22 21:30+01:00,0.003894
2026-02-22 21:45+01:00,0.004351
2026-02-22 22:00+01:00,0.005796
2026-02-22 22:15+01:00,0.003247
2026-02-22 22:30+01:00,0.003312
2026-02-22 22:45+01:00,
2026-02-22 23:00+01:00,0.005878
2026-02-22 23:15+01:00,0.003875
2026-02-22 23:30+01:00,0.003846
2026-02-22 23:45+01:00,0.003491
2026-02-23 00:00+01:00,0.004771
2026-02-23 00:15+01:00,0.000000
2026-02-23 00:30+01:00,0.009302
2026-02-23 00:45+01:00,0.009084
2026-02-23 01:00+01:00,0.011669
2026-02-23 01:15+01:00,0.009517
2026-02-23 01:30+01:00,0.006453
2026-02-23 01:45+01:00,0.010080
2026-02-23 02:00+01:00,0.010174
2026-02-23 02:15+01:00,0.008910
2026-02-23 02:30+01:00,0.000000
2026-02-23 02:45+01:00,0.010790
2026-02-23 03:00+01:00,0.008656
2026-02-23 03:15+01:00,0.008648
2026-02-23 03:30+01:00,0.010406
2026-02-23 03:45+01:00,0.005425
2026-02-23 04:00+01:00,0.007807
2026-02-23 04:15+01:00,0.008616
2026-02-23 04:30+01:00,0.008903
2026-02-23 04:45+01:00,0.008987
2026-02-23 05:00+01:00,0.000000
2026-02-23 05:15+01:00,0.008630
2026-02-23 05:30+01:00,0.006896
2026-02-23 05:45+01:00,0.010228
2026-02-23 06:00+01:00,0.011712
2026-02-23 06:15+01:00,0.009767
2026-02-23 06:30+01:00,0.009310
2026-02-23 06:45+01:00,0.009237
2026-02-23 07:00+01:00,0.117880
2026-02-23 07:15+01:00,0.126816
2026-02-23 07:30+01:00,0.133292
2026-02-23 07:45+01:00,0.133155
2026-02-23 08:00+01:00,0.131666
2026-02-23 08:15+01:00,0.125340
2026-02-23 08:30+01:00,0.124618
2026-02-23 08:45+01:00,0.138045
2026-02-23 09:00+01:00,0.126676
2026-02-23 09:15+01:00,0.129084
2026-02-23 09:30+01:00,0.126355
2026-02-23 09:45+01:00,0.127996
2026-02-23 10:00+01:00,0.125107
2026-02-23 10:15+01:00,0.124571
2026-02-23 10:30+01:00,0.133093
2026-02-23 10:45+01:00,0.121751
2026-02-23 11:00+01:00,0.134427
2026-02-23 11:15+01:00,0.128534
2026-02-23 11:30+01:00,0.123304
2026-02-23 11:45+01:00,0.121272
2026-02-23 12:00+01:00,0.125794
2026-02-23 12:15+01:00,0.129780
2026-02-23 12:30+01:00,0.121715
2026-02-23 12:45+01:00,0.119994
2026-02-23 13:00+01:00,0.128304
2026-02-23 13:15+01:00,0.128750
2026-02-23 13:30+01:00,0.116911
2026-02-23 13:45+01:00,0.127748
2026-02-23 14:00+01:00,0.120616
2026-02-23 14:15+01:00,0.129094
2026-02-23 14:30+01:00,0.127354
2026-02-23 14:45+01:00,0.113578
2026-02-23 15:00+01:00,0.129989
2026-02-23 15:15+01:00,0.122722
2026-02-23 15:30+01:00,0.132353
2026-02-23 15:45+01:00,0.121836
2026-02-23 16:00+01:00,0.124104
2026-02-23 16:15+01:00,0.133017
2026-02-23 16:30+01:00,0.143310
2026-02-23 16:45+01:00,0.127615
2026-02-23 17:00+01:00,0.136520
2026-02-23 17:15+01:00,0.124408
2026-02-23 17:30+01:00,0.124844
2026-02-23 17:45+01:00,0.119942
2026-02-23 18:00+01:00,0.008315
2026-02-23 18:15+01:00,0.010144
2026-02-23 18:30+01:00,0.008351
2026-02-23 18:45+01:00,0.010178
2026-02-23 19:00+01:00,0.006709
2026-02-23 19:15+01:00,0.008143
2026-02-23 19:30+01:00,0.006807
2026-02-23 19:45+01:00,0.007585
2026-02-23 20:00+01:00,0.009622
2026-02-23 20:15+01:00,0.011803
2026-02-23 20:30+01:00,0.012920
2026-02-23 20:45+01:00,0.008609
2026-02-23 21:00+01:00,0.009272
2026-02-23 21:15+01:00,0.006662
2026-02-23 21:30+01:00,0.007469
2026-02-23 21:45+01:00,0.007755
2026-02-23 22:00+01:00,0.009356
2026-02-23 22:15+01:00,0.008796
2026-02-23 22:30+01:00,0.007500
2026-02-23 22:45+01:00,0.012283
2026-02-23 23:00+01:00,0.008241
2026-02-23 23:15+01:00,0.010675
2026-02-23 23:30+01:00,
2026-02-23 23:45+01:00,0.006744
2026-02-24 00:00+01:00,0.008804
2026-02-24 00:15+01:00,0.007814
2026-02-24 00:30+01:00,0.009906
2026-02-24 00:45+01:00,0.007200
2026-02-24 01:00+01:00,0.010276
2026-02-24 01:15+01:00,0.010806
2026-02-24 01:30+01:00,0.006882
2026-02-24 01:45+01:00,0.009100
2026-02-24 02:00+01:00,0.007144
2026-02-24 02:15+01:00,0.007895
2026-02-24 02:30+01:00,0.006805
2026-02-24 02:45+01:00,0.009676
2026-02-24 03:00+01:00,0.009658
2026-02-24 03:15+01:00,0.006951
2026-02-24 03:30+01:00,0.007961
2026-02-24 03:45+01:00,0.010302
2026-02-24 04:00+01:00,0.008154
2026-02-24 04:15+01:00,0.008282
2026-02-24 04:30+01:00,0.008742
2026-02-24 04:45+01:00,0.010367
2026-02-24 05:00+01:00,0.010765
2026-02-24 05:15+01:00,0.009407
2026-02-24 05:30+01:00,0.009547
2026-02-24 05:45+01:00,0.007432
2026-02-24 06:00+01:00,0.010949
2026-02-24 06:15+01:00,0.009333
2026-02-24 06:30+01:00,0.005763
2026-02-24 06:45+01:00,0.006899
2026-02-24 07:00+01:00,0.117160
2026-02-24 07:15+01:00,0.120509
2026-02-24 07:30+01:00,0.126146
2026-02-24 07:45+01:00,0.127625
2026-02-24 08:00+01:00,0.141980
2026-02-24 08:15+01:00,0.129864
2026-02-24 08:30+01:00,0.121653
2026-02-24 08:45+01:00,0.133829
2026-02-24 09:00+01:00,0.126950
2026-02-24 09:15+01:00,0.135282
2026-02-24 09:30+01:00,0.127076
2026-02-24 09:45+01:00,0.124522
2026-02-24 10:00+01:00,0.119276
2026-02-24 10:15+01:00,0.126615
2026-02-24 10:30+01:00,0.126879
2026-02-24 10:45+01:00,0.122925
2026-02-24 11:00+01:00,0.129373
2026-02-24 11:15+01:00,0.123414
2026-02-24 11:30+01:00,0.120386
2026-02-24 11:45+01:00,0.124581
2026-02-24 12:00+01:00,0.120031
2026-02-24 12:15+01:00,0.116357
2026-02-24 12:30+01:00,0.124319
2026-02-24 12:45+01:00,0.124597
2026-02-24 13:00+01:00,0.130044
2026-02-24 13:15+01:00,0.126110
2026-02-24 13:30+01:00,0.136521
2026-02-24 13:45+01:00,0.119689
2026-02-24 14:00+01:00,0.125343
2026-02-24 14:15+01:00,0.127705
2026-02-24 14:30+01:00,0.132059
2026-02-24 14:45+01:00,0.116140
2026-02-24 15:00+01:00,0.122392
2026-02-24 15:15+01:00,0.128574
2026-02-24 15:30+01:00,0.139520
2026-02-24 15:45+01:00,0.121771
2026-02-24 16:00+01:00,0.110635
2026-02-24 16:15+01:00,0.123653
2026-02-24 16:30+01:00,0.135199
2026-02-24 16:45+01:00,0.123388
2026-02-24 17:00+01:00,0.135965
2026-02-24 17:15+01:00,0.115044
2026-02-24 17:30+01:00,0.127337
2026-02-24 17:45+01:00,0.127525
2026-02-24 18:00+01:00,0.007570
2026-02-24 18:15+01:00,0.007722
2026-02-24 18:30+01:00,0.009112
2026-02-24 18:45+01:00,0.008709
2026-02-24 19:00+01:00,0.008905
2026-02-24 19:15+01:00,0.008225
2026-02-24 19:30+01:00,0.008656
2026-02-24 19:45+01:00,0.008613
2026-02-24 20:00+01:00,0.008846
2026-02-24 20:15+01:00,0.006463
2026-02-24 20:30+01:00,0.011045
2026-02-24 20:45+01:00,0.008802
2026-02-24 21:00+01:00,0.009200
2026-02-24 21:15+01:00,0.005659
2026-02-24 21:30+01:00,0.008174
2026-02-24 21:45+01:00,0.010041
2026-02-24 22:00+01:00,0.007214
2026-02-24 22:15+01:00,
2026-02-24 22:30+01:00,0.011105
2026-02-24 22:45+01:00,0.008778
2026-02-24 23:00+01:00,0.009124
2026-02-24 23:15+01:00,0.007723
2026-02-24 23:30+01:00,0.010546
2026-02-24 23:45+01:00,0.006256
2026-02-25 00:00+01:00,0.008979
2026-02-25 00:15+01:00,0.000000
2026-02-25 00:30+01:00,0.007638
2026-02-25 00:45+01:00,0.008074
2026-02-25 01:00+01:00,0.008901
2026-02-25 01:15+01:00,0.008594
2026-02-25 01:30+01:00,0.007057
2026-02-25 01:45+01:00,0.008789
2026-02-25 02:00+01:00,0.008300
2026-02-25 02:15+01:00,0.007687
2026-02-25 02:30+01:00,0.006971
2026-02-25 02:45+01:00,
2026-02-25 03:00+01:00,0.010855
2026-02-25 03:15+01:00,0.009970
2026-02-25 03:30+01:00,0.008910
2026-02-25 03:45+01:00,0.005560
2026-02-25 04:00+01:00,0.009545
2026-02-25 04:15+01:00,0.006859
2026-02-25 04:30+01:00,0.008634
2026-02-25 04:45+01:00,0.007737
2026-02-25 05:00+01:00,0.011673
2026-02-25 05:15+01:00,0.008074
2026-02-25 05:30+01:00,0.007127
2026-02-25 05:45+01:00,0.006078
2026-02-25 06:00+01:00,0.008993
2026-02-25 06:15+01:00,0.007962
2026-02-25 06:30+01:00,0.006927
2026-02-25 06:45+01:00,0.008512
2026-02-25 07:00+01:00,0.122197
2026-02-25 07:15+01:00,0.118464
2026-02-25 07:30+01:00,0.135814
2026-02-25 07:45+01:00,0.130845
2026-02-25 08:00+01:00,0.127704
2026-02-25 08:15+01:00,0.118905
2026-02-25 08:30+01:00,0.120060
2026-02-25 08:45+01:00,0.131553
2026-02-25 09:00+01:00,0.127219
2026-02-25 09:15+01:00,0.122509
2026-02-25 09:30+01:00,0.127553
2026-02-25 09:45+01:00,0.114975
2026-02-25 10:00+01:00,0.129705
2026-02-25 10:15+01:00,
2026-02-25 10:30+01:00,0.121657
2026-02-25 10:45+01:00,0.125169
2026-02-25 11:00+01:00,0.117068
2026-02-25 11:15+01:00,0.118996
2026-02-25 11:30+01:00,0.123938
2026-02-25 11:45+01:00,0.124442
2026-02-25 12:00+01:00,0.131586
2026-02-25 12:15+01:00,0.123442
2026-02-25 12:30+01:00,0.128632
2026-02-25 12:45+01:00,0.134277
2026-02-25 13:00+01:00,0.127607
2026-02-25 13:15+01:00,0.126895
2026-02-25 13:30+01:00,0.132512
2026-02-25 13:45+01:00,0.125779
2026-02-25 14:00+01:00,0.122856
2026-02-25 14:15+01:00,0.140857
2026-02-25 14:30+01:00,0.130600
2026-02-25 14:45+01:00,0.128079
2026-02-25 15:00+01:00,0.128033
2026-02-25 15:15+01:00,0.120786
2026-02-25 15:30+01:00,0.121739
2026-02-25 15:45+01:00,0.127802
2026-02-25 16:00+01:00,0.129141
2026-02-25 16:15+01:00,0.114717
2026-02-25 16:30+01:00,0.115453
2026-02-25 16:45+01:00,0.131936
2026-02-25 17:00+01:00,0.123909
2026-02-25 17:15+01:00,0.118193
2026-02-25 17:30+01:00,0.128500
2026-02-25 17:45+01:00,0.127275
2026-02-25 18:00+01:00,0.007930
2026-02-25 18:15+01:00,0.007568
2026-02-25 18:30+01:00,0.009436
2026-02-25 18:45+01:00,0.009832
2026-02-25 19:00+01:00,0.009691
2026-02-25 19:15+01:00,0.008506
2026-02-25 19:30+01:00,0.012113
2026-02-25 19:45+01:00,0.007480
2026-02-25 20:00+01:00,0.008997
2026-02-25 20:15+01:00,0.010074
2026-02-25 20:30+01:00,0.010558
2026-02-25 20:45+01:00,0.006664
2026-02-25 21:00+01:00,0.011837
2026-02-25 21:15+01:00,0.008168
2026-02-25 21:30+01:00,0.011009
2026-02-25 21:45+01:00,0.008034
2026-02-25 22:00+01:00,0.008873
2026-02-25 22:15+01:00,0.009798
2026-02-25 22:30+01:00,0.009476
2026-02-25 22:45+01:00,0.010056
2026-02-25 23:00+01:00,0.007224
2026-02-25 23:15+01:00,0.009542
2026-02-25 23:30+01:00,0.007864
2026-02-25 23:45+01:00,0.000000
2026-02-26 00:00+01:00,0.000000
2026-02-26 00:15+01:00,0.010136
2026-02-26 00:30+01:00,0.010942
2026-02-26 00:45+01:00,0.000000
2026-02-26 01:00+01:00,0.011799
2026-02-26 01:15+01:00,0.009935
2026-02-26 01:30+01:00,0.004728
2026-02-26 01:45+01:00,0.006068
2026-02-26 02:00+01:00,0.008419
2026-02-26 02:15+01:00,0.008471
2026-02-26 02:30+01:00,0.008583
2026-02-26 02:45+01:00,0.008969
2026-02-26 03:00+01:00,0.007342
2026-02-26 03:15+01:00,0.004332
2026-02-26 03:30+01:00,0.006070
2026-02-26 03:45+01:00,0.010268
2026-02-26 04:00+01:00,0.011125
2026-02-26 04:15+01:00,0.006992
2026-02-26 04:30+01:00,0.000000
2026-02-26 04:45+01:00,0.008483
2026-02-26 05:00+01:00,0.008055
2026-02-26 05:15+01:00,0.005738
2026-02-26 05:30+01:00,0.007913
2026-02-26 05:45+01:00,0.000000
2026-02-26 06:00+01:00,0.008911
2026-02-26 06:15+01:00,0.008812
2026-02-26 06:30+01:00,0.010671
2026-02-26 06:45+01:00,0.008333
2026-02-26 07:00+01:00,0.108072
2026-02-26 07:15+01:00,0.110308
2026-02-26 07:30+01:00,0.131029
2026-02-26 07:45+01:00,0.130063
2026-02-26 08:00+01:00,0.126645
2026-02-26 08:15+01:00,0.129754
2026-02-26 08:30+01:00,0.118468
2026-02-26 08:45+01:00,0.125932
2026-02-26 09:00+01:00,0.126427
2026-02-26 09:15+01:00,0.113846
2026-02-26 09:30+01:00,0.129311
2026-02-26 09:45+01:00,0.123437
2026-02-26 10:00+01:00,0.117952
2026-02-26 10:15+01:00,0.120991
2026-02-26 10:30+01:00,0.132263
2026-02-26 10:45+01:00,0.125778
2026-02-26 11:00+01:00,0.119387
2026-02-26 11:15+01:00,0.125249
2026-02-26 11:30+01:00,0.128722
2026-02-26 11:45+01:00,0.117519
2026-02-26 12:00+01:00,0.126483
2026-02-26 12:15+01:00,0.131598
2026-02-26 12:30+01:00,0.121898
2026-02-26 12:45+01:00,0.128291
2026-02-26 13:00+01:00,0.118560
2026-02-26 13:15+01:00,0.129125
2026-02-26 13:30+01:00,0.132725
2026-02-26 13:45+01:00,0.126781
2026-02-26 14:00+01:00,0.122001
2026-02-26 14:15+01:00,0.128580
2026-02-26 14:30+01:00,0.118195
2026-02-26 14:45+01:00,0.133790
2026-02-26 15:00+01:00,0.121083
2026-02-26 15:15+01:00,0.136260
2026-02-26 15:30+01:00,0.122861
2026-02-26 15:45+01:00,0.126926
2026-02-26 16:00+01:00,0.132045
2026-02-26 16:15+01:00,0.119643
2026-02-26 16:30+01:00,0.134753
2026-02-26 16:45+01:00,0.131946
2026-02-26 17:00+01:00,0.124469
2026-02-26 17:15+01:00,0.121382
2026-02-26 17:30+01:00,0.111920
2026-02-26 17:45+01:00,0.120514
2026-02-26 18:00+01:00,0.008457
2026-02-26 18:15+01:00,0.010385
2026-02-26 18:30+01:00,0.006777
2026-02-26 18:45+01:00,0.007638
2026-02-26 19:00+01:00,0.009042
2026-02-26 19:15+01:00,0.000000
2026-02-26 19:30+01:00,0.012972
2026-02-26 19:45+01:00,0.006732
2026-02-26 20:00+01:00,0.009557
2026-02-26 20:15+01:00,0.010892
2026-02-26 20:30+01:00,0.008968
2026-02-26 20:45+01:00,0.007839
2026-02-26 21:00+01:00,0.000000
2026-02-26 21:15+01:00,0.010981
2026-02-26 21:30+01:00,0.008745
2026-02-26 21:45+01:00,0.008672
2026-02-26 22:00+01:00,0.010078
2026-02-26 22:15+01:00,0.000000
2026-02-26 22:30+01:00,0.008007
2026-02-26 22:45+01:00,0.009597
2026-02-26 23:00+01:00,0.008473
2026-02-26 23:15+01:00,0.010069
2026-02-26 23:30+01:00,0.009506
2026-02-26 23:45+01:00,0.005769
2026-02-27 00:00+01:00,0.009294
2026-02-27 00:15+01:00,0.008679
2026-02-27 00:30+01:00,0.011120
2026-02-27 00:45+01:00,0.007833
2026-02-27 01:00+01:00,0.007738
2026-02-27 01:15+01:00,0.007033
2026-02-27 01:30+01:00,0.008960
2026-02-27 01:45+01:00,0.008716
2026-02-27 02:00+01:00,0.008540
2026-02-27 02:15+01:00,0.000000
2026-02-27 02:30+01:00,0.011216
2026-02-27 02:45+01:00,0.007015
2026-02-27 03:00+01:00,0.008774
2026-02-27 03:15+01:00,0.009415
2026-02-27 03:30+01:00,0.010318
2026-02-27 03:45+01:00,0.005604
2026-02-27 04:00+01:00,0.009566
2026-02-27 04:15+01:00,0.009818
2026-02-27 04:30+01:00,0.006817
2026-02-27 04:45+01:00,0.008560
2026-02-27 05:00+01:00,0.009560
2026-02-27 05:15+01:00,0.008265
2026-02-27 05:30+01:00,0.009185
2026-02-27 05:45+01:00,0.009489
2026-02-27 06:00+01:00,0.008625
2026-02-27 06:15+01:00,0.008867
2026-02-27 06:30+01:00,0.008580
2026-02-27 06:45+01:00,0.011220
2026-02-27 07:00+01:00,0.123451
2026-02-27 07:15+01:00,0.125944
2026-02-27 07:30+01:00,0.128481
2026-02-27 07:45+01:00,0.133786
2026-02-27 08:00+01:00,0.111808
2026-02-27 08:15+01:00,0.114426
2026-02-27 08:30+01:00,0.117452
2026-02-27 08:45+01:00,0.141744
2026-02-27 09:00+01:00,0.133617
2026-02-27 09:15+01:00,0.125307
2026-02-27 09:30+01:00,0.124984
2026-02-27 09:45+01:00,0.137079
2026-02-27 10:00+01:00,0.122918
2026-02-27 10:15+01:00,0.124242
2026-02-27 10:30+01:00,0.129661
2026-02-27 10:45+01:00,0.127348
2026-02-27 11:00+01:00,0.124741
2026-02-27 11:15+01:00,0.125171
2026-02-27 11:30+01:00,0.129337
2026-02-27 11:45+01:00,0.130985
2026-02-27 12:00+01:00,0.124005
2026-02-27 12:15+01:00,0.124001
2026-02-27 12:30+01:00,0.123262
2026-02-27 12:45+01:00,
2026-02-27 13:00+01:00,0.134040
2026-02-27 13:15+01:00,0.130942
2026-02-27 13:30+01:00,0.123150
2026-02-27 13:45+01:00,0.126682
2026-02-27 14:00+01:00,0.117764
2026-02-27 14:15+01:00,0.122665
2026-02-27 14:30+01:00,0.116285
2026-02-27 14:45+01:00,0.128609
2026-02-27 15:00+01:00,0.124051
2026-02-27 15:15+01:00,0.121302
2026-02-27 15:30+01:00,0.132555
2026-02-27 15:45+01:00,0.128011
2026-02-27 16:00+01:00,0.122185
2026-02-27 16:15+01:00,0.120271
2026-02-27 16:30+01:00,0.119677
2026-02-27 16:45+01:00,0.134874
2026-02-27 17:00+01:00,0.128766
2026-02-27 17:15+01:00,0.131398
2026-02-27 17:30+01:00,0.127747
2026-02-27 17:45+01:00,0.123289
2026-02-27 18:00+01:00,0.009098
2026-02-27 18:15+01:00,0.008534
2026-02-27 18:30+01:00,0.007492
2026-02-27 18:45+01:00,0.008293
2026-02-27 19:00+01:00,0.009645
2026-02-27 19:15+01:00,0.009859
2026-02-27 19:30+01:00,0.008799
2026-02-27 19:45+01:00,0.009640
2026-02-27 20:00+01:00,0.008870
2026-02-27 20:15+01:00,0.009107
2026-02-27 20:30+01:00,0.009595
2026-02-27 20:45+01:00,0.000000
2026-02-27 21:00+01:00,0.007097
2026-02-27 21:15+01:00,0.009055
2026-02-27 21:30+01:00,0.008594
2026-02-27 21:45+01:00,0.010207
2026-02-27 22:00+01:00,0.008833
2026-02-27 22:15+01:00,0.010805
2026-02-27 22:30+01:00,0.009759
2026-02-27 22:45+01:00,0.008645
2026-02-27 23:00+01:00,0.010491
2026-02-27 23:15+01:00,0.011402
2026-02-27 23:30+01:00,0.009403
2026-02-27 23:45+01:00,0.008347
2026-02-28 00:00+01:00,0.007376
2026-02-28 00:15+01:00,0.003399
2026-02-28 00:30+01:00,0.004419
2026-02-28 00:45+01:00,0.003339
2026-02-28 01:00+01:00,0.004755
2026-02-28 01:15+01:00,0.003896
2026-02-28 01:30+01:00,0.003927
2026-02-28 01:45+01:00,0.003494
2026-02-28 02:00+01:00,0.003833
2026-02-28 02:15+01:00,0.005046
2026-02-28 02:30+01:00,
2026-02-28 02:45+01:00,0.004268
2026-02-28 03:00+01:00,0.003975
2026-02-28 03:15+01:00,0.003929
2026-02-28 03:30+01:00,0.003970
2026-02-28 03:45+01:00,0.004115
2026-02-28 04:00+01:00,
2026-02-28 04:15+01:00,0.003478
2026-02-28 04:30+01:00,0.003162
2026-02-28 04:45+01:00,0.003172
2026-02-28 05:00+01:00,0.004041
2026-02-28 05:15+01:00,0.004355
2026-02-28 05:30+01:00,0.004194
2026-02-28 05:45+01:00,0.004346
2026-02-28 06:00+01:00,0.003485
2026-02-28 06:15+01:00,0.003956
2026-02-28 06:30+01:00,0.003654
2026-02-28 06:45+01:00,0.000000
2026-02-28 07:00+01:00,0.005874
2026-02-28 07:15+01:00,0.003790
2026-02-28 07:30+01:00,0.004276
2026-02-28 07:45+01:00,0.002987
2026-02-28 08:00+01:00,0.003581
2026-02-28 08:15+01:00,0.004190
2026-02-28 08:30+01:00,0.003648
2026-02-28 08:45+01:00,0.003556
2026-02-28 09:00+01:00,0.003842
2026-02-28 09:15+01:00,0.004098
2026-02-28 09:30+01:00,0.003832
2026-02-28 09:45+01:00,0.004143
2026-02-28 10:00+01:00,0.004829
2026-02-28 10:15+01:00,0.003405
2026-02-28 10:30+01:00,0.000000
2026-02-28 10:45+01:00,0.003375
2026-02-28 11:00+01:00,0.005288
2026-02-28 11:15+01:00,0.004864
2026-02-28 11:30+01:00,0.004128
2026-02-28 11:45+01:00,0.002870
2026-02-28 12:00+01:00,0.003617
2026-02-28 12:15+01:00,0.004317
2026-02-28 12:30+01:00,0.003162
2026-02-28 12:45+01:00,0.003489
2026-02-28 13:00+01:00,0.003089
2026-02-28 13:15+01:00,0.003544
2026-02-28 13:30+01:00,0.003493
2026-02-28 13:45+01:00,0.003194
2026-02-28 14:00+01:00,0.003757
2026-02-28 14:15+01:00,0.003855
2026-02-28 14:30+01:00,0.003680
2026-02-28 14:45+01:00,0.003960
2026-02-28 15:00+01:00,0.003318
2026-02-28 15:15+01:00,0.005955
2026-02-28 15:30+01:00,0.000000
2026-02-28 15:45+01:00,0.003811
2026-02-28 16:00+01:00,0.003736
2026-02-28 16:15+01:00,0.003323
2026-02-28 16:30+01:00,0.003761
2026-02-28 16:45+01:00,0.003562
2026-02-28 17:00+01:00,0.003858
2026-02-28 17:15+01:00,0.004023
2026-02-28 17:30+01:00,0.003255
2026-02-28 17:45+01:00,0.003589
2026-02-28 18:00+01:00,0.003708
2026-02-28 18:15+01:00,0.004440
2026-02-28 18:30+01:00,0.003526
2026-02-28 18:45+01:00,0.003366
2026-02-28 19:00+01:00,0.003022
2026-02-28 19:15+01:00,0.004972
2026-02-28 19:30+01:00,0.004372
2026-02-28 19:45+01:00,0.000000
2026-02-28 20:00+01:00,0.005162
2026-02-28 20:15+01:00,0.004610
2026-02-28 20:30+01:00,0.004072
2026-02-28 20:45+01:00,0.000000
2026-02-28 21:00+01:00,0.004722
2026-02-28 21:15+01:00,0.004800
2026-02-28 21:30+01:00,0.003801
2026-02-28 21:45+01:00,0.004406
2026-02-28 22:00+01:00,0.004823
2026-02-28 22:15+01:00,0.004221
2026-02-28 22:30+01:00,0.004108
2026-02-28 22:45+01:00,0.004775
2026-02-28 23:00+01:00,0.003509
2026-02-28 23:15+01:00,0.004177
2026-02-28 23:30+01:00,0.004275
2026-02-28 23:45+01:00,0.000000
2026-03-01 00:00+01:00,0.005010
2026-03-01 00:15+01:00,0.004012
2026-03-01 00:30+01:00,0.004085
2026-03-01 00:45+01:00,0.002879
2026-03-01 01:00+01:00,0.003634
2026-03-01 01:15+01:00,0.004744
2026-03-01 01:30+01:00,
2026-03-01 01:45+01:00,0.003878
2026-03-01 02:00+01:00,0.003884
2026-03-01 02:15+01:00,0.003542
2026-03-01 02:30+01:00,0.004219
2026-03-01 02:45+01:00,0.004159
2026-03-01 03:00+01:00,0.002814
2026-03-01 03:15+01:00,0.004265
2026-03-01 03:30+01:00,0.002405
2026-03-01 03:45+01:00,0.003878
2026-03-01 04:00+01:00,0.003253
2026-03-01 04:15+01:00,0.004514
2026-03-01 04:30+01:00,0.004411
2026-03-01 04:45+01:00,0.002548
2026-03-01 05:00+01:00,0.004410
2026-03-01 05:15+01:00,0.003487
2026-03-01 05:30+01:00,0.003997
2026-03-01 05:45+01:00,0.003657
2026-03-01 06:00+01:00,0.002988
2026-03-01 06:15+01:00,0.004177
2026-03-01 06:30+01:00,0.003796
2026-03-01 06:45+01:00,0.003370
2026-03-01 07:00+01:00,0.003934
2026-03-01 07:15+01:00,0.000000
2026-03-01 07:30+01:00,0.003796
2026-03-01 07:45+01:00,0.004351
2026-03-01 08:00+01:00,0.004724
2026-03-01 08:15+01:00,0.003904
2026-03-01 08:30+01:00,0.000000
2026-03-01 08:45+01:00,0.002699
2026-03-01 09:00+01:00,0.003403
2026-03-01 09:15+01:00,0.000000
2026-03-01 09:30+01:00,0.004037
2026-03-01 09:45+01:00,0.003679
2026-03-01 10:00+01:00,0.003764
2026-03-01 10:15+01:00,0.004015
2026-03-01 10:30+01:00,0.003513
2026-03-01 10:45+01:00,0.003290
2026-03-01 11:00+01:00,0.003836
2026-03-01 11:15+01:00,0.003512
2026-03-01 11:30+01:00,0.004034
2026-03-01 11:45+01:00,0.004040
2026-03-01 12:00+01:00,0.003913
2026-03-01 12:15+01:00,0.003687
2026-03-01 12:30+01:00,0.003879
2026-03-01 12:45+01:00,0.004268
2026-03-01 13:00+01:00,0.002697
2026-03-01 13:15+01:00,0.003718
2026-03-01 13:30+01:00,0.002199
2026-03-01 13:45+01:00,0.004305
2026-03-01 14:00+01:00,0.005434
2026-03-01 14:15+01:00,0.004347
2026-03-01 14:30+01:00,0.000000
2026-03-01 14:45+01:00,0.003460
2026-03-01 15:00+01:00,0.004036
2026-03-01 15:15+01:00,0.003547
2026-03-01 15:30+01:00,0.003478
2026-03-01 15:45+01:00,0.003915
2026-03-01 16:00+01:00,0.003023
2026-03-01 16:15+01:00,0.003584
2026-03-01 16:30+01:00,0.004376
2026-03-01 16:45+01:00,0.000000
2026-03-01 17:00+01:00,0.003705
2026-03-01 17:15+01:00,0.004841
2026-03-01 17:30+01:00,0.002682
2026-03-01 17:45+01:00,0.004578
2026-03-01 18:00+01:00,0.002404
2026-03-01 18:15+01:00,
2026-03-01 18:30+01:00,0.003287
2026-03-01 18:45+01:00,0.004210
2026-03-01 19:00+01:00,0.002189
2026-03-01 19:15+01:00,0.004595
2026-03-01 19:30+01:00,0.004578
2026-03-01 19:45+01:00,0.004429
2026-03-01 20:00+01:00,0.003158
2026-03-01 20:15+01:00,0.004343
2026-03-01 20:30+01:00,0.004030
2026-03-01 20:45+01:00,0.004833
2026-03-01 21:00+01:00,0.003068
2026-03-01 21:15+01:00,0.004070
2026-03-01 21:30+01:00,0.004654
2026-03-01 21:45+01:00,0.004423
2026-03-01 22:00+01:00,0.005251
2026-03-01 22:15+01:00,0.003393
2026-03-01 22:30+01:00,0.003129
2026-03-01 22:45+01:00,0.004793
2026-03-01 23:00+01:00,0.003704
2026-03-01 23:15+01:00,0.004353
2026-03-01 23:30+01:00,0.003360
2026-03-01 23:45+01:00,0.004294
2026-03-02 00:00+01:00,0.003117
2026-03-02 00:15+01:00,0.009680
2026-03-02 00:30+01:00,0.007579
2026-03-02 00:45+01:00,0.007175
2026-03-02 01:00+01:00,0.007770
2026-03-02 01:15+01:00,0.009043
2026-03-02 01:30+01:00,0.007983
2026-03-02 01:45+01:00,0.005893
2026-03-02 02:00+01:00,0.007941
2026-03-02 02:15+01:00,0.007716
2026-03-02 02:30+01:00,0.007774
2026-03-02 02:45+01:00,0.009535
2026-03-02 03:00+01:00,0.000000
2026-03-02 03:15+01:00,0.007009
2026-03-02 03:30+01:00,0.006565
2026-03-02 03:45+01:00,0.009729
2026-03-02 04:00+01:00,0.009659
2026-03-02 04:15+01:00,0.008632
2026-03-02 04:30+01:00,0.008913
2026-03-02 04:45+01:00,0.007326
2026-03-02 05:00+01:00,0.007894
2026-03-02 05:15+01:00,0.007247
2026-03-02 05:30+01:00,0.011500
2026-03-02 05:45+01:00,0.007414
2026-03-02 06:00+01:00,0.008647
2026-03-02 06:15+01:00,0.011605
2026-03-02 06:30+01:00,0.009855
2026-03-02 06:45+01:00,0.007960
2026-03-02 07:00+01:00,0.112679
2026-03-02 07:15+01:00,0.126540
2026-03-02 07:30+01:00,0.117923
2026-03-02 07:45+01:00,0.132660
2026-03-02 08:00+01:00,0.129021
2026-03-02 08:15+01:00,0.118547
2026-03-02 08:30+01:00,0.114285
2026-03-02 08:45+01:00,0.117990
2026-03-02 09:00+01:00,0.122927
2026-03-02 09:15+01:00,0.126169
2026-03-02 09:30+01:00,0.132074
2026-03-02 09:45+01:00,0.128591
2026-03-02 10:00+01:00,0.118143
2026-03-02 10:15+01:00,0.118914
2026-03-02 10:30+01:00,0.135752
2026-03-02 10:45+01:00,0.130449
2026-03-02 11:00+01:00,0.125862
2026-03-02 11:15+01:00,0.125773
2026-03-02 11:30+01:00,0.130219
2026-03-02 11:45+01:00,0.131377
2026-03-02 12:00+01:00,
2026-03-02 12:15+01:00,0.118487
2026-03-02 12:30+01:00,
2026-03-02 12:45+01:00,0.122486
2026-03-02 13:00+01:00,0.127909
2026-03-02 13:15+01:00,0.128163
2026-03-02 13:30+01:00,0.130783
2026-03-02 13:45+01:00,0.129705
2026-03-02 14:00+01:00,0.121296
2026-03-02 14:15+01:00,0.118174
2026-03-02 14:30+01:00,0.120886
2026-03-02 14:45+01:00,0.119671
2026-03-02 15:00+01:00,0.111527
2026-03-02 15:15+01:00,0.127164
2026-03-02 15:30+01:00,0.129617
2026-03-02 15:45+01:00,0.121211
2026-03-02 16:00+01:00,0.132661
2026-03-02 16:15+01:00,0.128129
2026-03-02 16:30+01:00,0.133781
2026-03-02 16:45+01:00,0.106844
2026-03-02 17:00+01:00,0.125006
2026-03-02 17:15+01:00,0.127626
2026-03-02 17:30+01:00,0.117376
2026-03-02 17:45+01:00,0.123051
2026-03-02 18:00+01:00,
2026-03-02 18:15+01:00,0.007219
2026-03-02 18:30+01:00,0.011746
2026-03-02 18:45+01:00,0.008753
2026-03-02 19:00+01:00,0.010509
2026-03-02 19:15+01:00,0.008920
2026-03-02 19:30+01:00,
2026-03-02 19:45+01:00,0.010683
2026-03-02 20:00+01:00,0.010019
2026-03-02 20:15+01:00,0.010934
2026-03-02 20:30+01:00,0.008676
2026-03-02 20:45+01:00,0.009504
2026-03-02 21:00+01:00,0.009940
2026-03-02 21:15+01:00,0.008435
2026-03-02 21:30+01:00,0.008445
2026-03-02 21:45+01:00,0.011215
2026-03-02 22:00+01:00,0.004872
2026-03-02 22:15+01:00,0.005214
2026-03-02 22:30+01:00,0.008407
2026-03-02 22:45+01:00,0.009158
2026-03-02 23:00+01:00,0.008228
2026-03-02 23:15+01:00,0.007987
2026-03-02 23:30+01:00,0.006856
2026-03-02 23:45+01:00,0.007444
2026-03-03 00:00+01:00,0.007610
2026-03-03 00:15+01:00,0.010124
2026-03-03 00:30+01:00,0.007116
2026-03-03 00:45+01:00,0.007880
2026-03-03 01:00+01:00,0.006977
2026-03-03 01:15+01:00,0.008615
2026-03-03 01:30+01:00,0.009802
2026-03-03 01:45+01:00,0.008878
2026-03-03 02:00+01:00,0.008384
2026-03-03 02:15+01:00,0.009859
2026-03-03 02:30+01:00,0.000000
2026-03-03 02:45+01:00,0.008439
2026-03-03 03:00+01:00,0.005759
2026-03-03 03:15+01:00,0.009352
2026-03-03 03:30+01:00,0.006968
2026-03-03 03:45+01:00,0.007438
2026-03-03 04:00+01:00,0.006728
2026-03-03 04:15+01:00,0.007524
2026-03-03 04:30+01:00,0.010637
2026-03-03 04:45+01:00,0.006525
2026-03-03 05:00+01:00,0.008546
2026-03-03 05:15+01:00,0.007391
2026-03-03 05:30+01:00,0.008942
2026-03-03 05:45+01:00,0.008813
2026-03-03 06:00+01:00,0.009982
2026-03-03 06:15+01:00,0.008873
2026-03-03 06:30+01:00,0.008851
2026-03-03 06:45+01:00,0.007501
2026-03-03 07:00+01:00,0.136565
2026-03-03 07:15+01:00,0.125742
2026-03-03 07:30+01:00,0.130163
2026-03-03 07:45+01:00,0.126183
2026-03-03 08:00+01:00,0.129266
2026-03-03 08:15+01:00,0.129265
2026-03-03 08:30+01:00,0.119022
2026-03-03 08:45+01:00,0.119766
2026-03-03 09:00+01:00,0.130212
2026-03-03 09:15+01:00,0.131598
2026-03-03 09:30+01:00,0.124822
2026-03-03 09:45+01:00,0.121268
2026-03-03 10:00+01:00,0.127919
2026-03-03 10:15+01:00,0.121754
2026-03-03 10:30+01:00,0.132717
2026-03-03 10:45+01:00,0.120422
2026-03-03 11:00+01:00,0.126285
2026-03-03 11:15+01:00,0.128669
2026-03-03 11:30+01:00,0.119996
2026-03-03 11:45+01:00,0.114626
2026-03-03 12:00+01:00,0.133267
2026-03-03 12:15+01:00,0.138585
2026-03-03 12:30+01:00,0.117053
2026-03-03 12:45+01:00,0.128552
2026-03-03 13:00+01:00,0.132868
2026-03-03 13:15+01:00,0.128832
2026-03-03 13:30+01:00,0.118894
2026-03-03 13:45+01:00,0.124785
2026-03-03 14:00+01:00,0.128411
2026-03-03 14:15+01:00,0.118611
2026-03-03 14:30+01:00,0.128312
2026-03-03 14:45+01:00,0.129883
2026-03-03 15:00+01:00,0.128348
2026-03-03 15:15+01:00,0.124386
2026-03-03 15:30+01:00,0.114246
2026-03-03 15:45+01:00,0.118074
2026-03-03 16:00+01:00,0.123942
2026-03-03 16:15+01:00,0.131173
2026-03-03 16:30+01:00,0.129494
2026-03-03 16:45+01:00,0.115113
2026-03-03 17:00+01:00,0.123662
2026-03-03 17:15+01:00,0.131166
2026-03-03 17:30+01:00,0.134061
2026-03-03 17:45+01:00,0.129580
2026-03-03 18:00+01:00,0.010965
2026-03-03 18:15+01:00,0.008681
2026-03-03 18:30+01:00,0.000000
2026-03-03 18:45+01:00,0.008925
2026-03-03 19:00+01:00,0.006516
2026-03-03 19:15+01:00,0.009956
2026-03-03 19:30+01:00,0.006205
2026-03-03 19:45+01:00,0.010848
2026-03-03 20:00+01:00,0.007021
2026-03-03 20:15+01:00,0.009328
2026-03-03 20:30+01:00,0.009326
2026-03-03 20:45+01:00,0.000000
2026-03-03 21:00+01:00,0.008328
2026-03-03 21:15+01:00,0.009090
2026-03-03 21:30+01:00,0.008371
2026-03-03 21:45+01:00,0.010430
2026-03-03 22:00+01:00,0.007950
2026-03-03 22:15+01:00,0.008939
2026-03-03 22:30+01:00,0.008540
2026-03-03 22:45+01:00,0.009271
2026-03-03 23:00+01:00,0.009793
2026-03-03 23:15+01:00,0.009768
2026-03-03 23:30+01:00,0.007615
2026-03-03 23:45+01:00,0.006405
2026-03-04 00:00+01:00,0.007739
2026-03-04 00:15+01:00,0.007174
2026-03-04 00:30+01:00,0.008383
2026-03-04 00:45+01:00,0.010340
2026-03-04 01:00+01:00,0.009539
2026-03-04 01:15+01:00,0.008443
2026-03-04 01:30+01:00,0.009903
2026-03-04 01:45+01:00,0.006540
2026-03-04 02:00+01:00,0.007598
2026-03-04 02:15+01:00,0.007158
2026-03-04 02:30+01:00,0.008414
2026-03-04 02:45+01:00,0.008641
2026-03-04 03:00+01:00,0.009482
2026-03-04 03:15+01:00,0.009730
2026-03-04 03:30+01:00,0.005388
2026-03-04 03:45+01:00,0.010240
2026-03-04 04:00+01:00,0.008930
2026-03-04 04:15+01:00,0.009304
2026-03-04 04:30+01:00,0.010428
2026-03-04 04:45+01:00,0.007619
2026-03-04 05:00+01:00,0.010512
2026-03-04 05:15+01:00,0.008903
2026-03-04 05:30+01:00,0.008500
2026-03-04 05:45+01:00,0.006111
2026-03-04 06:00+01:00,0.009671
2026-03-04 06:15+01:00,0.006544
2026-03-04 06:30+01:00,0.009692
2026-03-04 06:45+01:00,0.008141
2026-03-04 07:00+01:00,0.121831
2026-03-04 07:15+01:00,0.126908
2026-03-04 07:30+01:00,0.117849
2026-03-04 07:45+01:00,0.117672
2026-03-04 08:00+01:00,0.131333
2026-03-04 08:15+01:00,0.130013
2026-03-04 08:30+01:00,0.121267
2026-03-04 08:45+01:00,0.128853
2026-03-04 09:00+01:00,0.119490
2026-03-04 09:15+01:00,0.121779
2026-03-04 09:30+01:00,0.122786
2026-03-04 09:45+01:00,0.120126
2026-03-04 10:00+01:00,0.126958
2026-03-04 10:15+01:00,0.116785
2026-03-04 10:30+01:00,0.118812
2026-03-04 10:45+01:00,0.121450
2026-03-04 11:00+01:00,0.120766
2026-03-04 11:15+01:00,0.120972
2026-03-04 11:30+01:00,0.133555
2026-03-04 11:45+01:00,0.129296
2026-03-04 12:00+01:00,0.129222
2026-03-04 12:15+01:00,0.131251
2026-03-04 12:30+01:00,0.132812
2026-03-04 12:45+01:00,0.129801
2026-03-04 13:00+01:00,0.128055
2026-03-04 13:15+01:00,0.127082
2026-03-04 13:30+01:00,0.123277
2026-03-04 13:45+01:00,0.119211
2026-03-04 14:00+01:00,0.120861
2026-03-04 14:15+01:00,0.139761
2026-03-04 14:30+01:00,0.120987
2026-03-04 14:45+01:00,0.116015
2026-03-04 15:00+01:00,0.115879
2026-03-04 15:15+01:00,0.136795
2026-03-04 15:30+01:00,0.120617
2026-03-04 15:45+01:00,0.125712
2026-03-04 16:00+01:00,0.135905
2026-03-04 16:15+01:00,0.128180
2026-03-04 16:30+01:00,0.129164
2026-03-04 16:45+01:00,0.119102
2026-03-04 17:00+01:00,0.124314
2026-03-04 17:15+01:00,0.124533
2026-03-04 17:30+01:00,0.123042
2026-03-04 17:45+01:00,0.129768
2026-03-04 18:00+01:00,0.007705
2026-03-04 18:15+01:00,0.010740
2026-03-04 18:30+01:00,0.007749
2026-03-04 18:45+01:00,0.008652
2026-03-04 19:00+01:00,0.009218
2026-03-04 19:15+01:00,0.007782
2026-03-04 19:30+01:00,0.009661
2026-03-04 19:45+01:00,0.008033
2026-03-04 20:00+01:00,0.008390
2026-03-04 20:15+01:00,0.008180
2026-03-04 20:30+01:00,0.008889
2026-03-04 20:45+01:00,0.009191
2026-03-04 21:00+01:00,0.000000
2026-03-04 21:15+01:00,0.008444
2026-03-04 21:30+01:00,0.009254
2026-03-04 21:45+01:00,0.008442
2026-03-04 22:00+01:00,0.010879
2026-03-04 22:15+01:00,0.010766
2026-03-04 22:30+01:00,0.006718
2026-03-04 22:45+01:00,0.008789
2026-03-04 23:00+01:00,0.008094
2026-03-04 23:15+01:00,0.008830
2026-03-04 23:30+01:00,0.000000
2026-03-04 23:45+01:00,0.010168
2026-03-05 00:00+01:00,0.009407
2026-03-05 00:15+01:00,0.007917
2026-03-05 00:30+01:00,0.010006
2026-03-05 00:45+01:00,0.007893
2026-03-05 01:00+01:00,0.011605
2026-03-05 01:15+01:00,0.008952
2026-03-05 01:30+01:00,0.008764
2026-03-05 01:45+01:00,0.000000
2026-03-05 02:00+01:00,0.010875
2026-03-05 02:15+01:00,0.008636
2026-03-05 02:30+01:00,0.000000
2026-03-05 02:45+01:00,0.009049
2026-03-05 03:00+01:00,0.007377
2026-03-05 03:15+01:00,0.009229
2026-03-05 03:30+01:00,0.008519
2026-03-05 03:45+01:00,0.008385
2026-03-05 04:00+01:00,0.008753
2026-03-05 04:15+01:00,0.008065
2026-03-05 04:30+01:00,0.005924
2026-03-05 04:45+01:00,0.009600
2026-03-05 05:00+01:00,0.008041
2026-03-05 05:15+01:00,0.008058
2026-03-05 05:30+01:00,0.007394
2026-03-05 05:45+01:00,0.000000
2026-03-05 06:00+01:00,0.009543
2026-03-05 06:15+01:00,0.011259
2026-03-05 06:30+01:00,0.010475
2026-03-05 06:45+01:00,0.000000
2026-03-05 07:00+01:00,0.120781
2026-03-05 07:15+01:00,0.121993
2026-03-05 07:30+01:00,0.131386
2026-03-05 07:45+01:00,0.133619
2026-03-05 08:00+01:00,0.119070
2026-03-05 08:15+01:00,0.133757
2026-03-05 08:30+01:00,0.131804
2026-03-05 08:45+01:00,0.120778
2026-03-05 09:00+01:00,0.124218
2026-03-05 09:15+01:00,0.119975
2026-03-05 09:30+01:00,0.137625
2026-03-05 09:45+01:00,0.118918
2026-03-05 10:00+01:00,0.133515
2026-03-05 10:15+01:00,0.132240
2026-03-05 10:30+01:00,0.124517
2026-03-05 10:45+01:00,0.130994
2026-03-05 11:00+01:00,0.131589
2026-03-05 11:15+01:00,0.124722
2026-03-05 11:30+01:00,0.130950
2026-03-05 11:45+01:00,0.136142
2026-03-05 12:00+01:00,0.132137
2026-03-05 12:15+01:00,0.117372
2026-03-05 12:30+01:00,0.120244
2026-03-05 12:45+01:00,0.127124
2026-03-05 13:00+01:00,0.127203
2026-03-05 13:15+01:00,0.139012
2026-03-05 13:30+01:00,0.133064
2026-03-05 13:45+01:00,0.129781
2026-03-05 14:00+01:00,0.115561
2026-03-05 14:15+01:00,0.136593
2026-03-05 14:30+01:00,0.122500
2026-03-05 14:45+01:00,0.137973
2026-03-05 15:00+01:00,0.125898
2026-03-05 15:15+01:00,0.122944
2026-03-05 15:30+01:00,0.125086
2026-03-05 15:45+01:00,0.124366
2026-03-05 16:00+01:00,0.135379
2026-03-05 16:15+01:00,0.126184
2026-03-05 16:30+01:00,0.125934
2026-03-05 16:45+01:00,0.112566
2026-03-05 17:00+01:00,0.125119
2026-03-05 17:15+01:00,0.119721
2026-03-05 17:30+01:00,0.129896
2026-03-05 17:45+01:00,0.120757
2026-03-05 18:00+01:00,0.007213
2026-03-05 18:15+01:00,0.007873
2026-03-05 18:30+01:00,0.011200
2026-03-05 18:45+01:00,0.008005
2026-03-05 19:00+01:00,0.009536
2026-03-05 19:15+01:00,0.007805
2026-03-05 19:30+01:00,0.011892
2026-03-05 19:45+01:00,0.007232
2026-03-05 20:00+01:00,0.009347
2026-03-05 20:15+01:00,0.009496
2026-03-05 20:30+01:00,0.009878
2026-03-05 20:45+01:00,0.006309
2026-03-05 21:00+01:00,0.007604
2026-03-05 21:15+01:00,0.007961
2026-03-05 21:30+01:00,0.008736
2026-03-05 21:45+01:00,0.010503
2026-03-05 22:00+01:00,0.000000
2026-03-05 22:15+01:00,0.010421
2026-03-05 22:30+01:00,0.007912
2026-03-05 22:45+01:00,0.011730
2026-03-05 23:00+01:00,0.009782
2026-03-05 23:15+01:00,0.008477
2026-03-05 23:30+01:00,0.009975
2026-03-05 23:45+01:00,0.009175
2026-03-06 00:00+01:00,0.010977
2026-03-06 00:15+01:00,0.006529
2026-03-06 00:30+01:00,0.007895
2026-03-06 00:45+01:00,0.007797
2026-03-06 01:00+01:00,0.007744
2026-03-06 01:15+01:00,0.011939
2026-03-06 01:30+01:00,0.009590
2026-03-06 01:45+01:00,0.011452
2026-03-06 02:00+01:00,0.007345
2026-03-06 02:15+01:00,0.000000
2026-03-06 02:30+01:00,0.008126
2026-03-06 02:45+01:00,0.008589
2026-03-06 03:00+01:00,0.008729
2026-03-06 03:15+01:00,0.008651
2026-03-06 03:30+01:00,0.009670
2026-03-06 03:45+01:00,0.007287
2026-03-06 04:00+01:00,0.009029
2026-03-06 04:15+01:00,0.009311
2026-03-06 04:30+01:00,0.008593
2026-03-06 04:45+01:00,0.009283
2026-03-06 05:00+01:00,0.007497
2026-03-06 05:15+01:00,0.008574
2026-03-06 05:30+01:00,0.009392
2026-03-06 05:45+01:00,0.009066
2026-03-06 06:00+01:00,0.000000
2026-03-06 06:15+01:00,0.009611
2026-03-06 06:30+01:00,0.009340
2026-03-06 06:45+01:00,0.010992
2026-03-06 07:00+01:00,0.135301
2026-03-06 07:15+01:00,0.127369
2026-03-06 07:30+01:00,0.130555
2026-03-06 07:45+01:00,0.129554
2026-03-06 08:00+01:00,0.117563
2026-03-06 08:15+01:00,0.139299
2026-03-06 08:30+01:00,0.131393
2026-03-06 08:45+01:00,0.114247
2026-03-06 09:00+01:00,0.135655
2026-03-06 09:15+01:00,0.121713
2026-03-06 09:30+01:00,0.117085
2026-03-06 09:45+01:00,0.120982
2026-03-06 10:00+01:00,0.132304
2026-03-06 10:15+01:00,0.131915
2026-03-06 10:30+01:00,0.124953
2026-03-06 10:45+01:00,0.124620
2026-03-06 11:00+01:00,0.115448
2026-03-06 11:15+01:00,0.121202
2026-03-06 11:30+01:00,0.118562
2026-03-06 11:45+01:00,0.122972
2026-03-06 12:00+01:00,0.116694
2026-03-06 12:15+01:00,0.133599
2026-03-06 12:30+01:00,0.122319
2026-03-06 12:45+01:00,0.114870
2026-03-06 13:00+01:00,0.123013
2026-03-06 13:15+01:00,0.121225
2026-03-06 13:30+01:00,0.127997
2026-03-06 13:45+01:00,0.121685
2026-03-06 14:00+01:00,0.128591
2026-03-06 14:15+01:00,0.134166
2026-03-06 14:30+01:00,0.124957
2026-03-06 14:45+01:00,0.111993
2026-03-06 15:00+01:00,0.119332
2026-03-06 15:15+01:00,0.126272
2026-03-06 15:30+01:00,0.114280
2026-03-06 15:45+01:00,0.122795
2026-03-06 16:00+01:00,0.120607
2026-03-06 16:15+01:00,0.129254
2026-03-06 16:30+01:00,0.119488
2026-03-06 16:45+01:00,0.130192
2026-03-06 17:00+01:00,0.126842
2026-03-06 17:15+01:00,1.015525
2026-03-06 17:30+01:00,0.131909
2026-03-06 17:45+01:00,0.127732
2026-03-06 18:00+01:00,0.009362
2026-03-06 18:15+01:00,0.009006
2026-03-06 18:30+01:00,0.008445
2026-03-06 18:45+01:00,0.008756
2026-03-06 19:00+01:00,0.009281
2026-03-06 19:15+01:00,0.011006
2026-03-06 19:30+01:00,0.009274
2026-03-06 19:45+01:00,0.008731
2026-03-06 20:00+01:00,0.008924
2026-03-06 20:15+01:00,0.010341
2026-03-06 20:30+01:00,0.007875
2026-03-06 20:45+01:00,0.009998
2026-03-06 21:00+01:00,0.011113
2026-03-06 21:15+01:00,0.007781
2026-03-06 21:30+01:00,0.011439
2026-03-06 21:45+01:00,0.009062
2026-03-06 22:00+01:00,0.008170
2026-03-06 22:15+01:00,0.006709
2026-03-06 22:30+01:00,0.006330
2026-03-06 22:45+01:00,0.008324
2026-03-06 23:00+01:00,0.006218
2026-03-06 23:15+01:00,0.007927
2026-03-06 23:30+01:00,0.009866
2026-03-06 23:45+01:00,0.008041
2026-03-07 00:00+01:00,0.008935
2026-03-07 00:15+01:00,0.003386
2026-03-07 00:30+01:00,0.004763
2026-03-07 00:45+01:00,0.003019
2026-03-07 01:00+01:00,0.004280
2026-03-07 01:15+01:00,0.003841
2026-03-07 01:30+01:00,0.003678
2026-03-07 01:45+01:00,0.004099
2026-03-07 02:00+01:00,0.003962
2026-03-07 02:15+01:00,0.004963
2026-03-07 02:30+01:00,0.003810
2026-03-07 02:45+01:00,0.005349
2026-03-07 03:00+01:00,0.004359
2026-03-07 03:15+01:00,0.003044
2026-03-07 03:30+01:00,0.004544
2026-03-07 03:45+01:00,0.004579
2026-03-07 04:00+01:00,0.003496
2026-03-07 04:15+01:00,0.003972
2026-03-07 04:30+01:00,0.003876
2026-03-07 04:45+01:00,0.004336
2026-03-07 05:00+01:00,0.003730
2026-03-07 05:15+01:00,0.004002
2026-03-07 05:30+01:00,0.003032
2026-03-07 05:45+01:00,0.004418
2026-03-07 06:00+01:00,0.003795
2026-03-07 06:15+01:00,0.004759
2026-03-07 06:30+01:00,0.004594
2026-03-07 06:45+01:00,0.002879
2026-03-07 07:00+01:00,0.003529
2026-03-07 07:15+01:00,0.004108
2026-03-07 07:30+01:00,0.004280
2026-03-07 07:45+01:00,0.000000
2026-03-07 08:00+01:00,0.004338
2026-03-07 08:15+01:00,0.003208
2026-03-07 08:30+01:00,0.003861
2026-03-07 08:45+01:00,0.004605
2026-03-07 09:00+01:00,0.004526
2026-03-07 09:15+01:00,0.003181
2026-03-07 09:30+01:00,0.002725
2026-03-07 09:45+01:00,0.004306
2026-03-07 10:00+01:00,0.003236
2026-03-07 10:15+01:00,0.004216
2026-03-07 10:30+01:00,0.002799
2026-03-07 10:45+01:00,0.003080
2026-03-07 11:00+01:00,0.003779
2026-03-07 11:15+01:00,0.004442
2026-03-07 11:30+01:00,0.003602
2026-03-07 11:45+01:00,0.003504
2026-03-07 12:00+01:00,0.004080
2026-03-07 12:15+01:00,0.004075
2026-03-07 12:30+01:00,0.000000
2026-03-07 12:45+01:00,0.003722
2026-03-07 13:00+01:00,0.003699
2026-03-07 13:15+01:00,0.003959
2026-03-07 13:30+01:00,0.003837
2026-03-07 13:45+01:00,0.003919
2026-03-07 14:00+01:00,0.003710
2026-03-07 14:15+01:00,0.003851
2026-03-07 14:30+01:00,0.003898
2026-03-07 14:45+01:00,0.004944
2026-03-07 15:00+01:00,0.003342
2026-03-07 15:15+01:00,0.000000
2026-03-07 15:30+01:00,0.003374
2026-03-07 15:45+01:00,0.003675
2026-03-07 16:00+01:00,0.004045
2026-03-07 16:15+01:00,0.002991
2026-03-07 16:30+01:00,0.002510
2026-03-07 16:45+01:00,0.004840
2026-03-07 17:00+01:00,0.005253
2026-03-07 17:15+01:00,0.003963
2026-03-07 17:30+01:00,0.003355
2026-03-07 17:45+01:00,0.003733
2026-03-07 18:00+01:00,0.004239
2026-03-07 18:15+01:00,0.002787
2026-03-07 18:30+01:00,0.003905
2026-03-07 18:45+01:00,0.004268
2026-03-07 19:00+01:00,0.003864
2026-03-07 19:15+01:00,0.003553
2026-03-07 19:30+01:00,
2026-03-07 19:45+01:00,0.004537
2026-03-07 20:00+01:00,0.004105
2026-03-07 20:15+01:00,0.004614
2026-03-07 20:30+01:00,0.004642
2026-03-07 20:45+01:00,0.004410
2026-03-07 21:00+01:00,0.003522
2026-03-07 21:15+01:00,0.003423
2026-03-07 21:30+01:00,0.002833
2026-03-07 21:45+01:00,0.004179
2026-03-07 22:00+01:00,0.004257
2026-03-07 22:15+01:00,0.000000
2026-03-07 22:30+01:00,0.003797
2026-03-07 22:45+01:00,0.003148
2026-03-07 23:00+01:00,0.005068
2026-03-07 23:15+01:00,0.002890
2026-03-07 23:30+01:00,0.004122
2026-03-07 23:45+01:00,0.003720
2026-03-08 00:00+01:00,0.004411
2026-03-08 00:15+01:00,0.000000
2026-03-08 00:30+01:00,0.004215
2026-03-08 00:45+01:00,0.004245
2026-03-08 01:00+01:00,0.003968
2026-03-08 01:15+01:00,0.003967
2026-03-08 01:30+01:00,0.002816
2026-03-08 01:45+01:00,0.003491
2026-03-08 02:00+01:00,0.004213
2026-03-08 02:15+01:00,0.004300
2026-03-08 02:30+01:00,0.003812
2026-03-08 02:45+01:00,0.004024
2026-03-08 03:00+01:00,0.001876
2026-03-08 03:15+01:00,0.004695
2026-03-08 03:30+01:00,0.003414
2026-03-08 03:45+01:00,0.003494
2026-03-08 04:00+01:00,0.004052
2026-03-08 04:15+01:00,0.002602
2026-03-08 04:30+01:00,0.003752
2026-03-08 04:45+01:00,0.000000
2026-03-08 05:00+01:00,0.003995
2026-03-08 05:15+01:00,0.003840
2026-03-08 05:30+01:00,0.004063
2026-03-08 05:45+01:00,0.005024
2026-03-08 06:00+01:00,0.003663
2026-03-08 06:15+01:00,0.004155
2026-03-08 06:30+01:00,0.003733
2026-03-08 06:45+01:00,0.003941
2026-03-08 07:00+01:00,0.002445
2026-03-08 07:15+01:00,0.004175
2026-03-08 07:30+01:00,0.003999
2026-03-08 07:45+01:00,0.000000
2026-03-08 08:00+01:00,0.004297
2026-03-08 08:15+01:00,0.004161
2026-03-08 08:30+01:00,0.003460
2026-03-08 08:45+01:00,0.003304
2026-03-08 09:00+01:00,0.003509
2026-03-08 09:15+01:00,0.004176
2026-03-08 09:30+01:00,0.003664
2026-03-08 09:45+01:00,0.004515
2026-03-08 10:00+01:00,0.003145
2026-03-08 10:15+01:00,0.003947
2026-03-08 10:30+01:00,0.003619
2026-03-08 10:45+01:00,0.003259
2026-03-08 11:00+01:00,0.004760
2026-03-08 11:15+01:00,0.003005
2026-03-08 11:30+01:00,0.004590
2026-03-08 11:45+01:00,0.002611
2026-03-08 12:00+01:00,0.003225
2026-03-08 12:15+01:00,0.004873
2026-03-08 12:30+01:00,0.003948
2026-03-08 12:45+01:00,0.003984
2026-03-08 13:00+01:00,0.004395
2026-03-08 13:15+01:00,0.003301
2026-03-08 13:30+01:00,0.003535
2026-03-08 13:45+01:00,0.005015
2026-03-08 14:00+01:00,0.003645
2026-03-08 14:15+01:00,0.003483
2026-03-08 14:30+01:00,0.004153
2026-03-08 14:45+01:00,0.003872
2026-03-08 15:00+01:00,0.000000
2026-03-08 15:15+01:00,0.002156
2026-03-08 15:30+01:00,0.004242
2026-03-08 15:45+01:00,0.004142
2026-03-08 16:00+01:00,0.003312
2026-03-08 16:15+01:00,0.003949
2026-03-08 16:30+01:00,0.003789
2026-03-08 16:45+01:00,0.003542
2026-03-08 17:00+01:00,0.003011
2026-03-08 17:15+01:00,0.003315
2026-03-08 17:30+01:00,0.003260
2026-03-08 17:45+01:00,0.002106
2026-03-08 18:00+01:00,0.003985
2026-03-08 18:15+01:00,0.004781
2026-03-08 18:30+01:00,0.003875
2026-03-08 18:45+01:00,
2026-03-08 19:00+01:00,0.002161
2026-03-08 19:15+01:00,0.004128
2026-03-08 19:30+01:00,
2026-03-08 19:45+01:00,0.003692
2026-03-08 20:00+01:00,0.003870
2026-03-08 20:15+01:00,0.003818
2026-03-08 20:30+01:00,0.002986
2026-03-08 20:45+01:00,0.002752
2026-03-08 21:00+01:00,0.004363
2026-03-08 21:15+01:00,0.000000
2026-03-08 21:30+01:00,0.003589
2026-03-08 21:45+01:00,0.004300
2026-03-08 22:00+01:00,0.003295
2026-03-08 22:15+01:00,0.003667
2026-03-08 22:30+01:00,0.003741
2026-03-08 22:45+01:00,0.003520
2026-03-08 23:00+01:00,0.003024
2026-03-08 23:15+01:00,0.004105
2026-03-08 23:30+01:00,0.002934
2026-03-08 23:45+01:00,0.004088
2026-03-09 00:00+01:00,0.003839
2026-03-09 00:15+01:00,0.009858
2026-03-09 00:30+01:00,0.008603
2026-03-09 00:45+01:00,0.007740
2026-03-09 01:00+01:00,0.007416
2026-03-09 01:15+01:00,0.006805
2026-03-09 01:30+01:00,0.012455
2026-03-09 01:45+01:00,0.008299
2026-03-09 02:00+01:00,0.008524
2026-03-09 02:15+01:00,0.008379
2026-03-09 02:30+01:00,0.008147
2026-03-09 02:45+01:00,0.011039
2026-03-09 03:00+01:00,0.007934
2026-03-09 03:15+01:00,0.007271
2026-03-09 03:30+01:00,0.008224
2026-03-09 03:45+01:00,0.060945
2026-03-09 04:00+01:00,0.010545
2026-03-09 04:15+01:00,0.007744
2026-03-09 04:30+01:00,0.010714
2026-03-09 04:45+01:00,0.007693
2026-03-09 05:00+01:00,0.005022
2026-03-09 05:15+01:00,0.009040
2026-03-09 05:30+01:00,0.008856
2026-03-09 05:45+01:00,0.008915
2026-03-09 06:00+01:00,0.010566
2026-03-09 06:15+01:00,0.009300
2026-03-09 06:30+01:00,0.008174
2026-03-09 06:45+01:00,0.000000
2026-03-09 07:00+01:00,0.127840
2026-03-09 07:15+01:00,0.119890
2026-03-09 07:30+01:00,0.127315
2026-03-09 07:45+01:00,0.126991
2026-03-09 08:00+01:00,0.120402
2026-03-09 08:15+01:00,0.123613
2026-03-09 08:30+01:00,0.134027
2026-03-09 08:45+01:00,0.122519
2026-03-09 09:00+01:00,0.118802
2026-03-09 09:15+01:00,0.120459
2026-03-09 09:30+01:00,0.132399
2026-03-09 09:45+01:00,0.125352
2026-03-09 10:00+01:00,0.117962
2026-03-09 10:15+01:00,0.126988
2026-03-09 10:30+01:00,0.127593
2026-03-09 10:45+01:00,0.129708
2026-03-09 11:00+01:00,0.124197
2026-03-09 11:15+01:00,0.128521
2026-03-09 11:30+01:00,0.129448
2026-03-09 11:45+01:00,0.122690
2026-03-09 12:00+01:00,0.131975
2026-03-09 12:15+01:00,0.123775
2026-03-09 12:30+01:00,0.124149
2026-03-09 12:45+01:00,0.123549
2026-03-09 13:00+01:00,0.134441
2026-03-09 13:15+01:00,0.125881
2026-03-09 13:30+01:00,0.118291
2026-03-09 13:45+01:00,0.114001
2026-03-09 14:00+01:00,
2026-03-09 14:15+01:00,0.139996
2026-03-09 14:30+01:00,0.125068
2026-03-09 14:45+01:00,0.117767
2026-03-09 15:00+01:00,0.132627
2026-03-09 15:15+01:00,0.120966
2026-03-09 15:30+01:00,0.129892
2026-03-09 15:45+01:00,0.120476
2026-03-09 16:00+01:00,0.127036
2026-03-09 16:15+01:00,0.120582
2026-03-09 16:30+01:00,0.132110
2026-03-09 16:45+01:00,0.132694
2026-03-09 17:00+01:00,0.122053
2026-03-09 17:15+01:00,0.131835
2026-03-09 17:30+01:00,0.127514
2026-03-09 17:45+01:00,0.114072
2026-03-09 18:00+01:00,0.007016
2026-03-09 18:15+01:00,0.009956
2026-03-09 18:30+01:00,0.007497
2026-03-09 18:45+01:00,0.005740
2026-03-09 19:00+01:00,0.010362
2026-03-09 19:15+01:00,0.009975
2026-03-09 19:30+01:00,0.008738
2026-03-09 19:45+01:00,0.009354
2026-03-09 20:00+01:00,0.006778
2026-03-09 20:15+01:00,0.009107
2026-03-09 20:30+01:00,0.008588
2026-03-09 20:45+01:00,0.011712
2026-03-09 21:00+01:00,0.005777
2026-03-09 21:15+01:00,0.007878
2026-03-09 21:30+01:00,0.006695
2026-03-09 21:45+01:00,0.009206
2026-03-09 22:00+01:00,0.000000
2026-03-09 22:15+01:00,0.008824
2026-03-09 22:30+01:00,0.000000
2026-03-09 22:45+01:00,0.009491
2026-03-09 23:00+01:00,0.008208
2026-03-09 23:15+01:00,0.009245
2026-03-09 23:30+01:00,0.011134
2026-03-09 23:45+01:00,0.010469
2026-03-10 00:00+01:00,0.008612
2026-03-10 00:15+01:00,0.007100
2026-03-10 00:30+01:00,0.000000
2026-03-10 00:45+01:00,0.010207
2026-03-10 01:00+01:00,0.000000
2026-03-10 01:15+01:00,0.010731
2026-03-10 01:30+01:00,0.006069
2026-03-10 01:45+01:00,0.007863
2026-03-10 02:00+01:00,0.012525
2026-03-10 02:15+01:00,0.008735
2026-03-10 02:30+01:00,0.010425
2026-03-10 02:45+01:00,0.011524
2026-03-10 03:00+01:00,0.007051
2026-03-10 03:15+01:00,0.011597
2026-03-10 03:30+01:00,0.006865
2026-03-10 03:45+01:00,0.008550
2026-03-10 04:00+01:00,0.009166
2026-03-10 04:15+01:00,0.006096
2026-03-10 04:30+01:00,0.009700
2026-03-10 04:45+01:00,0.006663
2026-03-10 05:00+01:00,0.009335
2026-03-10 05:15+01:00,0.008615
2026-03-10 05:30+01:00,0.007546
2026-03-10 05:45+01:00,0.009028
2026-03-10 06:00+01:00,0.009700
2026-03-10 06:15+01:00,0.008204
2026-03-10 06:30+01:00,0.009184
2026-03-10 06:45+01:00,0.007034
2026-03-10 07:00+01:00,0.131122
2026-03-10 07:15+01:00,0.128221
2026-03-10 07:30+01:00,0.127081
2026-03-10 07:45+01:00,0.120761
2026-03-10 08:00+01:00,0.123891
2026-03-10 08:15+01:00,0.119289
2026-03-10 08:30+01:00,0.126195
2026-03-10 08:45+01:00,0.119319
2026-03-10 09:00+01:00,0.116606
2026-03-10 09:15+01:00,0.118036
2026-03-10 09:30+01:00,0.127406
2026-03-10 09:45+01:00,0.125475
2026-03-10 10:00+01:00,0.111345
2026-03-10 10:15+01:00,0.128626
2026-03-10 10:30+01:00,0.116007
2026-03-10 10:45+01:00,0.132298
2026-03-10 11:00+01:00,0.134238
2026-03-10 11:15+01:00,0.133415
2026-03-10 11:30+01:00,
2026-03-10 11:45+01:00,0.123548
2026-03-10 12:00+01:00,0.122713
2026-03-10 12:15+01:00,0.121101
2026-03-10 12:30+01:00,0.123632
2026-03-10 12:45+01:00,0.119321
2026-03-10 13:00+01:00,0.133607
2026-03-10 13:15+01:00,0.750713
2026-03-10 13:30+01:00,0.127866
2026-03-10 13:45+01:00,0.137901
2026-03-10 14:00+01:00,0.126730
2026-03-10 14:15+01:00,0.123491
2026-03-10 14:30+01:00,0.118382
2026-03-10 14:45+01:00,0.121883
2026-03-10 15:00+01:00,0.121434
2026-03-10 15:15+01:00,0.125404
2026-03-10 15:30+01:00,0.124919
2026-03-10 15:45+01:00,0.121660
2026-03-10 16:00+01:00,0.122740
2026-03-10 16:15+01:00,0.125046
2026-03-10 16:30+01:00,0.123261
2026-03-10 16:45+01:00,0.127898
2026-03-10 17:00+01:00,0.116073
2026-03-10 17:15+01:00,0.134883
2026-03-10 17:30+01:00,0.130214
2026-03-10 17:45+01:00,0.120796
2026-03-10 18:00+01:00,0.005971
2026-03-10 18:15+01:00,0.008434
2026-03-10 18:30+01:00,0.010530
2026-03-10 18:45+01:00,0.007964
2026-03-10 19:00+01:00,0.007272
2026-03-10 19:15+01:00,0.008819
2026-03-10 19:30+01:00,0.010903
2026-03-10 19:45+01:00,0.008786
2026-03-10 20:00+01:00,0.007947
2026-03-10 20:15+01:00,0.008947
2026-03-10 20:30+01:00,0.009526
2026-03-10 20:45+01:00,0.009814
2026-03-10 21:00+01:00,0.007263
2026-03-10 21:15+01:00,0.009593
2026-03-10 21:30+01:00,0.011392
2026-03-10 21:45+01:00,0.004416
2026-03-10 22:00+01:00,0.010480
2026-03-10 22:15+01:00,0.010488
2026-03-10 22:30+01:00,0.008010
2026-03-10 22:45+01:00,
2026-03-10 23:00+01:00,0.010342
2026-03-10 23:15+01:00,0.008564
2026-03-10 23:30+01:00,0.007769
2026-03-10 23:45+01:00,0.009005
2026-03-11 00:00+01:00,0.007739
2026-03-11 00:15+01:00,0.009703
2026-03-11 00:30+01:00,0.007964
2026-03-11 00:45+01:00,0.008069
2026-03-11 01:00+01:00,0.008562
2026-03-11 01:15+01:00,0.007526
2026-03-11 01:30+01:00,0.008784
2026-03-11 01:45+01:00,0.010622
2026-03-11 02:00+01:00,0.000000
2026-03-11 02:15+01:00,0.007073
2026-03-11 02:30+01:00,0.008439
2026-03-11 02:45+01:00,0.008641
2026-03-11 03:00+01:00,0.007544
2026-03-11 03:15+01:00,0.008168
2026-03-11 03:30+01:00,0.009746
2026-03-11 03:45+01:00,0.011632
2026-03-11 04:00+01:00,0.008748
2026-03-11 04:15+01:00,0.009875
2026-03-11 04:30+01:00,0.007702
2026-03-11 04:45+01:00,0.008080
2026-03-11 05:00+01:00,0.007197
2026-03-11 05:15+01:00,0.008554
2026-03-11 05:30+01:00,0.009822
2026-03-11 05:45+01:00,0.009915
2026-03-11 06:00+01:00,0.009329
2026-03-11 06:15+01:00,0.009929
2026-03-11 06:30+01:00,0.007889
2026-03-11 06:45+01:00,0.006042
2026-03-11 07:00+01:00,0.136106
2026-03-11 07:15+01:00,0.133578
2026-03-11 07:30+01:00,0.130800
2026-03-11 07:45+01:00,0.123175
2026-03-11 08:00+01:00,0.126907
2026-03-11 08:15+01:00,0.117452
2026-03-11 08:30+01:00,0.127579
2026-03-11 08:45+01:00,0.129075
2026-03-11 09:00+01:00,0.120677
2026-03-11 09:15+01:00,0.124804
2026-03-11 09:30+01:00,0.117496
2026-03-11 09:45+01:00,0.131755
2026-03-11 10:00+01:00,0.128515
2026-03-11 10:15+01:00,0.126038
2026-03-11 10:30+01:00,0.122804
2026-03-11 10:45+01:00,0.131156
2026-03-11 11:00+01:00,0.120443
2026-03-11 11:15+01:00,0.127437
2026-03-11 11:30+01:00,0.121255
2026-03-11 11:45+01:00,0.128742
2026-03-11 12:00+01:00,0.123152
2026-03-11 12:15+01:00,0.121454
2026-03-11 12:30+01:00,0.124284
2026-03-11 12:45+01:00,0.124720
2026-03-11 13:00+01:00,0.123449
2026-03-11 13:15+01:00,0.123454
2026-03-11 13:30+01:00,0.113192
2026-03-11 13:45+01:00,
2026-03-11 14:00+01:00,
2026-03-11 14:15+01:00,0.129505
2026-03-11 14:30+01:00,0.121236
2026-03-11 14:45+01:00,0.114879
2026-03-11 15:00+01:00,0.124644
2026-03-11 15:15+01:00,0.128910
2026-03-11 15:30+01:00,0.122127
2026-03-11 15:45+01:00,0.119656
2026-03-11 16:00+01:00,0.128093
2026-03-11 16:15+01:00,0.125074
2026-03-11 16:30+01:00,0.121167
2026-03-11 16:45+01:00,0.130290
2026-03-11 17:00+01:00,0.124200
2026-03-11 17:15+01:00,0.122736
2026-03-11 17:30+01:00,0.126863
2026-03-11 17:45+01:00,0.118999
2026-03-11 18:00+01:00,0.010588
2026-03-11 18:15+01:00,0.009850
2026-03-11 18:30+01:00,0.008396
2026-03-11 18:45+01:00,0.011822
2026-03-11 19:00+01:00,0.000000
2026-03-11 19:15+01:00,0.008613
2026-03-11 19:30+01:00,0.000000
2026-03-11 19:45+01:00,0.007826
2026-03-11 20:00+01:00,0.000000
2026-03-11 20:15+01:00,0.007330
2026-03-11 20:30+01:00,0.009174
2026-03-11 20:45+01:00,0.008313
2026-03-11 21:00+01:00,0.008687
2026-03-11 21:15+01:00,
2026-03-11 21:30+01:00,0.009757
2026-03-11 21:45+01:00,0.010558
2026-03-11 22:00+01:00,0.007939
2026-03-11 22:15+01:00,0.008578
2026-03-11 22:30+01:00,0.005957
2026-03-11 22:45+01:00,0.011394
2026-03-11 23:00+01:00,0.007225
2026-03-11 23:15+01:00,0.007626
2026-03-11 23:30+01:00,0.009098
2026-03-11 23:45+01:00,0.013738
2026-03-12 00:00+01:00,0.009293
2026-03-12 00:15+01:00,0.010965
2026-03-12 00:30+01:00,0.009257
2026-03-12 00:45+01:00,0.007696
2026-03-12 01:00+01:00,0.006876
2026-03-12 01:15+01:00,0.010840
2026-03-12 01:30+01:00,0.007995
2026-03-12 01:45+01:00,0.007665
2026-03-12 02:00+01:00,0.009993
2026-03-12 02:15+01:00,0.008411
2026-03-12 02:30+01:00,0.009153
2026-03-12 02:45+01:00,0.008315
2026-03-12 03:00+01:00,0.009094
2026-03-12 03:15+01:00,0.000000
2026-03-12 03:30+01:00,0.000000
2026-03-12 03:45+01:00,0.000000
2026-03-12 04:00+01:00,
2026-03-12 04:15+01:00,0.007750
2026-03-12 04:30+01:00,0.006339
2026-03-12 04:45+01:00,0.007440
2026-03-12 05:00+01:00,0.009924
2026-03-12 05:15+01:00,0.008891
2026-03-12 05:30+01:00,0.008257
2026-03-12 05:45+01:00,0.009659
2026-03-12 06:00+01:00,0.009625
2026-03-12 06:15+01:00,0.000000
2026-03-12 06:30+01:00,
2026-03-12 06:45+01:00,
2026-03-12 07:00+01:00,0.126915
2026-03-12 07:15+01:00,0.124420
2026-03-12 07:30+01:00,0.127874
2026-03-12 07:45+01:00,0.123306
2026-03-12 08:00+01:00,0.121076
2026-03-12 08:15+01:00,0.131622
2026-03-12 08:30+01:00,0.125956
2026-03-12 08:45+01:00,0.127643
2026-03-12 09:00+01:00,0.123200
2026-03-12 09:15+01:00,0.125408
2026-03-12 09:30+01:00,0.124080
2026-03-12 09:45+01:00,0.131515
2026-03-12 10:00+01:00,0.130226
2026-03-12 10:15+01:00,0.126702
2026-03-12 10:30+01:00,0.126462
2026-03-12 10:45+01:00,0.131588
2026-03-12 11:00+01:00,0.113439
2026-03-12 11:15+01:00,0.120175
2026-03-12 11:30+01:00,0.128200
2026-03-12 11:45+01:00,0.132923
2026-03-12 12:00+01:00,0.110106
2026-03-12 12:15+01:00,0.118899
2026-03-12 12:30+01:00,0.124919
2026-03-12 12:45+01:00,0.128476
2026-03-12 13:00+01:00,0.116217
2026-03-12 13:15+01:00,0.119338
2026-03-12 13:30+01:00,0.132270
2026-03-12 13:45+01:00,0.120880
2026-03-12 14:00+01:00,0.125132
2026-03-12 14:15+01:00,0.115873
2026-03-12 14:30+01:00,0.123299
2026-03-12 14:45+01:00,0.125113
2026-03-12 15:00+01:00,0.124808
2026-03-12 15:15+01:00,0.129446
2026-03-12 15:30+01:00,0.128686
2026-03-12 15:45+01:00,0.127122
2026-03-12 16:00+01:00,0.117538
2026-03-12 16:15+01:00,0.121989
2026-03-12 16:30+01:00,0.127879
2026-03-12 16:45+01:00,0.126918
2026-03-12 17:00+01:00,0.121557
2026-03-12 17:15+01:00,0.125903
2026-03-12 17:30+01:00,0.123041
2026-03-12 17:45+01:00,0.129488
2026-03-12 18:00+01:00,0.000000
2026-03-12 18:15+01:00,0.009466
2026-03-12 18:30+01:00,0.010123
2026-03-12 18:45+01:00,0.006923
2026-03-12 19:00+01:00,0.009729
2026-03-12 19:15+01:00,0.011324
2026-03-12 19:30+01:00,0.011298
2026-03-12 19:45+01:00,0.008060
2026-03-12 20:00+01:00,0.010569
2026-03-12 20:15+01:00,0.009234
2026-03-12 20:30+01:00,0.009906
2026-03-12 20:45+01:00,0.009210
2026-03-12 21:00+01:00,0.007518
2026-03-12 21:15+01:00,0.007861
2026-03-12 21:30+01:00,0.011215
2026-03-12 21:45+01:00,0.000000
2026-03-12 22:00+01:00,0.008480
2026-03-12 22:15+01:00,0.009783
2026-03-12 22:30+01:00,0.009380
2026-03-12 22:45+01:00,0.010449
2026-03-12 23:00+01:00,0.007037
2026-03-12 23:15+01:00,0.010313
2026-03-12 23:30+01:00,0.009612
2026-03-12 23:45+01:00,0.010248
2026-03-13 00:00+01:00,0.008725
2026-03-13 00:15+01:00,0.008700
2026-03-13 00:30+01:00,0.008214
2026-03-13 00:45+01:00,0.009206
2026-03-13 01:00+01:00,0.007680
2026-03-13 01:15+01:00,0.009986
2026-03-13 01:30+01:00,0.009703
2026-03-13 01:45+01:00,0.008905
2026-03-13 02:00+01:00,0.009152
2026-03-13 02:15+01:00,0.009570
2026-03-13 02:30+01:00,0.009030
2026-03-13 02:45+01:00,0.006816
2026-03-13 03:00+01:00,0.007707
2026-03-13 03:15+01:00,0.008833
2026-03-13 03:30+01:00,0.000000
2026-03-13 03:45+01:00,0.008501
2026-03-13 04:00+01:00,0.008988
2026-03-13 04:15+01:00,0.008964
2026-03-13 04:30+01:00,0.010046
2026-03-13 04:45+01:00,0.010565
2026-03-13 05:00+01:00,0.007476
2026-03-13 05:15+01:00,0.006407
2026-03-13 05:30+01:00,0.007543
2026-03-13 05:45+01:00,0.008273
2026-03-13 06:00+01:00,0.008252
2026-03-13 06:15+01:00,0.011319
2026-03-13 06:30+01:00,0.009625
2026-03-13 06:45+01:00,0.006746
2026-03-13 07:00+01:00,0.123927
2026-03-13 07:15+01:00,0.126885
2026-03-13 07:30+01:00,0.125156
2026-03-13 07:45+01:00,0.124386
2026-03-13 08:00+01:00,0.127714
2026-03-13 08:15+01:00,0.127031
2026-03-13 08:30+01:00,0.130136
2026-03-13 08:45+01:00,0.124647
2026-03-13 09:00+01:00,0.125267
2026-03-13 09:15+01:00,0.129582
2026-03-13 09:30+01:00,0.119375
2026-03-13 09:45+01:00,0.137180
2026-03-13 10:00+01:00,0.121535
2026-03-13 10:15+01:00,0.136046
2026-03-13 10:30+01:00,0.134248
2026-03-13 10:45+01:00,0.120920
2026-03-13 11:00+01:00,0.128076
2026-03-13 11:15+01:00,
2026-03-13 11:30+01:00,0.118049
2026-03-13 11:45+01:00,0.121329
2026-03-13 12:00+01:00,0.126741
2026-03-13 12:15+01:00,0.125591
2026-03-13 12:30+01:00,0.119485
2026-03-13 12:45+01:00,0.120867
2026-03-13 13:00+01:00,0.123143
2026-03-13 13:15+01:00,0.121688
2026-03-13 13:30+01:00,0.125759
2026-03-13 13:45+01:00,0.131605
2026-03-13 14:00+01:00,0.114687
2026-03-13 14:15+01:00,0.128732
2026-03-13 14:30+01:00,0.113117
2026-03-13 14:45+01:00,0.126084
2026-03-13 15:00+01:00,0.121108
2026-03-13 15:15+01:00,0.133719
2026-03-13 15:30+01:00,0.121133
2026-03-13 15:45+01:00,0.131242
2026-03-13 16:00+01:00,0.116214
2026-03-13 16:15+01:00,0.117698
2026-03-13 16:30+01:00,0.122827
2026-03-13 16:45+01:00,0.116748
2026-03-13 17:00+01:00,0.124760
2026-03-13 17:15+01:00,0.123278
2026-03-13 17:30+01:00,0.123620
2026-03-13 17:45+01:00,0.131663
2026-03-13 18:00+01:00,0.011907
2026-03-13 18:15+01:00,0.005569
2026-03-13 18:30+01:00,0.008634
2026-03-13 18:45+01:00,0.010522
2026-03-13 19:00+01:00,0.008791
2026-03-13 19:15+01:00,0.010845
2026-03-13 19:30+01:00,0.010869
2026-03-13 19:45+01:00,0.010739
2026-03-13 20:00+01:00,0.000000
2026-03-13 20:15+01:00,0.006659
2026-03-13 20:30+01:00,0.008438
2026-03-13 20:45+01:00,0.006970
2026-03-13 21:00+01:00,0.006295
2026-03-13 21:15+01:00,0.007293
2026-03-13 21:30+01:00,0.008022
2026-03-13 21:45+01:00,0.010910
2026-03-13 22:00+01:00,0.008232
2026-03-13 22:15+01:00,0.011346
2026-03-13 22:30+01:00,0.009606
2026-03-13 22:45+01:00,0.009461
2026-03-13 23:00+01:00,0.005209
2026-03-13 23:15+01:00,0.009423
2026-03-13 23:30+01:00,0.008946
2026-03-13 23:45+01:00,0.009626
2026-03-14 00:00+01:00,0.010005
2026-03-14 00:15+01:00,0.003450
2026-03-14 00:30+01:00,0.003777
2026-03-14 00:45+01:00,0.004578
2026-03-14 01:00+01:00,0.003824
2026-03-14 01:15+01:00,0.003574
2026-03-14 01:30+01:00,0.004104
2026-03-14 01:45+01:00,0.004164
2026-03-14 02:00+01:00,0.003157
2026-03-14 02:15+01:00,0.002599
2026-03-14 02:30+01:00,0.003679
2026-03-14 02:45+01:00,0.003878
2026-03-14 03:00+01:00,0.004052
2026-03-14 03:15+01:00,0.004242
2026-03-14 03:30+01:00,0.003709
2026-03-14 03:45+01:00,0.003099
2026-03-14 04:00+01:00,0.004733
2026-03-14 04:15+01:00,0.002677
2026-03-14 04:30+01:00,0.003356
2026-03-14 04:45+01:00,0.004216
2026-03-14 05:00+01:00,0.003302
2026-03-14 05:15+01:00,0.004405
2026-03-14 05:30+01:00,
2026-03-14 05:45+01:00,0.003217
2026-03-14 06:00+01:00,0.003282
2026-03-14 06:15+01:00,0.003359
2026-03-14 06:30+01:00,0.004130
2026-03-14 06:45+01:00,0.003863
2026-03-14 07:00+01:00,0.004643
2026-03-14 07:15+01:00,0.002822
2026-03-14 07:30+01:00,0.000000
2026-03-14 07:45+01:00,0.004390
2026-03-14 08:00+01:00,0.003863
2026-03-14 08:15+01:00,0.003612
2026-03-14 08:30+01:00,0.003542
2026-03-14 08:45+01:00,0.005769
2026-03-14 09:00+01:00,0.004337
2026-03-14 09:15+01:00,0.004632
2026-03-14 09:30+01:00,0.004707
2026-03-14 09:45+01:00,0.004469
2026-03-14 10:00+01:00,0.004329
2026-03-14 10:15+01:00,0.005071
2026-03-14 10:30+01:00,0.004656
2026-03-14 10:45+01:00,0.003578
2026-03-14 11:00+01:00,0.003866
2026-03-14 11:15+01:00,0.004247
2026-03-14 11:30+01:00,0.004115
2026-03-14 11:45+01:00,0.003213
2026-03-14 12:00+01:00,0.003073
2026-03-14 12:15+01:00,0.004585
2026-03-14 12:30+01:00,
2026-03-14 12:45+01:00,0.004087
2026-03-14 13:00+01:00,0.003844
2026-03-14 13:15+01:00,0.005310
2026-03-14 13:30+01:00,0.004974
2026-03-14 13:45+01:00,0.003939
2026-03-14 14:00+01:00,0.000000
2026-03-14 14:15+01:00,0.003587
2026-03-14 14:30+01:00,0.004067
2026-03-14 14:45+01:00,0.000000
2026-03-14 15:00+01:00,0.004588
2026-03-14 15:15+01:00,0.004873
2026-03-14 15:30+01:00,0.003699
2026-03-14 15:45+01:00,0.000000
2026-03-14 16:00+01:00,0.003263
2026-03-14 16:15+01:00,0.000000
2026-03-14 16:30+01:00,0.003671
2026-03-14 16:45+01:00,0.004325
2026-03-14 17:00+01:00,0.004349
2026-03-14 17:15+01:00,0.003845
2026-03-14 17:30+01:00,0.004558
2026-03-14 17:45+01:00,0.004195
2026-03-14 18:00+01:00,0.004124
2026-03-14 18:15+01:00,0.004396
2026-03-14 18:30+01:00,0.003622
2026-03-14 18:45+01:00,0.004043
2026-03-14 19:00+01:00,0.004771
2026-03-14 19:15+01:00,0.004186
2026-03-14 19:30+01:00,0.003747
2026-03-14 19:45+01:00,0.004682
2026-03-14 20:00+01:00,0.003666
2026-03-14 20:15+01:00,0.003823
2026-03-14 20:30+01:00,0.004008
2026-03-14 20:45+01:00,0.002782
2026-03-14 21:00+01:00,0.005005
2026-03-14 21:15+01:00,0.004409
2026-03-14 21:30+01:00,0.000000
2026-03-14 21:45+01:00,0.004135
2026-03-14 22:00+01:00,0.004201
2026-03-14 22:15+01:00,0.003981
2026-03-14 22:30+01:00,
2026-03-14 22:45+01:00,0.005643
2026-03-14 23:00+01:00,0.003375
2026-03-14 23:15+01:00,
2026-03-14 23:30+01:00,0.005016
2026-03-14 23:45+01:00,0.004114
2026-03-15 00:00+01:00,0.003940
2026-03-15 00:15+01:00,0.000000
2026-03-15 00:30+01:00,0.004384
2026-03-15 00:45+01:00,0.003868
2026-03-15 01:00+01:00,0.005111
2026-03-15 01:15+01:00,0.004550
2026-03-15 01:30+01:00,0.003667
2026-03-15 01:45+01:00,0.004286
2026-03-15 02:00+01:00,0.003747
2026-03-15 02:15+01:00,
2026-03-15 02:30+01:00,0.003474
2026-03-15 02:45+01:00,0.003107
2026-03-15 03:00+01:00,0.004390
2026-03-15 03:15+01:00,0.000000
2026-03-15 03:30+01:00,0.004579
2026-03-15 03:45+01:00,0.003077
2026-03-15 04:00+01:00,
2026-03-15 04:15+01:00,0.003071
2026-03-15 04:30+01:00,0.003768
2026-03-15 04:45+01:00,0.002214
2026-03-15 05:00+01:00,0.003192
2026-03-15 05:15+01:00,0.003289
2026-03-15 05:30+01:00,0.003306
2026-03-15 05:45+01:00,0.003282
2026-03-15 06:00+01:00,0.002927
2026-03-15 06:15+01:00,0.003593
2026-03-15 06:30+01:00,0.004675
2026-03-15 06:45+01:00,0.004381
2026-03-15 07:00+01:00,0.004685
2026-03-15 07:15+01:00,0.004284
2026-03-15 07:30+01:00,0.003990
2026-03-15 07:45+01:00,0.004234
2026-03-15 08:00+01:00,0.004337
2026-03-15 08:15+01:00,0.004057
2026-03-15 08:30+01:00,0.004556
2026-03-15 08:45+01:00,0.004566
2026-03-15 09:00+01:00,0.004405
2026-03-15 09:15+01:00,0.003601
2026-03-15 09:30+01:00,0.000000
2026-03-15 09:45+01:00,0.002914
2026-03-15 10:00+01:00,0.003123
2026-03-15 10:15+01:00,0.005073
2026-03-15 10:30+01:00,0.000000
2026-03-15 10:45+01:00,0.003807
2026-03-15 11:00+01:00,0.002844
2026-03-15 11:15+01:00,0.004191
2026-03-15 11:30+01:00,0.003565
2026-03-15 11:45+01:00,0.002666
2026-03-15 12:00+01:00,0.003564
2026-03-15 12:15+01:00,0.003970
2026-03-15 12:30+01:00,0.003896
2026-03-15 12:45+01:00,0.002719
2026-03-15 13:00+01:00,0.004443
2026-03-15 13:15+01:00,0.004073
2026-03-15 13:30+01:00,0.004305
2026-03-15 13:45+01:00,0.003988
2026-03-15 14:00+01:00,0.000000
2026-03-15 14:15+01:00,0.004920
2026-03-15 14:30+01:00,
2026-03-15 14:45+01:00,0.002063
2026-03-15 15:00+01:00,0.004027
2026-03-15 15:15+01:00,0.003288
2026-03-15 15:30+01:00,0.003809
2026-03-15 15:45+01:00,0.003127
2026-03-15 16:00+01:00,0.004097
2026-03-15 16:15+01:00,0.004162
2026-03-15 16:30+01:00,0.000000
2026-03-15 16:45+01:00,0.003316
2026-03-15 17:00+01:00,0.004649
2026-03-15 17:15+01:00,0.003584
2026-03-15 17:30+01:00,0.004358
2026-03-15 17:45+01:00,0.004899
2026-03-15 18:00+01:00,0.004478
2026-03-15 18:15+01:00,0.003749
2026-03-15 18:30+01:00,0.004317
2026-03-15 18:45+01:00,0.003815
2026-03-15 19:00+01:00,0.003992
2026-03-15 19:15+01:00,0.002973
2026-03-15 19:30+01:00,0.003907
2026-03-15 19:45+01:00,0.004959
2026-03-15 20:00+01:00,0.005143
2026-03-15 20:15+01:00,0.004635
2026-03-15 20:30+01:00,0.003423
2026-03-15 20:45+01:00,0.004183
2026-03-15 21:00+01:00,0.002363
2026-03-15 21:15+01:00,
2026-03-15 21:30+01:00,0.004126
2026-03-15 21:45+01:00,0.003463
2026-03-15 22:00+01:00,0.002885
2026-03-15 22:15+01:00,0.003766
2026-03-15 22:30+01:00,0.004593
2026-03-15 22:45+01:00,0.002582
2026-03-15 23:00+01:00,0.005416
2026-03-15 23:15+01:00,0.003855
2026-03-15 23:30+01:00,0.003362
2026-03-15 23:45+01:00,0.004008
2026-03-16 00:00+01:00,0.003920
2026-03-16 00:15+01:00,0.005596
2026-03-16 00:30+01:00,0.009294
2026-03-16 00:45+01:00,0.008299
2026-03-16 01:00+01:00,0.009146
2026-03-16 01:15+01:00,0.009509
2026-03-16 01:30+01:00,0.008644
2026-03-16 01:45+01:00,0.008329
2026-03-16 02:00+01:00,0.009260
2026-03-16 02:15+01:00,0.007829
2026-03-16 02:30+01:00,0.000000
2026-03-16 02:45+01:00,0.010777
2026-03-16 03:00+01:00,0.007149
2026-03-16 03:15+01:00,
2026-03-16 03:30+01:00,0.000000
2026-03-16 03:45+01:00,0.009923
2026-03-16 04:00+01:00,0.010867
2026-03-16 04:15+01:00,0.008662
2026-03-16 04:30+01:00,0.008414
2026-03-16 04:45+01:00,0.000000
2026-03-16 05:00+01:00,0.010533
2026-03-16 05:15+01:00,
2026-03-16 05:30+01:00,0.000000
2026-03-16 05:45+01:00,0.009784
2026-03-16 06:00+01:00,0.010155
2026-03-16 06:15+01:00,0.009481
2026-03-16 06:30+01:00,0.006992
2026-03-16 06:45+01:00,0.009581
2026-03-16 07:00+01:00,0.119206
2026-03-16 07:15+01:00,0.122921
2026-03-16 07:30+01:00,0.123615
2026-03-16 07:45+01:00,0.128852
2026-03-16 08:00+01:00,0.128523
2026-03-16 08:15+01:00,
2026-03-16 08:30+01:00,0.120409
2026-03-16 08:45+01:00,0.132942
2026-03-16 09:00+01:00,0.121748
2026-03-16 09:15+01:00,0.123336
2026-03-16 09:30+01:00,0.116842
2026-03-16 09:45+01:00,0.125384
2026-03-16 10:00+01:00,0.128743
2026-03-16 10:15+01:00,0.126655
2026-03-16 10:30+01:00,0.118671
2026-03-16 10:45+01:00,0.120085
2026-03-16 11:00+01:00,0.128318
2026-03-16 11:15+01:00,0.116191
2026-03-16 11:30+01:00,0.122243
2026-03-16 11:45+01:00,0.123607
2026-03-16 12:00+01:00,0.118554
2026-03-16 12:15+01:00,0.108574
2026-03-16 12:30+01:00,0.124344
2026-03-16 12:45+01:00,0.118010
2026-03-16 13:00+01:00,0.111503
2026-03-16 13:15+01:00,0.120147
2026-03-16 13:30+01:00,0.128505
2026-03-16 13:45+01:00,0.124543
2026-03-16 14:00+01:00,0.128606
2026-03-16 14:15+01:00,0.120211
2026-03-16 14:30+01:00,0.124947
2026-03-16 14:45+01:00,0.130907
2026-03-16 15:00+01:00,
2026-03-16 15:15+01:00,0.133479
2026-03-16 15:30+01:00,0.122069
2026-03-16 15:45+01:00,0.128149
2026-03-16 16:00+01:00,0.131843
2026-03-16 16:15+01:00,0.124666
2026-03-16 16:30+01:00,0.120085
2026-03-16 16:45+01:00,0.128239
2026-03-16 17:00+01:00,0.113786
2026-03-16 17:15+01:00,0.119734
2026-03-16 17:30+01:00,0.128327
2026-03-16 17:45+01:00,0.122773
2026-03-16 18:00+01:00,0.008718
2026-03-16 18:15+01:00,0.009163
2026-03-16 18:30+01:00,0.006581
2026-03-16 18:45+01:00,0.007414
2026-03-16 19:00+01:00,0.009582
2026-03-16 19:15+01:00,0.009242
2026-03-16 19:30+01:00,0.008862
2026-03-16 19:45+01:00,0.007595
2026-03-16 20:00+01:00,0.011485
2026-03-16 20:15+01:00,0.009877
2026-03-16 20:30+01:00,0.000000
2026-03-16 20:45+01:00,0.010427
2026-03-16 21:00+01:00,0.008646
2026-03-16 21:15+01:00,0.007781
2026-03-16 21:30+01:00,0.009287
2026-03-16 21:45+01:00,0.009192
2026-03-16 22:00+01:00,0.008996
2026-03-16 22:15+01:00,0.007618
2026-03-16 22:30+01:00,0.006512
2026-03-16 22:45+01:00,0.009631
2026-03-16 23:00+01:00,0.011354
2026-03-16 23:15+01:00,0.008239
2026-03-16 23:30+01:00,0.009791
2026-03-16 23:45+01:00,0.008071
2026-03-17 00:00+01:00,0.010349
2026-03-17 00:15+01:00,0.009245
2026-03-17 00:30+01:00,0.006589
2026-03-17 00:45+01:00,0.008876
2026-03-17 01:00+01:00,0.000000
2026-03-17 01:15+01:00,0.010002
2026-03-17 01:30+01:00,0.009128
2026-03-17 01:45+01:00,0.007190
2026-03-17 02:00+01:00,0.008537
2026-03-17 02:15+01:00,0.007844
2026-03-17 02:30+01:00,0.009478
2026-03-17 02:45+01:00,0.009432
2026-03-17 03:00+01:00,0.009228
2026-03-17 03:15+01:00,0.009477
2026-03-17 03:30+01:00,0.010180
2026-03-17 03:45+01:00,0.010015
2026-03-17 04:00+01:00,0.008533
2026-03-17 04:15+01:00,0.007872
2026-03-17 04:30+01:00,0.007548
2026-03-17 04:45+01:00,0.010979
2026-03-17 05:00+01:00,0.011006
2026-03-17 05:15+01:00,0.008993
2026-03-17 05:30+01:00,0.007333
2026-03-17 05:45+01:00,0.007287
2026-03-17 06:00+01:00,0.008629
2026-03-17 06:15+01:00,0.009235
2026-03-17 06:30+01:00,0.008705
2026-03-17 06:45+01:00,0.007165
2026-03-17 07:00+01:00,
2026-03-17 07:15+01:00,0.124337
2026-03-17 07:30+01:00,0.129365
2026-03-17 07:45+01:00,0.120647
2026-03-17 08:00+01:00,0.127903
2026-03-17 08:15+01:00,0.126224
2026-03-17 08:30+01:00,0.121125
2026-03-17 08:45+01:00,0.131322
2026-03-17 09:00+01:00,0.130668
2026-03-17 09:15+01:00,0.141014
2026-03-17 09:30+01:00,0.133762
2026-03-17 09:45+01:00,0.121074
2026-03-17 10:00+01:00,0.122607
2026-03-17 10:15+01:00,0.120075
2026-03-17 10:30+01:00,0.134937
2026-03-17 10:45+01:00,0.116359
2026-03-17 11:00+01:00,0.110731
2026-03-17 11:15+01:00,0.127732
2026-03-17 11:30+01:00,0.131055
2026-03-17 11:45+01:00,0.122456
2026-03-17 12:00+01:00,0.120725
2026-03-17 12:15+01:00,0.122659
2026-03-17 12:30+01:00,0.132085
2026-03-17 12:45+01:00,0.115414
2026-03-17 13:00+01:00,0.120656
2026-03-17 13:15+01:00,0.125998
2026-03-17 13:30+01:00,0.124867
2026-03-17 13:45+01:00,0.129415
2026-03-17 14:00+01:00,0.126062
2026-03-17 14:15+01:00,0.133983
2026-03-17 14:30+01:00,0.120816
2026-03-17 14:45+01:00,0.119834
2026-03-17 15:00+01:00,0.129144
2026-03-17 15:15+01:00,0.126238
2026-03-17 15:30+01:00,0.128402
2026-03-17 15:45+01:00,0.132961
2026-03-17 16:00+01:00,0.128021
2026-03-17 16:15+01:00,0.120001
2026-03-17 16:30+01:00,0.126936
2026-03-17 16:45+01:00,0.129456
2026-03-17 17:00+01:00,0.123727
2026-03-17 17:15+01:00,0.130223
2026-03-17 17:30+01:00,0.121971
2026-03-17 17:45+01:00,0.124258
2026-03-17 18:00+01:00,0.008652
2026-03-17 18:15+01:00,0.006136
2026-03-17 18:30+01:00,0.009198
2026-03-17 18:45+01:00,0.008431
2026-03-17 19:00+01:00,0.007629
2026-03-17 19:15+01:00,0.009701
2026-03-17 19:30+01:00,0.008538
2026-03-17 19:45+01:00,0.008253
2026-03-17 20:00+01:00,0.009921
2026-03-17 20:15+01:00,0.009543
2026-03-17 20:30+01:00,0.005969
2026-03-17 20:45+01:00,0.008489
2026-03-17 21:00+01:00,0.010050
2026-03-17 21:15+01:00,
2026-03-17 21:30+01:00,0.006151
2026-03-17 21:45+01:00,0.008559
2026-03-17 22:00+01:00,0.008772
2026-03-17 22:15+01:00,0.010674
2026-03-17 22:30+01:00,0.000000
2026-03-17 22:45+01:00,0.009370
2026-03-17 23:00+01:00,0.008385
2026-03-17 23:15+01:00,0.008431
2026-03-17 23:30+01:00,0.010144
2026-03-17 23:45+01:00,0.009067
2026-03-18 00:00+01:00,0.008300
2026-03-18 00:15+01:00,0.009770
2026-03-18 00:30+01:00,0.007313
2026-03-18 00:45+01:00,0.011215
2026-03-18 01:00+01:00,0.006596
2026-03-18 01:15+01:00,0.000000
2026-03-18 01:30+01:00,0.006804
2026-03-18 01:45+01:00,0.011015
2026-03-18 02:00+01:00,0.000000
2026-03-18 02:15+01:00,0.010604
2026-03-18 02:30+01:00,0.009190
2026-03-18 02:45+01:00,0.008653
2026-03-18 03:00+01:00,0.009368
2026-03-18 03:15+01:00,0.008861
2026-03-18 03:30+01:00,0.007418
2026-03-18 03:45+01:00,0.006704
2026-03-18 04:00+01:00,0.009790
2026-03-18 04:15+01:00,0.009023
2026-03-18 04:30+01:00,
2026-03-18 04:45+01:00,0.006962
2026-03-18 05:00+01:00,0.008916
2026-03-18 05:15+01:00,0.007960
2026-03-18 05:30+01:00,0.007404
2026-03-18 05:45+01:00,0.007996
2026-03-18 06:00+01:00,0.010747
2026-03-18 06:15+01:00,0.006392
2026-03-18 06:30+01:00,
2026-03-18 06:45+01:00,0.010168
2026-03-18 07:00+01:00,0.126072
2026-03-18 07:15+01:00,0.123692
2026-03-18 07:30+01:00,0.123020
2026-03-18 07:45+01:00,0.125735
2026-03-18 08:00+01:00,0.136371
2026-03-18 08:15+01:00,0.134599
2026-03-18 08:30+01:00,0.129274
2026-03-18 08:45+01:00,0.132172
2026-03-18 09:00+01:00,0.126420
2026-03-18 09:15+01:00,0.124246
2026-03-18 09:30+01:00,0.125790
2026-03-18 09:45+01:00,0.134600
2026-03-18 10:00+01:00,0.113864
2026-03-18 10:15+01:00,0.129261
2026-03-18 10:30+01:00,0.125813
2026-03-18 10:45+01:00,0.126901
2026-03-18 11:00+01:00,0.121667
2026-03-18 11:15+01:00,0.121579
2026-03-18 11:30+01:00,0.137380
2026-03-18 11:45+01:00,0.131144
2026-03-18 12:00+01:00,0.128442
2026-03-18 12:15+01:00,0.132248
2026-03-18 12:30+01:00,0.132765
2026-03-18 12:45+01:00,0.126510
2026-03-18 13:00+01:00,0.132338
2026-03-18 13:15+01:00,0.122988
2026-03-18 13:30+01:00,0.129430
2026-03-18 13:45+01:00,0.117935
2026-03-18 14:00+01:00,0.128579
2026-03-18 14:15+01:00,0.124545
2026-03-18 14:30+01:00,0.120957
2026-03-18 14:45+01:00,0.127676
2026-03-18 15:00+01:00,0.131343
2026-03-18 15:15+01:00,0.137273
2026-03-18 15:30+01:00,0.129846
2026-03-18 15:45+01:00,0.123037
2026-03-18 16:00+01:00,0.128017
2026-03-18 16:15+01:00,0.126217
2026-03-18 16:30+01:00,
2026-03-18 16:45+01:00,0.119845
2026-03-18 17:00+01:00,0.126518
2026-03-18 17:15+01:00,0.131994
2026-03-18 17:30+01:00,0.128727
2026-03-18 17:45+01:00,
2026-03-18 18:00+01:00,0.010914
2026-03-18 18:15+01:00,0.007900
2026-03-18 18:30+01:00,0.010278
2026-03-18 18:45+01:00,0.007867
2026-03-18 19:00+01:00,0.008921
2026-03-18 19:15+01:00,0.009358
2026-03-18 19:30+01:00,0.000000
2026-03-18 19:45+01:00,0.009609
2026-03-18 20:00+01:00,0.010591
2026-03-18 20:15+01:00,0.010634
2026-03-18 20:30+01:00,0.010375
2026-03-18 20:45+01:00,0.009511
2026-03-18 21:00+01:00,0.009780
2026-03-18 21:15+01:00,0.009998
2026-03-18 21:30+01:00,0.010331
2026-03-18 21:45+01:00,0.009334
2026-03-18 22:00+01:00,0.000000
2026-03-18 22:15+01:00,0.007207
2026-03-18 22:30+01:00,0.007363
2026-03-18 22:45+01:00,0.008746
2026-03-18 23:00+01:00,0.007498
2026-03-18 23:15+01:00,0.010881
2026-03-18 23:30+01:00,0.007678
2026-03-18 23:45+01:00,0.009281
2026-03-19 00:00+01:00,0.010396
2026-03-19 00:15+01:00,0.007959
2026-03-19 00:30+01:00,0.010149
2026-03-19 00:45+01:00,0.009168
2026-03-19 01:00+01:00,0.000000
2026-03-19 01:15+01:00,0.007419
2026-03-19 01:30+01:00,0.000000
2026-03-19 01:45+01:00,0.009481
2026-03-19 02:00+01:00,0.011093
2026-03-19 02:15+01:00,0.011283
2026-03-19 02:30+01:00,0.010885
2026-03-19 02:45+01:00,0.009184
2026-03-19 03:00+01:00,0.009145
2026-03-19 03:15+01:00,0.007379
2026-03-19 03:30+01:00,0.008750
2026-03-19 03:45+01:00,0.008321
2026-03-19 04:00+01:00,0.008151
2026-03-19 04:15+01:00,0.008000
2026-03-19 04:30+01:00,0.009483
2026-03-19 04:45+01:00,0.008728
2026-03-19 05:00+01:00,0.007616
2026-03-19 05:15+01:00,0.008835
2026-03-19 05:30+01:00,0.007769
2026-03-19 05:45+01:00,0.010186
2026-03-19 06:00+01:00,0.007638
2026-03-19 06:15+01:00,0.007860
2026-03-19 06:30+01:00,0.009044
2026-03-19 06:45+01:00,0.012233
2026-03-19 07:00+01:00,0.124984
2026-03-19 07:15+01:00,0.132208
2026-03-19 07:30+01:00,0.127745
2026-03-19 07:45+01:00,0.119574
2026-03-19 08:00+01:00,0.123858
2026-03-19 08:15+01:00,0.122870
2026-03-19 08:30+01:00,0.129864
2026-03-19 08:45+01:00,0.125341
2026-03-19 09:00+01:00,0.125527
2026-03-19 09:15+01:00,0.127485
2026-03-19 09:30+01:00,0.129042
2026-03-19 09:45+01:00,0.127988
2026-03-19 10:00+01:00,0.122539
2026-03-19 10:15+01:00,0.123458
2026-03-19 10:30+01:00,0.127923
2026-03-19 10:45+01:00,0.114253
2026-03-19 11:00+01:00,0.124023
2026-03-19 11:15+01:00,0.124307
2026-03-19 11:30+01:00,0.117132
2026-03-19 11:45+01:00,0.130126
2026-03-19 12:00+01:00,0.134276
2026-03-19 12:15+01:00,0.119655
2026-03-19 12:30+01:00,0.121113
2026-03-19 12:45+01:00,0.126960
2026-03-19 13:00+01:00,0.125706
2026-03-19 13:15+01:00,0.122311
2026-03-19 13:30+01:00,0.124722
2026-03-19 13:45+01:00,0.130432
2026-03-19 14:00+01:00,0.126162
2026-03-19 14:15+01:00,0.126810
2026-03-19 14:30+01:00,0.130430
2026-03-19 14:45+01:00,0.113620
2026-03-19 15:00+01:00,0.141505
2026-03-19 15:15+01:00,0.129047
2026-03-19 15:30+01:00,0.124787
2026-03-19 15:45+01:00,0.133145
2026-03-19 16:00+01:00,0.133066
2026-03-19 16:15+01:00,0.122959
2026-03-19 16:30+01:00,0.125865
2026-03-19 16:45+01:00,0.117194
2026-03-19 17:00+01:00,0.119915
2026-03-19 17:15+01:00,0.129256
2026-03-19 17:30+01:00,0.136679
2026-03-19 17:45+01:00,0.113151
2026-03-19 18:00+01:00,0.000000
2026-03-19 18:15+01:00,0.014220
2026-03-19 18:30+01:00,0.005593
2026-03-19 18:45+01:00,0.010710
2026-03-19 19:00+01:00,0.008658
2026-03-19 19:15+01:00,0.006467
2026-03-19 19:30+01:00,0.007495
2026-03-19 19:45+01:00,0.008590
2026-03-19 20:00+01:00,0.006339
2026-03-19 20:15+01:00,0.008773
2026-03-19 20:30+01:00,0.006029
2026-03-19 20:45+01:00,0.009365
2026-03-19 21:00+01:00,0.008959
2026-03-19 21:15+01:00,0.007526
2026-03-19 21:30+01:00,0.007588
2026-03-19 21:45+01:00,0.009891
2026-03-19 22:00+01:00,0.009223
2026-03-19 22:15+01:00,0.007869
2026-03-19 22:30+01:00,0.008438
2026-03-19 22:45+01:00,0.006496
2026-03-19 23:00+01:00,0.007410
2026-03-19 23:15+01:00,0.009162
2026-03-19 23:30+01:00,0.010295
2026-03-19 23:45+01:00,0.008277
2026-03-20 00:00+01:00,0.009223
2026-03-20 00:15+01:00,0.008715
2026-03-20 00:30+01:00,0.009792
2026-03-20 00:45+01:00,0.009895
2026-03-20 01:00+01:00,0.008943
2026-03-20 01:15+01:00,0.000000
2026-03-20 01:30+01:00,0.000000
2026-03-20 01:45+01:00,0.008697
2026-03-20 02:00+01:00,0.009551
2026-03-20 02:15+01:00,0.009570
2026-03-20 02:30+01:00,0.005332
2026-03-20 02:45+01:00,0.006384
2026-03-20 03:00+01:00,0.006508
2026-03-20 03:15+01:00,0.009771
2026-03-20 03:30+01:00,0.011484
2026-03-20 03:45+01:00,0.010948
2026-03-20 04:00+01:00,0.007967
2026-03-20 04:15+01:00,0.007751
2026-03-20 04:30+01:00,0.000000
2026-03-20 04:45+01:00,0.008083
2026-03-20 05:00+01:00,0.000000
2026-03-20 05:15+01:00,0.012208
2026-03-20 05:30+01:00,0.006206
2026-03-20 05:45+01:00,0.008354
2026-03-20 06:00+01:00,0.004995
2026-03-20 06:15+01:00,0.000000
2026-03-20 06:30+01:00,0.009613
2026-03-20 06:45+01:00,0.009904
2026-03-20 07:00+01:00,0.129512
2026-03-20 07:15+01:00,0.129213
2026-03-20 07:30+01:00,0.130019
2026-03-20 07:45+01:00,0.124435
2026-03-20 08:00+01:00,0.121315
2026-03-20 08:15+01:00,0.126088
2026-03-20 08:30+01:00,0.120250
2026-03-20 08:45+01:00,0.127703
2026-03-20 09:00+01:00,0.117668
2026-03-20 09:15+01:00,0.136270
2026-03-20 09:30+01:00,0.126099
2026-03-20 09:45+01:00,0.128064
2026-03-20 10:00+01:00,0.122900
2026-03-20 10:15+01:00,0.113944
2026-03-20 10:30+01:00,0.113870
2026-03-20 10:45+01:00,0.128634
2026-03-20 11:00+01:00,0.114191
2026-03-20 11:15+01:00,0.123932
2026-03-20 11:30+01:00,0.127676
2026-03-20 11:45+01:00,0.138287
2026-03-20 12:00+01:00,
2026-03-20 12:15+01:00,0.128253
2026-03-20 12:30+01:00,0.117004
2026-03-20 12:45+01:00,0.127601
2026-03-20 13:00+01:00,0.131153
2026-03-20 13:15+01:00,0.125670
2026-03-20 13:30+01:00,0.115132
2026-03-20 13:45+01:00,0.136432
2026-03-20 14:00+01:00,0.121962
2026-03-20 14:15+01:00,0.111063
2026-03-20 14:30+01:00,0.119785
2026-03-20 14:45+01:00,0.124254
2026-03-20 15:00+01:00,0.126204
2026-03-20 15:15+01:00,0.126364
2026-03-20 15:30+01:00,0.122634
2026-03-20 15:45+01:00,0.135227
2026-03-20 16:00+01:00,0.130978
2026-03-20 16:15+01:00,0.125565
2026-03-20 16:30+01:00,0.121195
2026-03-20 16:45+01:00,0.124138
2026-03-20 17:00+01:00,0.122962
2026-03-20 17:15+01:00,0.126674
2026-03-20 17:30+01:00,0.126934
2026-03-20 17:45+01:00,0.136065
2026-03-20 18:00+01:00,0.006669
2026-03-20 18:15+01:00,0.009696
2026-03-20 18:30+01:00,0.007824
2026-03-20 18:45+01:00,0.005152
2026-03-20 19:00+01:00,0.007123
2026-03-20 19:15+01:00,0.009674
2026-03-20 19:30+01:00,0.007104
2026-03-20 19:45+01:00,0.009025
2026-03-20 20:00+01:00,0.010417
2026-03-20 20:15+01:00,0.007157
2026-03-20 20:30+01:00,0.007780
2026-03-20 20:45+01:00,0.008558
2026-03-20 21:00+01:00,0.008149
2026-03-20 21:15+01:00,0.011236
2026-03-20 21:30+01:00,0.008947
2026-03-20 21:45+01:00,0.011235
2026-03-20 22:00+01:00,0.012838
2026-03-20 22:15+01:00,0.006151
2026-03-20 22:30+01:00,0.007775
2026-03-20 22:45+01:00,0.011835
2026-03-20 23:00+01:00,0.007759
2026-03-20 23:15+01:00,0.011044
2026-03-20 23:30+01:00,0.010604
2026-03-20 23:45+01:00,0.008080
2026-03-21 00:00+01:00,0.009946
2026-03-21 00:15+01:00,0.003955
2026-03-21 00:30+01:00,0.004258
2026-03-21 00:45+01:00,0.004126
2026-03-21 01:00+01:00,0.004646
2026-03-21 01:15+01:00,0.003498
2026-03-21 01:30+01:00,0.005617
2026-03-21 01:45+01:00,0.003357
2026-03-21 02:00+01:00,0.003895
2026-03-21 02:15+01:00,0.003598
2026-03-21 02:30+01:00,0.004216
2026-03-21 02:45+01:00,0.003501
2026-03-21 03:00+01:00,0.005150
2026-03-21 03:15+01:00,0.003291
2026-03-21 03:30+01:00,0.003937
2026-03-21 03:45+01:00,0.003729
2026-03-21 04:00+01:00,0.002331
2026-03-21 04:15+01:00,0.002862
2026-03-21 04:30+01:00,0.003690
2026-03-21 04:45+01:00,0.002875
2026-03-21 05:00+01:00,0.003712
2026-03-21 05:15+01:00,0.004067
2026-03-21 05:30+01:00,0.003973
2026-03-21 05:45+01:00,0.003364
2026-03-21 06:00+01:00,0.005188
2026-03-21 06:15+01:00,0.005266
2026-03-21 06:30+01:00,0.003937
2026-03-21 06:45+01:00,0.002774
2026-03-21 07:00+01:00,0.004684
2026-03-21 07:15+01:00,0.004305
2026-03-21 07:30+01:00,0.000000
2026-03-21 07:45+01:00,0.005283
2026-03-21 08:00+01:00,0.004237
2026-03-21 08:15+01:00,0.003001
2026-03-21 08:30+01:00,0.003761
2026-03-21 08:45+01:00,0.003765
2026-03-21 09:00+01:00,0.030451
2026-03-21 09:15+01:00,0.004086
2026-03-21 09:30+01:00,0.003764
2026-03-21 09:45+01:00,0.003626
2026-03-21 10:00+01:00,0.002930
2026-03-21 10:15+01:00,0.005186
2026-03-21 10:30+01:00,0.004644
2026-03-21 10:45+01:00,0.003456
2026-03-21 11:00+01:00,0.002245
2026-03-21 11:15+01:00,0.003109
2026-03-21 11:30+01:00,0.002863
2026-03-21 11:45+01:00,0.003942
2026-03-21 12:00+01:00,0.003370
2026-03-21 12:15+01:00,0.004824
2026-03-21 12:30+01:00,0.003003
2026-03-21 12:45+01:00,0.002188
2026-03-21 13:00+01:00,0.000000
2026-03-21 13:15+01:00,0.003493
2026-03-21 13:30+01:00,0.004079
2026-03-21 13:45+01:00,0.004528
2026-03-21 14:00+01:00,0.000000
2026-03-21 14:15+01:00,0.003479
2026-03-21 14:30+01:00,0.004909
2026-03-21 14:45+01:00,0.004827
2026-03-21 15:00+01:00,0.004052
2026-03-21 15:15+01:00,0.004196
2026-03-21 15:30+01:00,0.000000
2026-03-21 15:45+01:00,0.003450
2026-03-21 16:00+01:00,0.004894
2026-03-21 16:15+01:00,0.003236
2026-03-21 16:30+01:00,0.005368
2026-03-21 16:45+01:00,0.005627
2026-03-21 17:00+01:00,0.003439
2026-03-21 17:15+01:00,0.003936
2026-03-21 17:30+01:00,0.004283
2026-03-21 17:45+01:00,0.002251
2026-03-21 18:00+01:00,0.003271
2026-03-21 18:15+01:00,0.004800
2026-03-21 18:30+01:00,0.003289
2026-03-21 18:45+01:00,0.004365
2026-03-21 19:00+01:00,0.003646
2026-03-21 19:15+01:00,0.003480
2026-03-21 19:30+01:00,0.004458
2026-03-21 19:45+01:00,0.004410
2026-03-21 20:00+01:00,0.004093
2026-03-21 20:15+01:00,0.004268
2026-03-21 20:30+01:00,0.004720
2026-03-21 20:45+01:00,0.002821
2026-03-21 21:00+01:00,0.004703
2026-03-21 21:15+01:00,0.002989
2026-03-21 21:30+01:00,0.003604
2026-03-21 21:45+01:00,0.003895
2026-03-21 22:00+01:00,0.004411
2026-03-21 22:15+01:00,0.004221
2026-03-21 22:30+01:00,0.004754
2026-03-21 22:45+01:00,0.004253
2026-03-21 23:00+01:00,0.004555
2026-03-21 23:15+01:00,0.002759
2026-03-21 23:30+01:00,0.003595
2026-03-21 23:45+01:00,0.005824
2026-03-22 00:00+01:00,0.004738
2026-03-22 00:15+01:00,0.002952
2026-03-22 00:30+01:00,0.003642
2026-03-22 00:45+01:00,0.003372
2026-03-22 01:00+01:00,0.003008
2026-03-22 01:15+01:00,0.003383
2026-03-22 01:30+01:00,0.000000
2026-03-22 01:45+01:00,0.004438
2026-03-22 02:00+01:00,0.003799
2026-03-22 02:15+01:00,0.003329
2026-03-22 02:30+01:00,0.004199
2026-03-22 02:45+01:00,0.003696
2026-03-22 03:00+01:00,0.003375
2026-03-22 03:15+01:00,0.002830
2026-03-22 03:30+01:00,0.002586
2026-03-22 03:45+01:00,0.003612
2026-03-22 04:00+01:00,0.004029
2026-03-22 04:15+01:00,0.003194
2026-03-22 04:30+01:00,0.003505
2026-03-22 04:45+01:00,0.004437
2026-03-22 05:00+01:00,0.004214
2026-03-22 05:15+01:00,0.003676
2026-03-22 05:30+01:00,0.003763
2026-03-22 05:45+01:00,0.004590
2026-03-22 06:00+01:00,0.005245
2026-03-22 06:15+01:00,0.003087
2026-03-22 06:30+01:00,0.003729
2026-03-22 06:45+01:00,0.002945
2026-03-22 07:00+01:00,0.003934
2026-03-22 07:15+01:00,0.003615
2026-03-22 07:30+01:00,0.002502
2026-03-22 07:45+01:00,0.002854
2026-03-22 08:00+01:00,0.003809
2026-03-22 08:15+01:00,0.003207
2026-03-22 08:30+01:00,0.004280
2026-03-22 08:45+01:00,0.002689
2026-03-22 09:00+01:00,0.003359
2026-03-22 09:15+01:00,0.003673
2026-03-22 09:30+01:00,0.003480
2026-03-22 09:45+01:00,0.004627
2026-03-22 10:00+01:00,0.003743
2026-03-22 10:15+01:00,0.003626
2026-03-22 10:30+01:00,0.005144
2026-03-22 10:45+01:00,0.003698
2026-03-22 11:00+01:00,0.004096
2026-03-22 11:15+01:00,0.003730
2026-03-22 11:30+01:00,0.003887
2026-03-22 11:45+01:00,0.002626
2026-03-22 12:00+01:00,0.004807
2026-03-22 12:15+01:00,0.003757
2026-03-22 12:30+01:00,0.003563
2026-03-22 12:45+01:00,0.003072
2026-03-22 13:00+01:00,0.004579
2026-03-22 13:15+01:00,0.002959
2026-03-22 13:30+01:00,0.004182
2026-03-22 13:45+01:00,0.000000
2026-03-22 14:00+01:00,0.004188
2026-03-22 14:15+01:00,0.004816
2026-03-22 14:30+01:00,0.004227
2026-03-22 14:45+01:00,0.002979
2026-03-22 15:00+01:00,0.003729
2026-03-22 15:15+01:00,0.004128
2026-03-22 15:30+01:00,0.004806
2026-03-22 15:45+01:00,0.003203
2026-03-22 16:00+01:00,0.004276
2026-03-22 16:15+01:00,0.003269
2026-03-22 16:30+01:00,0.003363
2026-03-22 16:45+01:00,0.003386
2026-03-22 17:00+01:00,0.004753
2026-03-22 17:15+01:00,0.004455
2026-03-22 17:30+01:00,0.004445
2026-03-22 17:45+01:00,0.002776
2026-03-22 18:00+01:00,0.003142
2026-03-22 18:15+01:00,0.004351
2026-03-22 18:30+01:00,0.000000
2026-03-22 18:45+01:00,0.004297
2026-03-22 19:00+01:00,0.000000
2026-03-22 19:15+01:00,0.004717
2026-03-22 19:30+01:00,0.003492
2026-03-22 19:45+01:00,0.003834
2026-03-22 20:00+01:00,0.004084
2026-03-22 20:15+01:00,0.004297
2026-03-22 20:30+01:00,0.004032
2026-03-22 20:45+01:00,0.003407
2026-03-22 21:00+01:00,0.003969
2026-03-22 21:15+01:00,0.004108
2026-03-22 21:30+01:00,0.002559
2026-03-22 21:45+01:00,0.004064
2026-03-22 22:00+01:00,0.004283
2026-03-22 22:15+01:00,0.004565
2026-03-22 22:30+01:00,0.003765
2026-03-22 22:45+01:00,0.000000
2026-03-22 23:00+01:00,0.003311
2026-03-22 23:15+01:00,0.003224
2026-03-22 23:30+01:00,0.003060
2026-03-22 23:45+01:00,0.005310
2026-03-23 00:00+01:00,0.002794
2026-03-23 00:15+01:00,0.009136
2026-03-23 00:30+01:00,0.009868
2026-03-23 00:45+01:00,0.000000
2026-03-23 01:00+01:00,0.009565
2026-03-23 01:15+01:00,0.008787
2026-03-23 01:30+01:00,0.007976
2026-03-23 01:45+01:00,0.007219
2026-03-23 02:00+01:00,0.006786
2026-03-23 02:15+01:00,0.006937
2026-03-23 02:30+01:00,0.007667
2026-03-23 02:45+01:00,0.009206
2026-03-23 03:00+01:00,0.007201
2026-03-23 03:15+01:00,
2026-03-23 03:30+01:00,0.008908
2026-03-23 03:45+01:00,
2026-03-23 04:00+01:00,0.009149
2026-03-23 04:15+01:00,0.010126
2026-03-23 04:30+01:00,0.009578
2026-03-23 04:45+01:00,0.009543
2026-03-23 05:00+01:00,0.007400
2026-03-23 05:15+01:00,
2026-03-23 05:30+01:00,0.008275
2026-03-23 05:45+01:00,0.008387
2026-03-23 06:00+01:00,0.006636
2026-03-23 06:15+01:00,0.008750
2026-03-23 06:30+01:00,0.008440
2026-03-23 06:45+01:00,0.008867
2026-03-23 07:00+01:00,0.125005
2026-03-23 07:15+01:00,0.121799
2026-03-23 07:30+01:00,0.124986
2026-03-23 07:45+01:00,0.124513
2026-03-23 08:00+01:00,0.105928
2026-03-23 08:15+01:00,0.130193
2026-03-23 08:30+01:00,0.121621
2026-03-23 08:45+01:00,0.131758
2026-03-23 09:00+01:00,0.134536
2026-03-23 09:15+01:00,0.130179
2026-03-23 09:30+01:00,0.127684
2026-03-23 09:45+01:00,0.122168
2026-03-23 10:00+01:00,0.123142
2026-03-23 10:15+01:00,0.135538
2026-03-23 10:30+01:00,0.119022
2026-03-23 10:45+01:00,0.111042
2026-03-23 11:00+01:00,0.133078
2026-03-23 11:15+01:00,0.129764
2026-03-23 11:30+01:00,0.118386
2026-03-23 11:45+01:00,0.133482
2026-03-23 12:00+01:00,0.118693
2026-03-23 12:15+01:00,0.122263
2026-03-23 12:30+01:00,0.123177
2026-03-23 12:45+01:00,0.124800
2026-03-23 13:00+01:00,0.128677
2026-03-23 13:15+01:00,0.123209
2026-03-23 13:30+01:00,0.121854
2026-03-23 13:45+01:00,0.129315
2026-03-23 14:00+01:00,0.114682
2026-03-23 14:15+01:00,0.124765
2026-03-23 14:30+01:00,0.122875
2026-03-23 14:45+01:00,0.128582
2026-03-23 15:00+01:00,0.125059
2026-03-23 15:15+01:00,0.127692
2026-03-23 15:30+01:00,0.125036
2026-03-23 15:45+01:00,0.119424
2026-03-23 16:00+01:00,0.131304
2026-03-23 16:15+01:00,0.129309
2026-03-23 16:30+01:00,0.128356
2026-03-23 16:45+01:00,0.120885
2026-03-23 17:00+01:00,0.125849
2026-03-23 17:15+01:00,0.125682
2026-03-23 17:30+01:00,0.124128
2026-03-23 17:45+01:00,0.130056
2026-03-23 18:00+01:00,0.009268
2026-03-23 18:15+01:00,0.009570
2026-03-23 18:30+01:00,0.010231
2026-03-23 18:45+01:00,0.007471
2026-03-23 19:00+01:00,0.006857
2026-03-23 19:15+01:00,0.008643
2026-03-23 19:30+01:00,0.008840
2026-03-23 19:45+01:00,0.010562
2026-03-23 20:00+01:00,0.010332
2026-03-23 20:15+01:00,0.008962
2026-03-23 20:30+01:00,0.009292
2026-03-23 20:45+01:00,0.007760
2026-03-23 21:00+01:00,0.008874
2026-03-23 21:15+01:00,0.010201
2026-03-23 21:30+01:00,0.009446
2026-03-23 21:45+01:00,0.009117
2026-03-23 22:00+01:00,0.007725
2026-03-23 22:15+01:00,0.010167
2026-03-23 22:30+01:00,0.006313
2026-03-23 22:45+01:00,0.011559
2026-03-23 23:00+01:00,0.008975
2026-03-23 23:15+01:00,0.009504
2026-03-23 23:30+01:00,0.012732
2026-03-23 23:45+01:00,0.008975
2026-03-24 00:00+01:00,0.010120
2026-03-24 00:15+01:00,0.008120
2026-03-24 00:30+01:00,0.007603
2026-03-24 00:45+01:00,0.008318
2026-03-24 01:00+01:00,0.010003
2026-03-24 01:15+01:00,0.008230
2026-03-24 01:30+01:00,0.008189
2026-03-24 01:45+01:00,0.008802
2026-03-24 02:00+01:00,0.009968
2026-03-24 02:15+01:00,0.008419
2026-03-24 02:30+01:00,0.007161
2026-03-24 02:45+01:00,0.009816
2026-03-24 03:00+01:00,0.007545
2026-03-24 03:15+01:00,
2026-03-24 03:30+01:00,0.010312
2026-03-24 03:45+01:00,0.009982
2026-03-24 04:00+01:00,0.007815
2026-03-24 04:15+01:00,0.009642
2026-03-24 04:30+01:00,0.010180
2026-03-24 04:45+01:00,0.011479
2026-03-24 05:00+01:00,0.007410
2026-03-24 05:15+01:00,0.000000
2026-03-24 05:30+01:00,0.005470
2026-03-24 05:45+01:00,0.010099
2026-03-24 06:00+01:00,0.010151
2026-03-24 06:15+01:00,0.007972
2026-03-24 06:30+01:00,0.010794
2026-03-24 06:45+01:00,0.008667
2026-03-24 07:00+01:00,0.120928
2026-03-24 07:15+01:00,0.117729
2026-03-24 07:30+01:00,0.133008
2026-03-24 07:45+01:00,0.132165
2026-03-24 08:00+01:00,0.122374
2026-03-24 08:15+01:00,0.126962
2026-03-24 08:30+01:00,0.126625
2026-03-24 08:45+01:00,0.132332
2026-03-24 09:00+01:00,0.132719
2026-03-24 09:15+01:00,0.133756
2026-03-24 09:30+01:00,0.120396
2026-03-24 09:45+01:00,0.116249
2026-03-24 10:00+01:00,0.133440
2026-03-24 10:15+01:00,0.120212
2026-03-24 10:30+01:00,0.135798
2026-03-24 10:45+01:00,0.126536
2026-03-24 11:00+01:00,0.131590
2026-03-24 11:15+01:00,0.125274
2026-03-24 11:30+01:00,0.120499
2026-03-24 11:45+01:00,0.121139
2026-03-24 12:00+01:00,0.124395
2026-03-24 12:15+01:00,0.116025
2026-03-24 12:30+01:00,0.119221
2026-03-24 12:45+01:00,0.123561
2026-03-24 13:00+01:00,0.120300
2026-03-24 13:15+01:00,0.125295
2026-03-24 13:30+01:00,0.127505
2026-03-24 13:45+01:00,0.126286
2026-03-24 14:00+01:00,0.133220
2026-03-24 14:15+01:00,0.128643
2026-03-24 14:30+01:00,0.947605
2026-03-24 14:45+01:00,0.985620
2026-03-24 15:00+01:00,0.126773
2026-03-24 15:15+01:00,0.128344
2026-03-24 15:30+01:00,0.129157
2026-03-24 15:45+01:00,0.127133
2026-03-24 16:00+01:00,
2026-03-24 16:15+01:00,0.130501
2026-03-24 16:30+01:00,0.119072
2026-03-24 16:45+01:00,0.131934
2026-03-24 17:00+01:00,0.122613
2026-03-24 17:15+01:00,0.128088
2026-03-24 17:30+01:00,0.116157
2026-03-24 17:45+01:00,0.125038
2026-03-24 18:00+01:00,0.008900
2026-03-24 18:15+01:00,0.010999
2026-03-24 18:30+01:00,0.010335
2026-03-24 18:45+01:00,0.009716
2026-03-24 19:00+01:00,0.011382
2026-03-24 19:15+01:00,0.007190
2026-03-24 19:30+01:00,0.000000
2026-03-24 19:45+01:00,0.000000
2026-03-24 20:00+01:00,0.007332
2026-03-24 20:15+01:00,0.006321
2026-03-24 20:30+01:00,0.007296
2026-03-24 20:45+01:00,0.007849
2026-03-24 21:00+01:00,0.009061
2026-03-24 21:15+01:00,0.009414
2026-03-24 21:30+01:00,0.008739
2026-03-24 21:45+01:00,0.010099
2026-03-24 22:00+01:00,0.008602
2026-03-24 22:15+01:00,0.009040
2026-03-24 22:30+01:00,0.008424
2026-03-24 22:45+01:00,0.009821
2026-03-24 23:00+01:00,0.009149
2026-03-24 23:15+01:00,0.010150
2026-03-24 23:30+01:00,0.008904
2026-03-24 23:45+01:00,0.007701
2026-03-25 00:00+01:00,0.009240
2026-03-25 00:15+01:00,0.009385
2026-03-25 00:30+01:00,0.006015
2026-03-25 00:45+01:00,0.006258
2026-03-25 01:00+01:00,0.009454
2026-03-25 01:15+01:00,0.010086
2026-03-25 01:30+01:00,0.005185
2026-03-25 01:45+01:00,0.010334
2026-03-25 02:00+01:00,0.010260
2026-03-25 02:15+01:00,0.011051
2026-03-25 02:30+01:00,0.011056
2026-03-25 02:45+01:00,0.011516
2026-03-25 03:00+01:00,0.010961
2026-03-25 03:15+01:00,0.009323
2026-03-25 03:30+01:00,0.008106
2026-03-25 03:45+01:00,0.008035
2026-03-25 04:00+01:00,0.006396
2026-03-25 04:15+01:00,0.009751
2026-03-25 04:30+01:00,0.009849
2026-03-25 04:45+01:00,0.008973
2026-03-25 05:00+01:00,0.006023
2026-03-25 05:15+01:00,0.000000
2026-03-25 05:30+01:00,0.010005
2026-03-25 05:45+01:00,0.009127
2026-03-25 06:00+01:00,0.008886
2026-03-25 06:15+01:00,0.008307
2026-03-25 06:30+01:00,0.000000
2026-03-25 06:45+01:00,0.008038
2026-03-25 07:00+01:00,0.122400
2026-03-25 07:15+01:00,
2026-03-25 07:30+01:00,0.126372
2026-03-25 07:45+01:00,0.130404
2026-03-25 08:00+01:00,0.122809
2026-03-25 08:15+01:00,0.131939
2026-03-25 08:30+01:00,0.129583
2026-03-25 08:45+01:00,0.118495
2026-03-25 09:00+01:00,0.126563
2026-03-25 09:15+01:00,0.119455
2026-03-25 09:30+01:00,0.133555
2026-03-25 09:45+01:00,0.131052
2026-03-25 10:00+01:00,0.128918
2026-03-25 10:15+01:00,0.122569
2026-03-25 10:30+01:00,0.127374
2026-03-25 10:45+01:00,0.129719
2026-03-25 11:00+01:00,0.124553
2026-03-25 11:15+01:00,0.132179
2026-03-25 11:30+01:00,0.125058
2026-03-25 11:45+01:00,0.134703
2026-03-25 12:00+01:00,0.130403
2026-03-25 12:15+01:00,0.124196
2026-03-25 12:30+01:00,0.123002
2026-03-25 12:45+01:00,0.125909
2026-03-25 13:00+01:00,0.118844
2026-03-25 13:15+01:00,0.135214
2026-03-25 13:30+01:00,0.129306
2026-03-25 13:45+01:00,0.133175
2026-03-25 14:00+01:00,0.121546
2026-03-25 14:15+01:00,0.125460
2026-03-25 14:30+01:00,0.123091
2026-03-25 14:45+01:00,0.122045
2026-03-25 15:00+01:00,0.120218
2026-03-25 15:15+01:00,0.131900
2026-03-25 15:30+01:00,0.134469
2026-03-25 15:45+01:00,0.117995
2026-03-25 16:00+01:00,0.123572
2026-03-25 16:15+01:00,0.119082
2026-03-25 16:30+01:00,0.121974
2026-03-25 16:45+01:00,0.115674
2026-03-25 17:00+01:00,0.132253
2026-03-25 17:15+01:00,0.143444
2026-03-25 17:30+01:00,0.119487
2026-03-25 17:45+01:00,0.118415
2026-03-25 18:00+01:00,0.009493
2026-03-25 18:15+01:00,0.006833
2026-03-25 18:30+01:00,0.008877
2026-03-25 18:45+01:00,0.000000
2026-03-25 19:00+01:00,0.008613
2026-03-25 19:15+01:00,0.009383
2026-03-25 19:30+01:00,0.007336
2026-03-25 19:45+01:00,0.006195
2026-03-25 20:00+01:00,0.009066
2026-03-25 20:15+01:00,0.008064
2026-03-25 20:30+01:00,0.009225
2026-03-25 20:45+01:00,0.007732
2026-03-25 21:00+01:00,0.007391
2026-03-25 21:15+01:00,0.011144
2026-03-25 21:30+01:00,0.009716
2026-03-25 21:45+01:00,0.009496
2026-03-25 22:00+01:00,0.008153
2026-03-25 22:15+01:00,0.007553
2026-03-25 22:30+01:00,0.000000
2026-03-25 22:45+01:00,0.007859
2026-03-25 23:00+01:00,0.009114
2026-03-25 23:15+01:00,0.007993
2026-03-25 23:30+01:00,0.010622
2026-03-25 23:45+01:00,0.010300
2026-03-26 00:00+01:00,0.007892
2026-03-26 00:15+01:00,0.005811
2026-03-26 00:30+01:00,0.008876
2026-03-26 00:45+01:00,0.009026
2026-03-26 01:00+01:00,0.008235
2026-03-26 01:15+01:00,0.008209
2026-03-26 01:30+01:00,0.007863
2026-03-26 01:45+01:00,0.008528
2026-03-26 02:00+01:00,0.008993
2026-03-26 02:15+01:00,0.006873
2026-03-26 02:30+01:00,0.009058
2026-03-26 02:45+01:00,0.010465
2026-03-26 03:00+01:00,0.010061
2026-03-26 03:15+01:00,0.008976
2026-03-26 03:30+01:00,0.012249
2026-03-26 03:45+01:00,0.008154
2026-03-26 04:00+01:00,0.009367
2026-03-26 04:15+01:00,0.009781
2026-03-26 04:30+01:00,0.008645
2026-03-26 04:45+01:00,0.010489
2026-03-26 05:00+01:00,0.010366
2026-03-26 05:15+01:00,0.008240
2026-03-26 05:30+01:00,0.006124
2026-03-26 05:45+01:00,0.011591
2026-03-26 06:00+01:00,0.008059
2026-03-26 06:15+01:00,0.007812
2026-03-26 06:30+01:00,0.013241
2026-03-26 06:45+01:00,0.007255
2026-03-26 07:00+01:00,0.127381
2026-03-26 07:15+01:00,0.116938
2026-03-26 07:30+01:00,0.123481
2026-03-26 07:45+01:00,0.123411
2026-03-26 08:00+01:00,0.111602
2026-03-26 08:15+01:00,0.140774
2026-03-26 08:30+01:00,0.127618
2026-03-26 08:45+01:00,0.132586
2026-03-26 09:00+01:00,0.127780
2026-03-26 09:15+01:00,0.130991
2026-03-26 09:30+01:00,0.117525
2026-03-26 09:45+01:00,0.111168
2026-03-26 10:00+01:00,0.119059
2026-03-26 10:15+01:00,0.119075
2026-03-26 10:30+01:00,0.127510
2026-03-26 10:45+01:00,0.134517
2026-03-26 11:00+01:00,0.128158
2026-03-26 11:15+01:00,0.117384
2026-03-26 11:30+01:00,0.131656
2026-03-26 11:45+01:00,
2026-03-26 12:00+01:00,0.107987
2026-03-26 12:15+01:00,0.128631
2026-03-26 12:30+01:00,0.125259
2026-03-26 12:45+01:00,0.117114
2026-03-26 13:00+01:00,0.129645
2026-03-26 13:15+01:00,0.138287
2026-03-26 13:30+01:00,0.123228
2026-03-26 13:45+01:00,0.119854
2026-03-26 14:00+01:00,0.123305
2026-03-26 14:15+01:00,0.123146
2026-03-26 14:30+01:00,0.122335
2026-03-26 14:45+01:00,0.121999
2026-03-26 15:00+01:00,0.133252
2026-03-26 15:15+01:00,0.132702
2026-03-26 15:30+01:00,0.120095
2026-03-26 15:45+01:00,
2026-03-26 16:00+01:00,0.137283
2026-03-26 16:15+01:00,0.128412
2026-03-26 16:30+01:00,0.129370
2026-03-26 16:45+01:00,0.121926
2026-03-26 17:00+01:00,0.127838
2026-03-26 17:15+01:00,
2026-03-26 17:30+01:00,0.129051
2026-03-26 17:45+01:00,0.135951
2026-03-26 18:00+01:00,0.010793
2026-03-26 18:15+01:00,0.008304
2026-03-26 18:30+01:00,0.009961
2026-03-26 18:45+01:00,0.008986
2026-03-26 19:00+01:00,0.009731
2026-03-26 19:15+01:00,0.011322
2026-03-26 19:30+01:00,0.009435
2026-03-26 19:45+01:00,0.008295
2026-03-26 20:00+01:00,0.008370
2026-03-26 20:15+01:00,0.009464
2026-03-26 20:30+01:00,0.007529
2026-03-26 20:45+01:00,0.010148
2026-03-26 21:00+01:00,0.011079
2026-03-26 21:15+01:00,0.008053
2026-03-26 21:30+01:00,0.010073
2026-03-26 21:45+01:00,0.010599
2026-03-26 22:00+01:00,0.009129
2026-03-26 22:15+01:00,0.011319
2026-03-26 22:30+01:00,0.009174
2026-03-26 22:45+01:00,0.008662
2026-03-26 23:00+01:00,0.008772
2026-03-26 23:15+01:00,
2026-03-26 23:30+01:00,0.009306
2026-03-26 23:45+01:00,0.007605
2026-03-27 00:00+01:00,0.008349
2026-03-27 00:15+01:00,0.008391
2026-03-27 00:30+01:00,0.007655
2026-03-27 00:45+01:00,0.007820
2026-03-27 01:00+01:00,0.008929
2026-03-27 01:15+01:00,0.010457
2026-03-27 01:30+01:00,0.008508
2026-03-27 01:45+01:00,0.009993
2026-03-27 02:00+01:00,0.007431
2026-03-27 02:15+01:00,
2026-03-27 02:30+01:00,0.008210
2026-03-27 02:45+01:00,0.008612
2026-03-27 03:00+01:00,0.009042
2026-03-27 03:15+01:00,
2026-03-27 03:30+01:00,0.009580
2026-03-27 03:45+01:00,0.009274
2026-03-27 04:00+01:00,0.008216
2026-03-27 04:15+01:00,0.008741
2026-03-27 04:30+01:00,0.007851
2026-03-27 04:45+01:00,0.000000
2026-03-27 05:00+01:00,0.008541
2026-03-27 05:15+01:00,0.006666
2026-03-27 05:30+01:00,0.009136
2026-03-27 05:45+01:00,0.008914
2026-03-27 06:00+01:00,0.008289
2026-03-27 06:15+01:00,0.007958
2026-03-27 06:30+01:00,0.005965
2026-03-27 06:45+01:00,0.009475
2026-03-27 07:00+01:00,0.124661
2026-03-27 07:15+01:00,0.115581
2026-03-27 07:30+01:00,0.122534
2026-03-27 07:45+01:00,0.123823
2026-03-27 08:00+01:00,0.122649
2026-03-27 08:15+01:00,0.122519
2026-03-27 08:30+01:00,0.133906
2026-03-27 08:45+01:00,0.124208
2026-03-27 09:00+01:00,0.120504
2026-03-27 09:15+01:00,0.124384
2026-03-27 09:30+01:00,0.123295
2026-03-27 09:45+01:00,0.126308
2026-03-27 10:00+01:00,0.122291
2026-03-27 10:15+01:00,0.117825
2026-03-27 10:30+01:00,0.136393
2026-03-27 10:45+01:00,0.119064
2026-03-27 11:00+01:00,0.125999
2026-03-27 11:15+01:00,0.137033
2026-03-27 11:30+01:00,0.120988
2026-03-27 11:45+01:00,0.127096
2026-03-27 12:00+01:00,0.132189
2026-03-27 12:15+01:00,0.136045
2026-03-27 12:30+01:00,0.126834
2026-03-27 12:45+01:00,0.130625
2026-03-27 13:00+01:00,0.132164
2026-03-27 13:15+01:00,0.125594
2026-03-27 13:30+01:00,0.131074
2026-03-27 13:45+01:00,0.130494
2026-03-27 14:00+01:00,0.113312
2026-03-27 14:15+01:00,0.120773
2026-03-27 14:30+01:00,0.124226
2026-03-27 14:45+01:00,0.114910
2026-03-27 15:00+01:00,0.117915
2026-03-27 15:15+01:00,0.134841
2026-03-27 15:30+01:00,0.122466
2026-03-27 15:45+01:00,0.119691
2026-03-27 16:00+01:00,0.120237
2026-03-27 16:15+01:00,0.131710
2026-03-27 16:30+01:00,0.110018
2026-03-27 16:45+01:00,0.131439
2026-03-27 17:00+01:00,0.129406
2026-03-27 17:15+01:00,0.124000
2026-03-27 17:30+01:00,0.125138
2026-03-27 17:45+01:00,0.122897
2026-03-27 18:00+01:00,0.009892
2026-03-27 18:15+01:00,0.009955
2026-03-27 18:30+01:00,0.010830
2026-03-27 18:45+01:00,0.009358
2026-03-27 19:00+01:00,0.010450
2026-03-27 19:15+01:00,0.010038
2026-03-27 19:30+01:00,0.010081
2026-03-27 19:45+01:00,0.007596
2026-03-27 20:00+01:00,0.009221
2026-03-27 20:15+01:00,0.009420
2026-03-27 20:30+01:00,0.009181
2026-03-27 20:45+01:00,0.006843
2026-03-27 21:00+01:00,0.010419
2026-03-27 21:15+01:00,0.093464
2026-03-27 21:30+01:00,0.007165
2026-03-27 21:45+01:00,0.009829
2026-03-27 22:00+01:00,0.008997
2026-03-27 22:15+01:00,0.009245
2026-03-27 22:30+01:00,0.004903
2026-03-27 22:45+01:00,0.008781
2026-03-27 23:00+01:00,0.007655
2026-03-27 23:15+01:00,0.009516
2026-03-27 23:30+01:00,0.007904
2026-03-27 23:45+01:00,0.008529
2026-03-28 00:00+01:00,0.010411
2026-03-28 00:15+01:00,0.003278
2026-03-28 00:30+01:00,0.005001
2026-03-28 00:45+01:00,0.004994
2026-03-28 01:00+01:00,0.003691
2026-03-28 01:15+01:00,0.004382
2026-03-28 01:30+01:00,0.004379
2026-03-28 01:45+01:00,0.004339
2026-03-28 02:00+01:00,0.003404
2026-03-28 02:15+01:00,0.003165
2026-03-28 02:30+01:00,0.004026
2026-03-28 02:45+01:00,0.003460
2026-03-28 03:00+01:00,0.004624
2026-03-28 03:15+01:00,0.004633
2026-03-28 03:30+01:00,0.003140
2026-03-28 03:45+01:00,0.004170
2026-03-28 04:00+01:00,0.003709
2026-03-28 04:15+01:00,0.003975
2026-03-28 04:30+01:00,0.003289
2026-03-28 04:45+01:00,0.003036
2026-03-28 05:00+01:00,0.004591
2026-03-28 05:15+01:00,0.003962
2026-03-28 05:30+01:00,0.004082
2026-03-28 05:45+01:00,0.004169
2026-03-28 06:00+01:00,0.003886
2026-03-28 06:15+01:00,0.004451
2026-03-28 06:30+01:00,0.004115
2026-03-28 06:45+01:00,0.004412
2026-03-28 07:00+01:00,0.005475
2026-03-28 07:15+01:00,0.003638
2026-03-28 07:30+01:00,0.002722
2026-03-28 07:45+01:00,0.004094
2026-03-28 08:00+01:00,0.000000
2026-03-28 08:15+01:00,0.003119
2026-03-28 08:30+01:00,0.003710
2026-03-28 08:45+01:00,0.002556
2026-03-28 09:00+01:00,0.003844
2026-03-28 09:15+01:00,0.004263
2026-03-28 09:30+01:00,0.003581
2026-03-28 09:45+01:00,0.003638
2026-03-28 10:00+01:00,0.004288
2026-03-28 10:15+01:00,0.004481
2026-03-28 10:30+01:00,0.004132
2026-03-28 10:45+01:00,0.003752
2026-03-28 11:00+01:00,0.003713
2026-03-28 11:15+01:00,0.004182
2026-03-28 11:30+01:00,
2026-03-28 11:45+01:00,0.002873
2026-03-28 12:00+01:00,0.003869
2026-03-28 12:15+01:00,0.004971
2026-03-28 12:30+01:00,0.004683
2026-03-28 12:45+01:00,0.003521
2026-03-28 13:00+01:00,0.004039
2026-03-28 13:15+01:00,0.003535
2026-03-28 13:30+01:00,0.003290
2026-03-28 13:45+01:00,0.004255
2026-03-28 14:00+01:00,0.004465
2026-03-28 14:15+01:00,0.003970
2026-03-28 14:30+01:00,0.003703
2026-03-28 14:45+01:00,0.003090
2026-03-28 15:00+01:00,0.005020
2026-03-28 15:15+01:00,0.003270
2026-03-28 15:30+01:00,0.004138
2026-03-28 15:45+01:00,0.003324
2026-03-28 16:00+01:00,0.004105
2026-03-28 16:15+01:00,0.004620
2026-03-28 16:30+01:00,0.003223
2026-03-28 16:45+01:00,0.004577
2026-03-28 17:00+01:00,0.002532
2026-03-28 17:15+01:00,0.003447
2026-03-28 17:30+01:00,
2026-03-28 17:45+01:00,0.004787
2026-03-28 18:00+01:00,0.003143
2026-03-28 18:15+01:00,0.003316
2026-03-28 18:30+01:00,0.002965
2026-03-28 18:45+01:00,0.004548
2026-03-28 19:00+01:00,0.003855
2026-03-28 19:15+01:00,0.004633
2026-03-28 19:30+01:00,0.004352
2026-03-28 19:45+01:00,0.004645
2026-03-28 20:00+01:00,0.005011
2026-03-28 20:15+01:00,0.002899
2026-03-28 20:30+01:00,0.002816
2026-03-28 20:45+01:00,0.004326
2026-03-28 21:00+01:00,0.003881
2026-03-28 21:15+01:00,0.003484
2026-03-28 21:30+01:00,0.003183
2026-03-28 21:45+01:00,0.000000
2026-03-28 22:00+01:00,0.003616
2026-03-28 22:15+01:00,0.003978
2026-03-28 22:30+01:00,0.004165
2026-03-28 22:45+01:00,0.003958
2026-03-28 23:00+01:00,0.004165
2026-03-28 23:15+01:00,0.003887
2026-03-28 23:30+01:00,0.003616
2026-03-28 23:45+01:00,0.002387
2026-03-29 00:00+01:00,0.004558
2026-03-29 00:15+01:00,0.003518
2026-03-29 00:30+01:00,0.002918
2026-03-29 00:45+01:00,0.003476
2026-03-29 01:00+01:00,0.003828
2026-03-29 01:15+01:00,0.004335
2026-03-29 01:30+01:00,0.004373
2026-03-29 01:45+01:00,0.003191
2026-03-29 03:00+02:00,0.002576
2026-03-29 03:15+02:00,0.003869
2026-03-29 03:30+02:00,0.005350
2026-03-29 03:45+02:00,0.005199
2026-03-29 04:00+02:00,0.000000
2026-03-29 04:15+02:00,0.004561
2026-03-29 04:30+02:00,0.004228
2026-03-29 04:45+02:00,0.002784
2026-03-29 05:00+02:00,0.004000
2026-03-29 05:15+02:00,0.003428
2026-03-29 05:30+02:00,0.005233
2026-03-29 05:45+02:00,0.004658
2026-03-29 06:00+02:00,0.004509
2026-03-29 06:15+02:00,0.003648
2026-03-29 06:30+02:00,0.004432
2026-03-29 06:45+02:00,0.002740
2026-03-29 07:00+02:00,0.000000
2026-03-29 07:15+02:00,0.004454
2026-03-29 07:30+02:00,0.004710
2026-03-29 07:45+02:00,0.003687
2026-03-29 08:00+02:00,0.003697
2026-03-29 08:15+02:00,0.000000
2026-03-29 08:30+02:00,0.002657
2026-03-29 08:45+02:00,0.003924
2026-03-29 09:00+02:00,0.000000
2026-03-29 09:15+02:00,0.003597
2026-03-29 09:30+02:00,0.003897
2026-03-29 09:45+02:00,0.000000
2026-03-29 10:00+02:00,0.003316
2026-03-29 10:15+02:00,0.004691
2026-03-29 10:30+02:00,0.004612
2026-03-29 10:45+02:00,0.003720
2026-03-29 11:00+02:00,0.004086
2026-03-29 11:15+02:00,0.004381
2026-03-29 11:30+02:00,0.003434
2026-03-29 11:45+02:00,0.004820
2026-03-29 12:00+02:00,0.004592
2026-03-29 12:15+02:00,0.003854
2026-03-29 12:30+02:00,0.003363
2026-03-29 12:45+02:00,0.003526
2026-03-29 13:00+02:00,0.001894
2026-03-29 13:15+02:00,0.003164
2026-03-29 13:30+02:00,0.003520
2026-03-29 13:45+02:00,0.005639
2026-03-29 14:00+02:00,0.003703
2026-03-29 14:15+02:00,0.000000
2026-03-29 14:30+02:00,0.004450
2026-03-29 14:45+02:00,0.003400
2026-03-29 15:00+02:00,0.002508
2026-03-29 15:15+02:00,0.003866
2026-03-29 15:30+02:00,0.004545
2026-03-29 15:45+02:00,0.003370
2026-03-29 16:00+02:00,0.002578
2026-03-29 16:15+02:00,0.004730
2026-03-29 16:30+02:00,0.003988
2026-03-29 16:45+02:00,0.004647
2026-03-29 17:00+02:00,0.003715
2026-03-29 17:15+02:00,0.003060
2026-03-29 17:30+02:00,0.004767
2026-03-29 17:45+02:00,0.003749
2026-03-29 18:00+02:00,0.004345
2026-03-29 18:15+02:00,0.004174
2026-03-29 18:30+02:00,0.003990
2026-03-29 18:45+02:00,0.004070
2026-03-29 19:00+02:00,0.003681
2026-03-29 19:15+02:00,0.002914
2026-03-29 19:30+02:00,0.002989
2026-03-29 19:45+02:00,0.004967
2026-03-29 20:00+02:00,0.003865
2026-03-29 20:15+02:00,0.003706
2026-03-29 20:30+02:00,0.003360
2026-03-29 20:45+02:00,0.003896
2026-03-29 21:00+02:00,0.003575
2026-03-29 21:15+02:00,0.003750
2026-03-29 21:30+02:00,0.002652
2026-03-29 21:45+02:00,0.004315
2026-03-29 22:00+02:00,0.004224
2026-03-29 22:15+02:00,0.003877
2026-03-29 22:30+02:00,0.003814
2026-03-29 22:45+02:00,0.003885
2026-03-29 23:00+02:00,0.002887
2026-03-29 23:15+02:00,0.004458
2026-03-29 23:30+02:00,0.003827
2026-03-29 23:45+02:00,0.004010
2026-03-30 00:00+02:00,0.002667
2026-03-30 00:15+02:00,0.008410
2026-03-30 00:30+02:00,0.006986
2026-03-30 00:45+02:00,0.009927
2026-03-30 01:00+02:00,0.007892
2026-03-30 01:15+02:00,0.008742
2026-03-30 01:30+02:00,0.007027
2026-03-30 01:45+02:00,0.009552
2026-03-30 02:00+02:00,0.000000
2026-03-30 02:15+02:00,0.009300
2026-03-30 02:30+02:00,0.008668
2026-03-30 02:45+02:00,0.000000
2026-03-30 03:00+02:00,0.006892
2026-03-30 03:15+02:00,0.000000
2026-03-30 03:30+02:00,0.007790
2026-03-30 03:45+02:00,0.008935
2026-03-30 04:00+02:00,0.009384
2026-03-30 04:15+02:00,0.006958
2026-03-30 04:30+02:00,0.006830
2026-03-30 04:45+02:00,
2026-03-30 05:00+02:00,0.008286
2026-03-30 05:15+02:00,0.009691
2026-03-30 05:30+02:00,0.008832
2026-03-30 05:45+02:00,0.000000
2026-03-30 06:00+02:00,0.009551
2026-03-30 06:15+02:00,0.006800
2026-03-30 06:30+02:00,0.007806
2026-03-30 06:45+02:00,0.008254
2026-03-30 07:00+02:00,0.127778
2026-03-30 07:15+02:00,0.122640
2026-03-30 07:30+02:00,0.123429
2026-03-30 07:45+02:00,0.120954
2026-03-30 08:00+02:00,0.125651
2026-03-30 08:15+02:00,0.132990
2026-03-30 08:30+02:00,0.119214
2026-03-30 08:45+02:00,0.134683
2026-03-30 09:00+02:00,0.128921
2026-03-30 09:15+02:00,0.124518
2026-03-30 09:30+02:00,0.128272
2026-03-30 09:45+02:00,0.139536
2026-03-30 10:00+02:00,0.123212
2026-03-30 10:15+02:00,0.142055
2026-03-30 10:30+02:00,0.119741
2026-03-30 10:45+02:00,0.128694
2026-03-30 11:00+02:00,0.115461
2026-03-30 11:15+02:00,0.131462
2026-03-30 11:30+02:00,0.127530
2026-03-30 11:45+02:00,0.132324
2026-03-30 12:00+02:00,0.124348
2026-03-30 12:15+02:00,0.120363
2026-03-30 12:30+02:00,0.131206
2026-03-30 12:45+02:00,0.127570
2026-03-30 13:00+02:00,0.133439
2026-03-30 13:15+02:00,0.122458
2026-03-30 13:30+02:00,0.128607
2026-03-30 13:45+02:00,0.128130
2026-03-30 14:00+02:00,0.135869
2026-03-30 14:15+02:00,0.121242
2026-03-30 14:30+02:00,0.126750
2026-03-30 14:45+02:00,0.125372
2026-03-30 15:00+02:00,0.124478
2026-03-30 15:15+02:00,0.128237
2026-03-30 15:30+02:00,0.122515
2026-03-30 15:45+02:00,0.127584
2026-03-30 16:00+02:00,0.119830
2026-03-30 16:15+02:00,0.142337
2026-03-30 16:30+02:00,0.118389
2026-03-30 16:45+02:00,0.124623
2026-03-30 17:00+02:00,0.129165
2026-03-30 17:15+02:00,0.130000
2026-03-30 17:30+02:00,0.134824
2026-03-30 17:45+02:00,0.131778
2026-03-30 18:00+02:00,0.007972
2026-03-30 18:15+02:00,0.007376
2026-03-30 18:30+02:00,0.008862
2026-03-30 18:45+02:00,0.000000
2026-03-30 19:00+02:00,0.008057
2026-03-30 19:15+02:00,0.008039
2026-03-30 19:30+02:00,0.010634
2026-03-30 19:45+02:00,0.006967
2026-03-30 20:00+02:00,0.009549
2026-03-30 20:15+02:00,0.010104
2026-03-30 20:30+02:00,0.000000
2026-03-30 20:45+02:00,0.011052
2026-03-30 21:00+02:00,0.007556
2026-03-30 21:15+02:00,0.007690
2026-03-30 21:30+02:00,0.006838
2026-03-30 21:45+02:00,0.009964
2026-03-30 22:00+02:00,0.009326
2026-03-30 22:15+02:00,0.010060
2026-03-30 22:30+02:00,0.008991
2026-03-30 22:45+02:00,0.000000
2026-03-30 23:00+02:00,0.010582
2026-03-30 23:15+02:00,0.008062
2026-03-30 23:30+02:00,0.007674
2026-03-30 23:45+02:00,0.009466
2026-03-31 00:00+02:00,0.008221
2026-03-31 00:15+02:00,0.006442
2026-03-31 00:30+02:00,0.008366
2026-03-31 00:45+02:00,0.009108
2026-03-31 01:00+02:00,0.008345
2026-03-31 01:15+02:00,0.008202
2026-03-31 01:30+02:00,0.000000
2026-03-31 01:45+02:00,0.010248
2026-03-31 02:00+02:00,0.006677
2026-03-31 02:15+02:00,0.008050
2026-03-31 02:30+02:00,0.000000
2026-03-31 02:45+02:00,0.010166
2026-03-31 03:00+02:00,0.009402
2026-03-31 03:15+02:00,0.000000
2026-03-31 03:30+02:00,
2026-03-31 03:45+02:00,0.008225
2026-03-31 04:00+02:00,0.010024
2026-03-31 04:15+02:00,0.006977
2026-03-31 04:30+02:00,0.009153
2026-03-31 04:45+02:00,0.008535
2026-03-31 05:00+02:00,0.008086
2026-03-31 05:15+02:00,0.009716
2026-03-31 05:30+02:00,0.009334
2026-03-31 05:45+02:00,0.008565
2026-03-31 06:00+02:00,0.011843
2026-03-31 06:15+02:00,0.007847
2026-03-31 06:30+02:00,0.009005
2026-03-31 06:45+02:00,0.009305
2026-03-31 07:00+02:00,0.131870
2026-03-31 07:15+02:00,0.123020
2026-03-31 07:30+02:00,0.112343
2026-03-31 07:45+02:00,0.127898
2026-03-31 08:00+02:00,0.129777
2026-03-31 08:15+02:00,0.394859
2026-03-31 08:30+02:00,0.412293
2026-03-31 08:45+02:00,0.120368
2026-03-31 09:00+02:00,0.118862
2026-03-31 09:15+02:00,0.127858
2026-03-31 09:30+02:00,0.115015
2026-03-31 09:45+02:00,0.123722
2026-03-31 10:00+02:00,0.126152
2026-03-31 10:15+02:00,0.119919
2026-03-31 10:30+02:00,0.119803
2026-03-31 10:45+02:00,0.123355
2026-03-31 11:00+02:00,0.135258
2026-03-31 11:15+02:00,0.122951
2026-03-31 11:30+02:00,0.118027
2026-03-31 11:45+02:00,0.127756
2026-03-31 12:00+02:00,0.119102
2026-03-31 12:15+02:00,0.122590
2026-03-31 12:30+02:00,0.119634
2026-03-31 12:45+02:00,0.125477
2026-03-31 13:00+02:00,0.123830
2026-03-31 13:15+02:00,0.121220
2026-03-31 13:30+02:00,0.128198
2026-03-31 13:45+02:00,0.119762
2026-03-31 14:00+02:00,0.127697
2026-03-31 14:15+02:00,0.119594
2026-03-31 14:30+02:00,0.115755
2026-03-31 14:45+02:00,0.128239
2026-03-31 15:00+02:00,0.134888
2026-03-31 15:15+02:00,0.122265
2026-03-31 15:30+02:00,0.132345
2026-03-31 15:45+02:00,0.114098
2026-03-31 16:00+02:00,0.127913
2026-03-31 16:15+02:00,0.123723
2026-03-31 16:30+02:00,0.124629
2026-03-31 16:45+02:00,0.120688
2026-03-31 17:00+02:00,0.132094
2026-03-31 17:15+02:00,0.641168
2026-03-31 17:30+02:00,0.126379
2026-03-31 17:45+02:00,0.126526
2026-03-31 18:00+02:00,0.000000
2026-03-31 18:15+02:00,0.009562
2026-03-31 18:30+02:00,0.011105
2026-03-31 18:45+02:00,0.007462
2026-03-31 19:00+02:00,0.007678
2026-03-31 19:15+02:00,0.009225
2026-03-31 19:30+02:00,0.008381
2026-03-31 19:45+02:00,0.009115
2026-03-31 20:00+02:00,0.006093
2026-03-31 20:15+02:00,0.007993
2026-03-31 20:30+02:00,0.008646
2026-03-31 20:45+02:00,0.000000
2026-03-31 21:00+02:00,0.007675
2026-03-31 21:15+02:00,0.006947
2026-03-31 21:30+02:00,0.008597
2026-03-31 21:45+02:00,0.006792
2026-03-31 22:00+02:00,0.007906
2026-03-31 22:15+02:00,0.008350
2026-03-31 22:30+02:00,0.008819
2026-03-31 22:45+02:00,0.007569
2026-03-31 23:00+02:00,0.008869
2026-03-31 23:15+02:00,0.009473
2026-03-31 23:30+02:00,0.012205
2026-03-31 23:45+02:00,0.008298
2026-04-01 00:00+02:00,0.008903
2026-04-01 00:15+02:00,0.008061
2026-04-01 00:30+02:00,0.008660
2026-04-01 00:45+02:00,0.008792
2026-04-01 01:00+02:00,0.000000
2026-04-01 01:15+02:00,0.009629
2026-04-01 01:30+02:00,0.010503
2026-04-01 01:45+02:00,
2026-04-01 02:00+02:00,0.008820
2026-04-01 02:15+02:00,0.011990
2026-04-01 02:30+02:00,0.008209
2026-04-01 02:45+02:00,0.008919
2026-04-01 03:00+02:00,0.008616
2026-04-01 03:15+02:00,0.005418
2026-04-01 03:30+02:00,0.008148
2026-04-01 03:45+02:00,0.009619
2026-04-01 04:00+02:00,0.011265
2026-04-01 04:15+02:00,0.000000
2026-04-01 04:30+02:00,0.010480
2026-04-01 04:45+02:00,0.010359
2026-04-01 05:00+02:00,0.008325
2026-04-01 05:15+02:00,0.009492
2026-04-01 05:30+02:00,0.007141
2026-04-01 05:45+02:00,0.008575
2026-04-01 06:00+02:00,0.000000
2026-04-01 06:15+02:00,0.008582
2026-04-01 06:30+02:00,0.006115
2026-04-01 06:45+02:00,0.007045
2026-04-01 07:00+02:00,0.120772
2026-04-01 07:15+02:00,0.118577
2026-04-01 07:30+02:00,0.122399
2026-04-01 07:45+02:00,0.123646
2026-04-01 08:00+02:00,0.121115
2026-04-01 08:15+02:00,0.129872
2026-04-01 08:30+02:00,0.129987
2026-04-01 08:45+02:00,0.132764
2026-04-01 09:00+02:00,0.123722
2026-04-01 09:15+02:00,0.127301
2026-04-01 09:30+02:00,0.130025
2026-04-01 09:45+02:00,0.126407
2026-04-01 10:00+02:00,0.126433
2026-04-01 10:15+02:00,0.130876
2026-04-01 10:30+02:00,0.121353
2026-04-01 10:45+02:00,0.117840
2026-04-01 11:00+02:00,0.121593
2026-04-01 11:15+02:00,0.119890
2026-04-01 11:30+02:00,0.115045
2026-04-01 11:45+02:00,0.140007
2026-04-01 12:00+02:00,0.127956
2026-04-01 12:15+02:00,0.121093
2026-04-01 12:30+02:00,0.119261
2026-04-01 12:45+02:00,0.122099
2026-04-01 13:00+02:00,0.123855
2026-04-01 13:15+02:00,0.116036
2026-04-01 13:30+02:00,0.125988
2026-04-01 13:45+02:00,
2026-04-01 14:00+02:00,0.117983
2026-04-01 14:15+02:00,0.121684
2026-04-01 14:30+02:00,0.121585
2026-04-01 14:45+02:00,0.123930
2026-04-01 15:00+02:00,0.132810
2026-04-01 15:15+02:00,0.117391
2026-04-01 15:30+02:00,0.129481
2026-04-01 15:45+02:00,0.128472
2026-04-01 16:00+02:00,0.127613
2026-04-01 16:15+02:00,0.116218
2026-04-01 16:30+02:00,0.123344
2026-04-01 16:45+02:00,0.126580
2026-04-01 17:00+02:00,0.126051
2026-04-01 17:15+02:00,0.119465
2026-04-01 17:30+02:00,0.129795
2026-04-01 17:45+02:00,0.128130
2026-04-01 18:00+02:00,
2026-04-01 18:15+02:00,0.009304
2026-04-01 18:30+02:00,0.011654
2026-04-01 18:45+02:00,0.007663
2026-04-01 19:00+02:00,0.007964
2026-04-01 19:15+02:00,0.007631
2026-04-01 19:30+02:00,0.000000
2026-04-01 19:45+02:00,0.009360
2026-04-01 20:00+02:00,0.010397
2026-04-01 20:15+02:00,0.011517
2026-04-01 20:30+02:00,0.011316
2026-04-01 20:45+02:00,0.008496
2026-04-01 21:00+02:00,0.008261
2026-04-01 21:15+02:00,0.009270
2026-04-01 21:30+02:00,0.007646
2026-04-01 21:45+02:00,0.006946
2026-04-01 22:00+02:00,0.008445
2026-04-01 22:15+02:00,0.011067
2026-04-01 22:30+02:00,0.000000
2026-04-01 22:45+02:00,0.007504
2026-04-01 23:00+02:00,0.007537
2026-04-01 23:15+02:00,0.009596
2026-04-01 23:30+02:00,0.010681
2026-04-01 23:45+02:00,0.008101
2026-04-02 00:00+02:00,0.009226
2026-04-02 00:15+02:00,0.007483
2026-04-02 00:30+02:00,0.007889
2026-04-02 00:45+02:00,0.000000
2026-04-02 01:00+02:00,0.000000
2026-04-02 01:15+02:00,0.009976
2026-04-02 01:30+02:00,0.007649
2026-04-02 01:45+02:00,0.000000
2026-04-02 02:00+02:00,0.000000
2026-04-02 02:15+02:00,0.006838
2026-04-02 02:30+02:00,0.006582
2026-04-02 02:45+02:00,0.012666
2026-04-02 03:00+02:00,
2026-04-02 03:15+02:00,0.010687
2026-04-02 03:30+02:00,0.008824
2026-04-02 03:45+02:00,0.007458
2026-04-02 04:00+02:00,0.007731
2026-04-02 04:15+02:00,0.007030
2026-04-02 04:30+02:00,0.008341
2026-04-02 04:45+02:00,0.009753
2026-04-02 05:00+02:00,0.011625
2026-04-02 05:15+02:00,0.010299
2026-04-02 05:30+02:00,0.009065
2026-04-02 05:45+02:00,0.009286
2026-04-02 06:00+02:00,0.008324
2026-04-02 06:15+02:00,0.008436
2026-04-02 06:30+02:00,0.009955
2026-04-02 06:45+02:00,
2026-04-02 07:00+02:00,0.129221
2026-04-02 07:15+02:00,0.124690
2026-04-02 07:30+02:00,0.122176
2026-04-02 07:45+02:00,0.126859
2026-04-02 08:00+02:00,0.120262
2026-04-02 08:15+02:00,0.126965
2026-04-02 08:30+02:00,0.128827
2026-04-02 08:45+02:00,0.124685
2026-04-02 09:00+02:00,0.139872
2026-04-02 09:15+02:00,0.125495
2026-04-02 09:30+02:00,0.126939
2026-04-02 09:45+02:00,0.121979
2026-04-02 10:00+02:00,0.126887
2026-04-02 10:15+02:00,0.131187
2026-04-02 10:30+02:00,0.133676
2026-04-02 10:45+02:00,0.133007
2026-04-02 11:00+02:00,0.124624
2026-04-02 11:15+02:00,0.127088
2026-04-02 11:30+02:00,0.120973
2026-04-02 11:45+02:00,0.124052
2026-04-02 12:00+02:00,0.133204
2026-04-02 12:15+02:00,0.118935
2026-04-02 12:30+02:00,0.129136
2026-04-02 12:45+02:00,0.117656
2026-04-02 13:00+02:00,0.122275
2026-04-02 13:15+02:00,0.114641
2026-04-02 13:30+02:00,0.119860
2026-04-02 13:45+02:00,0.115697
2026-04-02 14:00+02:00,0.117423
2026-04-02 14:15+02:00,0.133002
2026-04-02 14:30+02:00,0.127550
2026-04-02 14:45+02:00,0.133472
2026-04-02 15:00+02:00,0.131489
2026-04-02 15:15+02:00,0.124345
2026-04-02 15:30+02:00,0.129137
2026-04-02 15:45+02:00,0.119320
2026-04-02 16:00+02:00,0.126712
2026-04-02 16:15+02:00,0.131830
2026-04-02 16:30+02:00,0.131186
2026-04-02 16:45+02:00,0.129917
2026-04-02 17:00+02:00,0.128295
2026-04-02 17:15+02:00,0.118733
2026-04-02 17:30+02:00,0.128572
2026-04-02 17:45+02:00,0.135498
2026-04-02 18:00+02:00,
2026-04-02 18:15+02:00,0.007843
2026-04-02 18:30+02:00,0.008172
2026-04-02 18:45+02:00,0.008351
2026-04-02 19:00+02:00,0.007354
2026-04-02 19:15+02:00,0.007855
2026-04-02 19:30+02:00,0.010087
2026-04-02 19:45+02:00,0.000000
2026-04-02 20:00+02:00,0.008427
2026-04-02 20:15+02:00,0.007356
2026-04-02 20:30+02:00,0.006927
2026-04-02 20:45+02:00,0.000000
2026-04-02 21:00+02:00,0.009114
2026-04-02 21:15+02:00,0.009198
2026-04-02 21:30+02:00,0.009266
2026-04-02 21:45+02:00,0.010590
2026-04-02 22:00+02:00,0.006412
2026-04-02 22:15+02:00,0.009513
2026-04-02 22:30+02:00,0.009483
2026-04-02 22:45+02:00,0.008343
2026-04-02 23:00+02:00,0.006189
2026-04-02 23:15+02:00,0.009018
2026-04-02 23:30+02:00,0.008153
2026-04-02 23:45+02:00,0.009084
2026-04-03 00:00+02:00,0.009854
2026-04-03 00:15+02:00,0.008065
2026-04-03 00:30+02:00,0.006232
2026-04-03 00:45+02:00,0.009090
2026-04-03 01:00+02:00,0.007322
2026-04-03 01:15+02:00,0.009177
2026-04-03 01:30+02:00,0.008300
2026-04-03 01:45+02:00,0.007651
2026-04-03 02:00+02:00,0.011348
2026-04-03 02:15+02:00,0.007635
2026-04-03 02:30+02:00,0.009902
2026-04-03 02:45+02:00,0.000000
2026-04-03 03:00+02:00,
2026-04-03 03:15+02:00,0.006864
2026-04-03 03:30+02:00,0.006581
2026-04-03 03:45+02:00,0.009123
2026-04-03 04:00+02:00,0.009246
2026-04-03 04:15+02:00,0.000000
2026-04-03 04:30+02:00,0.008663
2026-04-03 04:45+02:00,0.007725
2026-04-03 05:00+02:00,0.000000
2026-04-03 05:15+02:00,0.009702
2026-04-03 05:30+02:00,0.005170
2026-04-03 05:45+02:00,
2026-04-03 06:00+02:00,0.006312
2026-04-03 06:15+02:00,0.009077
2026-04-03 06:30+02:00,0.006280
2026-04-03 06:45+02:00,0.010631
2026-04-03 07:00+02:00,0.122233
2026-04-03 07:15+02:00,0.117720
2026-04-03 07:30+02:00,0.116994
2026-04-03 07:45+02:00,0.130928
2026-04-03 08:00+02:00,0.125535
2026-04-03 08:15+02:00,0.112124
2026-04-03 08:30+02:00,0.125899
2026-04-03 08:45+02:00,0.124410
2026-04-03 09:00+02:00,0.127145
2026-04-03 09:15+02:00,0.125277
2026-04-03 09:30+02:00,0.121779
2026-04-03 09:45+02:00,0.128592
2026-04-03 10:00+02:00,0.121878
2026-04-03 10:15+02:00,0.128888
2026-04-03 10:30+02:00,0.127960
2026-04-03 10:45+02:00,0.130548
2026-04-03 11:00+02:00,0.126112
2026-04-03 11:15+02:00,0.124125
2026-04-03 11:30+02:00,0.113398
2026-04-03 11:45+02:00,0.124833
2026-04-03 12:00+02:00,0.122636
2026-04-03 12:15+02:00,0.122897
2026-04-03 12:30+02:00,0.117457
2026-04-03 12:45+02:00,0.129504
2026-04-03 13:00+02:00,0.127790
2026-04-03 13:15+02:00,0.130162
2026-04-03 13:30+02:00,0.122375
2026-04-03 13:45+02:00,0.121585
2026-04-03 14:00+02:00,0.124745
2026-04-03 14:15+02:00,0.122434
2026-04-03 14:30+02:00,0.129825
2026-04-03 14:45+02:00,0.121774
2026-04-03 15:00+02:00,0.129996
2026-04-03 15:15+02:00,0.122751
2026-04-03 15:30+02:00,0.134221
2026-04-03 15:45+02:00,0.124686
2026-04-03 16:00+02:00,0.123665
2026-04-03 16:15+02:00,0.127455
2026-04-03 16:30+02:00,0.124957
2026-04-03 16:45+02:00,0.121053
2026-04-03 17:00+02:00,0.123483
2026-04-03 17:15+02:00,0.132253
2026-04-03 17:30+02:00,0.127008
2026-04-03 17:45+02:00,0.118688
2026-04-03 18:00+02:00,0.007749
2026-04-03 18:15+02:00,0.007438
2026-04-03 18:30+02:00,0.008809
2026-04-03 18:45+02:00,0.010398
2026-04-03 19:00+02:00,0.008945
2026-04-03 19:15+02:00,0.008379
2026-04-03 19:30+02:00,0.009875
2026-04-03 19:45+02:00,0.008295
2026-04-03 20:00+02:00,
2026-04-03 20:15+02:00,0.007558
2026-04-03 20:30+02:00,0.008568
2026-04-03 20:45+02:00,0.010074
2026-04-03 21:00+02:00,0.010624
2026-04-03 21:15+02:00,0.011339
2026-04-03 21:30+02:00,0.008513
2026-04-03 21:45+02:00,0.000000
2026-04-03 22:00+02:00,0.006736
2026-04-03 22:15+02:00,0.010190
2026-04-03 22:30+02:00,0.008440
2026-04-03 22:45+02:00,0.008371
2026-04-03 23:00+02:00,0.006890
2026-04-03 23:15+02:00,0.007581
2026-04-03 23:30+02:00,0.006883
2026-04-03 23:45+02:00,0.008517
2026-04-04 00:00+02:00,0.009723
2026-04-04 00:15+02:00,0.003996
2026-04-04 00:30+02:00,0.003684
2026-04-04 00:45+02:00,0.003882
2026-04-04 01:00+02:00,0.003676
2026-04-04 01:15+02:00,0.002903
2026-04-04 01:30+02:00,0.003691
2026-04-04 01:45+02:00,0.004471
2026-04-04 02:00+02:00,0.003581
2026-04-04 02:15+02:00,0.004464
2026-04-04 02:30+02:00,0.003634
2026-04-04 02:45+02:00,0.004381
2026-04-04 03:00+02:00,0.003118
2026-04-04 03:15+02:00,0.004607
2026-04-04 03:30+02:00,0.004226
2026-04-04 03:45+02:00,0.004114
2026-04-04 04:00+02:00,0.004500
2026-04-04 04:15+02:00,0.004114
2026-04-04 04:30+02:00,0.003781
2026-04-04 04:45+02:00,
2026-04-04 05:00+02:00,0.002802
2026-04-04 05:15+02:00,0.004482
2026-04-04 05:30+02:00,0.004340
2026-04-04 05:45+02:00,0.004086
2026-04-04 06:00+02:00,0.000000
2026-04-04 06:15+02:00,0.003557
2026-04-04 06:30+02:00,0.005062
2026-04-04 06:45+02:00,0.003624
2026-04-04 07:00+02:00,0.002673
2026-04-04 07:15+02:00,0.004496
2026-04-04 07:30+02:00,0.002877
2026-04-04 07:45+02:00,0.004624
2026-04-04 08:00+02:00,0.003952
2026-04-04 08:15+02:00,0.003663
2026-04-04 08:30+02:00,0.003901
2026-04-04 08:45+02:00,0.003326
2026-04-04 09:00+02:00,0.003369
2026-04-04 09:15+02:00,0.004812
2026-04-04 09:30+02:00,0.004396
2026-04-04 09:45+02:00,0.000000
2026-04-04 10:00+02:00,0.004853
2026-04-04 10:15+02:00,0.003622
2026-04-04 10:30+02:00,0.004785
2026-04-04 10:45+02:00,0.004319
2026-04-04 11:00+02:00,0.003886
2026-04-04 11:15+02:00,0.003220
2026-04-04 11:30+02:00,0.003270
2026-04-04 11:45+02:00,0.003470
2026-04-04 12:00+02:00,0.003503
2026-04-04 12:15+02:00,0.004027
2026-04-04 12:30+02:00,
2026-04-04 12:45+02:00,0.003296
2026-04-04 13:00+02:00,0.003762
2026-04-04 13:15+02:00,0.004484
2026-04-04 13:30+02:00,0.004805
2026-04-04 13:45+02:00,0.003677
2026-04-04 14:00+02:00,0.004084
2026-04-04 14:15+02:00,0.003878
2026-04-04 14:30+02:00,0.002573
2026-04-04 14:45+02:00,0.000000
2026-04-04 15:00+02:00,0.003985
2026-04-04 15:15+02:00,0.003652
2026-04-04 15:30+02:00,0.003643
2026-04-04 15:45+02:00,0.004064
2026-04-04 16:00+02:00,0.003495
2026-04-04 16:15+02:00,0.000000
2026-04-04 16:30+02:00,0.004610
2026-04-04 16:45+02:00,0.004503
2026-04-04 17:00+02:00,0.004351
2026-04-04 17:15+02:00,0.004806
2026-04-04 17:30+02:00,0.004087
2026-04-04 17:45+02:00,0.004382
2026-04-04 18:00+02:00,0.004442
2026-04-04 18:15+02:00,0.003899
2026-04-04 18:30+02:00,0.004664
2026-04-04 18:45+02:00,0.004300
2026-04-04 19:00+02:00,0.003830
2026-04-04 19:15+02:00,0.003801
2026-04-04 19:30+02:00,0.003922
2026-04-04 19:45+02:00,0.004407
2026-04-04 20:00+02:00,0.003362
2026-04-04 20:15+02:00,0.004533
2026-04-04 20:30+02:00,0.003219
2026-04-04 20:45+02:00,0.003460
2026-04-04 21:00+02:00,0.003753
2026-04-04 21:15+02:00,0.004479
2026-04-04 21:30+02:00,0.003227
2026-04-04 21:45+02:00,0.002778
2026-04-04 22:00+02:00,0.003456
2026-04-04 22:15+02:00,0.003831
2026-04-04 22:30+02:00,0.004541
2026-04-04 22:45+02:00,0.003900
2026-04-04 23:00+02:00,0.004221
2026-04-04 23:15+02:00,0.003524
2026-04-04 23:30+02:00,0.004145
2026-04-04 23:45+02:00,0.003475
2026-04-05 00:00+02:00,0.004937
