timestamp,value_kwh
2026-01-05 00:15+01:00,0.000000
2026-01-05 00:30+01:00,0.000000
2026-01-05 00:45+01:00,99.732789
2026-01-05 01:00+01:00,97.370347
2026-01-05 01:15+01:00,97.427679
2026-01-05 01:30+01:00,96.493870
2026-01-05 01:45+01:00,91.202091
2026-01-05 02:00+01:00,100.582636
2026-01-05 02:15+01:00,99.404667
2026-01-05 02:30+01:00,91.027052
2026-01-05 02:45+01:00,94.210612
2026-01-05 03:00+01:00,96.987521
2026-01-05 03:15+01:00,97.368623
2026-01-05 03:30+01:00,96.214265
2026-01-05 03:45+01:00,99.553721
2026-01-05 04:00+01:00,100.524665
2026-01-05 04:15+01:00,91.456541
2026-01-05 04:30+01:00,0.000000
2026-01-05 04:45+01:00,
2026-01-05 05:00+01:00,0.000000
2026-01-05 05:15+01:00,0.000000
2026-01-05 05:30+01:00,0.000000
2026-01-05 05:45+01:00,0.000000
2026-01-05 06:00+01:00,0.000000
2026-01-05 06:15+01:00,0.000000
2026-01-05 06:30+01:00,0.000000
2026-01-05 06:45+01:00,0.000000
2026-01-05 07:00+01:00,0.000000
2026-01-05 07:15+01:00,0.000000
2026-01-05 07:30+01:00,0.000000
2026-01-05 07:45+01:00,0.000000
2026-01-05 08:00+01:00,0.000000
2026-01-05 08:15+01:00,0.000000
2026-01-05 08:30+01:00,0.000000
2026-01-05 08:45+01:00,0.000000
2026-01-05 09:00+01:00,0.000000
2026-01-05 09:15+01:00,0.000000
2026-01-05 09:30+01:00,0.000000
2026-01-05 09:45+01:00,
2026-01-05 10:00+01:00,0.000000
2026-01-05 10:15+01:00,0.000000
2026-01-05 10:30+01:00,779.527803
2026-01-05 10:45+01:00,89.104908
2026-01-05 11:00+01:00,96.236203
2026-01-05 11:15+01:00,90.973930
2026-01-05 11:30+01:00,94.778607
2026-01-05 11:45+01:00,94.460371
2026-01-05 12:00+01:00,103.293670
2026-01-05 12:15+01:00,104.072536
2026-01-05 12:30+01:00,97.260692
2026-01-05 12:45+01:00,88.264561
2026-01-05 13:00+01:00,95.982385
2026-01-05 13:15+01:00,93.258922
2026-01-05 13:30+01:00,
2026-01-05 13:45+01:00,95.931759
2026-01-05 14:00+01:00,93.644274
2026-01-05 14:15+01:00,98.584747
2026-01-05 14:30+01:00,0.000000
2026-01-05 14:45+01:00,0.000000
2026-01-05 15:00+01:00,0.000000
2026-01-05 15:15+01:00,0.000000
2026-01-05 15:30+01:00,0.000000
2026-01-05 15:45+01:00,
2026-01-05 16:00+01:00,0.000000
2026-01-05 16:15+01:00,0.000000
2026-01-05 16:30+01:00,0.000000
2026-01-05 16:45+01:00,0.000000
2026-01-05 17:00+01:00,0.000000
2026-01-05 17:15+01:00,0.000000
2026-01-05 17:30+01:00,0.000000
2026-01-05 17:45+01:00,0.000000
2026-01-05 18:00+01:00,0.000000
2026-01-05 18:15+01:00,0.000000
2026-01-05 18:30+01:00,0.000000
2026-01-05 18:45+01:00,0.000000
2026-01-05 19:00+01:00,0.000000
2026-01-05 19:15+01:00,0.000000
2026-01-05 19:30+01:00,0.000000
2026-01-05 19:45+01:00,0.000000
2026-01-05 20:00+01:00,0.000000
2026-01-05 20:15+01:00,0.000000
2026-01-05 20:30+01:00,0.000000
2026-01-05 20:45+01:00,0.000000
2026-01-05 21:00+01:00,0.000000
2026-01-05 21:15+01:00,0.000000
2026-01-05 21:30+01:00,0.000000
2026-01-05 21:45+01:00,0.000000
2026-01-05 22:00+01:00,0.000000
2026-01-05 22:15+01:00,0.000000
2026-01-05 22:30+01:00,0.000000
2026-01-05 22:45+01:00,0.000000
2026-01-05 23:00+01:00,0.000000
2026-01-05 23:15+01:00,0.000000
2026-01-05 23:30+01:00,
2026-01-05 23:45+01:00,0.000000
2026-01-06 00:00+01:00,0.000000
2026-01-06 00:15+01:00,0.000000
2026-01-06 00:30+01:00,0.000000
2026-01-06 00:45+01:00,0.000000
2026-01-06 01:00+01:00,0.000000
2026-01-06 01:15+01:00,0.000000
2026-01-06 01:30+01:00,0.000000
2026-01-06 01:45+01:00,0.000000
2026-01-06 02:00+01:00,0.000000
2026-01-06 02:15+01:00,0.000000
2026-01-06 02:30+01:00,0.000000
2026-01-06 02:45+01:00,0.000000
2026-01-06 03:00+01:00,0.000000
2026-01-06 03:15+01:00,0.000000
2026-01-06 03:30+01:00,0.000000
2026-01-06 03:45+01:00,0.000000
2026-01-06 04:00+01:00,0.000000
2026-01-06 04:15+01:00,100.213304
2026-01-06 04:30+01:00,89.936116
2026-01-06 04:45+01:00,96.940820
2026-01-06 05:00+01:00,86.346877
2026-01-06 05:15+01:00,97.461688
2026-01-06 05:30+01:00,101.826015
2026-01-06 05:45+01:00,90.242660
2026-01-06 06:00+01:00,100.328989
2026-01-06 06:15+01:00,91.032549
2026-01-06 06:30+01:00,94.521373
2026-01-06 06:45+01:00,94.065150
2026-01-06 07:00+01:00,91.013704
2026-01-06 07:15+01:00,98.387966
2026-01-06 07:30+01:00,96.134116
2026-01-06 07:45+01:00,99.356459
2026-01-06 08:00+01:00,0.000000
2026-01-06 08:15+01:00,
2026-01-06 08:30+01:00,0.000000
2026-01-06 08:45+01:00,0.000000
2026-01-06 09:00+01:00,0.000000
2026-01-06 09:15+01:00,0.000000
2026-01-06 09:30+01:00,0.000000
2026-01-06 09:45+01:00,0.000000
2026-01-06 10:00+01:00,0.000000
2026-01-06 10:15+01:00,0.000000
2026-01-06 10:30+01:00,
2026-01-06 10:45+01:00,0.000000
2026-01-06 11:00+01:00,0.000000
2026-01-06 11:15+01:00,0.000000
2026-01-06 11:30+01:00,0.000000
2026-01-06 11:45+01:00,98.131070
2026-01-06 12:00+01:00,89.124519
2026-01-06 12:15+01:00,96.443873
2026-01-06 12:30+01:00,105.096935
2026-01-06 12:45+01:00,102.831653
2026-01-06 13:00+01:00,92.105621
2026-01-06 13:15+01:00,106.153351
2026-01-06 13:30+01:00,96.595919
2026-01-06 13:45+01:00,89.634770
2026-01-06 14:00+01:00,99.619839
2026-01-06 14:15+01:00,94.162156
2026-01-06 14:30+01:00,89.089216
2026-01-06 14:45+01:00,91.741085
2026-01-06 15:00+01:00,97.062415
2026-01-06 15:15+01:00,98.534631
2026-01-06 15:30+01:00,94.905471
2026-01-06 15:45+01:00,0.000000
2026-01-06 16:00+01:00,0.000000
2026-01-06 16:15+01:00,0.000000
2026-01-06 16:30+01:00,0.000000
2026-01-06 16:45+01:00,
2026-01-06 17:00+01:00,0.000000
2026-01-06 17:15+01:00,0.000000
2026-01-06 17:30+01:00,0.000000
2026-01-06 17:45+01:00,0.000000
2026-01-06 18:00+01:00,0.000000
2026-01-06 18:15+01:00,0.000000
2026-01-06 18:30+01:00,0.000000
2026-01-06 18:45+01:00,0.000000
2026-01-06 19:00+01:00,0.000000
2026-01-06 19:15+01:00,0.000000
2026-01-06 19:30+01:00,0.000000
2026-01-06 19:45+01:00,0.000000
2026-01-06 20:00+01:00,0.000000
2026-01-06 20:15+01:00,0.000000
2026-01-06 20:30+01:00,0.000000
2026-01-06 20:45+01:00,0.000000
2026-01-06 21:00+01:00,0.000000
2026-01-06 21:15+01:00,0.000000
2026-01-06 21:30+01:00,0.000000
2026-01-06 21:45+01:00,0.000000
2026-01-06 22:00+01:00,
2026-01-06 22:15+01:00,0.000000
2026-01-06 22:30+01:00,0.000000
2026-01-06 22:45+01:00,0.000000
2026-01-06 23:00+01:00,0.000000
2026-01-06 23:15+01:00,0.000000
2026-01-06 23:30+01:00,0.000000
2026-01-06 23:45+01:00,0.000000
2026-01-07 00:00+01:00,0.000000
2026-01-07 00:15+01:00,0.000000
2026-01-07 00:30+01:00,0.000000
2026-01-07 00:45+01:00,0.000000
2026-01-07 01:00+01:00,0.000000
2026-01-07 01:15+01:00,0.000000
2026-01-07 01:30+01:00,0.000000
2026-01-07 01:45+01:00,0.000000
2026-01-07 02:00+01:00,0.000000
2026-01-07 02:15+01:00,0.000000
2026-01-07 02:30+01:00,0.000000
2026-01-07 02:45+01:00,0.000000
2026-01-07 03:00+01:00,0.000000
2026-01-07 03:15+01:00,0.000000
2026-01-07 03:30+01:00,0.000000
2026-01-07 03:45+01:00,0.000000
2026-01-07 04:00+01:00,0.000000
2026-01-07 04:15+01:00,0.000000
2026-01-07 04:30+01:00,0.000000
2026-01-07 04:45+01:00,0.000000
2026-01-07 05:00+01:00,0.000000
2026-01-07 05:15+01:00,0.000000
2026-01-07 05:30+01:00,0.000000
2026-01-07 05:45+01:00,0.000000
2026-01-07 06:00+01:00,0.000000
2026-01-07 06:15+01:00,0.000000
2026-01-07 06:30+01:00,0.000000
2026-01-07 06:45+01:00,0.000000
2026-01-07 07:00+01:00,0.000000
2026-01-07 07:15+01:00,0.000000
2026-01-07 07:30+01:00,0.000000
2026-01-07 07:45+01:00,0.000000
2026-01-07 08:00+01:00,0.000000
2026-01-07 08:15+01:00,0.000000
2026-01-07 08:30+01:00,0.000000
2026-01-07 08:45+01:00,0.000000
2026-01-07 09:00+01:00,0.000000
2026-01-07 09:15+01:00,0.000000
2026-01-07 09:30+01:00,0.000000
2026-01-07 09:45+01:00,0.000000
2026-01-07 10:00+01:00,0.000000
2026-01-07 10:15+01:00,0.000000
2026-01-07 10:30+01:00,0.000000
2026-01-07 10:45+01:00,0.000000
2026-01-07 11:00+01:00,
2026-01-07 11:15+01:00,0.000000
2026-01-07 11:30+01:00,0.000000
2026-01-07 11:45+01:00,0.000000
2026-01-07 12:00+01:00,0.000000
2026-01-07 12:15+01:00,0.000000
2026-01-07 12:30+01:00,
2026-01-07 12:45+01:00,0.000000
2026-01-07 13:00+01:00,0.000000
2026-01-07 13:15+01:00,0.000000
2026-01-07 13:30+01:00,0.000000
2026-01-07 13:45+01:00,0.000000
2026-01-07 14:00+01:00,0.000000
2026-01-07 14:15+01:00,0.000000
2026-01-07 14:30+01:00,0.000000
2026-01-07 14:45+01:00,0.000000
2026-01-07 15:00+01:00,0.000000
2026-01-07 15:15+01:00,92.182746
2026-01-07 15:30+01:00,98.238508
2026-01-07 15:45+01:00,94.919814
2026-01-07 16:00+01:00,100.818266
2026-01-07 16:15+01:00,89.780740
2026-01-07 16:30+01:00,96.041069
2026-01-07 16:45+01:00,
2026-01-07 17:00+01:00,97.669815
2026-01-07 17:15+01:00,81.538592
2026-01-07 17:30+01:00,95.661571
2026-01-07 17:45+01:00,93.063025
2026-01-07 18:00+01:00,103.458919
2026-01-07 18:15+01:00,88.206272
2026-01-07 18:30+01:00,97.341815
2026-01-07 18:45+01:00,102.465849
2026-01-07 19:00+01:00,93.727004
2026-01-07 19:15+01:00,95.020947
2026-01-07 19:30+01:00,101.406794
2026-01-07 19:45+01:00,88.038719
2026-01-07 20:00+01:00,93.416031
2026-01-07 20:15+01:00,86.103674
2026-01-07 20:30+01:00,94.910490
2026-01-07 20:45+01:00,100.114210
2026-01-07 21:00+01:00,102.487555
2026-01-07 21:15+01:00,
2026-01-07 21:30+01:00,94.407060
2026-01-07 21:45+01:00,89.239941
2026-01-07 22:00+01:00,96.733171
2026-01-07 22:15+01:00,88.178155
2026-01-07 22:30+01:00,90.770972
2026-01-07 22:45+01:00,113.789519
2026-01-07 23:00+01:00,0.000000
2026-01-07 23:15+01:00,0.000000
2026-01-07 23:30+01:00,0.000000
2026-01-07 23:45+01:00,0.000000
2026-01-08 00:00+01:00,0.000000
2026-01-08 00:15+01:00,0.000000
2026-01-08 00:30+01:00,0.000000
2026-01-08 00:45+01:00,0.000000
2026-01-08 01:00+01:00,0.000000
2026-01-08 01:15+01:00,0.000000
2026-01-08 01:30+01:00,0.000000
2026-01-08 01:45+01:00,0.000000
2026-01-08 02:00+01:00,
2026-01-08 02:15+01:00,0.000000
2026-01-08 02:30+01:00,0.000000
2026-01-08 02:45+01:00,0.000000
2026-01-08 03:00+01:00,
2026-01-08 03:15+01:00,0.000000
2026-01-08 03:30+01:00,0.000000
2026-01-08 03:45+01:00,0.000000
2026-01-08 04:00+01:00,0.000000
2026-01-08 04:15+01:00,0.000000
2026-01-08 04:30+01:00,0.000000
2026-01-08 04:45+01:00,0.000000
2026-01-08 05:00+01:00,0.000000
2026-01-08 05:15+01:00,0.000000
2026-01-08 05:30+01:00,0.000000
2026-01-08 05:45+01:00,0.000000
2026-01-08 06:00+01:00,0.000000
2026-01-08 06:15+01:00,0.000000
2026-01-08 06:30+01:00,0.000000
2026-01-08 06:45+01:00,102.579247
2026-01-08 07:00+01:00,96.637289
2026-01-08 07:15+01:00,89.250150
2026-01-08 07:30+01:00,105.936396
2026-01-08 07:45+01:00,91.256808
2026-01-08 08:00+01:00,90.743986
2026-01-08 08:15+01:00,97.849521
2026-01-08 08:30+01:00,95.417691
2026-01-08 08:45+01:00,98.240005
2026-01-08 09:00+01:00,99.744889
2026-01-08 09:15+01:00,98.073320
2026-01-08 09:30+01:00,0.000000
2026-01-08 09:45+01:00,0.000000
2026-01-08 10:00+01:00,0.000000
2026-01-08 10:15+01:00,0.000000
2026-01-08 10:30+01:00,0.000000
2026-01-08 10:45+01:00,0.000000
2026-01-08 11:00+01:00,0.000000
2026-01-08 11:15+01:00,0.000000
2026-01-08 11:30+01:00,0.000000
2026-01-08 11:45+01:00,0.000000
2026-01-08 12:00+01:00,0.000000
2026-01-08 12:15+01:00,0.000000
2026-01-08 12:30+01:00,0.000000
2026-01-08 12:45+01:00,0.000000
2026-01-08 13:00+01:00,0.000000
2026-01-08 13:15+01:00,0.000000
2026-01-08 13:30+01:00,
2026-01-08 13:45+01:00,0.000000
2026-01-08 14:00+01:00,0.000000
2026-01-08 14:15+01:00,0.000000
2026-01-08 14:30+01:00,0.000000
2026-01-08 14:45+01:00,0.000000
2026-01-08 15:00+01:00,0.000000
2026-01-08 15:15+01:00,
2026-01-08 15:30+01:00,0.000000
2026-01-08 15:45+01:00,0.000000
2026-01-08 16:00+01:00,0.000000
2026-01-08 16:15+01:00,0.000000
2026-01-08 16:30+01:00,0.000000
2026-01-08 16:45+01:00,0.000000
2026-01-08 17:00+01:00,0.000000
2026-01-08 17:15+01:00,0.000000
2026-01-08 17:30+01:00,0.000000
2026-01-08 17:45+01:00,0.000000
2026-01-08 18:00+01:00,102.795806
2026-01-08 18:15+01:00,98.945094
2026-01-08 18:30+01:00,
2026-01-08 18:45+01:00,96.499091
2026-01-08 19:00+01:00,87.644878
2026-01-08 19:15+01:00,98.381092
2026-01-08 19:30+01:00,93.706968
2026-01-08 19:45+01:00,85.351018
2026-01-08 20:00+01:00,95.438868
2026-01-08 20:15+01:00,96.796877
2026-01-08 20:30+01:00,0.000000
2026-01-08 20:45+01:00,101.328801
2026-01-08 21:00+01:00,94.940316
2026-01-08 21:15+01:00,99.629364
2026-01-08 21:30+01:00,93.464003
2026-01-08 21:45+01:00,87.612011
2026-01-08 22:00+01:00,99.759104
2026-01-08 22:15+01:00,97.626106
2026-01-08 22:30+01:00,90.277914
2026-01-08 22:45+01:00,87.841239
2026-01-08 23:00+01:00,93.455628
2026-01-08 23:15+01:00,0.000000
2026-01-08 23:30+01:00,0.000000
2026-01-08 23:45+01:00,0.000000
2026-01-09 00:00+01:00,0.000000
2026-01-09 00:15+01:00,94.402833
2026-01-09 00:30+01:00,96.253803
2026-01-09 00:45+01:00,
2026-01-09 01:00+01:00,95.146422
2026-01-09 01:15+01:00,98.730239
2026-01-09 01:30+01:00,98.135237
2026-01-09 01:45+01:00,97.278228
2026-01-09 02:00+01:00,93.269341
2026-01-09 02:15+01:00,104.812768
2026-01-09 02:30+01:00,97.015397
2026-01-09 02:45+01:00,94.033858
2026-01-09 03:00+01:00,0.000000
2026-01-09 03:15+01:00,0.000000
2026-01-09 03:30+01:00,0.000000
2026-01-09 03:45+01:00,0.000000
2026-01-09 04:00+01:00,0.000000
2026-01-09 04:15+01:00,0.000000
2026-01-09 04:30+01:00,0.000000
2026-01-09 04:45+01:00,0.000000
2026-01-09 05:00+01:00,0.000000
2026-01-09 05:15+01:00,0.000000
2026-01-09 05:30+01:00,0.000000
2026-01-09 05:45+01:00,0.000000
2026-01-09 06:00+01:00,0.000000
2026-01-09 06:15+01:00,0.000000
2026-01-09 06:30+01:00,0.000000
2026-01-09 06:45+01:00,0.000000
2026-01-09 07:00+01:00,0.000000
2026-01-09 07:15+01:00,0.000000
2026-01-09 07:30+01:00,0.000000
2026-01-09 07:45+01:00,
2026-01-09 08:00+01:00,100.513302
2026-01-09 08:15+01:00,96.582320
2026-01-09 08:30+01:00,99.900805
2026-01-09 08:45+01:00,
2026-01-09 09:00+01:00,91.818936
2026-01-09 09:15+01:00,97.089225
2026-01-09 09:30+01:00,92.996043
2026-01-09 09:45+01:00,90.744169
2026-01-09 10:00+01:00,101.233828
2026-01-09 10:15+01:00,94.285372
2026-01-09 10:30+01:00,0.000000
2026-01-09 10:45+01:00,0.000000
2026-01-09 11:00+01:00,0.000000
2026-01-09 11:15+01:00,0.000000
2026-01-09 11:30+01:00,0.000000
2026-01-09 11:45+01:00,0.000000
2026-01-09 12:00+01:00,0.000000
2026-01-09 12:15+01:00,0.000000
2026-01-09 12:30+01:00,0.000000
2026-01-09 12:45+01:00,97.130657
2026-01-09 13:00+01:00,101.886549
2026-01-09 13:15+01:00,94.645659
2026-01-09 13:30+01:00,91.566002
2026-01-09 13:45+01:00,94.505019
2026-01-09 14:00+01:00,93.654007
2026-01-09 14:15+01:00,93.471086
2026-01-09 14:30+01:00,97.507305
2026-01-09 14:45+01:00,102.648019
2026-01-09 15:00+01:00,97.954247
2026-01-09 15:15+01:00,0.000000
2026-01-09 15:30+01:00,0.000000
2026-01-09 15:45+01:00,0.000000
2026-01-09 16:00+01:00,0.000000
2026-01-09 16:15+01:00,0.000000
2026-01-09 16:30+01:00,0.000000
2026-01-09 16:45+01:00,0.000000
2026-01-09 17:00+01:00,0.000000
2026-01-09 17:15+01:00,0.000000
2026-01-09 17:30+01:00,0.000000
2026-01-09 17:45+01:00,0.000000
2026-01-09 18:00+01:00,0.000000
2026-01-09 18:15+01:00,0.000000
2026-01-09 18:30+01:00,0.000000
2026-01-09 18:45+01:00,0.000000
2026-01-09 19:00+01:00,0.000000
2026-01-09 19:15+01:00,0.000000
2026-01-09 19:30+01:00,0.000000
2026-01-09 19:45+01:00,0.000000
2026-01-09 20:00+01:00,0.000000
2026-01-09 20:15+01:00,0.000000
2026-01-09 20:30+01:00,0.000000
2026-01-09 20:45+01:00,0.000000
2026-01-09 21:00+01:00,0.000000
2026-01-09 21:15+01:00,0.000000
2026-01-09 21:30+01:00,0.000000
2026-01-09 21:45+01:00,0.000000
2026-01-09 22:00+01:00,0.000000
2026-01-09 22:15+01:00,0.000000
2026-01-09 22:30+01:00,0.000000
2026-01-09 22:45+01:00,0.000000
2026-01-09 23:00+01:00,
2026-01-09 23:15+01:00,0.000000
2026-01-09 23:30+01:00,0.000000
2026-01-09 23:45+01:00,0.000000
2026-01-10 00:00+01:00,
2026-01-10 00:15+01:00,0.000000
2026-01-10 00:30+01:00,0.000000
2026-01-10 00:45+01:00,0.000000
2026-01-10 01:00+01:00,0.000000
2026-01-10 01:15+01:00,0.000000
2026-01-10 01:30+01:00,0.000000
2026-01-10 01:45+01:00,0.000000
2026-01-10 02:00+01:00,0.000000
2026-01-10 02:15+01:00,0.000000
2026-01-10 02:30+01:00,0.000000
2026-01-10 02:45+01:00,0.000000
2026-01-10 03:00+01:00,0.000000
2026-01-10 03:15+01:00,0.000000
2026-01-10 03:30+01:00,0.000000
2026-01-10 03:45+01:00,0.000000
2026-01-10 04:00+01:00,0.000000
2026-01-10 04:15+01:00,
2026-01-10 04:30+01:00,0.000000
2026-01-10 04:45+01:00,0.000000
2026-01-10 05:00+01:00,0.000000
2026-01-10 05:15+01:00,0.000000
2026-01-10 05:30+01:00,0.000000
2026-01-10 05:45+01:00,86.509253
2026-01-10 06:00+01:00,102.172970
2026-01-10 06:15+01:00,92.273315
2026-01-10 06:30+01:00,103.505242
2026-01-10 06:45+01:00,92.037581
2026-01-10 07:00+01:00,93.192750
2026-01-10 07:15+01:00,107.117121
2026-01-10 07:30+01:00,93.196283
2026-01-10 07:45+01:00,96.741884
2026-01-10 08:00+01:00,99.456354
2026-01-10 08:15+01:00,99.972163
2026-01-10 08:30+01:00,
2026-01-10 08:45+01:00,91.185229
2026-01-10 09:00+01:00,92.938391
2026-01-10 09:15+01:00,100.973711
2026-01-10 09:30+01:00,97.371116
2026-01-10 09:45+01:00,102.313188
2026-01-10 10:00+01:00,90.641985
2026-01-10 10:15+01:00,90.068712
2026-01-10 10:30+01:00,97.559558
2026-01-10 10:45+01:00,90.681739
2026-01-10 11:00+01:00,94.806243
2026-01-10 11:15+01:00,98.168561
2026-01-10 11:30+01:00,91.797955
2026-01-10 11:45+01:00,90.009035
2026-01-10 12:00+01:00,97.504327
2026-01-10 12:15+01:00,93.325553
2026-01-10 12:30+01:00,90.994991
2026-01-10 12:45+01:00,100.993055
2026-01-10 13:00+01:00,92.694892
2026-01-10 13:15+01:00,90.008134
2026-01-10 13:30+01:00,0.000000
2026-01-10 13:45+01:00,
2026-01-10 14:00+01:00,0.000000
2026-01-10 14:15+01:00,0.000000
2026-01-10 14:30+01:00,0.000000
2026-01-10 14:45+01:00,0.000000
2026-01-10 15:00+01:00,0.000000
2026-01-10 15:15+01:00,0.000000
2026-01-10 15:30+01:00,0.000000
2026-01-10 15:45+01:00,0.000000
2026-01-10 16:00+01:00,0.000000
2026-01-10 16:15+01:00,0.000000
2026-01-10 16:30+01:00,0.000000
2026-01-10 16:45+01:00,0.000000
2026-01-10 17:00+01:00,0.000000
2026-01-10 17:15+01:00,0.000000
2026-01-10 17:30+01:00,0.000000
2026-01-10 17:45+01:00,0.000000
2026-01-10 18:00+01:00,0.000000
2026-01-10 18:15+01:00,0.000000
2026-01-10 18:30+01:00,0.000000
2026-01-10 18:45+01:00,0.000000
2026-01-10 19:00+01:00,0.000000
2026-01-10 19:15+01:00,0.000000
2026-01-10 19:30+01:00,0.000000
2026-01-10 19:45+01:00,0.000000
2026-01-10 20:00+01:00,0.000000
2026-01-10 20:15+01:00,0.000000
2026-01-10 20:30+01:00,0.000000
2026-01-10 20:45+01:00,0.000000
2026-01-10 21:00+01:00,0.000000
2026-01-10 21:15+01:00,0.000000
2026-01-10 21:30+01:00,0.000000
2026-01-10 21:45+01:00,0.000000
2026-01-10 22:00+01:00,0.000000
2026-01-10 22:15+01:00,0.000000
2026-01-10 22:30+01:00,0.000000
2026-01-10 22:45+01:00,
2026-01-10 23:00+01:00,0.000000
2026-01-10 23:15+01:00,0.000000
2026-01-10 23:30+01:00,0.000000
2026-01-10 23:45+01:00,0.000000
2026-01-11 00:00+01:00,0.000000
2026-01-11 00:15+01:00,0.000000
2026-01-11 00:30+01:00,0.000000
2026-01-11 00:45+01:00,101.160589
2026-01-11 01:00+01:00,93.467724
2026-01-11 01:15+01:00,103.195600
2026-01-11 01:30+01:00,98.389710
2026-01-11 01:45+01:00,89.913702
2026-01-11 02:00+01:00,
2026-01-11 02:15+01:00,103.813549
2026-01-11 02:30+01:00,98.265817
2026-01-11 02:45+01:00,90.641056
2026-01-11 03:00+01:00,95.517785
2026-01-11 03:15+01:00,97.363156
2026-01-11 03:30+01:00,0.000000
2026-01-11 03:45+01:00,98.715789
2026-01-11 04:00+01:00,94.786362
2026-01-11 04:15+01:00,91.079924
2026-01-11 04:30+01:00,92.978435
2026-01-11 04:45+01:00,99.633920
2026-01-11 05:00+01:00,97.727912
2026-01-11 05:15+01:00,99.987230
2026-01-11 05:30+01:00,99.080985
2026-01-11 05:45+01:00,97.307741
2026-01-11 06:00+01:00,101.416034
2026-01-11 06:15+01:00,0.000000
2026-01-11 06:30+01:00,0.000000
2026-01-11 06:45+01:00,0.000000
2026-01-11 07:00+01:00,0.000000
2026-01-11 07:15+01:00,0.000000
2026-01-11 07:30+01:00,0.000000
2026-01-11 07:45+01:00,0.000000
2026-01-11 08:00+01:00,0.000000
2026-01-11 08:15+01:00,0.000000
2026-01-11 08:30+01:00,0.000000
2026-01-11 08:45+01:00,0.000000
2026-01-11 09:00+01:00,0.000000
2026-01-11 09:15+01:00,0.000000
2026-01-11 09:30+01:00,0.000000
2026-01-11 09:45+01:00,0.000000
2026-01-11 10:00+01:00,0.000000
2026-01-11 10:15+01:00,0.000000
2026-01-11 10:30+01:00,
2026-01-11 10:45+01:00,0.000000
2026-01-11 11:00+01:00,0.000000
2026-01-11 11:15+01:00,0.000000
2026-01-11 11:30+01:00,0.000000
2026-01-11 11:45+01:00,0.000000
2026-01-11 12:00+01:00,0.000000
2026-01-11 12:15+01:00,0.000000
2026-01-11 12:30+01:00,0.000000
2026-01-11 12:45+01:00,0.000000
2026-01-11 13:00+01:00,0.000000
2026-01-11 13:15+01:00,0.000000
2026-01-11 13:30+01:00,92.615855
2026-01-11 13:45+01:00,98.893396
2026-01-11 14:00+01:00,95.371920
2026-01-11 14:15+01:00,102.548472
2026-01-11 14:30+01:00,99.362089
2026-01-11 14:45+01:00,96.882103
2026-01-11 15:00+01:00,98.135690
2026-01-11 15:15+01:00,90.709336
2026-01-11 15:30+01:00,103.399751
2026-01-11 15:45+01:00,96.145221
2026-01-11 16:00+01:00,0.000000
2026-01-11 16:15+01:00,0.000000
2026-01-11 16:30+01:00,0.000000
2026-01-11 16:45+01:00,0.000000
2026-01-11 17:00+01:00,0.000000
2026-01-11 17:15+01:00,0.000000
2026-01-11 17:30+01:00,0.000000
2026-01-11 17:45+01:00,0.000000
2026-01-11 18:00+01:00,0.000000
2026-01-11 18:15+01:00,0.000000
2026-01-11 18:30+01:00,0.000000
2026-01-11 18:45+01:00,0.000000
2026-01-11 19:00+01:00,0.000000
2026-01-11 19:15+01:00,0.000000
2026-01-11 19:30+01:00,0.000000
2026-01-11 19:45+01:00,0.000000
2026-01-11 20:00+01:00,0.000000
2026-01-11 20:15+01:00,0.000000
2026-01-11 20:30+01:00,0.000000
2026-01-11 20:45+01:00,0.000000
2026-01-11 21:00+01:00,0.000000
2026-01-11 21:15+01:00,0.000000
2026-01-11 21:30+01:00,0.000000
2026-01-11 21:45+01:00,0.000000
2026-01-11 22:00+01:00,
2026-01-11 22:15+01:00,0.000000
2026-01-11 22:30+01:00,0.000000
2026-01-11 22:45+01:00,0.000000
2026-01-11 23:00+01:00,0.000000
2026-01-11 23:15+01:00,0.000000
2026-01-11 23:30+01:00,
2026-01-11 23:45+01:00,0.000000
2026-01-12 00:00+01:00,0.000000
2026-01-12 00:15+01:00,0.000000
2026-01-12 00:30+01:00,0.000000
2026-01-12 00:45+01:00,0.000000
2026-01-12 01:00+01:00,0.000000
2026-01-12 01:15+01:00,
2026-01-12 01:30+01:00,
2026-01-12 01:45+01:00,
2026-01-12 02:00+01:00,
2026-01-12 02:15+01:00,
2026-01-12 02:30+01:00,
2026-01-12 02:45+01:00,
2026-01-12 03:00+01:00,
2026-01-12 03:15+01:00,
2026-01-12 03:30+01:00,
2026-01-12 03:45+01:00,
2026-01-12 04:00+01:00,
2026-01-12 04:15+01:00,
2026-01-12 04:30+01:00,
2026-01-12 04:45+01:00,
2026-01-12 05:00+01:00,
2026-01-12 05:15+01:00,
2026-01-12 05:30+01:00,
2026-01-12 05:45+01:00,
2026-01-12 06:00+01:00,
2026-01-12 06:15+01:00,
2026-01-12 06:30+01:00,0.000000
2026-01-12 06:45+01:00,0.000000
2026-01-12 07:00+01:00,0.000000
2026-01-12 07:15+01:00,0.000000
2026-01-12 07:30+01:00,0.000000
2026-01-12 07:45+01:00,0.000000
2026-01-12 08:00+01:00,0.000000
2026-01-12 08:15+01:00,0.000000
2026-01-12 08:30+01:00,0.000000
2026-01-12 08:45+01:00,0.000000
2026-01-12 09:00+01:00,0.000000
2026-01-12 09:15+01:00,0.000000
2026-01-12 09:30+01:00,0.000000
2026-01-12 09:45+01:00,0.000000
2026-01-12 10:00+01:00,0.000000
2026-01-12 10:15+01:00,0.000000
2026-01-12 10:30+01:00,0.000000
2026-01-12 10:45+01:00,0.000000
2026-01-12 11:00+01:00,0.000000
2026-01-12 11:15+01:00,99.057277
2026-01-12 11:30+01:00,99.943303
2026-01-12 11:45+01:00,92.495786
2026-01-12 12:00+01:00,89.586768
2026-01-12 12:15+01:00,103.062460
2026-01-12 12:30+01:00,89.253699
2026-01-12 12:45+01:00,93.574379
2026-01-12 13:00+01:00,94.660614
2026-01-12 13:15+01:00,97.003004
2026-01-12 13:30+01:00,95.228275
2026-01-12 13:45+01:00,0.000000
2026-01-12 14:00+01:00,0.000000
2026-01-12 14:15+01:00,0.000000
2026-01-12 14:30+01:00,
2026-01-12 14:45+01:00,0.000000
2026-01-12 15:00+01:00,0.000000
2026-01-12 15:15+01:00,87.734103
2026-01-12 15:30+01:00,96.725157
2026-01-12 15:45+01:00,95.979716
2026-01-12 16:00+01:00,98.303218
2026-01-12 16:15+01:00,95.906402
2026-01-12 16:30+01:00,95.930288
2026-01-12 16:45+01:00,91.350595
2026-01-12 17:00+01:00,98.997278
2026-01-12 17:15+01:00,87.908076
2026-01-12 17:30+01:00,99.389337
2026-01-12 17:45+01:00,0.000000
2026-01-12 18:00+01:00,0.000000
2026-01-12 18:15+01:00,0.000000
2026-01-12 18:30+01:00,0.000000
2026-01-12 18:45+01:00,0.000000
2026-01-12 19:00+01:00,0.000000
2026-01-12 19:15+01:00,0.000000
2026-01-12 19:30+01:00,0.000000
2026-01-12 19:45+01:00,0.000000
2026-01-12 20:00+01:00,0.000000
2026-01-12 20:15+01:00,0.000000
2026-01-12 20:30+01:00,0.000000
2026-01-12 20:45+01:00,
2026-01-12 21:00+01:00,0.000000
2026-01-12 21:15+01:00,0.000000
2026-01-12 21:30+01:00,0.000000
2026-01-12 21:45+01:00,0.000000
2026-01-12 22:00+01:00,0.000000
2026-01-12 22:15+01:00,0.000000
2026-01-12 22:30+01:00,0.000000
2026-01-12 22:45+01:00,0.000000
2026-01-12 23:00+01:00,0.000000
2026-01-12 23:15+01:00,0.000000
2026-01-12 23:30+01:00,0.000000
2026-01-12 23:45+01:00,0.000000
2026-01-13 00:00+01:00,0.000000
2026-01-13 00:15+01:00,0.000000
2026-01-13 00:30+01:00,0.000000
2026-01-13 00:45+01:00,0.000000
2026-01-13 01:00+01:00,0.000000
2026-01-13 01:15+01:00,0.000000
2026-01-13 01:30+01:00,0.000000
2026-01-13 01:45+01:00,0.000000
2026-01-13 02:00+01:00,0.000000
2026-01-13 02:15+01:00,0.000000
2026-01-13 02:30+01:00,0.000000
2026-01-13 02:45+01:00,0.000000
2026-01-13 03:00+01:00,0.000000
2026-01-13 03:15+01:00,91.815171
2026-01-13 03:30+01:00,97.145438
2026-01-13 03:45+01:00,98.465595
2026-01-13 04:00+01:00,92.230284
2026-01-13 04:15+01:00,97.304883
2026-01-13 04:30+01:00,96.379383
2026-01-13 04:45+01:00,98.395233
2026-01-13 05:00+01:00,94.773518
2026-01-13 05:15+01:00,99.422689
2026-01-13 05:30+01:00,91.592227
2026-01-13 05:45+01:00,91.926037
2026-01-13 06:00+01:00,101.352463
2026-01-13 06:15+01:00,103.439752
2026-01-13 06:30+01:00,95.427360
2026-01-13 06:45+01:00,91.381056
2026-01-13 07:00+01:00,97.723654
2026-01-13 07:15+01:00,0.000000
2026-01-13 07:30+01:00,0.000000
2026-01-13 07:45+01:00,0.000000
2026-01-13 08:00+01:00,0.000000
2026-01-13 08:15+01:00,0.000000
2026-01-13 08:30+01:00,0.000000
2026-01-13 08:45+01:00,
2026-01-13 09:00+01:00,0.000000
2026-01-13 09:15+01:00,0.000000
2026-01-13 09:30+01:00,0.000000
2026-01-13 09:45+01:00,0.000000
2026-01-13 10:00+01:00,0.000000
2026-01-13 10:15+01:00,0.000000
2026-01-13 10:30+01:00,0.000000
2026-01-13 10:45+01:00,0.000000
2026-01-13 11:00+01:00,0.000000
2026-01-13 11:15+01:00,0.000000
2026-01-13 11:30+01:00,0.000000
2026-01-13 11:45+01:00,0.000000
2026-01-13 12:00+01:00,0.000000
2026-01-13 12:15+01:00,0.000000
2026-01-13 12:30+01:00,0.000000
2026-01-13 12:45+01:00,0.000000
2026-01-13 13:00+01:00,0.000000
2026-01-13 13:15+01:00,0.000000
2026-01-13 13:30+01:00,0.000000
2026-01-13 13:45+01:00,0.000000
2026-01-13 14:00+01:00,0.000000
2026-01-13 14:15+01:00,0.000000
2026-01-13 14:30+01:00,0.000000
2026-01-13 14:45+01:00,0.000000
2026-01-13 15:00+01:00,0.000000
2026-01-13 15:15+01:00,0.000000
2026-01-13 15:30+01:00,0.000000
2026-01-13 15:45+01:00,
2026-01-13 16:00+01:00,0.000000
2026-01-13 16:15+01:00,0.000000
2026-01-13 16:30+01:00,0.000000
2026-01-13 16:45+01:00,0.000000
2026-01-13 17:00+01:00,0.000000
2026-01-13 17:15+01:00,0.000000
2026-01-13 17:30+01:00,0.000000
2026-01-13 17:45+01:00,0.000000
2026-01-13 18:00+01:00,0.000000
2026-01-13 18:15+01:00,0.000000
2026-01-13 18:30+01:00,91.069402
2026-01-13 18:45+01:00,106.878013
2026-01-13 19:00+01:00,93.456266
2026-01-13 19:15+01:00,95.800281
2026-01-13 19:30+01:00,88.989221
2026-01-13 19:45+01:00,96.068177
2026-01-13 20:00+01:00,91.263376
2026-01-13 20:15+01:00,94.666536
2026-01-13 20:30+01:00,96.877120
2026-01-13 20:45+01:00,96.634915
2026-01-13 21:00+01:00,94.972783
2026-01-13 21:15+01:00,
2026-01-13 21:30+01:00,95.573374
2026-01-13 21:45+01:00,89.675778
2026-01-13 22:00+01:00,92.748684
2026-01-13 22:15+01:00,0.000000
2026-01-13 22:30+01:00,0.000000
2026-01-13 22:45+01:00,0.000000
2026-01-13 23:00+01:00,0.000000
2026-01-13 23:15+01:00,
2026-01-13 23:30+01:00,0.000000
2026-01-13 23:45+01:00,0.000000
2026-01-14 00:00+01:00,0.000000
2026-01-14 00:15+01:00,0.000000
2026-01-14 00:30+01:00,0.000000
2026-01-14 00:45+01:00,0.000000
2026-01-14 01:00+01:00,0.000000
2026-01-14 01:15+01:00,0.000000
2026-01-14 01:30+01:00,0.000000
2026-01-14 01:45+01:00,0.000000
2026-01-14 02:00+01:00,0.000000
2026-01-14 02:15+01:00,0.000000
2026-01-14 02:30+01:00,0.000000
2026-01-14 02:45+01:00,0.000000
2026-01-14 03:00+01:00,0.000000
2026-01-14 03:15+01:00,0.000000
2026-01-14 03:30+01:00,0.000000
2026-01-14 03:45+01:00,0.000000
2026-01-14 04:00+01:00,0.000000
2026-01-14 04:15+01:00,0.000000
2026-01-14 04:30+01:00,99.105668
2026-01-14 04:45+01:00,98.798230
2026-01-14 05:00+01:00,93.507502
2026-01-14 05:15+01:00,108.339534
2026-01-14 05:30+01:00,98.682267
2026-01-14 05:45+01:00,96.455282
2026-01-14 06:00+01:00,97.034937
2026-01-14 06:15+01:00,95.012395
2026-01-14 06:30+01:00,89.493748
2026-01-14 06:45+01:00,99.554173
2026-01-14 07:00+01:00,
2026-01-14 07:15+01:00,92.849399
2026-01-14 07:30+01:00,99.788031
2026-01-14 07:45+01:00,105.816647
2026-01-14 08:00+01:00,96.305275
2026-01-14 08:15+01:00,0.000000
2026-01-14 08:30+01:00,0.000000
2026-01-14 08:45+01:00,0.000000
2026-01-14 09:00+01:00,0.000000
2026-01-14 09:15+01:00,0.000000
2026-01-14 09:30+01:00,0.000000
2026-01-14 09:45+01:00,0.000000
2026-01-14 10:00+01:00,0.000000
2026-01-14 10:15+01:00,0.000000
2026-01-14 10:30+01:00,0.000000
2026-01-14 10:45+01:00,
2026-01-14 11:00+01:00,0.000000
2026-01-14 11:15+01:00,0.000000
2026-01-14 11:30+01:00,97.486800
2026-01-14 11:45+01:00,98.722730
2026-01-14 12:00+01:00,98.659493
2026-01-14 12:15+01:00,101.545157
2026-01-14 12:30+01:00,97.953683
2026-01-14 12:45+01:00,93.709135
2026-01-14 13:00+01:00,90.915836
2026-01-14 13:15+01:00,98.604776
2026-01-14 13:30+01:00,94.026983
2026-01-14 13:45+01:00,90.024226
2026-01-14 14:00+01:00,96.778391
2026-01-14 14:15+01:00,100.814744
2026-01-14 14:30+01:00,93.946126
2026-01-14 14:45+01:00,92.836722
2026-01-14 15:00+01:00,97.091497
2026-01-14 15:15+01:00,91.530148
2026-01-14 15:30+01:00,0.000000
2026-01-14 15:45+01:00,0.000000
2026-01-14 16:00+01:00,0.000000
2026-01-14 16:15+01:00,0.000000
2026-01-14 16:30+01:00,0.000000
2026-01-14 16:45+01:00,0.000000
2026-01-14 17:00+01:00,0.000000
2026-01-14 17:15+01:00,0.000000
2026-01-14 17:30+01:00,0.000000
2026-01-14 17:45+01:00,0.000000
2026-01-14 18:00+01:00,0.000000
2026-01-14 18:15+01:00,0.000000
2026-01-14 18:30+01:00,0.000000
2026-01-14 18:45+01:00,0.000000
2026-01-14 19:00+01:00,0.000000
2026-01-14 19:15+01:00,0.000000
2026-01-14 19:30+01:00,0.000000
2026-01-14 19:45+01:00,0.000000
2026-01-14 20:00+01:00,0.000000
2026-01-14 20:15+01:00,0.000000
2026-01-14 20:30+01:00,0.000000
2026-01-14 20:45+01:00,0.000000
2026-01-14 21:00+01:00,0.000000
2026-01-14 21:15+01:00,0.000000
2026-01-14 21:30+01:00,0.000000
2026-01-14 21:45+01:00,0.000000
2026-01-14 22:00+01:00,0.000000
2026-01-14 22:15+01:00,0.000000
2026-01-14 22:30+01:00,0.000000
2026-01-14 22:45+01:00,0.000000
2026-01-14 23:00+01:00,0.000000
2026-01-14 23:15+01:00,0.000000
2026-01-14 23:30+01:00,0.000000
2026-01-14 23:45+01:00,0.000000
2026-01-15 00:00+01:00,0.000000
2026-01-15 00:15+01:00,0.000000
2026-01-15 00:30+01:00,0.000000
2026-01-15 00:45+01:00,0.000000
2026-01-15 01:00+01:00,0.000000
2026-01-15 01:15+01:00,0.000000
2026-01-15 01:30+01:00,0.000000
2026-01-15 01:45+01:00,
2026-01-15 02:00+01:00,0.000000
2026-01-15 02:15+01:00,0.000000
2026-01-15 02:30+01:00,0.000000
2026-01-15 02:45+01:00,0.000000
2026-01-15 03:00+01:00,0.000000
2026-01-15 03:15+01:00,0.000000
2026-01-15 03:30+01:00,0.000000
2026-01-15 03:45+01:00,0.000000
2026-01-15 04:00+01:00,0.000000
2026-01-15 04:15+01:00,0.000000
2026-01-15 04:30+01:00,0.000000
2026-01-15 04:45+01:00,0.000000
2026-01-15 05:00+01:00,0.000000
2026-01-15 05:15+01:00,0.000000
2026-01-15 05:30+01:00,104.538797
2026-01-15 05:45+01:00,96.169751
2026-01-15 06:00+01:00,90.001399
2026-01-15 06:15+01:00,93.170708
2026-01-15 06:30+01:00,98.225556
2026-01-15 06:45+01:00,97.412046
2026-01-15 07:00+01:00,88.496771
2026-01-15 07:15+01:00,94.242968
2026-01-15 07:30+01:00,99.167704
2026-01-15 07:45+01:00,92.555398
2026-01-15 08:00+01:00,97.697287
2026-01-15 08:15+01:00,95.680964
2026-01-15 08:30+01:00,100.876558
2026-01-15 08:45+01:00,103.550098
2026-01-15 09:00+01:00,97.084197
2026-01-15 09:15+01:00,0.000000
2026-01-15 09:30+01:00,0.000000
2026-01-15 09:45+01:00,0.000000
2026-01-15 10:00+01:00,0.000000
2026-01-15 10:15+01:00,0.000000
2026-01-15 10:30+01:00,0.000000
2026-01-15 10:45+01:00,0.000000
2026-01-15 11:00+01:00,0.000000
2026-01-15 11:15+01:00,0.000000
2026-01-15 11:30+01:00,0.000000
2026-01-15 11:45+01:00,0.000000
2026-01-15 12:00+01:00,
2026-01-15 12:15+01:00,0.000000
2026-01-15 12:30+01:00,0.000000
2026-01-15 12:45+01:00,0.000000
2026-01-15 13:00+01:00,0.000000
2026-01-15 13:15+01:00,0.000000
2026-01-15 13:30+01:00,0.000000
2026-01-15 13:45+01:00,0.000000
2026-01-15 14:00+01:00,94.752650
2026-01-15 14:15+01:00,99.514557
2026-01-15 14:30+01:00,91.926014
2026-01-15 14:45+01:00,93.219295
2026-01-15 15:00+01:00,104.643697
2026-01-15 15:15+01:00,99.489023
2026-01-15 15:30+01:00,93.040276
2026-01-15 15:45+01:00,98.072612
2026-01-15 16:00+01:00,92.542786
2026-01-15 16:15+01:00,88.142380
2026-01-15 16:30+01:00,92.675391
2026-01-15 16:45+01:00,96.575278
2026-01-15 17:00+01:00,88.432701
2026-01-15 17:15+01:00,94.434612
2026-01-15 17:30+01:00,
2026-01-15 17:45+01:00,93.630138
2026-01-15 18:00+01:00,0.000000
2026-01-15 18:15+01:00,0.000000
2026-01-15 18:30+01:00,0.000000
2026-01-15 18:45+01:00,0.000000
2026-01-15 19:00+01:00,0.000000
2026-01-15 19:15+01:00,0.000000
2026-01-15 19:30+01:00,0.000000
2026-01-15 19:45+01:00,0.000000
2026-01-15 20:00+01:00,0.000000
2026-01-15 20:15+01:00,0.000000
2026-01-15 20:30+01:00,0.000000
2026-01-15 20:45+01:00,0.000000
2026-01-15 21:00+01:00,0.000000
2026-01-15 21:15+01:00,0.000000
2026-01-15 21:30+01:00,0.000000
2026-01-15 21:45+01:00,0.000000
2026-01-15 22:00+01:00,0.000000
2026-01-15 22:15+01:00,0.000000
2026-01-15 22:30+01:00,0.000000
2026-01-15 22:45+01:00,0.000000
2026-01-15 23:00+01:00,0.000000
2026-01-15 23:15+01:00,0.000000
2026-01-15 23:30+01:00,0.000000
2026-01-15 23:45+01:00,0.000000
2026-01-16 00:00+01:00,0.000000
2026-01-16 00:15+01:00,0.000000
2026-01-16 00:30+01:00,0.000000
2026-01-16 00:45+01:00,0.000000
2026-01-16 01:00+01:00,0.000000
2026-01-16 01:15+01:00,0.000000
2026-01-16 01:30+01:00,
2026-01-16 01:45+01:00,0.000000
2026-01-16 02:00+01:00,0.000000
2026-01-16 02:15+01:00,0.000000
2026-01-16 02:30+01:00,0.000000
2026-01-16 02:45+01:00,0.000000
2026-01-16 03:00+01:00,0.000000
2026-01-16 03:15+01:00,0.000000
2026-01-16 03:30+01:00,0.000000
2026-01-16 03:45+01:00,0.000000
2026-01-16 04:00+01:00,0.000000
2026-01-16 04:15+01:00,0.000000
2026-01-16 04:30+01:00,
2026-01-16 04:45+01:00,0.000000
2026-01-16 05:00+01:00,
2026-01-16 05:15+01:00,0.000000
2026-01-16 05:30+01:00,0.000000
2026-01-16 05:45+01:00,0.000000
2026-01-16 06:00+01:00,0.000000
2026-01-16 06:15+01:00,98.694399
2026-01-16 06:30+01:00,
2026-01-16 06:45+01:00,90.449887
2026-01-16 07:00+01:00,100.254582
2026-01-16 07:15+01:00,
2026-01-16 07:30+01:00,100.662915
2026-01-16 07:45+01:00,96.562638
2026-01-16 08:00+01:00,94.730652
2026-01-16 08:15+01:00,90.763727
2026-01-16 08:30+01:00,101.543304
2026-01-16 08:45+01:00,97.233731
2026-01-16 09:00+01:00,87.950854
2026-01-16 09:15+01:00,94.235767
2026-01-16 09:30+01:00,
2026-01-16 09:45+01:00,94.350845
2026-01-16 10:00+01:00,97.163288
2026-01-16 10:15+01:00,94.497756
2026-01-16 10:30+01:00,88.377780
2026-01-16 10:45+01:00,91.340377
2026-01-16 11:00+01:00,89.900050
2026-01-16 11:15+01:00,93.859194
2026-01-16 11:30+01:00,95.298351
2026-01-16 11:45+01:00,94.412062
2026-01-16 12:00+01:00,95.578952
2026-01-16 12:15+01:00,99.850078
2026-01-16 12:30+01:00,89.349764
2026-01-16 12:45+01:00,98.330746
2026-01-16 13:00+01:00,98.118804
2026-01-16 13:15+01:00,99.816156
2026-01-16 13:30+01:00,85.592644
2026-01-16 13:45+01:00,98.832324
2026-01-16 14:00+01:00,0.000000
2026-01-16 14:15+01:00,0.000000
2026-01-16 14:30+01:00,0.000000
2026-01-16 14:45+01:00,0.000000
2026-01-16 15:00+01:00,
2026-01-16 15:15+01:00,0.000000
2026-01-16 15:30+01:00,0.000000
2026-01-16 15:45+01:00,0.000000
2026-01-16 16:00+01:00,0.000000
2026-01-16 16:15+01:00,0.000000
2026-01-16 16:30+01:00,0.000000
2026-01-16 16:45+01:00,0.000000
2026-01-16 17:00+01:00,0.000000
2026-01-16 17:15+01:00,0.000000
2026-01-16 17:30+01:00,0.000000
2026-01-16 17:45+01:00,0.000000
2026-01-16 18:00+01:00,
2026-01-16 18:15+01:00,
2026-01-16 18:30+01:00,0.000000
2026-01-16 18:45+01:00,0.000000
2026-01-16 19:00+01:00,0.000000
2026-01-16 19:15+01:00,0.000000
2026-01-16 19:30+01:00,0.000000
2026-01-16 19:45+01:00,0.000000
2026-01-16 20:00+01:00,0.000000
2026-01-16 20:15+01:00,0.000000
2026-01-16 20:30+01:00,0.000000
2026-01-16 20:45+01:00,0.000000
2026-01-16 21:00+01:00,0.000000
2026-01-16 21:15+01:00,0.000000
2026-01-16 21:30+01:00,
2026-01-16 21:45+01:00,0.000000
2026-01-16 22:00+01:00,0.000000
2026-01-16 22:15+01:00,0.000000
2026-01-16 22:30+01:00,0.000000
2026-01-16 22:45+01:00,0.000000
2026-01-16 23:00+01:00,0.000000
2026-01-16 23:15+01:00,0.000000
2026-01-16 23:30+01:00,0.000000
2026-01-16 23:45+01:00,0.000000
2026-01-17 00:00+01:00,0.000000
2026-01-17 00:15+01:00,0.000000
2026-01-17 00:30+01:00,0.000000
2026-01-17 00:45+01:00,0.000000
2026-01-17 01:00+01:00,0.000000
2026-01-17 01:15+01:00,
2026-01-17 01:30+01:00,0.000000
2026-01-17 01:45+01:00,0.000000
2026-01-17 02:00+01:00,0.000000
2026-01-17 02:15+01:00,0.000000
2026-01-17 02:30+01:00,0.000000
2026-01-17 02:45+01:00,0.000000
2026-01-17 03:00+01:00,0.000000
2026-01-17 03:15+01:00,0.000000
2026-01-17 03:30+01:00,0.000000
2026-01-17 03:45+01:00,0.000000
2026-01-17 04:00+01:00,0.000000
2026-01-17 04:15+01:00,0.000000
2026-01-17 04:30+01:00,
2026-01-17 04:45+01:00,0.000000
2026-01-17 05:00+01:00,0.000000
2026-01-17 05:15+01:00,0.000000
2026-01-17 05:30+01:00,0.000000
2026-01-17 05:45+01:00,0.000000
2026-01-17 06:00+01:00,0.000000
2026-01-17 06:15+01:00,0.000000
2026-01-17 06:30+01:00,0.000000
2026-01-17 06:45+01:00,0.000000
2026-01-17 07:00+01:00,0.000000
2026-01-17 07:15+01:00,0.000000
2026-01-17 07:30+01:00,0.000000
2026-01-17 07:45+01:00,0.000000
2026-01-17 08:00+01:00,0.000000
2026-01-17 08:15+01:00,0.000000
2026-01-17 08:30+01:00,0.000000
2026-01-17 08:45+01:00,0.000000
2026-01-17 09:00+01:00,0.000000
2026-01-17 09:15+01:00,0.000000
2026-01-17 09:30+01:00,0.000000
2026-01-17 09:45+01:00,
2026-01-17 10:00+01:00,0.000000
2026-01-17 10:15+01:00,0.000000
2026-01-17 10:30+01:00,0.000000
2026-01-17 10:45+01:00,0.000000
2026-01-17 11:00+01:00,0.000000
2026-01-17 11:15+01:00,0.000000
2026-01-17 11:30+01:00,0.000000
2026-01-17 11:45+01:00,0.000000
2026-01-17 12:00+01:00,0.000000
2026-01-17 12:15+01:00,0.000000
2026-01-17 12:30+01:00,0.000000
2026-01-17 12:45+01:00,0.000000
2026-01-17 13:00+01:00,
2026-01-17 13:15+01:00,0.000000
2026-01-17 13:30+01:00,0.000000
2026-01-17 13:45+01:00,0.000000
2026-01-17 14:00+01:00,0.000000
2026-01-17 14:15+01:00,0.000000
2026-01-17 14:30+01:00,0.000000
2026-01-17 14:45+01:00,0.000000
2026-01-17 15:00+01:00,0.000000
2026-01-17 15:15+01:00,98.417622
2026-01-17 15:30+01:00,95.635926
2026-01-17 15:45+01:00,89.504130
2026-01-17 16:00+01:00,93.156150
2026-01-17 16:15+01:00,94.860877
2026-01-17 16:30+01:00,97.250044
2026-01-17 16:45+01:00,94.592743
2026-01-17 17:00+01:00,92.098423
2026-01-17 17:15+01:00,101.348086
2026-01-17 17:30+01:00,100.848334
2026-01-17 17:45+01:00,92.526980
2026-01-17 18:00+01:00,94.128077
2026-01-17 18:15+01:00,100.217319
2026-01-17 18:30+01:00,92.035586
2026-01-17 18:45+01:00,88.062398
2026-01-17 19:00+01:00,
2026-01-17 19:15+01:00,98.049722
2026-01-17 19:30+01:00,94.239253
2026-01-17 19:45+01:00,94.836176
2026-01-17 20:00+01:00,100.125562
2026-01-17 20:15+01:00,93.946497
2026-01-17 20:30+01:00,96.538182
2026-01-17 20:45+01:00,97.459658
2026-01-17 21:00+01:00,98.978087
2026-01-17 21:15+01:00,86.056066
2026-01-17 21:30+01:00,100.801158
2026-01-17 21:45+01:00,104.901640
2026-01-17 22:00+01:00,97.151013
2026-01-17 22:15+01:00,
2026-01-17 22:30+01:00,92.612854
2026-01-17 22:45+01:00,96.209017
2026-01-17 23:00+01:00,0.000000
2026-01-17 23:15+01:00,0.000000
2026-01-17 23:30+01:00,0.000000
2026-01-17 23:45+01:00,0.000000
2026-01-18 00:00+01:00,0.000000
2026-01-18 00:15+01:00,0.000000
2026-01-18 00:30+01:00,0.000000
2026-01-18 00:45+01:00,0.000000
2026-01-18 01:00+01:00,0.000000
2026-01-18 01:15+01:00,0.000000
2026-01-18 01:30+01:00,0.000000
2026-01-18 01:45+01:00,0.000000
2026-01-18 02:00+01:00,0.000000
2026-01-18 02:15+01:00,0.000000
2026-01-18 02:30+01:00,0.000000
2026-01-18 02:45+01:00,0.000000
2026-01-18 03:00+01:00,0.000000
2026-01-18 03:15+01:00,0.000000
2026-01-18 03:30+01:00,0.000000
2026-01-18 03:45+01:00,0.000000
2026-01-18 04:00+01:00,0.000000
2026-01-18 04:15+01:00,0.000000
2026-01-18 04:30+01:00,0.000000
2026-01-18 04:45+01:00,0.000000
2026-01-18 05:00+01:00,0.000000
2026-01-18 05:15+01:00,0.000000
2026-01-18 05:30+01:00,0.000000
2026-01-18 05:45+01:00,
2026-01-18 06:00+01:00,0.000000
2026-01-18 06:15+01:00,0.000000
2026-01-18 06:30+01:00,0.000000
2026-01-18 06:45+01:00,0.000000
2026-01-18 07:00+01:00,0.000000
2026-01-18 07:15+01:00,0.000000
2026-01-18 07:30+01:00,0.000000
2026-01-18 07:45+01:00,0.000000
2026-01-18 08:00+01:00,0.000000
2026-01-18 08:15+01:00,90.281847
2026-01-18 08:30+01:00,84.531587
2026-01-18 08:45+01:00,91.537909
2026-01-18 09:00+01:00,86.886758
2026-01-18 09:15+01:00,92.625974
2026-01-18 09:30+01:00,103.360089
2026-01-18 09:45+01:00,95.521673
2026-01-18 10:00+01:00,98.468044
2026-01-18 10:15+01:00,99.549515
2026-01-18 10:30+01:00,92.408439
2026-01-18 10:45+01:00,92.150260
2026-01-18 11:00+01:00,94.380266
2026-01-18 11:15+01:00,87.413639
2026-01-18 11:30+01:00,95.580388
2026-01-18 11:45+01:00,97.666651
2026-01-18 12:00+01:00,0.000000
2026-01-18 12:15+01:00,0.000000
2026-01-18 12:30+01:00,
2026-01-18 12:45+01:00,0.000000
2026-01-18 13:00+01:00,
2026-01-18 13:15+01:00,0.000000
2026-01-18 13:30+01:00,
2026-01-18 13:45+01:00,0.000000
2026-01-18 14:00+01:00,0.000000
2026-01-18 14:15+01:00,0.000000
2026-01-18 14:30+01:00,0.000000
2026-01-18 14:45+01:00,0.000000
2026-01-18 15:00+01:00,0.000000
2026-01-18 15:15+01:00,0.000000
2026-01-18 15:30+01:00,0.000000
2026-01-18 15:45+01:00,0.000000
2026-01-18 16:00+01:00,0.000000
2026-01-18 16:15+01:00,0.000000
2026-01-18 16:30+01:00,
2026-01-18 16:45+01:00,0.000000
2026-01-18 17:00+01:00,0.000000
2026-01-18 17:15+01:00,0.000000
2026-01-18 17:30+01:00,0.000000
2026-01-18 17:45+01:00,0.000000
2026-01-18 18:00+01:00,0.000000
2026-01-18 18:15+01:00,0.000000
2026-01-18 18:30+01:00,0.000000
2026-01-18 18:45+01:00,99.146785
2026-01-18 19:00+01:00,100.844169
2026-01-18 19:15+01:00,96.821120
2026-01-18 19:30+01:00,98.624749
2026-01-18 19:45+01:00,94.202841
2026-01-18 20:00+01:00,100.392642
2026-01-18 20:15+01:00,95.309386
2026-01-18 20:30+01:00,96.485433
2026-01-18 20:45+01:00,93.832098
2026-01-18 21:00+01:00,98.499880
2026-01-18 21:15+01:00,103.146613
2026-01-18 21:30+01:00,99.020364
2026-01-18 21:45+01:00,97.251555
2026-01-18 22:00+01:00,100.950154
2026-01-18 22:15+01:00,90.273360
2026-01-18 22:30+01:00,98.798100
2026-01-18 22:45+01:00,0.000000
2026-01-18 23:00+01:00,0.000000
2026-01-18 23:15+01:00,0.000000
2026-01-18 23:30+01:00,0.000000
2026-01-18 23:45+01:00,0.000000
2026-01-19 00:00+01:00,0.000000
2026-01-19 00:15+01:00,0.000000
2026-01-19 00:30+01:00,
2026-01-19 00:45+01:00,0.000000
2026-01-19 01:00+01:00,0.000000
2026-01-19 01:15+01:00,0.000000
2026-01-19 01:30+01:00,0.000000
2026-01-19 01:45+01:00,0.000000
2026-01-19 02:00+01:00,0.000000
2026-01-19 02:15+01:00,0.000000
2026-01-19 02:30+01:00,0.000000
2026-01-19 02:45+01:00,0.000000
2026-01-19 03:00+01:00,
2026-01-19 03:15+01:00,0.000000
2026-01-19 03:30+01:00,0.000000
2026-01-19 03:45+01:00,0.000000
2026-01-19 04:00+01:00,0.000000
2026-01-19 04:15+01:00,0.000000
2026-01-19 04:30+01:00,0.000000
2026-01-19 04:45+01:00,0.000000
2026-01-19 05:00+01:00,0.000000
2026-01-19 05:15+01:00,0.000000
2026-01-19 05:30+01:00,0.000000
2026-01-19 05:45+01:00,0.000000
2026-01-19 06:00+01:00,0.000000
2026-01-19 06:15+01:00,0.000000
2026-01-19 06:30+01:00,0.000000
2026-01-19 06:45+01:00,0.000000
2026-01-19 07:00+01:00,0.000000
2026-01-19 07:15+01:00,0.000000
2026-01-19 07:30+01:00,0.000000
2026-01-19 07:45+01:00,0.000000
2026-01-19 08:00+01:00,0.000000
2026-01-19 08:15+01:00,0.000000
2026-01-19 08:30+01:00,0.000000
2026-01-19 08:45+01:00,0.000000
2026-01-19 09:00+01:00,0.000000
2026-01-19 09:15+01:00,0.000000
2026-01-19 09:30+01:00,0.000000
2026-01-19 09:45+01:00,
2026-01-19 10:00+01:00,
2026-01-19 10:15+01:00,0.000000
2026-01-19 10:30+01:00,0.000000
2026-01-19 10:45+01:00,0.000000
2026-01-19 11:00+01:00,0.000000
2026-01-19 11:15+01:00,0.000000
2026-01-19 11:30+01:00,0.000000
2026-01-19 11:45+01:00,0.000000
2026-01-19 12:00+01:00,0.000000
2026-01-19 12:15+01:00,0.000000
2026-01-19 12:30+01:00,0.000000
2026-01-19 12:45+01:00,0.000000
2026-01-19 13:00+01:00,0.000000
2026-01-19 13:15+01:00,0.000000
2026-01-19 13:30+01:00,0.000000
2026-01-19 13:45+01:00,0.000000
2026-01-19 14:00+01:00,
2026-01-19 14:15+01:00,
2026-01-19 14:30+01:00,0.000000
2026-01-19 14:45+01:00,0.000000
2026-01-19 15:00+01:00,0.000000
2026-01-19 15:15+01:00,0.000000
2026-01-19 15:30+01:00,0.000000
2026-01-19 15:45+01:00,0.000000
2026-01-19 16:00+01:00,90.718119
2026-01-19 16:15+01:00,91.628586
2026-01-19 16:30+01:00,100.717043
2026-01-19 16:45+01:00,99.399990
2026-01-19 17:00+01:00,95.584827
2026-01-19 17:15+01:00,90.148614
2026-01-19 17:30+01:00,94.347161
2026-01-19 17:45+01:00,90.989286
2026-01-19 18:00+01:00,90.546592
2026-01-19 18:15+01:00,100.588662
2026-01-19 18:30+01:00,100.806652
2026-01-19 18:45+01:00,99.287682
2026-01-19 19:00+01:00,95.670242
2026-01-19 19:15+01:00,95.755930
2026-01-19 19:30+01:00,90.442272
2026-01-19 19:45+01:00,108.204527
2026-01-19 20:00+01:00,
2026-01-19 20:15+01:00,98.160066
2026-01-19 20:30+01:00,99.944882
2026-01-19 20:45+01:00,
2026-01-19 21:00+01:00,84.847502
2026-01-19 21:15+01:00,95.813859
2026-01-19 21:30+01:00,90.034661
2026-01-19 21:45+01:00,95.027162
2026-01-19 22:00+01:00,97.561281
2026-01-19 22:15+01:00,102.857412
2026-01-19 22:30+01:00,
2026-01-19 22:45+01:00,96.569639
2026-01-19 23:00+01:00,100.908844
2026-01-19 23:15+01:00,563.535704
2026-01-19 23:30+01:00,607.404601
2026-01-19 23:45+01:00,0.000000
2026-01-20 00:00+01:00,0.000000
2026-01-20 00:15+01:00,0.000000
2026-01-20 00:30+01:00,0.000000
2026-01-20 00:45+01:00,0.000000
2026-01-20 01:00+01:00,0.000000
2026-01-20 01:15+01:00,0.000000
2026-01-20 01:30+01:00,0.000000
2026-01-20 01:45+01:00,0.000000
2026-01-20 02:00+01:00,0.000000
2026-01-20 02:15+01:00,0.000000
2026-01-20 02:30+01:00,0.000000
2026-01-20 02:45+01:00,0.000000
2026-01-20 03:00+01:00,0.000000
2026-01-20 03:15+01:00,
2026-01-20 03:30+01:00,0.000000
2026-01-20 03:45+01:00,0.000000
2026-01-20 04:00+01:00,0.000000
2026-01-20 04:15+01:00,0.000000
2026-01-20 04:30+01:00,0.000000
2026-01-20 04:45+01:00,0.000000
2026-01-20 05:00+01:00,0.000000
2026-01-20 05:15+01:00,0.000000
2026-01-20 05:30+01:00,0.000000
2026-01-20 05:45+01:00,0.000000
2026-01-20 06:00+01:00,97.525419
2026-01-20 06:15+01:00,97.461545
2026-01-20 06:30+01:00,97.798249
2026-01-20 06:45+01:00,97.741045
2026-01-20 07:00+01:00,94.109895
2026-01-20 07:15+01:00,101.864684
2026-01-20 07:30+01:00,89.025271
2026-01-20 07:45+01:00,91.309577
2026-01-20 08:00+01:00,
2026-01-20 08:15+01:00,87.681142
2026-01-20 08:30+01:00,87.949359
2026-01-20 08:45+01:00,99.902851
2026-01-20 09:00+01:00,96.144278
2026-01-20 09:15+01:00,94.946697
2026-01-20 09:30+01:00,97.810327
2026-01-20 09:45+01:00,0.000000
2026-01-20 10:00+01:00,0.000000
2026-01-20 10:15+01:00,0.000000
2026-01-20 10:30+01:00,0.000000
2026-01-20 10:45+01:00,0.000000
2026-01-20 11:00+01:00,0.000000
2026-01-20 11:15+01:00,0.000000
2026-01-20 11:30+01:00,0.000000
2026-01-20 11:45+01:00,0.000000
2026-01-20 12:00+01:00,0.000000
2026-01-20 12:15+01:00,
2026-01-20 12:30+01:00,0.000000
2026-01-20 12:45+01:00,0.000000
2026-01-20 13:00+01:00,0.000000
2026-01-20 13:15+01:00,0.000000
2026-01-20 13:30+01:00,0.000000
2026-01-20 13:45+01:00,0.000000
2026-01-20 14:00+01:00,0.000000
2026-01-20 14:15+01:00,0.000000
2026-01-20 14:30+01:00,0.000000
2026-01-20 14:45+01:00,107.788064
2026-01-20 15:00+01:00,100.334165
2026-01-20 15:15+01:00,96.018128
2026-01-20 15:30+01:00,95.338576
2026-01-20 15:45+01:00,97.015409
2026-01-20 16:00+01:00,96.787685
2026-01-20 16:15+01:00,100.605452
2026-01-20 16:30+01:00,89.533449
2026-01-20 16:45+01:00,98.329635
2026-01-20 17:00+01:00,97.086628
2026-01-20 17:15+01:00,93.513668
2026-01-20 17:30+01:00,93.709909
2026-01-20 17:45+01:00,95.256296
2026-01-20 18:00+01:00,93.771958
2026-01-20 18:15+01:00,99.256638
2026-01-20 18:30+01:00,100.592460
2026-01-20 18:45+01:00,0.000000
2026-01-20 19:00+01:00,0.000000
2026-01-20 19:15+01:00,0.000000
2026-01-20 19:30+01:00,0.000000
2026-01-20 19:45+01:00,0.000000
2026-01-20 20:00+01:00,0.000000
2026-01-20 20:15+01:00,0.000000
2026-01-20 20:30+01:00,0.000000
2026-01-20 20:45+01:00,0.000000
2026-01-20 21:00+01:00,0.000000
2026-01-20 21:15+01:00,0.000000
2026-01-20 21:30+01:00,0.000000
2026-01-20 21:45+01:00,0.000000
2026-01-20 22:00+01:00,0.000000
2026-01-20 22:15+01:00,0.000000
2026-01-20 22:30+01:00,0.000000
2026-01-20 22:45+01:00,0.000000
2026-01-20 23:00+01:00,0.000000
2026-01-20 23:15+01:00,0.000000
2026-01-20 23:30+01:00,0.000000
2026-01-20 23:45+01:00,0.000000
2026-01-21 00:00+01:00,0.000000
2026-01-21 00:15+01:00,0.000000
2026-01-21 00:30+01:00,0.000000
2026-01-21 00:45+01:00,0.000000
2026-01-21 01:00+01:00,0.000000
2026-01-21 01:15+01:00,0.000000
2026-01-21 01:30+01:00,87.899769
2026-01-21 01:45+01:00,104.477797
2026-01-21 02:00+01:00,99.103711
2026-01-21 02:15+01:00,95.439989
2026-01-21 02:30+01:00,94.120121
2026-01-21 02:45+01:00,
2026-01-21 03:00+01:00,100.402234
2026-01-21 03:15+01:00,91.259059
2026-01-21 03:30+01:00,91.031625
2026-01-21 03:45+01:00,92.294342
2026-01-21 04:00+01:00,
2026-01-21 04:15+01:00,0.000000
2026-01-21 04:30+01:00,0.000000
2026-01-21 04:45+01:00,0.000000
2026-01-21 05:00+01:00,0.000000
2026-01-21 05:15+01:00,0.000000
2026-01-21 05:30+01:00,0.000000
2026-01-21 05:45+01:00,0.000000
2026-01-21 06:00+01:00,0.000000
2026-01-21 06:15+01:00,0.000000
2026-01-21 06:30+01:00,0.000000
2026-01-21 06:45+01:00,0.000000
2026-01-21 07:00+01:00,0.000000
2026-01-21 07:15+01:00,0.000000
2026-01-21 07:30+01:00,0.000000
2026-01-21 07:45+01:00,0.000000
2026-01-21 08:00+01:00,0.000000
2026-01-21 08:15+01:00,0.000000
2026-01-21 08:30+01:00,0.000000
2026-01-21 08:45+01:00,0.000000
2026-01-21 09:00+01:00,0.000000
2026-01-21 09:15+01:00,0.000000
2026-01-21 09:30+01:00,0.000000
2026-01-21 09:45+01:00,0.000000
2026-01-21 10:00+01:00,0.000000
2026-01-21 10:15+01:00,0.000000
2026-01-21 10:30+01:00,0.000000
2026-01-21 10:45+01:00,0.000000
2026-01-21 11:00+01:00,0.000000
2026-01-21 11:15+01:00,0.000000
2026-01-21 11:30+01:00,0.000000
2026-01-21 11:45+01:00,0.000000
2026-01-21 12:00+01:00,0.000000
2026-01-21 12:15+01:00,0.000000
2026-01-21 12:30+01:00,0.000000
2026-01-21 12:45+01:00,0.000000
2026-01-21 13:00+01:00,0.000000
2026-01-21 13:15+01:00,0.000000
2026-01-21 13:30+01:00,0.000000
2026-01-21 13:45+01:00,0.000000
2026-01-21 14:00+01:00,
2026-01-21 14:15+01:00,0.000000
2026-01-21 14:30+01:00,0.000000
2026-01-21 14:45+01:00,0.000000
2026-01-21 15:00+01:00,0.000000
2026-01-21 15:15+01:00,0.000000
2026-01-21 15:30+01:00,0.000000
2026-01-21 15:45+01:00,0.000000
2026-01-21 16:00+01:00,0.000000
2026-01-21 16:15+01:00,0.000000
2026-01-21 16:30+01:00,
2026-01-21 16:45+01:00,0.000000
2026-01-21 17:00+01:00,97.323113
2026-01-21 17:15+01:00,
2026-01-21 17:30+01:00,94.865648
2026-01-21 17:45+01:00,96.122046
2026-01-21 18:00+01:00,94.462672
2026-01-21 18:15+01:00,
2026-01-21 18:30+01:00,96.320203
2026-01-21 18:45+01:00,96.731446
2026-01-21 19:00+01:00,94.703932
2026-01-21 19:15+01:00,90.682796
2026-01-21 19:30+01:00,93.854228
2026-01-21 19:45+01:00,0.000000
2026-01-21 20:00+01:00,0.000000
2026-01-21 20:15+01:00,0.000000
2026-01-21 20:30+01:00,0.000000
2026-01-21 20:45+01:00,96.494405
2026-01-21 21:00+01:00,95.443529
2026-01-21 21:15+01:00,85.742183
2026-01-21 21:30+01:00,96.081852
2026-01-21 21:45+01:00,98.623852
2026-01-21 22:00+01:00,95.537685
2026-01-21 22:15+01:00,90.211857
2026-01-21 22:30+01:00,97.775960
2026-01-21 22:45+01:00,101.128814
2026-01-21 23:00+01:00,91.657775
2026-01-21 23:15+01:00,0.000000
2026-01-21 23:30+01:00,0.000000
2026-01-21 23:45+01:00,0.000000
2026-01-22 00:00+01:00,0.000000
2026-01-22 00:15+01:00,0.000000
2026-01-22 00:30+01:00,0.000000
2026-01-22 00:45+01:00,0.000000
2026-01-22 01:00+01:00,0.000000
2026-01-22 01:15+01:00,0.000000
2026-01-22 01:30+01:00,0.000000
2026-01-22 01:45+01:00,0.000000
2026-01-22 02:00+01:00,0.000000
2026-01-22 02:15+01:00,0.000000
2026-01-22 02:30+01:00,0.000000
2026-01-22 02:45+01:00,98.922653
2026-01-22 03:00+01:00,95.462165
2026-01-22 03:15+01:00,97.309756
2026-01-22 03:30+01:00,92.661862
2026-01-22 03:45+01:00,92.718280
2026-01-22 04:00+01:00,90.444527
2026-01-22 04:15+01:00,94.658285
2026-01-22 04:30+01:00,91.534203
2026-01-22 04:45+01:00,103.633208
2026-01-22 05:00+01:00,94.344283
2026-01-22 05:15+01:00,105.010213
2026-01-22 05:30+01:00,102.185479
2026-01-22 05:45+01:00,94.523886
2026-01-22 06:00+01:00,105.471171
2026-01-22 06:15+01:00,93.189967
2026-01-22 06:30+01:00,95.398820
2026-01-22 06:45+01:00,107.371145
2026-01-22 07:00+01:00,
2026-01-22 07:15+01:00,99.058894
2026-01-22 07:30+01:00,94.733981
2026-01-22 07:45+01:00,93.267439
2026-01-22 08:00+01:00,90.097983
2026-01-22 08:15+01:00,96.245967
2026-01-22 08:30+01:00,91.238630
2026-01-22 08:45+01:00,94.691869
2026-01-22 09:00+01:00,97.684564
2026-01-22 09:15+01:00,98.151381
2026-01-22 09:30+01:00,97.169843
2026-01-22 09:45+01:00,
2026-01-22 10:00+01:00,98.731798
2026-01-22 10:15+01:00,88.442721
2026-01-22 10:30+01:00,0.000000
2026-01-22 10:45+01:00,0.000000
2026-01-22 11:00+01:00,0.000000
2026-01-22 11:15+01:00,0.000000
2026-01-22 11:30+01:00,0.000000
2026-01-22 11:45+01:00,0.000000
2026-01-22 12:00+01:00,0.000000
2026-01-22 12:15+01:00,0.000000
2026-01-22 12:30+01:00,0.000000
2026-01-22 12:45+01:00,0.000000
2026-01-22 13:00+01:00,0.000000
2026-01-22 13:15+01:00,0.000000
2026-01-22 13:30+01:00,0.000000
2026-01-22 13:45+01:00,0.000000
2026-01-22 14:00+01:00,0.000000
2026-01-22 14:15+01:00,0.000000
2026-01-22 14:30+01:00,0.000000
2026-01-22 14:45+01:00,0.000000
2026-01-22 15:00+01:00,0.000000
2026-01-22 15:15+01:00,0.000000
2026-01-22 15:30+01:00,0.000000
2026-01-22 15:45+01:00,0.000000
2026-01-22 16:00+01:00,0.000000
2026-01-22 16:15+01:00,0.000000
2026-01-22 16:30+01:00,0.000000
2026-01-22 16:45+01:00,0.000000
2026-01-22 17:00+01:00,
2026-01-22 17:15+01:00,0.000000
2026-01-22 17:30+01:00,0.000000
2026-01-22 17:45+01:00,0.000000
2026-01-22 18:00+01:00,0.000000
2026-01-22 18:15+01:00,0.000000
2026-01-22 18:30+01:00,0.000000
2026-01-22 18:45+01:00,0.000000
2026-01-22 19:00+01:00,0.000000
2026-01-22 19:15+01:00,0.000000
2026-01-22 19:30+01:00,0.000000
2026-01-22 19:45+01:00,0.000000
2026-01-22 20:00+01:00,0.000000
2026-01-22 20:15+01:00,0.000000
2026-01-22 20:30+01:00,0.000000
2026-01-22 20:45+01:00,0.000000
2026-01-22 21:00+01:00,0.000000
2026-01-22 21:15+01:00,0.000000
2026-01-22 21:30+01:00,0.000000
2026-01-22 21:45+01:00,0.000000
2026-01-22 22:00+01:00,0.000000
2026-01-22 22:15+01:00,0.000000
2026-01-22 22:30+01:00,0.000000
2026-01-22 22:45+01:00,0.000000
2026-01-22 23:00+01:00,0.000000
2026-01-22 23:15+01:00,0.000000
2026-01-22 23:30+01:00,0.000000
2026-01-22 23:45+01:00,0.000000
2026-01-23 00:00+01:00,0.000000
2026-01-23 00:15+01:00,0.000000
2026-01-23 00:30+01:00,0.000000
2026-01-23 00:45+01:00,0.000000
2026-01-23 01:00+01:00,0.000000
2026-01-23 01:15+01:00,92.944570
2026-01-23 01:30+01:00,88.907065
2026-01-23 01:45+01:00,97.101359
2026-01-23 02:00+01:00,101.789818
2026-01-23 02:15+01:00,98.352640
2026-01-23 02:30+01:00,93.992546
2026-01-23 02:45+01:00,88.519441
2026-01-23 03:00+01:00,93.586474
2026-01-23 03:15+01:00,93.248082
2026-01-23 03:30+01:00,98.436919
2026-01-23 03:45+01:00,96.215911
2026-01-23 04:00+01:00,0.000000
2026-01-23 04:15+01:00,0.000000
2026-01-23 04:30+01:00,0.000000
2026-01-23 04:45+01:00,0.000000
2026-01-23 05:00+01:00,
2026-01-23 05:15+01:00,0.000000
2026-01-23 05:30+01:00,91.630867
2026-01-23 05:45+01:00,101.701472
2026-01-23 06:00+01:00,99.297072
2026-01-23 06:15+01:00,96.517476
2026-01-23 06:30+01:00,93.176677
2026-01-23 06:45+01:00,91.745825
2026-01-23 07:00+01:00,92.705780
2026-01-23 07:15+01:00,95.863433
2026-01-23 07:30+01:00,95.299829
2026-01-23 07:45+01:00,86.705080
2026-01-23 08:00+01:00,0.000000
2026-01-23 08:15+01:00,0.000000
2026-01-23 08:30+01:00,0.000000
2026-01-23 08:45+01:00,
2026-01-23 09:00+01:00,0.000000
2026-01-23 09:15+01:00,0.000000
2026-01-23 09:30+01:00,0.000000
2026-01-23 09:45+01:00,0.000000
2026-01-23 10:00+01:00,0.000000
2026-01-23 10:15+01:00,0.000000
2026-01-23 10:30+01:00,0.000000
2026-01-23 10:45+01:00,0.000000
2026-01-23 11:00+01:00,0.000000
2026-01-23 11:15+01:00,0.000000
2026-01-23 11:30+01:00,0.000000
2026-01-23 11:45+01:00,0.000000
2026-01-23 12:00+01:00,0.000000
2026-01-23 12:15+01:00,94.736946
2026-01-23 12:30+01:00,98.099859
2026-01-23 12:45+01:00,97.899919
2026-01-23 13:00+01:00,96.305568
2026-01-23 13:15+01:00,91.384133
2026-01-23 13:30+01:00,
2026-01-23 13:45+01:00,97.888789
2026-01-23 14:00+01:00,101.531904
2026-01-23 14:15+01:00,100.367922
2026-01-23 14:30+01:00,102.750784
2026-01-23 14:45+01:00,0.000000
2026-01-23 15:00+01:00,0.000000
2026-01-23 15:15+01:00,0.000000
2026-01-23 15:30+01:00,0.000000
2026-01-23 15:45+01:00,0.000000
2026-01-23 16:00+01:00,0.000000
2026-01-23 16:15+01:00,0.000000
2026-01-23 16:30+01:00,0.000000
2026-01-23 16:45+01:00,0.000000
2026-01-23 17:00+01:00,0.000000
2026-01-23 17:15+01:00,0.000000
2026-01-23 17:30+01:00,0.000000
2026-01-23 17:45+01:00,0.000000
2026-01-23 18:00+01:00,0.000000
2026-01-23 18:15+01:00,0.000000
2026-01-23 18:30+01:00,0.000000
2026-01-23 18:45+01:00,0.000000
2026-01-23 19:00+01:00,0.000000
2026-01-23 19:15+01:00,0.000000
2026-01-23 19:30+01:00,0.000000
2026-01-23 19:45+01:00,0.000000
2026-01-23 20:00+01:00,0.000000
2026-01-23 20:15+01:00,0.000000
2026-01-23 20:30+01:00,0.000000
2026-01-23 20:45+01:00,0.000000
2026-01-23 21:00+01:00,0.000000
2026-01-23 21:15+01:00,0.000000
2026-01-23 21:30+01:00,0.000000
2026-01-23 21:45+01:00,0.000000
2026-01-23 22:00+01:00,0.000000
2026-01-23 22:15+01:00,0.000000
2026-01-23 22:30+01:00,0.000000
2026-01-23 22:45+01:00,
2026-01-23 23:00+01:00,0.000000
2026-01-23 23:15+01:00,0.000000
2026-01-23 23:30+01:00,0.000000
2026-01-23 23:45+01:00,0.000000
2026-01-24 00:00+01:00,0.000000
2026-01-24 00:15+01:00,0.000000
2026-01-24 00:30+01:00,0.000000
2026-01-24 00:45+01:00,0.000000
2026-01-24 01:00+01:00,93.266393
2026-01-24 01:15+01:00,95.967605
2026-01-24 01:30+01:00,100.428065
2026-01-24 01:45+01:00,101.059215
2026-01-24 02:00+01:00,102.618233
2026-01-24 02:15+01:00,99.712060
2026-01-24 02:30+01:00,94.522836
2026-01-24 02:45+01:00,89.236144
2026-01-24 03:00+01:00,95.416127
2026-01-24 03:15+01:00,98.304497
2026-01-24 03:30+01:00,101.833261
2026-01-24 03:45+01:00,0.000000
2026-01-24 04:00+01:00,0.000000
2026-01-24 04:15+01:00,0.000000
2026-01-24 04:30+01:00,0.000000
2026-01-24 04:45+01:00,0.000000
2026-01-24 05:00+01:00,0.000000
2026-01-24 05:15+01:00,0.000000
2026-01-24 05:30+01:00,0.000000
2026-01-24 05:45+01:00,0.000000
2026-01-24 06:00+01:00,0.000000
2026-01-24 06:15+01:00,0.000000
2026-01-24 06:30+01:00,94.268963
2026-01-24 06:45+01:00,86.306127
2026-01-24 07:00+01:00,94.701764
2026-01-24 07:15+01:00,100.241717
2026-01-24 07:30+01:00,93.250141
2026-01-24 07:45+01:00,98.641259
2026-01-24 08:00+01:00,100.226479
2026-01-24 08:15+01:00,91.205286
2026-01-24 08:30+01:00,99.504921
2026-01-24 08:45+01:00,89.371714
2026-01-24 09:00+01:00,0.000000
2026-01-24 09:15+01:00,0.000000
2026-01-24 09:30+01:00,0.000000
2026-01-24 09:45+01:00,0.000000
2026-01-24 10:00+01:00,0.000000
2026-01-24 10:15+01:00,0.000000
2026-01-24 10:30+01:00,
2026-01-24 10:45+01:00,0.000000
2026-01-24 11:00+01:00,0.000000
2026-01-24 11:15+01:00,0.000000
2026-01-24 11:30+01:00,0.000000
2026-01-24 11:45+01:00,0.000000
2026-01-24 12:00+01:00,0.000000
2026-01-24 12:15+01:00,0.000000
2026-01-24 12:30+01:00,0.000000
2026-01-24 12:45+01:00,0.000000
2026-01-24 13:00+01:00,0.000000
2026-01-24 13:15+01:00,0.000000
2026-01-24 13:30+01:00,0.000000
2026-01-24 13:45+01:00,0.000000
2026-01-24 14:00+01:00,0.000000
2026-01-24 14:15+01:00,0.000000
2026-01-24 14:30+01:00,0.000000
2026-01-24 14:45+01:00,0.000000
2026-01-24 15:00+01:00,0.000000
2026-01-24 15:15+01:00,0.000000
2026-01-24 15:30+01:00,0.000000
2026-01-24 15:45+01:00,0.000000
2026-01-24 16:00+01:00,0.000000
2026-01-24 16:15+01:00,0.000000
2026-01-24 16:30+01:00,0.000000
2026-01-24 16:45+01:00,0.000000
2026-01-24 17:00+01:00,0.000000
2026-01-24 17:15+01:00,0.000000
2026-01-24 17:30+01:00,0.000000
2026-01-24 17:45+01:00,0.000000
2026-01-24 18:00+01:00,0.000000
2026-01-24 18:15+01:00,0.000000
2026-01-24 18:30+01:00,0.000000
2026-01-24 18:45+01:00,0.000000
2026-01-24 19:00+01:00,0.000000
2026-01-24 19:15+01:00,0.000000
2026-01-24 19:30+01:00,0.000000
2026-01-24 19:45+01:00,0.000000
2026-01-24 20:00+01:00,0.000000
2026-01-24 20:15+01:00,0.000000
2026-01-24 20:30+01:00,0.000000
2026-01-24 20:45+01:00,0.000000
2026-01-24 21:00+01:00,0.000000
2026-01-24 21:15+01:00,0.000000
2026-01-24 21:30+01:00,0.000000
2026-01-24 21:45+01:00,93.452597
2026-01-24 22:00+01:00,98.764828
2026-01-24 22:15+01:00,96.260097
2026-01-24 22:30+01:00,99.216700
2026-01-24 22:45+01:00,88.221171
2026-01-24 23:00+01:00,93.966665
2026-01-24 23:15+01:00,100.153278
2026-01-24 23:30+01:00,101.498986
2026-01-24 23:45+01:00,89.732580
2026-01-25 00:00+01:00,
2026-01-25 00:15+01:00,0.000000
2026-01-25 00:30+01:00,0.000000
2026-01-25 00:45+01:00,0.000000
2026-01-25 01:00+01:00,104.619530
2026-01-25 01:15+01:00,103.542941
2026-01-25 01:30+01:00,90.740396
2026-01-25 01:45+01:00,96.477463
2026-01-25 02:00+01:00,95.341910
2026-01-25 02:15+01:00,91.631646
2026-01-25 02:30+01:00,103.550461
2026-01-25 02:45+01:00,95.213011
2026-01-25 03:00+01:00,99.704466
2026-01-25 03:15+01:00,89.030499
2026-01-25 03:30+01:00,92.649408
2026-01-25 03:45+01:00,90.692864
2026-01-25 04:00+01:00,93.500126
2026-01-25 04:15+01:00,85.516091
2026-01-25 04:30+01:00,89.336966
2026-01-25 04:45+01:00,94.487417
2026-01-25 05:00+01:00,0.000000
2026-01-25 05:15+01:00,0.000000
2026-01-25 05:30+01:00,
2026-01-25 05:45+01:00,0.000000
2026-01-25 06:00+01:00,0.000000
2026-01-25 06:15+01:00,0.000000
2026-01-25 06:30+01:00,0.000000
2026-01-25 06:45+01:00,0.000000
2026-01-25 07:00+01:00,0.000000
2026-01-25 07:15+01:00,0.000000
2026-01-25 07:30+01:00,0.000000
2026-01-25 07:45+01:00,0.000000
2026-01-25 08:00+01:00,99.375088
2026-01-25 08:15+01:00,91.641781
2026-01-25 08:30+01:00,90.400502
2026-01-25 08:45+01:00,89.617163
2026-01-25 09:00+01:00,96.200808
2026-01-25 09:15+01:00,103.784742
2026-01-25 09:30+01:00,90.799801
2026-01-25 09:45+01:00,94.935819
2026-01-25 10:00+01:00,102.647449
2026-01-25 10:15+01:00,95.714108
2026-01-25 10:30+01:00,97.126874
2026-01-25 10:45+01:00,95.925945
2026-01-25 11:00+01:00,
2026-01-25 11:15+01:00,97.157354
2026-01-25 11:30+01:00,89.843053
2026-01-25 11:45+01:00,0.000000
2026-01-25 12:00+01:00,0.000000
2026-01-25 12:15+01:00,0.000000
2026-01-25 12:30+01:00,0.000000
2026-01-25 12:45+01:00,0.000000
2026-01-25 13:00+01:00,0.000000
2026-01-25 13:15+01:00,0.000000
2026-01-25 13:30+01:00,0.000000
2026-01-25 13:45+01:00,0.000000
2026-01-25 14:00+01:00,0.000000
2026-01-25 14:15+01:00,0.000000
2026-01-25 14:30+01:00,0.000000
2026-01-25 14:45+01:00,0.000000
2026-01-25 15:00+01:00,0.000000
2026-01-25 15:15+01:00,0.000000
2026-01-25 15:30+01:00,0.000000
2026-01-25 15:45+01:00,0.000000
2026-01-25 16:00+01:00,0.000000
2026-01-25 16:15+01:00,0.000000
2026-01-25 16:30+01:00,
2026-01-25 16:45+01:00,0.000000
2026-01-25 17:00+01:00,0.000000
2026-01-25 17:15+01:00,0.000000
2026-01-25 17:30+01:00,0.000000
2026-01-25 17:45+01:00,0.000000
2026-01-25 18:00+01:00,0.000000
2026-01-25 18:15+01:00,0.000000
2026-01-25 18:30+01:00,0.000000
2026-01-25 18:45+01:00,0.000000
2026-01-25 19:00+01:00,0.000000
2026-01-25 19:15+01:00,0.000000
2026-01-25 19:30+01:00,0.000000
2026-01-25 19:45+01:00,0.000000
2026-01-25 20:00+01:00,0.000000
2026-01-25 20:15+01:00,0.000000
2026-01-25 20:30+01:00,0.000000
2026-01-25 20:45+01:00,0.000000
2026-01-25 21:00+01:00,0.000000
2026-01-25 21:15+01:00,0.000000
2026-01-25 21:30+01:00,0.000000
2026-01-25 21:45+01:00,0.000000
2026-01-25 22:00+01:00,0.000000
2026-01-25 22:15+01:00,0.000000
2026-01-25 22:30+01:00,0.000000
2026-01-25 22:45+01:00,0.000000
2026-01-25 23:00+01:00,0.000000
2026-01-25 23:15+01:00,0.000000
2026-01-25 23:30+01:00,0.000000
2026-01-25 23:45+01:00,0.000000
2026-01-26 00:00+01:00,0.000000
2026-01-26 00:15+01:00,0.000000
2026-01-26 00:30+01:00,0.000000
2026-01-26 00:45+01:00,0.000000
2026-01-26 01:00+01:00,0.000000
2026-01-26 01:15+01:00,0.000000
2026-01-26 01:30+01:00,0.000000
2026-01-26 01:45+01:00,0.000000
2026-01-26 02:00+01:00,0.000000
2026-01-26 02:15+01:00,0.000000
2026-01-26 02:30+01:00,0.000000
2026-01-26 02:45+01:00,0.000000
2026-01-26 03:00+01:00,0.000000
2026-01-26 03:15+01:00,0.000000
2026-01-26 03:30+01:00,0.000000
2026-01-26 03:45+01:00,0.000000
2026-01-26 04:00+01:00,0.000000
2026-01-26 04:15+01:00,0.000000
2026-01-26 04:30+01:00,0.000000
2026-01-26 04:45+01:00,0.000000
2026-01-26 05:00+01:00,0.000000
2026-01-26 05:15+01:00,0.000000
2026-01-26 05:30+01:00,0.000000
2026-01-26 05:45+01:00,0.000000
2026-01-26 06:00+01:00,0.000000
2026-01-26 06:15+01:00,0.000000
2026-01-26 06:30+01:00,94.554338
2026-01-26 06:45+01:00,94.884421
2026-01-26 07:00+01:00,102.002957
2026-01-26 07:15+01:00,102.321926
2026-01-26 07:30+01:00,99.095190
2026-01-26 07:45+01:00,98.054970
2026-01-26 08:00+01:00,98.908050
2026-01-26 08:15+01:00,87.409303
2026-01-26 08:30+01:00,99.190040
2026-01-26 08:45+01:00,97.557333
2026-01-26 09:00+01:00,
2026-01-26 09:15+01:00,101.720926
2026-01-26 09:30+01:00,95.437417
2026-01-26 09:45+01:00,93.530166
2026-01-26 10:00+01:00,91.004636
2026-01-26 10:15+01:00,0.000000
2026-01-26 10:30+01:00,0.000000
2026-01-26 10:45+01:00,
2026-01-26 11:00+01:00,0.000000
2026-01-26 11:15+01:00,0.000000
2026-01-26 11:30+01:00,
2026-01-26 11:45+01:00,95.403478
2026-01-26 12:00+01:00,
2026-01-26 12:15+01:00,92.096222
2026-01-26 12:30+01:00,92.179613
2026-01-26 12:45+01:00,102.011501
2026-01-26 13:00+01:00,
2026-01-26 13:15+01:00,99.630948
2026-01-26 13:30+01:00,93.190405
2026-01-26 13:45+01:00,
2026-01-26 14:00+01:00,104.594149
2026-01-26 14:15+01:00,90.750212
2026-01-26 14:30+01:00,97.822622
2026-01-26 14:45+01:00,100.474048
2026-01-26 15:00+01:00,97.205797
2026-01-26 15:15+01:00,100.757467
2026-01-26 15:30+01:00,96.113361
2026-01-26 15:45+01:00,0.000000
2026-01-26 16:00+01:00,0.000000
2026-01-26 16:15+01:00,0.000000
2026-01-26 16:30+01:00,0.000000
2026-01-26 16:45+01:00,0.000000
2026-01-26 17:00+01:00,0.000000
2026-01-26 17:15+01:00,0.000000
2026-01-26 17:30+01:00,
2026-01-26 17:45+01:00,0.000000
2026-01-26 18:00+01:00,0.000000
2026-01-26 18:15+01:00,0.000000
2026-01-26 18:30+01:00,0.000000
2026-01-26 18:45+01:00,0.000000
2026-01-26 19:00+01:00,0.000000
2026-01-26 19:15+01:00,0.000000
2026-01-26 19:30+01:00,0.000000
2026-01-26 19:45+01:00,0.000000
2026-01-26 20:00+01:00,0.000000
2026-01-26 20:15+01:00,0.000000
2026-01-26 20:30+01:00,0.000000
2026-01-26 20:45+01:00,0.000000
2026-01-26 21:00+01:00,0.000000
2026-01-26 21:15+01:00,0.000000
2026-01-26 21:30+01:00,0.000000
2026-01-26 21:45+01:00,0.000000
2026-01-26 22:00+01:00,0.000000
2026-01-26 22:15+01:00,0.000000
2026-01-26 22:30+01:00,0.000000
2026-01-26 22:45+01:00,0.000000
2026-01-26 23:00+01:00,0.000000
2026-01-26 23:15+01:00,0.000000
2026-01-26 23:30+01:00,0.000000
2026-01-26 23:45+01:00,0.000000
2026-01-27 00:00+01:00,0.000000
2026-01-27 00:15+01:00,0.000000
2026-01-27 00:30+01:00,0.000000
2026-01-27 00:45+01:00,0.000000
2026-01-27 01:00+01:00,0.000000
2026-01-27 01:15+01:00,0.000000
2026-01-27 01:30+01:00,0.000000
2026-01-27 01:45+01:00,0.000000
2026-01-27 02:00+01:00,0.000000
2026-01-27 02:15+01:00,0.000000
2026-01-27 02:30+01:00,0.000000
2026-01-27 02:45+01:00,0.000000
2026-01-27 03:00+01:00,0.000000
2026-01-27 03:15+01:00,0.000000
2026-01-27 03:30+01:00,0.000000
2026-01-27 03:45+01:00,0.000000
2026-01-27 04:00+01:00,0.000000
2026-01-27 04:15+01:00,0.000000
2026-01-27 04:30+01:00,0.000000
2026-01-27 04:45+01:00,0.000000
2026-01-27 05:00+01:00,0.000000
2026-01-27 05:15+01:00,0.000000
2026-01-27 05:30+01:00,0.000000
2026-01-27 05:45+01:00,0.000000
2026-01-27 06:00+01:00,0.000000
2026-01-27 06:15+01:00,
2026-01-27 06:30+01:00,0.000000
2026-01-27 06:45+01:00,0.000000
2026-01-27 07:00+01:00,0.000000
2026-01-27 07:15+01:00,0.000000
2026-01-27 07:30+01:00,0.000000
2026-01-27 07:45+01:00,0.000000
2026-01-27 08:00+01:00,0.000000
2026-01-27 08:15+01:00,0.000000
2026-01-27 08:30+01:00,0.000000
2026-01-27 08:45+01:00,0.000000
2026-01-27 09:00+01:00,0.000000
2026-01-27 09:15+01:00,0.000000
2026-01-27 09:30+01:00,0.000000
2026-01-27 09:45+01:00,0.000000
2026-01-27 10:00+01:00,0.000000
2026-01-27 10:15+01:00,0.000000
2026-01-27 10:30+01:00,0.000000
2026-01-27 10:45+01:00,0.000000
2026-01-27 11:00+01:00,0.000000
2026-01-27 11:15+01:00,92.353530
2026-01-27 11:30+01:00,97.974856
2026-01-27 11:45+01:00,91.382070
2026-01-27 12:00+01:00,87.395151
2026-01-27 12:15+01:00,98.173767
2026-01-27 12:30+01:00,106.148894
2026-01-27 12:45+01:00,92.624083
2026-01-27 13:00+01:00,92.699700
2026-01-27 13:15+01:00,102.483335
2026-01-27 13:30+01:00,92.848840
2026-01-27 13:45+01:00,96.108317
2026-01-27 14:00+01:00,97.521488
2026-01-27 14:15+01:00,93.231994
2026-01-27 14:30+01:00,88.572019
2026-01-27 14:45+01:00,92.295617
2026-01-27 15:00+01:00,102.265227
2026-01-27 15:15+01:00,96.570616
2026-01-27 15:30+01:00,95.283758
2026-01-27 15:45+01:00,94.343527
2026-01-27 16:00+01:00,94.197615
2026-01-27 16:15+01:00,95.969670
2026-01-27 16:30+01:00,92.799535
2026-01-27 16:45+01:00,96.322570
2026-01-27 17:00+01:00,91.209573
2026-01-27 17:15+01:00,89.696257
2026-01-27 17:30+01:00,96.818366
2026-01-27 17:45+01:00,94.679360
2026-01-27 18:00+01:00,101.843580
2026-01-27 18:15+01:00,103.513146
2026-01-27 18:30+01:00,99.212554
2026-01-27 18:45+01:00,99.163605
2026-01-27 19:00+01:00,0.000000
2026-01-27 19:15+01:00,0.000000
2026-01-27 19:30+01:00,0.000000
2026-01-27 19:45+01:00,0.000000
2026-01-27 20:00+01:00,0.000000
2026-01-27 20:15+01:00,
2026-01-27 20:30+01:00,0.000000
2026-01-27 20:45+01:00,0.000000
2026-01-27 21:00+01:00,0.000000
2026-01-27 21:15+01:00,0.000000
2026-01-27 21:30+01:00,0.000000
2026-01-27 21:45+01:00,0.000000
2026-01-27 22:00+01:00,0.000000
2026-01-27 22:15+01:00,0.000000
2026-01-27 22:30+01:00,0.000000
2026-01-27 22:45+01:00,0.000000
2026-01-27 23:00+01:00,0.000000
2026-01-27 23:15+01:00,0.000000
2026-01-27 23:30+01:00,0.000000
2026-01-27 23:45+01:00,0.000000
2026-01-28 00:00+01:00,0.000000
2026-01-28 00:15+01:00,0.000000
2026-01-28 00:30+01:00,0.000000
2026-01-28 00:45+01:00,0.000000
2026-01-28 01:00+01:00,0.000000
2026-01-28 01:15+01:00,0.000000
2026-01-28 01:30+01:00,0.000000
2026-01-28 01:45+01:00,0.000000
2026-01-28 02:00+01:00,0.000000
2026-01-28 02:15+01:00,0.000000
2026-01-28 02:30+01:00,0.000000
2026-01-28 02:45+01:00,0.000000
2026-01-28 03:00+01:00,0.000000
2026-01-28 03:15+01:00,0.000000
2026-01-28 03:30+01:00,0.000000
2026-01-28 03:45+01:00,0.000000
2026-01-28 04:00+01:00,0.000000
2026-01-28 04:15+01:00,0.000000
2026-01-28 04:30+01:00,0.000000
2026-01-28 04:45+01:00,0.000000
2026-01-28 05:00+01:00,0.000000
2026-01-28 05:15+01:00,0.000000
2026-01-28 05:30+01:00,0.000000
2026-01-28 05:45+01:00,0.000000
2026-01-28 06:00+01:00,0.000000
2026-01-28 06:15+01:00,0.000000
2026-01-28 06:30+01:00,0.000000
2026-01-28 06:45+01:00,0.000000
2026-01-28 07:00+01:00,
2026-01-28 07:15+01:00,
2026-01-28 07:30+01:00,0.000000
2026-01-28 07:45+01:00,0.000000
2026-01-28 08:00+01:00,0.000000
2026-01-28 08:15+01:00,0.000000
2026-01-28 08:30+01:00,
2026-01-28 08:45+01:00,0.000000
2026-01-28 09:00+01:00,0.000000
2026-01-28 09:15+01:00,0.000000
2026-01-28 09:30+01:00,0.000000
2026-01-28 09:45+01:00,0.000000
2026-01-28 10:00+01:00,0.000000
2026-01-28 10:15+01:00,0.000000
2026-01-28 10:30+01:00,0.000000
2026-01-28 10:45+01:00,0.000000
2026-01-28 11:00+01:00,0.000000
2026-01-28 11:15+01:00,0.000000
2026-01-28 11:30+01:00,0.000000
2026-01-28 11:45+01:00,0.000000
2026-01-28 12:00+01:00,0.000000
2026-01-28 12:15+01:00,0.000000
2026-01-28 12:30+01:00,0.000000
2026-01-28 12:45+01:00,0.000000
2026-01-28 13:00+01:00,
2026-01-28 13:15+01:00,0.000000
2026-01-28 13:30+01:00,0.000000
2026-01-28 13:45+01:00,0.000000
2026-01-28 14:00+01:00,0.000000
2026-01-28 14:15+01:00,95.920809
2026-01-28 14:30+01:00,93.835234
2026-01-28 14:45+01:00,89.313077
2026-01-28 15:00+01:00,94.691862
2026-01-28 15:15+01:00,96.721691
2026-01-28 15:30+01:00,93.301039
2026-01-28 15:45+01:00,94.404764
2026-01-28 16:00+01:00,97.013903
2026-01-28 16:15+01:00,100.042044
2026-01-28 16:30+01:00,93.969544
2026-01-28 16:45+01:00,91.599906
2026-01-28 17:00+01:00,94.327407
2026-01-28 17:15+01:00,92.083800
2026-01-28 17:30+01:00,
2026-01-28 17:45+01:00,102.935004
2026-01-28 18:00+01:00,96.319808
2026-01-28 18:15+01:00,0.000000
2026-01-28 18:30+01:00,0.000000
2026-01-28 18:45+01:00,0.000000
2026-01-28 19:00+01:00,92.513969
2026-01-28 19:15+01:00,92.861123
2026-01-28 19:30+01:00,93.735369
2026-01-28 19:45+01:00,93.675076
2026-01-28 20:00+01:00,99.616184
2026-01-28 20:15+01:00,94.878588
2026-01-28 20:30+01:00,93.064200
2026-01-28 20:45+01:00,95.794024
2026-01-28 21:00+01:00,97.539681
2026-01-28 21:15+01:00,94.797167
2026-01-28 21:30+01:00,91.674593
2026-01-28 21:45+01:00,98.225517
2026-01-28 22:00+01:00,95.395504
2026-01-28 22:15+01:00,97.571130
2026-01-28 22:30+01:00,99.645374
2026-01-28 22:45+01:00,0.000000
2026-01-28 23:00+01:00,0.000000
2026-01-28 23:15+01:00,0.000000
2026-01-28 23:30+01:00,
2026-01-28 23:45+01:00,0.000000
2026-01-29 00:00+01:00,0.000000
2026-01-29 00:15+01:00,0.000000
2026-01-29 00:30+01:00,0.000000
2026-01-29 00:45+01:00,0.000000
2026-01-29 01:00+01:00,0.000000
2026-01-29 01:15+01:00,0.000000
2026-01-29 01:30+01:00,0.000000
2026-01-29 01:45+01:00,0.000000
2026-01-29 02:00+01:00,0.000000
2026-01-29 02:15+01:00,0.000000
2026-01-29 02:30+01:00,0.000000
2026-01-29 02:45+01:00,0.000000
2026-01-29 03:00+01:00,0.000000
2026-01-29 03:15+01:00,0.000000
2026-01-29 03:30+01:00,0.000000
2026-01-29 03:45+01:00,0.000000
2026-01-29 04:00+01:00,0.000000
2026-01-29 04:15+01:00,0.000000
2026-01-29 04:30+01:00,0.000000
2026-01-29 04:45+01:00,0.000000
2026-01-29 05:00+01:00,0.000000
2026-01-29 05:15+01:00,0.000000
2026-01-29 05:30+01:00,0.000000
2026-01-29 05:45+01:00,0.000000
2026-01-29 06:00+01:00,0.000000
2026-01-29 06:15+01:00,0.000000
2026-01-29 06:30+01:00,0.000000
2026-01-29 06:45+01:00,0.000000
2026-01-29 07:00+01:00,0.000000
2026-01-29 07:15+01:00,0.000000
2026-01-29 07:30+01:00,0.000000
2026-01-29 07:45+01:00,0.000000
2026-01-29 08:00+01:00,0.000000
2026-01-29 08:15+01:00,0.000000
2026-01-29 08:30+01:00,0.000000
2026-01-29 08:45+01:00,0.000000
2026-01-29 09:00+01:00,0.000000
2026-01-29 09:15+01:00,0.000000
2026-01-29 09:30+01:00,0.000000
2026-01-29 09:45+01:00,0.000000
2026-01-29 10:00+01:00,94.049110
2026-01-29 10:15+01:00,89.451041
2026-01-29 10:30+01:00,97.185819
2026-01-29 10:45+01:00,89.823037
2026-01-29 11:00+01:00,
2026-01-29 11:15+01:00,100.201775
2026-01-29 11:30+01:00,94.207717
2026-01-29 11:45+01:00,96.545976
2026-01-29 12:00+01:00,99.685107
2026-01-29 12:15+01:00,96.898735
2026-01-29 12:30+01:00,98.961006
2026-01-29 12:45+01:00,90.519941
2026-01-29 13:00+01:00,95.878754
2026-01-29 13:15+01:00,95.917819
2026-01-29 13:30+01:00,87.052985
2026-01-29 13:45+01:00,100.426693
2026-01-29 14:00+01:00,92.887901
2026-01-29 14:15+01:00,94.610168
2026-01-29 14:30+01:00,89.660097
2026-01-29 14:45+01:00,
2026-01-29 15:00+01:00,92.211299
2026-01-29 15:15+01:00,99.478194
2026-01-29 15:30+01:00,94.938923
2026-01-29 15:45+01:00,90.792301
2026-01-29 16:00+01:00,94.531378
2026-01-29 16:15+01:00,100.791934
2026-01-29 16:30+01:00,93.806503
2026-01-29 16:45+01:00,95.277924
2026-01-29 17:00+01:00,95.725133
2026-01-29 17:15+01:00,90.589861
2026-01-29 17:30+01:00,93.454079
2026-01-29 17:45+01:00,0.000000
2026-01-29 18:00+01:00,0.000000
2026-01-29 18:15+01:00,0.000000
2026-01-29 18:30+01:00,0.000000
2026-01-29 18:45+01:00,0.000000
2026-01-29 19:00+01:00,0.000000
2026-01-29 19:15+01:00,0.000000
2026-01-29 19:30+01:00,0.000000
2026-01-29 19:45+01:00,0.000000
2026-01-29 20:00+01:00,0.000000
2026-01-29 20:15+01:00,
2026-01-29 20:30+01:00,0.000000
2026-01-29 20:45+01:00,0.000000
2026-01-29 21:00+01:00,0.000000
2026-01-29 21:15+01:00,0.000000
2026-01-29 21:30+01:00,0.000000
2026-01-29 21:45+01:00,0.000000
2026-01-29 22:00+01:00,0.000000
2026-01-29 22:15+01:00,0.000000
2026-01-29 22:30+01:00,0.000000
2026-01-29 22:45+01:00,0.000000
2026-01-29 23:00+01:00,0.000000
2026-01-29 23:15+01:00,0.000000
2026-01-29 23:30+01:00,0.000000
2026-01-29 23:45+01:00,0.000000
2026-01-30 00:00+01:00,0.000000
2026-01-30 00:15+01:00,0.000000
2026-01-30 00:30+01:00,0.000000
2026-01-30 00:45+01:00,0.000000
2026-01-30 01:00+01:00,
2026-01-30 01:15+01:00,95.957292
2026-01-30 01:30+01:00,86.769990
2026-01-30 01:45+01:00,104.983597
2026-01-30 02:00+01:00,103.741752
2026-01-30 02:15+01:00,85.269061
2026-01-30 02:30+01:00,95.890403
2026-01-30 02:45+01:00,101.808406
2026-01-30 03:00+01:00,
2026-01-30 03:15+01:00,98.105639
2026-01-30 03:30+01:00,0.000000
2026-01-30 03:45+01:00,0.000000
2026-01-30 04:00+01:00,
2026-01-30 04:15+01:00,0.000000
2026-01-30 04:30+01:00,0.000000
2026-01-30 04:45+01:00,0.000000
2026-01-30 05:00+01:00,0.000000
2026-01-30 05:15+01:00,0.000000
2026-01-30 05:30+01:00,0.000000
2026-01-30 05:45+01:00,0.000000
2026-01-30 06:00+01:00,0.000000
2026-01-30 06:15+01:00,0.000000
2026-01-30 06:30+01:00,0.000000
2026-01-30 06:45+01:00,0.000000
2026-01-30 07:00+01:00,0.000000
2026-01-30 07:15+01:00,0.000000
2026-01-30 07:30+01:00,0.000000
2026-01-30 07:45+01:00,0.000000
2026-01-30 08:00+01:00,0.000000
2026-01-30 08:15+01:00,0.000000
2026-01-30 08:30+01:00,0.000000
2026-01-30 08:45+01:00,0.000000
2026-01-30 09:00+01:00,0.000000
2026-01-30 09:15+01:00,92.654946
2026-01-30 09:30+01:00,94.228002
2026-01-30 09:45+01:00,94.486847
2026-01-30 10:00+01:00,100.692238
2026-01-30 10:15+01:00,95.953749
2026-01-30 10:30+01:00,92.429424
2026-01-30 10:45+01:00,93.124329
2026-01-30 11:00+01:00,94.749052
2026-01-30 11:15+01:00,101.018155
2026-01-30 11:30+01:00,96.852729
2026-01-30 11:45+01:00,0.000000
2026-01-30 12:00+01:00,0.000000
2026-01-30 12:15+01:00,
2026-01-30 12:30+01:00,0.000000
2026-01-30 12:45+01:00,0.000000
2026-01-30 13:00+01:00,
2026-01-30 13:15+01:00,0.000000
2026-01-30 13:30+01:00,0.000000
2026-01-30 13:45+01:00,0.000000
2026-01-30 14:00+01:00,0.000000
2026-01-30 14:15+01:00,0.000000
2026-01-30 14:30+01:00,0.000000
2026-01-30 14:45+01:00,0.000000
2026-01-30 15:00+01:00,0.000000
2026-01-30 15:15+01:00,0.000000
2026-01-30 15:30+01:00,0.000000
2026-01-30 15:45+01:00,0.000000
2026-01-30 16:00+01:00,0.000000
2026-01-30 16:15+01:00,0.000000
2026-01-30 16:30+01:00,98.584099
2026-01-30 16:45+01:00,94.505170
2026-01-30 17:00+01:00,91.506410
2026-01-30 17:15+01:00,100.137385
2026-01-30 17:30+01:00,89.411426
2026-01-30 17:45+01:00,95.377000
2026-01-30 18:00+01:00,94.703131
2026-01-30 18:15+01:00,87.715620
2026-01-30 18:30+01:00,94.805165
2026-01-30 18:45+01:00,
2026-01-30 19:00+01:00,100.659193
2026-01-30 19:15+01:00,0.000000
2026-01-30 19:30+01:00,0.000000
2026-01-30 19:45+01:00,0.000000
2026-01-30 20:00+01:00,0.000000
2026-01-30 20:15+01:00,0.000000
2026-01-30 20:30+01:00,0.000000
2026-01-30 20:45+01:00,0.000000
2026-01-30 21:00+01:00,0.000000
2026-01-30 21:15+01:00,0.000000
2026-01-30 21:30+01:00,0.000000
2026-01-30 21:45+01:00,0.000000
2026-01-30 22:00+01:00,0.000000
2026-01-30 22:15+01:00,0.000000
2026-01-30 22:30+01:00,0.000000
2026-01-30 22:45+01:00,0.000000
2026-01-30 23:00+01:00,0.000000
2026-01-30 23:15+01:00,0.000000
2026-01-30 23:30+01:00,0.000000
2026-01-30 23:45+01:00,0.000000
2026-01-31 00:00+01:00,0.000000
2026-01-31 00:15+01:00,95.759927
2026-01-31 00:30+01:00,95.160460
2026-01-31 00:45+01:00,95.671516
2026-01-31 01:00+01:00,98.577006
2026-01-31 01:15+01:00,87.296517
2026-01-31 01:30+01:00,100.067173
2026-01-31 01:45+01:00,87.972605
2026-01-31 02:00+01:00,101.805693
2026-01-31 02:15+01:00,92.501666
2026-01-31 02:30+01:00,103.506755
2026-01-31 02:45+01:00,97.864263
2026-01-31 03:00+01:00,103.765181
2026-01-31 03:15+01:00,95.152063
2026-01-31 03:30+01:00,94.642686
2026-01-31 03:45+01:00,94.648710
2026-01-31 04:00+01:00,0.000000
2026-01-31 04:15+01:00,0.000000
2026-01-31 04:30+01:00,0.000000
2026-01-31 04:45+01:00,
2026-01-31 05:00+01:00,0.000000
2026-01-31 05:15+01:00,0.000000
2026-01-31 05:30+01:00,0.000000
2026-01-31 05:45+01:00,0.000000
2026-01-31 06:00+01:00,0.000000
2026-01-31 06:15+01:00,0.000000
2026-01-31 06:30+01:00,0.000000
2026-01-31 06:45+01:00,0.000000
2026-01-31 07:00+01:00,0.000000
2026-01-31 07:15+01:00,0.000000
2026-01-31 07:30+01:00,0.000000
2026-01-31 07:45+01:00,0.000000
2026-01-31 08:00+01:00,0.000000
2026-01-31 08:15+01:00,0.000000
2026-01-31 08:30+01:00,0.000000
2026-01-31 08:45+01:00,0.000000
2026-01-31 09:00+01:00,0.000000
2026-01-31 09:15+01:00,0.000000
2026-01-31 09:30+01:00,0.000000
2026-01-31 09:45+01:00,0.000000
2026-01-31 10:00+01:00,0.000000
2026-01-31 10:15+01:00,0.000000
2026-01-31 10:30+01:00,0.000000
2026-01-31 10:45+01:00,0.000000
2026-01-31 11:00+01:00,0.000000
2026-01-31 11:15+01:00,0.000000
2026-01-31 11:30+01:00,0.000000
2026-01-31 11:45+01:00,0.000000
2026-01-31 12:00+01:00,
2026-01-31 12:15+01:00,0.000000
2026-01-31 12:30+01:00,0.000000
2026-01-31 12:45+01:00,0.000000
2026-01-31 13:00+01:00,0.000000
2026-01-31 13:15+01:00,0.000000
2026-01-31 13:30+01:00,0.000000
2026-01-31 13:45+01:00,0.000000
2026-01-31 14:00+01:00,0.000000
2026-01-31 14:15+01:00,0.000000
2026-01-31 14:30+01:00,0.000000
2026-01-31 14:45+01:00,0.000000
2026-01-31 15:00+01:00,0.000000
2026-01-31 15:15+01:00,0.000000
2026-01-31 15:30+01:00,0.000000
2026-01-31 15:45+01:00,0.000000
2026-01-31 16:00+01:00,0.000000
2026-01-31 16:15+01:00,0.000000
2026-01-31 16:30+01:00,0.000000
2026-01-31 16:45+01:00,0.000000
2026-01-31 17:00+01:00,0.000000
2026-01-31 17:15+01:00,0.000000
2026-01-31 17:30+01:00,0.000000
2026-01-31 17:45+01:00,0.000000
2026-01-31 18:00+01:00,0.000000
2026-01-31 18:15+01:00,0.000000
2026-01-31 18:30+01:00,0.000000
2026-01-31 18:45+01:00,
2026-01-31 19:00+01:00,0.000000
2026-01-31 19:15+01:00,92.414261
2026-01-31 19:30+01:00,96.468589
2026-01-31 19:45+01:00,101.885716
2026-01-31 20:00+01:00,99.518418
2026-01-31 20:15+01:00,100.143018
2026-01-31 20:30+01:00,107.685184
2026-01-31 20:45+01:00,99.526647
2026-01-31 21:00+01:00,90.172602
2026-01-31 21:15+01:00,93.989941
2026-01-31 21:30+01:00,96.762318
2026-01-31 21:45+01:00,96.477268
2026-01-31 22:00+01:00,99.208671
2026-01-31 22:15+01:00,98.166430
2026-01-31 22:30+01:00,88.662931
2026-01-31 22:45+01:00,101.840742
2026-01-31 23:00+01:00,99.400731
2026-01-31 23:15+01:00,0.000000
2026-01-31 23:30+01:00,0.000000
2026-01-31 23:45+01:00,0.000000
2026-02-01 00:00+01:00,0.000000
2026-02-01 00:15+01:00,0.000000
2026-02-01 00:30+01:00,0.000000
2026-02-01 00:45+01:00,
2026-02-01 01:00+01:00,0.000000
2026-02-01 01:15+01:00,0.000000
2026-02-01 01:30+01:00,0.000000
2026-02-01 01:45+01:00,0.000000
2026-02-01 02:00+01:00,95.577429
2026-02-01 02:15+01:00,98.619528
2026-02-01 02:30+01:00,93.657624
2026-02-01 02:45+01:00,95.691408
2026-02-01 03:00+01:00,102.501082
2026-02-01 03:15+01:00,99.911773
2026-02-01 03:30+01:00,93.269839
2026-02-01 03:45+01:00,98.541835
2026-02-01 04:00+01:00,89.514280
2026-02-01 04:15+01:00,91.674433
2026-02-01 04:30+01:00,0.000000
2026-02-01 04:45+01:00,91.233828
2026-02-01 05:00+01:00,102.815742
2026-02-01 05:15+01:00,97.277236
2026-02-01 05:30+01:00,100.196440
2026-02-01 05:45+01:00,92.078356
2026-02-01 06:00+01:00,98.322465
2026-02-01 06:15+01:00,99.803918
2026-02-01 06:30+01:00,89.890195
2026-02-01 06:45+01:00,89.352624
2026-02-01 07:00+01:00,95.725300
2026-02-01 07:15+01:00,0.000000
2026-02-01 07:30+01:00,
2026-02-01 07:45+01:00,0.000000
2026-02-01 08:00+01:00,0.000000
2026-02-01 08:15+01:00,0.000000
2026-02-01 08:30+01:00,0.000000
2026-02-01 08:45+01:00,0.000000
2026-02-01 09:00+01:00,0.000000
2026-02-01 09:15+01:00,
2026-02-01 09:30+01:00,0.000000
2026-02-01 09:45+01:00,0.000000
2026-02-01 10:00+01:00,0.000000
2026-02-01 10:15+01:00,0.000000
2026-02-01 10:30+01:00,0.000000
2026-02-01 10:45+01:00,0.000000
2026-02-01 11:00+01:00,0.000000
2026-02-01 11:15+01:00,0.000000
2026-02-01 11:30+01:00,0.000000
2026-02-01 11:45+01:00,0.000000
2026-02-01 12:00+01:00,0.000000
2026-02-01 12:15+01:00,0.000000
2026-02-01 12:30+01:00,0.000000
2026-02-01 12:45+01:00,
2026-02-01 13:00+01:00,0.000000
2026-02-01 13:15+01:00,0.000000
2026-02-01 13:30+01:00,0.000000
2026-02-01 13:45+01:00,0.000000
2026-02-01 14:00+01:00,0.000000
2026-02-01 14:15+01:00,96.424056
2026-02-01 14:30+01:00,
2026-02-01 14:45+01:00,91.250146
2026-02-01 15:00+01:00,93.043936
2026-02-01 15:15+01:00,108.021820
2026-02-01 15:30+01:00,96.298874
2026-02-01 15:45+01:00,98.807964
2026-02-01 16:00+01:00,92.414322
2026-02-01 16:15+01:00,93.886040
2026-02-01 16:30+01:00,88.291865
2026-02-01 16:45+01:00,
2026-02-01 17:00+01:00,
2026-02-01 17:15+01:00,0.000000
2026-02-01 17:30+01:00,0.000000
2026-02-01 17:45+01:00,0.000000
2026-02-01 18:00+01:00,0.000000
2026-02-01 18:15+01:00,0.000000
2026-02-01 18:30+01:00,0.000000
2026-02-01 18:45+01:00,0.000000
2026-02-01 19:00+01:00,0.000000
2026-02-01 19:15+01:00,0.000000
2026-02-01 19:30+01:00,0.000000
2026-02-01 19:45+01:00,0.000000
2026-02-01 20:00+01:00,0.000000
2026-02-01 20:15+01:00,0.000000
2026-02-01 20:30+01:00,0.000000
2026-02-01 20:45+01:00,0.000000
2026-02-01 21:00+01:00,0.000000
2026-02-01 21:15+01:00,0.000000
2026-02-01 21:30+01:00,0.000000
2026-02-01 21:45+01:00,0.000000
2026-02-01 22:00+01:00,0.000000
2026-02-01 22:15+01:00,0.000000
2026-02-01 22:30+01:00,0.000000
2026-02-01 22:45+01:00,0.000000
2026-02-01 23:00+01:00,0.000000
2026-02-01 23:15+01:00,0.000000
2026-02-01 23:30+01:00,0.000000
2026-02-01 23:45+01:00,
2026-02-02 00:00+01:00,0.000000
2026-02-02 00:15+01:00,0.000000
2026-02-02 00:30+01:00,0.000000
2026-02-02 00:45+01:00,0.000000
2026-02-02 01:00+01:00,0.000000
2026-02-02 01:15+01:00,0.000000
2026-02-02 01:30+01:00,0.000000
2026-02-02 01:45+01:00,0.000000
2026-02-02 02:00+01:00,0.000000
2026-02-02 02:15+01:00,0.000000
2026-02-02 02:30+01:00,0.000000
2026-02-02 02:45+01:00,0.000000
2026-02-02 03:00+01:00,0.000000
2026-02-02 03:15+01:00,0.000000
2026-02-02 03:30+01:00,0.000000
2026-02-02 03:45+01:00,0.000000
2026-02-02 04:00+01:00,0.000000
2026-02-02 04:15+01:00,0.000000
2026-02-02 04:30+01:00,0.000000
2026-02-02 04:45+01:00,0.000000
2026-02-02 05:00+01:00,0.000000
2026-02-02 05:15+01:00,
2026-02-02 05:30+01:00,0.000000
2026-02-02 05:45+01:00,0.000000
2026-02-02 06:00+01:00,0.000000
2026-02-02 06:15+01:00,0.000000
2026-02-02 06:30+01:00,0.000000
2026-02-02 06:45+01:00,0.000000
2026-02-02 07:00+01:00,0.000000
2026-02-02 07:15+01:00,0.000000
2026-02-02 07:30+01:00,0.000000
2026-02-02 07:45+01:00,0.000000
2026-02-02 08:00+01:00,0.000000
2026-02-02 08:15+01:00,0.000000
2026-02-02 08:30+01:00,0.000000
2026-02-02 08:45+01:00,0.000000
2026-02-02 09:00+01:00,0.000000
2026-02-02 09:15+01:00,
2026-02-02 09:30+01:00,0.000000
2026-02-02 09:45+01:00,0.000000
2026-02-02 10:00+01:00,0.000000
2026-02-02 10:15+01:00,85.980834
2026-02-02 10:30+01:00,96.148743
2026-02-02 10:45+01:00,98.343621
2026-02-02 11:00+01:00,97.901278
2026-02-02 11:15+01:00,102.689321
2026-02-02 11:30+01:00,96.154977
2026-02-02 11:45+01:00,90.937299
2026-02-02 12:00+01:00,91.443384
2026-02-02 12:15+01:00,99.274273
2026-02-02 12:30+01:00,93.730686
2026-02-02 12:45+01:00,86.547005
2026-02-02 13:00+01:00,91.204635
2026-02-02 13:15+01:00,95.792928
2026-02-02 13:30+01:00,94.372262
2026-02-02 13:45+01:00,88.305888
2026-02-02 14:00+01:00,95.016738
2026-02-02 14:15+01:00,98.915621
2026-02-02 14:30+01:00,96.346070
2026-02-02 14:45+01:00,91.924651
2026-02-02 15:00+01:00,95.530667
2026-02-02 15:15+01:00,96.896584
2026-02-02 15:30+01:00,95.201571
2026-02-02 15:45+01:00,90.956632
2026-02-02 16:00+01:00,99.187720
2026-02-02 16:15+01:00,102.769021
2026-02-02 16:30+01:00,99.424662
2026-02-02 16:45+01:00,96.927840
2026-02-02 17:00+01:00,86.811901
2026-02-02 17:15+01:00,94.728978
2026-02-02 17:30+01:00,97.538577
2026-02-02 17:45+01:00,93.955367
2026-02-02 18:00+01:00,0.000000
2026-02-02 18:15+01:00,0.000000
2026-02-02 18:30+01:00,0.000000
2026-02-02 18:45+01:00,0.000000
2026-02-02 19:00+01:00,0.000000
2026-02-02 19:15+01:00,0.000000
2026-02-02 19:30+01:00,0.000000
2026-02-02 19:45+01:00,0.000000
2026-02-02 20:00+01:00,0.000000
2026-02-02 20:15+01:00,0.000000
2026-02-02 20:30+01:00,0.000000
2026-02-02 20:45+01:00,0.000000
2026-02-02 21:00+01:00,0.000000
2026-02-02 21:15+01:00,0.000000
2026-02-02 21:30+01:00,0.000000
2026-02-02 21:45+01:00,0.000000
2026-02-02 22:00+01:00,0.000000
2026-02-02 22:15+01:00,0.000000
2026-02-02 22:30+01:00,0.000000
2026-02-02 22:45+01:00,0.000000
2026-02-02 23:00+01:00,0.000000
2026-02-02 23:15+01:00,0.000000
2026-02-02 23:30+01:00,0.000000
2026-02-02 23:45+01:00,0.000000
2026-02-03 00:00+01:00,0.000000
2026-02-03 00:15+01:00,0.000000
2026-02-03 00:30+01:00,0.000000
2026-02-03 00:45+01:00,0.000000
2026-02-03 01:00+01:00,0.000000
2026-02-03 01:15+01:00,0.000000
2026-02-03 01:30+01:00,0.000000
2026-02-03 01:45+01:00,0.000000
2026-02-03 02:00+01:00,0.000000
2026-02-03 02:15+01:00,0.000000
2026-02-03 02:30+01:00,0.000000
2026-02-03 02:45+01:00,0.000000
2026-02-03 03:00+01:00,0.000000
2026-02-03 03:15+01:00,0.000000
2026-02-03 03:30+01:00,0.000000
2026-02-03 03:45+01:00,0.000000
2026-02-03 04:00+01:00,0.000000
2026-02-03 04:15+01:00,0.000000
2026-02-03 04:30+01:00,0.000000
2026-02-03 04:45+01:00,0.000000
2026-02-03 05:00+01:00,0.000000
2026-02-03 05:15+01:00,0.000000
2026-02-03 05:30+01:00,
2026-02-03 05:45+01:00,96.996322
2026-02-03 06:00+01:00,96.962607
2026-02-03 06:15+01:00,93.562342
2026-02-03 06:30+01:00,94.027138
2026-02-03 06:45+01:00,93.161234
2026-02-03 07:00+01:00,96.638168
2026-02-03 07:15+01:00,101.036945
2026-02-03 07:30+01:00,96.015878
2026-02-03 07:45+01:00,97.554635
2026-02-03 08:00+01:00,97.510328
2026-02-03 08:15+01:00,87.754516
2026-02-03 08:30+01:00,96.562303
2026-02-03 08:45+01:00,94.825501
2026-02-03 09:00+01:00,103.958334
2026-02-03 09:15+01:00,92.401348
2026-02-03 09:30+01:00,93.394044
2026-02-03 09:45+01:00,87.017124
2026-02-03 10:00+01:00,101.014605
2026-02-03 10:15+01:00,104.179073
2026-02-03 10:30+01:00,92.998148
2026-02-03 10:45+01:00,94.983278
2026-02-03 11:00+01:00,
2026-02-03 11:15+01:00,101.564833
2026-02-03 11:30+01:00,91.673894
2026-02-03 11:45+01:00,96.846067
2026-02-03 12:00+01:00,98.615213
2026-02-03 12:15+01:00,92.454820
2026-02-03 12:30+01:00,
2026-02-03 12:45+01:00,95.624173
2026-02-03 13:00+01:00,96.107501
2026-02-03 13:15+01:00,99.949360
2026-02-03 13:30+01:00,0.000000
2026-02-03 13:45+01:00,0.000000
2026-02-03 14:00+01:00,0.000000
2026-02-03 14:15+01:00,0.000000
2026-02-03 14:30+01:00,0.000000
2026-02-03 14:45+01:00,0.000000
2026-02-03 15:00+01:00,0.000000
2026-02-03 15:15+01:00,0.000000
2026-02-03 15:30+01:00,0.000000
2026-02-03 15:45+01:00,0.000000
2026-02-03 16:00+01:00,0.000000
2026-02-03 16:15+01:00,0.000000
2026-02-03 16:30+01:00,0.000000
2026-02-03 16:45+01:00,0.000000
2026-02-03 17:00+01:00,0.000000
2026-02-03 17:15+01:00,0.000000
2026-02-03 17:30+01:00,0.000000
2026-02-03 17:45+01:00,0.000000
2026-02-03 18:00+01:00,0.000000
2026-02-03 18:15+01:00,0.000000
2026-02-03 18:30+01:00,0.000000
2026-02-03 18:45+01:00,0.000000
2026-02-03 19:00+01:00,0.000000
2026-02-03 19:15+01:00,0.000000
2026-02-03 19:30+01:00,0.000000
2026-02-03 19:45+01:00,0.000000
2026-02-03 20:00+01:00,0.000000
2026-02-03 20:15+01:00,0.000000
2026-02-03 20:30+01:00,
2026-02-03 20:45+01:00,0.000000
2026-02-03 21:00+01:00,0.000000
2026-02-03 21:15+01:00,0.000000
2026-02-03 21:30+01:00,0.000000
2026-02-03 21:45+01:00,0.000000
2026-02-03 22:00+01:00,0.000000
2026-02-03 22:15+01:00,0.000000
2026-02-03 22:30+01:00,0.000000
2026-02-03 22:45+01:00,0.000000
2026-02-03 23:00+01:00,0.000000
2026-02-03 23:15+01:00,0.000000
2026-02-03 23:30+01:00,0.000000
2026-02-03 23:45+01:00,0.000000
2026-02-04 00:00+01:00,0.000000
2026-02-04 00:15+01:00,0.000000
2026-02-04 00:30+01:00,0.000000
2026-02-04 00:45+01:00,0.000000
2026-02-04 01:00+01:00,0.000000
2026-02-04 01:15+01:00,0.000000
2026-02-04 01:30+01:00,0.000000
2026-02-04 01:45+01:00,0.000000
2026-02-04 02:00+01:00,0.000000
2026-02-04 02:15+01:00,0.000000
2026-02-04 02:30+01:00,0.000000
2026-02-04 02:45+01:00,0.000000
2026-02-04 03:00+01:00,0.000000
2026-02-04 03:15+01:00,0.000000
2026-02-04 03:30+01:00,0.000000
2026-02-04 03:45+01:00,0.000000
2026-02-04 04:00+01:00,0.000000
2026-02-04 04:15+01:00,0.000000
2026-02-04 04:30+01:00,0.000000
2026-02-04 04:45+01:00,0.000000
2026-02-04 05:00+01:00,0.000000
2026-02-04 05:15+01:00,0.000000
2026-02-04 05:30+01:00,0.000000
2026-02-04 05:45+01:00,0.000000
2026-02-04 06:00+01:00,0.000000
2026-02-04 06:15+01:00,0.000000
2026-02-04 06:30+01:00,0.000000
2026-02-04 06:45+01:00,0.000000
2026-02-04 07:00+01:00,0.000000
2026-02-04 07:15+01:00,0.000000
2026-02-04 07:30+01:00,0.000000
2026-02-04 07:45+01:00,0.000000
2026-02-04 08:00+01:00,
2026-02-04 08:15+01:00,0.000000
2026-02-04 08:30+01:00,0.000000
2026-02-04 08:45+01:00,0.000000
2026-02-04 09:00+01:00,0.000000
2026-02-04 09:15+01:00,0.000000
2026-02-04 09:30+01:00,0.000000
2026-02-04 09:45+01:00,99.624264
2026-02-04 10:00+01:00,97.303352
2026-02-04 10:15+01:00,91.754637
2026-02-04 10:30+01:00,98.420045
2026-02-04 10:45+01:00,93.418148
2026-02-04 11:00+01:00,94.233433
2026-02-04 11:15+01:00,88.852814
2026-02-04 11:30+01:00,100.085690
2026-02-04 11:45+01:00,90.739183
2026-02-04 12:00+01:00,94.233622
2026-02-04 12:15+01:00,0.000000
2026-02-04 12:30+01:00,0.000000
2026-02-04 12:45+01:00,
2026-02-04 13:00+01:00,0.000000
2026-02-04 13:15+01:00,94.652097
2026-02-04 13:30+01:00,93.033364
2026-02-04 13:45+01:00,103.498968
2026-02-04 14:00+01:00,97.719968
2026-02-04 14:15+01:00,101.353566
2026-02-04 14:30+01:00,92.738979
2026-02-04 14:45+01:00,97.539147
2026-02-04 15:00+01:00,90.974480
2026-02-04 15:15+01:00,94.280687
2026-02-04 15:30+01:00,103.363482
2026-02-04 15:45+01:00,89.764675
2026-02-04 16:00+01:00,0.000000
2026-02-04 16:15+01:00,92.593095
2026-02-04 16:30+01:00,92.587192
2026-02-04 16:45+01:00,94.613353
2026-02-04 17:00+01:00,98.759653
2026-02-04 17:15+01:00,99.124004
2026-02-04 17:30+01:00,98.920919
2026-02-04 17:45+01:00,92.392763
2026-02-04 18:00+01:00,98.456362
2026-02-04 18:15+01:00,103.972799
2026-02-04 18:30+01:00,90.193240
2026-02-04 18:45+01:00,0.000000
2026-02-04 19:00+01:00,0.000000
2026-02-04 19:15+01:00,0.000000
2026-02-04 19:30+01:00,0.000000
2026-02-04 19:45+01:00,0.000000
2026-02-04 20:00+01:00,0.000000
2026-02-04 20:15+01:00,0.000000
2026-02-04 20:30+01:00,0.000000
2026-02-04 20:45+01:00,0.000000
2026-02-04 21:00+01:00,0.000000
2026-02-04 21:15+01:00,0.000000
2026-02-04 21:30+01:00,0.000000
2026-02-04 21:45+01:00,0.000000
2026-02-04 22:00+01:00,0.000000
2026-02-04 22:15+01:00,0.000000
2026-02-04 22:30+01:00,0.000000
2026-02-04 22:45+01:00,0.000000
2026-02-04 23:00+01:00,
2026-02-04 23:15+01:00,0.000000
2026-02-04 23:30+01:00,0.000000
2026-02-04 23:45+01:00,0.000000
2026-02-05 00:00+01:00,0.000000
2026-02-05 00:15+01:00,0.000000
2026-02-05 00:30+01:00,0.000000
2026-02-05 00:45+01:00,0.000000
2026-02-05 01:00+01:00,0.000000
2026-02-05 01:15+01:00,0.000000
2026-02-05 01:30+01:00,0.000000
2026-02-05 01:45+01:00,0.000000
2026-02-05 02:00+01:00,0.000000
2026-02-05 02:15+01:00,0.000000
2026-02-05 02:30+01:00,0.000000
2026-02-05 02:45+01:00,0.000000
2026-02-05 03:00+01:00,0.000000
2026-02-05 03:15+01:00,0.000000
2026-02-05 03:30+01:00,0.000000
2026-02-05 03:45+01:00,0.000000
2026-02-05 04:00+01:00,100.011916
2026-02-05 04:15+01:00,98.770173
2026-02-05 04:30+01:00,86.065861
2026-02-05 04:45+01:00,95.762020
2026-02-05 05:00+01:00,91.483321
2026-02-05 05:15+01:00,98.746863
2026-02-05 05:30+01:00,95.445563
2026-02-05 05:45+01:00,101.998218
2026-02-05 06:00+01:00,106.562090
2026-02-05 06:15+01:00,105.091931
2026-02-05 06:30+01:00,100.175589
2026-02-05 06:45+01:00,93.545643
2026-02-05 07:00+01:00,91.990582
2026-02-05 07:15+01:00,97.916525
2026-02-05 07:30+01:00,89.131796
2026-02-05 07:45+01:00,90.842644
2026-02-05 08:00+01:00,
2026-02-05 08:15+01:00,0.000000
2026-02-05 08:30+01:00,0.000000
2026-02-05 08:45+01:00,0.000000
2026-02-05 09:00+01:00,0.000000
2026-02-05 09:15+01:00,0.000000
2026-02-05 09:30+01:00,0.000000
2026-02-05 09:45+01:00,
2026-02-05 10:00+01:00,0.000000
2026-02-05 10:15+01:00,0.000000
2026-02-05 10:30+01:00,0.000000
2026-02-05 10:45+01:00,0.000000
2026-02-05 11:00+01:00,0.000000
2026-02-05 11:15+01:00,0.000000
2026-02-05 11:30+01:00,0.000000
2026-02-05 11:45+01:00,0.000000
2026-02-05 12:00+01:00,0.000000
2026-02-05 12:15+01:00,0.000000
2026-02-05 12:30+01:00,0.000000
2026-02-05 12:45+01:00,0.000000
2026-02-05 13:00+01:00,0.000000
2026-02-05 13:15+01:00,0.000000
2026-02-05 13:30+01:00,0.000000
2026-02-05 13:45+01:00,0.000000
2026-02-05 14:00+01:00,0.000000
2026-02-05 14:15+01:00,0.000000
2026-02-05 14:30+01:00,0.000000
2026-02-05 14:45+01:00,0.000000
2026-02-05 15:00+01:00,0.000000
2026-02-05 15:15+01:00,0.000000
2026-02-05 15:30+01:00,0.000000
2026-02-05 15:45+01:00,0.000000
2026-02-05 16:00+01:00,0.000000
2026-02-05 16:15+01:00,0.000000
2026-02-05 16:30+01:00,0.000000
2026-02-05 16:45+01:00,0.000000
2026-02-05 17:00+01:00,
2026-02-05 17:15+01:00,0.000000
2026-02-05 17:30+01:00,
2026-02-05 17:45+01:00,0.000000
2026-02-05 18:00+01:00,0.000000
2026-02-05 18:15+01:00,0.000000
2026-02-05 18:30+01:00,88.408736
2026-02-05 18:45+01:00,99.197897
2026-02-05 19:00+01:00,
2026-02-05 19:15+01:00,95.031158
2026-02-05 19:30+01:00,102.990350
2026-02-05 19:45+01:00,96.386633
2026-02-05 20:00+01:00,93.376471
2026-02-05 20:15+01:00,96.125140
2026-02-05 20:30+01:00,94.515108
2026-02-05 20:45+01:00,89.440000
2026-02-05 21:00+01:00,98.535492
2026-02-05 21:15+01:00,87.412748
2026-02-05 21:30+01:00,98.438681
2026-02-05 21:45+01:00,93.361833
2026-02-05 22:00+01:00,94.263918
2026-02-05 22:15+01:00,0.000000
2026-02-05 22:30+01:00,0.000000
2026-02-05 22:45+01:00,0.000000
2026-02-05 23:00+01:00,0.000000
2026-02-05 23:15+01:00,0.000000
2026-02-05 23:30+01:00,0.000000
2026-02-05 23:45+01:00,0.000000
2026-02-06 00:00+01:00,0.000000
2026-02-06 00:15+01:00,0.000000
2026-02-06 00:30+01:00,0.000000
2026-02-06 00:45+01:00,0.000000
2026-02-06 01:00+01:00,0.000000
2026-02-06 01:15+01:00,0.000000
2026-02-06 01:30+01:00,0.000000
2026-02-06 01:45+01:00,0.000000
2026-02-06 02:00+01:00,0.000000
2026-02-06 02:15+01:00,0.000000
2026-02-06 02:30+01:00,0.000000
2026-02-06 02:45+01:00,0.000000
2026-02-06 03:00+01:00,0.000000
2026-02-06 03:15+01:00,0.000000
2026-02-06 03:30+01:00,0.000000
2026-02-06 03:45+01:00,0.000000
2026-02-06 04:00+01:00,0.000000
2026-02-06 04:15+01:00,0.000000
2026-02-06 04:30+01:00,0.000000
2026-02-06 04:45+01:00,0.000000
2026-02-06 05:00+01:00,0.000000
2026-02-06 05:15+01:00,0.000000
2026-02-06 05:30+01:00,0.000000
2026-02-06 05:45+01:00,0.000000
2026-02-06 06:00+01:00,0.000000
2026-02-06 06:15+01:00,0.000000
2026-02-06 06:30+01:00,0.000000
2026-02-06 06:45+01:00,0.000000
2026-02-06 07:00+01:00,98.885397
2026-02-06 07:15+01:00,98.165985
2026-02-06 07:30+01:00,96.247561
2026-02-06 07:45+01:00,101.695070
2026-02-06 08:00+01:00,
2026-02-06 08:15+01:00,91.502308
2026-02-06 08:30+01:00,94.827940
2026-02-06 08:45+01:00,93.225218
2026-02-06 09:00+01:00,85.811836
2026-02-06 09:15+01:00,90.552232
2026-02-06 09:30+01:00,87.930995
2026-02-06 09:45+01:00,100.425894
2026-02-06 10:00+01:00,93.313402
2026-02-06 10:15+01:00,96.026408
2026-02-06 10:30+01:00,91.785942
2026-02-06 10:45+01:00,94.723303
2026-02-06 11:00+01:00,99.462281
2026-02-06 11:15+01:00,96.124946
2026-02-06 11:30+01:00,89.712186
2026-02-06 11:45+01:00,93.365314
2026-02-06 12:00+01:00,96.759529
2026-02-06 12:15+01:00,92.873305
2026-02-06 12:30+01:00,94.118231
2026-02-06 12:45+01:00,99.498808
2026-02-06 13:00+01:00,100.375282
2026-02-06 13:15+01:00,
2026-02-06 13:30+01:00,92.717333
2026-02-06 13:45+01:00,98.360253
2026-02-06 14:00+01:00,85.552552
2026-02-06 14:15+01:00,100.006215
2026-02-06 14:30+01:00,93.279664
2026-02-06 14:45+01:00,0.000000
2026-02-06 15:00+01:00,0.000000
2026-02-06 15:15+01:00,0.000000
2026-02-06 15:30+01:00,0.000000
2026-02-06 15:45+01:00,0.000000
2026-02-06 16:00+01:00,0.000000
2026-02-06 16:15+01:00,0.000000
2026-02-06 16:30+01:00,0.000000
2026-02-06 16:45+01:00,0.000000
2026-02-06 17:00+01:00,0.000000
2026-02-06 17:15+01:00,0.000000
2026-02-06 17:30+01:00,0.000000
2026-02-06 17:45+01:00,0.000000
2026-02-06 18:00+01:00,0.000000
2026-02-06 18:15+01:00,0.000000
2026-02-06 18:30+01:00,0.000000
2026-02-06 18:45+01:00,0.000000
2026-02-06 19:00+01:00,0.000000
2026-02-06 19:15+01:00,0.000000
2026-02-06 19:30+01:00,0.000000
2026-02-06 19:45+01:00,0.000000
2026-02-06 20:00+01:00,0.000000
2026-02-06 20:15+01:00,
2026-02-06 20:30+01:00,0.000000
2026-02-06 20:45+01:00,0.000000
2026-02-06 21:00+01:00,0.000000
2026-02-06 21:15+01:00,0.000000
2026-02-06 21:30+01:00,0.000000
2026-02-06 21:45+01:00,0.000000
2026-02-06 22:00+01:00,
2026-02-06 22:15+01:00,0.000000
2026-02-06 22:30+01:00,0.000000
2026-02-06 22:45+01:00,0.000000
2026-02-06 23:00+01:00,0.000000
2026-02-06 23:15+01:00,0.000000
2026-02-06 23:30+01:00,0.000000
2026-02-06 23:45+01:00,0.000000
2026-02-07 00:00+01:00,0.000000
2026-02-07 00:15+01:00,0.000000
2026-02-07 00:30+01:00,0.000000
2026-02-07 00:45+01:00,0.000000
2026-02-07 01:00+01:00,0.000000
2026-02-07 01:15+01:00,
2026-02-07 01:30+01:00,0.000000
2026-02-07 01:45+01:00,0.000000
2026-02-07 02:00+01:00,0.000000
2026-02-07 02:15+01:00,0.000000
2026-02-07 02:30+01:00,0.000000
2026-02-07 02:45+01:00,0.000000
2026-02-07 03:00+01:00,0.000000
2026-02-07 03:15+01:00,0.000000
2026-02-07 03:30+01:00,0.000000
2026-02-07 03:45+01:00,0.000000
2026-02-07 04:00+01:00,
2026-02-07 04:15+01:00,0.000000
2026-02-07 04:30+01:00,0.000000
2026-02-07 04:45+01:00,0.000000
2026-02-07 05:00+01:00,0.000000
2026-02-07 05:15+01:00,0.000000
2026-02-07 05:30+01:00,0.000000
2026-02-07 05:45+01:00,0.000000
2026-02-07 06:00+01:00,0.000000
2026-02-07 06:15+01:00,0.000000
2026-02-07 06:30+01:00,0.000000
2026-02-07 06:45+01:00,0.000000
2026-02-07 07:00+01:00,0.000000
2026-02-07 07:15+01:00,0.000000
2026-02-07 07:30+01:00,0.000000
2026-02-07 07:45+01:00,0.000000
2026-02-07 08:00+01:00,105.034102
2026-02-07 08:15+01:00,103.582484
2026-02-07 08:30+01:00,96.412307
2026-02-07 08:45+01:00,91.409126
2026-02-07 09:00+01:00,94.302237
2026-02-07 09:15+01:00,94.831889
2026-02-07 09:30+01:00,101.300099
2026-02-07 09:45+01:00,90.581782
2026-02-07 10:00+01:00,98.015021
2026-02-07 10:15+01:00,90.834714
2026-02-07 10:30+01:00,96.393558
2026-02-07 10:45+01:00,0.000000
2026-02-07 11:00+01:00,0.000000
2026-02-07 11:15+01:00,0.000000
2026-02-07 11:30+01:00,0.000000
2026-02-07 11:45+01:00,0.000000
2026-02-07 12:00+01:00,0.000000
2026-02-07 12:15+01:00,0.000000
2026-02-07 12:30+01:00,0.000000
2026-02-07 12:45+01:00,0.000000
2026-02-07 13:00+01:00,0.000000
2026-02-07 13:15+01:00,0.000000
2026-02-07 13:30+01:00,0.000000
2026-02-07 13:45+01:00,0.000000
2026-02-07 14:00+01:00,0.000000
2026-02-07 14:15+01:00,0.000000
2026-02-07 14:30+01:00,0.000000
2026-02-07 14:45+01:00,0.000000
2026-02-07 15:00+01:00,0.000000
2026-02-07 15:15+01:00,0.000000
2026-02-07 15:30+01:00,0.000000
2026-02-07 15:45+01:00,0.000000
2026-02-07 16:00+01:00,0.000000
2026-02-07 16:15+01:00,0.000000
2026-02-07 16:30+01:00,0.000000
2026-02-07 16:45+01:00,98.821665
2026-02-07 17:00+01:00,99.360217
2026-02-07 17:15+01:00,96.691747
2026-02-07 17:30+01:00,98.393299
2026-02-07 17:45+01:00,103.783999
2026-02-07 18:00+01:00,93.306543
2026-02-07 18:15+01:00,94.992893
2026-02-07 18:30+01:00,99.318301
2026-02-07 18:45+01:00,94.037412
2026-02-07 19:00+01:00,94.263995
2026-02-07 19:15+01:00,0.000000
2026-02-07 19:30+01:00,0.000000
2026-02-07 19:45+01:00,0.000000
2026-02-07 20:00+01:00,0.000000
2026-02-07 20:15+01:00,98.175496
2026-02-07 20:30+01:00,94.568942
2026-02-07 20:45+01:00,95.780142
2026-02-07 21:00+01:00,95.651711
2026-02-07 21:15+01:00,106.673934
2026-02-07 21:30+01:00,92.837429
2026-02-07 21:45+01:00,93.593691
2026-02-07 22:00+01:00,88.931034
2026-02-07 22:15+01:00,92.714981
2026-02-07 22:30+01:00,91.694903
2026-02-07 22:45+01:00,0.000000
2026-02-07 23:00+01:00,0.000000
2026-02-07 23:15+01:00,
2026-02-07 23:30+01:00,0.000000
2026-02-07 23:45+01:00,0.000000
2026-02-08 00:00+01:00,0.000000
2026-02-08 00:15+01:00,0.000000
2026-02-08 00:30+01:00,92.809043
2026-02-08 00:45+01:00,89.612406
2026-02-08 01:00+01:00,91.147366
2026-02-08 01:15+01:00,93.140337
2026-02-08 01:30+01:00,96.248497
2026-02-08 01:45+01:00,85.573264
2026-02-08 02:00+01:00,89.087141
2026-02-08 02:15+01:00,99.696579
2026-02-08 02:30+01:00,94.447924
2026-02-08 02:45+01:00,97.957050
2026-02-08 03:00+01:00,100.357512
2026-02-08 03:15+01:00,96.682361
2026-02-08 03:30+01:00,98.100475
2026-02-08 03:45+01:00,98.644404
2026-02-08 04:00+01:00,94.796133
2026-02-08 04:15+01:00,97.248957
2026-02-08 04:30+01:00,101.036322
2026-02-08 04:45+01:00,87.631878
2026-02-08 05:00+01:00,102.346175
2026-02-08 05:15+01:00,88.666967
2026-02-08 05:30+01:00,99.947284
2026-02-08 05:45+01:00,0.000000
2026-02-08 06:00+01:00,0.000000
2026-02-08 06:15+01:00,0.000000
2026-02-08 06:30+01:00,0.000000
2026-02-08 06:45+01:00,0.000000
2026-02-08 07:00+01:00,90.533439
2026-02-08 07:15+01:00,91.964444
2026-02-08 07:30+01:00,95.612659
2026-02-08 07:45+01:00,94.001640
2026-02-08 08:00+01:00,98.960948
2026-02-08 08:15+01:00,101.825092
2026-02-08 08:30+01:00,102.636112
2026-02-08 08:45+01:00,92.334825
2026-02-08 09:00+01:00,103.635593
2026-02-08 09:15+01:00,101.160688
2026-02-08 09:30+01:00,0.000000
2026-02-08 09:45+01:00,0.000000
2026-02-08 10:00+01:00,0.000000
2026-02-08 10:15+01:00,0.000000
2026-02-08 10:30+01:00,
2026-02-08 10:45+01:00,0.000000
2026-02-08 11:00+01:00,0.000000
2026-02-08 11:15+01:00,0.000000
2026-02-08 11:30+01:00,0.000000
2026-02-08 11:45+01:00,0.000000
2026-02-08 12:00+01:00,0.000000
2026-02-08 12:15+01:00,0.000000
2026-02-08 12:30+01:00,0.000000
2026-02-08 12:45+01:00,0.000000
2026-02-08 13:00+01:00,0.000000
2026-02-08 13:15+01:00,0.000000
2026-02-08 13:30+01:00,0.000000
2026-02-08 13:45+01:00,0.000000
2026-02-08 14:00+01:00,0.000000
2026-02-08 14:15+01:00,0.000000
2026-02-08 14:30+01:00,0.000000
2026-02-08 14:45+01:00,0.000000
2026-02-08 15:00+01:00,0.000000
2026-02-08 15:15+01:00,0.000000
2026-02-08 15:30+01:00,0.000000
2026-02-08 15:45+01:00,0.000000
2026-02-08 16:00+01:00,0.000000
2026-02-08 16:15+01:00,0.000000
2026-02-08 16:30+01:00,0.000000
2026-02-08 16:45+01:00,0.000000
2026-02-08 17:00+01:00,0.000000
2026-02-08 17:15+01:00,0.000000
2026-02-08 17:30+01:00,0.000000
2026-02-08 17:45+01:00,0.000000
2026-02-08 18:00+01:00,0.000000
2026-02-08 18:15+01:00,0.000000
2026-02-08 18:30+01:00,0.000000
2026-02-08 18:45+01:00,0.000000
2026-02-08 19:00+01:00,0.000000
2026-02-08 19:15+01:00,0.000000
2026-02-08 19:30+01:00,0.000000
2026-02-08 19:45+01:00,0.000000
2026-02-08 20:00+01:00,0.000000
2026-02-08 20:15+01:00,0.000000
2026-02-08 20:30+01:00,0.000000
2026-02-08 20:45+01:00,0.000000
2026-02-08 21:00+01:00,0.000000
2026-02-08 21:15+01:00,0.000000
2026-02-08 21:30+01:00,0.000000
2026-02-08 21:45+01:00,0.000000
2026-02-08 22:00+01:00,0.000000
2026-02-08 22:15+01:00,
2026-02-08 22:30+01:00,0.000000
2026-02-08 22:45+01:00,0.000000
2026-02-08 23:00+01:00,0.000000
2026-02-08 23:15+01:00,0.000000
2026-02-08 23:30+01:00,0.000000
2026-02-08 23:45+01:00,0.000000
2026-02-09 00:00+01:00,
2026-02-09 00:15+01:00,0.000000
2026-02-09 00:30+01:00,0.000000
2026-02-09 00:45+01:00,0.000000
2026-02-09 01:00+01:00,0.000000
2026-02-09 01:15+01:00,0.000000
2026-02-09 01:30+01:00,0.000000
2026-02-09 01:45+01:00,0.000000
2026-02-09 02:00+01:00,0.000000
2026-02-09 02:15+01:00,0.000000
2026-02-09 02:30+01:00,0.000000
2026-02-09 02:45+01:00,0.000000
2026-02-09 03:00+01:00,0.000000
2026-02-09 03:15+01:00,0.000000
2026-02-09 03:30+01:00,0.000000
2026-02-09 03:45+01:00,0.000000
2026-02-09 04:00+01:00,0.000000
2026-02-09 04:15+01:00,0.000000
2026-02-09 04:30+01:00,0.000000
2026-02-09 04:45+01:00,0.000000
2026-02-09 05:00+01:00,0.000000
2026-02-09 05:15+01:00,0.000000
2026-02-09 05:30+01:00,0.000000
2026-02-09 05:45+01:00,0.000000
2026-02-09 06:00+01:00,0.000000
2026-02-09 06:15+01:00,0.000000
2026-02-09 06:30+01:00,0.000000
2026-02-09 06:45+01:00,0.000000
2026-02-09 07:00+01:00,0.000000
2026-02-09 07:15+01:00,0.000000
2026-02-09 07:30+01:00,0.000000
2026-02-09 07:45+01:00,0.000000
2026-02-09 08:00+01:00,0.000000
2026-02-09 08:15+01:00,0.000000
2026-02-09 08:30+01:00,0.000000
2026-02-09 08:45+01:00,0.000000
2026-02-09 09:00+01:00,0.000000
2026-02-09 09:15+01:00,0.000000
2026-02-09 09:30+01:00,0.000000
2026-02-09 09:45+01:00,0.000000
2026-02-09 10:00+01:00,0.000000
2026-02-09 10:15+01:00,0.000000
2026-02-09 10:30+01:00,0.000000
2026-02-09 10:45+01:00,0.000000
2026-02-09 11:00+01:00,0.000000
2026-02-09 11:15+01:00,0.000000
2026-02-09 11:30+01:00,0.000000
2026-02-09 11:45+01:00,0.000000
2026-02-09 12:00+01:00,0.000000
2026-02-09 12:15+01:00,0.000000
2026-02-09 12:30+01:00,0.000000
2026-02-09 12:45+01:00,0.000000
2026-02-09 13:00+01:00,0.000000
2026-02-09 13:15+01:00,
2026-02-09 13:30+01:00,0.000000
2026-02-09 13:45+01:00,0.000000
2026-02-09 14:00+01:00,0.000000
2026-02-09 14:15+01:00,96.987320
2026-02-09 14:30+01:00,102.804099
2026-02-09 14:45+01:00,97.566104
2026-02-09 15:00+01:00,95.811917
2026-02-09 15:15+01:00,90.431764
2026-02-09 15:30+01:00,107.488489
2026-02-09 15:45+01:00,96.288566
2026-02-09 16:00+01:00,96.565703
2026-02-09 16:15+01:00,91.875664
2026-02-09 16:30+01:00,97.847697
2026-02-09 16:45+01:00,90.145191
2026-02-09 17:00+01:00,89.940688
2026-02-09 17:15+01:00,
2026-02-09 17:30+01:00,100.857465
2026-02-09 17:45+01:00,96.709314
2026-02-09 18:00+01:00,0.000000
2026-02-09 18:15+01:00,0.000000
2026-02-09 18:30+01:00,0.000000
2026-02-09 18:45+01:00,0.000000
2026-02-09 19:00+01:00,0.000000
2026-02-09 19:15+01:00,0.000000
2026-02-09 19:30+01:00,0.000000
2026-02-09 19:45+01:00,0.000000
2026-02-09 20:00+01:00,0.000000
2026-02-09 20:15+01:00,89.619352
2026-02-09 20:30+01:00,90.869134
2026-02-09 20:45+01:00,
2026-02-09 21:00+01:00,90.049025
2026-02-09 21:15+01:00,90.387404
2026-02-09 21:30+01:00,90.707180
2026-02-09 21:45+01:00,90.738902
2026-02-09 22:00+01:00,92.391540
2026-02-09 22:15+01:00,97.524153
2026-02-09 22:30+01:00,98.219513
2026-02-09 22:45+01:00,93.941631
2026-02-09 23:00+01:00,102.978056
2026-02-09 23:15+01:00,97.074553
2026-02-09 23:30+01:00,102.443798
2026-02-09 23:45+01:00,87.959754
2026-02-10 00:00+01:00,96.310160
2026-02-10 00:15+01:00,0.000000
2026-02-10 00:30+01:00,
2026-02-10 00:45+01:00,0.000000
2026-02-10 01:00+01:00,0.000000
2026-02-10 01:15+01:00,0.000000
2026-02-10 01:30+01:00,0.000000
2026-02-10 01:45+01:00,0.000000
2026-02-10 02:00+01:00,0.000000
2026-02-10 02:15+01:00,0.000000
2026-02-10 02:30+01:00,0.000000
2026-02-10 02:45+01:00,0.000000
2026-02-10 03:00+01:00,0.000000
2026-02-10 03:15+01:00,0.000000
2026-02-10 03:30+01:00,0.000000
2026-02-10 03:45+01:00,0.000000
2026-02-10 04:00+01:00,0.000000
2026-02-10 04:15+01:00,98.943872
2026-02-10 04:30+01:00,95.334958
2026-02-10 04:45+01:00,96.706370
2026-02-10 05:00+01:00,90.243417
2026-02-10 05:15+01:00,95.050934
2026-02-10 05:30+01:00,91.970600
2026-02-10 05:45+01:00,97.678365
2026-02-10 06:00+01:00,85.503737
2026-02-10 06:15+01:00,101.243249
2026-02-10 06:30+01:00,95.935829
2026-02-10 06:45+01:00,94.591025
2026-02-10 07:00+01:00,0.000000
2026-02-10 07:15+01:00,0.000000
2026-02-10 07:30+01:00,0.000000
2026-02-10 07:45+01:00,0.000000
2026-02-10 08:00+01:00,0.000000
2026-02-10 08:15+01:00,0.000000
2026-02-10 08:30+01:00,0.000000
2026-02-10 08:45+01:00,0.000000
2026-02-10 09:00+01:00,0.000000
2026-02-10 09:15+01:00,0.000000
2026-02-10 09:30+01:00,0.000000
2026-02-10 09:45+01:00,0.000000
2026-02-10 10:00+01:00,0.000000
2026-02-10 10:15+01:00,0.000000
2026-02-10 10:30+01:00,0.000000
2026-02-10 10:45+01:00,0.000000
2026-02-10 11:00+01:00,0.000000
2026-02-10 11:15+01:00,0.000000
2026-02-10 11:30+01:00,0.000000
2026-02-10 11:45+01:00,0.000000
2026-02-10 12:00+01:00,0.000000
2026-02-10 12:15+01:00,0.000000
2026-02-10 12:30+01:00,0.000000
2026-02-10 12:45+01:00,0.000000
2026-02-10 13:00+01:00,0.000000
2026-02-10 13:15+01:00,0.000000
2026-02-10 13:30+01:00,0.000000
2026-02-10 13:45+01:00,0.000000
2026-02-10 14:00+01:00,0.000000
2026-02-10 14:15+01:00,0.000000
2026-02-10 14:30+01:00,89.401252
2026-02-10 14:45+01:00,98.478296
2026-02-10 15:00+01:00,105.517626
2026-02-10 15:15+01:00,100.094820
2026-02-10 15:30+01:00,100.285731
2026-02-10 15:45+01:00,91.281732
2026-02-10 16:00+01:00,96.941616
2026-02-10 16:15+01:00,99.259753
2026-02-10 16:30+01:00,99.199720
2026-02-10 16:45+01:00,99.984853
2026-02-10 17:00+01:00,0.000000
2026-02-10 17:15+01:00,90.261583
2026-02-10 17:30+01:00,97.898380
2026-02-10 17:45+01:00,100.551791
2026-02-10 18:00+01:00,96.016560
2026-02-10 18:15+01:00,99.997280
2026-02-10 18:30+01:00,86.686983
2026-02-10 18:45+01:00,96.091277
2026-02-10 19:00+01:00,98.128832
2026-02-10 19:15+01:00,
2026-02-10 19:30+01:00,93.362846
2026-02-10 19:45+01:00,0.000000
2026-02-10 20:00+01:00,0.000000
2026-02-10 20:15+01:00,0.000000
2026-02-10 20:30+01:00,0.000000
2026-02-10 20:45+01:00,0.000000
2026-02-10 21:00+01:00,0.000000
2026-02-10 21:15+01:00,0.000000
2026-02-10 21:30+01:00,0.000000
2026-02-10 21:45+01:00,0.000000
2026-02-10 22:00+01:00,0.000000
2026-02-10 22:15+01:00,0.000000
2026-02-10 22:30+01:00,0.000000
2026-02-10 22:45+01:00,0.000000
2026-02-10 23:00+01:00,0.000000
2026-02-10 23:15+01:00,0.000000
2026-02-10 23:30+01:00,0.000000
2026-02-10 23:45+01:00,0.000000
2026-02-11 00:00+01:00,0.000000
2026-02-11 00:15+01:00,0.000000
2026-02-11 00:30+01:00,0.000000
2026-02-11 00:45+01:00,
2026-02-11 01:00+01:00,0.000000
2026-02-11 01:15+01:00,98.510228
2026-02-11 01:30+01:00,86.056044
2026-02-11 01:45+01:00,99.037952
2026-02-11 02:00+01:00,87.835428
2026-02-11 02:15+01:00,100.152736
2026-02-11 02:30+01:00,95.293210
2026-02-11 02:45+01:00,99.690853
2026-02-11 03:00+01:00,99.224155
2026-02-11 03:15+01:00,84.927487
2026-02-11 03:30+01:00,90.882875
2026-02-11 03:45+01:00,92.725857
2026-02-11 04:00+01:00,101.137994
2026-02-11 04:15+01:00,89.517303
2026-02-11 04:30+01:00,93.595282
2026-02-11 04:45+01:00,90.388659
2026-02-11 05:00+01:00,
2026-02-11 05:15+01:00,97.032077
2026-02-11 05:30+01:00,95.634862
2026-02-11 05:45+01:00,89.258417
2026-02-11 06:00+01:00,87.159819
2026-02-11 06:15+01:00,93.347407
2026-02-11 06:30+01:00,90.291474
2026-02-11 06:45+01:00,90.058521
2026-02-11 07:00+01:00,96.670449
2026-02-11 07:15+01:00,97.584012
2026-02-11 07:30+01:00,98.285915
2026-02-11 07:45+01:00,99.007510
2026-02-11 08:00+01:00,92.577873
2026-02-11 08:15+01:00,104.402447
2026-02-11 08:30+01:00,89.179105
2026-02-11 08:45+01:00,94.476694
2026-02-11 09:00+01:00,0.000000
2026-02-11 09:15+01:00,0.000000
2026-02-11 09:30+01:00,0.000000
2026-02-11 09:45+01:00,0.000000
2026-02-11 10:00+01:00,0.000000
2026-02-11 10:15+01:00,0.000000
2026-02-11 10:30+01:00,0.000000
2026-02-11 10:45+01:00,0.000000
2026-02-11 11:00+01:00,0.000000
2026-02-11 11:15+01:00,0.000000
2026-02-11 11:30+01:00,0.000000
2026-02-11 11:45+01:00,0.000000
2026-02-11 12:00+01:00,0.000000
2026-02-11 12:15+01:00,0.000000
2026-02-11 12:30+01:00,0.000000
2026-02-11 12:45+01:00,0.000000
2026-02-11 13:00+01:00,0.000000
2026-02-11 13:15+01:00,0.000000
2026-02-11 13:30+01:00,0.000000
2026-02-11 13:45+01:00,0.000000
2026-02-11 14:00+01:00,0.000000
2026-02-11 14:15+01:00,0.000000
2026-02-11 14:30+01:00,0.000000
2026-02-11 14:45+01:00,0.000000
2026-02-11 15:00+01:00,0.000000
2026-02-11 15:15+01:00,0.000000
2026-02-11 15:30+01:00,0.000000
2026-02-11 15:45+01:00,0.000000
2026-02-11 16:00+01:00,0.000000
2026-02-11 16:15+01:00,0.000000
2026-02-11 16:30+01:00,0.000000
2026-02-11 16:45+01:00,0.000000
2026-02-11 17:00+01:00,0.000000
2026-02-11 17:15+01:00,0.000000
2026-02-11 17:30+01:00,0.000000
2026-02-11 17:45+01:00,0.000000
2026-02-11 18:00+01:00,0.000000
2026-02-11 18:15+01:00,0.000000
2026-02-11 18:30+01:00,0.000000
2026-02-11 18:45+01:00,0.000000
2026-02-11 19:00+01:00,
2026-02-11 19:15+01:00,0.000000
2026-02-11 19:30+01:00,0.000000
2026-02-11 19:45+01:00,0.000000
2026-02-11 20:00+01:00,0.000000
2026-02-11 20:15+01:00,0.000000
2026-02-11 20:30+01:00,0.000000
2026-02-11 20:45+01:00,0.000000
2026-02-11 21:00+01:00,
2026-02-11 21:15+01:00,0.000000
2026-02-11 21:30+01:00,0.000000
2026-02-11 21:45+01:00,0.000000
2026-02-11 22:00+01:00,0.000000
2026-02-11 22:15+01:00,0.000000
2026-02-11 22:30+01:00,0.000000
2026-02-11 22:45+01:00,0.000000
2026-02-11 23:00+01:00,0.000000
2026-02-11 23:15+01:00,0.000000
2026-02-11 23:30+01:00,0.000000
2026-02-11 23:45+01:00,0.000000
2026-02-12 00:00+01:00,0.000000
2026-02-12 00:15+01:00,0.000000
2026-02-12 00:30+01:00,0.000000
2026-02-12 00:45+01:00,0.000000
2026-02-12 01:00+01:00,0.000000
2026-02-12 01:15+01:00,0.000000
2026-02-12 01:30+01:00,0.000000
2026-02-12 01:45+01:00,0.000000
2026-02-12 02:00+01:00,0.000000
2026-02-12 02:15+01:00,
2026-02-12 02:30+01:00,0.000000
2026-02-12 02:45+01:00,0.000000
2026-02-12 03:00+01:00,0.000000
2026-02-12 03:15+01:00,0.000000
2026-02-12 03:30+01:00,0.000000
2026-02-12 03:45+01:00,0.000000
2026-02-12 04:00+01:00,0.000000
2026-02-12 04:15+01:00,0.000000
2026-02-12 04:30+01:00,0.000000
2026-02-12 04:45+01:00,0.000000
2026-02-12 05:00+01:00,0.000000
2026-02-12 05:15+01:00,0.000000
2026-02-12 05:30+01:00,0.000000
2026-02-12 05:45+01:00,0.000000
2026-02-12 06:00+01:00,0.000000
2026-02-12 06:15+01:00,0.000000
2026-02-12 06:30+01:00,0.000000
2026-02-12 06:45+01:00,0.000000
2026-02-12 07:00+01:00,0.000000
2026-02-12 07:15+01:00,0.000000
2026-02-12 07:30+01:00,0.000000
2026-02-12 07:45+01:00,0.000000
2026-02-12 08:00+01:00,0.000000
2026-02-12 08:15+01:00,0.000000
2026-02-12 08:30+01:00,0.000000
2026-02-12 08:45+01:00,0.000000
2026-02-12 09:00+01:00,
2026-02-12 09:15+01:00,0.000000
2026-02-12 09:30+01:00,0.000000
2026-02-12 09:45+01:00,0.000000
2026-02-12 10:00+01:00,0.000000
2026-02-12 10:15+01:00,
2026-02-12 10:30+01:00,91.719224
2026-02-12 10:45+01:00,93.270473
2026-02-12 11:00+01:00,93.894092
2026-02-12 11:15+01:00,90.511029
2026-02-12 11:30+01:00,95.967811
2026-02-12 11:45+01:00,100.129872
2026-02-12 12:00+01:00,99.762016
2026-02-12 12:15+01:00,96.238767
2026-02-12 12:30+01:00,
2026-02-12 12:45+01:00,94.391078
2026-02-12 13:00+01:00,0.000000
2026-02-12 13:15+01:00,0.000000
2026-02-12 13:30+01:00,0.000000
2026-02-12 13:45+01:00,0.000000
2026-02-12 14:00+01:00,0.000000
2026-02-12 14:15+01:00,0.000000
2026-02-12 14:30+01:00,94.521925
2026-02-12 14:45+01:00,94.716580
2026-02-12 15:00+01:00,99.389316
2026-02-12 15:15+01:00,93.283488
2026-02-12 15:30+01:00,91.768011
2026-02-12 15:45+01:00,88.310623
2026-02-12 16:00+01:00,91.193888
2026-02-12 16:15+01:00,102.937055
2026-02-12 16:30+01:00,97.623340
2026-02-12 16:45+01:00,104.863515
2026-02-12 17:00+01:00,0.000000
2026-02-12 17:15+01:00,
2026-02-12 17:30+01:00,0.000000
2026-02-12 17:45+01:00,0.000000
2026-02-12 18:00+01:00,0.000000
2026-02-12 18:15+01:00,0.000000
2026-02-12 18:30+01:00,0.000000
2026-02-12 18:45+01:00,102.228996
2026-02-12 19:00+01:00,91.381623
2026-02-12 19:15+01:00,97.911442
2026-02-12 19:30+01:00,96.031485
2026-02-12 19:45+01:00,105.204972
2026-02-12 20:00+01:00,87.913214
2026-02-12 20:15+01:00,97.187908
2026-02-12 20:30+01:00,84.017345
2026-02-12 20:45+01:00,95.481425
2026-02-12 21:00+01:00,97.110647
2026-02-12 21:15+01:00,
2026-02-12 21:30+01:00,0.000000
2026-02-12 21:45+01:00,0.000000
2026-02-12 22:00+01:00,0.000000
2026-02-12 22:15+01:00,0.000000
2026-02-12 22:30+01:00,0.000000
2026-02-12 22:45+01:00,0.000000
2026-02-12 23:00+01:00,0.000000
2026-02-12 23:15+01:00,0.000000
2026-02-12 23:30+01:00,0.000000
2026-02-12 23:45+01:00,0.000000
2026-02-13 00:00+01:00,0.000000
2026-02-13 00:15+01:00,0.000000
2026-02-13 00:30+01:00,0.000000
2026-02-13 00:45+01:00,0.000000
2026-02-13 01:00+01:00,0.000000
2026-02-13 01:15+01:00,0.000000
2026-02-13 01:30+01:00,0.000000
2026-02-13 01:45+01:00,0.000000
2026-02-13 02:00+01:00,0.000000
2026-02-13 02:15+01:00,0.000000
2026-02-13 02:30+01:00,0.000000
2026-02-13 02:45+01:00,0.000000
2026-02-13 03:00+01:00,0.000000
2026-02-13 03:15+01:00,0.000000
2026-02-13 03:30+01:00,0.000000
2026-02-13 03:45+01:00,0.000000
2026-02-13 04:00+01:00,0.000000
2026-02-13 04:15+01:00,95.883078
2026-02-13 04:30+01:00,98.349926
2026-02-13 04:45+01:00,
2026-02-13 05:00+01:00,95.969522
2026-02-13 05:15+01:00,97.137754
2026-02-13 05:30+01:00,95.954785
2026-02-13 05:45+01:00,95.242789
2026-02-13 06:00+01:00,93.499412
2026-02-13 06:15+01:00,97.276309
2026-02-13 06:30+01:00,90.824651
2026-02-13 06:45+01:00,99.632174
2026-02-13 07:00+01:00,91.854726
2026-02-13 07:15+01:00,91.219720
2026-02-13 07:30+01:00,99.584302
2026-02-13 07:45+01:00,93.256237
2026-02-13 08:00+01:00,102.394073
2026-02-13 08:15+01:00,0.000000
2026-02-13 08:30+01:00,0.000000
2026-02-13 08:45+01:00,
2026-02-13 09:00+01:00,0.000000
2026-02-13 09:15+01:00,0.000000
2026-02-13 09:30+01:00,0.000000
2026-02-13 09:45+01:00,0.000000
2026-02-13 10:00+01:00,0.000000
2026-02-13 10:15+01:00,0.000000
2026-02-13 10:30+01:00,0.000000
2026-02-13 10:45+01:00,0.000000
2026-02-13 11:00+01:00,0.000000
2026-02-13 11:15+01:00,0.000000
2026-02-13 11:30+01:00,0.000000
2026-02-13 11:45+01:00,0.000000
2026-02-13 12:00+01:00,0.000000
2026-02-13 12:15+01:00,0.000000
2026-02-13 12:30+01:00,0.000000
2026-02-13 12:45+01:00,0.000000
2026-02-13 13:00+01:00,0.000000
2026-02-13 13:15+01:00,0.000000
2026-02-13 13:30+01:00,
2026-02-13 13:45+01:00,0.000000
2026-02-13 14:00+01:00,0.000000
2026-02-13 14:15+01:00,0.000000
2026-02-13 14:30+01:00,0.000000
2026-02-13 14:45+01:00,0.000000
2026-02-13 15:00+01:00,0.000000
2026-02-13 15:15+01:00,0.000000
2026-02-13 15:30+01:00,0.000000
2026-02-13 15:45+01:00,0.000000
2026-02-13 16:00+01:00,0.000000
2026-02-13 16:15+01:00,0.000000
2026-02-13 16:30+01:00,0.000000
2026-02-13 16:45+01:00,0.000000
2026-02-13 17:00+01:00,0.000000
2026-02-13 17:15+01:00,0.000000
2026-02-13 17:30+01:00,0.000000
2026-02-13 17:45+01:00,
2026-02-13 18:00+01:00,0.000000
2026-02-13 18:15+01:00,0.000000
2026-02-13 18:30+01:00,0.000000
2026-02-13 18:45+01:00,0.000000
2026-02-13 19:00+01:00,0.000000
2026-02-13 19:15+01:00,0.000000
2026-02-13 19:30+01:00,0.000000
2026-02-13 19:45+01:00,95.589048
2026-02-13 20:00+01:00,95.128494
2026-02-13 20:15+01:00,104.364978
2026-02-13 20:30+01:00,95.737985
2026-02-13 20:45+01:00,98.417106
2026-02-13 21:00+01:00,92.204279
2026-02-13 21:15+01:00,95.584272
2026-02-13 21:30+01:00,95.410758
2026-02-13 21:45+01:00,93.550935
2026-02-13 22:00+01:00,98.345618
2026-02-13 22:15+01:00,100.321535
2026-02-13 22:30+01:00,95.335025
2026-02-13 22:45+01:00,98.097451
2026-02-13 23:00+01:00,
2026-02-13 23:15+01:00,94.965893
2026-02-13 23:30+01:00,0.000000
2026-02-13 23:45+01:00,0.000000
2026-02-14 00:00+01:00,0.000000
2026-02-14 00:15+01:00,0.000000
2026-02-14 00:30+01:00,0.000000
2026-02-14 00:45+01:00,0.000000
2026-02-14 01:00+01:00,0.000000
2026-02-14 01:15+01:00,0.000000
2026-02-14 01:30+01:00,0.000000
2026-02-14 01:45+01:00,0.000000
2026-02-14 02:00+01:00,0.000000
2026-02-14 02:15+01:00,0.000000
2026-02-14 02:30+01:00,99.337386
2026-02-14 02:45+01:00,92.213736
2026-02-14 03:00+01:00,103.665908
2026-02-14 03:15+01:00,96.482301
2026-02-14 03:30+01:00,92.763172
2026-02-14 03:45+01:00,94.320102
2026-02-14 04:00+01:00,99.030113
2026-02-14 04:15+01:00,98.675782
2026-02-14 04:30+01:00,91.445881
2026-02-14 04:45+01:00,98.853802
2026-02-14 05:00+01:00,97.621726
2026-02-14 05:15+01:00,88.520483
2026-02-14 05:30+01:00,93.120637
2026-02-14 05:45+01:00,97.850120
2026-02-14 06:00+01:00,101.015216
2026-02-14 06:15+01:00,106.812726
2026-02-14 06:30+01:00,0.000000
2026-02-14 06:45+01:00,0.000000
2026-02-14 07:00+01:00,
2026-02-14 07:15+01:00,0.000000
2026-02-14 07:30+01:00,0.000000
2026-02-14 07:45+01:00,0.000000
2026-02-14 08:00+01:00,0.000000
2026-02-14 08:15+01:00,0.000000
2026-02-14 08:30+01:00,0.000000
2026-02-14 08:45+01:00,0.000000
2026-02-14 09:00+01:00,0.000000
2026-02-14 09:15+01:00,0.000000
2026-02-14 09:30+01:00,0.000000
2026-02-14 09:45+01:00,0.000000
2026-02-14 10:00+01:00,0.000000
2026-02-14 10:15+01:00,0.000000
2026-02-14 10:30+01:00,0.000000
2026-02-14 10:45+01:00,0.000000
2026-02-14 11:00+01:00,
2026-02-14 11:15+01:00,0.000000
2026-02-14 11:30+01:00,0.000000
2026-02-14 11:45+01:00,0.000000
2026-02-14 12:00+01:00,0.000000
2026-02-14 12:15+01:00,0.000000
2026-02-14 12:30+01:00,0.000000
2026-02-14 12:45+01:00,0.000000
2026-02-14 13:00+01:00,0.000000
2026-02-14 13:15+01:00,
2026-02-14 13:30+01:00,0.000000
2026-02-14 13:45+01:00,0.000000
2026-02-14 14:00+01:00,0.000000
2026-02-14 14:15+01:00,0.000000
2026-02-14 14:30+01:00,0.000000
2026-02-14 14:45+01:00,0.000000
2026-02-14 15:00+01:00,0.000000
2026-02-14 15:15+01:00,0.000000
2026-02-14 15:30+01:00,0.000000
2026-02-14 15:45+01:00,0.000000
2026-02-14 16:00+01:00,0.000000
2026-02-14 16:15+01:00,0.000000
2026-02-14 16:30+01:00,0.000000
2026-02-14 16:45+01:00,0.000000
2026-02-14 17:00+01:00,0.000000
2026-02-14 17:15+01:00,0.000000
2026-02-14 17:30+01:00,0.000000
2026-02-14 17:45+01:00,91.971947
2026-02-14 18:00+01:00,97.139263
2026-02-14 18:15+01:00,95.140741
2026-02-14 18:30+01:00,
2026-02-14 18:45+01:00,
2026-02-14 19:00+01:00,98.480643
2026-02-14 19:15+01:00,91.752641
2026-02-14 19:30+01:00,97.241043
2026-02-14 19:45+01:00,97.344527
2026-02-14 20:00+01:00,91.528335
2026-02-14 20:15+01:00,94.871123
2026-02-14 20:30+01:00,101.122204
2026-02-14 20:45+01:00,103.138194
2026-02-14 21:00+01:00,94.644101
2026-02-14 21:15+01:00,
2026-02-14 21:30+01:00,0.000000
2026-02-14 21:45+01:00,0.000000
2026-02-14 22:00+01:00,0.000000
2026-02-14 22:15+01:00,0.000000
2026-02-14 22:30+01:00,0.000000
2026-02-14 22:45+01:00,0.000000
2026-02-14 23:00+01:00,0.000000
2026-02-14 23:15+01:00,0.000000
2026-02-14 23:30+01:00,0.000000
2026-02-14 23:45+01:00,0.000000
2026-02-15 00:00+01:00,
2026-02-15 00:15+01:00,0.000000
2026-02-15 00:30+01:00,0.000000
2026-02-15 00:45+01:00,0.000000
2026-02-15 01:00+01:00,
2026-02-15 01:15+01:00,0.000000
2026-02-15 01:30+01:00,0.000000
2026-02-15 01:45+01:00,0.000000
2026-02-15 02:00+01:00,0.000000
2026-02-15 02:15+01:00,0.000000
2026-02-15 02:30+01:00,0.000000
2026-02-15 02:45+01:00,0.000000
2026-02-15 03:00+01:00,0.000000
2026-02-15 03:15+01:00,0.000000
2026-02-15 03:30+01:00,0.000000
2026-02-15 03:45+01:00,0.000000
2026-02-15 04:00+01:00,0.000000
2026-02-15 04:15+01:00,0.000000
2026-02-15 04:30+01:00,
2026-02-15 04:45+01:00,0.000000
2026-02-15 05:00+01:00,0.000000
2026-02-15 05:15+01:00,0.000000
2026-02-15 05:30+01:00,0.000000
2026-02-15 05:45+01:00,0.000000
2026-02-15 06:00+01:00,87.586069
2026-02-15 06:15+01:00,92.199262
2026-02-15 06:30+01:00,93.581249
2026-02-15 06:45+01:00,95.349713
2026-02-15 07:00+01:00,100.284136
2026-02-15 07:15+01:00,97.671320
2026-02-15 07:30+01:00,96.131180
2026-02-15 07:45+01:00,93.267500
2026-02-15 08:00+01:00,100.426985
2026-02-15 08:15+01:00,97.468043
2026-02-15 08:30+01:00,98.971053
2026-02-15 08:45+01:00,104.151608
2026-02-15 09:00+01:00,104.122209
2026-02-15 09:15+01:00,100.589962
2026-02-15 09:30+01:00,90.387245
2026-02-15 09:45+01:00,0.000000
2026-02-15 10:00+01:00,0.000000
2026-02-15 10:15+01:00,0.000000
2026-02-15 10:30+01:00,0.000000
2026-02-15 10:45+01:00,0.000000
2026-02-15 11:00+01:00,0.000000
2026-02-15 11:15+01:00,0.000000
2026-02-15 11:30+01:00,0.000000
2026-02-15 11:45+01:00,0.000000
2026-02-15 12:00+01:00,0.000000
2026-02-15 12:15+01:00,0.000000
2026-02-15 12:30+01:00,0.000000
2026-02-15 12:45+01:00,0.000000
2026-02-15 13:00+01:00,0.000000
2026-02-15 13:15+01:00,0.000000
2026-02-15 13:30+01:00,0.000000
2026-02-15 13:45+01:00,0.000000
2026-02-15 14:00+01:00,0.000000
2026-02-15 14:15+01:00,0.000000
2026-02-15 14:30+01:00,0.000000
2026-02-15 14:45+01:00,0.000000
2026-02-15 15:00+01:00,0.000000
2026-02-15 15:15+01:00,0.000000
2026-02-15 15:30+01:00,0.000000
2026-02-15 15:45+01:00,91.372328
2026-02-15 16:00+01:00,92.620147
2026-02-15 16:15+01:00,94.588650
2026-02-15 16:30+01:00,92.518430
2026-02-15 16:45+01:00,97.474049
2026-02-15 17:00+01:00,93.739479
2026-02-15 17:15+01:00,99.705369
2026-02-15 17:30+01:00,91.332442
2026-02-15 17:45+01:00,90.970126
2026-02-15 18:00+01:00,94.869430
2026-02-15 18:15+01:00,93.757180
2026-02-15 18:30+01:00,85.594423
2026-02-15 18:45+01:00,101.931108
2026-02-15 19:00+01:00,91.740519
2026-02-15 19:15+01:00,
2026-02-15 19:30+01:00,93.184648
2026-02-15 19:45+01:00,0.000000
2026-02-15 20:00+01:00,0.000000
2026-02-15 20:15+01:00,0.000000
2026-02-15 20:30+01:00,0.000000
2026-02-15 20:45+01:00,0.000000
2026-02-15 21:00+01:00,0.000000
2026-02-15 21:15+01:00,0.000000
2026-02-15 21:30+01:00,0.000000
2026-02-15 21:45+01:00,0.000000
2026-02-15 22:00+01:00,0.000000
2026-02-15 22:15+01:00,0.000000
2026-02-15 22:30+01:00,
2026-02-15 22:45+01:00,0.000000
2026-02-15 23:00+01:00,0.000000
2026-02-15 23:15+01:00,0.000000
2026-02-15 23:30+01:00,0.000000
2026-02-15 23:45+01:00,0.000000
2026-02-16 00:00+01:00,0.000000
2026-02-16 00:15+01:00,0.000000
2026-02-16 00:30+01:00,0.000000
2026-02-16 00:45+01:00,0.000000
2026-02-16 01:00+01:00,0.000000
2026-02-16 01:15+01:00,0.000000
2026-02-16 01:30+01:00,0.000000
2026-02-16 01:45+01:00,0.000000
2026-02-16 02:00+01:00,0.000000
2026-02-16 02:15+01:00,94.279724
2026-02-16 02:30+01:00,94.623248
2026-02-16 02:45+01:00,98.670782
2026-02-16 03:00+01:00,98.578557
2026-02-16 03:15+01:00,94.612076
2026-02-16 03:30+01:00,103.000532
2026-02-16 03:45+01:00,103.392317
2026-02-16 04:00+01:00,94.902143
2026-02-16 04:15+01:00,92.885295
2026-02-16 04:30+01:00,
2026-02-16 04:45+01:00,0.000000
2026-02-16 05:00+01:00,0.000000
2026-02-16 05:15+01:00,0.000000
2026-02-16 05:30+01:00,0.000000
2026-02-16 05:45+01:00,0.000000
2026-02-16 06:00+01:00,
2026-02-16 06:15+01:00,0.000000
2026-02-16 06:30+01:00,0.000000
2026-02-16 06:45+01:00,0.000000
2026-02-16 07:00+01:00,0.000000
2026-02-16 07:15+01:00,0.000000
2026-02-16 07:30+01:00,0.000000
2026-02-16 07:45+01:00,0.000000
2026-02-16 08:00+01:00,0.000000
2026-02-16 08:15+01:00,0.000000
2026-02-16 08:30+01:00,0.000000
2026-02-16 08:45+01:00,0.000000
2026-02-16 09:00+01:00,0.000000
2026-02-16 09:15+01:00,0.000000
2026-02-16 09:30+01:00,102.727068
2026-02-16 09:45+01:00,92.217429
2026-02-16 10:00+01:00,95.171413
2026-02-16 10:15+01:00,97.071853
2026-02-16 10:30+01:00,99.099875
2026-02-16 10:45+01:00,98.720400
2026-02-16 11:00+01:00,93.889730
2026-02-16 11:15+01:00,97.420690
2026-02-16 11:30+01:00,99.133086
2026-02-16 11:45+01:00,95.989826
2026-02-16 12:00+01:00,0.000000
2026-02-16 12:15+01:00,0.000000
2026-02-16 12:30+01:00,0.000000
2026-02-16 12:45+01:00,0.000000
2026-02-16 13:00+01:00,0.000000
2026-02-16 13:15+01:00,0.000000
2026-02-16 13:30+01:00,0.000000
2026-02-16 13:45+01:00,0.000000
2026-02-16 14:00+01:00,0.000000
2026-02-16 14:15+01:00,0.000000
2026-02-16 14:30+01:00,0.000000
2026-02-16 14:45+01:00,0.000000
2026-02-16 15:00+01:00,0.000000
2026-02-16 15:15+01:00,0.000000
2026-02-16 15:30+01:00,0.000000
2026-02-16 15:45+01:00,0.000000
2026-02-16 16:00+01:00,0.000000
2026-02-16 16:15+01:00,0.000000
2026-02-16 16:30+01:00,0.000000
2026-02-16 16:45+01:00,0.000000
2026-02-16 17:00+01:00,89.591857
2026-02-16 17:15+01:00,93.538504
2026-02-16 17:30+01:00,92.453173
2026-02-16 17:45+01:00,93.756674
2026-02-16 18:00+01:00,103.699064
2026-02-16 18:15+01:00,96.020905
2026-02-16 18:30+01:00,100.530435
2026-02-16 18:45+01:00,100.813726
2026-02-16 19:00+01:00,92.637843
2026-02-16 19:15+01:00,96.923984
2026-02-16 19:30+01:00,92.795940
2026-02-16 19:45+01:00,0.000000
2026-02-16 20:00+01:00,0.000000
2026-02-16 20:15+01:00,0.000000
2026-02-16 20:30+01:00,
2026-02-16 20:45+01:00,0.000000
2026-02-16 21:00+01:00,0.000000
2026-02-16 21:15+01:00,
2026-02-16 21:30+01:00,0.000000
2026-02-16 21:45+01:00,0.000000
2026-02-16 22:00+01:00,0.000000
2026-02-16 22:15+01:00,0.000000
2026-02-16 22:30+01:00,0.000000
2026-02-16 22:45+01:00,0.000000
2026-02-16 23:00+01:00,0.000000
2026-02-16 23:15+01:00,0.000000
2026-02-16 23:30+01:00,0.000000
2026-02-16 23:45+01:00,0.000000
2026-02-17 00:00+01:00,0.000000
2026-02-17 00:15+01:00,97.951494
2026-02-17 00:30+01:00,100.386829
2026-02-17 00:45+01:00,99.951053
2026-02-17 01:00+01:00,94.054212
2026-02-17 01:15+01:00,93.801695
2026-02-17 01:30+01:00,96.895821
2026-02-17 01:45+01:00,98.746070
2026-02-17 02:00+01:00,95.952390
2026-02-17 02:15+01:00,99.968885
2026-02-17 02:30+01:00,105.782951
2026-02-17 02:45+01:00,0.000000
2026-02-17 03:00+01:00,0.000000
2026-02-17 03:15+01:00,0.000000
2026-02-17 03:30+01:00,0.000000
2026-02-17 03:45+01:00,0.000000
2026-02-17 04:00+01:00,0.000000
2026-02-17 04:15+01:00,0.000000
2026-02-17 04:30+01:00,100.093069
2026-02-17 04:45+01:00,101.817025
2026-02-17 05:00+01:00,93.342807
2026-02-17 05:15+01:00,95.708192
2026-02-17 05:30+01:00,93.667574
2026-02-17 05:45+01:00,114.075236
2026-02-17 06:00+01:00,93.862877
2026-02-17 06:15+01:00,96.144440
2026-02-17 06:30+01:00,97.503913
2026-02-17 06:45+01:00,91.294221
2026-02-17 07:00+01:00,0.000000
2026-02-17 07:15+01:00,
2026-02-17 07:30+01:00,0.000000
2026-02-17 07:45+01:00,0.000000
2026-02-17 08:00+01:00,0.000000
2026-02-17 08:15+01:00,0.000000
2026-02-17 08:30+01:00,0.000000
2026-02-17 08:45+01:00,0.000000
2026-02-17 09:00+01:00,0.000000
2026-02-17 09:15+01:00,0.000000
2026-02-17 09:30+01:00,0.000000
2026-02-17 09:45+01:00,0.000000
2026-02-17 10:00+01:00,0.000000
2026-02-17 10:15+01:00,0.000000
2026-02-17 10:30+01:00,0.000000
2026-02-17 10:45+01:00,0.000000
2026-02-17 11:00+01:00,0.000000
2026-02-17 11:15+01:00,0.000000
2026-02-17 11:30+01:00,0.000000
2026-02-17 11:45+01:00,0.000000
2026-02-17 12:00+01:00,99.523767
2026-02-17 12:15+01:00,91.187992
2026-02-17 12:30+01:00,93.006133
2026-02-17 12:45+01:00,95.025838
2026-02-17 13:00+01:00,100.156485
2026-02-17 13:15+01:00,95.458186
2026-02-17 13:30+01:00,94.647383
2026-02-17 13:45+01:00,85.246862
2026-02-17 14:00+01:00,98.928614
2026-02-17 14:15+01:00,91.724232
2026-02-17 14:30+01:00,98.730520
2026-02-17 14:45+01:00,0.000000
2026-02-17 15:00+01:00,0.000000
2026-02-17 15:15+01:00,0.000000
2026-02-17 15:30+01:00,0.000000
2026-02-17 15:45+01:00,0.000000
2026-02-17 16:00+01:00,0.000000
2026-02-17 16:15+01:00,0.000000
2026-02-17 16:30+01:00,0.000000
2026-02-17 16:45+01:00,0.000000
2026-02-17 17:00+01:00,0.000000
2026-02-17 17:15+01:00,0.000000
2026-02-17 17:30+01:00,0.000000
2026-02-17 17:45+01:00,0.000000
2026-02-17 18:00+01:00,0.000000
2026-02-17 18:15+01:00,0.000000
2026-02-17 18:30+01:00,0.000000
2026-02-17 18:45+01:00,0.000000
2026-02-17 19:00+01:00,0.000000
2026-02-17 19:15+01:00,0.000000
2026-02-17 19:30+01:00,0.000000
2026-02-17 19:45+01:00,0.000000
2026-02-17 20:00+01:00,0.000000
2026-02-17 20:15+01:00,0.000000
2026-02-17 20:30+01:00,0.000000
2026-02-17 20:45+01:00,
2026-02-17 21:00+01:00,0.000000
2026-02-17 21:15+01:00,0.000000
2026-02-17 21:30+01:00,0.000000
2026-02-17 21:45+01:00,0.000000
2026-02-17 22:00+01:00,0.000000
2026-02-17 22:15+01:00,0.000000
2026-02-17 22:30+01:00,0.000000
2026-02-17 22:45+01:00,
2026-02-17 23:00+01:00,0.000000
2026-02-17 23:15+01:00,0.000000
2026-02-17 23:30+01:00,0.000000
2026-02-17 23:45+01:00,0.000000
2026-02-18 00:00+01:00,0.000000
2026-02-18 00:15+01:00,0.000000
2026-02-18 00:30+01:00,0.000000
2026-02-18 00:45+01:00,0.000000
2026-02-18 01:00+01:00,0.000000
2026-02-18 01:15+01:00,0.000000
2026-02-18 01:30+01:00,0.000000
2026-02-18 01:45+01:00,0.000000
2026-02-18 02:00+01:00,0.000000
2026-02-18 02:15+01:00,0.000000
2026-02-18 02:30+01:00,0.000000
2026-02-18 02:45+01:00,0.000000
2026-02-18 03:00+01:00,0.000000
2026-02-18 03:15+01:00,0.000000
2026-02-18 03:30+01:00,0.000000
2026-02-18 03:45+01:00,0.000000
2026-02-18 04:00+01:00,0.000000
2026-02-18 04:15+01:00,0.000000
2026-02-18 04:30+01:00,0.000000
2026-02-18 04:45+01:00,0.000000
2026-02-18 05:00+01:00,0.000000
2026-02-18 05:15+01:00,0.000000
2026-02-18 05:30+01:00,0.000000
2026-02-18 05:45+01:00,0.000000
2026-02-18 06:00+01:00,0.000000
2026-02-18 06:15+01:00,0.000000
2026-02-18 06:30+01:00,0.000000
2026-02-18 06:45+01:00,0.000000
2026-02-18 07:00+01:00,0.000000
2026-02-18 07:15+01:00,0.000000
2026-02-18 07:30+01:00,0.000000
2026-02-18 07:45+01:00,0.000000
2026-02-18 08:00+01:00,0.000000
2026-02-18 08:15+01:00,0.000000
2026-02-18 08:30+01:00,0.000000
2026-02-18 08:45+01:00,0.000000
2026-02-18 09:00+01:00,0.000000
2026-02-18 09:15+01:00,0.000000
2026-02-18 09:30+01:00,0.000000
2026-02-18 09:45+01:00,0.000000
2026-02-18 10:00+01:00,0.000000
2026-02-18 10:15+01:00,90.757755
2026-02-18 10:30+01:00,100.200939
2026-02-18 10:45+01:00,104.480314
2026-02-18 11:00+01:00,95.616094
2026-02-18 11:15+01:00,101.010623
2026-02-18 11:30+01:00,103.560868
2026-02-18 11:45+01:00,91.070431
2026-02-18 12:00+01:00,99.648084
2026-02-18 12:15+01:00,90.209174
2026-02-18 12:30+01:00,108.269185
2026-02-18 12:45+01:00,99.450468
2026-02-18 13:00+01:00,95.167406
2026-02-18 13:15+01:00,89.535749
2026-02-18 13:30+01:00,99.216010
2026-02-18 13:45+01:00,97.820222
2026-02-18 14:00+01:00,98.670570
2026-02-18 14:15+01:00,94.108811
2026-02-18 14:30+01:00,89.380765
2026-02-18 14:45+01:00,96.812198
2026-02-18 15:00+01:00,103.389873
2026-02-18 15:15+01:00,91.924177
2026-02-18 15:30+01:00,99.953161
2026-02-18 15:45+01:00,91.050242
2026-02-18 16:00+01:00,94.054778
2026-02-18 16:15+01:00,
2026-02-18 16:30+01:00,95.360582
2026-02-18 16:45+01:00,96.993828
2026-02-18 17:00+01:00,99.911717
2026-02-18 17:15+01:00,95.930141
2026-02-18 17:30+01:00,92.582953
2026-02-18 17:45+01:00,95.079822
2026-02-18 18:00+01:00,0.000000
2026-02-18 18:15+01:00,0.000000
2026-02-18 18:30+01:00,0.000000
2026-02-18 18:45+01:00,0.000000
2026-02-18 19:00+01:00,0.000000
2026-02-18 19:15+01:00,0.000000
2026-02-18 19:30+01:00,0.000000
2026-02-18 19:45+01:00,0.000000
2026-02-18 20:00+01:00,0.000000
2026-02-18 20:15+01:00,0.000000
2026-02-18 20:30+01:00,0.000000
2026-02-18 20:45+01:00,0.000000
2026-02-18 21:00+01:00,0.000000
2026-02-18 21:15+01:00,0.000000
2026-02-18 21:30+01:00,0.000000
2026-02-18 21:45+01:00,0.000000
2026-02-18 22:00+01:00,0.000000
2026-02-18 22:15+01:00,0.000000
2026-02-18 22:30+01:00,0.000000
2026-02-18 22:45+01:00,0.000000
2026-02-18 23:00+01:00,0.000000
2026-02-18 23:15+01:00,0.000000
2026-02-18 23:30+01:00,0.000000
2026-02-18 23:45+01:00,
2026-02-19 00:00+01:00,0.000000
2026-02-19 00:15+01:00,0.000000
2026-02-19 00:30+01:00,0.000000
2026-02-19 00:45+01:00,0.000000
2026-02-19 01:00+01:00,0.000000
2026-02-19 01:15+01:00,0.000000
2026-02-19 01:30+01:00,0.000000
2026-02-19 01:45+01:00,0.000000
2026-02-19 02:00+01:00,0.000000
2026-02-19 02:15+01:00,
2026-02-19 02:30+01:00,0.000000
2026-02-19 02:45+01:00,0.000000
2026-02-19 03:00+01:00,0.000000
2026-02-19 03:15+01:00,0.000000
2026-02-19 03:30+01:00,0.000000
2026-02-19 03:45+01:00,0.000000
2026-02-19 04:00+01:00,0.000000
2026-02-19 04:15+01:00,0.000000
2026-02-19 04:30+01:00,0.000000
2026-02-19 04:45+01:00,0.000000
2026-02-19 05:00+01:00,0.000000
2026-02-19 05:15+01:00,0.000000
2026-02-19 05:30+01:00,0.000000
2026-02-19 05:45+01:00,0.000000
2026-02-19 06:00+01:00,0.000000
2026-02-19 06:15+01:00,0.000000
2026-02-19 06:30+01:00,0.000000
2026-02-19 06:45+01:00,0.000000
2026-02-19 07:00+01:00,0.000000
2026-02-19 07:15+01:00,0.000000
2026-02-19 07:30+01:00,0.000000
2026-02-19 07:45+01:00,0.000000
2026-02-19 08:00+01:00,0.000000
2026-02-19 08:15+01:00,0.000000
2026-02-19 08:30+01:00,0.000000
2026-02-19 08:45+01:00,0.000000
2026-02-19 09:00+01:00,0.000000
2026-02-19 09:15+01:00,0.000000
2026-02-19 09:30+01:00,0.000000
2026-02-19 09:45+01:00,0.000000
2026-02-19 10:00+01:00,0.000000
2026-02-19 10:15+01:00,0.000000
2026-02-19 10:30+01:00,0.000000
2026-02-19 10:45+01:00,
2026-02-19 11:00+01:00,0.000000
2026-02-19 11:15+01:00,0.000000
2026-02-19 11:30+01:00,0.000000
2026-02-19 11:45+01:00,0.000000
2026-02-19 12:00+01:00,0.000000
2026-02-19 12:15+01:00,0.000000
2026-02-19 12:30+01:00,0.000000
2026-02-19 12:45+01:00,0.000000
2026-02-19 13:00+01:00,0.000000
2026-02-19 13:15+01:00,0.000000
2026-02-19 13:30+01:00,0.000000
2026-02-19 13:45+01:00,0.000000
2026-02-19 14:00+01:00,0.000000
2026-02-19 14:15+01:00,98.012560
2026-02-19 14:30+01:00,93.084309
2026-02-19 14:45+01:00,95.421088
2026-02-19 15:00+01:00,92.148544
2026-02-19 15:15+01:00,101.693935
2026-02-19 15:30+01:00,
2026-02-19 15:45+01:00,98.440183
2026-02-19 16:00+01:00,91.027738
2026-02-19 16:15+01:00,102.427711
2026-02-19 16:30+01:00,95.560900
2026-02-19 16:45+01:00,95.106272
2026-02-19 17:00+01:00,96.996618
2026-02-19 17:15+01:00,105.614399
2026-02-19 17:30+01:00,95.336896
2026-02-19 17:45+01:00,102.447504
2026-02-19 18:00+01:00,91.972512
2026-02-19 18:15+01:00,93.005593
2026-02-19 18:30+01:00,98.592893
2026-02-19 18:45+01:00,98.941335
2026-02-19 19:00+01:00,94.656730
2026-02-19 19:15+01:00,93.670482
2026-02-19 19:30+01:00,91.468504
2026-02-19 19:45+01:00,106.155513
2026-02-19 20:00+01:00,89.105740
2026-02-19 20:15+01:00,100.223813
2026-02-19 20:30+01:00,86.286690
2026-02-19 20:45+01:00,90.610434
2026-02-19 21:00+01:00,88.182696
2026-02-19 21:15+01:00,98.186137
2026-02-19 21:30+01:00,96.270412
2026-02-19 21:45+01:00,94.277529
2026-02-19 22:00+01:00,0.000000
2026-02-19 22:15+01:00,0.000000
2026-02-19 22:30+01:00,0.000000
2026-02-19 22:45+01:00,
2026-02-19 23:00+01:00,
2026-02-19 23:15+01:00,0.000000
2026-02-19 23:30+01:00,0.000000
2026-02-19 23:45+01:00,0.000000
2026-02-20 00:00+01:00,0.000000
2026-02-20 00:15+01:00,0.000000
2026-02-20 00:30+01:00,0.000000
2026-02-20 00:45+01:00,0.000000
2026-02-20 01:00+01:00,0.000000
2026-02-20 01:15+01:00,0.000000
2026-02-20 01:30+01:00,0.000000
2026-02-20 01:45+01:00,
2026-02-20 02:00+01:00,0.000000
2026-02-20 02:15+01:00,0.000000
2026-02-20 02:30+01:00,0.000000
2026-02-20 02:45+01:00,
2026-02-20 03:00+01:00,0.000000
2026-02-20 03:15+01:00,0.000000
2026-02-20 03:30+01:00,0.000000
2026-02-20 03:45+01:00,0.000000
2026-02-20 04:00+01:00,0.000000
2026-02-20 04:15+01:00,0.000000
2026-02-20 04:30+01:00,0.000000
2026-02-20 04:45+01:00,99.256951
2026-02-20 05:00+01:00,98.302817
2026-02-20 05:15+01:00,102.479865
2026-02-20 05:30+01:00,89.154700
2026-02-20 05:45+01:00,94.495587
2026-02-20 06:00+01:00,96.344297
2026-02-20 06:15+01:00,91.141386
2026-02-20 06:30+01:00,99.135700
2026-02-20 06:45+01:00,93.974031
2026-02-20 07:00+01:00,92.850269
2026-02-20 07:15+01:00,101.864910
2026-02-20 07:30+01:00,0.000000
2026-02-20 07:45+01:00,0.000000
2026-02-20 08:00+01:00,0.000000
2026-02-20 08:15+01:00,0.000000
2026-02-20 08:30+01:00,0.000000
2026-02-20 08:45+01:00,0.000000
2026-02-20 09:00+01:00,0.000000
2026-02-20 09:15+01:00,0.000000
2026-02-20 09:30+01:00,0.000000
2026-02-20 09:45+01:00,0.000000
2026-02-20 10:00+01:00,0.000000
2026-02-20 10:15+01:00,96.081430
2026-02-20 10:30+01:00,92.989461
2026-02-20 10:45+01:00,100.639165
2026-02-20 11:00+01:00,90.526655
2026-02-20 11:15+01:00,95.355247
2026-02-20 11:30+01:00,89.492462
2026-02-20 11:45+01:00,102.547785
2026-02-20 12:00+01:00,96.139821
2026-02-20 12:15+01:00,97.245686
2026-02-20 12:30+01:00,98.467230
2026-02-20 12:45+01:00,0.000000
2026-02-20 13:00+01:00,0.000000
2026-02-20 13:15+01:00,0.000000
2026-02-20 13:30+01:00,0.000000
2026-02-20 13:45+01:00,0.000000
2026-02-20 14:00+01:00,0.000000
2026-02-20 14:15+01:00,0.000000
2026-02-20 14:30+01:00,0.000000
2026-02-20 14:45+01:00,0.000000
2026-02-20 15:00+01:00,0.000000
2026-02-20 15:15+01:00,0.000000
2026-02-20 15:30+01:00,0.000000
2026-02-20 15:45+01:00,0.000000
2026-02-20 16:00+01:00,0.000000
2026-02-20 16:15+01:00,0.000000
2026-02-20 16:30+01:00,0.000000
2026-02-20 16:45+01:00,0.000000
2026-02-20 17:00+01:00,0.000000
2026-02-20 17:15+01:00,0.000000
2026-02-20 17:30+01:00,0.000000
2026-02-20 17:45+01:00,0.000000
2026-02-20 18:00+01:00,0.000000
2026-02-20 18:15+01:00,0.000000
2026-02-20 18:30+01:00,0.000000
2026-02-20 18:45+01:00,0.000000
2026-02-20 19:00+01:00,0.000000
2026-02-20 19:15+01:00,104.048838
2026-02-20 19:30+01:00,101.687261
2026-02-20 19:45+01:00,94.599782
2026-02-20 20:00+01:00,97.901678
2026-02-20 20:15+01:00,100.021969
2026-02-20 20:30+01:00,92.171877
2026-02-20 20:45+01:00,94.970685
2026-02-20 21:00+01:00,101.124731
2026-02-20 21:15+01:00,87.593768
2026-02-20 21:30+01:00,92.874713
2026-02-20 21:45+01:00,0.000000
2026-02-20 22:00+01:00,0.000000
2026-02-20 22:15+01:00,
2026-02-20 22:30+01:00,0.000000
2026-02-20 22:45+01:00,0.000000
2026-02-20 23:00+01:00,0.000000
2026-02-20 23:15+01:00,0.000000
2026-02-20 23:30+01:00,0.000000
2026-02-20 23:45+01:00,
2026-02-21 00:00+01:00,0.000000
2026-02-21 00:15+01:00,0.000000
2026-02-21 00:30+01:00,0.000000
2026-02-21 00:45+01:00,0.000000
2026-02-21 01:00+01:00,0.000000
2026-02-21 01:15+01:00,
2026-02-21 01:30+01:00,
2026-02-21 01:45+01:00,0.000000
2026-02-21 02:00+01:00,0.000000
2026-02-21 02:15+01:00,0.000000
2026-02-21 02:30+01:00,0.000000
2026-02-21 02:45+01:00,0.000000
2026-02-21 03:00+01:00,0.000000
2026-02-21 03:15+01:00,0.000000
2026-02-21 03:30+01:00,0.000000
2026-02-21 03:45+01:00,0.000000
2026-02-21 04:00+01:00,0.000000
2026-02-21 04:15+01:00,0.000000
2026-02-21 04:30+01:00,0.000000
2026-02-21 04:45+01:00,0.000000
2026-02-21 05:00+01:00,0.000000
2026-02-21 05:15+01:00,0.000000
2026-02-21 05:30+01:00,0.000000
2026-02-21 05:45+01:00,0.000000
2026-02-21 06:00+01:00,0.000000
2026-02-21 06:15+01:00,0.000000
2026-02-21 06:30+01:00,0.000000
2026-02-21 06:45+01:00,0.000000
2026-02-21 07:00+01:00,0.000000
2026-02-21 07:15+01:00,0.000000
2026-02-21 07:30+01:00,0.000000
2026-02-21 07:45+01:00,
2026-02-21 08:00+01:00,0.000000
2026-02-21 08:15+01:00,0.000000
2026-02-21 08:30+01:00,0.000000
2026-02-21 08:45+01:00,0.000000
2026-02-21 09:00+01:00,0.000000
2026-02-21 09:15+01:00,0.000000
2026-02-21 09:30+01:00,0.000000
2026-02-21 09:45+01:00,
2026-02-21 10:00+01:00,0.000000
2026-02-21 10:15+01:00,0.000000
2026-02-21 10:30+01:00,0.000000
2026-02-21 10:45+01:00,0.000000
2026-02-21 11:00+01:00,
2026-02-21 11:15+01:00,0.000000
2026-02-21 11:30+01:00,0.000000
2026-02-21 11:45+01:00,0.000000
2026-02-21 12:00+01:00,0.000000
2026-02-21 12:15+01:00,0.000000
2026-02-21 12:30+01:00,0.000000
2026-02-21 12:45+01:00,0.000000
2026-02-21 13:00+01:00,0.000000
2026-02-21 13:15+01:00,0.000000
2026-02-21 13:30+01:00,
2026-02-21 13:45+01:00,0.000000
2026-02-21 14:00+01:00,0.000000
2026-02-21 14:15+01:00,0.000000
2026-02-21 14:30+01:00,0.000000
2026-02-21 14:45+01:00,0.000000
2026-02-21 15:00+01:00,0.000000
2026-02-21 15:15+01:00,0.000000
2026-02-21 15:30+01:00,0.000000
2026-02-21 15:45+01:00,0.000000
2026-02-21 16:00+01:00,96.932491
2026-02-21 16:15+01:00,102.268257
2026-02-21 16:30+01:00,94.335600
2026-02-21 16:45+01:00,98.666692
2026-02-21 17:00+01:00,93.053653
2026-02-21 17:15+01:00,98.330570
2026-02-21 17:30+01:00,93.007374
2026-02-21 17:45+01:00,100.816124
2026-02-21 18:00+01:00,100.135676
2026-02-21 18:15+01:00,94.743550
2026-02-21 18:30+01:00,96.352732
2026-02-21 18:45+01:00,91.954920
2026-02-21 19:00+01:00,89.098099
2026-02-21 19:15+01:00,102.089520
2026-02-21 19:30+01:00,98.554745
2026-02-21 19:45+01:00,92.270524
2026-02-21 20:00+01:00,
2026-02-21 20:15+01:00,84.851336
2026-02-21 20:30+01:00,100.852748
2026-02-21 20:45+01:00,97.886909
2026-02-21 21:00+01:00,108.332009
2026-02-21 21:15+01:00,88.410249
2026-02-21 21:30+01:00,105.788562
2026-02-21 21:45+01:00,83.291081
2026-02-21 22:00+01:00,93.891392
2026-02-21 22:15+01:00,99.044835
2026-02-21 22:30+01:00,
2026-02-21 22:45+01:00,92.266862
2026-02-21 23:00+01:00,91.681509
2026-02-21 23:15+01:00,103.061934
2026-02-21 23:30+01:00,95.003089
2026-02-21 23:45+01:00,0.000000
2026-02-22 00:00+01:00,0.000000
2026-02-22 00:15+01:00,0.000000
2026-02-22 00:30+01:00,0.000000
2026-02-22 00:45+01:00,0.000000
2026-02-22 01:00+01:00,
2026-02-22 01:15+01:00,0.000000
2026-02-22 01:30+01:00,0.000000
2026-02-22 01:45+01:00,0.000000
2026-02-22 02:00+01:00,0.000000
2026-02-22 02:15+01:00,0.000000
2026-02-22 02:30+01:00,0.000000
2026-02-22 02:45+01:00,0.000000
2026-02-22 03:00+01:00,0.000000
2026-02-22 03:15+01:00,97.893745
2026-02-22 03:30+01:00,93.877468
2026-02-22 03:45+01:00,87.277884
2026-02-22 04:00+01:00,91.048205
2026-02-22 04:15+01:00,97.887040
2026-02-22 04:30+01:00,102.443422
2026-02-22 04:45+01:00,104.188007
2026-02-22 05:00+01:00,93.373633
2026-02-22 05:15+01:00,94.554147
2026-02-22 05:30+01:00,94.050706
2026-02-22 05:45+01:00,0.000000
2026-02-22 06:00+01:00,92.428295
2026-02-22 06:15+01:00,97.069048
2026-02-22 06:30+01:00,96.337742
2026-02-22 06:45+01:00,90.436364
2026-02-22 07:00+01:00,87.677601
2026-02-22 07:15+01:00,98.433220
2026-02-22 07:30+01:00,96.468689
2026-02-22 07:45+01:00,97.677460
2026-02-22 08:00+01:00,92.155114
2026-02-22 08:15+01:00,98.907340
2026-02-22 08:30+01:00,91.904423
2026-02-22 08:45+01:00,0.000000
2026-02-22 09:00+01:00,
2026-02-22 09:15+01:00,93.051104
2026-02-22 09:30+01:00,97.569673
2026-02-22 09:45+01:00,97.110719
2026-02-22 10:00+01:00,
2026-02-22 10:15+01:00,100.095609
2026-02-22 10:30+01:00,95.629503
2026-02-22 10:45+01:00,99.919976
2026-02-22 11:00+01:00,99.054404
2026-02-22 11:15+01:00,106.355054
2026-02-22 11:30+01:00,94.672635
2026-02-22 11:45+01:00,0.000000
2026-02-22 12:00+01:00,0.000000
2026-02-22 12:15+01:00,0.000000
2026-02-22 12:30+01:00,0.000000
2026-02-22 12:45+01:00,0.000000
2026-02-22 13:00+01:00,0.000000
2026-02-22 13:15+01:00,0.000000
2026-02-22 13:30+01:00,0.000000
2026-02-22 13:45+01:00,
2026-02-22 14:00+01:00,0.000000
2026-02-22 14:15+01:00,
2026-02-22 14:30+01:00,0.000000
2026-02-22 14:45+01:00,0.000000
2026-02-22 15:00+01:00,0.000000
2026-02-22 15:15+01:00,0.000000
2026-02-22 15:30+01:00,0.000000
2026-02-22 15:45+01:00,0.000000
2026-02-22 16:00+01:00,0.000000
2026-02-22 16:15+01:00,0.000000
2026-02-22 16:30+01:00,0.000000
2026-02-22 16:45+01:00,0.000000
2026-02-22 17:00+01:00,0.000000
2026-02-22 17:15+01:00,0.000000
2026-02-22 17:30+01:00,0.000000
2026-02-22 17:45+01:00,0.000000
2026-02-22 18:00+01:00,0.000000
2026-02-22 18:15+01:00,0.000000
2026-02-22 18:30+01:00,0.000000
2026-02-22 18:45+01:00,0.000000
2026-02-22 19:00+01:00,0.000000
2026-02-22 19:15+01:00,0.000000
2026-02-22 19:30+01:00,0.000000
2026-02-22 19:45+01:00,0.000000
2026-02-22 20:00+01:00,0.000000
2026-02-22 20:15+01:00,0.000000
2026-02-22 20:30+01:00,0.000000
2026-02-22 20:45+01:00,0.000000
2026-02-22 21:00+01:00,0.000000
2026-02-22 21:15+01:00,0.000000
2026-02-22 21:30+01:00,0.000000
2026-02-22 21:45+01:00,0.000000
2026-02-22 22:00+01:00,0.000000
2026-02-22 22:15+01:00,0.000000
2026-02-22 22:30+01:00,0.000000
2026-02-22 22:45+01:00,0.000000
2026-02-22 23:00+01:00,0.000000
2026-02-22 23:15+01:00,0.000000
2026-02-22 23:30+01:00,
2026-02-22 23:45+01:00,0.000000
2026-02-23 00:00+01:00,0.000000
2026-02-23 00:15+01:00,0.000000
2026-02-23 00:30+01:00,0.000000
2026-02-23 00:45+01:00,97.785766
2026-02-23 01:00+01:00,95.300771
2026-02-23 01:15+01:00,91.929145
2026-02-23 01:30+01:00,93.250897
2026-02-23 01:45+01:00,97.418562
2026-02-23 02:00+01:00,96.358931
2026-02-23 02:15+01:00,100.877324
2026-02-23 02:30+01:00,92.357103
2026-02-23 02:45+01:00,93.944821
2026-02-23 03:00+01:00,93.527287
2026-02-23 03:15+01:00,95.155143
2026-02-23 03:30+01:00,
2026-02-23 03:45+01:00,96.211292
2026-02-23 04:00+01:00,97.430253
2026-02-23 04:15+01:00,92.799805
2026-02-23 04:30+01:00,93.150071
2026-02-23 04:45+01:00,0.000000
2026-02-23 05:00+01:00,0.000000
2026-02-23 05:15+01:00,0.000000
2026-02-23 05:30+01:00,0.000000
2026-02-23 05:45+01:00,0.000000
2026-02-23 06:00+01:00,0.000000
2026-02-23 06:15+01:00,0.000000
2026-02-23 06:30+01:00,0.000000
2026-02-23 06:45+01:00,0.000000
2026-02-23 07:00+01:00,0.000000
2026-02-23 07:15+01:00,0.000000
2026-02-23 07:30+01:00,0.000000
2026-02-23 07:45+01:00,0.000000
2026-02-23 08:00+01:00,0.000000
2026-02-23 08:15+01:00,0.000000
2026-02-23 08:30+01:00,0.000000
2026-02-23 08:45+01:00,
2026-02-23 09:00+01:00,0.000000
2026-02-23 09:15+01:00,0.000000
2026-02-23 09:30+01:00,0.000000
2026-02-23 09:45+01:00,0.000000
2026-02-23 10:00+01:00,0.000000
2026-02-23 10:15+01:00,0.000000
2026-02-23 10:30+01:00,0.000000
2026-02-23 10:45+01:00,0.000000
2026-02-23 11:00+01:00,0.000000
2026-02-23 11:15+01:00,0.000000
2026-02-23 11:30+01:00,0.000000
2026-02-23 11:45+01:00,0.000000
2026-02-23 12:00+01:00,0.000000
2026-02-23 12:15+01:00,0.000000
2026-02-23 12:30+01:00,0.000000
2026-02-23 12:45+01:00,0.000000
2026-02-23 13:00+01:00,0.000000
2026-02-23 13:15+01:00,
2026-02-23 13:30+01:00,0.000000
2026-02-23 13:45+01:00,0.000000
2026-02-23 14:00+01:00,0.000000
2026-02-23 14:15+01:00,0.000000
2026-02-23 14:30+01:00,0.000000
2026-02-23 14:45+01:00,0.000000
2026-02-23 15:00+01:00,0.000000
2026-02-23 15:15+01:00,0.000000
2026-02-23 15:30+01:00,0.000000
2026-02-23 15:45+01:00,0.000000
2026-02-23 16:00+01:00,0.000000
2026-02-23 16:15+01:00,95.109518
2026-02-23 16:30+01:00,95.315499
2026-02-23 16:45+01:00,93.528746
2026-02-23 17:00+01:00,95.858227
2026-02-23 17:15+01:00,
2026-02-23 17:30+01:00,98.703609
2026-02-23 17:45+01:00,95.630708
2026-02-23 18:00+01:00,91.749079
2026-02-23 18:15+01:00,98.919000
2026-02-23 18:30+01:00,91.336111
2026-02-23 18:45+01:00,94.427920
2026-02-23 19:00+01:00,98.909181
2026-02-23 19:15+01:00,98.821430
2026-02-23 19:30+01:00,104.248115
2026-02-23 19:45+01:00,
2026-02-23 20:00+01:00,0.000000
2026-02-23 20:15+01:00,0.000000
2026-02-23 20:30+01:00,0.000000
2026-02-23 20:45+01:00,0.000000
2026-02-23 21:00+01:00,0.000000
2026-02-23 21:15+01:00,0.000000
2026-02-23 21:30+01:00,0.000000
2026-02-23 21:45+01:00,0.000000
2026-02-23 22:00+01:00,0.000000
2026-02-23 22:15+01:00,0.000000
2026-02-23 22:30+01:00,0.000000
2026-02-23 22:45+01:00,0.000000
2026-02-23 23:00+01:00,0.000000
2026-02-23 23:15+01:00,0.000000
2026-02-23 23:30+01:00,
2026-02-23 23:45+01:00,0.000000
2026-02-24 00:00+01:00,0.000000
2026-02-24 00:15+01:00,0.000000
2026-02-24 00:30+01:00,99.106125
2026-02-24 00:45+01:00,98.669214
2026-02-24 01:00+01:00,87.876358
2026-02-24 01:15+01:00,95.653637
2026-02-24 01:30+01:00,101.361262
2026-02-24 01:45+01:00,95.141752
2026-02-24 02:00+01:00,101.590747
2026-02-24 02:15+01:00,93.722854
2026-02-24 02:30+01:00,98.766424
2026-02-24 02:45+01:00,
2026-02-24 03:00+01:00,0.000000
2026-02-24 03:15+01:00,0.000000
2026-02-24 03:30+01:00,0.000000
2026-02-24 03:45+01:00,0.000000
2026-02-24 04:00+01:00,0.000000
2026-02-24 04:15+01:00,0.000000
2026-02-24 04:30+01:00,0.000000
2026-02-24 04:45+01:00,0.000000
2026-02-24 05:00+01:00,0.000000
2026-02-24 05:15+01:00,0.000000
2026-02-24 05:30+01:00,
2026-02-24 05:45+01:00,0.000000
2026-02-24 06:00+01:00,0.000000
2026-02-24 06:15+01:00,0.000000
2026-02-24 06:30+01:00,0.000000
2026-02-24 06:45+01:00,0.000000
2026-02-24 07:00+01:00,0.000000
2026-02-24 07:15+01:00,0.000000
2026-02-24 07:30+01:00,0.000000
2026-02-24 07:45+01:00,0.000000
2026-02-24 08:00+01:00,0.000000
2026-02-24 08:15+01:00,
2026-02-24 08:30+01:00,0.000000
2026-02-24 08:45+01:00,0.000000
2026-02-24 09:00+01:00,85.056612
2026-02-24 09:15+01:00,89.454324
2026-02-24 09:30+01:00,95.425576
2026-02-24 09:45+01:00,93.972509
2026-02-24 10:00+01:00,92.843403
2026-02-24 10:15+01:00,99.449633
2026-02-24 10:30+01:00,95.188829
2026-02-24 10:45+01:00,
2026-02-24 11:00+01:00,90.452051
2026-02-24 11:15+01:00,95.470508
2026-02-24 11:30+01:00,0.000000
2026-02-24 11:45+01:00,0.000000
2026-02-24 12:00+01:00,0.000000
2026-02-24 12:15+01:00,0.000000
2026-02-24 12:30+01:00,92.876129
2026-02-24 12:45+01:00,95.168061
2026-02-24 13:00+01:00,92.256790
2026-02-24 13:15+01:00,95.604162
2026-02-24 13:30+01:00,95.277244
2026-02-24 13:45+01:00,91.584439
2026-02-24 14:00+01:00,95.940357
2026-02-24 14:15+01:00,88.689627
2026-02-24 14:30+01:00,102.950515
2026-02-24 14:45+01:00,105.994663
2026-02-24 15:00+01:00,111.273784
2026-02-24 15:15+01:00,0.000000
2026-02-24 15:30+01:00,0.000000
2026-02-24 15:45+01:00,0.000000
2026-02-24 16:00+01:00,0.000000
2026-02-24 16:15+01:00,0.000000
2026-02-24 16:30+01:00,0.000000
2026-02-24 16:45+01:00,0.000000
2026-02-24 17:00+01:00,0.000000
2026-02-24 17:15+01:00,0.000000
2026-02-24 17:30+01:00,0.000000
2026-02-24 17:45+01:00,0.000000
2026-02-24 18:00+01:00,0.000000
2026-02-24 18:15+01:00,0.000000
2026-02-24 18:30+01:00,0.000000
2026-02-24 18:45+01:00,0.000000
2026-02-24 19:00+01:00,0.000000
2026-02-24 19:15+01:00,0.000000
2026-02-24 19:30+01:00,
2026-02-24 19:45+01:00,0.000000
2026-02-24 20:00+01:00,0.000000
2026-02-24 20:15+01:00,0.000000
2026-02-24 20:30+01:00,0.000000
2026-02-24 20:45+01:00,0.000000
2026-02-24 21:00+01:00,0.000000
2026-02-24 21:15+01:00,0.000000
2026-02-24 21:30+01:00,0.000000
2026-02-24 21:45+01:00,0.000000
2026-02-24 22:00+01:00,0.000000
2026-02-24 22:15+01:00,0.000000
2026-02-24 22:30+01:00,0.000000
2026-02-24 22:45+01:00,0.000000
2026-02-24 23:00+01:00,0.000000
2026-02-24 23:15+01:00,0.000000
2026-02-24 23:30+01:00,0.000000
2026-02-24 23:45+01:00,0.000000
2026-02-25 00:00+01:00,0.000000
2026-02-25 00:15+01:00,0.000000
2026-02-25 00:30+01:00,0.000000
2026-02-25 00:45+01:00,89.986948
2026-02-25 01:00+01:00,96.259084
2026-02-25 01:15+01:00,
2026-02-25 01:30+01:00,92.749814
2026-02-25 01:45+01:00,101.140876
2026-02-25 02:00+01:00,96.989564
2026-02-25 02:15+01:00,95.691190
2026-02-25 02:30+01:00,94.511819
2026-02-25 02:45+01:00,105.472721
2026-02-25 03:00+01:00,101.225298
2026-02-25 03:15+01:00,0.000000
2026-02-25 03:30+01:00,0.000000
2026-02-25 03:45+01:00,0.000000
2026-02-25 04:00+01:00,0.000000
2026-02-25 04:15+01:00,0.000000
2026-02-25 04:30+01:00,0.000000
2026-02-25 04:45+01:00,0.000000
2026-02-25 05:00+01:00,0.000000
2026-02-25 05:15+01:00,0.000000
2026-02-25 05:30+01:00,0.000000
2026-02-25 05:45+01:00,0.000000
2026-02-25 06:00+01:00,0.000000
2026-02-25 06:15+01:00,0.000000
2026-02-25 06:30+01:00,0.000000
2026-02-25 06:45+01:00,0.000000
2026-02-25 07:00+01:00,0.000000
2026-02-25 07:15+01:00,0.000000
2026-02-25 07:30+01:00,0.000000
2026-02-25 07:45+01:00,0.000000
2026-02-25 08:00+01:00,0.000000
2026-02-25 08:15+01:00,0.000000
2026-02-25 08:30+01:00,0.000000
2026-02-25 08:45+01:00,0.000000
2026-02-25 09:00+01:00,0.000000
2026-02-25 09:15+01:00,0.000000
2026-02-25 09:30+01:00,
2026-02-25 09:45+01:00,0.000000
2026-02-25 10:00+01:00,0.000000
2026-02-25 10:15+01:00,0.000000
2026-02-25 10:30+01:00,
2026-02-25 10:45+01:00,100.148706
2026-02-25 11:00+01:00,90.219147
2026-02-25 11:15+01:00,90.198355
2026-02-25 11:30+01:00,101.427503
2026-02-25 11:45+01:00,101.685706
2026-02-25 12:00+01:00,90.360396
2026-02-25 12:15+01:00,86.336822
2026-02-25 12:30+01:00,86.467859
2026-02-25 12:45+01:00,88.381547
2026-02-25 13:00+01:00,91.354388
2026-02-25 13:15+01:00,0.000000
2026-02-25 13:30+01:00,0.000000
2026-02-25 13:45+01:00,0.000000
2026-02-25 14:00+01:00,0.000000
2026-02-25 14:15+01:00,0.000000
2026-02-25 14:30+01:00,0.000000
2026-02-25 14:45+01:00,0.000000
2026-02-25 15:00+01:00,0.000000
2026-02-25 15:15+01:00,0.000000
2026-02-25 15:30+01:00,0.000000
2026-02-25 15:45+01:00,0.000000
2026-02-25 16:00+01:00,0.000000
2026-02-25 16:15+01:00,0.000000
2026-02-25 16:30+01:00,0.000000
2026-02-25 16:45+01:00,0.000000
2026-02-25 17:00+01:00,0.000000
2026-02-25 17:15+01:00,0.000000
2026-02-25 17:30+01:00,0.000000
2026-02-25 17:45+01:00,0.000000
2026-02-25 18:00+01:00,0.000000
2026-02-25 18:15+01:00,0.000000
2026-02-25 18:30+01:00,
2026-02-25 18:45+01:00,0.000000
2026-02-25 19:00+01:00,0.000000
2026-02-25 19:15+01:00,0.000000
2026-02-25 19:30+01:00,0.000000
2026-02-25 19:45+01:00,0.000000
2026-02-25 20:00+01:00,0.000000
2026-02-25 20:15+01:00,0.000000
2026-02-25 20:30+01:00,90.520760
2026-02-25 20:45+01:00,92.435392
2026-02-25 21:00+01:00,88.816740
2026-02-25 21:15+01:00,98.561410
2026-02-25 21:30+01:00,94.731168
2026-02-25 21:45+01:00,91.220564
2026-02-25 22:00+01:00,88.257407
2026-02-25 22:15+01:00,100.803798
2026-02-25 22:30+01:00,91.453452
2026-02-25 22:45+01:00,92.025718
2026-02-25 23:00+01:00,0.000000
2026-02-25 23:15+01:00,0.000000
2026-02-25 23:30+01:00,0.000000
2026-02-25 23:45+01:00,0.000000
2026-02-26 00:00+01:00,0.000000
2026-02-26 00:15+01:00,0.000000
2026-02-26 00:30+01:00,
2026-02-26 00:45+01:00,0.000000
2026-02-26 01:00+01:00,0.000000
2026-02-26 01:15+01:00,0.000000
2026-02-26 01:30+01:00,0.000000
2026-02-26 01:45+01:00,0.000000
2026-02-26 02:00+01:00,0.000000
2026-02-26 02:15+01:00,0.000000
2026-02-26 02:30+01:00,0.000000
2026-02-26 02:45+01:00,0.000000
2026-02-26 03:00+01:00,0.000000
2026-02-26 03:15+01:00,0.000000
2026-02-26 03:30+01:00,
2026-02-26 03:45+01:00,0.000000
2026-02-26 04:00+01:00,0.000000
2026-02-26 04:15+01:00,0.000000
2026-02-26 04:30+01:00,0.000000
2026-02-26 04:45+01:00,0.000000
2026-02-26 05:00+01:00,0.000000
2026-02-26 05:15+01:00,
2026-02-26 05:30+01:00,0.000000
2026-02-26 05:45+01:00,0.000000
2026-02-26 06:00+01:00,0.000000
2026-02-26 06:15+01:00,0.000000
2026-02-26 06:30+01:00,0.000000
2026-02-26 06:45+01:00,0.000000
2026-02-26 07:00+01:00,0.000000
2026-02-26 07:15+01:00,0.000000
2026-02-26 07:30+01:00,0.000000
2026-02-26 07:45+01:00,0.000000
2026-02-26 08:00+01:00,0.000000
2026-02-26 08:15+01:00,0.000000
2026-02-26 08:30+01:00,0.000000
2026-02-26 08:45+01:00,0.000000
2026-02-26 09:00+01:00,0.000000
2026-02-26 09:15+01:00,0.000000
2026-02-26 09:30+01:00,0.000000
2026-02-26 09:45+01:00,0.000000
2026-02-26 10:00+01:00,0.000000
2026-02-26 10:15+01:00,0.000000
2026-02-26 10:30+01:00,0.000000
2026-02-26 10:45+01:00,0.000000
2026-02-26 11:00+01:00,
2026-02-26 11:15+01:00,0.000000
2026-02-26 11:30+01:00,97.263561
2026-02-26 11:45+01:00,98.832630
2026-02-26 12:00+01:00,
2026-02-26 12:15+01:00,96.061452
2026-02-26 12:30+01:00,87.433366
2026-02-26 12:45+01:00,99.332757
2026-02-26 13:00+01:00,97.740315
2026-02-26 13:15+01:00,97.127782
2026-02-26 13:30+01:00,97.332051
2026-02-26 13:45+01:00,94.757928
2026-02-26 14:00+01:00,88.414843
2026-02-26 14:15+01:00,99.917018
2026-02-26 14:30+01:00,87.729223
2026-02-26 14:45+01:00,100.071602
2026-02-26 15:00+01:00,102.978612
2026-02-26 15:15+01:00,91.947734
2026-02-26 15:30+01:00,94.880704
2026-02-26 15:45+01:00,93.490054
2026-02-26 16:00+01:00,
2026-02-26 16:15+01:00,97.133752
2026-02-26 16:30+01:00,97.134864
2026-02-26 16:45+01:00,86.697080
2026-02-26 17:00+01:00,94.820087
2026-02-26 17:15+01:00,100.203788
2026-02-26 17:30+01:00,101.949725
2026-02-26 17:45+01:00,100.850434
2026-02-26 18:00+01:00,102.825482
2026-02-26 18:15+01:00,98.966850
2026-02-26 18:30+01:00,96.905506
2026-02-26 18:45+01:00,93.527315
2026-02-26 19:00+01:00,92.022253
2026-02-26 19:15+01:00,0.000000
2026-02-26 19:30+01:00,0.000000
2026-02-26 19:45+01:00,0.000000
2026-02-26 20:00+01:00,0.000000
2026-02-26 20:15+01:00,0.000000
2026-02-26 20:30+01:00,0.000000
2026-02-26 20:45+01:00,0.000000
2026-02-26 21:00+01:00,0.000000
2026-02-26 21:15+01:00,0.000000
2026-02-26 21:30+01:00,0.000000
2026-02-26 21:45+01:00,0.000000
2026-02-26 22:00+01:00,0.000000
2026-02-26 22:15+01:00,0.000000
2026-02-26 22:30+01:00,0.000000
2026-02-26 22:45+01:00,0.000000
2026-02-26 23:00+01:00,0.000000
2026-02-26 23:15+01:00,0.000000
2026-02-26 23:30+01:00,0.000000
2026-02-26 23:45+01:00,0.000000
2026-02-27 00:00+01:00,0.000000
2026-02-27 00:15+01:00,0.000000
2026-02-27 00:30+01:00,0.000000
2026-02-27 00:45+01:00,0.000000
2026-02-27 01:00+01:00,0.000000
2026-02-27 01:15+01:00,0.000000
2026-02-27 01:30+01:00,0.000000
2026-02-27 01:45+01:00,0.000000
2026-02-27 02:00+01:00,0.000000
2026-02-27 02:15+01:00,0.000000
2026-02-27 02:30+01:00,0.000000
2026-02-27 02:45+01:00,
2026-02-27 03:00+01:00,0.000000
2026-02-27 03:15+01:00,0.000000
2026-02-27 03:30+01:00,0.000000
2026-02-27 03:45+01:00,0.000000
2026-02-27 04:00+01:00,0.000000
2026-02-27 04:15+01:00,0.000000
2026-02-27 04:30+01:00,0.000000
2026-02-27 04:45+01:00,0.000000
2026-02-27 05:00+01:00,0.000000
2026-02-27 05:15+01:00,0.000000
2026-02-27 05:30+01:00,0.000000
2026-02-27 05:45+01:00,0.000000
2026-02-27 06:00+01:00,0.000000
2026-02-27 06:15+01:00,0.000000
2026-02-27 06:30+01:00,0.000000
2026-02-27 06:45+01:00,0.000000
2026-02-27 07:00+01:00,0.000000
2026-02-27 07:15+01:00,0.000000
2026-02-27 07:30+01:00,0.000000
2026-02-27 07:45+01:00,0.000000
2026-02-27 08:00+01:00,0.000000
2026-02-27 08:15+01:00,0.000000
2026-02-27 08:30+01:00,0.000000
2026-02-27 08:45+01:00,0.000000
2026-02-27 09:00+01:00,0.000000
2026-02-27 09:15+01:00,0.000000
2026-02-27 09:30+01:00,0.000000
2026-02-27 09:45+01:00,0.000000
2026-02-27 10:00+01:00,0.000000
2026-02-27 10:15+01:00,0.000000
2026-02-27 10:30+01:00,0.000000
2026-02-27 10:45+01:00,0.000000
2026-02-27 11:00+01:00,0.000000
2026-02-27 11:15+01:00,0.000000
2026-02-27 11:30+01:00,90.895510
2026-02-27 11:45+01:00,102.438822
2026-02-27 12:00+01:00,99.326984
2026-02-27 12:15+01:00,91.194924
2026-02-27 12:30+01:00,105.403320
2026-02-27 12:45+01:00,94.585663
2026-02-27 13:00+01:00,94.366097
2026-02-27 13:15+01:00,92.281831
2026-02-27 13:30+01:00,95.906409
2026-02-27 13:45+01:00,97.868341
2026-02-27 14:00+01:00,97.816902
2026-02-27 14:15+01:00,100.245818
2026-02-27 14:30+01:00,101.893692
2026-02-27 14:45+01:00,96.828478
2026-02-27 15:00+01:00,93.787797
2026-02-27 15:15+01:00,93.429550
2026-02-27 15:30+01:00,96.836898
2026-02-27 15:45+01:00,93.276368
2026-02-27 16:00+01:00,94.380318
2026-02-27 16:15+01:00,97.125745
2026-02-27 16:30+01:00,97.451839
2026-02-27 16:45+01:00,93.756375
2026-02-27 17:00+01:00,94.433189
2026-02-27 17:15+01:00,91.811966
2026-02-27 17:30+01:00,96.367472
2026-02-27 17:45+01:00,100.735280
2026-02-27 18:00+01:00,94.928624
2026-02-27 18:15+01:00,98.923414
2026-02-27 18:30+01:00,94.434313
2026-02-27 18:45+01:00,94.293875
2026-02-27 19:00+01:00,98.150818
2026-02-27 19:15+01:00,0.000000
2026-02-27 19:30+01:00,0.000000
2026-02-27 19:45+01:00,0.000000
2026-02-27 20:00+01:00,0.000000
2026-02-27 20:15+01:00,0.000000
2026-02-27 20:30+01:00,0.000000
2026-02-27 20:45+01:00,0.000000
2026-02-27 21:00+01:00,0.000000
2026-02-27 21:15+01:00,0.000000
2026-02-27 21:30+01:00,0.000000
2026-02-27 21:45+01:00,0.000000
2026-02-27 22:00+01:00,0.000000
2026-02-27 22:15+01:00,0.000000
2026-02-27 22:30+01:00,0.000000
2026-02-27 22:45+01:00,0.000000
2026-02-27 23:00+01:00,0.000000
2026-02-27 23:15+01:00,0.000000
2026-02-27 23:30+01:00,0.000000
2026-02-27 23:45+01:00,0.000000
2026-02-28 00:00+01:00,0.000000
2026-02-28 00:15+01:00,0.000000
2026-02-28 00:30+01:00,0.000000
2026-02-28 00:45+01:00,0.000000
2026-02-28 01:00+01:00,0.000000
2026-02-28 01:15+01:00,0.000000
2026-02-28 01:30+01:00,0.000000
2026-02-28 01:45+01:00,0.000000
2026-02-28 02:00+01:00,0.000000
2026-02-28 02:15+01:00,0.000000
2026-02-28 02:30+01:00,0.000000
2026-02-28 02:45+01:00,0.000000
2026-02-28 03:00+01:00,0.000000
2026-02-28 03:15+01:00,0.000000
2026-02-28 03:30+01:00,0.000000
2026-02-28 03:45+01:00,
2026-02-28 04:00+01:00,0.000000
2026-02-28 04:15+01:00,0.000000
2026-02-28 04:30+01:00,0.000000
2026-02-28 04:45+01:00,0.000000
2026-02-28 05:00+01:00,0.000000
2026-02-28 05:15+01:00,0.000000
2026-02-28 05:30+01:00,0.000000
2026-02-28 05:45+01:00,0.000000
2026-02-28 06:00+01:00,0.000000
2026-02-28 06:15+01:00,0.000000
2026-02-28 06:30+01:00,0.000000
2026-02-28 06:45+01:00,0.000000
2026-02-28 07:00+01:00,0.000000
2026-02-28 07:15+01:00,0.000000
2026-02-28 07:30+01:00,0.000000
2026-02-28 07:45+01:00,0.000000
2026-02-28 08:00+01:00,0.000000
2026-02-28 08:15+01:00,0.000000
2026-02-28 08:30+01:00,0.000000
2026-02-28 08:45+01:00,0.000000
2026-02-28 09:00+01:00,0.000000
2026-02-28 09:15+01:00,0.000000
2026-02-28 09:30+01:00,
2026-02-28 09:45+01:00,0.000000
2026-02-28 10:00+01:00,0.000000
2026-02-28 10:15+01:00,93.501867
2026-02-28 10:30+01:00,94.810745
2026-02-28 10:45+01:00,100.715354
2026-02-28 11:00+01:00,102.289192
2026-02-28 11:15+01:00,96.616428
2026-02-28 11:30+01:00,95.347550
2026-02-28 11:45+01:00,98.341559
2026-02-28 12:00+01:00,96.925758
2026-02-28 12:15+01:00,105.653769
2026-02-28 12:30+01:00,
2026-02-28 12:45+01:00,96.957358
2026-02-28 13:00+01:00,96.692424
2026-02-28 13:15+01:00,96.164655
2026-02-28 13:30+01:00,93.493626
2026-02-28 13:45+01:00,94.885505
2026-02-28 14:00+01:00,0.000000
2026-02-28 14:15+01:00,0.000000
2026-02-28 14:30+01:00,0.000000
2026-02-28 14:45+01:00,0.000000
2026-02-28 15:00+01:00,0.000000
2026-02-28 15:15+01:00,0.000000
2026-02-28 15:30+01:00,0.000000
2026-02-28 15:45+01:00,0.000000
2026-02-28 16:00+01:00,0.000000
2026-02-28 16:15+01:00,0.000000
2026-02-28 16:30+01:00,0.000000
2026-02-28 16:45+01:00,0.000000
2026-02-28 17:00+01:00,0.000000
2026-02-28 17:15+01:00,
2026-02-28 17:30+01:00,0.000000
2026-02-28 17:45+01:00,0.000000
2026-02-28 18:00+01:00,0.000000
2026-02-28 18:15+01:00,0.000000
2026-02-28 18:30+01:00,0.000000
2026-02-28 18:45+01:00,0.000000
2026-02-28 19:00+01:00,0.000000
2026-02-28 19:15+01:00,
2026-02-28 19:30+01:00,0.000000
2026-02-28 19:45+01:00,95.126625
2026-02-28 20:00+01:00,91.828331
2026-02-28 20:15+01:00,97.199146
2026-02-28 20:30+01:00,88.460762
2026-02-28 20:45+01:00,95.929536
2026-02-28 21:00+01:00,93.199119
2026-02-28 21:15+01:00,96.180804
2026-02-28 21:30+01:00,94.736798
2026-02-28 21:45+01:00,100.280398
2026-02-28 22:00+01:00,102.895980
2026-02-28 22:15+01:00,90.162736
2026-02-28 22:30+01:00,
2026-02-28 22:45+01:00,99.148524
2026-02-28 23:00+01:00,93.402684
2026-02-28 23:15+01:00,85.618515
2026-02-28 23:30+01:00,95.537592
2026-02-28 23:45+01:00,0.000000
2026-03-01 00:00+01:00,0.000000
2026-03-01 00:15+01:00,0.000000
2026-03-01 00:30+01:00,0.000000
2026-03-01 00:45+01:00,0.000000
2026-03-01 01:00+01:00,0.000000
2026-03-01 01:15+01:00,0.000000
2026-03-01 01:30+01:00,0.000000
2026-03-01 01:45+01:00,0.000000
2026-03-01 02:00+01:00,0.000000
2026-03-01 02:15+01:00,0.000000
2026-03-01 02:30+01:00,0.000000
2026-03-01 02:45+01:00,0.000000
2026-03-01 03:00+01:00,0.000000
2026-03-01 03:15+01:00,0.000000
2026-03-01 03:30+01:00,0.000000
2026-03-01 03:45+01:00,0.000000
2026-03-01 04:00+01:00,0.000000
2026-03-01 04:15+01:00,0.000000
2026-03-01 04:30+01:00,0.000000
2026-03-01 04:45+01:00,0.000000
2026-03-01 05:00+01:00,0.000000
2026-03-01 05:15+01:00,
2026-03-01 05:30+01:00,0.000000
2026-03-01 05:45+01:00,0.000000
2026-03-01 06:00+01:00,0.000000
2026-03-01 06:15+01:00,
2026-03-01 06:30+01:00,0.000000
2026-03-01 06:45+01:00,0.000000
2026-03-01 07:00+01:00,0.000000
2026-03-01 07:15+01:00,0.000000
2026-03-01 07:30+01:00,0.000000
2026-03-01 07:45+01:00,0.000000
2026-03-01 08:00+01:00,0.000000
2026-03-01 08:15+01:00,0.000000
2026-03-01 08:30+01:00,0.000000
2026-03-01 08:45+01:00,0.000000
2026-03-01 09:00+01:00,0.000000
2026-03-01 09:15+01:00,
2026-03-01 09:30+01:00,0.000000
2026-03-01 09:45+01:00,0.000000
2026-03-01 10:00+01:00,0.000000
2026-03-01 10:15+01:00,0.000000
2026-03-01 10:30+01:00,0.000000
2026-03-01 10:45+01:00,98.682009
2026-03-01 11:00+01:00,86.492070
2026-03-01 11:15+01:00,91.541437
2026-03-01 11:30+01:00,95.616709
2026-03-01 11:45+01:00,
2026-03-01 12:00+01:00,98.066820
2026-03-01 12:15+01:00,
2026-03-01 12:30+01:00,101.767602
2026-03-01 12:45+01:00,97.140795
2026-03-01 13:00+01:00,93.265784
2026-03-01 13:15+01:00,90.845483
2026-03-01 13:30+01:00,93.359571
2026-03-01 13:45+01:00,98.058974
2026-03-01 14:00+01:00,98.477516
2026-03-01 14:15+01:00,99.576791
2026-03-01 14:30+01:00,97.559291
2026-03-01 14:45+01:00,95.750443
2026-03-01 15:00+01:00,96.189479
2026-03-01 15:15+01:00,97.489349
2026-03-01 15:30+01:00,96.589524
2026-03-01 15:45+01:00,93.599466
2026-03-01 16:00+01:00,94.551020
2026-03-01 16:15+01:00,97.248475
2026-03-01 16:30+01:00,93.866842
2026-03-01 16:45+01:00,99.763234
2026-03-01 17:00+01:00,101.289527
2026-03-01 17:15+01:00,95.039116
2026-03-01 17:30+01:00,96.456159
2026-03-01 17:45+01:00,104.877656
2026-03-01 18:00+01:00,97.783182
2026-03-01 18:15+01:00,90.241048
2026-03-01 18:30+01:00,0.000000
2026-03-01 18:45+01:00,0.000000
2026-03-01 19:00+01:00,0.000000
2026-03-01 19:15+01:00,0.000000
2026-03-01 19:30+01:00,0.000000
2026-03-01 19:45+01:00,0.000000
2026-03-01 20:00+01:00,0.000000
2026-03-01 20:15+01:00,0.000000
2026-03-01 20:30+01:00,0.000000
2026-03-01 20:45+01:00,0.000000
2026-03-01 21:00+01:00,0.000000
2026-03-01 21:15+01:00,0.000000
2026-03-01 21:30+01:00,0.000000
2026-03-01 21:45+01:00,0.000000
2026-03-01 22:00+01:00,0.000000
2026-03-01 22:15+01:00,0.000000
2026-03-01 22:30+01:00,0.000000
2026-03-01 22:45+01:00,0.000000
2026-03-01 23:00+01:00,0.000000
2026-03-01 23:15+01:00,0.000000
2026-03-01 23:30+01:00,0.000000
2026-03-01 23:45+01:00,0.000000
2026-03-02 00:00+01:00,0.000000
2026-03-02 00:15+01:00,0.000000
2026-03-02 00:30+01:00,0.000000
2026-03-02 00:45+01:00,0.000000
2026-03-02 01:00+01:00,0.000000
2026-03-02 01:15+01:00,0.000000
2026-03-02 01:30+01:00,0.000000
2026-03-02 01:45+01:00,0.000000
2026-03-02 02:00+01:00,0.000000
2026-03-02 02:15+01:00,0.000000
2026-03-02 02:30+01:00,0.000000
2026-03-02 02:45+01:00,
2026-03-02 03:00+01:00,0.000000
2026-03-02 03:15+01:00,91.411994
2026-03-02 03:30+01:00,96.540004
2026-03-02 03:45+01:00,92.805430
2026-03-02 04:00+01:00,97.291422
2026-03-02 04:15+01:00,91.109631
2026-03-02 04:30+01:00,88.776124
2026-03-02 04:45+01:00,93.958300
2026-03-02 05:00+01:00,99.488515
2026-03-02 05:15+01:00,104.678026
2026-03-02 05:30+01:00,93.056460
2026-03-02 05:45+01:00,99.199699
2026-03-02 06:00+01:00,100.027404
2026-03-02 06:15+01:00,99.906086
2026-03-02 06:30+01:00,97.095067
2026-03-02 06:45+01:00,93.943861
2026-03-02 07:00+01:00,91.477254
2026-03-02 07:15+01:00,0.000000
2026-03-02 07:30+01:00,
2026-03-02 07:45+01:00,0.000000
2026-03-02 08:00+01:00,
2026-03-02 08:15+01:00,0.000000
2026-03-02 08:30+01:00,0.000000
2026-03-02 08:45+01:00,
2026-03-02 09:00+01:00,0.000000
2026-03-02 09:15+01:00,0.000000
2026-03-02 09:30+01:00,0.000000
2026-03-02 09:45+01:00,0.000000
2026-03-02 10:00+01:00,0.000000
2026-03-02 10:15+01:00,0.000000
2026-03-02 10:30+01:00,0.000000
2026-03-02 10:45+01:00,0.000000
2026-03-02 11:00+01:00,100.519642
2026-03-02 11:15+01:00,103.861977
2026-03-02 11:30+01:00,91.055008
2026-03-02 11:45+01:00,91.062865
2026-03-02 12:00+01:00,92.466965
2026-03-02 12:15+01:00,102.777836
2026-03-02 12:30+01:00,99.719248
2026-03-02 12:45+01:00,95.585865
2026-03-02 13:00+01:00,95.991090
2026-03-02 13:15+01:00,93.220416
2026-03-02 13:30+01:00,90.322324
2026-03-02 13:45+01:00,93.444280
2026-03-02 14:00+01:00,94.898828
2026-03-02 14:15+01:00,96.842557
2026-03-02 14:30+01:00,90.401604
2026-03-02 14:45+01:00,0.000000
2026-03-02 15:00+01:00,0.000000
2026-03-02 15:15+01:00,0.000000
2026-03-02 15:30+01:00,0.000000
2026-03-02 15:45+01:00,0.000000
2026-03-02 16:00+01:00,0.000000
2026-03-02 16:15+01:00,0.000000
2026-03-02 16:30+01:00,0.000000
2026-03-02 16:45+01:00,0.000000
2026-03-02 17:00+01:00,0.000000
2026-03-02 17:15+01:00,0.000000
2026-03-02 17:30+01:00,0.000000
2026-03-02 17:45+01:00,0.000000
2026-03-02 18:00+01:00,0.000000
2026-03-02 18:15+01:00,0.000000
2026-03-02 18:30+01:00,0.000000
2026-03-02 18:45+01:00,0.000000
2026-03-02 19:00+01:00,0.000000
2026-03-02 19:15+01:00,0.000000
2026-03-02 19:30+01:00,0.000000
2026-03-02 19:45+01:00,0.000000
2026-03-02 20:00+01:00,0.000000
2026-03-02 20:15+01:00,0.000000
2026-03-02 20:30+01:00,
2026-03-02 20:45+01:00,0.000000
2026-03-02 21:00+01:00,0.000000
2026-03-02 21:15+01:00,0.000000
2026-03-02 21:30+01:00,0.000000
2026-03-02 21:45+01:00,0.000000
2026-03-02 22:00+01:00,0.000000
2026-03-02 22:15+01:00,0.000000
2026-03-02 22:30+01:00,0.000000
2026-03-02 22:45+01:00,0.000000
2026-03-02 23:00+01:00,0.000000
2026-03-02 23:15+01:00,0.000000
2026-03-02 23:30+01:00,0.000000
2026-03-02 23:45+01:00,0.000000
2026-03-03 00:00+01:00,0.000000
2026-03-03 00:15+01:00,0.000000
2026-03-03 00:30+01:00,0.000000
2026-03-03 00:45+01:00,0.000000
2026-03-03 01:00+01:00,0.000000
2026-03-03 01:15+01:00,0.000000
2026-03-03 01:30+01:00,0.000000
2026-03-03 01:45+01:00,0.000000
2026-03-03 02:00+01:00,0.000000
2026-03-03 02:15+01:00,0.000000
2026-03-03 02:30+01:00,
2026-03-03 02:45+01:00,0.000000
2026-03-03 03:00+01:00,0.000000
2026-03-03 03:15+01:00,0.000000
2026-03-03 03:30+01:00,0.000000
2026-03-03 03:45+01:00,0.000000
2026-03-03 04:00+01:00,0.000000
2026-03-03 04:15+01:00,0.000000
2026-03-03 04:30+01:00,0.000000
2026-03-03 04:45+01:00,0.000000
2026-03-03 05:00+01:00,
2026-03-03 05:15+01:00,0.000000
2026-03-03 05:30+01:00,0.000000
2026-03-03 05:45+01:00,0.000000
2026-03-03 06:00+01:00,0.000000
2026-03-03 06:15+01:00,
2026-03-03 06:30+01:00,0.000000
2026-03-03 06:45+01:00,0.000000
2026-03-03 07:00+01:00,0.000000
2026-03-03 07:15+01:00,0.000000
2026-03-03 07:30+01:00,0.000000
2026-03-03 07:45+01:00,0.000000
2026-03-03 08:00+01:00,0.000000
2026-03-03 08:15+01:00,0.000000
2026-03-03 08:30+01:00,0.000000
2026-03-03 08:45+01:00,0.000000
2026-03-03 09:00+01:00,0.000000
2026-03-03 09:15+01:00,0.000000
2026-03-03 09:30+01:00,0.000000
2026-03-03 09:45+01:00,0.000000
2026-03-03 10:00+01:00,0.000000
2026-03-03 10:15+01:00,0.000000
2026-03-03 10:30+01:00,0.000000
2026-03-03 10:45+01:00,0.000000
2026-03-03 11:00+01:00,0.000000
2026-03-03 11:15+01:00,0.000000
2026-03-03 11:30+01:00,0.000000
2026-03-03 11:45+01:00,0.000000
2026-03-03 12:00+01:00,0.000000
2026-03-03 12:15+01:00,0.000000
2026-03-03 12:30+01:00,0.000000
2026-03-03 12:45+01:00,0.000000
2026-03-03 13:00+01:00,0.000000
2026-03-03 13:15+01:00,0.000000
2026-03-03 13:30+01:00,0.000000
2026-03-03 13:45+01:00,0.000000
2026-03-03 14:00+01:00,0.000000
2026-03-03 14:15+01:00,
2026-03-03 14:30+01:00,0.000000
2026-03-03 14:45+01:00,0.000000
2026-03-03 15:00+01:00,0.000000
2026-03-03 15:15+01:00,0.000000
2026-03-03 15:30+01:00,0.000000
2026-03-03 15:45+01:00,0.000000
2026-03-03 16:00+01:00,0.000000
2026-03-03 16:15+01:00,101.322374
2026-03-03 16:30+01:00,104.838454
2026-03-03 16:45+01:00,95.791059
2026-03-03 17:00+01:00,90.996333
2026-03-03 17:15+01:00,102.239415
2026-03-03 17:30+01:00,95.040050
2026-03-03 17:45+01:00,98.497524
2026-03-03 18:00+01:00,95.644636
2026-03-03 18:15+01:00,90.033613
2026-03-03 18:30+01:00,94.844493
2026-03-03 18:45+01:00,93.571578
2026-03-03 19:00+01:00,89.185100
2026-03-03 19:15+01:00,90.797271
2026-03-03 19:30+01:00,92.868666
2026-03-03 19:45+01:00,92.890080
2026-03-03 20:00+01:00,90.235723
2026-03-03 20:15+01:00,106.745870
2026-03-03 20:30+01:00,
2026-03-03 20:45+01:00,103.763074
2026-03-03 21:00+01:00,93.949212
2026-03-03 21:15+01:00,98.234822
2026-03-03 21:30+01:00,99.429334
2026-03-03 21:45+01:00,99.182609
2026-03-03 22:00+01:00,98.516227
2026-03-03 22:15+01:00,95.681811
2026-03-03 22:30+01:00,100.048646
2026-03-03 22:45+01:00,91.061833
2026-03-03 23:00+01:00,92.211516
2026-03-03 23:15+01:00,94.126335
2026-03-03 23:30+01:00,94.840971
2026-03-03 23:45+01:00,99.892997
2026-03-04 00:00+01:00,
2026-03-04 00:15+01:00,
2026-03-04 00:30+01:00,0.000000
2026-03-04 00:45+01:00,0.000000
2026-03-04 01:00+01:00,0.000000
2026-03-04 01:15+01:00,0.000000
2026-03-04 01:30+01:00,0.000000
2026-03-04 01:45+01:00,0.000000
2026-03-04 02:00+01:00,0.000000
2026-03-04 02:15+01:00,0.000000
2026-03-04 02:30+01:00,0.000000
2026-03-04 02:45+01:00,0.000000
2026-03-04 03:00+01:00,0.000000
2026-03-04 03:15+01:00,0.000000
2026-03-04 03:30+01:00,0.000000
2026-03-04 03:45+01:00,0.000000
2026-03-04 04:00+01:00,0.000000
2026-03-04 04:15+01:00,0.000000
2026-03-04 04:30+01:00,0.000000
2026-03-04 04:45+01:00,0.000000
2026-03-04 05:00+01:00,0.000000
2026-03-04 05:15+01:00,0.000000
2026-03-04 05:30+01:00,0.000000
2026-03-04 05:45+01:00,0.000000
2026-03-04 06:00+01:00,0.000000
2026-03-04 06:15+01:00,0.000000
2026-03-04 06:30+01:00,0.000000
2026-03-04 06:45+01:00,0.000000
2026-03-04 07:00+01:00,0.000000
2026-03-04 07:15+01:00,98.502900
2026-03-04 07:30+01:00,93.708759
2026-03-04 07:45+01:00,96.739077
2026-03-04 08:00+01:00,
2026-03-04 08:15+01:00,95.243297
2026-03-04 08:30+01:00,88.258275
2026-03-04 08:45+01:00,95.243882
2026-03-04 09:00+01:00,90.665653
2026-03-04 09:15+01:00,96.915030
2026-03-04 09:30+01:00,97.502836
2026-03-04 09:45+01:00,97.806451
2026-03-04 10:00+01:00,95.599111
2026-03-04 10:15+01:00,90.954144
2026-03-04 10:30+01:00,
2026-03-04 10:45+01:00,89.683439
2026-03-04 11:00+01:00,97.488704
2026-03-04 11:15+01:00,93.684973
2026-03-04 11:30+01:00,98.629513
2026-03-04 11:45+01:00,96.566829
2026-03-04 12:00+01:00,101.434266
2026-03-04 12:15+01:00,100.204352
2026-03-04 12:30+01:00,90.263313
2026-03-04 12:45+01:00,101.861204
2026-03-04 13:00+01:00,
2026-03-04 13:15+01:00,86.222416
2026-03-04 13:30+01:00,89.755583
2026-03-04 13:45+01:00,97.760552
2026-03-04 14:00+01:00,97.244446
2026-03-04 14:15+01:00,89.378297
2026-03-04 14:30+01:00,100.222151
2026-03-04 14:45+01:00,91.229256
2026-03-04 15:00+01:00,0.000000
2026-03-04 15:15+01:00,0.000000
2026-03-04 15:30+01:00,0.000000
2026-03-04 15:45+01:00,0.000000
2026-03-04 16:00+01:00,0.000000
2026-03-04 16:15+01:00,0.000000
2026-03-04 16:30+01:00,0.000000
2026-03-04 16:45+01:00,0.000000
2026-03-04 17:00+01:00,0.000000
2026-03-04 17:15+01:00,0.000000
2026-03-04 17:30+01:00,0.000000
2026-03-04 17:45+01:00,0.000000
2026-03-04 18:00+01:00,0.000000
2026-03-04 18:15+01:00,0.000000
2026-03-04 18:30+01:00,0.000000
2026-03-04 18:45+01:00,0.000000
2026-03-04 19:00+01:00,0.000000
2026-03-04 19:15+01:00,0.000000
2026-03-04 19:30+01:00,0.000000
2026-03-04 19:45+01:00,
2026-03-04 20:00+01:00,0.000000
2026-03-04 20:15+01:00,0.000000
2026-03-04 20:30+01:00,
2026-03-04 20:45+01:00,0.000000
2026-03-04 21:00+01:00,0.000000
2026-03-04 21:15+01:00,0.000000
2026-03-04 21:30+01:00,0.000000
2026-03-04 21:45+01:00,0.000000
2026-03-04 22:00+01:00,0.000000
2026-03-04 22:15+01:00,0.000000
2026-03-04 22:30+01:00,0.000000
2026-03-04 22:45+01:00,0.000000
2026-03-04 23:00+01:00,0.000000
2026-03-04 23:15+01:00,0.000000
2026-03-04 23:30+01:00,0.000000
2026-03-04 23:45+01:00,0.000000
2026-03-05 00:00+01:00,0.000000
2026-03-05 00:15+01:00,0.000000
2026-03-05 00:30+01:00,0.000000
2026-03-05 00:45+01:00,0.000000
2026-03-05 01:00+01:00,0.000000
2026-03-05 01:15+01:00,0.000000
2026-03-05 01:30+01:00,0.000000
2026-03-05 01:45+01:00,0.000000
2026-03-05 02:00+01:00,0.000000
2026-03-05 02:15+01:00,0.000000
2026-03-05 02:30+01:00,0.000000
2026-03-05 02:45+01:00,0.000000
2026-03-05 03:00+01:00,
2026-03-05 03:15+01:00,0.000000
2026-03-05 03:30+01:00,0.000000
2026-03-05 03:45+01:00,0.000000
2026-03-05 04:00+01:00,0.000000
2026-03-05 04:15+01:00,0.000000
2026-03-05 04:30+01:00,0.000000
2026-03-05 04:45+01:00,0.000000
2026-03-05 05:00+01:00,0.000000
2026-03-05 05:15+01:00,
2026-03-05 05:30+01:00,0.000000
2026-03-05 05:45+01:00,0.000000
2026-03-05 06:00+01:00,0.000000
2026-03-05 06:15+01:00,0.000000
2026-03-05 06:30+01:00,0.000000
2026-03-05 06:45+01:00,0.000000
2026-03-05 07:00+01:00,0.000000
2026-03-05 07:15+01:00,0.000000
2026-03-05 07:30+01:00,0.000000
2026-03-05 07:45+01:00,0.000000
2026-03-05 08:00+01:00,0.000000
2026-03-05 08:15+01:00,0.000000
2026-03-05 08:30+01:00,0.000000
2026-03-05 08:45+01:00,0.000000
2026-03-05 09:00+01:00,0.000000
2026-03-05 09:15+01:00,0.000000
2026-03-05 09:30+01:00,0.000000
2026-03-05 09:45+01:00,0.000000
2026-03-05 10:00+01:00,0.000000
2026-03-05 10:15+01:00,0.000000
2026-03-05 10:30+01:00,0.000000
2026-03-05 10:45+01:00,0.000000
2026-03-05 11:00+01:00,0.000000
2026-03-05 11:15+01:00,0.000000
2026-03-05 11:30+01:00,0.000000
2026-03-05 11:45+01:00,0.000000
2026-03-05 12:00+01:00,0.000000
2026-03-05 12:15+01:00,0.000000
2026-03-05 12:30+01:00,0.000000
2026-03-05 12:45+01:00,
2026-03-05 13:00+01:00,0.000000
2026-03-05 13:15+01:00,0.000000
2026-03-05 13:30+01:00,0.000000
2026-03-05 13:45+01:00,0.000000
2026-03-05 14:00+01:00,0.000000
2026-03-05 14:15+01:00,0.000000
2026-03-05 14:30+01:00,95.014935
2026-03-05 14:45+01:00,101.536945
2026-03-05 15:00+01:00,102.851670
2026-03-05 15:15+01:00,94.244846
2026-03-05 15:30+01:00,98.375827
2026-03-05 15:45+01:00,98.895954
2026-03-05 16:00+01:00,98.096925
2026-03-05 16:15+01:00,91.284940
2026-03-05 16:30+01:00,94.587183
2026-03-05 16:45+01:00,90.127668
2026-03-05 17:00+01:00,101.682313
2026-03-05 17:15+01:00,101.494795
2026-03-05 17:30+01:00,88.207235
2026-03-05 17:45+01:00,87.248738
2026-03-05 18:00+01:00,98.295792
2026-03-05 18:15+01:00,95.088499
2026-03-05 18:30+01:00,93.122675
2026-03-05 18:45+01:00,93.509911
2026-03-05 19:00+01:00,97.868166
2026-03-05 19:15+01:00,93.553673
2026-03-05 19:30+01:00,
2026-03-05 19:45+01:00,97.353592
2026-03-05 20:00+01:00,101.545381
2026-03-05 20:15+01:00,110.482849
2026-03-05 20:30+01:00,101.992466
2026-03-05 20:45+01:00,95.726872
2026-03-05 21:00+01:00,95.044703
2026-03-05 21:15+01:00,93.124317
2026-03-05 21:30+01:00,95.262233
2026-03-05 21:45+01:00,94.970383
2026-03-05 22:00+01:00,94.849435
2026-03-05 22:15+01:00,0.000000
2026-03-05 22:30+01:00,0.000000
2026-03-05 22:45+01:00,0.000000
2026-03-05 23:00+01:00,0.000000
2026-03-05 23:15+01:00,0.000000
2026-03-05 23:30+01:00,0.000000
2026-03-05 23:45+01:00,0.000000
2026-03-06 00:00+01:00,0.000000
2026-03-06 00:15+01:00,0.000000
2026-03-06 00:30+01:00,0.000000
2026-03-06 00:45+01:00,0.000000
2026-03-06 01:00+01:00,0.000000
2026-03-06 01:15+01:00,0.000000
2026-03-06 01:30+01:00,0.000000
2026-03-06 01:45+01:00,
2026-03-06 02:00+01:00,0.000000
2026-03-06 02:15+01:00,0.000000
2026-03-06 02:30+01:00,0.000000
2026-03-06 02:45+01:00,0.000000
2026-03-06 03:00+01:00,
2026-03-06 03:15+01:00,0.000000
2026-03-06 03:30+01:00,0.000000
2026-03-06 03:45+01:00,0.000000
2026-03-06 04:00+01:00,0.000000
2026-03-06 04:15+01:00,0.000000
2026-03-06 04:30+01:00,0.000000
2026-03-06 04:45+01:00,0.000000
2026-03-06 05:00+01:00,0.000000
2026-03-06 05:15+01:00,0.000000
2026-03-06 05:30+01:00,
2026-03-06 05:45+01:00,0.000000
2026-03-06 06:00+01:00,0.000000
2026-03-06 06:15+01:00,0.000000
2026-03-06 06:30+01:00,0.000000
2026-03-06 06:45+01:00,0.000000
2026-03-06 07:00+01:00,0.000000
2026-03-06 07:15+01:00,0.000000
2026-03-06 07:30+01:00,0.000000
2026-03-06 07:45+01:00,0.000000
2026-03-06 08:00+01:00,0.000000
2026-03-06 08:15+01:00,0.000000
2026-03-06 08:30+01:00,0.000000
2026-03-06 08:45+01:00,0.000000
2026-03-06 09:00+01:00,101.136993
2026-03-06 09:15+01:00,90.605236
2026-03-06 09:30+01:00,91.724974
2026-03-06 09:45+01:00,99.209795
2026-03-06 10:00+01:00,98.725304
2026-03-06 10:15+01:00,96.956092
2026-03-06 10:30+01:00,101.341635
2026-03-06 10:45+01:00,103.849882
2026-03-06 11:00+01:00,97.239639
2026-03-06 11:15+01:00,94.411328
2026-03-06 11:30+01:00,92.150537
2026-03-06 11:45+01:00,101.413596
2026-03-06 12:00+01:00,95.363935
2026-03-06 12:15+01:00,98.639194
2026-03-06 12:30+01:00,95.991480
2026-03-06 12:45+01:00,0.000000
2026-03-06 13:00+01:00,0.000000
2026-03-06 13:15+01:00,0.000000
2026-03-06 13:30+01:00,0.000000
2026-03-06 13:45+01:00,
2026-03-06 14:00+01:00,
2026-03-06 14:15+01:00,0.000000
2026-03-06 14:30+01:00,0.000000
2026-03-06 14:45+01:00,0.000000
2026-03-06 15:00+01:00,0.000000
2026-03-06 15:15+01:00,0.000000
2026-03-06 15:30+01:00,
2026-03-06 15:45+01:00,0.000000
2026-03-06 16:00+01:00,0.000000
2026-03-06 16:15+01:00,0.000000
2026-03-06 16:30+01:00,0.000000
2026-03-06 16:45+01:00,0.000000
2026-03-06 17:00+01:00,0.000000
2026-03-06 17:15+01:00,0.000000
2026-03-06 17:30+01:00,0.000000
2026-03-06 17:45+01:00,0.000000
2026-03-06 18:00+01:00,0.000000
2026-03-06 18:15+01:00,0.000000
2026-03-06 18:30+01:00,0.000000
2026-03-06 18:45+01:00,0.000000
2026-03-06 19:00+01:00,0.000000
2026-03-06 19:15+01:00,0.000000
2026-03-06 19:30+01:00,0.000000
2026-03-06 19:45+01:00,0.000000
2026-03-06 20:00+01:00,0.000000
2026-03-06 20:15+01:00,97.683842
2026-03-06 20:30+01:00,93.220546
2026-03-06 20:45+01:00,97.190475
2026-03-06 21:00+01:00,
2026-03-06 21:15+01:00,91.556852
2026-03-06 21:30+01:00,100.425452
2026-03-06 21:45+01:00,100.698134
2026-03-06 22:00+01:00,96.372787
2026-03-06 22:15+01:00,87.048559
2026-03-06 22:30+01:00,96.862030
2026-03-06 22:45+01:00,94.266726
2026-03-06 23:00+01:00,91.953719
2026-03-06 23:15+01:00,104.669428
2026-03-06 23:30+01:00,93.641986
2026-03-06 23:45+01:00,99.760692
2026-03-07 00:00+01:00,93.931883
2026-03-07 00:15+01:00,0.000000
2026-03-07 00:30+01:00,0.000000
2026-03-07 00:45+01:00,
2026-03-07 01:00+01:00,0.000000
2026-03-07 01:15+01:00,0.000000
2026-03-07 01:30+01:00,0.000000
2026-03-07 01:45+01:00,0.000000
2026-03-07 02:00+01:00,95.318322
2026-03-07 02:15+01:00,99.751291
2026-03-07 02:30+01:00,91.338675
2026-03-07 02:45+01:00,102.604666
2026-03-07 03:00+01:00,96.345257
2026-03-07 03:15+01:00,104.163797
2026-03-07 03:30+01:00,93.192223
2026-03-07 03:45+01:00,96.546142
2026-03-07 04:00+01:00,98.782516
2026-03-07 04:15+01:00,94.006342
2026-03-07 04:30+01:00,90.769351
2026-03-07 04:45+01:00,103.736351
2026-03-07 05:00+01:00,96.623750
2026-03-07 05:15+01:00,100.170519
2026-03-07 05:30+01:00,91.211684
2026-03-07 05:45+01:00,0.000000
2026-03-07 06:00+01:00,0.000000
2026-03-07 06:15+01:00,0.000000
2026-03-07 06:30+01:00,0.000000
2026-03-07 06:45+01:00,0.000000
2026-03-07 07:00+01:00,0.000000
2026-03-07 07:15+01:00,0.000000
2026-03-07 07:30+01:00,0.000000
2026-03-07 07:45+01:00,0.000000
2026-03-07 08:00+01:00,99.500872
2026-03-07 08:15+01:00,
2026-03-07 08:30+01:00,95.055647
2026-03-07 08:45+01:00,100.371071
2026-03-07 09:00+01:00,93.974907
2026-03-07 09:15+01:00,96.447967
2026-03-07 09:30+01:00,88.399030
2026-03-07 09:45+01:00,85.477731
2026-03-07 10:00+01:00,91.878881
2026-03-07 10:15+01:00,95.992759
2026-03-07 10:30+01:00,95.411463
2026-03-07 10:45+01:00,
2026-03-07 11:00+01:00,93.502152
2026-03-07 11:15+01:00,101.998828
2026-03-07 11:30+01:00,96.468974
2026-03-07 11:45+01:00,99.521844
2026-03-07 12:00+01:00,0.000000
2026-03-07 12:15+01:00,0.000000
2026-03-07 12:30+01:00,0.000000
2026-03-07 12:45+01:00,0.000000
2026-03-07 13:00+01:00,0.000000
2026-03-07 13:15+01:00,0.000000
2026-03-07 13:30+01:00,0.000000
2026-03-07 13:45+01:00,0.000000
2026-03-07 14:00+01:00,0.000000
2026-03-07 14:15+01:00,0.000000
2026-03-07 14:30+01:00,0.000000
2026-03-07 14:45+01:00,0.000000
2026-03-07 15:00+01:00,
2026-03-07 15:15+01:00,0.000000
2026-03-07 15:30+01:00,0.000000
2026-03-07 15:45+01:00,0.000000
2026-03-07 16:00+01:00,0.000000
2026-03-07 16:15+01:00,0.000000
2026-03-07 16:30+01:00,
2026-03-07 16:45+01:00,0.000000
2026-03-07 17:00+01:00,0.000000
2026-03-07 17:15+01:00,0.000000
2026-03-07 17:30+01:00,0.000000
2026-03-07 17:45+01:00,0.000000
2026-03-07 18:00+01:00,0.000000
2026-03-07 18:15+01:00,0.000000
2026-03-07 18:30+01:00,0.000000
2026-03-07 18:45+01:00,0.000000
2026-03-07 19:00+01:00,0.000000
2026-03-07 19:15+01:00,0.000000
2026-03-07 19:30+01:00,0.000000
2026-03-07 19:45+01:00,0.000000
2026-03-07 20:00+01:00,0.000000
2026-03-07 20:15+01:00,0.000000
2026-03-07 20:30+01:00,0.000000
2026-03-07 20:45+01:00,0.000000
2026-03-07 21:00+01:00,0.000000
2026-03-07 21:15+01:00,0.000000
2026-03-07 21:30+01:00,0.000000
2026-03-07 21:45+01:00,0.000000
2026-03-07 22:00+01:00,0.000000
2026-03-07 22:15+01:00,0.000000
2026-03-07 22:30+01:00,0.000000
2026-03-07 22:45+01:00,0.000000
2026-03-07 23:00+01:00,0.000000
2026-03-07 23:15+01:00,0.000000
2026-03-07 23:30+01:00,0.000000
2026-03-07 23:45+01:00,
2026-03-08 00:00+01:00,0.000000
2026-03-08 00:15+01:00,0.000000
2026-03-08 00:30+01:00,0.000000
2026-03-08 00:45+01:00,0.000000
2026-03-08 01:00+01:00,0.000000
2026-03-08 01:15+01:00,0.000000
2026-03-08 01:30+01:00,0.000000
2026-03-08 01:45+01:00,0.000000
2026-03-08 02:00+01:00,0.000000
2026-03-08 02:15+01:00,0.000000
2026-03-08 02:30+01:00,0.000000
2026-03-08 02:45+01:00,0.000000
2026-03-08 03:00+01:00,0.000000
2026-03-08 03:15+01:00,0.000000
2026-03-08 03:30+01:00,0.000000
2026-03-08 03:45+01:00,0.000000
2026-03-08 04:00+01:00,0.000000
2026-03-08 04:15+01:00,0.000000
2026-03-08 04:30+01:00,0.000000
2026-03-08 04:45+01:00,0.000000
2026-03-08 05:00+01:00,0.000000
2026-03-08 05:15+01:00,0.000000
2026-03-08 05:30+01:00,0.000000
2026-03-08 05:45+01:00,0.000000
2026-03-08 06:00+01:00,0.000000
2026-03-08 06:15+01:00,0.000000
2026-03-08 06:30+01:00,
2026-03-08 06:45+01:00,0.000000
2026-03-08 07:00+01:00,0.000000
2026-03-08 07:15+01:00,0.000000
2026-03-08 07:30+01:00,101.300996
2026-03-08 07:45+01:00,87.041124
2026-03-08 08:00+01:00,94.345454
2026-03-08 08:15+01:00,94.829264
2026-03-08 08:30+01:00,87.207511
2026-03-08 08:45+01:00,92.467319
2026-03-08 09:00+01:00,97.083361
2026-03-08 09:15+01:00,96.532886
2026-03-08 09:30+01:00,96.286782
2026-03-08 09:45+01:00,94.813593
2026-03-08 10:00+01:00,92.069420
2026-03-08 10:15+01:00,92.022672
2026-03-08 10:30+01:00,95.310153
2026-03-08 10:45+01:00,95.410290
2026-03-08 11:00+01:00,101.311332
2026-03-08 11:15+01:00,0.000000
2026-03-08 11:30+01:00,0.000000
2026-03-08 11:45+01:00,0.000000
2026-03-08 12:00+01:00,0.000000
2026-03-08 12:15+01:00,0.000000
2026-03-08 12:30+01:00,0.000000
2026-03-08 12:45+01:00,0.000000
2026-03-08 13:00+01:00,0.000000
2026-03-08 13:15+01:00,0.000000
2026-03-08 13:30+01:00,0.000000
2026-03-08 13:45+01:00,0.000000
2026-03-08 14:00+01:00,0.000000
2026-03-08 14:15+01:00,0.000000
2026-03-08 14:30+01:00,0.000000
2026-03-08 14:45+01:00,0.000000
2026-03-08 15:00+01:00,91.712951
2026-03-08 15:15+01:00,98.739448
2026-03-08 15:30+01:00,96.890289
2026-03-08 15:45+01:00,96.453221
2026-03-08 16:00+01:00,
2026-03-08 16:15+01:00,84.850690
2026-03-08 16:30+01:00,94.162308
2026-03-08 16:45+01:00,91.354276
2026-03-08 17:00+01:00,94.320842
2026-03-08 17:15+01:00,98.478304
2026-03-08 17:30+01:00,95.153165
2026-03-08 17:45+01:00,86.634463
2026-03-08 18:00+01:00,100.875255
2026-03-08 18:15+01:00,93.044335
2026-03-08 18:30+01:00,93.244162
2026-03-08 18:45+01:00,93.254990
2026-03-08 19:00+01:00,0.000000
2026-03-08 19:15+01:00,0.000000
2026-03-08 19:30+01:00,0.000000
2026-03-08 19:45+01:00,0.000000
2026-03-08 20:00+01:00,0.000000
2026-03-08 20:15+01:00,0.000000
2026-03-08 20:30+01:00,0.000000
2026-03-08 20:45+01:00,0.000000
2026-03-08 21:00+01:00,0.000000
2026-03-08 21:15+01:00,0.000000
2026-03-08 21:30+01:00,0.000000
2026-03-08 21:45+01:00,0.000000
2026-03-08 22:00+01:00,0.000000
2026-03-08 22:15+01:00,0.000000
2026-03-08 22:30+01:00,0.000000
2026-03-08 22:45+01:00,0.000000
2026-03-08 23:00+01:00,0.000000
2026-03-08 23:15+01:00,0.000000
2026-03-08 23:30+01:00,0.000000
2026-03-08 23:45+01:00,0.000000
2026-03-09 00:00+01:00,0.000000
2026-03-09 00:15+01:00,0.000000
2026-03-09 00:30+01:00,0.000000
2026-03-09 00:45+01:00,
2026-03-09 01:00+01:00,0.000000
2026-03-09 01:15+01:00,0.000000
2026-03-09 01:30+01:00,0.000000
2026-03-09 01:45+01:00,0.000000
2026-03-09 02:00+01:00,0.000000
2026-03-09 02:15+01:00,0.000000
2026-03-09 02:30+01:00,0.000000
2026-03-09 02:45+01:00,0.000000
2026-03-09 03:00+01:00,0.000000
2026-03-09 03:15+01:00,0.000000
2026-03-09 03:30+01:00,0.000000
2026-03-09 03:45+01:00,
2026-03-09 04:00+01:00,0.000000
2026-03-09 04:15+01:00,0.000000
2026-03-09 04:30+01:00,0.000000
2026-03-09 04:45+01:00,0.000000
2026-03-09 05:00+01:00,
2026-03-09 05:15+01:00,0.000000
2026-03-09 05:30+01:00,0.000000
2026-03-09 05:45+01:00,0.000000
2026-03-09 06:00+01:00,0.000000
2026-03-09 06:15+01:00,95.456347
2026-03-09 06:30+01:00,93.039686
2026-03-09 06:45+01:00,95.820219
2026-03-09 07:00+01:00,96.204851
2026-03-09 07:15+01:00,93.873193
2026-03-09 07:30+01:00,95.293234
2026-03-09 07:45+01:00,93.605614
2026-03-09 08:00+01:00,94.905647
2026-03-09 08:15+01:00,
2026-03-09 08:30+01:00,101.400624
2026-03-09 08:45+01:00,105.156936
2026-03-09 09:00+01:00,100.380731
2026-03-09 09:15+01:00,94.968535
2026-03-09 09:30+01:00,98.228444
2026-03-09 09:45+01:00,97.305665
2026-03-09 10:00+01:00,94.830595
2026-03-09 10:15+01:00,0.000000
2026-03-09 10:30+01:00,0.000000
2026-03-09 10:45+01:00,0.000000
2026-03-09 11:00+01:00,0.000000
2026-03-09 11:15+01:00,0.000000
2026-03-09 11:30+01:00,0.000000
2026-03-09 11:45+01:00,0.000000
2026-03-09 12:00+01:00,
2026-03-09 12:15+01:00,0.000000
2026-03-09 12:30+01:00,0.000000
2026-03-09 12:45+01:00,0.000000
2026-03-09 13:00+01:00,0.000000
2026-03-09 13:15+01:00,0.000000
2026-03-09 13:30+01:00,0.000000
2026-03-09 13:45+01:00,0.000000
2026-03-09 14:00+01:00,0.000000
2026-03-09 14:15+01:00,0.000000
2026-03-09 14:30+01:00,86.319353
2026-03-09 14:45+01:00,99.670418
2026-03-09 15:00+01:00,98.400028
2026-03-09 15:15+01:00,93.306437
2026-03-09 15:30+01:00,94.913000
2026-03-09 15:45+01:00,93.523923
2026-03-09 16:00+01:00,96.930724
2026-03-09 16:15+01:00,98.875016
2026-03-09 16:30+01:00,86.438109
2026-03-09 16:45+01:00,92.059604
2026-03-09 17:00+01:00,95.389216
2026-03-09 17:15+01:00,90.684574
2026-03-09 17:30+01:00,98.372015
2026-03-09 17:45+01:00,99.636004
2026-03-09 18:00+01:00,91.763030
2026-03-09 18:15+01:00,0.000000
2026-03-09 18:30+01:00,0.000000
2026-03-09 18:45+01:00,0.000000
2026-03-09 19:00+01:00,
2026-03-09 19:15+01:00,0.000000
2026-03-09 19:30+01:00,0.000000
2026-03-09 19:45+01:00,0.000000
2026-03-09 20:00+01:00,0.000000
2026-03-09 20:15+01:00,0.000000
2026-03-09 20:30+01:00,0.000000
2026-03-09 20:45+01:00,0.000000
2026-03-09 21:00+01:00,0.000000
2026-03-09 21:15+01:00,
2026-03-09 21:30+01:00,0.000000
2026-03-09 21:45+01:00,0.000000
2026-03-09 22:00+01:00,
2026-03-09 22:15+01:00,0.000000
2026-03-09 22:30+01:00,0.000000
2026-03-09 22:45+01:00,0.000000
2026-03-09 23:00+01:00,0.000000
2026-03-09 23:15+01:00,0.000000
2026-03-09 23:30+01:00,0.000000
2026-03-09 23:45+01:00,0.000000
2026-03-10 00:00+01:00,0.000000
2026-03-10 00:15+01:00,0.000000
2026-03-10 00:30+01:00,0.000000
2026-03-10 00:45+01:00,0.000000
2026-03-10 01:00+01:00,0.000000
2026-03-10 01:15+01:00,0.000000
2026-03-10 01:30+01:00,0.000000
2026-03-10 01:45+01:00,0.000000
2026-03-10 02:00+01:00,0.000000
2026-03-10 02:15+01:00,0.000000
2026-03-10 02:30+01:00,0.000000
2026-03-10 02:45+01:00,0.000000
2026-03-10 03:00+01:00,97.433238
2026-03-10 03:15+01:00,97.636173
2026-03-10 03:30+01:00,90.616309
2026-03-10 03:45+01:00,99.780622
2026-03-10 04:00+01:00,100.547660
2026-03-10 04:15+01:00,96.850551
2026-03-10 04:30+01:00,92.296078
2026-03-10 04:45+01:00,91.595726
2026-03-10 05:00+01:00,95.495089
2026-03-10 05:15+01:00,86.965449
2026-03-10 05:30+01:00,91.737315
2026-03-10 05:45+01:00,81.988289
2026-03-10 06:00+01:00,105.962901
2026-03-10 06:15+01:00,105.356903
2026-03-10 06:30+01:00,99.844479
2026-03-10 06:45+01:00,0.000000
2026-03-10 07:00+01:00,0.000000
2026-03-10 07:15+01:00,0.000000
2026-03-10 07:30+01:00,0.000000
2026-03-10 07:45+01:00,0.000000
2026-03-10 08:00+01:00,0.000000
2026-03-10 08:15+01:00,0.000000
2026-03-10 08:30+01:00,0.000000
2026-03-10 08:45+01:00,0.000000
2026-03-10 09:00+01:00,0.000000
2026-03-10 09:15+01:00,
2026-03-10 09:30+01:00,0.000000
2026-03-10 09:45+01:00,0.000000
2026-03-10 10:00+01:00,0.000000
2026-03-10 10:15+01:00,0.000000
2026-03-10 10:30+01:00,0.000000
2026-03-10 10:45+01:00,0.000000
2026-03-10 11:00+01:00,0.000000
2026-03-10 11:15+01:00,0.000000
2026-03-10 11:30+01:00,0.000000
2026-03-10 11:45+01:00,0.000000
2026-03-10 12:00+01:00,0.000000
2026-03-10 12:15+01:00,0.000000
2026-03-10 12:30+01:00,0.000000
2026-03-10 12:45+01:00,0.000000
2026-03-10 13:00+01:00,0.000000
2026-03-10 13:15+01:00,0.000000
2026-03-10 13:30+01:00,0.000000
2026-03-10 13:45+01:00,0.000000
2026-03-10 14:00+01:00,0.000000
2026-03-10 14:15+01:00,0.000000
2026-03-10 14:30+01:00,0.000000
2026-03-10 14:45+01:00,0.000000
2026-03-10 15:00+01:00,0.000000
2026-03-10 15:15+01:00,0.000000
2026-03-10 15:30+01:00,0.000000
2026-03-10 15:45+01:00,
2026-03-10 16:00+01:00,0.000000
2026-03-10 16:15+01:00,0.000000
2026-03-10 16:30+01:00,0.000000
2026-03-10 16:45+01:00,0.000000
2026-03-10 17:00+01:00,0.000000
2026-03-10 17:15+01:00,0.000000
2026-03-10 17:30+01:00,0.000000
2026-03-10 17:45+01:00,99.747405
2026-03-10 18:00+01:00,92.281063
2026-03-10 18:15+01:00,96.792760
2026-03-10 18:30+01:00,97.597161
2026-03-10 18:45+01:00,92.696710
2026-03-10 19:00+01:00,95.257599
2026-03-10 19:15+01:00,88.408727
2026-03-10 19:30+01:00,98.982942
2026-03-10 19:45+01:00,89.281413
2026-03-10 20:00+01:00,98.695311
2026-03-10 20:15+01:00,98.789042
2026-03-10 20:30+01:00,96.608494
2026-03-10 20:45+01:00,
2026-03-10 21:00+01:00,89.896479
2026-03-10 21:15+01:00,97.720633
2026-03-10 21:30+01:00,92.684232
2026-03-10 21:45+01:00,0.000000
2026-03-10 22:00+01:00,0.000000
2026-03-10 22:15+01:00,0.000000
2026-03-10 22:30+01:00,
2026-03-10 22:45+01:00,0.000000
2026-03-10 23:00+01:00,0.000000
2026-03-10 23:15+01:00,0.000000
2026-03-10 23:30+01:00,0.000000
2026-03-10 23:45+01:00,0.000000
2026-03-11 00:00+01:00,0.000000
2026-03-11 00:15+01:00,102.976343
2026-03-11 00:30+01:00,99.156091
2026-03-11 00:45+01:00,93.638880
2026-03-11 01:00+01:00,89.120480
2026-03-11 01:15+01:00,104.009497
2026-03-11 01:30+01:00,92.297463
2026-03-11 01:45+01:00,
2026-03-11 02:00+01:00,93.655121
2026-03-11 02:15+01:00,89.880148
2026-03-11 02:30+01:00,90.431279
2026-03-11 02:45+01:00,0.000000
2026-03-11 03:00+01:00,0.000000
2026-03-11 03:15+01:00,0.000000
2026-03-11 03:30+01:00,0.000000
2026-03-11 03:45+01:00,0.000000
2026-03-11 04:00+01:00,
2026-03-11 04:15+01:00,0.000000
2026-03-11 04:30+01:00,0.000000
2026-03-11 04:45+01:00,0.000000
2026-03-11 05:00+01:00,0.000000
2026-03-11 05:15+01:00,0.000000
2026-03-11 05:30+01:00,0.000000
2026-03-11 05:45+01:00,0.000000
2026-03-11 06:00+01:00,0.000000
2026-03-11 06:15+01:00,0.000000
2026-03-11 06:30+01:00,0.000000
2026-03-11 06:45+01:00,0.000000
2026-03-11 07:00+01:00,0.000000
2026-03-11 07:15+01:00,0.000000
2026-03-11 07:30+01:00,0.000000
2026-03-11 07:45+01:00,0.000000
2026-03-11 08:00+01:00,0.000000
2026-03-11 08:15+01:00,88.908020
2026-03-11 08:30+01:00,97.528700
2026-03-11 08:45+01:00,94.316403
2026-03-11 09:00+01:00,94.525798
2026-03-11 09:15+01:00,102.843053
2026-03-11 09:30+01:00,94.546241
2026-03-11 09:45+01:00,92.454848
2026-03-11 10:00+01:00,93.944305
2026-03-11 10:15+01:00,94.216767
2026-03-11 10:30+01:00,89.478048
2026-03-11 10:45+01:00,0.000000
2026-03-11 11:00+01:00,0.000000
2026-03-11 11:15+01:00,0.000000
2026-03-11 11:30+01:00,0.000000
2026-03-11 11:45+01:00,0.000000
2026-03-11 12:00+01:00,0.000000
2026-03-11 12:15+01:00,0.000000
2026-03-11 12:30+01:00,0.000000
2026-03-11 12:45+01:00,0.000000
2026-03-11 13:00+01:00,0.000000
2026-03-11 13:15+01:00,0.000000
2026-03-11 13:30+01:00,0.000000
2026-03-11 13:45+01:00,0.000000
2026-03-11 14:00+01:00,0.000000
2026-03-11 14:15+01:00,0.000000
2026-03-11 14:30+01:00,0.000000
2026-03-11 14:45+01:00,0.000000
2026-03-11 15:00+01:00,0.000000
2026-03-11 15:15+01:00,0.000000
2026-03-11 15:30+01:00,0.000000
2026-03-11 15:45+01:00,0.000000
2026-03-11 16:00+01:00,0.000000
2026-03-11 16:15+01:00,0.000000
2026-03-11 16:30+01:00,0.000000
2026-03-11 16:45+01:00,0.000000
2026-03-11 17:00+01:00,0.000000
2026-03-11 17:15+01:00,94.615364
2026-03-11 17:30+01:00,93.184950
2026-03-11 17:45+01:00,110.704919
2026-03-11 18:00+01:00,96.246548
2026-03-11 18:15+01:00,95.945452
2026-03-11 18:30+01:00,88.647559
2026-03-11 18:45+01:00,109.815104
2026-03-11 19:00+01:00,95.694693
2026-03-11 19:15+01:00,94.208911
2026-03-11 19:30+01:00,86.789939
2026-03-11 19:45+01:00,105.196131
2026-03-11 20:00+01:00,0.000000
2026-03-11 20:15+01:00,0.000000
2026-03-11 20:30+01:00,0.000000
2026-03-11 20:45+01:00,0.000000
2026-03-11 21:00+01:00,0.000000
2026-03-11 21:15+01:00,0.000000
2026-03-11 21:30+01:00,0.000000
2026-03-11 21:45+01:00,0.000000
2026-03-11 22:00+01:00,0.000000
2026-03-11 22:15+01:00,0.000000
2026-03-11 22:30+01:00,0.000000
2026-03-11 22:45+01:00,0.000000
2026-03-11 23:00+01:00,0.000000
2026-03-11 23:15+01:00,0.000000
2026-03-11 23:30+01:00,0.000000
2026-03-11 23:45+01:00,0.000000
2026-03-12 00:00+01:00,0.000000
2026-03-12 00:15+01:00,0.000000
2026-03-12 00:30+01:00,0.000000
2026-03-12 00:45+01:00,0.000000
2026-03-12 01:00+01:00,0.000000
2026-03-12 01:15+01:00,0.000000
2026-03-12 01:30+01:00,0.000000
2026-03-12 01:45+01:00,0.000000
2026-03-12 02:00+01:00,100.722030
2026-03-12 02:15+01:00,94.432104
2026-03-12 02:30+01:00,103.450494
2026-03-12 02:45+01:00,98.838612
2026-03-12 03:00+01:00,90.280301
2026-03-12 03:15+01:00,97.939643
2026-03-12 03:30+01:00,99.113366
2026-03-12 03:45+01:00,87.759321
2026-03-12 04:00+01:00,97.824891
2026-03-12 04:15+01:00,97.428014
2026-03-12 04:30+01:00,0.000000
2026-03-12 04:45+01:00,0.000000
2026-03-12 05:00+01:00,0.000000
2026-03-12 05:15+01:00,0.000000
2026-03-12 05:30+01:00,0.000000
2026-03-12 05:45+01:00,0.000000
2026-03-12 06:00+01:00,
2026-03-12 06:15+01:00,0.000000
2026-03-12 06:30+01:00,0.000000
2026-03-12 06:45+01:00,89.062707
2026-03-12 07:00+01:00,92.140761
2026-03-12 07:15+01:00,96.071020
2026-03-12 07:30+01:00,92.204520
2026-03-12 07:45+01:00,89.722767
2026-03-12 08:00+01:00,97.190881
2026-03-12 08:15+01:00,101.991209
2026-03-12 08:30+01:00,91.739881
2026-03-12 08:45+01:00,97.804429
2026-03-12 09:00+01:00,96.342961
2026-03-12 09:15+01:00,95.505666
2026-03-12 09:30+01:00,
2026-03-12 09:45+01:00,0.000000
2026-03-12 10:00+01:00,0.000000
2026-03-12 10:15+01:00,0.000000
2026-03-12 10:30+01:00,0.000000
2026-03-12 10:45+01:00,0.000000
2026-03-12 11:00+01:00,0.000000
2026-03-12 11:15+01:00,0.000000
2026-03-12 11:30+01:00,0.000000
2026-03-12 11:45+01:00,0.000000
2026-03-12 12:00+01:00,0.000000
2026-03-12 12:15+01:00,0.000000
2026-03-12 12:30+01:00,0.000000
2026-03-12 12:45+01:00,0.000000
2026-03-12 13:00+01:00,0.000000
2026-03-12 13:15+01:00,0.000000
2026-03-12 13:30+01:00,0.000000
2026-03-12 13:45+01:00,0.000000
2026-03-12 14:00+01:00,0.000000
2026-03-12 14:15+01:00,0.000000
2026-03-12 14:30+01:00,0.000000
2026-03-12 14:45+01:00,0.000000
2026-03-12 15:00+01:00,0.000000
2026-03-12 15:15+01:00,0.000000
2026-03-12 15:30+01:00,
2026-03-12 15:45+01:00,0.000000
2026-03-12 16:00+01:00,0.000000
2026-03-12 16:15+01:00,0.000000
2026-03-12 16:30+01:00,0.000000
2026-03-12 16:45+01:00,0.000000
2026-03-12 17:00+01:00,0.000000
2026-03-12 17:15+01:00,0.000000
2026-03-12 17:30+01:00,0.000000
2026-03-12 17:45+01:00,0.000000
2026-03-12 18:00+01:00,0.000000
2026-03-12 18:15+01:00,0.000000
2026-03-12 18:30+01:00,0.000000
2026-03-12 18:45+01:00,0.000000
2026-03-12 19:00+01:00,103.318640
2026-03-12 19:15+01:00,94.700564
2026-03-12 19:30+01:00,99.223818
2026-03-12 19:45+01:00,94.482327
2026-03-12 20:00+01:00,101.401983
2026-03-12 20:15+01:00,101.382948
2026-03-12 20:30+01:00,94.346351
2026-03-12 20:45+01:00,96.285406
2026-03-12 21:00+01:00,96.681701
2026-03-12 21:15+01:00,102.355541
2026-03-12 21:30+01:00,0.000000
2026-03-12 21:45+01:00,0.000000
2026-03-12 22:00+01:00,0.000000
2026-03-12 22:15+01:00,0.000000
2026-03-12 22:30+01:00,0.000000
2026-03-12 22:45+01:00,0.000000
2026-03-12 23:00+01:00,0.000000
2026-03-12 23:15+01:00,0.000000
2026-03-12 23:30+01:00,0.000000
2026-03-12 23:45+01:00,0.000000
2026-03-13 00:00+01:00,0.000000
2026-03-13 00:15+01:00,0.000000
2026-03-13 00:30+01:00,0.000000
2026-03-13 00:45+01:00,0.000000
2026-03-13 01:00+01:00,0.000000
2026-03-13 01:15+01:00,0.000000
2026-03-13 01:30+01:00,0.000000
2026-03-13 01:45+01:00,0.000000
2026-03-13 02:00+01:00,0.000000
2026-03-13 02:15+01:00,0.000000
2026-03-13 02:30+01:00,0.000000
2026-03-13 02:45+01:00,0.000000
2026-03-13 03:00+01:00,
2026-03-13 03:15+01:00,0.000000
2026-03-13 03:30+01:00,0.000000
2026-03-13 03:45+01:00,0.000000
2026-03-13 04:00+01:00,0.000000
2026-03-13 04:15+01:00,0.000000
2026-03-13 04:30+01:00,0.000000
2026-03-13 04:45+01:00,0.000000
2026-03-13 05:00+01:00,0.000000
2026-03-13 05:15+01:00,0.000000
2026-03-13 05:30+01:00,0.000000
2026-03-13 05:45+01:00,0.000000
2026-03-13 06:00+01:00,99.554840
2026-03-13 06:15+01:00,89.111051
2026-03-13 06:30+01:00,97.266371
2026-03-13 06:45+01:00,88.099336
2026-03-13 07:00+01:00,96.883570
2026-03-13 07:15+01:00,90.751107
2026-03-13 07:30+01:00,86.975050
2026-03-13 07:45+01:00,105.411420
2026-03-13 08:00+01:00,104.066526
2026-03-13 08:15+01:00,100.219245
2026-03-13 08:30+01:00,97.238866
2026-03-13 08:45+01:00,88.718919
2026-03-13 09:00+01:00,94.302510
2026-03-13 09:15+01:00,100.580165
2026-03-13 09:30+01:00,738.005336
2026-03-13 09:45+01:00,89.415839
2026-03-13 10:00+01:00,99.290907
2026-03-13 10:15+01:00,98.293073
2026-03-13 10:30+01:00,100.256518
2026-03-13 10:45+01:00,101.763616
2026-03-13 11:00+01:00,96.212505
2026-03-13 11:15+01:00,102.073568
2026-03-13 11:30+01:00,97.362789
2026-03-13 11:45+01:00,92.816382
2026-03-13 12:00+01:00,105.630939
2026-03-13 12:15+01:00,91.121531
2026-03-13 12:30+01:00,93.860658
2026-03-13 12:45+01:00,92.829653
2026-03-13 13:00+01:00,90.125377
2026-03-13 13:15+01:00,98.375260
2026-03-13 13:30+01:00,90.581755
2026-03-13 13:45+01:00,0.000000
2026-03-13 14:00+01:00,0.000000
2026-03-13 14:15+01:00,0.000000
2026-03-13 14:30+01:00,0.000000
2026-03-13 14:45+01:00,0.000000
2026-03-13 15:00+01:00,0.000000
2026-03-13 15:15+01:00,0.000000
2026-03-13 15:30+01:00,0.000000
2026-03-13 15:45+01:00,0.000000
2026-03-13 16:00+01:00,
2026-03-13 16:15+01:00,0.000000
2026-03-13 16:30+01:00,0.000000
2026-03-13 16:45+01:00,0.000000
2026-03-13 17:00+01:00,0.000000
2026-03-13 17:15+01:00,0.000000
2026-03-13 17:30+01:00,0.000000
2026-03-13 17:45+01:00,0.000000
2026-03-13 18:00+01:00,0.000000
2026-03-13 18:15+01:00,0.000000
2026-03-13 18:30+01:00,0.000000
2026-03-13 18:45+01:00,0.000000
2026-03-13 19:00+01:00,0.000000
2026-03-13 19:15+01:00,0.000000
2026-03-13 19:30+01:00,0.000000
2026-03-13 19:45+01:00,0.000000
2026-03-13 20:00+01:00,0.000000
2026-03-13 20:15+01:00,0.000000
2026-03-13 20:30+01:00,0.000000
2026-03-13 20:45+01:00,0.000000
2026-03-13 21:00+01:00,0.000000
2026-03-13 21:15+01:00,0.000000
2026-03-13 21:30+01:00,0.000000
2026-03-13 21:45+01:00,0.000000
2026-03-13 22:00+01:00,0.000000
2026-03-13 22:15+01:00,0.000000
2026-03-13 22:30+01:00,0.000000
2026-03-13 22:45+01:00,0.000000
2026-03-13 23:00+01:00,
2026-03-13 23:15+01:00,
2026-03-13 23:30+01:00,0.000000
2026-03-13 23:45+01:00,0.000000
2026-03-14 00:00+01:00,0.000000
2026-03-14 00:15+01:00,0.000000
2026-03-14 00:30+01:00,0.000000
2026-03-14 00:45+01:00,0.000000
2026-03-14 01:00+01:00,0.000000
2026-03-14 01:15+01:00,0.000000
2026-03-14 01:30+01:00,0.000000
2026-03-14 01:45+01:00,0.000000
2026-03-14 02:00+01:00,0.000000
2026-03-14 02:15+01:00,0.000000
2026-03-14 02:30+01:00,
2026-03-14 02:45+01:00,0.000000
2026-03-14 03:00+01:00,0.000000
2026-03-14 03:15+01:00,0.000000
2026-03-14 03:30+01:00,0.000000
2026-03-14 03:45+01:00,0.000000
2026-03-14 04:00+01:00,87.319767
2026-03-14 04:15+01:00,94.285845
2026-03-14 04:30+01:00,102.280914
2026-03-14 04:45+01:00,101.489354
2026-03-14 05:00+01:00,88.368929
2026-03-14 05:15+01:00,96.049409
2026-03-14 05:30+01:00,97.236412
2026-03-14 05:45+01:00,97.679379
2026-03-14 06:00+01:00,
2026-03-14 06:15+01:00,93.019872
2026-03-14 06:30+01:00,89.281369
2026-03-14 06:45+01:00,96.709914
2026-03-14 07:00+01:00,89.350917
2026-03-14 07:15+01:00,93.356329
2026-03-14 07:30+01:00,97.801472
2026-03-14 07:45+01:00,0.000000
2026-03-14 08:00+01:00,0.000000
2026-03-14 08:15+01:00,0.000000
2026-03-14 08:30+01:00,0.000000
2026-03-14 08:45+01:00,0.000000
2026-03-14 09:00+01:00,0.000000
2026-03-14 09:15+01:00,0.000000
2026-03-14 09:30+01:00,0.000000
2026-03-14 09:45+01:00,0.000000
2026-03-14 10:00+01:00,0.000000
2026-03-14 10:15+01:00,0.000000
2026-03-14 10:30+01:00,96.114983
2026-03-14 10:45+01:00,
2026-03-14 11:00+01:00,93.543993
2026-03-14 11:15+01:00,99.056732
2026-03-14 11:30+01:00,103.586884
2026-03-14 11:45+01:00,87.264759
2026-03-14 12:00+01:00,105.354900
2026-03-14 12:15+01:00,90.489838
2026-03-14 12:30+01:00,101.767404
2026-03-14 12:45+01:00,93.619815
2026-03-14 13:00+01:00,96.589729
2026-03-14 13:15+01:00,86.397734
2026-03-14 13:30+01:00,102.285998
2026-03-14 13:45+01:00,94.561979
2026-03-14 14:00+01:00,97.116563
2026-03-14 14:15+01:00,98.695987
2026-03-14 14:30+01:00,0.000000
2026-03-14 14:45+01:00,0.000000
2026-03-14 15:00+01:00,0.000000
2026-03-14 15:15+01:00,0.000000
2026-03-14 15:30+01:00,
2026-03-14 15:45+01:00,0.000000
2026-03-14 16:00+01:00,0.000000
2026-03-14 16:15+01:00,0.000000
2026-03-14 16:30+01:00,0.000000
2026-03-14 16:45+01:00,0.000000
2026-03-14 17:00+01:00,0.000000
2026-03-14 17:15+01:00,0.000000
2026-03-14 17:30+01:00,0.000000
2026-03-14 17:45+01:00,0.000000
2026-03-14 18:00+01:00,0.000000
2026-03-14 18:15+01:00,0.000000
2026-03-14 18:30+01:00,0.000000
2026-03-14 18:45+01:00,0.000000
2026-03-14 19:00+01:00,0.000000
2026-03-14 19:15+01:00,0.000000
2026-03-14 19:30+01:00,0.000000
2026-03-14 19:45+01:00,0.000000
2026-03-14 20:00+01:00,0.000000
2026-03-14 20:15+01:00,0.000000
2026-03-14 20:30+01:00,0.000000
2026-03-14 20:45+01:00,0.000000
2026-03-14 21:00+01:00,0.000000
2026-03-14 21:15+01:00,0.000000
2026-03-14 21:30+01:00,0.000000
2026-03-14 21:45+01:00,0.000000
2026-03-14 22:00+01:00,0.000000
2026-03-14 22:15+01:00,0.000000
2026-03-14 22:30+01:00,0.000000
2026-03-14 22:45+01:00,0.000000
2026-03-14 23:00+01:00,0.000000
2026-03-14 23:15+01:00,0.000000
2026-03-14 23:30+01:00,0.000000
2026-03-14 23:45+01:00,
2026-03-15 00:00+01:00,0.000000
2026-03-15 00:15+01:00,0.000000
2026-03-15 00:30+01:00,0.000000
2026-03-15 00:45+01:00,0.000000
2026-03-15 01:00+01:00,
2026-03-15 01:15+01:00,0.000000
2026-03-15 01:30+01:00,0.000000
2026-03-15 01:45+01:00,0.000000
2026-03-15 02:00+01:00,0.000000
2026-03-15 02:15+01:00,89.005144
2026-03-15 02:30+01:00,94.751808
2026-03-15 02:45+01:00,94.746667
2026-03-15 03:00+01:00,87.897183
2026-03-15 03:15+01:00,93.713177
2026-03-15 03:30+01:00,98.895631
2026-03-15 03:45+01:00,96.505738
2026-03-15 04:00+01:00,101.526909
2026-03-15 04:15+01:00,93.822249
2026-03-15 04:30+01:00,93.505956
2026-03-15 04:45+01:00,93.705184
2026-03-15 05:00+01:00,
2026-03-15 05:15+01:00,96.496687
2026-03-15 05:30+01:00,102.495848
2026-03-15 05:45+01:00,98.829118
2026-03-15 06:00+01:00,92.861651
2026-03-15 06:15+01:00,89.753229
2026-03-15 06:30+01:00,95.780634
2026-03-15 06:45+01:00,96.130444
2026-03-15 07:00+01:00,93.387009
2026-03-15 07:15+01:00,94.358508
2026-03-15 07:30+01:00,103.602698
2026-03-15 07:45+01:00,
2026-03-15 08:00+01:00,92.663104
2026-03-15 08:15+01:00,104.401592
2026-03-15 08:30+01:00,102.868930
2026-03-15 08:45+01:00,93.620612
2026-03-15 09:00+01:00,95.955919
2026-03-15 09:15+01:00,98.834920
2026-03-15 09:30+01:00,101.880061
2026-03-15 09:45+01:00,104.548691
2026-03-15 10:00+01:00,0.000000
2026-03-15 10:15+01:00,0.000000
2026-03-15 10:30+01:00,0.000000
2026-03-15 10:45+01:00,0.000000
2026-03-15 11:00+01:00,0.000000
2026-03-15 11:15+01:00,0.000000
2026-03-15 11:30+01:00,0.000000
2026-03-15 11:45+01:00,0.000000
2026-03-15 12:00+01:00,0.000000
2026-03-15 12:15+01:00,0.000000
2026-03-15 12:30+01:00,0.000000
2026-03-15 12:45+01:00,0.000000
2026-03-15 13:00+01:00,0.000000
2026-03-15 13:15+01:00,0.000000
2026-03-15 13:30+01:00,0.000000
2026-03-15 13:45+01:00,0.000000
2026-03-15 14:00+01:00,0.000000
2026-03-15 14:15+01:00,
2026-03-15 14:30+01:00,0.000000
2026-03-15 14:45+01:00,0.000000
2026-03-15 15:00+01:00,0.000000
2026-03-15 15:15+01:00,0.000000
2026-03-15 15:30+01:00,0.000000
2026-03-15 15:45+01:00,0.000000
2026-03-15 16:00+01:00,0.000000
2026-03-15 16:15+01:00,0.000000
2026-03-15 16:30+01:00,0.000000
2026-03-15 16:45+01:00,0.000000
2026-03-15 17:00+01:00,0.000000
2026-03-15 17:15+01:00,0.000000
2026-03-15 17:30+01:00,0.000000
2026-03-15 17:45+01:00,0.000000
2026-03-15 18:00+01:00,0.000000
2026-03-15 18:15+01:00,0.000000
2026-03-15 18:30+01:00,0.000000
2026-03-15 18:45+01:00,0.000000
2026-03-15 19:00+01:00,0.000000
2026-03-15 19:15+01:00,0.000000
2026-03-15 19:30+01:00,0.000000
2026-03-15 19:45+01:00,0.000000
2026-03-15 20:00+01:00,0.000000
2026-03-15 20:15+01:00,0.000000
2026-03-15 20:30+01:00,0.000000
2026-03-15 20:45+01:00,0.000000
2026-03-15 21:00+01:00,0.000000
2026-03-15 21:15+01:00,0.000000
2026-03-15 21:30+01:00,0.000000
2026-03-15 21:45+01:00,0.000000
2026-03-15 22:00+01:00,0.000000
2026-03-15 22:15+01:00,0.000000
2026-03-15 22:30+01:00,0.000000
2026-03-15 22:45+01:00,0.000000
2026-03-15 23:00+01:00,0.000000
2026-03-15 23:15+01:00,0.000000
2026-03-15 23:30+01:00,0.000000
2026-03-15 23:45+01:00,0.000000
2026-03-16 00:00+01:00,0.000000
2026-03-16 00:15+01:00,
2026-03-16 00:30+01:00,0.000000
2026-03-16 00:45+01:00,0.000000
2026-03-16 01:00+01:00,0.000000
2026-03-16 01:15+01:00,0.000000
2026-03-16 01:30+01:00,0.000000
2026-03-16 01:45+01:00,0.000000
2026-03-16 02:00+01:00,0.000000
2026-03-16 02:15+01:00,0.000000
2026-03-16 02:30+01:00,0.000000
2026-03-16 02:45+01:00,94.614201
2026-03-16 03:00+01:00,95.677479
2026-03-16 03:15+01:00,93.647839
2026-03-16 03:30+01:00,92.873046
2026-03-16 03:45+01:00,95.228719
2026-03-16 04:00+01:00,95.403411
2026-03-16 04:15+01:00,107.971290
2026-03-16 04:30+01:00,91.537530
2026-03-16 04:45+01:00,93.553624
2026-03-16 05:00+01:00,98.256688
2026-03-16 05:15+01:00,0.000000
2026-03-16 05:30+01:00,0.000000
2026-03-16 05:45+01:00,0.000000
2026-03-16 06:00+01:00,0.000000
2026-03-16 06:15+01:00,0.000000
2026-03-16 06:30+01:00,0.000000
2026-03-16 06:45+01:00,0.000000
2026-03-16 07:00+01:00,0.000000
2026-03-16 07:15+01:00,0.000000
2026-03-16 07:30+01:00,0.000000
2026-03-16 07:45+01:00,0.000000
2026-03-16 08:00+01:00,0.000000
2026-03-16 08:15+01:00,0.000000
2026-03-16 08:30+01:00,0.000000
2026-03-16 08:45+01:00,0.000000
2026-03-16 09:00+01:00,0.000000
2026-03-16 09:15+01:00,93.444303
2026-03-16 09:30+01:00,92.074930
2026-03-16 09:45+01:00,97.343601
2026-03-16 10:00+01:00,99.474166
2026-03-16 10:15+01:00,94.017668
2026-03-16 10:30+01:00,88.425272
2026-03-16 10:45+01:00,97.236772
2026-03-16 11:00+01:00,92.912011
2026-03-16 11:15+01:00,98.463834
2026-03-16 11:30+01:00,97.052506
2026-03-16 11:45+01:00,94.717007
2026-03-16 12:00+01:00,0.000000
2026-03-16 12:15+01:00,0.000000
2026-03-16 12:30+01:00,0.000000
2026-03-16 12:45+01:00,0.000000
2026-03-16 13:00+01:00,0.000000
2026-03-16 13:15+01:00,0.000000
2026-03-16 13:30+01:00,0.000000
2026-03-16 13:45+01:00,0.000000
2026-03-16 14:00+01:00,0.000000
2026-03-16 14:15+01:00,0.000000
2026-03-16 14:30+01:00,0.000000
2026-03-16 14:45+01:00,95.752702
2026-03-16 15:00+01:00,100.207867
2026-03-16 15:15+01:00,96.816074
2026-03-16 15:30+01:00,95.737296
2026-03-16 15:45+01:00,95.662101
2026-03-16 16:00+01:00,95.277008
2026-03-16 16:15+01:00,97.982189
2026-03-16 16:30+01:00,101.279738
2026-03-16 16:45+01:00,98.128482
2026-03-16 17:00+01:00,88.818862
2026-03-16 17:15+01:00,0.000000
2026-03-16 17:30+01:00,0.000000
2026-03-16 17:45+01:00,0.000000
2026-03-16 18:00+01:00,0.000000
2026-03-16 18:15+01:00,
2026-03-16 18:30+01:00,0.000000
2026-03-16 18:45+01:00,0.000000
2026-03-16 19:00+01:00,0.000000
2026-03-16 19:15+01:00,0.000000
2026-03-16 19:30+01:00,0.000000
2026-03-16 19:45+01:00,0.000000
2026-03-16 20:00+01:00,0.000000
2026-03-16 20:15+01:00,0.000000
2026-03-16 20:30+01:00,0.000000
2026-03-16 20:45+01:00,0.000000
2026-03-16 21:00+01:00,0.000000
2026-03-16 21:15+01:00,0.000000
2026-03-16 21:30+01:00,0.000000
2026-03-16 21:45+01:00,0.000000
2026-03-16 22:00+01:00,0.000000
2026-03-16 22:15+01:00,0.000000
2026-03-16 22:30+01:00,0.000000
2026-03-16 22:45+01:00,
2026-03-16 23:00+01:00,0.000000
2026-03-16 23:15+01:00,0.000000
2026-03-16 23:30+01:00,0.000000
2026-03-16 23:45+01:00,0.000000
2026-03-17 00:00+01:00,0.000000
2026-03-17 00:15+01:00,0.000000
2026-03-17 00:30+01:00,0.000000
2026-03-17 00:45+01:00,0.000000
2026-03-17 01:00+01:00,0.000000
2026-03-17 01:15+01:00,0.000000
2026-03-17 01:30+01:00,0.000000
2026-03-17 01:45+01:00,0.000000
2026-03-17 02:00+01:00,0.000000
2026-03-17 02:15+01:00,0.000000
2026-03-17 02:30+01:00,0.000000
2026-03-17 02:45+01:00,0.000000
2026-03-17 03:00+01:00,0.000000
2026-03-17 03:15+01:00,0.000000
2026-03-17 03:30+01:00,0.000000
2026-03-17 03:45+01:00,0.000000
2026-03-17 04:00+01:00,95.760773
2026-03-17 04:15+01:00,91.393254
2026-03-17 04:30+01:00,
2026-03-17 04:45+01:00,91.604278
2026-03-17 05:00+01:00,101.530963
2026-03-17 05:15+01:00,92.681503
2026-03-17 05:30+01:00,84.312501
2026-03-17 05:45+01:00,99.595235
2026-03-17 06:00+01:00,92.334678
2026-03-17 06:15+01:00,86.501357
2026-03-17 06:30+01:00,98.840665
2026-03-17 06:45+01:00,98.157310
2026-03-17 07:00+01:00,98.228085
2026-03-17 07:15+01:00,101.596922
2026-03-17 07:30+01:00,90.578086
2026-03-17 07:45+01:00,0.000000
2026-03-17 08:00+01:00,0.000000
2026-03-17 08:15+01:00,0.000000
2026-03-17 08:30+01:00,0.000000
2026-03-17 08:45+01:00,0.000000
2026-03-17 09:00+01:00,0.000000
2026-03-17 09:15+01:00,0.000000
2026-03-17 09:30+01:00,0.000000
2026-03-17 09:45+01:00,0.000000
2026-03-17 10:00+01:00,0.000000
2026-03-17 10:15+01:00,0.000000
2026-03-17 10:30+01:00,0.000000
2026-03-17 10:45+01:00,0.000000
2026-03-17 11:00+01:00,
2026-03-17 11:15+01:00,0.000000
2026-03-17 11:30+01:00,0.000000
2026-03-17 11:45+01:00,0.000000
2026-03-17 12:00+01:00,0.000000
2026-03-17 12:15+01:00,103.107809
2026-03-17 12:30+01:00,95.097608
2026-03-17 12:45+01:00,87.370591
2026-03-17 13:00+01:00,94.801169
2026-03-17 13:15+01:00,97.368681
2026-03-17 13:30+01:00,100.459656
2026-03-17 13:45+01:00,92.323354
2026-03-17 14:00+01:00,
2026-03-17 14:15+01:00,96.756072
2026-03-17 14:30+01:00,
2026-03-17 14:45+01:00,97.590724
2026-03-17 15:00+01:00,93.612147
2026-03-17 15:15+01:00,95.809804
2026-03-17 15:30+01:00,94.669919
2026-03-17 15:45+01:00,97.746741
2026-03-17 16:00+01:00,93.364620
2026-03-17 16:15+01:00,0.000000
2026-03-17 16:30+01:00,0.000000
2026-03-17 16:45+01:00,0.000000
2026-03-17 17:00+01:00,0.000000
2026-03-17 17:15+01:00,0.000000
2026-03-17 17:30+01:00,0.000000
2026-03-17 17:45+01:00,0.000000
2026-03-17 18:00+01:00,0.000000
2026-03-17 18:15+01:00,0.000000
2026-03-17 18:30+01:00,0.000000
2026-03-17 18:45+01:00,0.000000
2026-03-17 19:00+01:00,0.000000
2026-03-17 19:15+01:00,0.000000
2026-03-17 19:30+01:00,0.000000
2026-03-17 19:45+01:00,0.000000
2026-03-17 20:00+01:00,0.000000
2026-03-17 20:15+01:00,0.000000
2026-03-17 20:30+01:00,0.000000
2026-03-17 20:45+01:00,0.000000
2026-03-17 21:00+01:00,0.000000
2026-03-17 21:15+01:00,
2026-03-17 21:30+01:00,0.000000
2026-03-17 21:45+01:00,0.000000
2026-03-17 22:00+01:00,0.000000
2026-03-17 22:15+01:00,0.000000
2026-03-17 22:30+01:00,0.000000
2026-03-17 22:45+01:00,
2026-03-17 23:00+01:00,0.000000
2026-03-17 23:15+01:00,0.000000
2026-03-17 23:30+01:00,0.000000
2026-03-17 23:45+01:00,0.000000
2026-03-18 00:00+01:00,0.000000
2026-03-18 00:15+01:00,0.000000
2026-03-18 00:30+01:00,0.000000
2026-03-18 00:45+01:00,0.000000
2026-03-18 01:00+01:00,0.000000
2026-03-18 01:15+01:00,0.000000
2026-03-18 01:30+01:00,0.000000
2026-03-18 01:45+01:00,0.000000
2026-03-18 02:00+01:00,0.000000
2026-03-18 02:15+01:00,0.000000
2026-03-18 02:30+01:00,0.000000
2026-03-18 02:45+01:00,0.000000
2026-03-18 03:00+01:00,0.000000
2026-03-18 03:15+01:00,0.000000
2026-03-18 03:30+01:00,0.000000
2026-03-18 03:45+01:00,0.000000
2026-03-18 04:00+01:00,0.000000
2026-03-18 04:15+01:00,0.000000
2026-03-18 04:30+01:00,0.000000
2026-03-18 04:45+01:00,
2026-03-18 05:00+01:00,0.000000
2026-03-18 05:15+01:00,0.000000
2026-03-18 05:30+01:00,0.000000
2026-03-18 05:45+01:00,0.000000
2026-03-18 06:00+01:00,0.000000
2026-03-18 06:15+01:00,0.000000
2026-03-18 06:30+01:00,0.000000
2026-03-18 06:45+01:00,0.000000
2026-03-18 07:00+01:00,0.000000
2026-03-18 07:15+01:00,0.000000
2026-03-18 07:30+01:00,0.000000
2026-03-18 07:45+01:00,0.000000
2026-03-18 08:00+01:00,0.000000
2026-03-18 08:15+01:00,0.000000
2026-03-18 08:30+01:00,0.000000
2026-03-18 08:45+01:00,
2026-03-18 09:00+01:00,0.000000
2026-03-18 09:15+01:00,0.000000
2026-03-18 09:30+01:00,0.000000
2026-03-18 09:45+01:00,0.000000
2026-03-18 10:00+01:00,0.000000
2026-03-18 10:15+01:00,104.869753
2026-03-18 10:30+01:00,102.362628
2026-03-18 10:45+01:00,97.931515
2026-03-18 11:00+01:00,96.489573
2026-03-18 11:15+01:00,97.274773
2026-03-18 11:30+01:00,107.176276
2026-03-18 11:45+01:00,92.073088
2026-03-18 12:00+01:00,95.293171
2026-03-18 12:15+01:00,91.409871
2026-03-18 12:30+01:00,93.166660
2026-03-18 12:45+01:00,97.087771
2026-03-18 13:00+01:00,91.069841
2026-03-18 13:15+01:00,93.167735
2026-03-18 13:30+01:00,94.513445
2026-03-18 13:45+01:00,98.904522
2026-03-18 14:00+01:00,941.823487
2026-03-18 14:15+01:00,760.064551
2026-03-18 14:30+01:00,93.639842
2026-03-18 14:45+01:00,83.667596
2026-03-18 15:00+01:00,100.651490
2026-03-18 15:15+01:00,96.346255
2026-03-18 15:30+01:00,96.307092
2026-03-18 15:45+01:00,93.108927
2026-03-18 16:00+01:00,96.269313
2026-03-18 16:15+01:00,98.572658
2026-03-18 16:30+01:00,92.951709
2026-03-18 16:45+01:00,98.663648
2026-03-18 17:00+01:00,91.084202
2026-03-18 17:15+01:00,96.251013
2026-03-18 17:30+01:00,97.069878
2026-03-18 17:45+01:00,90.471901
2026-03-18 18:00+01:00,0.000000
2026-03-18 18:15+01:00,0.000000
2026-03-18 18:30+01:00,0.000000
2026-03-18 18:45+01:00,0.000000
2026-03-18 19:00+01:00,0.000000
2026-03-18 19:15+01:00,0.000000
2026-03-18 19:30+01:00,0.000000
2026-03-18 19:45+01:00,0.000000
2026-03-18 20:00+01:00,
2026-03-18 20:15+01:00,0.000000
2026-03-18 20:30+01:00,0.000000
2026-03-18 20:45+01:00,0.000000
2026-03-18 21:00+01:00,0.000000
2026-03-18 21:15+01:00,0.000000
2026-03-18 21:30+01:00,0.000000
2026-03-18 21:45+01:00,
2026-03-18 22:00+01:00,0.000000
2026-03-18 22:15+01:00,0.000000
2026-03-18 22:30+01:00,0.000000
2026-03-18 22:45+01:00,0.000000
2026-03-18 23:00+01:00,0.000000
2026-03-18 23:15+01:00,0.000000
2026-03-18 23:30+01:00,0.000000
2026-03-18 23:45+01:00,0.000000
2026-03-19 00:00+01:00,0.000000
2026-03-19 00:15+01:00,0.000000
2026-03-19 00:30+01:00,0.000000
2026-03-19 00:45+01:00,0.000000
2026-03-19 01:00+01:00,0.000000
2026-03-19 01:15+01:00,0.000000
2026-03-19 01:30+01:00,0.000000
2026-03-19 01:45+01:00,0.000000
2026-03-19 02:00+01:00,0.000000
2026-03-19 02:15+01:00,0.000000
2026-03-19 02:30+01:00,0.000000
2026-03-19 02:45+01:00,0.000000
2026-03-19 03:00+01:00,0.000000
2026-03-19 03:15+01:00,0.000000
2026-03-19 03:30+01:00,0.000000
2026-03-19 03:45+01:00,0.000000
2026-03-19 04:00+01:00,0.000000
2026-03-19 04:15+01:00,97.871998
2026-03-19 04:30+01:00,
2026-03-19 04:45+01:00,102.181086
2026-03-19 05:00+01:00,95.814385
2026-03-19 05:15+01:00,99.476296
2026-03-19 05:30+01:00,108.596318
2026-03-19 05:45+01:00,103.109631
2026-03-19 06:00+01:00,91.506106
2026-03-19 06:15+01:00,95.913487
2026-03-19 06:30+01:00,91.996243
2026-03-19 06:45+01:00,100.710742
2026-03-19 07:00+01:00,0.000000
2026-03-19 07:15+01:00,0.000000
2026-03-19 07:30+01:00,0.000000
2026-03-19 07:45+01:00,0.000000
2026-03-19 08:00+01:00,0.000000
2026-03-19 08:15+01:00,0.000000
2026-03-19 08:30+01:00,0.000000
2026-03-19 08:45+01:00,0.000000
2026-03-19 09:00+01:00,0.000000
2026-03-19 09:15+01:00,0.000000
2026-03-19 09:30+01:00,0.000000
2026-03-19 09:45+01:00,0.000000
2026-03-19 10:00+01:00,0.000000
2026-03-19 10:15+01:00,0.000000
2026-03-19 10:30+01:00,0.000000
2026-03-19 10:45+01:00,0.000000
2026-03-19 11:00+01:00,0.000000
2026-03-19 11:15+01:00,0.000000
2026-03-19 11:30+01:00,
2026-03-19 11:45+01:00,0.000000
2026-03-19 12:00+01:00,0.000000
2026-03-19 12:15+01:00,0.000000
2026-03-19 12:30+01:00,0.000000
2026-03-19 12:45+01:00,0.000000
2026-03-19 13:00+01:00,0.000000
2026-03-19 13:15+01:00,0.000000
2026-03-19 13:30+01:00,93.722965
2026-03-19 13:45+01:00,93.356998
2026-03-19 14:00+01:00,99.333395
2026-03-19 14:15+01:00,
2026-03-19 14:30+01:00,89.625584
2026-03-19 14:45+01:00,90.282439
2026-03-19 15:00+01:00,92.977174
2026-03-19 15:15+01:00,94.397905
2026-03-19 15:30+01:00,89.664029
2026-03-19 15:45+01:00,103.372146
2026-03-19 16:00+01:00,0.000000
2026-03-19 16:15+01:00,0.000000
2026-03-19 16:30+01:00,0.000000
2026-03-19 16:45+01:00,0.000000
2026-03-19 17:00+01:00,0.000000
2026-03-19 17:15+01:00,0.000000
2026-03-19 17:30+01:00,0.000000
2026-03-19 17:45+01:00,0.000000
2026-03-19 18:00+01:00,0.000000
2026-03-19 18:15+01:00,97.068575
2026-03-19 18:30+01:00,93.763905
2026-03-19 18:45+01:00,
2026-03-19 19:00+01:00,93.744356
2026-03-19 19:15+01:00,103.704496
2026-03-19 19:30+01:00,89.659653
2026-03-19 19:45+01:00,94.717753
2026-03-19 20:00+01:00,90.332728
2026-03-19 20:15+01:00,89.732216
2026-03-19 20:30+01:00,92.261442
2026-03-19 20:45+01:00,0.000000
2026-03-19 21:00+01:00,0.000000
2026-03-19 21:15+01:00,0.000000
2026-03-19 21:30+01:00,0.000000
2026-03-19 21:45+01:00,0.000000
2026-03-19 22:00+01:00,0.000000
2026-03-19 22:15+01:00,0.000000
2026-03-19 22:30+01:00,
2026-03-19 22:45+01:00,0.000000
2026-03-19 23:00+01:00,0.000000
2026-03-19 23:15+01:00,0.000000
2026-03-19 23:30+01:00,0.000000
2026-03-19 23:45+01:00,0.000000
2026-03-20 00:00+01:00,0.000000
2026-03-20 00:15+01:00,0.000000
2026-03-20 00:30+01:00,0.000000
2026-03-20 00:45+01:00,0.000000
2026-03-20 01:00+01:00,0.000000
2026-03-20 01:15+01:00,0.000000
2026-03-20 01:30+01:00,0.000000
2026-03-20 01:45+01:00,0.000000
2026-03-20 02:00+01:00,0.000000
2026-03-20 02:15+01:00,0.000000
2026-03-20 02:30+01:00,0.000000
2026-03-20 02:45+01:00,0.000000
2026-03-20 03:00+01:00,0.000000
2026-03-20 03:15+01:00,0.000000
2026-03-20 03:30+01:00,0.000000
2026-03-20 03:45+01:00,0.000000
2026-03-20 04:00+01:00,0.000000
2026-03-20 04:15+01:00,0.000000
2026-03-20 04:30+01:00,0.000000
2026-03-20 04:45+01:00,0.000000
2026-03-20 05:00+01:00,0.000000
2026-03-20 05:15+01:00,0.000000
2026-03-20 05:30+01:00,0.000000
2026-03-20 05:45+01:00,0.000000
2026-03-20 06:00+01:00,0.000000
2026-03-20 06:15+01:00,0.000000
2026-03-20 06:30+01:00,0.000000
2026-03-20 06:45+01:00,0.000000
2026-03-20 07:00+01:00,0.000000
2026-03-20 07:15+01:00,0.000000
2026-03-20 07:30+01:00,0.000000
2026-03-20 07:45+01:00,0.000000
2026-03-20 08:00+01:00,0.000000
2026-03-20 08:15+01:00,0.000000
2026-03-20 08:30+01:00,0.000000
2026-03-20 08:45+01:00,0.000000
2026-03-20 09:00+01:00,0.000000
2026-03-20 09:15+01:00,0.000000
2026-03-20 09:30+01:00,0.000000
2026-03-20 09:45+01:00,99.875062
2026-03-20 10:00+01:00,96.242548
2026-03-20 10:15+01:00,92.768272
2026-03-20 10:30+01:00,95.983728
2026-03-20 10:45+01:00,95.892203
2026-03-20 11:00+01:00,
2026-03-20 11:15+01:00,89.653048
2026-03-20 11:30+01:00,93.037416
2026-03-20 11:45+01:00,96.312088
2026-03-20 12:00+01:00,97.419094
2026-03-20 12:15+01:00,104.484127
2026-03-20 12:30+01:00,91.716633
2026-03-20 12:45+01:00,96.689184
2026-03-20 13:00+01:00,89.368301
2026-03-20 13:15+01:00,87.092331
2026-03-20 13:30+01:00,85.470472
2026-03-20 13:45+01:00,103.937545
2026-03-20 14:00+01:00,107.976305
2026-03-20 14:15+01:00,95.171864
2026-03-20 14:30+01:00,103.721902
2026-03-20 14:45+01:00,94.462365
2026-03-20 15:00+01:00,95.143584
2026-03-20 15:15+01:00,90.492478
2026-03-20 15:30+01:00,90.322156
2026-03-20 15:45+01:00,93.359968
2026-03-20 16:00+01:00,91.859062
2026-03-20 16:15+01:00,97.607908
2026-03-20 16:30+01:00,99.201397
2026-03-20 16:45+01:00,98.733908
2026-03-20 17:00+01:00,93.886241
2026-03-20 17:15+01:00,96.389442
2026-03-20 17:30+01:00,0.000000
2026-03-20 17:45+01:00,0.000000
2026-03-20 18:00+01:00,0.000000
2026-03-20 18:15+01:00,0.000000
2026-03-20 18:30+01:00,
2026-03-20 18:45+01:00,0.000000
2026-03-20 19:00+01:00,0.000000
2026-03-20 19:15+01:00,0.000000
2026-03-20 19:30+01:00,0.000000
2026-03-20 19:45+01:00,0.000000
2026-03-20 20:00+01:00,0.000000
2026-03-20 20:15+01:00,0.000000
2026-03-20 20:30+01:00,0.000000
2026-03-20 20:45+01:00,
2026-03-20 21:00+01:00,0.000000
2026-03-20 21:15+01:00,0.000000
2026-03-20 21:30+01:00,0.000000
2026-03-20 21:45+01:00,0.000000
2026-03-20 22:00+01:00,0.000000
2026-03-20 22:15+01:00,0.000000
2026-03-20 22:30+01:00,0.000000
2026-03-20 22:45+01:00,0.000000
2026-03-20 23:00+01:00,0.000000
2026-03-20 23:15+01:00,0.000000
2026-03-20 23:30+01:00,0.000000
2026-03-20 23:45+01:00,0.000000
2026-03-21 00:00+01:00,
2026-03-21 00:15+01:00,0.000000
2026-03-21 00:30+01:00,0.000000
2026-03-21 00:45+01:00,0.000000
2026-03-21 01:00+01:00,0.000000
2026-03-21 01:15+01:00,0.000000
2026-03-21 01:30+01:00,0.000000
2026-03-21 01:45+01:00,0.000000
2026-03-21 02:00+01:00,0.000000
2026-03-21 02:15+01:00,0.000000
2026-03-21 02:30+01:00,0.000000
2026-03-21 02:45+01:00,0.000000
2026-03-21 03:00+01:00,0.000000
2026-03-21 03:15+01:00,0.000000
2026-03-21 03:30+01:00,0.000000
2026-03-21 03:45+01:00,0.000000
2026-03-21 04:00+01:00,0.000000
2026-03-21 04:15+01:00,
2026-03-21 04:30+01:00,0.000000
2026-03-21 04:45+01:00,0.000000
2026-03-21 05:00+01:00,
2026-03-21 05:15+01:00,0.000000
2026-03-21 05:30+01:00,0.000000
2026-03-21 05:45+01:00,98.567811
2026-03-21 06:00+01:00,95.873203
2026-03-21 06:15+01:00,99.998663
2026-03-21 06:30+01:00,94.186339
2026-03-21 06:45+01:00,
2026-03-21 07:00+01:00,92.129343
2026-03-21 07:15+01:00,96.145024
2026-03-21 07:30+01:00,100.373576
2026-03-21 07:45+01:00,92.235665
2026-03-21 08:00+01:00,100.954782
2026-03-21 08:15+01:00,93.901267
2026-03-21 08:30+01:00,93.974555
2026-03-21 08:45+01:00,99.218373
2026-03-21 09:00+01:00,96.247207
2026-03-21 09:15+01:00,93.489486
2026-03-21 09:30+01:00,
2026-03-21 09:45+01:00,0.000000
2026-03-21 10:00+01:00,96.309122
2026-03-21 10:15+01:00,93.352882
2026-03-21 10:30+01:00,89.090119
2026-03-21 10:45+01:00,93.305912
2026-03-21 11:00+01:00,92.256409
2026-03-21 11:15+01:00,
2026-03-21 11:30+01:00,99.740199
2026-03-21 11:45+01:00,94.371142
2026-03-21 12:00+01:00,87.600030
2026-03-21 12:15+01:00,95.242172
2026-03-21 12:30+01:00,96.267551
2026-03-21 12:45+01:00,91.893693
2026-03-21 13:00+01:00,91.799081
2026-03-21 13:15+01:00,103.664109
2026-03-21 13:30+01:00,
2026-03-21 13:45+01:00,0.000000
2026-03-21 14:00+01:00,0.000000
2026-03-21 14:15+01:00,0.000000
2026-03-21 14:30+01:00,0.000000
2026-03-21 14:45+01:00,0.000000
2026-03-21 15:00+01:00,0.000000
2026-03-21 15:15+01:00,0.000000
2026-03-21 15:30+01:00,0.000000
2026-03-21 15:45+01:00,0.000000
2026-03-21 16:00+01:00,0.000000
2026-03-21 16:15+01:00,0.000000
2026-03-21 16:30+01:00,0.000000
2026-03-21 16:45+01:00,0.000000
2026-03-21 17:00+01:00,0.000000
2026-03-21 17:15+01:00,0.000000
2026-03-21 17:30+01:00,
2026-03-21 17:45+01:00,0.000000
2026-03-21 18:00+01:00,0.000000
2026-03-21 18:15+01:00,0.000000
2026-03-21 18:30+01:00,0.000000
2026-03-21 18:45+01:00,0.000000
2026-03-21 19:00+01:00,0.000000
2026-03-21 19:15+01:00,0.000000
2026-03-21 19:30+01:00,0.000000
2026-03-21 19:45+01:00,0.000000
2026-03-21 20:00+01:00,0.000000
2026-03-21 20:15+01:00,0.000000
2026-03-21 20:30+01:00,0.000000
2026-03-21 20:45+01:00,0.000000
2026-03-21 21:00+01:00,0.000000
2026-03-21 21:15+01:00,0.000000
2026-03-21 21:30+01:00,0.000000
2026-03-21 21:45+01:00,0.000000
2026-03-21 22:00+01:00,0.000000
2026-03-21 22:15+01:00,0.000000
2026-03-21 22:30+01:00,0.000000
2026-03-21 22:45+01:00,0.000000
2026-03-21 23:00+01:00,0.000000
2026-03-21 23:15+01:00,0.000000
2026-03-21 23:30+01:00,0.000000
2026-03-21 23:45+01:00,0.000000
2026-03-22 00:00+01:00,0.000000
2026-03-22 00:15+01:00,0.000000
2026-03-22 00:30+01:00,0.000000
2026-03-22 00:45+01:00,0.000000
2026-03-22 01:00+01:00,
2026-03-22 01:15+01:00,0.000000
2026-03-22 01:30+01:00,0.000000
2026-03-22 01:45+01:00,0.000000
2026-03-22 02:00+01:00,0.000000
2026-03-22 02:15+01:00,0.000000
2026-03-22 02:30+01:00,0.000000
2026-03-22 02:45+01:00,0.000000
2026-03-22 03:00+01:00,
2026-03-22 03:15+01:00,0.000000
2026-03-22 03:30+01:00,
2026-03-22 03:45+01:00,0.000000
2026-03-22 04:00+01:00,0.000000
2026-03-22 04:15+01:00,0.000000
2026-03-22 04:30+01:00,0.000000
2026-03-22 04:45+01:00,0.000000
2026-03-22 05:00+01:00,0.000000
2026-03-22 05:15+01:00,0.000000
2026-03-22 05:30+01:00,0.000000
2026-03-22 05:45+01:00,0.000000
2026-03-22 06:00+01:00,0.000000
2026-03-22 06:15+01:00,0.000000
2026-03-22 06:30+01:00,0.000000
2026-03-22 06:45+01:00,0.000000
2026-03-22 07:00+01:00,0.000000
2026-03-22 07:15+01:00,0.000000
2026-03-22 07:30+01:00,88.575055
2026-03-22 07:45+01:00,101.755121
2026-03-22 08:00+01:00,97.135784
2026-03-22 08:15+01:00,87.063082
2026-03-22 08:30+01:00,92.890056
2026-03-22 08:45+01:00,87.642440
2026-03-22 09:00+01:00,93.087711
2026-03-22 09:15+01:00,89.822574
2026-03-22 09:30+01:00,89.977692
2026-03-22 09:45+01:00,100.948480
2026-03-22 10:00+01:00,88.121109
2026-03-22 10:15+01:00,100.569284
2026-03-22 10:30+01:00,93.276881
2026-03-22 10:45+01:00,93.600630
2026-03-22 11:00+01:00,94.586502
2026-03-22 11:15+01:00,96.323350
2026-03-22 11:30+01:00,98.790349
2026-03-22 11:45+01:00,91.228605
2026-03-22 12:00+01:00,93.025475
2026-03-22 12:15+01:00,103.795975
2026-03-22 12:30+01:00,100.600721
2026-03-22 12:45+01:00,94.250562
2026-03-22 13:00+01:00,97.390428
2026-03-22 13:15+01:00,103.587218
2026-03-22 13:30+01:00,95.340734
2026-03-22 13:45+01:00,94.138091
2026-03-22 14:00+01:00,97.244347
2026-03-22 14:15+01:00,97.706950
2026-03-22 14:30+01:00,96.500209
2026-03-22 14:45+01:00,90.926283
2026-03-22 15:00+01:00,94.309174
2026-03-22 15:15+01:00,0.000000
2026-03-22 15:30+01:00,0.000000
2026-03-22 15:45+01:00,0.000000
2026-03-22 16:00+01:00,0.000000
2026-03-22 16:15+01:00,0.000000
2026-03-22 16:30+01:00,0.000000
2026-03-22 16:45+01:00,0.000000
2026-03-22 17:00+01:00,0.000000
2026-03-22 17:15+01:00,0.000000
2026-03-22 17:30+01:00,0.000000
2026-03-22 17:45+01:00,0.000000
2026-03-22 18:00+01:00,0.000000
2026-03-22 18:15+01:00,
2026-03-22 18:30+01:00,
2026-03-22 18:45+01:00,0.000000
2026-03-22 19:00+01:00,0.000000
2026-03-22 19:15+01:00,0.000000
2026-03-22 19:30+01:00,0.000000
2026-03-22 19:45+01:00,0.000000
2026-03-22 20:00+01:00,0.000000
2026-03-22 20:15+01:00,0.000000
2026-03-22 20:30+01:00,0.000000
2026-03-22 20:45+01:00,0.000000
2026-03-22 21:00+01:00,0.000000
2026-03-22 21:15+01:00,0.000000
2026-03-22 21:30+01:00,0.000000
2026-03-22 21:45+01:00,0.000000
2026-03-22 22:00+01:00,0.000000
2026-03-22 22:15+01:00,0.000000
2026-03-22 22:30+01:00,0.000000
2026-03-22 22:45+01:00,0.000000
2026-03-22 23:00+01:00,0.000000
2026-03-22 23:15+01:00,0.000000
2026-03-22 23:30+01:00,0.000000
2026-03-22 23:45+01:00,0.000000
2026-03-23 00:00+01:00,0.000000
2026-03-23 00:15+01:00,0.000000
2026-03-23 00:30+01:00,0.000000
2026-03-23 00:45+01:00,0.000000
2026-03-23 01:00+01:00,0.000000
2026-03-23 01:15+01:00,0.000000
2026-03-23 01:30+01:00,0.000000
2026-03-23 01:45+01:00,0.000000
2026-03-23 02:00+01:00,0.000000
2026-03-23 02:15+01:00,0.000000
2026-03-23 02:30+01:00,0.000000
2026-03-23 02:45+01:00,0.000000
2026-03-23 03:00+01:00,0.000000
2026-03-23 03:15+01:00,0.000000
2026-03-23 03:30+01:00,0.000000
2026-03-23 03:45+01:00,0.000000
2026-03-23 04:00+01:00,0.000000
2026-03-23 04:15+01:00,0.000000
2026-03-23 04:30+01:00,0.000000
2026-03-23 04:45+01:00,0.000000
2026-03-23 05:00+01:00,0.000000
2026-03-23 05:15+01:00,0.000000
2026-03-23 05:30+01:00,0.000000
2026-03-23 05:45+01:00,0.000000
2026-03-23 06:00+01:00,0.000000
2026-03-23 06:15+01:00,0.000000
2026-03-23 06:30+01:00,0.000000
2026-03-23 06:45+01:00,0.000000
2026-03-23 07:00+01:00,0.000000
2026-03-23 07:15+01:00,0.000000
2026-03-23 07:30+01:00,0.000000
2026-03-23 07:45+01:00,0.000000
2026-03-23 08:00+01:00,0.000000
2026-03-23 08:15+01:00,0.000000
2026-03-23 08:30+01:00,0.000000
2026-03-23 08:45+01:00,0.000000
2026-03-23 09:00+01:00,0.000000
2026-03-23 09:15+01:00,0.000000
2026-03-23 09:30+01:00,0.000000
2026-03-23 09:45+01:00,0.000000
2026-03-23 10:00+01:00,
2026-03-23 10:15+01:00,0.000000
2026-03-23 10:30+01:00,0.000000
2026-03-23 10:45+01:00,80.956777
2026-03-23 11:00+01:00,95.055234
2026-03-23 11:15+01:00,97.085936
2026-03-23 11:30+01:00,94.656428
2026-03-23 11:45+01:00,91.360454
2026-03-23 12:00+01:00,99.860096
2026-03-23 12:15+01:00,90.664974
2026-03-23 12:30+01:00,94.509332
2026-03-23 12:45+01:00,92.703793
2026-03-23 13:00+01:00,94.771446
2026-03-23 13:15+01:00,81.844268
2026-03-23 13:30+01:00,97.351258
2026-03-23 13:45+01:00,101.135151
2026-03-23 14:00+01:00,96.521268
2026-03-23 14:15+01:00,94.099976
2026-03-23 14:30+01:00,101.308851
2026-03-23 14:45+01:00,99.728834
2026-03-23 15:00+01:00,90.722528
2026-03-23 15:15+01:00,103.528735
2026-03-23 15:30+01:00,93.056552
2026-03-23 15:45+01:00,89.460325
2026-03-23 16:00+01:00,101.093095
2026-03-23 16:15+01:00,101.775412
2026-03-23 16:30+01:00,95.762188
2026-03-23 16:45+01:00,94.462257
2026-03-23 17:00+01:00,90.595430
2026-03-23 17:15+01:00,87.996428
2026-03-23 17:30+01:00,95.999508
2026-03-23 17:45+01:00,89.302971
2026-03-23 18:00+01:00,99.425065
2026-03-23 18:15+01:00,89.373259
2026-03-23 18:30+01:00,0.000000
2026-03-23 18:45+01:00,0.000000
2026-03-23 19:00+01:00,0.000000
2026-03-23 19:15+01:00,0.000000
2026-03-23 19:30+01:00,0.000000
2026-03-23 19:45+01:00,0.000000
2026-03-23 20:00+01:00,0.000000
2026-03-23 20:15+01:00,0.000000
2026-03-23 20:30+01:00,0.000000
2026-03-23 20:45+01:00,0.000000
2026-03-23 21:00+01:00,0.000000
2026-03-23 21:15+01:00,0.000000
2026-03-23 21:30+01:00,0.000000
2026-03-23 21:45+01:00,0.000000
2026-03-23 22:00+01:00,0.000000
2026-03-23 22:15+01:00,0.000000
2026-03-23 22:30+01:00,0.000000
2026-03-23 22:45+01:00,0.000000
2026-03-23 23:00+01:00,0.000000
2026-03-23 23:15+01:00,0.000000
2026-03-23 23:30+01:00,0.000000
2026-03-23 23:45+01:00,0.000000
2026-03-24 00:00+01:00,0.000000
2026-03-24 00:15+01:00,0.000000
2026-03-24 00:30+01:00,0.000000
2026-03-24 00:45+01:00,0.000000
2026-03-24 01:00+01:00,91.338918
2026-03-24 01:15+01:00,92.052824
2026-03-24 01:30+01:00,92.648502
2026-03-24 01:45+01:00,100.981899
2026-03-24 02:00+01:00,90.089402
2026-03-24 02:15+01:00,102.090498
2026-03-24 02:30+01:00,96.455125
2026-03-24 02:45+01:00,103.455649
2026-03-24 03:00+01:00,103.153208
2026-03-24 03:15+01:00,102.418065
2026-03-24 03:30+01:00,0.000000
2026-03-24 03:45+01:00,0.000000
2026-03-24 04:00+01:00,0.000000
2026-03-24 04:15+01:00,
2026-03-24 04:30+01:00,0.000000
2026-03-24 04:45+01:00,0.000000
2026-03-24 05:00+01:00,96.159772
2026-03-24 05:15+01:00,90.332229
2026-03-24 05:30+01:00,92.603147
2026-03-24 05:45+01:00,100.588305
2026-03-24 06:00+01:00,96.657666
2026-03-24 06:15+01:00,95.360889
2026-03-24 06:30+01:00,92.407944
2026-03-24 06:45+01:00,92.004286
2026-03-24 07:00+01:00,97.140529
2026-03-24 07:15+01:00,93.152119
2026-03-24 07:30+01:00,0.000000
2026-03-24 07:45+01:00,0.000000
2026-03-24 08:00+01:00,0.000000
2026-03-24 08:15+01:00,0.000000
2026-03-24 08:30+01:00,0.000000
2026-03-24 08:45+01:00,0.000000
2026-03-24 09:00+01:00,0.000000
2026-03-24 09:15+01:00,0.000000
2026-03-24 09:30+01:00,0.000000
2026-03-24 09:45+01:00,0.000000
2026-03-24 10:00+01:00,0.000000
2026-03-24 10:15+01:00,0.000000
2026-03-24 10:30+01:00,0.000000
2026-03-24 10:45+01:00,0.000000
2026-03-24 11:00+01:00,0.000000
2026-03-24 11:15+01:00,0.000000
2026-03-24 11:30+01:00,0.000000
2026-03-24 11:45+01:00,0.000000
2026-03-24 12:00+01:00,0.000000
2026-03-24 12:15+01:00,0.000000
2026-03-24 12:30+01:00,0.000000
2026-03-24 12:45+01:00,0.000000
2026-03-24 13:00+01:00,0.000000
2026-03-24 13:15+01:00,0.000000
2026-03-24 13:30+01:00,0.000000
2026-03-24 13:45+01:00,0.000000
2026-03-24 14:00+01:00,91.390920
2026-03-24 14:15+01:00,107.386682
2026-03-24 14:30+01:00,96.309374
2026-03-24 14:45+01:00,86.465499
2026-03-24 15:00+01:00,91.492454
2026-03-24 15:15+01:00,91.671229
2026-03-24 15:30+01:00,93.816131
2026-03-24 15:45+01:00,101.112409
2026-03-24 16:00+01:00,97.568760
2026-03-24 16:15+01:00,89.653957
2026-03-24 16:30+01:00,95.118132
2026-03-24 16:45+01:00,0.000000
2026-03-24 17:00+01:00,0.000000
2026-03-24 17:15+01:00,0.000000
2026-03-24 17:30+01:00,0.000000
2026-03-24 17:45+01:00,0.000000
2026-03-24 18:00+01:00,0.000000
2026-03-24 18:15+01:00,0.000000
2026-03-24 18:30+01:00,0.000000
2026-03-24 18:45+01:00,0.000000
2026-03-24 19:00+01:00,0.000000
2026-03-24 19:15+01:00,0.000000
2026-03-24 19:30+01:00,0.000000
2026-03-24 19:45+01:00,0.000000
2026-03-24 20:00+01:00,0.000000
2026-03-24 20:15+01:00,
2026-03-24 20:30+01:00,0.000000
2026-03-24 20:45+01:00,0.000000
2026-03-24 21:00+01:00,0.000000
2026-03-24 21:15+01:00,0.000000
2026-03-24 21:30+01:00,0.000000
2026-03-24 21:45+01:00,0.000000
2026-03-24 22:00+01:00,0.000000
2026-03-24 22:15+01:00,0.000000
2026-03-24 22:30+01:00,0.000000
2026-03-24 22:45+01:00,0.000000
2026-03-24 23:00+01:00,0.000000
2026-03-24 23:15+01:00,0.000000
2026-03-24 23:30+01:00,0.000000
2026-03-24 23:45+01:00,0.000000
2026-03-25 00:00+01:00,0.000000
2026-03-25 00:15+01:00,0.000000
2026-03-25 00:30+01:00,0.000000
2026-03-25 00:45+01:00,0.000000
2026-03-25 01:00+01:00,0.000000
2026-03-25 01:15+01:00,0.000000
2026-03-25 01:30+01:00,0.000000
2026-03-25 01:45+01:00,0.000000
2026-03-25 02:00+01:00,0.000000
2026-03-25 02:15+01:00,0.000000
2026-03-25 02:30+01:00,0.000000
2026-03-25 02:45+01:00,
2026-03-25 03:00+01:00,
2026-03-25 03:15+01:00,95.757391
2026-03-25 03:30+01:00,97.936915
2026-03-25 03:45+01:00,92.343266
2026-03-25 04:00+01:00,102.208141
2026-03-25 04:15+01:00,88.922357
2026-03-25 04:30+01:00,
2026-03-25 04:45+01:00,99.595792
2026-03-25 05:00+01:00,99.627379
2026-03-25 05:15+01:00,96.542415
2026-03-25 05:30+01:00,94.709158
2026-03-25 05:45+01:00,104.630424
2026-03-25 06:00+01:00,91.719223
2026-03-25 06:15+01:00,106.034234
2026-03-25 06:30+01:00,99.929810
2026-03-25 06:45+01:00,96.171365
2026-03-25 07:00+01:00,95.077568
2026-03-25 07:15+01:00,89.524494
2026-03-25 07:30+01:00,95.245564
2026-03-25 07:45+01:00,103.027268
2026-03-25 08:00+01:00,100.663782
2026-03-25 08:15+01:00,95.931587
2026-03-25 08:30+01:00,92.033242
2026-03-25 08:45+01:00,84.944667
2026-03-25 09:00+01:00,97.994660
2026-03-25 09:15+01:00,94.067563
2026-03-25 09:30+01:00,107.187685
2026-03-25 09:45+01:00,102.990006
2026-03-25 10:00+01:00,103.496440
2026-03-25 10:15+01:00,90.249650
2026-03-25 10:30+01:00,92.921849
2026-03-25 10:45+01:00,0.000000
2026-03-25 11:00+01:00,0.000000
2026-03-25 11:15+01:00,0.000000
2026-03-25 11:30+01:00,0.000000
2026-03-25 11:45+01:00,0.000000
2026-03-25 12:00+01:00,0.000000
2026-03-25 12:15+01:00,0.000000
2026-03-25 12:30+01:00,0.000000
2026-03-25 12:45+01:00,0.000000
2026-03-25 13:00+01:00,0.000000
2026-03-25 13:15+01:00,0.000000
2026-03-25 13:30+01:00,0.000000
2026-03-25 13:45+01:00,0.000000
2026-03-25 14:00+01:00,0.000000
2026-03-25 14:15+01:00,0.000000
2026-03-25 14:30+01:00,0.000000
2026-03-25 14:45+01:00,0.000000
2026-03-25 15:00+01:00,0.000000
2026-03-25 15:15+01:00,0.000000
2026-03-25 15:30+01:00,0.000000
2026-03-25 15:45+01:00,0.000000
2026-03-25 16:00+01:00,0.000000
2026-03-25 16:15+01:00,0.000000
2026-03-25 16:30+01:00,0.000000
2026-03-25 16:45+01:00,0.000000
2026-03-25 17:00+01:00,0.000000
2026-03-25 17:15+01:00,0.000000
2026-03-25 17:30+01:00,0.000000
2026-03-25 17:45+01:00,0.000000
2026-03-25 18:00+01:00,0.000000
2026-03-25 18:15+01:00,0.000000
2026-03-25 18:30+01:00,
2026-03-25 18:45+01:00,0.000000
2026-03-25 19:00+01:00,0.000000
2026-03-25 19:15+01:00,0.000000
2026-03-25 19:30+01:00,0.000000
2026-03-25 19:45+01:00,0.000000
2026-03-25 20:00+01:00,0.000000
2026-03-25 20:15+01:00,0.000000
2026-03-25 20:30+01:00,0.000000
2026-03-25 20:45+01:00,0.000000
2026-03-25 21:00+01:00,
2026-03-25 21:15+01:00,0.000000
2026-03-25 21:30+01:00,0.000000
2026-03-25 21:45+01:00,0.000000
2026-03-25 22:00+01:00,
2026-03-25 22:15+01:00,0.000000
2026-03-25 22:30+01:00,0.000000
2026-03-25 22:45+01:00,0.000000
2026-03-25 23:00+01:00,0.000000
2026-03-25 23:15+01:00,0.000000
2026-03-25 23:30+01:00,0.000000
2026-03-25 23:45+01:00,0.000000
2026-03-26 00:00+01:00,0.000000
2026-03-26 00:15+01:00,0.000000
2026-03-26 00:30+01:00,0.000000
2026-03-26 00:45+01:00,0.000000
2026-03-26 01:00+01:00,0.000000
2026-03-26 01:15+01:00,0.000000
2026-03-26 01:30+01:00,0.000000
2026-03-26 01:45+01:00,0.000000
2026-03-26 02:00+01:00,0.000000
2026-03-26 02:15+01:00,0.000000
2026-03-26 02:30+01:00,0.000000
2026-03-26 02:45+01:00,0.000000
2026-03-26 03:00+01:00,0.000000
2026-03-26 03:15+01:00,0.000000
2026-03-26 03:30+01:00,0.000000
2026-03-26 03:45+01:00,0.000000
2026-03-26 04:00+01:00,0.000000
2026-03-26 04:15+01:00,0.000000
2026-03-26 04:30+01:00,0.000000
2026-03-26 04:45+01:00,
2026-03-26 05:00+01:00,0.000000
2026-03-26 05:15+01:00,0.000000
2026-03-26 05:30+01:00,
2026-03-26 05:45+01:00,0.000000
2026-03-26 06:00+01:00,0.000000
2026-03-26 06:15+01:00,0.000000
2026-03-26 06:30+01:00,0.000000
2026-03-26 06:45+01:00,0.000000
2026-03-26 07:00+01:00,0.000000
2026-03-26 07:15+01:00,0.000000
2026-03-26 07:30+01:00,
2026-03-26 07:45+01:00,0.000000
2026-03-26 08:00+01:00,0.000000
2026-03-26 08:15+01:00,0.000000
2026-03-26 08:30+01:00,0.000000
2026-03-26 08:45+01:00,0.000000
2026-03-26 09:00+01:00,93.255275
2026-03-26 09:15+01:00,96.468486
2026-03-26 09:30+01:00,93.443487
2026-03-26 09:45+01:00,103.932054
2026-03-26 10:00+01:00,98.404407
2026-03-26 10:15+01:00,100.640122
2026-03-26 10:30+01:00,95.662115
2026-03-26 10:45+01:00,
2026-03-26 11:00+01:00,98.879458
2026-03-26 11:15+01:00,98.982334
2026-03-26 11:30+01:00,102.250370
2026-03-26 11:45+01:00,89.605939
2026-03-26 12:00+01:00,95.515511
2026-03-26 12:15+01:00,97.597731
2026-03-26 12:30+01:00,96.542209
2026-03-26 12:45+01:00,0.000000
2026-03-26 13:00+01:00,0.000000
2026-03-26 13:15+01:00,0.000000
2026-03-26 13:30+01:00,0.000000
2026-03-26 13:45+01:00,0.000000
2026-03-26 14:00+01:00,0.000000
2026-03-26 14:15+01:00,0.000000
2026-03-26 14:30+01:00,0.000000
2026-03-26 14:45+01:00,0.000000
2026-03-26 15:00+01:00,0.000000
2026-03-26 15:15+01:00,0.000000
2026-03-26 15:30+01:00,0.000000
2026-03-26 15:45+01:00,0.000000
2026-03-26 16:00+01:00,0.000000
2026-03-26 16:15+01:00,0.000000
2026-03-26 16:30+01:00,0.000000
2026-03-26 16:45+01:00,0.000000
2026-03-26 17:00+01:00,0.000000
2026-03-26 17:15+01:00,100.726749
2026-03-26 17:30+01:00,98.872775
2026-03-26 17:45+01:00,98.917718
2026-03-26 18:00+01:00,100.414994
2026-03-26 18:15+01:00,91.792592
2026-03-26 18:30+01:00,93.098229
2026-03-26 18:45+01:00,99.350795
2026-03-26 19:00+01:00,94.337669
2026-03-26 19:15+01:00,99.821371
2026-03-26 19:30+01:00,88.135827
2026-03-26 19:45+01:00,95.592618
2026-03-26 20:00+01:00,93.718161
2026-03-26 20:15+01:00,94.167894
2026-03-26 20:30+01:00,93.431744
2026-03-26 20:45+01:00,94.749781
2026-03-26 21:00+01:00,101.926050
2026-03-26 21:15+01:00,0.000000
2026-03-26 21:30+01:00,0.000000
2026-03-26 21:45+01:00,0.000000
2026-03-26 22:00+01:00,0.000000
2026-03-26 22:15+01:00,0.000000
2026-03-26 22:30+01:00,0.000000
2026-03-26 22:45+01:00,0.000000
2026-03-26 23:00+01:00,0.000000
2026-03-26 23:15+01:00,0.000000
2026-03-26 23:30+01:00,0.000000
2026-03-26 23:45+01:00,0.000000
2026-03-27 00:00+01:00,0.000000
2026-03-27 00:15+01:00,0.000000
2026-03-27 00:30+01:00,0.000000
2026-03-27 00:45+01:00,95.739605
2026-03-27 01:00+01:00,96.830280
2026-03-27 01:15+01:00,101.884947
2026-03-27 01:30+01:00,104.860369
2026-03-27 01:45+01:00,92.225615
2026-03-27 02:00+01:00,92.423711
2026-03-27 02:15+01:00,
2026-03-27 02:30+01:00,96.268324
2026-03-27 02:45+01:00,90.082268
2026-03-27 03:00+01:00,103.619649
2026-03-27 03:15+01:00,90.804687
2026-03-27 03:30+01:00,95.096009
2026-03-27 03:45+01:00,103.114843
2026-03-27 04:00+01:00,95.754514
2026-03-27 04:15+01:00,96.537453
2026-03-27 04:30+01:00,95.551500
2026-03-27 04:45+01:00,0.000000
2026-03-27 05:00+01:00,0.000000
2026-03-27 05:15+01:00,0.000000
2026-03-27 05:30+01:00,0.000000
2026-03-27 05:45+01:00,0.000000
2026-03-27 06:00+01:00,0.000000
2026-03-27 06:15+01:00,0.000000
2026-03-27 06:30+01:00,0.000000
2026-03-27 06:45+01:00,0.000000
2026-03-27 07:00+01:00,0.000000
2026-03-27 07:15+01:00,0.000000
2026-03-27 07:30+01:00,0.000000
2026-03-27 07:45+01:00,0.000000
2026-03-27 08:00+01:00,0.000000
2026-03-27 08:15+01:00,0.000000
2026-03-27 08:30+01:00,0.000000
2026-03-27 08:45+01:00,0.000000
2026-03-27 09:00+01:00,0.000000
2026-03-27 09:15+01:00,0.000000
2026-03-27 09:30+01:00,0.000000
2026-03-27 09:45+01:00,0.000000
2026-03-27 10:00+01:00,0.000000
2026-03-27 10:15+01:00,0.000000
2026-03-27 10:30+01:00,0.000000
2026-03-27 10:45+01:00,0.000000
2026-03-27 11:00+01:00,0.000000
2026-03-27 11:15+01:00,0.000000
2026-03-27 11:30+01:00,0.000000
2026-03-27 11:45+01:00,0.000000
2026-03-27 12:00+01:00,0.000000
2026-03-27 12:15+01:00,0.000000
2026-03-27 12:30+01:00,105.345026
2026-03-27 12:45+01:00,
2026-03-27 13:00+01:00,101.463302
2026-03-27 13:15+01:00,95.407702
2026-03-27 13:30+01:00,93.198991
2026-03-27 13:45+01:00,88.476357
2026-03-27 14:00+01:00,99.238683
2026-03-27 14:15+01:00,91.617068
2026-03-27 14:30+01:00,97.272256
2026-03-27 14:45+01:00,93.088618
2026-03-27 15:00+01:00,103.260429
2026-03-27 15:15+01:00,102.334754
2026-03-27 15:30+01:00,99.869013
2026-03-27 15:45+01:00,
2026-03-27 16:00+01:00,94.742378
2026-03-27 16:15+01:00,0.000000
2026-03-27 16:30+01:00,0.000000
2026-03-27 16:45+01:00,0.000000
2026-03-27 17:00+01:00,0.000000
2026-03-27 17:15+01:00,0.000000
2026-03-27 17:30+01:00,0.000000
2026-03-27 17:45+01:00,0.000000
2026-03-27 18:00+01:00,0.000000
2026-03-27 18:15+01:00,0.000000
2026-03-27 18:30+01:00,
2026-03-27 18:45+01:00,0.000000
2026-03-27 19:00+01:00,0.000000
2026-03-27 19:15+01:00,0.000000
2026-03-27 19:30+01:00,0.000000
2026-03-27 19:45+01:00,0.000000
2026-03-27 20:00+01:00,0.000000
2026-03-27 20:15+01:00,0.000000
2026-03-27 20:30+01:00,0.000000
2026-03-27 20:45+01:00,0.000000
2026-03-27 21:00+01:00,0.000000
2026-03-27 21:15+01:00,0.000000
2026-03-27 21:30+01:00,0.000000
2026-03-27 21:45+01:00,0.000000
2026-03-27 22:00+01:00,0.000000
2026-03-27 22:15+01:00,0.000000
2026-03-27 22:30+01:00,0.000000
2026-03-27 22:45+01:00,0.000000
2026-03-27 23:00+01:00,0.000000
2026-03-27 23:15+01:00,0.000000
2026-03-27 23:30+01:00,
2026-03-27 23:45+01:00,0.000000
2026-03-28 00:00+01:00,
2026-03-28 00:15+01:00,0.000000
2026-03-28 00:30+01:00,0.000000
2026-03-28 00:45+01:00,0.000000
2026-03-28 01:00+01:00,0.000000
2026-03-28 01:15+01:00,0.000000
2026-03-28 01:30+01:00,0.000000
2026-03-28 01:45+01:00,0.000000
2026-03-28 02:00+01:00,0.000000
2026-03-28 02:15+01:00,0.000000
2026-03-28 02:30+01:00,0.000000
2026-03-28 02:45+01:00,0.000000
2026-03-28 03:00+01:00,0.000000
2026-03-28 03:15+01:00,0.000000
2026-03-28 03:30+01:00,0.000000
2026-03-28 03:45+01:00,0.000000
2026-03-28 04:00+01:00,
2026-03-28 04:15+01:00,0.000000
2026-03-28 04:30+01:00,0.000000
2026-03-28 04:45+01:00,0.000000
2026-03-28 05:00+01:00,0.000000
2026-03-28 05:15+01:00,0.000000
2026-03-28 05:30+01:00,0.000000
2026-03-28 05:45+01:00,0.000000
2026-03-28 06:00+01:00,0.000000
2026-03-28 06:15+01:00,101.151374
2026-03-28 06:30+01:00,101.124228
2026-03-28 06:45+01:00,98.701253
2026-03-28 07:00+01:00,91.165622
2026-03-28 07:15+01:00,96.753597
2026-03-28 07:30+01:00,87.790861
2026-03-28 07:45+01:00,96.452068
2026-03-28 08:00+01:00,103.076509
2026-03-28 08:15+01:00,97.728108
2026-03-28 08:30+01:00,100.310595
2026-03-28 08:45+01:00,99.198444
2026-03-28 09:00+01:00,0.000000
2026-03-28 09:15+01:00,0.000000
2026-03-28 09:30+01:00,0.000000
2026-03-28 09:45+01:00,0.000000
2026-03-28 10:00+01:00,0.000000
2026-03-28 10:15+01:00,0.000000
2026-03-28 10:30+01:00,0.000000
2026-03-28 10:45+01:00,
2026-03-28 11:00+01:00,0.000000
2026-03-28 11:15+01:00,0.000000
2026-03-28 11:30+01:00,0.000000
2026-03-28 11:45+01:00,0.000000
2026-03-28 12:00+01:00,0.000000
2026-03-28 12:15+01:00,0.000000
2026-03-28 12:30+01:00,
2026-03-28 12:45+01:00,
2026-03-28 13:00+01:00,0.000000
2026-03-28 13:15+01:00,0.000000
2026-03-28 13:30+01:00,0.000000
2026-03-28 13:45+01:00,100.378999
2026-03-28 14:00+01:00,90.536243
2026-03-28 14:15+01:00,102.406798
2026-03-28 14:30+01:00,99.305146
2026-03-28 14:45+01:00,94.235291
2026-03-28 15:00+01:00,87.398133
2026-03-28 15:15+01:00,96.187288
2026-03-28 15:30+01:00,95.053179
2026-03-28 15:45+01:00,100.077451
2026-03-28 16:00+01:00,100.937409
2026-03-28 16:15+01:00,0.000000
2026-03-28 16:30+01:00,0.000000
2026-03-28 16:45+01:00,0.000000
2026-03-28 17:00+01:00,0.000000
2026-03-28 17:15+01:00,0.000000
2026-03-28 17:30+01:00,0.000000
2026-03-28 17:45+01:00,0.000000
2026-03-28 18:00+01:00,0.000000
2026-03-28 18:15+01:00,0.000000
2026-03-28 18:30+01:00,0.000000
2026-03-28 18:45+01:00,0.000000
2026-03-28 19:00+01:00,0.000000
2026-03-28 19:15+01:00,0.000000
2026-03-28 19:30+01:00,0.000000
2026-03-28 19:45+01:00,0.000000
2026-03-28 20:00+01:00,91.731204
2026-03-28 20:15+01:00,94.929527
2026-03-28 20:30+01:00,97.641975
2026-03-28 20:45+01:00,96.891642
2026-03-28 21:00+01:00,
2026-03-28 21:15+01:00,95.580459
2026-03-28 21:30+01:00,101.035790
2026-03-28 21:45+01:00,92.519687
2026-03-28 22:00+01:00,109.042416
2026-03-28 22:15+01:00,99.907188
2026-03-28 22:30+01:00,0.000000
2026-03-28 22:45+01:00,0.000000
2026-03-28 23:00+01:00,0.000000
2026-03-28 23:15+01:00,0.000000
2026-03-28 23:30+01:00,0.000000
2026-03-28 23:45+01:00,0.000000
2026-03-29 00:00+01:00,0.000000
2026-03-29 00:15+01:00,0.000000
2026-03-29 00:30+01:00,0.000000
2026-03-29 00:45+01:00,0.000000
2026-03-29 01:00+01:00,0.000000
2026-03-29 01:15+01:00,89.896351
2026-03-29 01:30+01:00,93.367010
2026-03-29 01:45+01:00,96.188015
2026-03-29 03:00+02:00,96.451430
2026-03-29 03:15+02:00,90.315741
2026-03-29 03:30+02:00,101.032985
2026-03-29 03:45+02:00,98.053927
2026-03-29 04:00+02:00,98.071957
2026-03-29 04:15+02:00,93.280323
2026-03-29 04:30+02:00,93.637936
2026-03-29 04:45+02:00,92.160736
2026-03-29 05:00+02:00,
2026-03-29 05:15+02:00,96.844043
2026-03-29 05:30+02:00,94.713285
2026-03-29 05:45+02:00,0.000000
2026-03-29 06:00+02:00,0.000000
2026-03-29 06:15+02:00,0.000000
2026-03-29 06:30+02:00,0.000000
2026-03-29 06:45+02:00,0.000000
2026-03-29 07:00+02:00,0.000000
2026-03-29 07:15+02:00,0.000000
2026-03-29 07:30+02:00,0.000000
2026-03-29 07:45+02:00,0.000000
2026-03-29 08:00+02:00,0.000000
2026-03-29 08:15+02:00,0.000000
2026-03-29 08:30+02:00,0.000000
2026-03-29 08:45+02:00,0.000000
2026-03-29 09:00+02:00,
2026-03-29 09:15+02:00,0.000000
2026-03-29 09:30+02:00,0.000000
2026-03-29 09:45+02:00,0.000000
2026-03-29 10:00+02:00,100.211460
2026-03-29 10:15+02:00,97.308555
2026-03-29 10:30+02:00,92.508769
2026-03-29 10:45+02:00,98.840611
2026-03-29 11:00+02:00,82.532759
2026-03-29 11:15+02:00,100.812446
2026-03-29 11:30+02:00,97.864512
2026-03-29 11:45+02:00,91.527317
2026-03-29 12:00+02:00,97.616152
2026-03-29 12:15+02:00,101.693137
2026-03-29 12:30+02:00,102.760919
2026-03-29 12:45+02:00,97.009418
2026-03-29 13:00+02:00,96.863779
2026-03-29 13:15+02:00,99.866844
2026-03-29 13:30+02:00,95.637646
2026-03-29 13:45+02:00,0.000000
2026-03-29 14:00+02:00,0.000000
2026-03-29 14:15+02:00,0.000000
2026-03-29 14:30+02:00,0.000000
2026-03-29 14:45+02:00,0.000000
2026-03-29 15:00+02:00,0.000000
2026-03-29 15:15+02:00,0.000000
2026-03-29 15:30+02:00,0.000000
2026-03-29 15:45+02:00,0.000000
2026-03-29 16:00+02:00,0.000000
2026-03-29 16:15+02:00,0.000000
2026-03-29 16:30+02:00,0.000000
2026-03-29 16:45+02:00,0.000000
2026-03-29 17:00+02:00,0.000000
2026-03-29 17:15+02:00,0.000000
2026-03-29 17:30+02:00,0.000000
2026-03-29 17:45+02:00,0.000000
2026-03-29 18:00+02:00,0.000000
2026-03-29 18:15+02:00,0.000000
2026-03-29 18:30+02:00,0.000000
2026-03-29 18:45+02:00,0.000000
2026-03-29 19:00+02:00,0.000000
2026-03-29 19:15+02:00,0.000000
2026-03-29 19:30+02:00,
2026-03-29 19:45+02:00,0.000000
2026-03-29 20:00+02:00,0.000000
2026-03-29 20:15+02:00,0.000000
2026-03-29 20:30+02:00,0.000000
2026-03-29 20:45+02:00,0.000000
2026-03-29 21:00+02:00,0.000000
2026-03-29 21:15+02:00,0.000000
2026-03-29 21:30+02:00,
2026-03-29 21:45+02:00,0.000000
2026-03-29 22:00+02:00,0.000000
2026-03-29 22:15+02:00,0.000000
2026-03-29 22:30+02:00,0.000000
2026-03-29 22:45+02:00,0.000000
2026-03-29 23:00+02:00,0.000000
2026-03-29 23:15+02:00,0.000000
2026-03-29 23:30+02:00,0.000000
2026-03-29 23:45+02:00,0.000000
2026-03-30 00:00+02:00,0.000000
2026-03-30 00:15+02:00,0.000000
2026-03-30 00:30+02:00,0.000000
2026-03-30 00:45+02:00,0.000000
2026-03-30 01:00+02:00,0.000000
2026-03-30 01:15+02:00,0.000000
2026-03-30 01:30+02:00,
2026-03-30 01:45+02:00,0.000000
2026-03-30 02:00+02:00,0.000000
2026-03-30 02:15+02:00,0.000000
2026-03-30 02:30+02:00,0.000000
2026-03-30 02:45+02:00,0.000000
2026-03-30 03:00+02:00,0.000000
2026-03-30 03:15+02:00,0.000000
2026-03-30 03:30+02:00,0.000000
2026-03-30 03:45+02:00,0.000000
2026-03-30 04:00+02:00,0.000000
2026-03-30 04:15+02:00,0.000000
2026-03-30 04:30+02:00,0.000000
2026-03-30 04:45+02:00,0.000000
2026-03-30 05:00+02:00,0.000000
2026-03-30 05:15+02:00,0.000000
2026-03-30 05:30+02:00,0.000000
2026-03-30 05:45+02:00,0.000000
2026-03-30 06:00+02:00,0.000000
2026-03-30 06:15+02:00,0.000000
2026-03-30 06:30+02:00,0.000000
2026-03-30 06:45+02:00,0.000000
2026-03-30 07:00+02:00,
2026-03-30 07:15+02:00,0.000000
2026-03-30 07:30+02:00,0.000000
2026-03-30 07:45+02:00,0.000000
2026-03-30 08:00+02:00,0.000000
2026-03-30 08:15+02:00,0.000000
2026-03-30 08:30+02:00,0.000000
2026-03-30 08:45+02:00,0.000000
2026-03-30 09:00+02:00,
2026-03-30 09:15+02:00,102.521084
2026-03-30 09:30+02:00,105.241595
2026-03-30 09:45+02:00,95.955245
2026-03-30 10:00+02:00,101.440803
2026-03-30 10:15+02:00,91.153677
2026-03-30 10:30+02:00,98.513273
2026-03-30 10:45+02:00,99.617820
2026-03-30 11:00+02:00,
2026-03-30 11:15+02:00,92.829087
2026-03-30 11:30+02:00,97.948559
2026-03-30 11:45+02:00,98.183705
2026-03-30 12:00+02:00,88.632319
2026-03-30 12:15+02:00,
2026-03-30 12:30+02:00,95.841374
2026-03-30 12:45+02:00,100.684986
2026-03-30 13:00+02:00,100.303857
2026-03-30 13:15+02:00,96.575625
2026-03-30 13:30+02:00,96.976028
2026-03-30 13:45+02:00,94.883890
2026-03-30 14:00+02:00,86.873251
2026-03-30 14:15+02:00,103.211969
2026-03-30 14:30+02:00,99.692351
2026-03-30 14:45+02:00,93.129447
2026-03-30 15:00+02:00,93.899801
2026-03-30 15:15+02:00,102.173633
2026-03-30 15:30+02:00,103.546633
2026-03-30 15:45+02:00,81.477839
2026-03-30 16:00+02:00,95.983706
2026-03-30 16:15+02:00,
2026-03-30 16:30+02:00,89.591862
2026-03-30 16:45+02:00,96.502660
2026-03-30 17:00+02:00,0.000000
2026-03-30 17:15+02:00,0.000000
2026-03-30 17:30+02:00,0.000000
2026-03-30 17:45+02:00,0.000000
2026-03-30 18:00+02:00,0.000000
2026-03-30 18:15+02:00,0.000000
2026-03-30 18:30+02:00,0.000000
2026-03-30 18:45+02:00,
2026-03-30 19:00+02:00,0.000000
2026-03-30 19:15+02:00,0.000000
2026-03-30 19:30+02:00,0.000000
2026-03-30 19:45+02:00,0.000000
2026-03-30 20:00+02:00,0.000000
2026-03-30 20:15+02:00,0.000000
2026-03-30 20:30+02:00,0.000000
2026-03-30 20:45+02:00,0.000000
2026-03-30 21:00+02:00,0.000000
2026-03-30 21:15+02:00,0.000000
2026-03-30 21:30+02:00,0.000000
2026-03-30 21:45+02:00,0.000000
2026-03-30 22:00+02:00,0.000000
2026-03-30 22:15+02:00,0.000000
2026-03-30 22:30+02:00,0.000000
2026-03-30 22:45+02:00,0.000000
2026-03-30 23:00+02:00,0.000000
2026-03-30 23:15+02:00,0.000000
2026-03-30 23:30+02:00,0.000000
2026-03-30 23:45+02:00,0.000000
2026-03-31 00:00+02:00,0.000000
2026-03-31 00:15+02:00,0.000000
2026-03-31 00:30+02:00,0.000000
2026-03-31 00:45+02:00,0.000000
2026-03-31 01:00+02:00,0.000000
2026-03-31 01:15+02:00,0.000000
2026-03-31 01:30+02:00,0.000000
2026-03-31 01:45+02:00,0.000000
2026-03-31 02:00+02:00,0.000000
2026-03-31 02:15+02:00,0.000000
2026-03-31 02:30+02:00,0.000000
2026-03-31 02:45+02:00,97.899817
2026-03-31 03:00+02:00,97.923937
2026-03-31 03:15+02:00,92.160186
2026-03-31 03:30+02:00,83.511054
2026-03-31 03:45+02:00,93.022146
2026-03-31 04:00+02:00,100.173561
2026-03-31 04:15+02:00,92.174361
2026-03-31 04:30+02:00,85.639344
2026-03-31 04:45+02:00,86.872558
2026-03-31 05:00+02:00,92.649352
2026-03-31 05:15+02:00,95.192925
2026-03-31 05:30+02:00,0.000000
2026-03-31 05:45+02:00,0.000000
2026-03-31 06:00+02:00,0.000000
2026-03-31 06:15+02:00,0.000000
2026-03-31 06:30+02:00,0.000000
2026-03-31 06:45+02:00,0.000000
2026-03-31 07:00+02:00,0.000000
2026-03-31 07:15+02:00,94.486236
2026-03-31 07:30+02:00,90.803705
2026-03-31 07:45+02:00,98.331781
2026-03-31 08:00+02:00,97.954692
2026-03-31 08:15+02:00,97.505650
2026-03-31 08:30+02:00,90.516732
2026-03-31 08:45+02:00,87.152536
2026-03-31 09:00+02:00,94.577135
2026-03-31 09:15+02:00,92.930054
2026-03-31 09:30+02:00,93.491909
2026-03-31 09:45+02:00,0.000000
2026-03-31 10:00+02:00,0.000000
2026-03-31 10:15+02:00,0.000000
2026-03-31 10:30+02:00,0.000000
2026-03-31 10:45+02:00,0.000000
2026-03-31 11:00+02:00,0.000000
2026-03-31 11:15+02:00,0.000000
2026-03-31 11:30+02:00,0.000000
2026-03-31 11:45+02:00,0.000000
2026-03-31 12:00+02:00,0.000000
2026-03-31 12:15+02:00,0.000000
2026-03-31 12:30+02:00,102.683546
2026-03-31 12:45+02:00,96.660309
2026-03-31 13:00+02:00,85.353943
2026-03-31 13:15+02:00,89.739371
2026-03-31 13:30+02:00,88.092347
2026-03-31 13:45+02:00,94.030368
2026-03-31 14:00+02:00,94.877235
2026-03-31 14:15+02:00,94.732832
2026-03-31 14:30+02:00,92.660570
2026-03-31 14:45+02:00,90.110828
2026-03-31 15:00+02:00,0.000000
2026-03-31 15:15+02:00,0.000000
2026-03-31 15:30+02:00,0.000000
2026-03-31 15:45+02:00,0.000000
2026-03-31 16:00+02:00,0.000000
2026-03-31 16:15+02:00,0.000000
2026-03-31 16:30+02:00,0.000000
2026-03-31 16:45+02:00,0.000000
2026-03-31 17:00+02:00,0.000000
2026-03-31 17:15+02:00,0.000000
2026-03-31 17:30+02:00,0.000000
2026-03-31 17:45+02:00,0.000000
2026-03-31 18:00+02:00,0.000000
2026-03-31 18:15+02:00,0.000000
2026-03-31 18:30+02:00,0.000000
2026-03-31 18:45+02:00,0.000000
2026-03-31 19:00+02:00,0.000000
2026-03-31 19:15+02:00,0.000000
2026-03-31 19:30+02:00,0.000000
2026-03-31 19:45+02:00,0.000000
2026-03-31 20:00+02:00,0.000000
2026-03-31 20:15+02:00,0.000000
2026-03-31 20:30+02:00,0.000000
2026-03-31 20:45+02:00,0.000000
2026-03-31 21:00+02:00,0.000000
2026-03-31 21:15+02:00,0.000000
2026-03-31 21:30+02:00,0.000000
2026-03-31 21:45+02:00,0.000000
2026-03-31 22:00+02:00,0.000000
2026-03-31 22:15+02:00,0.000000
2026-03-31 22:30+02:00,0.000000
2026-03-31 22:45+02:00,0.000000
2026-03-31 23:00+02:00,0.000000
2026-03-31 23:15+02:00,0.000000
2026-03-31 23:30+02:00,0.000000
2026-03-31 23:45+02:00,0.000000
2026-04-01 00:00+02:00,0.000000
2026-04-01 00:15+02:00,0.000000
2026-04-01 00:30+02:00,0.000000
2026-04-01 00:45+02:00,0.000000
2026-04-01 01:00+02:00,0.000000
2026-04-01 01:15+02:00,93.018027
2026-04-01 01:30+02:00,92.121809
2026-04-01 01:45+02:00,88.618765
2026-04-01 02:00+02:00,94.831594
2026-04-01 02:15+02:00,98.867505
2026-04-01 02:30+02:00,92.463169
2026-04-01 02:45+02:00,90.751690
2026-04-01 03:00+02:00,94.567731
2026-04-01 03:15+02:00,87.706309
2026-04-01 03:30+02:00,103.796752
2026-04-01 03:45+02:00,89.357761
2026-04-01 04:00+02:00,94.028057
2026-04-01 04:15+02:00,93.340318
2026-04-01 04:30+02:00,93.198393
2026-04-01 04:45+02:00,102.953152
2026-04-01 05:00+02:00,0.000000
2026-04-01 05:15+02:00,0.000000
2026-04-01 05:30+02:00,0.000000
2026-04-01 05:45+02:00,0.000000
2026-04-01 06:00+02:00,0.000000
2026-04-01 06:15+02:00,0.000000
2026-04-01 06:30+02:00,102.720766
2026-04-01 06:45+02:00,91.412995
2026-04-01 07:00+02:00,93.827892
2026-04-01 07:15+02:00,100.821919
2026-04-01 07:30+02:00,91.425060
2026-04-01 07:45+02:00,
2026-04-01 08:00+02:00,94.899916
2026-04-01 08:15+02:00,98.180631
2026-04-01 08:30+02:00,95.399037
2026-04-01 08:45+02:00,86.887701
2026-04-01 09:00+02:00,100.983219
2026-04-01 09:15+02:00,94.028424
2026-04-01 09:30+02:00,92.815806
2026-04-01 09:45+02:00,90.179708
2026-04-01 10:00+02:00,103.084196
2026-04-01 10:15+02:00,89.962994
2026-04-01 10:30+02:00,0.000000
2026-04-01 10:45+02:00,0.000000
2026-04-01 11:00+02:00,0.000000
2026-04-01 11:15+02:00,0.000000
2026-04-01 11:30+02:00,0.000000
2026-04-01 11:45+02:00,0.000000
2026-04-01 12:00+02:00,0.000000
2026-04-01 12:15+02:00,
2026-04-01 12:30+02:00,0.000000
2026-04-01 12:45+02:00,0.000000
2026-04-01 13:00+02:00,0.000000
2026-04-01 13:15+02:00,0.000000
2026-04-01 13:30+02:00,0.000000
2026-04-01 13:45+02:00,0.000000
2026-04-01 14:00+02:00,0.000000
2026-04-01 14:15+02:00,
2026-04-01 14:30+02:00,0.000000
2026-04-01 14:45+02:00,0.000000
2026-04-01 15:00+02:00,0.000000
2026-04-01 15:15+02:00,0.000000
2026-04-01 15:30+02:00,0.000000
2026-04-01 15:45+02:00,0.000000
2026-04-01 16:00+02:00,0.000000
2026-04-01 16:15+02:00,0.000000
2026-04-01 16:30+02:00,0.000000
2026-04-01 16:45+02:00,0.000000
2026-04-01 17:00+02:00,0.000000
2026-04-01 17:15+02:00,0.000000
2026-04-01 17:30+02:00,0.000000
2026-04-01 17:45+02:00,0.000000
2026-04-01 18:00+02:00,0.000000
2026-04-01 18:15+02:00,0.000000
2026-04-01 18:30+02:00,
2026-04-01 18:45+02:00,0.000000
2026-04-01 19:00+02:00,0.000000
2026-04-01 19:15+02:00,0.000000
2026-04-01 19:30+02:00,0.000000
2026-04-01 19:45+02:00,0.000000
2026-04-01 20:00+02:00,0.000000
2026-04-01 20:15+02:00,
2026-04-01 20:30+02:00,0.000000
2026-04-01 20:45+02:00,0.000000
2026-04-01 21:00+02:00,0.000000
2026-04-01 21:15+02:00,0.000000
2026-04-01 21:30+02:00,0.000000
2026-04-01 21:45+02:00,0.000000
2026-04-01 22:00+02:00,0.000000
2026-04-01 22:15+02:00,
2026-04-01 22:30+02:00,0.000000
2026-04-01 22:45+02:00,0.000000
2026-04-01 23:00+02:00,0.000000
2026-04-01 23:15+02:00,0.000000
2026-04-01 23:30+02:00,0.000000
2026-04-01 23:45+02:00,0.000000
2026-04-02 00:00+02:00,0.000000
2026-04-02 00:15+02:00,0.000000
2026-04-02 00:30+02:00,0.000000
2026-04-02 00:45+02:00,0.000000
2026-04-02 01:00+02:00,0.000000
2026-04-02 01:15+02:00,0.000000
2026-04-02 01:30+02:00,0.000000
2026-04-02 01:45+02:00,0.000000
2026-04-02 02:00+02:00,0.000000
2026-04-02 02:15+02:00,0.000000
2026-04-02 02:30+02:00,0.000000
2026-04-02 02:45+02:00,0.000000
2026-04-02 03:00+02:00,0.000000
2026-04-02 03:15+02:00,0.000000
2026-04-02 03:30+02:00,0.000000
2026-04-02 03:45+02:00,0.000000
2026-04-02 04:00+02:00,0.000000
2026-04-02 04:15+02:00,0.000000
2026-04-02 04:30+02:00,0.000000
2026-04-02 04:45+02:00,
2026-04-02 05:00+02:00,0.000000
2026-04-02 05:15+02:00,0.000000
2026-04-02 05:30+02:00,0.000000
2026-04-02 05:45+02:00,0.000000
2026-04-02 06:00+02:00,93.314609
2026-04-02 06:15+02:00,91.052783
2026-04-02 06:30+02:00,104.398894
2026-04-02 06:45+02:00,97.494928
2026-04-02 07:00+02:00,95.380034
2026-04-02 07:15+02:00,96.514452
2026-04-02 07:30+02:00,
2026-04-02 07:45+02:00,94.942267
2026-04-02 08:00+02:00,100.868983
2026-04-02 08:15+02:00,87.427842
2026-04-02 08:30+02:00,0.000000
2026-04-02 08:45+02:00,0.000000
2026-04-02 09:00+02:00,0.000000
2026-04-02 09:15+02:00,0.000000
2026-04-02 09:30+02:00,0.000000
2026-04-02 09:45+02:00,0.000000
2026-04-02 10:00+02:00,0.000000
2026-04-02 10:15+02:00,0.000000
2026-04-02 10:30+02:00,0.000000
2026-04-02 10:45+02:00,0.000000
2026-04-02 11:00+02:00,0.000000
2026-04-02 11:15+02:00,0.000000
2026-04-02 11:30+02:00,0.000000
2026-04-02 11:45+02:00,0.000000
2026-04-02 12:00+02:00,0.000000
2026-04-02 12:15+02:00,0.000000
2026-04-02 12:30+02:00,0.000000
2026-04-02 12:45+02:00,0.000000
2026-04-02 13:00+02:00,0.000000
2026-04-02 13:15+02:00,0.000000
2026-04-02 13:30+02:00,0.000000
2026-04-02 13:45+02:00,
2026-04-02 14:00+02:00,90.846362
2026-04-02 14:15+02:00,99.350164
2026-04-02 14:30+02:00,98.224954
2026-04-02 14:45+02:00,100.708251
2026-04-02 15:00+02:00,88.725655
2026-04-02 15:15+02:00,84.423882
2026-04-02 15:30+02:00,93.751275
2026-04-02 15:45+02:00,106.192070
2026-04-02 16:00+02:00,95.087048
2026-04-02 16:15+02:00,92.072024
2026-04-02 16:30+02:00,0.000000
2026-04-02 16:45+02:00,0.000000
2026-04-02 17:00+02:00,0.000000
2026-04-02 17:15+02:00,0.000000
2026-04-02 17:30+02:00,0.000000
2026-04-02 17:45+02:00,0.000000
2026-04-02 18:00+02:00,0.000000
2026-04-02 18:15+02:00,0.000000
2026-04-02 18:30+02:00,103.350409
2026-04-02 18:45+02:00,96.435384
2026-04-02 19:00+02:00,90.526374
2026-04-02 19:15+02:00,93.534913
2026-04-02 19:30+02:00,92.177712
2026-04-02 19:45+02:00,96.508426
2026-04-02 20:00+02:00,93.736869
2026-04-02 20:15+02:00,98.763714
2026-04-02 20:30+02:00,94.854653
2026-04-02 20:45+02:00,102.989413
2026-04-02 21:00+02:00,104.797697
2026-04-02 21:15+02:00,0.000000
2026-04-02 21:30+02:00,0.000000
2026-04-02 21:45+02:00,0.000000
2026-04-02 22:00+02:00,0.000000
2026-04-02 22:15+02:00,0.000000
2026-04-02 22:30+02:00,0.000000
2026-04-02 22:45+02:00,0.000000
2026-04-02 23:00+02:00,0.000000
2026-04-02 23:15+02:00,0.000000
2026-04-02 23:30+02:00,0.000000
2026-04-02 23:45+02:00,0.000000
2026-04-03 00:00+02:00,0.000000
2026-04-03 00:15+02:00,0.000000
2026-04-03 00:30+02:00,0.000000
2026-04-03 00:45+02:00,0.000000
2026-04-03 01:00+02:00,0.000000
2026-04-03 01:15+02:00,0.000000
2026-04-03 01:30+02:00,0.000000
2026-04-03 01:45+02:00,0.000000
2026-04-03 02:00+02:00,0.000000
2026-04-03 02:15+02:00,0.000000
2026-04-03 02:30+02:00,0.000000
2026-04-03 02:45+02:00,0.000000
2026-04-03 03:00+02:00,93.323331
2026-04-03 03:15+02:00,101.474253
2026-04-03 03:30+02:00,98.097968
2026-04-03 03:45+02:00,763.823142
2026-04-03 04:00+02:00,98.050622
2026-04-03 04:15+02:00,105.315917
2026-04-03 04:30+02:00,91.469068
2026-04-03 04:45+02:00,101.385932
2026-04-03 05:00+02:00,95.583289
2026-04-03 05:15+02:00,94.550283
2026-04-03 05:30+02:00,96.178919
2026-04-03 05:45+02:00,92.083038
2026-04-03 06:00+02:00,88.089513
2026-04-03 06:15+02:00,91.650489
2026-04-03 06:30+02:00,97.618211
2026-04-03 06:45+02:00,94.857357
2026-04-03 07:00+02:00,0.000000
2026-04-03 07:15+02:00,0.000000
2026-04-03 07:30+02:00,0.000000
2026-04-03 07:45+02:00,0.000000
2026-04-03 08:00+02:00,0.000000
2026-04-03 08:15+02:00,0.000000
2026-04-03 08:30+02:00,
2026-04-03 08:45+02:00,0.000000
2026-04-03 09:00+02:00,0.000000
2026-04-03 09:15+02:00,0.000000
2026-04-03 09:30+02:00,0.000000
2026-04-03 09:45+02:00,0.000000
2026-04-03 10:00+02:00,0.000000
2026-04-03 10:15+02:00,0.000000
2026-04-03 10:30+02:00,0.000000
2026-04-03 10:45+02:00,0.000000
2026-04-03 11:00+02:00,0.000000
2026-04-03 11:15+02:00,0.000000
2026-04-03 11:30+02:00,0.000000
2026-04-03 11:45+02:00,0.000000
2026-04-03 12:00+02:00,0.000000
2026-04-03 12:15+02:00,0.000000
2026-04-03 12:30+02:00,0.000000
2026-04-03 12:45+02:00,0.000000
2026-04-03 13:00+02:00,0.000000
2026-04-03 13:15+02:00,0.000000
2026-04-03 13:30+02:00,0.000000
2026-04-03 13:45+02:00,0.000000
2026-04-03 14:00+02:00,0.000000
2026-04-03 14:15+02:00,0.000000
2026-04-03 14:30+02:00,0.000000
2026-04-03 14:45+02:00,0.000000
2026-04-03 15:00+02:00,0.000000
2026-04-03 15:15+02:00,0.000000
2026-04-03 15:30+02:00,0.000000
2026-04-03 15:45+02:00,0.000000
2026-04-03 16:00+02:00,0.000000
2026-04-03 16:15+02:00,0.000000
2026-04-03 16:30+02:00,0.000000
2026-04-03 16:45+02:00,0.000000
2026-04-03 17:00+02:00,0.000000
2026-04-03 17:15+02:00,
2026-04-03 17:30+02:00,0.000000
2026-04-03 17:45+02:00,0.000000
2026-04-03 18:00+02:00,96.865134
2026-04-03 18:15+02:00,92.759528
2026-04-03 18:30+02:00,93.451015
2026-04-03 18:45+02:00,87.062007
2026-04-03 19:00+02:00,88.829368
2026-04-03 19:15+02:00,97.929006
2026-04-03 19:30+02:00,93.885965
2026-04-03 19:45+02:00,95.035322
2026-04-03 20:00+02:00,100.000043
2026-04-03 20:15+02:00,85.690241
2026-04-03 20:30+02:00,91.576859
2026-04-03 20:45+02:00,94.912722
2026-04-03 21:00+02:00,93.930021
2026-04-03 21:15+02:00,296.498857
2026-04-03 21:30+02:00,100.795178
2026-04-03 21:45+02:00,
2026-04-03 22:00+02:00,0.000000
2026-04-03 22:15+02:00,0.000000
2026-04-03 22:30+02:00,0.000000
2026-04-03 22:45+02:00,0.000000
2026-04-03 23:00+02:00,0.000000
2026-04-03 23:15+02:00,0.000000
2026-04-03 23:30+02:00,0.000000
2026-04-03 23:45+02:00,0.000000
2026-04-04 00:00+02:00,0.000000
2026-04-04 00:15+02:00,0.000000
2026-04-04 00:30+02:00,0.000000
2026-04-04 00:45+02:00,0.000000
2026-04-04 01:00+02:00,0.000000
2026-04-04 01:15+02:00,0.000000
2026-04-04 01:30+02:00,0.000000
2026-04-04 01:45+02:00,0.000000
2026-04-04 02:00+02:00,0.000000
2026-04-04 02:15+02:00,
2026-04-04 02:30+02:00,0.000000
2026-04-04 02:45+02:00,0.000000
2026-04-04 03:00+02:00,0.000000
2026-04-04 03:15+02:00,0.000000
2026-04-04 03:30+02:00,0.000000
2026-04-04 03:45+02:00,0.000000
2026-04-04 04:00+02:00,0.000000
2026-04-04 04:15+02:00,0.000000
2026-04-04 04:30+02:00,
2026-04-04 04:45+02:00,101.995222
2026-04-04 05:00+02:00,94.613066
2026-04-04 05:15+02:00,97.546059
2026-04-04 05:30+02:00,87.755378
2026-04-04 05:45+02:00,95.416315
2026-04-04 06:00+02:00,97.682820
2026-04-04 06:15+02:00,99.360684
2026-04-04 06:30+02:00,
2026-04-04 06:45+02:00,100.110050
2026-04-04 07:00+02:00,99.182562
2026-04-04 07:15+02:00,0.000000
2026-04-04 07:30+02:00,0.000000
2026-04-04 07:45+02:00,0.000000
2026-04-04 08:00+02:00,0.000000
2026-04-04 08:15+02:00,0.000000
2026-04-04 08:30+02:00,0.000000
2026-04-04 08:45+02:00,0.000000
2026-04-04 09:00+02:00,0.000000
2026-04-04 09:15+02:00,0.000000
2026-04-04 09:30+02:00,0.000000
2026-04-04 09:45+02:00,0.000000
2026-04-04 10:00+02:00,0.000000
2026-04-04 10:15+02:00,0.000000
2026-04-04 10:30+02:00,0.000000
2026-04-04 10:45+02:00,0.000000
2026-04-04 11:00+02:00,0.000000
2026-04-04 11:15+02:00,0.000000
2026-04-04 11:30+02:00,99.210467
2026-04-04 11:45+02:00,91.876075
2026-04-04 12:00+02:00,94.208969
2026-04-04 12:15+02:00,91.466337
2026-04-04 12:30+02:00,98.178655
2026-04-04 12:45+02:00,93.957800
2026-04-04 13:00+02:00,100.535259
2026-04-04 13:15+02:00,98.176424
2026-04-04 13:30+02:00,99.381231
2026-04-04 13:45+02:00,97.744967
2026-04-04 14:00+02:00,0.000000
2026-04-04 14:15+02:00,0.000000
2026-04-04 14:30+02:00,0.000000
2026-04-04 14:45+02:00,0.000000
2026-04-04 15:00+02:00,0.000000
2026-04-04 15:15+02:00,0.000000
2026-04-04 15:30+02:00,0.000000
2026-04-04 15:45+02:00,0.000000
2026-04-04 16:00+02:00,0.000000
2026-04-04 16:15+02:00,0.000000
2026-04-04 16:30+02:00,0.000000
2026-04-04 16:45+02:00,0.000000
2026-04-04 17:00+02:00,0.000000
2026-04-04 17:15+02:00,0.000000
2026-04-04 17:30+02:00,0.000000
2026-04-04 17:45+02:00,93.088274
2026-04-04 18:00+02:00,91.085797
2026-04-04 18:15+02:00,94.179306
2026-04-04 18:30+02:00,91.418037
2026-04-04 18:45+02:00,95.992869
2026-04-04 19:00+02:00,97.953524
2026-04-04 19:15+02:00,96.637449
2026-04-04 19:30+02:00,99.026138
2026-04-04 19:45+02:00,96.453131
2026-04-04 20:00+02:00,101.673111
2026-04-04 20:15+02:00,0.000000
2026-04-04 20:30+02:00,0.000000
2026-04-04 20:45+02:00,0.000000
2026-04-04 21:00+02:00,0.000000
2026-04-04 21:15+02:00,0.000000
2026-04-04 21:30+02:00,0.000000
2026-04-04 21:45+02:00,0.000000
2026-04-04 22:00+02:00,0.000000
2026-04-04 22:15+02:00,0.000000
2026-04-04 22:30+02:00,0.000000
2026-04-04 22:45+02:00,0.000000
2026-04-04 23:00+02:00,0.000000
2026-04-04 23:15+02:00,0.000000
2026-04-04 23:30+02:00,
2026-04-04 23:45+02:00,0.000000
2026-04-05 00:00+02:00,0.000000
