timestamp,value_kwh
2026-01-05 00:15+01:00,0.204048
2026-01-05 00:30+01:00,0.186123
2026-01-05 00:45+01:00,0.241264
2026-01-05 01:00+01:00,0.224831
2026-01-05 01:15+01:00,0.165884
2026-01-05 01:30+01:00,0.188800
2026-01-05 01:45+01:00,0.210687
2026-01-05 02:00+01:00,0.231293
2026-01-05 02:15+01:00,0.175331
2026-01-05 02:30+01:00,0.213829
2026-01-05 02:45+01:00,0.214413
2026-01-05 03:00+01:00,0.231931
2026-01-05 03:15+01:00,0.228567
2026-01-05 03:30+01:00,
2026-01-05 03:45+01:00,0.223632
2026-01-05 04:00+01:00,0.197714
2026-01-05 04:15+01:00,0.000000
2026-01-05 04:30+01:00,0.218231
2026-01-05 04:45+01:00,0.203009
2026-01-05 05:00+01:00,0.207785
2026-01-05 05:15+01:00,0.209534
2026-01-05 05:30+01:00,0.228219
2026-01-05 05:45+01:00,0.185285
2026-01-05 06:00+01:00,0.000000
2026-01-05 06:15+01:00,0.230886
2026-01-05 06:30+01:00,0.178169
2026-01-05 06:45+01:00,0.191067
2026-01-05 07:00+01:00,8.324510
2026-01-05 07:15+01:00,8.919575
2026-01-05 07:30+01:00,8.894816
2026-01-05 07:45+01:00,8.968890
2026-01-05 08:00+01:00,8.216669
2026-01-05 08:15+01:00,8.422624
2026-01-05 08:30+01:00,
2026-01-05 08:45+01:00,86.241078
2026-01-05 09:00+01:00,8.162666
2026-01-05 09:15+01:00,7.962673
2026-01-05 09:30+01:00,8.361185
2026-01-05 09:45+01:00,9.110749
2026-01-05 10:00+01:00,8.501753
2026-01-05 10:15+01:00,8.329437
2026-01-05 10:30+01:00,8.565808
2026-01-05 10:45+01:00,8.172476
2026-01-05 11:00+01:00,8.366924
2026-01-05 11:15+01:00,8.430760
2026-01-05 11:30+01:00,8.506742
2026-01-05 11:45+01:00,8.844802
2026-01-05 12:00+01:00,
2026-01-05 12:15+01:00,8.517578
2026-01-05 12:30+01:00,
2026-01-05 12:45+01:00,8.449739
2026-01-05 13:00+01:00,8.693608
2026-01-05 13:15+01:00,8.513284
2026-01-05 13:30+01:00,8.219161
2026-01-05 13:45+01:00,8.610942
2026-01-05 14:00+01:00,8.724569
2026-01-05 14:15+01:00,8.984957
2026-01-05 14:30+01:00,8.345764
2026-01-05 14:45+01:00,8.282022
2026-01-05 15:00+01:00,8.674727
2026-01-05 15:15+01:00,8.218663
2026-01-05 15:30+01:00,8.674163
2026-01-05 15:45+01:00,8.604372
2026-01-05 16:00+01:00,8.655280
2026-01-05 16:15+01:00,8.259167
2026-01-05 16:30+01:00,8.375065
2026-01-05 16:45+01:00,8.270755
2026-01-05 17:00+01:00,
2026-01-05 17:15+01:00,8.520413
2026-01-05 17:30+01:00,8.452749
2026-01-05 17:45+01:00,8.296507
2026-01-05 18:00+01:00,0.247876
2026-01-05 18:15+01:00,0.166101
2026-01-05 18:30+01:00,0.158818
2026-01-05 18:45+01:00,0.218251
2026-01-05 19:00+01:00,0.192878
2026-01-05 19:15+01:00,0.156757
2026-01-05 19:30+01:00,0.201849
2026-01-05 19:45+01:00,0.200804
2026-01-05 20:00+01:00,0.218852
2026-01-05 20:15+01:00,0.216249
2026-01-05 20:30+01:00,0.187921
2026-01-05 20:45+01:00,0.246917
2026-01-05 21:00+01:00,
2026-01-05 21:15+01:00,0.194661
2026-01-05 21:30+01:00,0.265481
2026-01-05 21:45+01:00,0.173661
2026-01-05 22:00+01:00,0.245037
2026-01-05 22:15+01:00,0.237677
2026-01-05 22:30+01:00,0.208598
2026-01-05 22:45+01:00,0.196596
2026-01-05 23:00+01:00,
2026-01-05 23:15+01:00,0.196956
2026-01-05 23:30+01:00,0.191964
2026-01-05 23:45+01:00,0.151783
2026-01-06 00:00+01:00,0.217249
2026-01-06 00:15+01:00,0.184119
2026-01-06 00:30+01:00,0.210722
2026-01-06 00:45+01:00,0.248541
2026-01-06 01:00+01:00,0.167338
2026-01-06 01:15+01:00,0.174478
2026-01-06 01:30+01:00,0.184446
2026-01-06 01:45+01:00,0.183777
2026-01-06 02:00+01:00,0.246040
2026-01-06 02:15+01:00,0.231708
2026-01-06 02:30+01:00,0.219075
2026-01-06 02:45+01:00,0.225275
2026-01-06 03:00+01:00,0.178346
2026-01-06 03:15+01:00,
2026-01-06 03:30+01:00,0.176082
2026-01-06 03:45+01:00,0.188460
2026-01-06 04:00+01:00,2.331463
2026-01-06 04:15+01:00,0.183999
2026-01-06 04:30+01:00,0.241962
2026-01-06 04:45+01:00,0.174970
2026-01-06 05:00+01:00,0.210403
2026-01-06 05:15+01:00,0.207582
2026-01-06 05:30+01:00,
2026-01-06 05:45+01:00,
2026-01-06 06:00+01:00,
2026-01-06 06:15+01:00,
2026-01-06 06:30+01:00,
2026-01-06 06:45+01:00,
2026-01-06 07:00+01:00,
2026-01-06 07:15+01:00,
2026-01-06 07:30+01:00,
2026-01-06 07:45+01:00,
2026-01-06 08:00+01:00,
2026-01-06 08:15+01:00,
2026-01-06 08:30+01:00,
2026-01-06 08:45+01:00,
2026-01-06 09:00+01:00,
2026-01-06 09:15+01:00,7.967754
2026-01-06 09:30+01:00,8.751837
2026-01-06 09:45+01:00,8.558658
2026-01-06 10:00+01:00,8.585441
2026-01-06 10:15+01:00,8.559480
2026-01-06 10:30+01:00,8.345078
2026-01-06 10:45+01:00,80.581046
2026-01-06 11:00+01:00,74.317118
2026-01-06 11:15+01:00,8.345746
2026-01-06 11:30+01:00,8.158333
2026-01-06 11:45+01:00,8.647825
2026-01-06 12:00+01:00,8.422303
2026-01-06 12:15+01:00,8.037710
2026-01-06 12:30+01:00,
2026-01-06 12:45+01:00,8.362371
2026-01-06 13:00+01:00,8.632705
2026-01-06 13:15+01:00,8.895037
2026-01-06 13:30+01:00,8.082891
2026-01-06 13:45+01:00,8.320642
2026-01-06 14:00+01:00,8.190589
2026-01-06 14:15+01:00,8.451937
2026-01-06 14:30+01:00,8.365471
2026-01-06 14:45+01:00,7.936852
2026-01-06 15:00+01:00,8.418580
2026-01-06 15:15+01:00,8.381034
2026-01-06 15:30+01:00,7.923226
2026-01-06 15:45+01:00,8.385915
2026-01-06 16:00+01:00,8.165678
2026-01-06 16:15+01:00,8.818278
2026-01-06 16:30+01:00,8.427615
2026-01-06 16:45+01:00,8.498390
2026-01-06 17:00+01:00,8.444742
2026-01-06 17:15+01:00,8.890957
2026-01-06 17:30+01:00,8.205475
2026-01-06 17:45+01:00,8.650541
2026-01-06 18:00+01:00,0.217115
2026-01-06 18:15+01:00,0.220077
2026-01-06 18:30+01:00,0.228653
2026-01-06 18:45+01:00,0.203636
2026-01-06 19:00+01:00,0.196241
2026-01-06 19:15+01:00,0.186042
2026-01-06 19:30+01:00,0.209034
2026-01-06 19:45+01:00,
2026-01-06 20:00+01:00,0.210079
2026-01-06 20:15+01:00,0.198295
2026-01-06 20:30+01:00,0.200970
2026-01-06 20:45+01:00,0.188121
2026-01-06 21:00+01:00,0.218665
2026-01-06 21:15+01:00,0.199936
2026-01-06 21:30+01:00,0.231156
2026-01-06 21:45+01:00,0.219596
2026-01-06 22:00+01:00,0.197249
2026-01-06 22:15+01:00,0.166488
2026-01-06 22:30+01:00,0.196467
2026-01-06 22:45+01:00,0.194696
2026-01-06 23:00+01:00,0.201867
2026-01-06 23:15+01:00,0.187315
2026-01-06 23:30+01:00,0.218310
2026-01-06 23:45+01:00,0.254681
2026-01-07 00:00+01:00,0.207210
2026-01-07 00:15+01:00,0.000000
2026-01-07 00:30+01:00,0.221714
2026-01-07 00:45+01:00,0.213454
2026-01-07 01:00+01:00,0.205252
2026-01-07 01:15+01:00,0.232960
2026-01-07 01:30+01:00,0.173897
2026-01-07 01:45+01:00,0.214219
2026-01-07 02:00+01:00,0.181600
2026-01-07 02:15+01:00,0.194188
2026-01-07 02:30+01:00,0.000000
2026-01-07 02:45+01:00,
2026-01-07 03:00+01:00,0.280862
2026-01-07 03:15+01:00,0.212227
2026-01-07 03:30+01:00,0.207444
2026-01-07 03:45+01:00,0.215719
2026-01-07 04:00+01:00,0.230492
2026-01-07 04:15+01:00,0.191765
2026-01-07 04:30+01:00,
2026-01-07 04:45+01:00,0.000000
2026-01-07 05:00+01:00,0.184544
2026-01-07 05:15+01:00,
2026-01-07 05:30+01:00,0.000000
2026-01-07 05:45+01:00,0.216766
2026-01-07 06:00+01:00,0.174702
2026-01-07 06:15+01:00,0.207580
2026-01-07 06:30+01:00,0.223751
2026-01-07 06:45+01:00,0.000000
2026-01-07 07:00+01:00,8.538050
2026-01-07 07:15+01:00,8.577548
2026-01-07 07:30+01:00,8.603724
2026-01-07 07:45+01:00,8.650934
2026-01-07 08:00+01:00,8.797469
2026-01-07 08:15+01:00,8.367629
2026-01-07 08:30+01:00,
2026-01-07 08:45+01:00,8.557902
2026-01-07 09:00+01:00,
2026-01-07 09:15+01:00,9.041953
2026-01-07 09:30+01:00,8.681455
2026-01-07 09:45+01:00,8.248087
2026-01-07 10:00+01:00,8.595870
2026-01-07 10:15+01:00,8.542186
2026-01-07 10:30+01:00,8.740270
2026-01-07 10:45+01:00,9.024188
2026-01-07 11:00+01:00,8.278907
2026-01-07 11:15+01:00,8.263185
2026-01-07 11:30+01:00,8.338458
2026-01-07 11:45+01:00,8.333838
2026-01-07 12:00+01:00,8.279673
2026-01-07 12:15+01:00,8.244834
2026-01-07 12:30+01:00,8.571491
2026-01-07 12:45+01:00,8.647972
2026-01-07 13:00+01:00,8.520805
2026-01-07 13:15+01:00,8.629818
2026-01-07 13:30+01:00,8.359723
2026-01-07 13:45+01:00,8.560801
2026-01-07 14:00+01:00,9.124165
2026-01-07 14:15+01:00,8.514732
2026-01-07 14:30+01:00,9.049622
2026-01-07 14:45+01:00,8.750126
2026-01-07 15:00+01:00,8.013219
2026-01-07 15:15+01:00,8.927002
2026-01-07 15:30+01:00,8.746991
2026-01-07 15:45+01:00,8.913456
2026-01-07 16:00+01:00,8.007114
2026-01-07 16:15+01:00,8.700227
2026-01-07 16:30+01:00,8.276176
2026-01-07 16:45+01:00,8.618414
2026-01-07 17:00+01:00,8.239973
2026-01-07 17:15+01:00,8.278938
2026-01-07 17:30+01:00,8.298842
2026-01-07 17:45+01:00,8.472038
2026-01-07 18:00+01:00,0.199886
2026-01-07 18:15+01:00,0.000000
2026-01-07 18:30+01:00,0.238627
2026-01-07 18:45+01:00,0.192977
2026-01-07 19:00+01:00,0.195681
2026-01-07 19:15+01:00,
2026-01-07 19:30+01:00,0.195790
2026-01-07 19:45+01:00,0.246180
2026-01-07 20:00+01:00,0.172767
2026-01-07 20:15+01:00,0.207281
2026-01-07 20:30+01:00,
2026-01-07 20:45+01:00,0.179721
2026-01-07 21:00+01:00,0.000000
2026-01-07 21:15+01:00,0.237637
2026-01-07 21:30+01:00,0.230045
2026-01-07 21:45+01:00,0.207921
2026-01-07 22:00+01:00,0.157512
2026-01-07 22:15+01:00,0.183517
2026-01-07 22:30+01:00,0.219525
2026-01-07 22:45+01:00,0.184816
2026-01-07 23:00+01:00,0.180565
2026-01-07 23:15+01:00,0.198948
2026-01-07 23:30+01:00,0.220595
2026-01-07 23:45+01:00,0.000000
2026-01-08 00:00+01:00,0.157439
2026-01-08 00:15+01:00,0.180229
2026-01-08 00:30+01:00,0.158766
2026-01-08 00:45+01:00,0.244872
2026-01-08 01:00+01:00,0.199611
2026-01-08 01:15+01:00,0.215837
2026-01-08 01:30+01:00,0.238440
2026-01-08 01:45+01:00,0.256280
2026-01-08 02:00+01:00,0.199294
2026-01-08 02:15+01:00,0.195485
2026-01-08 02:30+01:00,0.246601
2026-01-08 02:45+01:00,
2026-01-08 03:00+01:00,
2026-01-08 03:15+01:00,0.183880
2026-01-08 03:30+01:00,0.000000
2026-01-08 03:45+01:00,0.185910
2026-01-08 04:00+01:00,0.220845
2026-01-08 04:15+01:00,0.191811
2026-01-08 04:30+01:00,0.204694
2026-01-08 04:45+01:00,0.244775
2026-01-08 05:00+01:00,0.000000
2026-01-08 05:15+01:00,0.224391
2026-01-08 05:30+01:00,0.237179
2026-01-08 05:45+01:00,0.174390
2026-01-08 06:00+01:00,0.180329
2026-01-08 06:15+01:00,
2026-01-08 06:30+01:00,0.181914
2026-01-08 06:45+01:00,0.181327
2026-01-08 07:00+01:00,7.677337
2026-01-08 07:15+01:00,8.660066
2026-01-08 07:30+01:00,8.435712
2026-01-08 07:45+01:00,9.167304
2026-01-08 08:00+01:00,8.796577
2026-01-08 08:15+01:00,8.749496
2026-01-08 08:30+01:00,9.014564
2026-01-08 08:45+01:00,8.621828
2026-01-08 09:00+01:00,8.569625
2026-01-08 09:15+01:00,8.625636
2026-01-08 09:30+01:00,8.593191
2026-01-08 09:45+01:00,8.188647
2026-01-08 10:00+01:00,8.099830
2026-01-08 10:15+01:00,8.594761
2026-01-08 10:30+01:00,8.475829
2026-01-08 10:45+01:00,8.307585
2026-01-08 11:00+01:00,9.343079
2026-01-08 11:15+01:00,8.575045
2026-01-08 11:30+01:00,8.429789
2026-01-08 11:45+01:00,8.828880
2026-01-08 12:00+01:00,8.217238
2026-01-08 12:15+01:00,8.374674
2026-01-08 12:30+01:00,8.945180
2026-01-08 12:45+01:00,9.006418
2026-01-08 13:00+01:00,8.444661
2026-01-08 13:15+01:00,8.816869
2026-01-08 13:30+01:00,8.212789
2026-01-08 13:45+01:00,8.507741
2026-01-08 14:00+01:00,
2026-01-08 14:15+01:00,8.234206
2026-01-08 14:30+01:00,8.457842
2026-01-08 14:45+01:00,8.545272
2026-01-08 15:00+01:00,8.267573
2026-01-08 15:15+01:00,8.033448
2026-01-08 15:30+01:00,8.801389
2026-01-08 15:45+01:00,8.458971
2026-01-08 16:00+01:00,8.260213
2026-01-08 16:15+01:00,8.524182
2026-01-08 16:30+01:00,8.916288
2026-01-08 16:45+01:00,9.051555
2026-01-08 17:00+01:00,8.692446
2026-01-08 17:15+01:00,8.481758
2026-01-08 17:30+01:00,8.401014
2026-01-08 17:45+01:00,8.128442
2026-01-08 18:00+01:00,
2026-01-08 18:15+01:00,0.248692
2026-01-08 18:30+01:00,
2026-01-08 18:45+01:00,0.000000
2026-01-08 19:00+01:00,0.175702
2026-01-08 19:15+01:00,0.206160
2026-01-08 19:30+01:00,0.178046
2026-01-08 19:45+01:00,0.000000
2026-01-08 20:00+01:00,0.247867
2026-01-08 20:15+01:00,0.202458
2026-01-08 20:30+01:00,0.000000
2026-01-08 20:45+01:00,0.193363
2026-01-08 21:00+01:00,0.227449
2026-01-08 21:15+01:00,0.218513
2026-01-08 21:30+01:00,0.228124
2026-01-08 21:45+01:00,0.200169
2026-01-08 22:00+01:00,0.191710
2026-01-08 22:15+01:00,0.218053
2026-01-08 22:30+01:00,0.176760
2026-01-08 22:45+01:00,0.195891
2026-01-08 23:00+01:00,0.179692
2026-01-08 23:15+01:00,0.199642
2026-01-08 23:30+01:00,0.188787
2026-01-08 23:45+01:00,0.189799
2026-01-09 00:00+01:00,0.198938
2026-01-09 00:15+01:00,0.215656
2026-01-09 00:30+01:00,0.214158
2026-01-09 00:45+01:00,0.248605
2026-01-09 01:00+01:00,0.180320
2026-01-09 01:15+01:00,
2026-01-09 01:30+01:00,0.167201
2026-01-09 01:45+01:00,0.200264
2026-01-09 02:00+01:00,0.180850
2026-01-09 02:15+01:00,0.230314
2026-01-09 02:30+01:00,0.197094
2026-01-09 02:45+01:00,0.227322
2026-01-09 03:00+01:00,0.211769
2026-01-09 03:15+01:00,0.218291
2026-01-09 03:30+01:00,0.170648
2026-01-09 03:45+01:00,
2026-01-09 04:00+01:00,0.203150
2026-01-09 04:15+01:00,0.205153
2026-01-09 04:30+01:00,0.226392
2026-01-09 04:45+01:00,0.000000
2026-01-09 05:00+01:00,0.176948
2026-01-09 05:15+01:00,0.203089
2026-01-09 05:30+01:00,0.242396
2026-01-09 05:45+01:00,0.220371
2026-01-09 06:00+01:00,0.000000
2026-01-09 06:15+01:00,
2026-01-09 06:30+01:00,
2026-01-09 06:45+01:00,
2026-01-09 07:00+01:00,
2026-01-09 07:15+01:00,
2026-01-09 07:30+01:00,
2026-01-09 07:45+01:00,
2026-01-09 08:00+01:00,
2026-01-09 08:15+01:00,
2026-01-09 08:30+01:00,
2026-01-09 08:45+01:00,
2026-01-09 09:00+01:00,
2026-01-09 09:15+01:00,
2026-01-09 09:30+01:00,
2026-01-09 09:45+01:00,
2026-01-09 10:00+01:00,
2026-01-09 10:15+01:00,8.578074
2026-01-09 10:30+01:00,8.300200
2026-01-09 10:45+01:00,8.886708
2026-01-09 11:00+01:00,9.010707
2026-01-09 11:15+01:00,8.289512
2026-01-09 11:30+01:00,7.771386
2026-01-09 11:45+01:00,8.252450
2026-01-09 12:00+01:00,8.441982
2026-01-09 12:15+01:00,8.524300
2026-01-09 12:30+01:00,8.341630
2026-01-09 12:45+01:00,8.072519
2026-01-09 13:00+01:00,8.946089
2026-01-09 13:15+01:00,8.552820
2026-01-09 13:30+01:00,8.447494
2026-01-09 13:45+01:00,8.976969
2026-01-09 14:00+01:00,8.677310
2026-01-09 14:15+01:00,8.098500
2026-01-09 14:30+01:00,8.311213
2026-01-09 14:45+01:00,7.986185
2026-01-09 15:00+01:00,8.893891
2026-01-09 15:15+01:00,8.460831
2026-01-09 15:30+01:00,9.016577
2026-01-09 15:45+01:00,8.667329
2026-01-09 16:00+01:00,8.420879
2026-01-09 16:15+01:00,9.004695
2026-01-09 16:30+01:00,8.612702
2026-01-09 16:45+01:00,
2026-01-09 17:00+01:00,
2026-01-09 17:15+01:00,8.518502
2026-01-09 17:30+01:00,8.225779
2026-01-09 17:45+01:00,8.748575
2026-01-09 18:00+01:00,0.218750
2026-01-09 18:15+01:00,0.189304
2026-01-09 18:30+01:00,0.187954
2026-01-09 18:45+01:00,0.162964
2026-01-09 19:00+01:00,0.180256
2026-01-09 19:15+01:00,0.237714
2026-01-09 19:30+01:00,0.206383
2026-01-09 19:45+01:00,0.205321
2026-01-09 20:00+01:00,0.219741
2026-01-09 20:15+01:00,0.232570
2026-01-09 20:30+01:00,0.216009
2026-01-09 20:45+01:00,0.233688
2026-01-09 21:00+01:00,0.137125
2026-01-09 21:15+01:00,0.221220
2026-01-09 21:30+01:00,0.176857
2026-01-09 21:45+01:00,0.232078
2026-01-09 22:00+01:00,0.233463
2026-01-09 22:15+01:00,0.207120
2026-01-09 22:30+01:00,0.206231
2026-01-09 22:45+01:00,0.229800
2026-01-09 23:00+01:00,0.198628
2026-01-09 23:15+01:00,0.177892
2026-01-09 23:30+01:00,0.226504
2026-01-09 23:45+01:00,0.171377
2026-01-10 00:00+01:00,0.210315
2026-01-10 00:15+01:00,0.084634
2026-01-10 00:30+01:00,0.093890
2026-01-10 00:45+01:00,0.086181
2026-01-10 01:00+01:00,0.087633
2026-01-10 01:15+01:00,0.095503
2026-01-10 01:30+01:00,0.103746
2026-01-10 01:45+01:00,0.080563
2026-01-10 02:00+01:00,0.110978
2026-01-10 02:15+01:00,0.086002
2026-01-10 02:30+01:00,0.110357
2026-01-10 02:45+01:00,0.109089
2026-01-10 03:00+01:00,0.080585
2026-01-10 03:15+01:00,0.071699
2026-01-10 03:30+01:00,0.072951
2026-01-10 03:45+01:00,0.104743
2026-01-10 04:00+01:00,0.091156
2026-01-10 04:15+01:00,0.100832
2026-01-10 04:30+01:00,
2026-01-10 04:45+01:00,0.100000
2026-01-10 05:00+01:00,0.095029
2026-01-10 05:15+01:00,0.099705
2026-01-10 05:30+01:00,0.081714
2026-01-10 05:45+01:00,0.120291
2026-01-10 06:00+01:00,0.106257
2026-01-10 06:15+01:00,0.094834
2026-01-10 06:30+01:00,0.104796
2026-01-10 06:45+01:00,0.000000
2026-01-10 07:00+01:00,0.093391
2026-01-10 07:15+01:00,0.083785
2026-01-10 07:30+01:00,0.102327
2026-01-10 07:45+01:00,0.091953
2026-01-10 08:00+01:00,0.084390
2026-01-10 08:15+01:00,0.082325
2026-01-10 08:30+01:00,0.108291
2026-01-10 08:45+01:00,0.081889
2026-01-10 09:00+01:00,
2026-01-10 09:15+01:00,0.000000
2026-01-10 09:30+01:00,0.103995
2026-01-10 09:45+01:00,0.082980
2026-01-10 10:00+01:00,0.000000
2026-01-10 10:15+01:00,0.092631
2026-01-10 10:30+01:00,0.107359
2026-01-10 10:45+01:00,0.000000
2026-01-10 11:00+01:00,0.071611
2026-01-10 11:15+01:00,0.075156
2026-01-10 11:30+01:00,0.106445
2026-01-10 11:45+01:00,0.111450
2026-01-10 12:00+01:00,0.087555
2026-01-10 12:15+01:00,0.000000
2026-01-10 12:30+01:00,0.000000
2026-01-10 12:45+01:00,0.096186
2026-01-10 13:00+01:00,0.000000
2026-01-10 13:15+01:00,0.077883
2026-01-10 13:30+01:00,
2026-01-10 13:45+01:00,0.089320
2026-01-10 14:00+01:00,0.103736
2026-01-10 14:15+01:00,0.109619
2026-01-10 14:30+01:00,0.102681
2026-01-10 14:45+01:00,0.089375
2026-01-10 15:00+01:00,0.108882
2026-01-10 15:15+01:00,0.099399
2026-01-10 15:30+01:00,0.098911
2026-01-10 15:45+01:00,0.111498
2026-01-10 16:00+01:00,0.081961
2026-01-10 16:15+01:00,0.074433
2026-01-10 16:30+01:00,0.078224
2026-01-10 16:45+01:00,0.100946
2026-01-10 17:00+01:00,0.080733
2026-01-10 17:15+01:00,0.091887
2026-01-10 17:30+01:00,0.081008
2026-01-10 17:45+01:00,0.114226
2026-01-10 18:00+01:00,0.102375
2026-01-10 18:15+01:00,
2026-01-10 18:30+01:00,0.088669
2026-01-10 18:45+01:00,0.072987
2026-01-10 19:00+01:00,0.085432
2026-01-10 19:15+01:00,0.086783
2026-01-10 19:30+01:00,0.090485
2026-01-10 19:45+01:00,0.000000
2026-01-10 20:00+01:00,0.114248
2026-01-10 20:15+01:00,0.082783
2026-01-10 20:30+01:00,0.097486
2026-01-10 20:45+01:00,0.082941
2026-01-10 21:00+01:00,0.073879
2026-01-10 21:15+01:00,0.000000
2026-01-10 21:30+01:00,0.101748
2026-01-10 21:45+01:00,0.102154
2026-01-10 22:00+01:00,0.068725
2026-01-10 22:15+01:00,0.088291
2026-01-10 22:30+01:00,0.108934
2026-01-10 22:45+01:00,0.079050
2026-01-10 23:00+01:00,0.082136
2026-01-10 23:15+01:00,0.080331
2026-01-10 23:30+01:00,0.106671
2026-01-10 23:45+01:00,0.100169
2026-01-11 00:00+01:00,0.097440
2026-01-11 00:15+01:00,0.092310
2026-01-11 00:30+01:00,0.100205
2026-01-11 00:45+01:00,0.093217
2026-01-11 01:00+01:00,0.111458
2026-01-11 01:15+01:00,0.089070
2026-01-11 01:30+01:00,0.095463
2026-01-11 01:45+01:00,0.085336
2026-01-11 02:00+01:00,0.084752
2026-01-11 02:15+01:00,0.099837
2026-01-11 02:30+01:00,0.092086
2026-01-11 02:45+01:00,0.096164
2026-01-11 03:00+01:00,0.093714
2026-01-11 03:15+01:00,0.101118
2026-01-11 03:30+01:00,0.113107
2026-01-11 03:45+01:00,0.101713
2026-01-11 04:00+01:00,0.097211
2026-01-11 04:15+01:00,0.076158
2026-01-11 04:30+01:00,0.092838
2026-01-11 04:45+01:00,0.102642
2026-01-11 05:00+01:00,0.097013
2026-01-11 05:15+01:00,0.086574
2026-01-11 05:30+01:00,0.086680
2026-01-11 05:45+01:00,0.085753
2026-01-11 06:00+01:00,0.080691
2026-01-11 06:15+01:00,
2026-01-11 06:30+01:00,0.078714
2026-01-11 06:45+01:00,0.090914
2026-01-11 07:00+01:00,0.085296
2026-01-11 07:15+01:00,0.111969
2026-01-11 07:30+01:00,
2026-01-11 07:45+01:00,0.087359
2026-01-11 08:00+01:00,0.084964
2026-01-11 08:15+01:00,0.098388
2026-01-11 08:30+01:00,0.078471
2026-01-11 08:45+01:00,0.100648
2026-01-11 09:00+01:00,0.102357
2026-01-11 09:15+01:00,0.079003
2026-01-11 09:30+01:00,0.000000
2026-01-11 09:45+01:00,0.087054
2026-01-11 10:00+01:00,0.094774
2026-01-11 10:15+01:00,0.102093
2026-01-11 10:30+01:00,0.112460
2026-01-11 10:45+01:00,0.097844
2026-01-11 11:00+01:00,0.096886
2026-01-11 11:15+01:00,0.089206
2026-01-11 11:30+01:00,
2026-01-11 11:45+01:00,0.092635
2026-01-11 12:00+01:00,0.098898
2026-01-11 12:15+01:00,0.095610
2026-01-11 12:30+01:00,0.000000
2026-01-11 12:45+01:00,0.089532
2026-01-11 13:00+01:00,0.085894
2026-01-11 13:15+01:00,0.091383
2026-01-11 13:30+01:00,0.091947
2026-01-11 13:45+01:00,0.097487
2026-01-11 14:00+01:00,0.092331
2026-01-11 14:15+01:00,0.124128
2026-01-11 14:30+01:00,0.086369
2026-01-11 14:45+01:00,0.095823
2026-01-11 15:00+01:00,0.091490
2026-01-11 15:15+01:00,0.095622
2026-01-11 15:30+01:00,0.113326
2026-01-11 15:45+01:00,0.096682
2026-01-11 16:00+01:00,0.085191
2026-01-11 16:15+01:00,0.000000
2026-01-11 16:30+01:00,0.081065
2026-01-11 16:45+01:00,0.091412
2026-01-11 17:00+01:00,0.105872
2026-01-11 17:15+01:00,0.087357
2026-01-11 17:30+01:00,0.091882
2026-01-11 17:45+01:00,0.073324
2026-01-11 18:00+01:00,0.120368
2026-01-11 18:15+01:00,0.108175
2026-01-11 18:30+01:00,
2026-01-11 18:45+01:00,
2026-01-11 19:00+01:00,0.080406
2026-01-11 19:15+01:00,0.090801
2026-01-11 19:30+01:00,0.096405
2026-01-11 19:45+01:00,0.089238
2026-01-11 20:00+01:00,0.102463
2026-01-11 20:15+01:00,0.092815
2026-01-11 20:30+01:00,0.119477
2026-01-11 20:45+01:00,
2026-01-11 21:00+01:00,0.090002
2026-01-11 21:15+01:00,
2026-01-11 21:30+01:00,0.106417
2026-01-11 21:45+01:00,0.094367
2026-01-11 22:00+01:00,0.100984
2026-01-11 22:15+01:00,0.091587
2026-01-11 22:30+01:00,0.087655
2026-01-11 22:45+01:00,0.067878
2026-01-11 23:00+01:00,0.093911
2026-01-11 23:15+01:00,0.077106
2026-01-11 23:30+01:00,0.096001
2026-01-11 23:45+01:00,0.088780
2026-01-12 00:00+01:00,0.099756
2026-01-12 00:15+01:00,
2026-01-12 00:30+01:00,0.214208
2026-01-12 00:45+01:00,0.214130
2026-01-12 01:00+01:00,0.174615
2026-01-12 01:15+01:00,0.222294
2026-01-12 01:30+01:00,0.177691
2026-01-12 01:45+01:00,0.204392
2026-01-12 02:00+01:00,0.253304
2026-01-12 02:15+01:00,0.205495
2026-01-12 02:30+01:00,0.224919
2026-01-12 02:45+01:00,0.211752
2026-01-12 03:00+01:00,
2026-01-12 03:15+01:00,0.222216
2026-01-12 03:30+01:00,0.194054
2026-01-12 03:45+01:00,0.209266
2026-01-12 04:00+01:00,0.250606
2026-01-12 04:15+01:00,0.187233
2026-01-12 04:30+01:00,0.204038
2026-01-12 04:45+01:00,0.186714
2026-01-12 05:00+01:00,0.210885
2026-01-12 05:15+01:00,0.254803
2026-01-12 05:30+01:00,0.193597
2026-01-12 05:45+01:00,0.216977
2026-01-12 06:00+01:00,0.187257
2026-01-12 06:15+01:00,0.209986
2026-01-12 06:30+01:00,0.204827
2026-01-12 06:45+01:00,0.229445
2026-01-12 07:00+01:00,8.608698
2026-01-12 07:15+01:00,8.577999
2026-01-12 07:30+01:00,8.459314
2026-01-12 07:45+01:00,8.382199
2026-01-12 08:00+01:00,8.340300
2026-01-12 08:15+01:00,8.320393
2026-01-12 08:30+01:00,8.299633
2026-01-12 08:45+01:00,8.499066
2026-01-12 09:00+01:00,9.152188
2026-01-12 09:15+01:00,8.034088
2026-01-12 09:30+01:00,8.336897
2026-01-12 09:45+01:00,8.296954
2026-01-12 10:00+01:00,8.878369
2026-01-12 10:15+01:00,8.228340
2026-01-12 10:30+01:00,8.429913
2026-01-12 10:45+01:00,8.047761
2026-01-12 11:00+01:00,8.885054
2026-01-12 11:15+01:00,8.200284
2026-01-12 11:30+01:00,8.652642
2026-01-12 11:45+01:00,9.017222
2026-01-12 12:00+01:00,8.252551
2026-01-12 12:15+01:00,8.660796
2026-01-12 12:30+01:00,8.664155
2026-01-12 12:45+01:00,8.515360
2026-01-12 13:00+01:00,7.474151
2026-01-12 13:15+01:00,8.742650
2026-01-12 13:30+01:00,8.213650
2026-01-12 13:45+01:00,8.718942
2026-01-12 14:00+01:00,8.562200
2026-01-12 14:15+01:00,
2026-01-12 14:30+01:00,8.857206
2026-01-12 14:45+01:00,8.432052
2026-01-12 15:00+01:00,8.699121
2026-01-12 15:15+01:00,8.407913
2026-01-12 15:30+01:00,8.746354
2026-01-12 15:45+01:00,8.430886
2026-01-12 16:00+01:00,8.501518
2026-01-12 16:15+01:00,9.247290
2026-01-12 16:30+01:00,8.511455
2026-01-12 16:45+01:00,8.342475
2026-01-12 17:00+01:00,8.240602
2026-01-12 17:15+01:00,8.310687
2026-01-12 17:30+01:00,8.521851
2026-01-12 17:45+01:00,
2026-01-12 18:00+01:00,0.199909
2026-01-12 18:15+01:00,0.186302
2026-01-12 18:30+01:00,0.184226
2026-01-12 18:45+01:00,0.180256
2026-01-12 19:00+01:00,0.264453
2026-01-12 19:15+01:00,0.208709
2026-01-12 19:30+01:00,0.211756
2026-01-12 19:45+01:00,0.212087
2026-01-12 20:00+01:00,0.205482
2026-01-12 20:15+01:00,0.160451
2026-01-12 20:30+01:00,0.167340
2026-01-12 20:45+01:00,0.211531
2026-01-12 21:00+01:00,0.232136
2026-01-12 21:15+01:00,0.192317
2026-01-12 21:30+01:00,0.234096
2026-01-12 21:45+01:00,0.212009
2026-01-12 22:00+01:00,0.202913
2026-01-12 22:15+01:00,0.226137
2026-01-12 22:30+01:00,0.179767
2026-01-12 22:45+01:00,0.198408
2026-01-12 23:00+01:00,0.159992
2026-01-12 23:15+01:00,
2026-01-12 23:30+01:00,0.155087
2026-01-12 23:45+01:00,0.207176
2026-01-13 00:00+01:00,0.241270
2026-01-13 00:15+01:00,0.137606
2026-01-13 00:30+01:00,0.175684
2026-01-13 00:45+01:00,0.200927
2026-01-13 01:00+01:00,0.188719
2026-01-13 01:15+01:00,0.152616
2026-01-13 01:30+01:00,0.177026
2026-01-13 01:45+01:00,0.227800
2026-01-13 02:00+01:00,0.178925
2026-01-13 02:15+01:00,0.170973
2026-01-13 02:30+01:00,0.161734
2026-01-13 02:45+01:00,0.245042
2026-01-13 03:00+01:00,0.158687
2026-01-13 03:15+01:00,0.224332
2026-01-13 03:30+01:00,0.219347
2026-01-13 03:45+01:00,0.205574
2026-01-13 04:00+01:00,0.220809
2026-01-13 04:15+01:00,0.171675
2026-01-13 04:30+01:00,0.224866
2026-01-13 04:45+01:00,0.170538
2026-01-13 05:00+01:00,0.193055
2026-01-13 05:15+01:00,
2026-01-13 05:30+01:00,0.000000
2026-01-13 05:45+01:00,0.161552
2026-01-13 06:00+01:00,0.202625
2026-01-13 06:15+01:00,0.214371
2026-01-13 06:30+01:00,0.187303
2026-01-13 06:45+01:00,0.194051
2026-01-13 07:00+01:00,8.495522
2026-01-13 07:15+01:00,8.873915
2026-01-13 07:30+01:00,8.842330
2026-01-13 07:45+01:00,8.384526
2026-01-13 08:00+01:00,8.424011
2026-01-13 08:15+01:00,8.356381
2026-01-13 08:30+01:00,8.758619
2026-01-13 08:45+01:00,8.320866
2026-01-13 09:00+01:00,8.929529
2026-01-13 09:15+01:00,8.749013
2026-01-13 09:30+01:00,8.595049
2026-01-13 09:45+01:00,8.337639
2026-01-13 10:00+01:00,9.061875
2026-01-13 10:15+01:00,8.048095
2026-01-13 10:30+01:00,8.475584
2026-01-13 10:45+01:00,8.559051
2026-01-13 11:00+01:00,8.317437
2026-01-13 11:15+01:00,8.721528
2026-01-13 11:30+01:00,7.678004
2026-01-13 11:45+01:00,8.201677
2026-01-13 12:00+01:00,8.443573
2026-01-13 12:15+01:00,8.473047
2026-01-13 12:30+01:00,8.541485
2026-01-13 12:45+01:00,8.988463
2026-01-13 13:00+01:00,8.321692
2026-01-13 13:15+01:00,8.829104
2026-01-13 13:30+01:00,8.348927
2026-01-13 13:45+01:00,9.143836
2026-01-13 14:00+01:00,8.563417
2026-01-13 14:15+01:00,8.593111
2026-01-13 14:30+01:00,7.882457
2026-01-13 14:45+01:00,8.700044
2026-01-13 15:00+01:00,8.213375
2026-01-13 15:15+01:00,8.386409
2026-01-13 15:30+01:00,8.793012
2026-01-13 15:45+01:00,8.853340
2026-01-13 16:00+01:00,9.079600
2026-01-13 16:15+01:00,8.339557
2026-01-13 16:30+01:00,8.382168
2026-01-13 16:45+01:00,8.595768
2026-01-13 17:00+01:00,8.582987
2026-01-13 17:15+01:00,8.321673
2026-01-13 17:30+01:00,8.177901
2026-01-13 17:45+01:00,8.436021
2026-01-13 18:00+01:00,0.258848
2026-01-13 18:15+01:00,0.189192
2026-01-13 18:30+01:00,0.231245
2026-01-13 18:45+01:00,0.227814
2026-01-13 19:00+01:00,0.189980
2026-01-13 19:15+01:00,0.182379
2026-01-13 19:30+01:00,0.213081
2026-01-13 19:45+01:00,0.211818
2026-01-13 20:00+01:00,0.210817
2026-01-13 20:15+01:00,0.207379
2026-01-13 20:30+01:00,0.186012
2026-01-13 20:45+01:00,0.214559
2026-01-13 21:00+01:00,0.173488
2026-01-13 21:15+01:00,0.000000
2026-01-13 21:30+01:00,
2026-01-13 21:45+01:00,0.000000
2026-01-13 22:00+01:00,
2026-01-13 22:15+01:00,0.000000
2026-01-13 22:30+01:00,0.256150
2026-01-13 22:45+01:00,0.199753
2026-01-13 23:00+01:00,0.211752
2026-01-13 23:15+01:00,0.144044
2026-01-13 23:30+01:00,0.185262
2026-01-13 23:45+01:00,0.160213
2026-01-14 00:00+01:00,0.207631
2026-01-14 00:15+01:00,0.197184
2026-01-14 00:30+01:00,0.152092
2026-01-14 00:45+01:00,0.260219
2026-01-14 01:00+01:00,0.178544
2026-01-14 01:15+01:00,0.155973
2026-01-14 01:30+01:00,0.215122
2026-01-14 01:45+01:00,0.235131
2026-01-14 02:00+01:00,0.185573
2026-01-14 02:15+01:00,0.180369
2026-01-14 02:30+01:00,0.171555
2026-01-14 02:45+01:00,0.247964
2026-01-14 03:00+01:00,0.179031
2026-01-14 03:15+01:00,0.194183
2026-01-14 03:30+01:00,0.206672
2026-01-14 03:45+01:00,0.187838
2026-01-14 04:00+01:00,0.269102
2026-01-14 04:15+01:00,0.199290
2026-01-14 04:30+01:00,0.229795
2026-01-14 04:45+01:00,
2026-01-14 05:00+01:00,0.184163
2026-01-14 05:15+01:00,0.231360
2026-01-14 05:30+01:00,0.217653
2026-01-14 05:45+01:00,0.000000
2026-01-14 06:00+01:00,0.202302
2026-01-14 06:15+01:00,0.209141
2026-01-14 06:30+01:00,0.203395
2026-01-14 06:45+01:00,0.193950
2026-01-14 07:00+01:00,8.021814
2026-01-14 07:15+01:00,8.747357
2026-01-14 07:30+01:00,8.254798
2026-01-14 07:45+01:00,8.714335
2026-01-14 08:00+01:00,8.173872
2026-01-14 08:15+01:00,8.571276
2026-01-14 08:30+01:00,8.542179
2026-01-14 08:45+01:00,
2026-01-14 09:00+01:00,8.830045
2026-01-14 09:15+01:00,8.329551
2026-01-14 09:30+01:00,8.800485
2026-01-14 09:45+01:00,7.904296
2026-01-14 10:00+01:00,8.709480
2026-01-14 10:15+01:00,8.379291
2026-01-14 10:30+01:00,8.438574
2026-01-14 10:45+01:00,8.431300
2026-01-14 11:00+01:00,8.646998
2026-01-14 11:15+01:00,9.147834
2026-01-14 11:30+01:00,8.820351
2026-01-14 11:45+01:00,8.258012
2026-01-14 12:00+01:00,8.237916
2026-01-14 12:15+01:00,8.498294
2026-01-14 12:30+01:00,8.445857
2026-01-14 12:45+01:00,8.694048
2026-01-14 13:00+01:00,8.061895
2026-01-14 13:15+01:00,8.309293
2026-01-14 13:30+01:00,8.844278
2026-01-14 13:45+01:00,8.660200
2026-01-14 14:00+01:00,8.577414
2026-01-14 14:15+01:00,8.376287
2026-01-14 14:30+01:00,
2026-01-14 14:45+01:00,8.495653
2026-01-14 15:00+01:00,8.837241
2026-01-14 15:15+01:00,8.427693
2026-01-14 15:30+01:00,8.759334
2026-01-14 15:45+01:00,8.842414
2026-01-14 16:00+01:00,8.283568
2026-01-14 16:15+01:00,8.089943
2026-01-14 16:30+01:00,8.764408
2026-01-14 16:45+01:00,8.861637
2026-01-14 17:00+01:00,9.105401
2026-01-14 17:15+01:00,8.551940
2026-01-14 17:30+01:00,8.728585
2026-01-14 17:45+01:00,8.135326
2026-01-14 18:00+01:00,0.177608
2026-01-14 18:15+01:00,0.166284
2026-01-14 18:30+01:00,0.221060
2026-01-14 18:45+01:00,0.203347
2026-01-14 19:00+01:00,0.199784
2026-01-14 19:15+01:00,0.216693
2026-01-14 19:30+01:00,0.210034
2026-01-14 19:45+01:00,0.168977
2026-01-14 20:00+01:00,0.168603
2026-01-14 20:15+01:00,0.179709
2026-01-14 20:30+01:00,0.173593
2026-01-14 20:45+01:00,0.203079
2026-01-14 21:00+01:00,0.182277
2026-01-14 21:15+01:00,0.226413
2026-01-14 21:30+01:00,0.193139
2026-01-14 21:45+01:00,0.206431
2026-01-14 22:00+01:00,0.174258
2026-01-14 22:15+01:00,0.225481
2026-01-14 22:30+01:00,0.233302
2026-01-14 22:45+01:00,0.215480
2026-01-14 23:00+01:00,0.172873
2026-01-14 23:15+01:00,0.000000
2026-01-14 23:30+01:00,0.178569
2026-01-14 23:45+01:00,0.192026
2026-01-15 00:00+01:00,0.196221
2026-01-15 00:15+01:00,0.210292
2026-01-15 00:30+01:00,0.161129
2026-01-15 00:45+01:00,0.251407
2026-01-15 01:00+01:00,0.202189
2026-01-15 01:15+01:00,0.219916
2026-01-15 01:30+01:00,0.157987
2026-01-15 01:45+01:00,0.198323
2026-01-15 02:00+01:00,0.223967
2026-01-15 02:15+01:00,0.214526
2026-01-15 02:30+01:00,0.255052
2026-01-15 02:45+01:00,0.231407
2026-01-15 03:00+01:00,0.242133
2026-01-15 03:15+01:00,0.185937
2026-01-15 03:30+01:00,0.185509
2026-01-15 03:45+01:00,0.220052
2026-01-15 04:00+01:00,0.000000
2026-01-15 04:15+01:00,0.211811
2026-01-15 04:30+01:00,
2026-01-15 04:45+01:00,0.183534
2026-01-15 05:00+01:00,0.000000
2026-01-15 05:15+01:00,
2026-01-15 05:30+01:00,0.155997
2026-01-15 05:45+01:00,0.186310
2026-01-15 06:00+01:00,
2026-01-15 06:15+01:00,0.000000
2026-01-15 06:30+01:00,0.000000
2026-01-15 06:45+01:00,
2026-01-15 07:00+01:00,8.249877
2026-01-15 07:15+01:00,8.949392
2026-01-15 07:30+01:00,8.415424
2026-01-15 07:45+01:00,8.799056
2026-01-15 08:00+01:00,8.761279
2026-01-15 08:15+01:00,8.414172
2026-01-15 08:30+01:00,8.552857
2026-01-15 08:45+01:00,9.048458
2026-01-15 09:00+01:00,8.992570
2026-01-15 09:15+01:00,8.650425
2026-01-15 09:30+01:00,8.378111
2026-01-15 09:45+01:00,8.254181
2026-01-15 10:00+01:00,8.665937
2026-01-15 10:15+01:00,8.426720
2026-01-15 10:30+01:00,8.549870
2026-01-15 10:45+01:00,8.552889
2026-01-15 11:00+01:00,8.334377
2026-01-15 11:15+01:00,8.480705
2026-01-15 11:30+01:00,8.094461
2026-01-15 11:45+01:00,8.152609
2026-01-15 12:00+01:00,
2026-01-15 12:15+01:00,8.341306
2026-01-15 12:30+01:00,8.645507
2026-01-15 12:45+01:00,8.119241
2026-01-15 13:00+01:00,8.449412
2026-01-15 13:15+01:00,7.891066
2026-01-15 13:30+01:00,8.594352
2026-01-15 13:45+01:00,8.172318
2026-01-15 14:00+01:00,8.230778
2026-01-15 14:15+01:00,8.336815
2026-01-15 14:30+01:00,8.216076
2026-01-15 14:45+01:00,8.247067
2026-01-15 15:00+01:00,8.451453
2026-01-15 15:15+01:00,8.814573
2026-01-15 15:30+01:00,8.312642
2026-01-15 15:45+01:00,9.070777
2026-01-15 16:00+01:00,8.315938
2026-01-15 16:15+01:00,8.546267
2026-01-15 16:30+01:00,8.256114
2026-01-15 16:45+01:00,8.178546
2026-01-15 17:00+01:00,8.220895
2026-01-15 17:15+01:00,8.879066
2026-01-15 17:30+01:00,8.557084
2026-01-15 17:45+01:00,8.348958
2026-01-15 18:00+01:00,0.192783
2026-01-15 18:15+01:00,0.206919
2026-01-15 18:30+01:00,0.000000
2026-01-15 18:45+01:00,0.199221
2026-01-15 19:00+01:00,1.303716
2026-01-15 19:15+01:00,1.084471
2026-01-15 19:30+01:00,
2026-01-15 19:45+01:00,0.203126
2026-01-15 20:00+01:00,0.185036
2026-01-15 20:15+01:00,0.229907
2026-01-15 20:30+01:00,0.235710
2026-01-15 20:45+01:00,0.227930
2026-01-15 21:00+01:00,0.158183
2026-01-15 21:15+01:00,0.172983
2026-01-15 21:30+01:00,0.182836
2026-01-15 21:45+01:00,0.216856
2026-01-15 22:00+01:00,0.191774
2026-01-15 22:15+01:00,0.224846
2026-01-15 22:30+01:00,0.186661
2026-01-15 22:45+01:00,0.211075
2026-01-15 23:00+01:00,0.162001
2026-01-15 23:15+01:00,0.188732
2026-01-15 23:30+01:00,0.224135
2026-01-15 23:45+01:00,0.185861
2026-01-16 00:00+01:00,0.221050
2026-01-16 00:15+01:00,0.209250
2026-01-16 00:30+01:00,0.202705
2026-01-16 00:45+01:00,
2026-01-16 01:00+01:00,0.241204
2026-01-16 01:15+01:00,0.211175
2026-01-16 01:30+01:00,0.198650
2026-01-16 01:45+01:00,
2026-01-16 02:00+01:00,0.208188
2026-01-16 02:15+01:00,0.225888
2026-01-16 02:30+01:00,0.220394
2026-01-16 02:45+01:00,0.182037
2026-01-16 03:00+01:00,0.176460
2026-01-16 03:15+01:00,0.177080
2026-01-16 03:30+01:00,0.186629
2026-01-16 03:45+01:00,0.223219
2026-01-16 04:00+01:00,0.000000
2026-01-16 04:15+01:00,0.197171
2026-01-16 04:30+01:00,0.212707
2026-01-16 04:45+01:00,0.208921
2026-01-16 05:00+01:00,0.223765
2026-01-16 05:15+01:00,0.000000
2026-01-16 05:30+01:00,0.199577
2026-01-16 05:45+01:00,0.196344
2026-01-16 06:00+01:00,0.219084
2026-01-16 06:15+01:00,0.184758
2026-01-16 06:30+01:00,0.212575
2026-01-16 06:45+01:00,0.197642
2026-01-16 07:00+01:00,9.113397
2026-01-16 07:15+01:00,8.723592
2026-01-16 07:30+01:00,9.044088
2026-01-16 07:45+01:00,8.437354
2026-01-16 08:00+01:00,
2026-01-16 08:15+01:00,8.545636
2026-01-16 08:30+01:00,8.759476
2026-01-16 08:45+01:00,8.131017
2026-01-16 09:00+01:00,
2026-01-16 09:15+01:00,8.193246
2026-01-16 09:30+01:00,8.349044
2026-01-16 09:45+01:00,8.533920
2026-01-16 10:00+01:00,8.039642
2026-01-16 10:15+01:00,8.036802
2026-01-16 10:30+01:00,8.451672
2026-01-16 10:45+01:00,8.589256
2026-01-16 11:00+01:00,
2026-01-16 11:15+01:00,7.816706
2026-01-16 11:30+01:00,8.173439
2026-01-16 11:45+01:00,8.818352
2026-01-16 12:00+01:00,8.125876
2026-01-16 12:15+01:00,8.131114
2026-01-16 12:30+01:00,7.673974
2026-01-16 12:45+01:00,8.501631
2026-01-16 13:00+01:00,8.666139
2026-01-16 13:15+01:00,8.652196
2026-01-16 13:30+01:00,8.860366
2026-01-16 13:45+01:00,8.480125
2026-01-16 14:00+01:00,8.641131
2026-01-16 14:15+01:00,8.468675
2026-01-16 14:30+01:00,8.137573
2026-01-16 14:45+01:00,8.952407
2026-01-16 15:00+01:00,8.548734
2026-01-16 15:15+01:00,8.265311
2026-01-16 15:30+01:00,8.456593
2026-01-16 15:45+01:00,8.517810
2026-01-16 16:00+01:00,8.731481
2026-01-16 16:15+01:00,8.558985
2026-01-16 16:30+01:00,8.093538
2026-01-16 16:45+01:00,9.172201
2026-01-16 17:00+01:00,8.896594
2026-01-16 17:15+01:00,8.036570
2026-01-16 17:30+01:00,8.342376
2026-01-16 17:45+01:00,8.338194
2026-01-16 18:00+01:00,0.210213
2026-01-16 18:15+01:00,0.257879
2026-01-16 18:30+01:00,0.187030
2026-01-16 18:45+01:00,0.197009
2026-01-16 19:00+01:00,0.227686
2026-01-16 19:15+01:00,0.167384
2026-01-16 19:30+01:00,0.237633
2026-01-16 19:45+01:00,0.155862
2026-01-16 20:00+01:00,0.193081
2026-01-16 20:15+01:00,0.198952
2026-01-16 20:30+01:00,0.225794
2026-01-16 20:45+01:00,0.210541
2026-01-16 21:00+01:00,0.227910
2026-01-16 21:15+01:00,0.232497
2026-01-16 21:30+01:00,0.257868
2026-01-16 21:45+01:00,0.232611
2026-01-16 22:00+01:00,0.205322
2026-01-16 22:15+01:00,0.221067
2026-01-16 22:30+01:00,0.177904
2026-01-16 22:45+01:00,
2026-01-16 23:00+01:00,0.204147
2026-01-16 23:15+01:00,0.248657
2026-01-16 23:30+01:00,0.219102
2026-01-16 23:45+01:00,0.207804
2026-01-17 00:00+01:00,0.173945
2026-01-17 00:15+01:00,0.086722
2026-01-17 00:30+01:00,0.092363
2026-01-17 00:45+01:00,0.083246
2026-01-17 01:00+01:00,0.082291
2026-01-17 01:15+01:00,0.093038
2026-01-17 01:30+01:00,0.094578
2026-01-17 01:45+01:00,0.087197
2026-01-17 02:00+01:00,
2026-01-17 02:15+01:00,
2026-01-17 02:30+01:00,
2026-01-17 02:45+01:00,0.000000
2026-01-17 03:00+01:00,0.094419
2026-01-17 03:15+01:00,0.082641
2026-01-17 03:30+01:00,0.100353
2026-01-17 03:45+01:00,0.110086
2026-01-17 04:00+01:00,0.099047
2026-01-17 04:15+01:00,0.093904
2026-01-17 04:30+01:00,0.097520
2026-01-17 04:45+01:00,0.079355
2026-01-17 05:00+01:00,0.098642
2026-01-17 05:15+01:00,0.097302
2026-01-17 05:30+01:00,0.108632
2026-01-17 05:45+01:00,0.082767
2026-01-17 06:00+01:00,0.105125
2026-01-17 06:15+01:00,0.061986
2026-01-17 06:30+01:00,0.088979
2026-01-17 06:45+01:00,0.091472
2026-01-17 07:00+01:00,0.093852
2026-01-17 07:15+01:00,0.080199
2026-01-17 07:30+01:00,0.093995
2026-01-17 07:45+01:00,0.086213
2026-01-17 08:00+01:00,0.080859
2026-01-17 08:15+01:00,0.086757
2026-01-17 08:30+01:00,0.099700
2026-01-17 08:45+01:00,0.065821
2026-01-17 09:00+01:00,0.077232
2026-01-17 09:15+01:00,0.105139
2026-01-17 09:30+01:00,0.097202
2026-01-17 09:45+01:00,0.102023
2026-01-17 10:00+01:00,0.103562
2026-01-17 10:15+01:00,
2026-01-17 10:30+01:00,0.113937
2026-01-17 10:45+01:00,0.090068
2026-01-17 11:00+01:00,0.108020
2026-01-17 11:15+01:00,0.000000
2026-01-17 11:30+01:00,0.082237
2026-01-17 11:45+01:00,0.097232
2026-01-17 12:00+01:00,0.108275
2026-01-17 12:15+01:00,0.099261
2026-01-17 12:30+01:00,0.097478
2026-01-17 12:45+01:00,0.106293
2026-01-17 13:00+01:00,0.068626
2026-01-17 13:15+01:00,0.000000
2026-01-17 13:30+01:00,0.086778
2026-01-17 13:45+01:00,0.111114
2026-01-17 14:00+01:00,0.094689
2026-01-17 14:15+01:00,
2026-01-17 14:30+01:00,0.082850
2026-01-17 14:45+01:00,0.074701
2026-01-17 15:00+01:00,0.096867
2026-01-17 15:15+01:00,0.086072
2026-01-17 15:30+01:00,0.105713
2026-01-17 15:45+01:00,0.095835
2026-01-17 16:00+01:00,0.092507
2026-01-17 16:15+01:00,0.097072
2026-01-17 16:30+01:00,0.079811
2026-01-17 16:45+01:00,0.107627
2026-01-17 17:00+01:00,0.066099
2026-01-17 17:15+01:00,0.090081
2026-01-17 17:30+01:00,0.098278
2026-01-17 17:45+01:00,0.092693
2026-01-17 18:00+01:00,0.093046
2026-01-17 18:15+01:00,0.094950
2026-01-17 18:30+01:00,0.084384
2026-01-17 18:45+01:00,0.088096
2026-01-17 19:00+01:00,0.101114
2026-01-17 19:15+01:00,0.093703
2026-01-17 19:30+01:00,0.121923
2026-01-17 19:45+01:00,0.000000
2026-01-17 20:00+01:00,0.086899
2026-01-17 20:15+01:00,0.093609
2026-01-17 20:30+01:00,0.114862
2026-01-17 20:45+01:00,0.107822
2026-01-17 21:00+01:00,0.000000
2026-01-17 21:15+01:00,0.077077
2026-01-17 21:30+01:00,0.086857
2026-01-17 21:45+01:00,0.000000
2026-01-17 22:00+01:00,0.088005
2026-01-17 22:15+01:00,0.089639
2026-01-17 22:30+01:00,0.080856
2026-01-17 22:45+01:00,0.097626
2026-01-17 23:00+01:00,
2026-01-17 23:15+01:00,0.092959
2026-01-17 23:30+01:00,0.095198
2026-01-17 23:45+01:00,0.000000
2026-01-18 00:00+01:00,0.110124
2026-01-18 00:15+01:00,0.000000
2026-01-18 00:30+01:00,0.087262
2026-01-18 00:45+01:00,0.075382
2026-01-18 01:00+01:00,0.093669
2026-01-18 01:15+01:00,0.000000
2026-01-18 01:30+01:00,0.100703
2026-01-18 01:45+01:00,0.099425
2026-01-18 02:00+01:00,0.092027
2026-01-18 02:15+01:00,0.097165
2026-01-18 02:30+01:00,0.082085
2026-01-18 02:45+01:00,0.074527
2026-01-18 03:00+01:00,0.088814
2026-01-18 03:15+01:00,0.095068
2026-01-18 03:30+01:00,0.085237
2026-01-18 03:45+01:00,0.070288
2026-01-18 04:00+01:00,0.092672
2026-01-18 04:15+01:00,0.118801
2026-01-18 04:30+01:00,0.112354
2026-01-18 04:45+01:00,0.093939
2026-01-18 05:00+01:00,0.079550
2026-01-18 05:15+01:00,0.092883
2026-01-18 05:30+01:00,0.097234
2026-01-18 05:45+01:00,0.095999
2026-01-18 06:00+01:00,0.091431
2026-01-18 06:15+01:00,0.103667
2026-01-18 06:30+01:00,0.077169
2026-01-18 06:45+01:00,0.093262
2026-01-18 07:00+01:00,0.088984
2026-01-18 07:15+01:00,0.087854
2026-01-18 07:30+01:00,0.086641
2026-01-18 07:45+01:00,0.095578
2026-01-18 08:00+01:00,0.093984
2026-01-18 08:15+01:00,0.082834
2026-01-18 08:30+01:00,0.099630
2026-01-18 08:45+01:00,0.103067
2026-01-18 09:00+01:00,0.093019
2026-01-18 09:15+01:00,0.080741
2026-01-18 09:30+01:00,0.072749
2026-01-18 09:45+01:00,0.089108
2026-01-18 10:00+01:00,0.077524
2026-01-18 10:15+01:00,0.091387
2026-01-18 10:30+01:00,0.000000
2026-01-18 10:45+01:00,0.000000
2026-01-18 11:00+01:00,
2026-01-18 11:15+01:00,0.095400
2026-01-18 11:30+01:00,0.079738
2026-01-18 11:45+01:00,0.099447
2026-01-18 12:00+01:00,
2026-01-18 12:15+01:00,0.113917
2026-01-18 12:30+01:00,
2026-01-18 12:45+01:00,0.089556
2026-01-18 13:00+01:00,0.110267
2026-01-18 13:15+01:00,0.084540
2026-01-18 13:30+01:00,0.095560
2026-01-18 13:45+01:00,0.072358
2026-01-18 14:00+01:00,0.000000
2026-01-18 14:15+01:00,0.098655
2026-01-18 14:30+01:00,
2026-01-18 14:45+01:00,0.089216
2026-01-18 15:00+01:00,0.098560
2026-01-18 15:15+01:00,0.080291
2026-01-18 15:30+01:00,0.110099
2026-01-18 15:45+01:00,0.098183
2026-01-18 16:00+01:00,0.077387
2026-01-18 16:15+01:00,0.000000
2026-01-18 16:30+01:00,0.082772
2026-01-18 16:45+01:00,0.103464
2026-01-18 17:00+01:00,0.080594
2026-01-18 17:15+01:00,0.102188
2026-01-18 17:30+01:00,0.101159
2026-01-18 17:45+01:00,0.089415
2026-01-18 18:00+01:00,
2026-01-18 18:15+01:00,0.096813
2026-01-18 18:30+01:00,0.089532
2026-01-18 18:45+01:00,0.091257
2026-01-18 19:00+01:00,0.098033
2026-01-18 19:15+01:00,0.111727
2026-01-18 19:30+01:00,0.069898
2026-01-18 19:45+01:00,0.094234
2026-01-18 20:00+01:00,0.105177
2026-01-18 20:15+01:00,0.117314
2026-01-18 20:30+01:00,0.099665
2026-01-18 20:45+01:00,0.077658
2026-01-18 21:00+01:00,0.080796
2026-01-18 21:15+01:00,0.088375
2026-01-18 21:30+01:00,0.100833
2026-01-18 21:45+01:00,0.090226
2026-01-18 22:00+01:00,0.077302
2026-01-18 22:15+01:00,0.084976
2026-01-18 22:30+01:00,0.082887
2026-01-18 22:45+01:00,0.107962
2026-01-18 23:00+01:00,0.084011
2026-01-18 23:15+01:00,0.089696
2026-01-18 23:30+01:00,0.080581
2026-01-18 23:45+01:00,0.073071
2026-01-19 00:00+01:00,0.084577
2026-01-19 00:15+01:00,0.235295
2026-01-19 00:30+01:00,0.158925
2026-01-19 00:45+01:00,0.202325
2026-01-19 01:00+01:00,0.182128
2026-01-19 01:15+01:00,
2026-01-19 01:30+01:00,0.203384
2026-01-19 01:45+01:00,0.219994
2026-01-19 02:00+01:00,0.217909
2026-01-19 02:15+01:00,0.206765
2026-01-19 02:30+01:00,0.223280
2026-01-19 02:45+01:00,0.000000
2026-01-19 03:00+01:00,0.176918
2026-01-19 03:15+01:00,0.207585
2026-01-19 03:30+01:00,0.220131
2026-01-19 03:45+01:00,0.238030
2026-01-19 04:00+01:00,0.196253
2026-01-19 04:15+01:00,0.245854
2026-01-19 04:30+01:00,0.203447
2026-01-19 04:45+01:00,0.204723
2026-01-19 05:00+01:00,0.174431
2026-01-19 05:15+01:00,0.212238
2026-01-19 05:30+01:00,
2026-01-19 05:45+01:00,0.197194
2026-01-19 06:00+01:00,0.184599
2026-01-19 06:15+01:00,
2026-01-19 06:30+01:00,0.237711
2026-01-19 06:45+01:00,0.160130
2026-01-19 07:00+01:00,8.517904
2026-01-19 07:15+01:00,8.754654
2026-01-19 07:30+01:00,7.591718
2026-01-19 07:45+01:00,8.799421
2026-01-19 08:00+01:00,
2026-01-19 08:15+01:00,8.884781
2026-01-19 08:30+01:00,8.619564
2026-01-19 08:45+01:00,
2026-01-19 09:00+01:00,8.413109
2026-01-19 09:15+01:00,8.330985
2026-01-19 09:30+01:00,8.941297
2026-01-19 09:45+01:00,8.725224
2026-01-19 10:00+01:00,7.894417
2026-01-19 10:15+01:00,9.050831
2026-01-19 10:30+01:00,8.147491
2026-01-19 10:45+01:00,8.784221
2026-01-19 11:00+01:00,8.654671
2026-01-19 11:15+01:00,
2026-01-19 11:30+01:00,7.875600
2026-01-19 11:45+01:00,8.337139
2026-01-19 12:00+01:00,9.066644
2026-01-19 12:15+01:00,8.086758
2026-01-19 12:30+01:00,8.955053
2026-01-19 12:45+01:00,8.683519
2026-01-19 13:00+01:00,8.434152
2026-01-19 13:15+01:00,8.877603
2026-01-19 13:30+01:00,7.900973
2026-01-19 13:45+01:00,
2026-01-19 14:00+01:00,8.435233
2026-01-19 14:15+01:00,8.371546
2026-01-19 14:30+01:00,8.622119
2026-01-19 14:45+01:00,8.644026
2026-01-19 15:00+01:00,8.477298
2026-01-19 15:15+01:00,8.073569
2026-01-19 15:30+01:00,58.242664
2026-01-19 15:45+01:00,55.755123
2026-01-19 16:00+01:00,8.072380
2026-01-19 16:15+01:00,7.765368
2026-01-19 16:30+01:00,7.865227
2026-01-19 16:45+01:00,8.365684
2026-01-19 17:00+01:00,8.937376
2026-01-19 17:15+01:00,8.506150
2026-01-19 17:30+01:00,8.934434
2026-01-19 17:45+01:00,8.319851
2026-01-19 18:00+01:00,0.194882
2026-01-19 18:15+01:00,0.185683
2026-01-19 18:30+01:00,0.192014
2026-01-19 18:45+01:00,
2026-01-19 19:00+01:00,0.193681
2026-01-19 19:15+01:00,0.212782
2026-01-19 19:30+01:00,0.237691
2026-01-19 19:45+01:00,0.282479
2026-01-19 20:00+01:00,0.168901
2026-01-19 20:15+01:00,0.210339
2026-01-19 20:30+01:00,0.238895
2026-01-19 20:45+01:00,0.196480
2026-01-19 21:00+01:00,0.199372
2026-01-19 21:15+01:00,0.211944
2026-01-19 21:30+01:00,0.253001
2026-01-19 21:45+01:00,0.193708
2026-01-19 22:00+01:00,0.170965
2026-01-19 22:15+01:00,0.189895
2026-01-19 22:30+01:00,0.225472
2026-01-19 22:45+01:00,0.000000
2026-01-19 23:00+01:00,0.000000
2026-01-19 23:15+01:00,0.211824
2026-01-19 23:30+01:00,0.000000
2026-01-19 23:45+01:00,0.210272
2026-01-20 00:00+01:00,0.236565
2026-01-20 00:15+01:00,0.000000
2026-01-20 00:30+01:00,0.159890
2026-01-20 00:45+01:00,0.186040
2026-01-20 01:00+01:00,0.232332
2026-01-20 01:15+01:00,0.210171
2026-01-20 01:30+01:00,0.000000
2026-01-20 01:45+01:00,0.213223
2026-01-20 02:00+01:00,0.180492
2026-01-20 02:15+01:00,0.245441
2026-01-20 02:30+01:00,
2026-01-20 02:45+01:00,0.193743
2026-01-20 03:00+01:00,0.234280
2026-01-20 03:15+01:00,0.198509
2026-01-20 03:30+01:00,0.218088
2026-01-20 03:45+01:00,0.223032
2026-01-20 04:00+01:00,0.171651
2026-01-20 04:15+01:00,0.165175
2026-01-20 04:30+01:00,0.230162
2026-01-20 04:45+01:00,0.215055
2026-01-20 05:00+01:00,0.229983
2026-01-20 05:15+01:00,0.225690
2026-01-20 05:30+01:00,0.189194
2026-01-20 05:45+01:00,0.229252
2026-01-20 06:00+01:00,0.197938
2026-01-20 06:15+01:00,0.252165
2026-01-20 06:30+01:00,0.237569
2026-01-20 06:45+01:00,0.217123
2026-01-20 07:00+01:00,7.812662
2026-01-20 07:15+01:00,8.447700
2026-01-20 07:30+01:00,8.664757
2026-01-20 07:45+01:00,8.553872
2026-01-20 08:00+01:00,8.602855
2026-01-20 08:15+01:00,8.928508
2026-01-20 08:30+01:00,8.293425
2026-01-20 08:45+01:00,8.709233
2026-01-20 09:00+01:00,8.798758
2026-01-20 09:15+01:00,8.075334
2026-01-20 09:30+01:00,7.976689
2026-01-20 09:45+01:00,8.486208
2026-01-20 10:00+01:00,8.406223
2026-01-20 10:15+01:00,8.299190
2026-01-20 10:30+01:00,8.267006
2026-01-20 10:45+01:00,8.389211
2026-01-20 11:00+01:00,8.314516
2026-01-20 11:15+01:00,8.778889
2026-01-20 11:30+01:00,8.418545
2026-01-20 11:45+01:00,8.687068
2026-01-20 12:00+01:00,
2026-01-20 12:15+01:00,8.547746
2026-01-20 12:30+01:00,8.391191
2026-01-20 12:45+01:00,8.706300
2026-01-20 13:00+01:00,8.519649
2026-01-20 13:15+01:00,8.560800
2026-01-20 13:30+01:00,8.082426
2026-01-20 13:45+01:00,8.460191
2026-01-20 14:00+01:00,8.478301
2026-01-20 14:15+01:00,8.358329
2026-01-20 14:30+01:00,8.518024
2026-01-20 14:45+01:00,8.836176
2026-01-20 15:00+01:00,9.283263
2026-01-20 15:15+01:00,9.394011
2026-01-20 15:30+01:00,8.068052
2026-01-20 15:45+01:00,8.035211
2026-01-20 16:00+01:00,8.626307
2026-01-20 16:15+01:00,8.684603
2026-01-20 16:30+01:00,8.679433
2026-01-20 16:45+01:00,9.118046
2026-01-20 17:00+01:00,8.838496
2026-01-20 17:15+01:00,9.020419
2026-01-20 17:30+01:00,8.587736
2026-01-20 17:45+01:00,9.106566
2026-01-20 18:00+01:00,0.205286
2026-01-20 18:15+01:00,0.239789
2026-01-20 18:30+01:00,0.198215
2026-01-20 18:45+01:00,0.185291
2026-01-20 19:00+01:00,0.242683
2026-01-20 19:15+01:00,0.221774
2026-01-20 19:30+01:00,0.157269
2026-01-20 19:45+01:00,0.132825
2026-01-20 20:00+01:00,0.195945
2026-01-20 20:15+01:00,0.170763
2026-01-20 20:30+01:00,0.000000
2026-01-20 20:45+01:00,0.245468
2026-01-20 21:00+01:00,0.143819
2026-01-20 21:15+01:00,0.169488
2026-01-20 21:30+01:00,0.222722
2026-01-20 21:45+01:00,0.150094
2026-01-20 22:00+01:00,0.266630
2026-01-20 22:15+01:00,0.202442
2026-01-20 22:30+01:00,0.222992
2026-01-20 22:45+01:00,0.185881
2026-01-20 23:00+01:00,0.233714
2026-01-20 23:15+01:00,0.249651
2026-01-20 23:30+01:00,0.000000
2026-01-20 23:45+01:00,0.237492
2026-01-21 00:00+01:00,0.232527
2026-01-21 00:15+01:00,0.000000
2026-01-21 00:30+01:00,0.186493
2026-01-21 00:45+01:00,0.219237
2026-01-21 01:00+01:00,0.179426
2026-01-21 01:15+01:00,0.189443
2026-01-21 01:30+01:00,0.204552
2026-01-21 01:45+01:00,0.188057
2026-01-21 02:00+01:00,0.196653
2026-01-21 02:15+01:00,0.225033
2026-01-21 02:30+01:00,
2026-01-21 02:45+01:00,
2026-01-21 03:00+01:00,0.182550
2026-01-21 03:15+01:00,0.252529
2026-01-21 03:30+01:00,0.214560
2026-01-21 03:45+01:00,0.236377
2026-01-21 04:00+01:00,0.225246
2026-01-21 04:15+01:00,0.186254
2026-01-21 04:30+01:00,0.213533
2026-01-21 04:45+01:00,0.219795
2026-01-21 05:00+01:00,0.221331
2026-01-21 05:15+01:00,0.179135
2026-01-21 05:30+01:00,0.227260
2026-01-21 05:45+01:00,0.183050
2026-01-21 06:00+01:00,0.183469
2026-01-21 06:15+01:00,0.239365
2026-01-21 06:30+01:00,0.186056
2026-01-21 06:45+01:00,0.246566
2026-01-21 07:00+01:00,8.356291
2026-01-21 07:15+01:00,8.965059
2026-01-21 07:30+01:00,8.515930
2026-01-21 07:45+01:00,7.757216
2026-01-21 08:00+01:00,
2026-01-21 08:15+01:00,8.513708
2026-01-21 08:30+01:00,8.584607
2026-01-21 08:45+01:00,8.625695
2026-01-21 09:00+01:00,8.196263
2026-01-21 09:15+01:00,8.146638
2026-01-21 09:30+01:00,
2026-01-21 09:45+01:00,8.407872
2026-01-21 10:00+01:00,8.487758
2026-01-21 10:15+01:00,8.723580
2026-01-21 10:30+01:00,8.813722
2026-01-21 10:45+01:00,8.353807
2026-01-21 11:00+01:00,8.778760
2026-01-21 11:15+01:00,8.433745
2026-01-21 11:30+01:00,8.576792
2026-01-21 11:45+01:00,8.672426
2026-01-21 12:00+01:00,8.563149
2026-01-21 12:15+01:00,8.309435
2026-01-21 12:30+01:00,8.215387
2026-01-21 12:45+01:00,8.504053
2026-01-21 13:00+01:00,8.113479
2026-01-21 13:15+01:00,8.570571
2026-01-21 13:30+01:00,8.768767
2026-01-21 13:45+01:00,8.539071
2026-01-21 14:00+01:00,8.259228
2026-01-21 14:15+01:00,8.812654
2026-01-21 14:30+01:00,7.915097
2026-01-21 14:45+01:00,8.685179
2026-01-21 15:00+01:00,8.411092
2026-01-21 15:15+01:00,8.463318
2026-01-21 15:30+01:00,8.130465
2026-01-21 15:45+01:00,8.792431
2026-01-21 16:00+01:00,8.744954
2026-01-21 16:15+01:00,9.053647
2026-01-21 16:30+01:00,9.119298
2026-01-21 16:45+01:00,
2026-01-21 17:00+01:00,8.954643
2026-01-21 17:15+01:00,8.630456
2026-01-21 17:30+01:00,8.702702
2026-01-21 17:45+01:00,
2026-01-21 18:00+01:00,
2026-01-21 18:15+01:00,0.212568
2026-01-21 18:30+01:00,0.214731
2026-01-21 18:45+01:00,0.199383
2026-01-21 19:00+01:00,
2026-01-21 19:15+01:00,0.199163
2026-01-21 19:30+01:00,0.185178
2026-01-21 19:45+01:00,0.185621
2026-01-21 20:00+01:00,0.205509
2026-01-21 20:15+01:00,0.000000
2026-01-21 20:30+01:00,0.184188
2026-01-21 20:45+01:00,0.150626
2026-01-21 21:00+01:00,0.192524
2026-01-21 21:15+01:00,0.223950
2026-01-21 21:30+01:00,0.216551
2026-01-21 21:45+01:00,0.200276
2026-01-21 22:00+01:00,0.214820
2026-01-21 22:15+01:00,0.195447
2026-01-21 22:30+01:00,0.192084
2026-01-21 22:45+01:00,0.226134
2026-01-21 23:00+01:00,0.000000
2026-01-21 23:15+01:00,0.214048
2026-01-21 23:30+01:00,0.217117
2026-01-21 23:45+01:00,0.212761
2026-01-22 00:00+01:00,0.222103
2026-01-22 00:15+01:00,0.171906
2026-01-22 00:30+01:00,0.205973
2026-01-22 00:45+01:00,0.183498
2026-01-22 01:00+01:00,0.184794
2026-01-22 01:15+01:00,0.189805
2026-01-22 01:30+01:00,0.224654
2026-01-22 01:45+01:00,0.234323
2026-01-22 02:00+01:00,0.198121
2026-01-22 02:15+01:00,0.187451
2026-01-22 02:30+01:00,
2026-01-22 02:45+01:00,0.202056
2026-01-22 03:00+01:00,0.249690
2026-01-22 03:15+01:00,0.211840
2026-01-22 03:30+01:00,0.203708
2026-01-22 03:45+01:00,0.204692
2026-01-22 04:00+01:00,0.170339
2026-01-22 04:15+01:00,0.183530
2026-01-22 04:30+01:00,0.186844
2026-01-22 04:45+01:00,0.194629
2026-01-22 05:00+01:00,0.227659
2026-01-22 05:15+01:00,0.202434
2026-01-22 05:30+01:00,
2026-01-22 05:45+01:00,0.213177
2026-01-22 06:00+01:00,0.204915
2026-01-22 06:15+01:00,0.203685
2026-01-22 06:30+01:00,0.175404
2026-01-22 06:45+01:00,0.203115
2026-01-22 07:00+01:00,9.059112
2026-01-22 07:15+01:00,7.843443
2026-01-22 07:30+01:00,8.422070
2026-01-22 07:45+01:00,8.887113
2026-01-22 08:00+01:00,7.929497
2026-01-22 08:15+01:00,8.669285
2026-01-22 08:30+01:00,8.523041
2026-01-22 08:45+01:00,8.180922
2026-01-22 09:00+01:00,8.326176
2026-01-22 09:15+01:00,8.355951
2026-01-22 09:30+01:00,8.992068
2026-01-22 09:45+01:00,8.417195
2026-01-22 10:00+01:00,
2026-01-22 10:15+01:00,8.522593
2026-01-22 10:30+01:00,8.363850
2026-01-22 10:45+01:00,8.360701
2026-01-22 11:00+01:00,8.637735
2026-01-22 11:15+01:00,8.320155
2026-01-22 11:30+01:00,8.086994
2026-01-22 11:45+01:00,8.790626
2026-01-22 12:00+01:00,8.826625
2026-01-22 12:15+01:00,8.461404
2026-01-22 12:30+01:00,8.189780
2026-01-22 12:45+01:00,8.928120
2026-01-22 13:00+01:00,7.564287
2026-01-22 13:15+01:00,8.441545
2026-01-22 13:30+01:00,8.392652
2026-01-22 13:45+01:00,8.460457
2026-01-22 14:00+01:00,8.866039
2026-01-22 14:15+01:00,8.511153
2026-01-22 14:30+01:00,8.355303
2026-01-22 14:45+01:00,8.281263
2026-01-22 15:00+01:00,8.499204
2026-01-22 15:15+01:00,8.750821
2026-01-22 15:30+01:00,8.074260
2026-01-22 15:45+01:00,8.157537
2026-01-22 16:00+01:00,8.773559
2026-01-22 16:15+01:00,8.211373
2026-01-22 16:30+01:00,9.029025
2026-01-22 16:45+01:00,8.244612
2026-01-22 17:00+01:00,8.068211
2026-01-22 17:15+01:00,8.795232
2026-01-22 17:30+01:00,8.369590
2026-01-22 17:45+01:00,8.263330
2026-01-22 18:00+01:00,0.213348
2026-01-22 18:15+01:00,0.213338
2026-01-22 18:30+01:00,0.233152
2026-01-22 18:45+01:00,0.203004
2026-01-22 19:00+01:00,0.000000
2026-01-22 19:15+01:00,0.168502
2026-01-22 19:30+01:00,0.229041
2026-01-22 19:45+01:00,0.258127
2026-01-22 20:00+01:00,0.220515
2026-01-22 20:15+01:00,0.206844
2026-01-22 20:30+01:00,0.216837
2026-01-22 20:45+01:00,0.193968
2026-01-22 21:00+01:00,0.246454
2026-01-22 21:15+01:00,0.179287
2026-01-22 21:30+01:00,0.225870
2026-01-22 21:45+01:00,0.184256
2026-01-22 22:00+01:00,0.222677
2026-01-22 22:15+01:00,0.181998
2026-01-22 22:30+01:00,0.000000
2026-01-22 22:45+01:00,0.172922
2026-01-22 23:00+01:00,0.236241
2026-01-22 23:15+01:00,0.226434
2026-01-22 23:30+01:00,0.208318
2026-01-22 23:45+01:00,0.197934
2026-01-23 00:00+01:00,0.179574
2026-01-23 00:15+01:00,0.185258
2026-01-23 00:30+01:00,0.168337
2026-01-23 00:45+01:00,0.000000
2026-01-23 01:00+01:00,0.221215
2026-01-23 01:15+01:00,0.199137
2026-01-23 01:30+01:00,0.000000
2026-01-23 01:45+01:00,0.000000
2026-01-23 02:00+01:00,
2026-01-23 02:15+01:00,0.226330
2026-01-23 02:30+01:00,0.260099
2026-01-23 02:45+01:00,0.252953
2026-01-23 03:00+01:00,0.254550
2026-01-23 03:15+01:00,0.153777
2026-01-23 03:30+01:00,0.209138
2026-01-23 03:45+01:00,0.194382
2026-01-23 04:00+01:00,0.241495
2026-01-23 04:15+01:00,0.203616
2026-01-23 04:30+01:00,0.178965
2026-01-23 04:45+01:00,0.000000
2026-01-23 05:00+01:00,0.228677
2026-01-23 05:15+01:00,0.239870
2026-01-23 05:30+01:00,0.214118
2026-01-23 05:45+01:00,0.235852
2026-01-23 06:00+01:00,0.173179
2026-01-23 06:15+01:00,0.216282
2026-01-23 06:30+01:00,0.203173
2026-01-23 06:45+01:00,0.219221
2026-01-23 07:00+01:00,8.560669
2026-01-23 07:15+01:00,8.247140
2026-01-23 07:30+01:00,8.276483
2026-01-23 07:45+01:00,8.438911
2026-01-23 08:00+01:00,8.277432
2026-01-23 08:15+01:00,8.885997
2026-01-23 08:30+01:00,8.364019
2026-01-23 08:45+01:00,9.018664
2026-01-23 09:00+01:00,8.645374
2026-01-23 09:15+01:00,8.516221
2026-01-23 09:30+01:00,8.776366
2026-01-23 09:45+01:00,8.820363
2026-01-23 10:00+01:00,8.556332
2026-01-23 10:15+01:00,8.756734
2026-01-23 10:30+01:00,8.375722
2026-01-23 10:45+01:00,8.326115
2026-01-23 11:00+01:00,8.752930
2026-01-23 11:15+01:00,8.401849
2026-01-23 11:30+01:00,8.431889
2026-01-23 11:45+01:00,8.974439
2026-01-23 12:00+01:00,8.459008
2026-01-23 12:15+01:00,8.621880
2026-01-23 12:30+01:00,8.503435
2026-01-23 12:45+01:00,8.856021
2026-01-23 13:00+01:00,8.434955
2026-01-23 13:15+01:00,8.901739
2026-01-23 13:30+01:00,8.237698
2026-01-23 13:45+01:00,8.604598
2026-01-23 14:00+01:00,8.697750
2026-01-23 14:15+01:00,8.245669
2026-01-23 14:30+01:00,8.393750
2026-01-23 14:45+01:00,8.119900
2026-01-23 15:00+01:00,8.413801
2026-01-23 15:15+01:00,9.112634
2026-01-23 15:30+01:00,8.242884
2026-01-23 15:45+01:00,
2026-01-23 16:00+01:00,8.799820
2026-01-23 16:15+01:00,
2026-01-23 16:30+01:00,8.786004
2026-01-23 16:45+01:00,8.437643
2026-01-23 17:00+01:00,8.134388
2026-01-23 17:15+01:00,8.151442
2026-01-23 17:30+01:00,8.693222
2026-01-23 17:45+01:00,9.147367
2026-01-23 18:00+01:00,0.221707
2026-01-23 18:15+01:00,0.183395
2026-01-23 18:30+01:00,0.221746
2026-01-23 18:45+01:00,0.171430
2026-01-23 19:00+01:00,0.206484
2026-01-23 19:15+01:00,0.192730
2026-01-23 19:30+01:00,0.170653
2026-01-23 19:45+01:00,0.178071
2026-01-23 20:00+01:00,0.197242
2026-01-23 20:15+01:00,0.223683
2026-01-23 20:30+01:00,0.193994
2026-01-23 20:45+01:00,0.168105
2026-01-23 21:00+01:00,0.231114
2026-01-23 21:15+01:00,0.238977
2026-01-23 21:30+01:00,0.179387
2026-01-23 21:45+01:00,0.178131
2026-01-23 22:00+01:00,0.162621
2026-01-23 22:15+01:00,0.190802
2026-01-23 22:30+01:00,0.227179
2026-01-23 22:45+01:00,0.173700
2026-01-23 23:00+01:00,0.227552
2026-01-23 23:15+01:00,0.235375
2026-01-23 23:30+01:00,0.232021
2026-01-23 23:45+01:00,0.223443
2026-01-24 00:00+01:00,0.203684
2026-01-24 00:15+01:00,0.096252
2026-01-24 00:30+01:00,0.076431
2026-01-24 00:45+01:00,0.080929
2026-01-24 01:00+01:00,0.090642
2026-01-24 01:15+01:00,0.096785
2026-01-24 01:30+01:00,0.102376
2026-01-24 01:45+01:00,0.094293
2026-01-24 02:00+01:00,0.000000
2026-01-24 02:15+01:00,0.098994
2026-01-24 02:30+01:00,0.094665
2026-01-24 02:45+01:00,0.000000
2026-01-24 03:00+01:00,0.095023
2026-01-24 03:15+01:00,0.000000
2026-01-24 03:30+01:00,0.107654
2026-01-24 03:45+01:00,0.101327
2026-01-24 04:00+01:00,0.072807
2026-01-24 04:15+01:00,0.093347
2026-01-24 04:30+01:00,0.084451
2026-01-24 04:45+01:00,
2026-01-24 05:00+01:00,0.090929
2026-01-24 05:15+01:00,0.095201
2026-01-24 05:30+01:00,0.099341
2026-01-24 05:45+01:00,0.091530
2026-01-24 06:00+01:00,0.105326
2026-01-24 06:15+01:00,0.000000
2026-01-24 06:30+01:00,0.078651
2026-01-24 06:45+01:00,0.095736
2026-01-24 07:00+01:00,
2026-01-24 07:15+01:00,0.079822
2026-01-24 07:30+01:00,0.098820
2026-01-24 07:45+01:00,0.071797
2026-01-24 08:00+01:00,0.080146
2026-01-24 08:15+01:00,0.082838
2026-01-24 08:30+01:00,0.089834
2026-01-24 08:45+01:00,0.094842
2026-01-24 09:00+01:00,0.079610
2026-01-24 09:15+01:00,0.070997
2026-01-24 09:30+01:00,0.094820
2026-01-24 09:45+01:00,
2026-01-24 10:00+01:00,0.112646
2026-01-24 10:15+01:00,0.091499
2026-01-24 10:30+01:00,0.111255
2026-01-24 10:45+01:00,0.071924
2026-01-24 11:00+01:00,0.104417
2026-01-24 11:15+01:00,0.091272
2026-01-24 11:30+01:00,0.081062
2026-01-24 11:45+01:00,0.086085
2026-01-24 12:00+01:00,0.092203
2026-01-24 12:15+01:00,0.096710
2026-01-24 12:30+01:00,0.080909
2026-01-24 12:45+01:00,0.116415
2026-01-24 13:00+01:00,0.072023
2026-01-24 13:15+01:00,0.084417
2026-01-24 13:30+01:00,0.100564
2026-01-24 13:45+01:00,
2026-01-24 14:00+01:00,0.096818
2026-01-24 14:15+01:00,0.113939
2026-01-24 14:30+01:00,0.097197
2026-01-24 14:45+01:00,0.099592
2026-01-24 15:00+01:00,0.089444
2026-01-24 15:15+01:00,0.097954
2026-01-24 15:30+01:00,0.075240
2026-01-24 15:45+01:00,0.095556
2026-01-24 16:00+01:00,0.102822
2026-01-24 16:15+01:00,0.088024
2026-01-24 16:30+01:00,0.089143
2026-01-24 16:45+01:00,0.114053
2026-01-24 17:00+01:00,0.100999
2026-01-24 17:15+01:00,0.097706
2026-01-24 17:30+01:00,0.103030
2026-01-24 17:45+01:00,0.113385
2026-01-24 18:00+01:00,0.090731
2026-01-24 18:15+01:00,0.084769
2026-01-24 18:30+01:00,0.000000
2026-01-24 18:45+01:00,0.088993
2026-01-24 19:00+01:00,0.097116
2026-01-24 19:15+01:00,0.080541
2026-01-24 19:30+01:00,0.091987
2026-01-24 19:45+01:00,0.078836
2026-01-24 20:00+01:00,
2026-01-24 20:15+01:00,0.100568
2026-01-24 20:30+01:00,0.087563
2026-01-24 20:45+01:00,0.092712
2026-01-24 21:00+01:00,0.106972
2026-01-24 21:15+01:00,0.090741
2026-01-24 21:30+01:00,0.093744
2026-01-24 21:45+01:00,0.097177
2026-01-24 22:00+01:00,0.091339
2026-01-24 22:15+01:00,0.086694
2026-01-24 22:30+01:00,0.086459
2026-01-24 22:45+01:00,0.085999
2026-01-24 23:00+01:00,0.111394
2026-01-24 23:15+01:00,
2026-01-24 23:30+01:00,0.100375
2026-01-24 23:45+01:00,0.102916
2026-01-25 00:00+01:00,0.091096
2026-01-25 00:15+01:00,0.000000
2026-01-25 00:30+01:00,0.094899
2026-01-25 00:45+01:00,0.102807
2026-01-25 01:00+01:00,0.000000
2026-01-25 01:15+01:00,0.083474
2026-01-25 01:30+01:00,0.121512
2026-01-25 01:45+01:00,0.081785
2026-01-25 02:00+01:00,0.097765
2026-01-25 02:15+01:00,0.100290
2026-01-25 02:30+01:00,0.096580
2026-01-25 02:45+01:00,0.087997
2026-01-25 03:00+01:00,0.084757
2026-01-25 03:15+01:00,0.107957
2026-01-25 03:30+01:00,0.096981
2026-01-25 03:45+01:00,0.089828
2026-01-25 04:00+01:00,0.115966
2026-01-25 04:15+01:00,0.099525
2026-01-25 04:30+01:00,0.097254
2026-01-25 04:45+01:00,0.082030
2026-01-25 05:00+01:00,0.095815
2026-01-25 05:15+01:00,0.116225
2026-01-25 05:30+01:00,0.082100
2026-01-25 05:45+01:00,0.096136
2026-01-25 06:00+01:00,0.073525
2026-01-25 06:15+01:00,0.090992
2026-01-25 06:30+01:00,0.083853
2026-01-25 06:45+01:00,0.095398
2026-01-25 07:00+01:00,0.081609
2026-01-25 07:15+01:00,
2026-01-25 07:30+01:00,0.089323
2026-01-25 07:45+01:00,0.092979
2026-01-25 08:00+01:00,0.104373
2026-01-25 08:15+01:00,0.099206
2026-01-25 08:30+01:00,0.087408
2026-01-25 08:45+01:00,0.088622
2026-01-25 09:00+01:00,0.000000
2026-01-25 09:15+01:00,0.098575
2026-01-25 09:30+01:00,
2026-01-25 09:45+01:00,0.104107
2026-01-25 10:00+01:00,0.081780
2026-01-25 10:15+01:00,0.108219
2026-01-25 10:30+01:00,0.097277
2026-01-25 10:45+01:00,0.092881
2026-01-25 11:00+01:00,0.096560
2026-01-25 11:15+01:00,0.107025
2026-01-25 11:30+01:00,0.091164
2026-01-25 11:45+01:00,0.095618
2026-01-25 12:00+01:00,0.110421
2026-01-25 12:15+01:00,0.093974
2026-01-25 12:30+01:00,
2026-01-25 12:45+01:00,0.083949
2026-01-25 13:00+01:00,0.096710
2026-01-25 13:15+01:00,0.095979
2026-01-25 13:30+01:00,0.105604
2026-01-25 13:45+01:00,0.108372
2026-01-25 14:00+01:00,0.084812
2026-01-25 14:15+01:00,0.098169
2026-01-25 14:30+01:00,0.100777
2026-01-25 14:45+01:00,0.091064
2026-01-25 15:00+01:00,0.080641
2026-01-25 15:15+01:00,0.089716
2026-01-25 15:30+01:00,0.096416
2026-01-25 15:45+01:00,0.104595
2026-01-25 16:00+01:00,0.082527
2026-01-25 16:15+01:00,0.089232
2026-01-25 16:30+01:00,0.108234
2026-01-25 16:45+01:00,0.087631
2026-01-25 17:00+01:00,0.102389
2026-01-25 17:15+01:00,0.092145
2026-01-25 17:30+01:00,0.095258
2026-01-25 17:45+01:00,0.100143
2026-01-25 18:00+01:00,0.099046
2026-01-25 18:15+01:00,0.074342
2026-01-25 18:30+01:00,0.076328
2026-01-25 18:45+01:00,0.097511
2026-01-25 19:00+01:00,0.085575
2026-01-25 19:15+01:00,0.089034
2026-01-25 19:30+01:00,0.085111
2026-01-25 19:45+01:00,0.092065
2026-01-25 20:00+01:00,0.111132
2026-01-25 20:15+01:00,0.095149
2026-01-25 20:30+01:00,0.098138
2026-01-25 20:45+01:00,0.085462
2026-01-25 21:00+01:00,0.110215
2026-01-25 21:15+01:00,0.091906
2026-01-25 21:30+01:00,0.096656
2026-01-25 21:45+01:00,0.110840
2026-01-25 22:00+01:00,0.090011
2026-01-25 22:15+01:00,0.000000
2026-01-25 22:30+01:00,0.101240
2026-01-25 22:45+01:00,0.105697
2026-01-25 23:00+01:00,0.093467
2026-01-25 23:15+01:00,0.000000
2026-01-25 23:30+01:00,0.070625
2026-01-25 23:45+01:00,0.087930
2026-01-26 00:00+01:00,0.105430
2026-01-26 00:15+01:00,0.204054
2026-01-26 00:30+01:00,0.132279
2026-01-26 00:45+01:00,0.200212
2026-01-26 01:00+01:00,0.168953
2026-01-26 01:15+01:00,0.217443
2026-01-26 01:30+01:00,0.000000
2026-01-26 01:45+01:00,0.185751
2026-01-26 02:00+01:00,0.164954
2026-01-26 02:15+01:00,0.204273
2026-01-26 02:30+01:00,0.207690
2026-01-26 02:45+01:00,0.217515
2026-01-26 03:00+01:00,0.214611
2026-01-26 03:15+01:00,0.203906
2026-01-26 03:30+01:00,0.248645
2026-01-26 03:45+01:00,0.208684
2026-01-26 04:00+01:00,0.224406
2026-01-26 04:15+01:00,0.169582
2026-01-26 04:30+01:00,0.199600
2026-01-26 04:45+01:00,0.167659
2026-01-26 05:00+01:00,0.145296
2026-01-26 05:15+01:00,0.230648
2026-01-26 05:30+01:00,0.217764
2026-01-26 05:45+01:00,0.205232
2026-01-26 06:00+01:00,0.237892
2026-01-26 06:15+01:00,
2026-01-26 06:30+01:00,0.199280
2026-01-26 06:45+01:00,0.181407
2026-01-26 07:00+01:00,9.172904
2026-01-26 07:15+01:00,8.571201
2026-01-26 07:30+01:00,8.533251
2026-01-26 07:45+01:00,8.532764
2026-01-26 08:00+01:00,8.413416
2026-01-26 08:15+01:00,8.184477
2026-01-26 08:30+01:00,8.536913
2026-01-26 08:45+01:00,8.142733
2026-01-26 09:00+01:00,8.260346
2026-01-26 09:15+01:00,8.423705
2026-01-26 09:30+01:00,8.252148
2026-01-26 09:45+01:00,8.862563
2026-01-26 10:00+01:00,
2026-01-26 10:15+01:00,8.693742
2026-01-26 10:30+01:00,8.539601
2026-01-26 10:45+01:00,8.526288
2026-01-26 11:00+01:00,8.788994
2026-01-26 11:15+01:00,8.475692
2026-01-26 11:30+01:00,8.451928
2026-01-26 11:45+01:00,8.106348
2026-01-26 12:00+01:00,8.487543
2026-01-26 12:15+01:00,8.186813
2026-01-26 12:30+01:00,8.173682
2026-01-26 12:45+01:00,9.064495
2026-01-26 13:00+01:00,8.784671
2026-01-26 13:15+01:00,8.732710
2026-01-26 13:30+01:00,8.526438
2026-01-26 13:45+01:00,8.309796
2026-01-26 14:00+01:00,8.510267
2026-01-26 14:15+01:00,8.518026
2026-01-26 14:30+01:00,
2026-01-26 14:45+01:00,8.244994
2026-01-26 15:00+01:00,8.597590
2026-01-26 15:15+01:00,8.689040
2026-01-26 15:30+01:00,
2026-01-26 15:45+01:00,9.136980
2026-01-26 16:00+01:00,8.226299
2026-01-26 16:15+01:00,
2026-01-26 16:30+01:00,8.797926
2026-01-26 16:45+01:00,8.094225
2026-01-26 17:00+01:00,
2026-01-26 17:15+01:00,8.448074
2026-01-26 17:30+01:00,8.489711
2026-01-26 17:45+01:00,8.734156
2026-01-26 18:00+01:00,0.181252
2026-01-26 18:15+01:00,0.202567
2026-01-26 18:30+01:00,0.181116
2026-01-26 18:45+01:00,0.232482
2026-01-26 19:00+01:00,0.225365
2026-01-26 19:15+01:00,0.212509
2026-01-26 19:30+01:00,0.193819
2026-01-26 19:45+01:00,0.195257
2026-01-26 20:00+01:00,0.000000
2026-01-26 20:15+01:00,0.206178
2026-01-26 20:30+01:00,
2026-01-26 20:45+01:00,0.180709
2026-01-26 21:00+01:00,0.220404
2026-01-26 21:15+01:00,0.213643
2026-01-26 21:30+01:00,0.165163
2026-01-26 21:45+01:00,0.175348
2026-01-26 22:00+01:00,0.181960
2026-01-26 22:15+01:00,0.176594
2026-01-26 22:30+01:00,0.222818
2026-01-26 22:45+01:00,0.251378
2026-01-26 23:00+01:00,0.217190
2026-01-26 23:15+01:00,0.197651
2026-01-26 23:30+01:00,0.190829
2026-01-26 23:45+01:00,0.190035
2026-01-27 00:00+01:00,0.208055
2026-01-27 00:15+01:00,0.230679
2026-01-27 00:30+01:00,0.173181
2026-01-27 00:45+01:00,0.204868
2026-01-27 01:00+01:00,0.230293
2026-01-27 01:15+01:00,0.191890
2026-01-27 01:30+01:00,0.204691
2026-01-27 01:45+01:00,0.237576
2026-01-27 02:00+01:00,0.163543
2026-01-27 02:15+01:00,0.167837
2026-01-27 02:30+01:00,0.187366
2026-01-27 02:45+01:00,0.206277
2026-01-27 03:00+01:00,0.212444
2026-01-27 03:15+01:00,0.185919
2026-01-27 03:30+01:00,0.162569
2026-01-27 03:45+01:00,0.000000
2026-01-27 04:00+01:00,0.210589
2026-01-27 04:15+01:00,0.211730
2026-01-27 04:30+01:00,0.167375
2026-01-27 04:45+01:00,0.214294
2026-01-27 05:00+01:00,0.168932
2026-01-27 05:15+01:00,
2026-01-27 05:30+01:00,0.219847
2026-01-27 05:45+01:00,0.193344
2026-01-27 06:00+01:00,0.197162
2026-01-27 06:15+01:00,
2026-01-27 06:30+01:00,0.203405
2026-01-27 06:45+01:00,0.177497
2026-01-27 07:00+01:00,8.763320
2026-01-27 07:15+01:00,8.526707
2026-01-27 07:30+01:00,8.752978
2026-01-27 07:45+01:00,7.987478
2026-01-27 08:00+01:00,9.172245
2026-01-27 08:15+01:00,
2026-01-27 08:30+01:00,8.610406
2026-01-27 08:45+01:00,7.982532
2026-01-27 09:00+01:00,8.493930
2026-01-27 09:15+01:00,8.730027
2026-01-27 09:30+01:00,8.718008
2026-01-27 09:45+01:00,8.765263
2026-01-27 10:00+01:00,9.030161
2026-01-27 10:15+01:00,8.454358
2026-01-27 10:30+01:00,8.803513
2026-01-27 10:45+01:00,
2026-01-27 11:00+01:00,9.026796
2026-01-27 11:15+01:00,8.374601
2026-01-27 11:30+01:00,8.046254
2026-01-27 11:45+01:00,
2026-01-27 12:00+01:00,8.579881
2026-01-27 12:15+01:00,9.218288
2026-01-27 12:30+01:00,8.351605
2026-01-27 12:45+01:00,8.383962
2026-01-27 13:00+01:00,8.378649
2026-01-27 13:15+01:00,8.313285
2026-01-27 13:30+01:00,8.289457
2026-01-27 13:45+01:00,8.599441
2026-01-27 14:00+01:00,8.784259
2026-01-27 14:15+01:00,8.339146
2026-01-27 14:30+01:00,8.255053
2026-01-27 14:45+01:00,8.422597
2026-01-27 15:00+01:00,8.414781
2026-01-27 15:15+01:00,8.129077
2026-01-27 15:30+01:00,
2026-01-27 15:45+01:00,8.617979
2026-01-27 16:00+01:00,8.748189
2026-01-27 16:15+01:00,8.931290
2026-01-27 16:30+01:00,8.644445
2026-01-27 16:45+01:00,8.396642
2026-01-27 17:00+01:00,8.060045
2026-01-27 17:15+01:00,8.503083
2026-01-27 17:30+01:00,8.350639
2026-01-27 17:45+01:00,8.696936
2026-01-27 18:00+01:00,0.000000
2026-01-27 18:15+01:00,0.157701
2026-01-27 18:30+01:00,0.231395
2026-01-27 18:45+01:00,0.212153
2026-01-27 19:00+01:00,0.215594
2026-01-27 19:15+01:00,0.228412
2026-01-27 19:30+01:00,0.219926
2026-01-27 19:45+01:00,0.207818
2026-01-27 20:00+01:00,0.239943
2026-01-27 20:15+01:00,0.245287
2026-01-27 20:30+01:00,
2026-01-27 20:45+01:00,0.236323
2026-01-27 21:00+01:00,0.000000
2026-01-27 21:15+01:00,0.200851
2026-01-27 21:30+01:00,0.189554
2026-01-27 21:45+01:00,0.242320
2026-01-27 22:00+01:00,0.168928
2026-01-27 22:15+01:00,
2026-01-27 22:30+01:00,0.223506
2026-01-27 22:45+01:00,0.208592
2026-01-27 23:00+01:00,0.218838
2026-01-27 23:15+01:00,0.197320
2026-01-27 23:30+01:00,0.179212
2026-01-27 23:45+01:00,0.175820
2026-01-28 00:00+01:00,
2026-01-28 00:15+01:00,0.214339
2026-01-28 00:30+01:00,0.161165
2026-01-28 00:45+01:00,0.237508
2026-01-28 01:00+01:00,0.193812
2026-01-28 01:15+01:00,0.192604
2026-01-28 01:30+01:00,0.000000
2026-01-28 01:45+01:00,0.200356
2026-01-28 02:00+01:00,0.000000
2026-01-28 02:15+01:00,
2026-01-28 02:30+01:00,0.164251
2026-01-28 02:45+01:00,0.253616
2026-01-28 03:00+01:00,
2026-01-28 03:15+01:00,0.220720
2026-01-28 03:30+01:00,0.221233
2026-01-28 03:45+01:00,0.000000
2026-01-28 04:00+01:00,0.196691
2026-01-28 04:15+01:00,0.227034
2026-01-28 04:30+01:00,0.183111
2026-01-28 04:45+01:00,0.231257
2026-01-28 05:00+01:00,0.000000
2026-01-28 05:15+01:00,0.205592
2026-01-28 05:30+01:00,0.186061
2026-01-28 05:45+01:00,0.224176
2026-01-28 06:00+01:00,0.213983
2026-01-28 06:15+01:00,0.191611
2026-01-28 06:30+01:00,
2026-01-28 06:45+01:00,0.230361
2026-01-28 07:00+01:00,8.878937
2026-01-28 07:15+01:00,8.234923
2026-01-28 07:30+01:00,8.739633
2026-01-28 07:45+01:00,9.416117
2026-01-28 08:00+01:00,7.892263
2026-01-28 08:15+01:00,8.504808
2026-01-28 08:30+01:00,9.109945
2026-01-28 08:45+01:00,8.580490
2026-01-28 09:00+01:00,8.050531
2026-01-28 09:15+01:00,8.372100
2026-01-28 09:30+01:00,7.864011
2026-01-28 09:45+01:00,8.766179
2026-01-28 10:00+01:00,9.177562
2026-01-28 10:15+01:00,8.651934
2026-01-28 10:30+01:00,8.276680
2026-01-28 10:45+01:00,8.741900
2026-01-28 11:00+01:00,7.704867
2026-01-28 11:15+01:00,8.423593
2026-01-28 11:30+01:00,8.818423
2026-01-28 11:45+01:00,8.447368
2026-01-28 12:00+01:00,8.528795
2026-01-28 12:15+01:00,8.534640
2026-01-28 12:30+01:00,8.741959
2026-01-28 12:45+01:00,8.596328
2026-01-28 13:00+01:00,8.866879
2026-01-28 13:15+01:00,8.375403
2026-01-28 13:30+01:00,8.787881
2026-01-28 13:45+01:00,8.352581
2026-01-28 14:00+01:00,8.674233
2026-01-28 14:15+01:00,7.956469
2026-01-28 14:30+01:00,8.934009
2026-01-28 14:45+01:00,8.082306
2026-01-28 15:00+01:00,8.795902
2026-01-28 15:15+01:00,8.441134
2026-01-28 15:30+01:00,8.636605
2026-01-28 15:45+01:00,
2026-01-28 16:00+01:00,8.951935
2026-01-28 16:15+01:00,8.347960
2026-01-28 16:30+01:00,8.252760
2026-01-28 16:45+01:00,8.986371
2026-01-28 17:00+01:00,
2026-01-28 17:15+01:00,8.555621
2026-01-28 17:30+01:00,8.607975
2026-01-28 17:45+01:00,8.548588
2026-01-28 18:00+01:00,0.194640
2026-01-28 18:15+01:00,0.187780
2026-01-28 18:30+01:00,0.183915
2026-01-28 18:45+01:00,0.225040
2026-01-28 19:00+01:00,0.216994
2026-01-28 19:15+01:00,0.276110
2026-01-28 19:30+01:00,0.276949
2026-01-28 19:45+01:00,0.190335
2026-01-28 20:00+01:00,0.208482
2026-01-28 20:15+01:00,0.203611
2026-01-28 20:30+01:00,0.204083
2026-01-28 20:45+01:00,0.209505
2026-01-28 21:00+01:00,0.215917
2026-01-28 21:15+01:00,0.221573
2026-01-28 21:30+01:00,0.184172
2026-01-28 21:45+01:00,0.200709
2026-01-28 22:00+01:00,0.223789
2026-01-28 22:15+01:00,0.000000
2026-01-28 22:30+01:00,0.211766
2026-01-28 22:45+01:00,0.207374
2026-01-28 23:00+01:00,0.221139
2026-01-28 23:15+01:00,0.209905
2026-01-28 23:30+01:00,0.195591
2026-01-28 23:45+01:00,0.179289
2026-01-29 00:00+01:00,0.235569
2026-01-29 00:15+01:00,0.223191
2026-01-29 00:30+01:00,0.191359
2026-01-29 00:45+01:00,0.231768
2026-01-29 01:00+01:00,0.232921
2026-01-29 01:15+01:00,0.226700
2026-01-29 01:30+01:00,0.000000
2026-01-29 01:45+01:00,0.213608
2026-01-29 02:00+01:00,
2026-01-29 02:15+01:00,
2026-01-29 02:30+01:00,0.214989
2026-01-29 02:45+01:00,0.193449
2026-01-29 03:00+01:00,0.230627
2026-01-29 03:15+01:00,
2026-01-29 03:30+01:00,0.195857
2026-01-29 03:45+01:00,0.000000
2026-01-29 04:00+01:00,0.215630
2026-01-29 04:15+01:00,0.226060
2026-01-29 04:30+01:00,0.177142
2026-01-29 04:45+01:00,0.192202
2026-01-29 05:00+01:00,0.182312
2026-01-29 05:15+01:00,0.204359
2026-01-29 05:30+01:00,0.228482
2026-01-29 05:45+01:00,0.187534
2026-01-29 06:00+01:00,0.225273
2026-01-29 06:15+01:00,0.199447
2026-01-29 06:30+01:00,0.220219
2026-01-29 06:45+01:00,0.231136
2026-01-29 07:00+01:00,8.419453
2026-01-29 07:15+01:00,8.561763
2026-01-29 07:30+01:00,9.210316
2026-01-29 07:45+01:00,8.255751
2026-01-29 08:00+01:00,8.650381
2026-01-29 08:15+01:00,8.174632
2026-01-29 08:30+01:00,8.255178
2026-01-29 08:45+01:00,8.313741
2026-01-29 09:00+01:00,8.360121
2026-01-29 09:15+01:00,8.565797
2026-01-29 09:30+01:00,8.550126
2026-01-29 09:45+01:00,8.197514
2026-01-29 10:00+01:00,9.177048
2026-01-29 10:15+01:00,8.372031
2026-01-29 10:30+01:00,8.366278
2026-01-29 10:45+01:00,8.871842
2026-01-29 11:00+01:00,8.636815
2026-01-29 11:15+01:00,8.709491
2026-01-29 11:30+01:00,8.301616
2026-01-29 11:45+01:00,8.322573
2026-01-29 12:00+01:00,
2026-01-29 12:15+01:00,8.453022
2026-01-29 12:30+01:00,8.908071
2026-01-29 12:45+01:00,37.754246
2026-01-29 13:00+01:00,8.322876
2026-01-29 13:15+01:00,8.853606
2026-01-29 13:30+01:00,8.229071
2026-01-29 13:45+01:00,8.261216
2026-01-29 14:00+01:00,8.634977
2026-01-29 14:15+01:00,9.074313
2026-01-29 14:30+01:00,8.892313
2026-01-29 14:45+01:00,8.657471
2026-01-29 15:00+01:00,8.708530
2026-01-29 15:15+01:00,8.300997
2026-01-29 15:30+01:00,8.220857
2026-01-29 15:45+01:00,8.710407
2026-01-29 16:00+01:00,8.459613
2026-01-29 16:15+01:00,8.788448
2026-01-29 16:30+01:00,8.116490
2026-01-29 16:45+01:00,8.485366
2026-01-29 17:00+01:00,8.487464
2026-01-29 17:15+01:00,8.467999
2026-01-29 17:30+01:00,8.557669
2026-01-29 17:45+01:00,8.322827
2026-01-29 18:00+01:00,0.209274
2026-01-29 18:15+01:00,0.201160
2026-01-29 18:30+01:00,0.216328
2026-01-29 18:45+01:00,0.216394
2026-01-29 19:00+01:00,0.197757
2026-01-29 19:15+01:00,
2026-01-29 19:30+01:00,0.172742
2026-01-29 19:45+01:00,0.232686
2026-01-29 20:00+01:00,0.177713
2026-01-29 20:15+01:00,0.186634
2026-01-29 20:30+01:00,0.183639
2026-01-29 20:45+01:00,0.199338
2026-01-29 21:00+01:00,0.222429
2026-01-29 21:15+01:00,0.220158
2026-01-29 21:30+01:00,0.223305
2026-01-29 21:45+01:00,
2026-01-29 22:00+01:00,0.251567
2026-01-29 22:15+01:00,0.186817
2026-01-29 22:30+01:00,0.241642
2026-01-29 22:45+01:00,0.183958
2026-01-29 23:00+01:00,0.192243
2026-01-29 23:15+01:00,0.166984
2026-01-29 23:30+01:00,0.000000
2026-01-29 23:45+01:00,0.220360
2026-01-30 00:00+01:00,0.214848
2026-01-30 00:15+01:00,0.187802
2026-01-30 00:30+01:00,
2026-01-30 00:45+01:00,0.196708
2026-01-30 01:00+01:00,0.195428
2026-01-30 01:15+01:00,0.211148
2026-01-30 01:30+01:00,0.251537
2026-01-30 01:45+01:00,0.253689
2026-01-30 02:00+01:00,0.238850
2026-01-30 02:15+01:00,0.211243
2026-01-30 02:30+01:00,0.255548
2026-01-30 02:45+01:00,0.163713
2026-01-30 03:00+01:00,0.200635
2026-01-30 03:15+01:00,0.196332
2026-01-30 03:30+01:00,0.220439
2026-01-30 03:45+01:00,0.233002
2026-01-30 04:00+01:00,0.271747
2026-01-30 04:15+01:00,0.196273
2026-01-30 04:30+01:00,0.218364
2026-01-30 04:45+01:00,0.188960
2026-01-30 05:00+01:00,0.177611
2026-01-30 05:15+01:00,0.244276
2026-01-30 05:30+01:00,0.198093
2026-01-30 05:45+01:00,0.188867
2026-01-30 06:00+01:00,0.183896
2026-01-30 06:15+01:00,0.251867
2026-01-30 06:30+01:00,0.255149
2026-01-30 06:45+01:00,0.172008
2026-01-30 07:00+01:00,8.181698
2026-01-30 07:15+01:00,8.394615
2026-01-30 07:30+01:00,8.625363
2026-01-30 07:45+01:00,8.212532
2026-01-30 08:00+01:00,8.448481
2026-01-30 08:15+01:00,8.632486
2026-01-30 08:30+01:00,
2026-01-30 08:45+01:00,8.066883
2026-01-30 09:00+01:00,8.147440
2026-01-30 09:15+01:00,8.258679
2026-01-30 09:30+01:00,8.720082
2026-01-30 09:45+01:00,8.252661
2026-01-30 10:00+01:00,8.855902
2026-01-30 10:15+01:00,7.899946
2026-01-30 10:30+01:00,8.964920
2026-01-30 10:45+01:00,8.558717
2026-01-30 11:00+01:00,8.639899
2026-01-30 11:15+01:00,8.558023
2026-01-30 11:30+01:00,9.005155
2026-01-30 11:45+01:00,8.484824
2026-01-30 12:00+01:00,9.027696
2026-01-30 12:15+01:00,8.598902
2026-01-30 12:30+01:00,8.580810
2026-01-30 12:45+01:00,8.034562
2026-01-30 13:00+01:00,8.375089
2026-01-30 13:15+01:00,9.046497
2026-01-30 13:30+01:00,8.748387
2026-01-30 13:45+01:00,8.309082
2026-01-30 14:00+01:00,8.738038
2026-01-30 14:15+01:00,9.045980
2026-01-30 14:30+01:00,8.719284
2026-01-30 14:45+01:00,8.739672
2026-01-30 15:00+01:00,8.861791
2026-01-30 15:15+01:00,8.971287
2026-01-30 15:30+01:00,9.358297
2026-01-30 15:45+01:00,8.552428
2026-01-30 16:00+01:00,8.161290
2026-01-30 16:15+01:00,8.892566
2026-01-30 16:30+01:00,8.308069
2026-01-30 16:45+01:00,
2026-01-30 17:00+01:00,8.812780
2026-01-30 17:15+01:00,8.823156
2026-01-30 17:30+01:00,8.562880
2026-01-30 17:45+01:00,8.361263
2026-01-30 18:00+01:00,0.212946
2026-01-30 18:15+01:00,0.229362
2026-01-30 18:30+01:00,0.000000
2026-01-30 18:45+01:00,0.167376
2026-01-30 19:00+01:00,0.242165
2026-01-30 19:15+01:00,0.226742
2026-01-30 19:30+01:00,0.179280
2026-01-30 19:45+01:00,0.216026
2026-01-30 20:00+01:00,0.202202
2026-01-30 20:15+01:00,0.179575
2026-01-30 20:30+01:00,0.236259
2026-01-30 20:45+01:00,0.207911
2026-01-30 21:00+01:00,0.200034
2026-01-30 21:15+01:00,0.213481
2026-01-30 21:30+01:00,0.201551
2026-01-30 21:45+01:00,0.232195
2026-01-30 22:00+01:00,0.247933
2026-01-30 22:15+01:00,0.180603
2026-01-30 22:30+01:00,0.225353
2026-01-30 22:45+01:00,0.192594
2026-01-30 23:00+01:00,0.175414
2026-01-30 23:15+01:00,0.241659
2026-01-30 23:30+01:00,0.201584
2026-01-30 23:45+01:00,0.200120
2026-01-31 00:00+01:00,0.185858
2026-01-31 00:15+01:00,0.083646
2026-01-31 00:30+01:00,0.084972
2026-01-31 00:45+01:00,0.084607
2026-01-31 01:00+01:00,0.101410
2026-01-31 01:15+01:00,0.081661
2026-01-31 01:30+01:00,0.101250
2026-01-31 01:45+01:00,0.104490
2026-01-31 02:00+01:00,0.085969
2026-01-31 02:15+01:00,0.081490
2026-01-31 02:30+01:00,0.107121
2026-01-31 02:45+01:00,0.080898
2026-01-31 03:00+01:00,0.086900
2026-01-31 03:15+01:00,0.087244
2026-01-31 03:30+01:00,0.086712
2026-01-31 03:45+01:00,0.000000
2026-01-31 04:00+01:00,0.083742
2026-01-31 04:15+01:00,0.096998
2026-01-31 04:30+01:00,0.091073
2026-01-31 04:45+01:00,0.084085
2026-01-31 05:00+01:00,0.069978
2026-01-31 05:15+01:00,0.109894
2026-01-31 05:30+01:00,0.113653
2026-01-31 05:45+01:00,0.106744
2026-01-31 06:00+01:00,0.087208
2026-01-31 06:15+01:00,0.077245
2026-01-31 06:30+01:00,0.091803
2026-01-31 06:45+01:00,0.087722
2026-01-31 07:00+01:00,0.101925
2026-01-31 07:15+01:00,0.099791
2026-01-31 07:30+01:00,0.094895
2026-01-31 07:45+01:00,0.097666
2026-01-31 08:00+01:00,0.089072
2026-01-31 08:15+01:00,0.091338
2026-01-31 08:30+01:00,0.088022
2026-01-31 08:45+01:00,0.000000
2026-01-31 09:00+01:00,0.111725
2026-01-31 09:15+01:00,0.095408
2026-01-31 09:30+01:00,0.096606
2026-01-31 09:45+01:00,0.088434
2026-01-31 10:00+01:00,0.109838
2026-01-31 10:15+01:00,0.093756
2026-01-31 10:30+01:00,0.085199
2026-01-31 10:45+01:00,0.082145
2026-01-31 11:00+01:00,0.103668
2026-01-31 11:15+01:00,0.084029
2026-01-31 11:30+01:00,0.090106
2026-01-31 11:45+01:00,0.087650
2026-01-31 12:00+01:00,0.098835
2026-01-31 12:15+01:00,0.101764
2026-01-31 12:30+01:00,0.087281
2026-01-31 12:45+01:00,0.091460
2026-01-31 13:00+01:00,
2026-01-31 13:15+01:00,0.089429
2026-01-31 13:30+01:00,0.098210
2026-01-31 13:45+01:00,0.082632
2026-01-31 14:00+01:00,0.094294
2026-01-31 14:15+01:00,0.087861
2026-01-31 14:30+01:00,0.081826
2026-01-31 14:45+01:00,0.099691
2026-01-31 15:00+01:00,0.090085
2026-01-31 15:15+01:00,
2026-01-31 15:30+01:00,0.094736
2026-01-31 15:45+01:00,
2026-01-31 16:00+01:00,0.079953
2026-01-31 16:15+01:00,0.075915
2026-01-31 16:30+01:00,0.082056
2026-01-31 16:45+01:00,0.103521
2026-01-31 17:00+01:00,0.089795
2026-01-31 17:15+01:00,0.094936
2026-01-31 17:30+01:00,0.105673
2026-01-31 17:45+01:00,0.083239
2026-01-31 18:00+01:00,
2026-01-31 18:15+01:00,0.112825
2026-01-31 18:30+01:00,0.096976
2026-01-31 18:45+01:00,0.000000
2026-01-31 19:00+01:00,0.098056
2026-01-31 19:15+01:00,0.102446
2026-01-31 19:30+01:00,0.086508
2026-01-31 19:45+01:00,0.085369
2026-01-31 20:00+01:00,
2026-01-31 20:15+01:00,0.101689
2026-01-31 20:30+01:00,0.094880
2026-01-31 20:45+01:00,0.087660
2026-01-31 21:00+01:00,0.000000
2026-01-31 21:15+01:00,0.000000
2026-01-31 21:30+01:00,0.097907
2026-01-31 21:45+01:00,0.089646
2026-01-31 22:00+01:00,0.088164
2026-01-31 22:15+01:00,0.092115
2026-01-31 22:30+01:00,0.083999
2026-01-31 22:45+01:00,0.104055
2026-01-31 23:00+01:00,0.094702
2026-01-31 23:15+01:00,0.108897
2026-01-31 23:30+01:00,0.095629
2026-01-31 23:45+01:00,0.099945
2026-02-01 00:00+01:00,0.096682
2026-02-01 00:15+01:00,0.093552
2026-02-01 00:30+01:00,0.083727
2026-02-01 00:45+01:00,
2026-02-01 01:00+01:00,0.113586
2026-02-01 01:15+01:00,0.099642
2026-02-01 01:30+01:00,0.094532
2026-02-01 01:45+01:00,0.108636
2026-02-01 02:00+01:00,0.066358
2026-02-01 02:15+01:00,0.082116
2026-02-01 02:30+01:00,0.088854
2026-02-01 02:45+01:00,0.103018
2026-02-01 03:00+01:00,
2026-02-01 03:15+01:00,0.090841
2026-02-01 03:30+01:00,0.101772
2026-02-01 03:45+01:00,0.102898
2026-02-01 04:00+01:00,0.120111
2026-02-01 04:15+01:00,0.079735
2026-02-01 04:30+01:00,0.089107
2026-02-01 04:45+01:00,0.083275
2026-02-01 05:00+01:00,0.123136
2026-02-01 05:15+01:00,0.092035
2026-02-01 05:30+01:00,0.097638
2026-02-01 05:45+01:00,0.104138
2026-02-01 06:00+01:00,0.089639
2026-02-01 06:15+01:00,0.083661
2026-02-01 06:30+01:00,0.087420
2026-02-01 06:45+01:00,
2026-02-01 07:00+01:00,0.101672
2026-02-01 07:15+01:00,0.104845
2026-02-01 07:30+01:00,0.091435
2026-02-01 07:45+01:00,0.121551
2026-02-01 08:00+01:00,0.091363
2026-02-01 08:15+01:00,0.077886
2026-02-01 08:30+01:00,0.107041
2026-02-01 08:45+01:00,0.000000
2026-02-01 09:00+01:00,0.097511
2026-02-01 09:15+01:00,0.107185
2026-02-01 09:30+01:00,0.093849
2026-02-01 09:45+01:00,0.104917
2026-02-01 10:00+01:00,0.085109
2026-02-01 10:15+01:00,0.099081
2026-02-01 10:30+01:00,0.089026
2026-02-01 10:45+01:00,0.080548
2026-02-01 11:00+01:00,0.119714
2026-02-01 11:15+01:00,0.086734
2026-02-01 11:30+01:00,0.084654
2026-02-01 11:45+01:00,0.100280
2026-02-01 12:00+01:00,0.114634
2026-02-01 12:15+01:00,
2026-02-01 12:30+01:00,0.087362
2026-02-01 12:45+01:00,0.090290
2026-02-01 13:00+01:00,0.076776
2026-02-01 13:15+01:00,0.083691
2026-02-01 13:30+01:00,0.073594
2026-02-01 13:45+01:00,0.084405
2026-02-01 14:00+01:00,0.096506
2026-02-01 14:15+01:00,0.099378
2026-02-01 14:30+01:00,0.099394
2026-02-01 14:45+01:00,0.104324
2026-02-01 15:00+01:00,0.076876
2026-02-01 15:15+01:00,0.088692
2026-02-01 15:30+01:00,0.097289
2026-02-01 15:45+01:00,0.087610
2026-02-01 16:00+01:00,0.076148
2026-02-01 16:15+01:00,0.093950
2026-02-01 16:30+01:00,0.078875
2026-02-01 16:45+01:00,0.100631
2026-02-01 17:00+01:00,0.115013
2026-02-01 17:15+01:00,0.091805
2026-02-01 17:30+01:00,0.094360
2026-02-01 17:45+01:00,0.085314
2026-02-01 18:00+01:00,0.112179
2026-02-01 18:15+01:00,
2026-02-01 18:30+01:00,0.115608
2026-02-01 18:45+01:00,0.090821
2026-02-01 19:00+01:00,0.075713
2026-02-01 19:15+01:00,0.093152
2026-02-01 19:30+01:00,0.111925
2026-02-01 19:45+01:00,0.098280
2026-02-01 20:00+01:00,
2026-02-01 20:15+01:00,0.108930
2026-02-01 20:30+01:00,0.101426
2026-02-01 20:45+01:00,0.082404
2026-02-01 21:00+01:00,0.100109
2026-02-01 21:15+01:00,
2026-02-01 21:30+01:00,0.081104
2026-02-01 21:45+01:00,0.089708
2026-02-01 22:00+01:00,0.085103
2026-02-01 22:15+01:00,0.085773
2026-02-01 22:30+01:00,0.100832
2026-02-01 22:45+01:00,0.087195
2026-02-01 23:00+01:00,0.087557
2026-02-01 23:15+01:00,0.087276
2026-02-01 23:30+01:00,0.102318
2026-02-01 23:45+01:00,0.103841
2026-02-02 00:00+01:00,0.080609
2026-02-02 00:15+01:00,0.174848
2026-02-02 00:30+01:00,0.167611
2026-02-02 00:45+01:00,0.255969
2026-02-02 01:00+01:00,0.244330
2026-02-02 01:15+01:00,0.196929
2026-02-02 01:30+01:00,0.219201
2026-02-02 01:45+01:00,0.198237
2026-02-02 02:00+01:00,0.163248
2026-02-02 02:15+01:00,0.210508
2026-02-02 02:30+01:00,0.213920
2026-02-02 02:45+01:00,0.191757
2026-02-02 03:00+01:00,0.243536
2026-02-02 03:15+01:00,0.175430
2026-02-02 03:30+01:00,0.126366
2026-02-02 03:45+01:00,0.218615
2026-02-02 04:00+01:00,0.186001
2026-02-02 04:15+01:00,0.224639
2026-02-02 04:30+01:00,0.249551
2026-02-02 04:45+01:00,0.222039
2026-02-02 05:00+01:00,0.196514
2026-02-02 05:15+01:00,0.224294
2026-02-02 05:30+01:00,0.201168
2026-02-02 05:45+01:00,0.187430
2026-02-02 06:00+01:00,0.181531
2026-02-02 06:15+01:00,0.000000
2026-02-02 06:30+01:00,0.244250
2026-02-02 06:45+01:00,0.235010
2026-02-02 07:00+01:00,8.686744
2026-02-02 07:15+01:00,8.416384
2026-02-02 07:30+01:00,8.482651
2026-02-02 07:45+01:00,8.401291
2026-02-02 08:00+01:00,8.626821
2026-02-02 08:15+01:00,8.416807
2026-02-02 08:30+01:00,8.785688
2026-02-02 08:45+01:00,8.360691
2026-02-02 09:00+01:00,8.333410
2026-02-02 09:15+01:00,
2026-02-02 09:30+01:00,8.909969
2026-02-02 09:45+01:00,8.539338
2026-02-02 10:00+01:00,8.641272
2026-02-02 10:15+01:00,9.176910
2026-02-02 10:30+01:00,8.746308
2026-02-02 10:45+01:00,9.168568
2026-02-02 11:00+01:00,8.805353
2026-02-02 11:15+01:00,9.230800
2026-02-02 11:30+01:00,9.280918
2026-02-02 11:45+01:00,7.868227
2026-02-02 12:00+01:00,8.393040
2026-02-02 12:15+01:00,8.271746
2026-02-02 12:30+01:00,8.023670
2026-02-02 12:45+01:00,8.205119
2026-02-02 13:00+01:00,8.179689
2026-02-02 13:15+01:00,
2026-02-02 13:30+01:00,
2026-02-02 13:45+01:00,
2026-02-02 14:00+01:00,
2026-02-02 14:15+01:00,
2026-02-02 14:30+01:00,
2026-02-02 14:45+01:00,
2026-02-02 15:00+01:00,
2026-02-02 15:15+01:00,
2026-02-02 15:30+01:00,
2026-02-02 15:45+01:00,
2026-02-02 16:00+01:00,
2026-02-02 16:15+01:00,
2026-02-02 16:30+01:00,
2026-02-02 16:45+01:00,
2026-02-02 17:00+01:00,
2026-02-02 17:15+01:00,8.360323
2026-02-02 17:30+01:00,8.611766
2026-02-02 17:45+01:00,8.477563
2026-02-02 18:00+01:00,0.200696
2026-02-02 18:15+01:00,0.142906
2026-02-02 18:30+01:00,0.252836
2026-02-02 18:45+01:00,0.207317
2026-02-02 19:00+01:00,0.176227
2026-02-02 19:15+01:00,0.167568
2026-02-02 19:30+01:00,0.232577
2026-02-02 19:45+01:00,0.193085
2026-02-02 20:00+01:00,0.186179
2026-02-02 20:15+01:00,0.210688
2026-02-02 20:30+01:00,0.148892
2026-02-02 20:45+01:00,0.218152
2026-02-02 21:00+01:00,0.000000
2026-02-02 21:15+01:00,0.000000
2026-02-02 21:30+01:00,0.166752
2026-02-02 21:45+01:00,0.188005
2026-02-02 22:00+01:00,0.233826
2026-02-02 22:15+01:00,0.141732
2026-02-02 22:30+01:00,0.185788
2026-02-02 22:45+01:00,0.234123
2026-02-02 23:00+01:00,0.165586
2026-02-02 23:15+01:00,0.198935
2026-02-02 23:30+01:00,0.176200
2026-02-02 23:45+01:00,0.196327
2026-02-03 00:00+01:00,0.192404
2026-02-03 00:15+01:00,0.192899
2026-02-03 00:30+01:00,0.189946
2026-02-03 00:45+01:00,0.212792
2026-02-03 01:00+01:00,0.219177
2026-02-03 01:15+01:00,0.186710
2026-02-03 01:30+01:00,0.193223
2026-02-03 01:45+01:00,0.181233
2026-02-03 02:00+01:00,0.184237
2026-02-03 02:15+01:00,0.165873
2026-02-03 02:30+01:00,0.186506
2026-02-03 02:45+01:00,0.222186
2026-02-03 03:00+01:00,0.208862
2026-02-03 03:15+01:00,0.222376
2026-02-03 03:30+01:00,0.211415
2026-02-03 03:45+01:00,0.197009
2026-02-03 04:00+01:00,0.213428
2026-02-03 04:15+01:00,0.220048
2026-02-03 04:30+01:00,0.153121
2026-02-03 04:45+01:00,0.223005
2026-02-03 05:00+01:00,0.207912
2026-02-03 05:15+01:00,0.175279
2026-02-03 05:30+01:00,0.229987
2026-02-03 05:45+01:00,
2026-02-03 06:00+01:00,0.205803
2026-02-03 06:15+01:00,0.266372
2026-02-03 06:30+01:00,0.180236
2026-02-03 06:45+01:00,0.194678
2026-02-03 07:00+01:00,
2026-02-03 07:15+01:00,8.539262
2026-02-03 07:30+01:00,8.452110
2026-02-03 07:45+01:00,8.801221
2026-02-03 08:00+01:00,8.522054
2026-02-03 08:15+01:00,8.761420
2026-02-03 08:30+01:00,8.242042
2026-02-03 08:45+01:00,8.637754
2026-02-03 09:00+01:00,8.664382
2026-02-03 09:15+01:00,8.254347
2026-02-03 09:30+01:00,8.343075
2026-02-03 09:45+01:00,8.570799
2026-02-03 10:00+01:00,
2026-02-03 10:15+01:00,8.584327
2026-02-03 10:30+01:00,8.277896
2026-02-03 10:45+01:00,8.957828
2026-02-03 11:00+01:00,8.769501
2026-02-03 11:15+01:00,8.212554
2026-02-03 11:30+01:00,7.999629
2026-02-03 11:45+01:00,8.544147
2026-02-03 12:00+01:00,8.601634
2026-02-03 12:15+01:00,8.175729
2026-02-03 12:30+01:00,8.113340
2026-02-03 12:45+01:00,8.373241
2026-02-03 13:00+01:00,9.107670
2026-02-03 13:15+01:00,8.708689
2026-02-03 13:30+01:00,9.218787
2026-02-03 13:45+01:00,8.897064
2026-02-03 14:00+01:00,8.366978
2026-02-03 14:15+01:00,8.474501
2026-02-03 14:30+01:00,8.111529
2026-02-03 14:45+01:00,8.597427
2026-02-03 15:00+01:00,8.789937
2026-02-03 15:15+01:00,8.214449
2026-02-03 15:30+01:00,8.515071
2026-02-03 15:45+01:00,8.429355
2026-02-03 16:00+01:00,8.062638
2026-02-03 16:15+01:00,8.119412
2026-02-03 16:30+01:00,8.765686
2026-02-03 16:45+01:00,8.719531
2026-02-03 17:00+01:00,8.546672
2026-02-03 17:15+01:00,8.258317
2026-02-03 17:30+01:00,8.889461
2026-02-03 17:45+01:00,8.834964
2026-02-03 18:00+01:00,0.197693
2026-02-03 18:15+01:00,0.137889
2026-02-03 18:30+01:00,0.157155
2026-02-03 18:45+01:00,
2026-02-03 19:00+01:00,0.201362
2026-02-03 19:15+01:00,0.239689
2026-02-03 19:30+01:00,0.000000
2026-02-03 19:45+01:00,0.234946
2026-02-03 20:00+01:00,0.136237
2026-02-03 20:15+01:00,
2026-02-03 20:30+01:00,0.221085
2026-02-03 20:45+01:00,0.181979
2026-02-03 21:00+01:00,0.155561
2026-02-03 21:15+01:00,0.188169
2026-02-03 21:30+01:00,0.000000
2026-02-03 21:45+01:00,0.215528
2026-02-03 22:00+01:00,
2026-02-03 22:15+01:00,0.206238
2026-02-03 22:30+01:00,0.186121
2026-02-03 22:45+01:00,0.233519
2026-02-03 23:00+01:00,0.229947
2026-02-03 23:15+01:00,0.227804
2026-02-03 23:30+01:00,
2026-02-03 23:45+01:00,0.217801
2026-02-04 00:00+01:00,0.194268
2026-02-04 00:15+01:00,0.220045
2026-02-04 00:30+01:00,0.200147
2026-02-04 00:45+01:00,0.175965
2026-02-04 01:00+01:00,0.210006
2026-02-04 01:15+01:00,0.192649
2026-02-04 01:30+01:00,0.215443
2026-02-04 01:45+01:00,0.204531
2026-02-04 02:00+01:00,0.186091
2026-02-04 02:15+01:00,0.202703
2026-02-04 02:30+01:00,0.194976
2026-02-04 02:45+01:00,0.219335
2026-02-04 03:00+01:00,0.221626
2026-02-04 03:15+01:00,0.206226
2026-02-04 03:30+01:00,0.209128
2026-02-04 03:45+01:00,0.209823
2026-02-04 04:00+01:00,0.222678
2026-02-04 04:15+01:00,0.190732
2026-02-04 04:30+01:00,
2026-02-04 04:45+01:00,0.187814
2026-02-04 05:00+01:00,0.219018
2026-02-04 05:15+01:00,0.221928
2026-02-04 05:30+01:00,0.218348
2026-02-04 05:45+01:00,0.190441
2026-02-04 06:00+01:00,0.215001
2026-02-04 06:15+01:00,0.218543
2026-02-04 06:30+01:00,
2026-02-04 06:45+01:00,0.196639
2026-02-04 07:00+01:00,8.496785
2026-02-04 07:15+01:00,
2026-02-04 07:30+01:00,8.357257
2026-02-04 07:45+01:00,8.953798
2026-02-04 08:00+01:00,8.647313
2026-02-04 08:15+01:00,8.517924
2026-02-04 08:30+01:00,8.813312
2026-02-04 08:45+01:00,8.592080
2026-02-04 09:00+01:00,8.686298
2026-02-04 09:15+01:00,8.655097
2026-02-04 09:30+01:00,8.022638
2026-02-04 09:45+01:00,8.502154
2026-02-04 10:00+01:00,8.739817
2026-02-04 10:15+01:00,8.680914
2026-02-04 10:30+01:00,8.784212
2026-02-04 10:45+01:00,8.958941
2026-02-04 11:00+01:00,8.480784
2026-02-04 11:15+01:00,8.563625
2026-02-04 11:30+01:00,8.616281
2026-02-04 11:45+01:00,8.805775
2026-02-04 12:00+01:00,8.026371
2026-02-04 12:15+01:00,8.196508
2026-02-04 12:30+01:00,8.395655
2026-02-04 12:45+01:00,
2026-02-04 13:00+01:00,8.345874
2026-02-04 13:15+01:00,7.672312
2026-02-04 13:30+01:00,8.702418
2026-02-04 13:45+01:00,8.517589
2026-02-04 14:00+01:00,8.287584
2026-02-04 14:15+01:00,8.570342
2026-02-04 14:30+01:00,7.892709
2026-02-04 14:45+01:00,8.344554
2026-02-04 15:00+01:00,7.958318
2026-02-04 15:15+01:00,8.754586
2026-02-04 15:30+01:00,7.940509
2026-02-04 15:45+01:00,8.805565
2026-02-04 16:00+01:00,8.197118
2026-02-04 16:15+01:00,8.924044
2026-02-04 16:30+01:00,8.497250
2026-02-04 16:45+01:00,8.411167
2026-02-04 17:00+01:00,8.327776
2026-02-04 17:15+01:00,8.561339
2026-02-04 17:30+01:00,9.006922
2026-02-04 17:45+01:00,8.902142
2026-02-04 18:00+01:00,
2026-02-04 18:15+01:00,
2026-02-04 18:30+01:00,0.198214
2026-02-04 18:45+01:00,0.246459
2026-02-04 19:00+01:00,0.227140
2026-02-04 19:15+01:00,0.229783
2026-02-04 19:30+01:00,0.000000
2026-02-04 19:45+01:00,0.247813
2026-02-04 20:00+01:00,0.230243
2026-02-04 20:15+01:00,0.197289
2026-02-04 20:30+01:00,0.212576
2026-02-04 20:45+01:00,0.164522
2026-02-04 21:00+01:00,0.187444
2026-02-04 21:15+01:00,0.217945
2026-02-04 21:30+01:00,0.204694
2026-02-04 21:45+01:00,0.189982
2026-02-04 22:00+01:00,0.206638
2026-02-04 22:15+01:00,
2026-02-04 22:30+01:00,
2026-02-04 22:45+01:00,0.237943
2026-02-04 23:00+01:00,0.209959
2026-02-04 23:15+01:00,0.202020
2026-02-04 23:30+01:00,0.246927
2026-02-04 23:45+01:00,0.192085
2026-02-05 00:00+01:00,0.208140
2026-02-05 00:15+01:00,
2026-02-05 00:30+01:00,0.244124
2026-02-05 00:45+01:00,
2026-02-05 01:00+01:00,0.266163
2026-02-05 01:15+01:00,0.164363
2026-02-05 01:30+01:00,0.161731
2026-02-05 01:45+01:00,0.000000
2026-02-05 02:00+01:00,0.166098
2026-02-05 02:15+01:00,0.186879
2026-02-05 02:30+01:00,0.178479
2026-02-05 02:45+01:00,0.212457
2026-02-05 03:00+01:00,0.174832
2026-02-05 03:15+01:00,0.146070
2026-02-05 03:30+01:00,0.188560
2026-02-05 03:45+01:00,0.205439
2026-02-05 04:00+01:00,0.192561
2026-02-05 04:15+01:00,
2026-02-05 04:30+01:00,0.190471
2026-02-05 04:45+01:00,0.194994
2026-02-05 05:00+01:00,0.221897
2026-02-05 05:15+01:00,0.160148
2026-02-05 05:30+01:00,0.197612
2026-02-05 05:45+01:00,0.238163
2026-02-05 06:00+01:00,0.218149
2026-02-05 06:15+01:00,0.223250
2026-02-05 06:30+01:00,0.201090
2026-02-05 06:45+01:00,0.175996
2026-02-05 07:00+01:00,9.043451
2026-02-05 07:15+01:00,8.539376
2026-02-05 07:30+01:00,8.508721
2026-02-05 07:45+01:00,8.656198
2026-02-05 08:00+01:00,8.453316
2026-02-05 08:15+01:00,8.784514
2026-02-05 08:30+01:00,8.016552
2026-02-05 08:45+01:00,9.011449
2026-02-05 09:00+01:00,8.251694
2026-02-05 09:15+01:00,8.512665
2026-02-05 09:30+01:00,8.296462
2026-02-05 09:45+01:00,9.326983
2026-02-05 10:00+01:00,8.126250
2026-02-05 10:15+01:00,8.623212
2026-02-05 10:30+01:00,8.432338
2026-02-05 10:45+01:00,8.047604
2026-02-05 11:00+01:00,8.676141
2026-02-05 11:15+01:00,8.762804
2026-02-05 11:30+01:00,8.514611
2026-02-05 11:45+01:00,8.285477
2026-02-05 12:00+01:00,8.350156
2026-02-05 12:15+01:00,8.889610
2026-02-05 12:30+01:00,8.300629
2026-02-05 12:45+01:00,8.338234
2026-02-05 13:00+01:00,8.600735
2026-02-05 13:15+01:00,8.880074
2026-02-05 13:30+01:00,8.431658
2026-02-05 13:45+01:00,8.958875
2026-02-05 14:00+01:00,8.449356
2026-02-05 14:15+01:00,8.761388
2026-02-05 14:30+01:00,8.826136
2026-02-05 14:45+01:00,8.593831
2026-02-05 15:00+01:00,8.659327
2026-02-05 15:15+01:00,8.310370
2026-02-05 15:30+01:00,
2026-02-05 15:45+01:00,8.618406
2026-02-05 16:00+01:00,8.105756
2026-02-05 16:15+01:00,8.263674
2026-02-05 16:30+01:00,8.783019
2026-02-05 16:45+01:00,8.084937
2026-02-05 17:00+01:00,8.139023
2026-02-05 17:15+01:00,8.592903
2026-02-05 17:30+01:00,9.002528
2026-02-05 17:45+01:00,8.694536
2026-02-05 18:00+01:00,0.221888
2026-02-05 18:15+01:00,0.191014
2026-02-05 18:30+01:00,0.199726
2026-02-05 18:45+01:00,0.180952
2026-02-05 19:00+01:00,0.174069
2026-02-05 19:15+01:00,0.208250
2026-02-05 19:30+01:00,0.186803
2026-02-05 19:45+01:00,0.178547
2026-02-05 20:00+01:00,0.201665
2026-02-05 20:15+01:00,0.242656
2026-02-05 20:30+01:00,0.214076
2026-02-05 20:45+01:00,
2026-02-05 21:00+01:00,0.233566
2026-02-05 21:15+01:00,0.191959
2026-02-05 21:30+01:00,0.218348
2026-02-05 21:45+01:00,0.184759
2026-02-05 22:00+01:00,0.218776
2026-02-05 22:15+01:00,0.219058
2026-02-05 22:30+01:00,0.187855
2026-02-05 22:45+01:00,0.200463
2026-02-05 23:00+01:00,0.220277
2026-02-05 23:15+01:00,0.225220
2026-02-05 23:30+01:00,0.188002
2026-02-05 23:45+01:00,0.215313
2026-02-06 00:00+01:00,0.219672
2026-02-06 00:15+01:00,0.185138
2026-02-06 00:30+01:00,0.199655
2026-02-06 00:45+01:00,0.244426
2026-02-06 01:00+01:00,0.292507
2026-02-06 01:15+01:00,0.167827
2026-02-06 01:30+01:00,0.209661
2026-02-06 01:45+01:00,0.208867
2026-02-06 02:00+01:00,
2026-02-06 02:15+01:00,0.213789
2026-02-06 02:30+01:00,0.196703
2026-02-06 02:45+01:00,0.199794
2026-02-06 03:00+01:00,0.177691
2026-02-06 03:15+01:00,0.199530
2026-02-06 03:30+01:00,0.212203
2026-02-06 03:45+01:00,0.222780
2026-02-06 04:00+01:00,0.235215
2026-02-06 04:15+01:00,0.220991
2026-02-06 04:30+01:00,0.239148
2026-02-06 04:45+01:00,
2026-02-06 05:00+01:00,0.180387
2026-02-06 05:15+01:00,0.237280
2026-02-06 05:30+01:00,0.227156
2026-02-06 05:45+01:00,0.163416
2026-02-06 06:00+01:00,0.220417
2026-02-06 06:15+01:00,0.195172
2026-02-06 06:30+01:00,0.209073
2026-02-06 06:45+01:00,0.210197
2026-02-06 07:00+01:00,8.519165
2026-02-06 07:15+01:00,8.594250
2026-02-06 07:30+01:00,8.147435
2026-02-06 07:45+01:00,8.550807
2026-02-06 08:00+01:00,
2026-02-06 08:15+01:00,9.026755
2026-02-06 08:30+01:00,8.489736
2026-02-06 08:45+01:00,8.678771
2026-02-06 09:00+01:00,9.068903
2026-02-06 09:15+01:00,8.830345
2026-02-06 09:30+01:00,8.427197
2026-02-06 09:45+01:00,8.672829
2026-02-06 10:00+01:00,9.111481
2026-02-06 10:15+01:00,8.345453
2026-02-06 10:30+01:00,8.160070
2026-02-06 10:45+01:00,
2026-02-06 11:00+01:00,8.024848
2026-02-06 11:15+01:00,8.410808
2026-02-06 11:30+01:00,8.550857
2026-02-06 11:45+01:00,8.751459
2026-02-06 12:00+01:00,8.439177
2026-02-06 12:15+01:00,8.635831
2026-02-06 12:30+01:00,8.073799
2026-02-06 12:45+01:00,8.632824
2026-02-06 13:00+01:00,8.189248
2026-02-06 13:15+01:00,8.598057
2026-02-06 13:30+01:00,8.039067
2026-02-06 13:45+01:00,8.339687
2026-02-06 14:00+01:00,8.998383
2026-02-06 14:15+01:00,8.644962
2026-02-06 14:30+01:00,8.632275
2026-02-06 14:45+01:00,8.615384
2026-02-06 15:00+01:00,8.404676
2026-02-06 15:15+01:00,8.783523
2026-02-06 15:30+01:00,8.397932
2026-02-06 15:45+01:00,8.630234
2026-02-06 16:00+01:00,8.819525
2026-02-06 16:15+01:00,8.411377
2026-02-06 16:30+01:00,8.492616
2026-02-06 16:45+01:00,8.946942
2026-02-06 17:00+01:00,8.485510
2026-02-06 17:15+01:00,7.992454
2026-02-06 17:30+01:00,8.021629
2026-02-06 17:45+01:00,9.000162
2026-02-06 18:00+01:00,0.188571
2026-02-06 18:15+01:00,0.207902
2026-02-06 18:30+01:00,0.179408
2026-02-06 18:45+01:00,0.171986
2026-02-06 19:00+01:00,0.195180
2026-02-06 19:15+01:00,0.238597
2026-02-06 19:30+01:00,0.236646
2026-02-06 19:45+01:00,0.210811
2026-02-06 20:00+01:00,0.198869
2026-02-06 20:15+01:00,0.202677
2026-02-06 20:30+01:00,0.214053
2026-02-06 20:45+01:00,0.203374
2026-02-06 21:00+01:00,0.167968
2026-02-06 21:15+01:00,0.177686
2026-02-06 21:30+01:00,
2026-02-06 21:45+01:00,0.208488
2026-02-06 22:00+01:00,0.224621
2026-02-06 22:15+01:00,0.221078
2026-02-06 22:30+01:00,0.224896
2026-02-06 22:45+01:00,0.185290
2026-02-06 23:00+01:00,0.221762
2026-02-06 23:15+01:00,0.212145
2026-02-06 23:30+01:00,0.213830
2026-02-06 23:45+01:00,0.229724
2026-02-07 00:00+01:00,0.189263
2026-02-07 00:15+01:00,0.103892
2026-02-07 00:30+01:00,
2026-02-07 00:45+01:00,0.097089
2026-02-07 01:00+01:00,0.105977
2026-02-07 01:15+01:00,
2026-02-07 01:30+01:00,0.083651
2026-02-07 01:45+01:00,0.101495
2026-02-07 02:00+01:00,0.069738
2026-02-07 02:15+01:00,0.103788
2026-02-07 02:30+01:00,0.103008
2026-02-07 02:45+01:00,
2026-02-07 03:00+01:00,0.105090
2026-02-07 03:15+01:00,0.094816
2026-02-07 03:30+01:00,
2026-02-07 03:45+01:00,0.096472
2026-02-07 04:00+01:00,0.080205
2026-02-07 04:15+01:00,0.096283
2026-02-07 04:30+01:00,0.082383
2026-02-07 04:45+01:00,0.082881
2026-02-07 05:00+01:00,0.097033
2026-02-07 05:15+01:00,
2026-02-07 05:30+01:00,0.101770
2026-02-07 05:45+01:00,0.086703
2026-02-07 06:00+01:00,0.120041
2026-02-07 06:15+01:00,0.110205
2026-02-07 06:30+01:00,0.113828
2026-02-07 06:45+01:00,
2026-02-07 07:00+01:00,0.082217
2026-02-07 07:15+01:00,0.080067
2026-02-07 07:30+01:00,0.086246
2026-02-07 07:45+01:00,0.099792
2026-02-07 08:00+01:00,0.097372
2026-02-07 08:15+01:00,0.101832
2026-02-07 08:30+01:00,0.098206
2026-02-07 08:45+01:00,0.078292
2026-02-07 09:00+01:00,0.100958
2026-02-07 09:15+01:00,0.084132
2026-02-07 09:30+01:00,0.069650
2026-02-07 09:45+01:00,0.093460
2026-02-07 10:00+01:00,0.093796
2026-02-07 10:15+01:00,0.000000
2026-02-07 10:30+01:00,0.000000
2026-02-07 10:45+01:00,0.096108
2026-02-07 11:00+01:00,
2026-02-07 11:15+01:00,0.076782
2026-02-07 11:30+01:00,0.101802
2026-02-07 11:45+01:00,0.086981
2026-02-07 12:00+01:00,0.086826
2026-02-07 12:15+01:00,0.092565
2026-02-07 12:30+01:00,0.093157
2026-02-07 12:45+01:00,0.093374
2026-02-07 13:00+01:00,0.085403
2026-02-07 13:15+01:00,0.094482
2026-02-07 13:30+01:00,0.074237
2026-02-07 13:45+01:00,0.090781
2026-02-07 14:00+01:00,0.111528
2026-02-07 14:15+01:00,0.087818
2026-02-07 14:30+01:00,0.088414
2026-02-07 14:45+01:00,0.097399
2026-02-07 15:00+01:00,0.088788
2026-02-07 15:15+01:00,0.080941
2026-02-07 15:30+01:00,0.098726
2026-02-07 15:45+01:00,0.086166
2026-02-07 16:00+01:00,0.107192
2026-02-07 16:15+01:00,0.089601
2026-02-07 16:30+01:00,0.089903
2026-02-07 16:45+01:00,0.080942
2026-02-07 17:00+01:00,0.092132
2026-02-07 17:15+01:00,0.000000
2026-02-07 17:30+01:00,0.083737
2026-02-07 17:45+01:00,0.093469
2026-02-07 18:00+01:00,0.099689
2026-02-07 18:15+01:00,0.079015
2026-02-07 18:30+01:00,0.098800
2026-02-07 18:45+01:00,
2026-02-07 19:00+01:00,0.072023
2026-02-07 19:15+01:00,0.096889
2026-02-07 19:30+01:00,0.106748
2026-02-07 19:45+01:00,0.102241
2026-02-07 20:00+01:00,0.084806
2026-02-07 20:15+01:00,0.083454
2026-02-07 20:30+01:00,0.100668
2026-02-07 20:45+01:00,0.098394
2026-02-07 21:00+01:00,0.101933
2026-02-07 21:15+01:00,0.076626
2026-02-07 21:30+01:00,0.086137
2026-02-07 21:45+01:00,0.095058
2026-02-07 22:00+01:00,0.089969
2026-02-07 22:15+01:00,0.090274
2026-02-07 22:30+01:00,0.100981
2026-02-07 22:45+01:00,0.077972
2026-02-07 23:00+01:00,0.106312
2026-02-07 23:15+01:00,0.079244
2026-02-07 23:30+01:00,0.088260
2026-02-07 23:45+01:00,0.118022
2026-02-08 00:00+01:00,0.091881
2026-02-08 00:15+01:00,0.106460
2026-02-08 00:30+01:00,0.000000
2026-02-08 00:45+01:00,0.109459
2026-02-08 01:00+01:00,0.102655
2026-02-08 01:15+01:00,0.000000
2026-02-08 01:30+01:00,0.096403
2026-02-08 01:45+01:00,0.109645
2026-02-08 02:00+01:00,0.094585
2026-02-08 02:15+01:00,0.080136
2026-02-08 02:30+01:00,0.083609
2026-02-08 02:45+01:00,0.098014
2026-02-08 03:00+01:00,0.096408
2026-02-08 03:15+01:00,0.091489
2026-02-08 03:30+01:00,0.084102
2026-02-08 03:45+01:00,0.085051
2026-02-08 04:00+01:00,0.106793
2026-02-08 04:15+01:00,0.080942
2026-02-08 04:30+01:00,0.071402
2026-02-08 04:45+01:00,0.112024
2026-02-08 05:00+01:00,0.104245
2026-02-08 05:15+01:00,0.073966
2026-02-08 05:30+01:00,0.076750
2026-02-08 05:45+01:00,0.094443
2026-02-08 06:00+01:00,0.091016
2026-02-08 06:15+01:00,0.095063
2026-02-08 06:30+01:00,0.086885
2026-02-08 06:45+01:00,0.098374
2026-02-08 07:00+01:00,0.097300
2026-02-08 07:15+01:00,0.103127
2026-02-08 07:30+01:00,0.093980
2026-02-08 07:45+01:00,0.102006
2026-02-08 08:00+01:00,0.101753
2026-02-08 08:15+01:00,
2026-02-08 08:30+01:00,0.087210
2026-02-08 08:45+01:00,0.065530
2026-02-08 09:00+01:00,0.093004
2026-02-08 09:15+01:00,0.085233
2026-02-08 09:30+01:00,0.098128
2026-02-08 09:45+01:00,0.000000
2026-02-08 10:00+01:00,0.094733
2026-02-08 10:15+01:00,0.103911
2026-02-08 10:30+01:00,0.084937
2026-02-08 10:45+01:00,0.084528
2026-02-08 11:00+01:00,0.092186
2026-02-08 11:15+01:00,0.089886
2026-02-08 11:30+01:00,0.000000
2026-02-08 11:45+01:00,0.076438
2026-02-08 12:00+01:00,0.098816
2026-02-08 12:15+01:00,0.099252
2026-02-08 12:30+01:00,0.089294
2026-02-08 12:45+01:00,0.096303
2026-02-08 13:00+01:00,0.100267
2026-02-08 13:15+01:00,0.092539
2026-02-08 13:30+01:00,0.103838
2026-02-08 13:45+01:00,0.098324
2026-02-08 14:00+01:00,0.062879
2026-02-08 14:15+01:00,0.065723
2026-02-08 14:30+01:00,0.092329
2026-02-08 14:45+01:00,0.090257
2026-02-08 15:00+01:00,
2026-02-08 15:15+01:00,0.085186
2026-02-08 15:30+01:00,0.090707
2026-02-08 15:45+01:00,0.125897
2026-02-08 16:00+01:00,0.090408
2026-02-08 16:15+01:00,0.068530
2026-02-08 16:30+01:00,0.091118
2026-02-08 16:45+01:00,0.092963
2026-02-08 17:00+01:00,0.082778
2026-02-08 17:15+01:00,0.100137
2026-02-08 17:30+01:00,0.089348
2026-02-08 17:45+01:00,0.080645
2026-02-08 18:00+01:00,
2026-02-08 18:15+01:00,0.000000
2026-02-08 18:30+01:00,0.000000
2026-02-08 18:45+01:00,0.100457
2026-02-08 19:00+01:00,0.522025
2026-02-08 19:15+01:00,0.095751
2026-02-08 19:30+01:00,0.093880
2026-02-08 19:45+01:00,0.096773
2026-02-08 20:00+01:00,0.095121
2026-02-08 20:15+01:00,0.122405
2026-02-08 20:30+01:00,0.085028
2026-02-08 20:45+01:00,0.094345
2026-02-08 21:00+01:00,0.084824
2026-02-08 21:15+01:00,0.101345
2026-02-08 21:30+01:00,
2026-02-08 21:45+01:00,0.085462
2026-02-08 22:00+01:00,0.099784
2026-02-08 22:15+01:00,
2026-02-08 22:30+01:00,0.083513
2026-02-08 22:45+01:00,0.107974
2026-02-08 23:00+01:00,0.117620
2026-02-08 23:15+01:00,0.077365
2026-02-08 23:30+01:00,0.079801
2026-02-08 23:45+01:00,0.093783
2026-02-09 00:00+01:00,
2026-02-09 00:15+01:00,0.206798
2026-02-09 00:30+01:00,0.168452
2026-02-09 00:45+01:00,0.198110
2026-02-09 01:00+01:00,0.254707
2026-02-09 01:15+01:00,0.216534
2026-02-09 01:30+01:00,0.186404
2026-02-09 01:45+01:00,0.163121
2026-02-09 02:00+01:00,0.191757
2026-02-09 02:15+01:00,0.189882
2026-02-09 02:30+01:00,0.170497
2026-02-09 02:45+01:00,0.173884
2026-02-09 03:00+01:00,0.183110
2026-02-09 03:15+01:00,0.169843
2026-02-09 03:30+01:00,0.221698
2026-02-09 03:45+01:00,0.000000
2026-02-09 04:00+01:00,0.188521
2026-02-09 04:15+01:00,0.199397
2026-02-09 04:30+01:00,0.205609
2026-02-09 04:45+01:00,0.237057
2026-02-09 05:00+01:00,0.216183
2026-02-09 05:15+01:00,0.208159
2026-02-09 05:30+01:00,0.219118
2026-02-09 05:45+01:00,0.211838
2026-02-09 06:00+01:00,0.209670
2026-02-09 06:15+01:00,0.181306
2026-02-09 06:30+01:00,0.222785
2026-02-09 06:45+01:00,0.242952
2026-02-09 07:00+01:00,8.323717
2026-02-09 07:15+01:00,8.722272
2026-02-09 07:30+01:00,8.380183
2026-02-09 07:45+01:00,8.814734
2026-02-09 08:00+01:00,9.043413
2026-02-09 08:15+01:00,8.663555
2026-02-09 08:30+01:00,8.695637
2026-02-09 08:45+01:00,8.422112
2026-02-09 09:00+01:00,9.346845
2026-02-09 09:15+01:00,8.648953
2026-02-09 09:30+01:00,8.791689
2026-02-09 09:45+01:00,8.314302
2026-02-09 10:00+01:00,8.894263
2026-02-09 10:15+01:00,8.560547
2026-02-09 10:30+01:00,8.005208
2026-02-09 10:45+01:00,8.913281
2026-02-09 11:00+01:00,8.572460
2026-02-09 11:15+01:00,8.718712
2026-02-09 11:30+01:00,8.533873
2026-02-09 11:45+01:00,8.703883
2026-02-09 12:00+01:00,8.119867
2026-02-09 12:15+01:00,8.255664
2026-02-09 12:30+01:00,
2026-02-09 12:45+01:00,8.735117
2026-02-09 13:00+01:00,9.378463
2026-02-09 13:15+01:00,
2026-02-09 13:30+01:00,7.937743
2026-02-09 13:45+01:00,8.031546
2026-02-09 14:00+01:00,8.015463
2026-02-09 14:15+01:00,8.403318
2026-02-09 14:30+01:00,7.776032
2026-02-09 14:45+01:00,8.174558
2026-02-09 15:00+01:00,8.601884
2026-02-09 15:15+01:00,8.595559
2026-02-09 15:30+01:00,8.381890
2026-02-09 15:45+01:00,8.923291
2026-02-09 16:00+01:00,8.234252
2026-02-09 16:15+01:00,8.802302
2026-02-09 16:30+01:00,8.450897
2026-02-09 16:45+01:00,7.984394
2026-02-09 17:00+01:00,7.875978
2026-02-09 17:15+01:00,
2026-02-09 17:30+01:00,8.350070
2026-02-09 17:45+01:00,8.690004
2026-02-09 18:00+01:00,0.237100
2026-02-09 18:15+01:00,0.221024
2026-02-09 18:30+01:00,0.185374
2026-02-09 18:45+01:00,0.181304
2026-02-09 19:00+01:00,0.176084
2026-02-09 19:15+01:00,0.188534
2026-02-09 19:30+01:00,0.000000
2026-02-09 19:45+01:00,0.194993
2026-02-09 20:00+01:00,0.200785
2026-02-09 20:15+01:00,0.226885
2026-02-09 20:30+01:00,0.208078
2026-02-09 20:45+01:00,0.260164
2026-02-09 21:00+01:00,0.191888
2026-02-09 21:15+01:00,0.211234
2026-02-09 21:30+01:00,0.148572
2026-02-09 21:45+01:00,0.170240
2026-02-09 22:00+01:00,0.206631
2026-02-09 22:15+01:00,0.196759
2026-02-09 22:30+01:00,0.214107
2026-02-09 22:45+01:00,0.258252
2026-02-09 23:00+01:00,0.218265
2026-02-09 23:15+01:00,0.226723
2026-02-09 23:30+01:00,0.239562
2026-02-09 23:45+01:00,0.210806
2026-02-10 00:00+01:00,0.187668
2026-02-10 00:15+01:00,0.202003
2026-02-10 00:30+01:00,0.200970
2026-02-10 00:45+01:00,0.178673
2026-02-10 01:00+01:00,
2026-02-10 01:15+01:00,0.160863
2026-02-10 01:30+01:00,0.153702
2026-02-10 01:45+01:00,0.225133
2026-02-10 02:00+01:00,0.172732
2026-02-10 02:15+01:00,0.236430
2026-02-10 02:30+01:00,0.199825
2026-02-10 02:45+01:00,0.206109
2026-02-10 03:00+01:00,0.000000
2026-02-10 03:15+01:00,0.204130
2026-02-10 03:30+01:00,0.224602
2026-02-10 03:45+01:00,0.165618
2026-02-10 04:00+01:00,0.192628
2026-02-10 04:15+01:00,0.200887
2026-02-10 04:30+01:00,0.228369
2026-02-10 04:45+01:00,0.179807
2026-02-10 05:00+01:00,0.170346
2026-02-10 05:15+01:00,0.243033
2026-02-10 05:30+01:00,0.000000
2026-02-10 05:45+01:00,0.199998
2026-02-10 06:00+01:00,0.194373
2026-02-10 06:15+01:00,
2026-02-10 06:30+01:00,0.194155
2026-02-10 06:45+01:00,0.171164
2026-02-10 07:00+01:00,8.436542
2026-02-10 07:15+01:00,8.110298
2026-02-10 07:30+01:00,9.142493
2026-02-10 07:45+01:00,8.746206
2026-02-10 08:00+01:00,8.119934
2026-02-10 08:15+01:00,7.523842
2026-02-10 08:30+01:00,7.985064
2026-02-10 08:45+01:00,8.982333
2026-02-10 09:00+01:00,8.539046
2026-02-10 09:15+01:00,8.040005
2026-02-10 09:30+01:00,
2026-02-10 09:45+01:00,8.420065
2026-02-10 10:00+01:00,8.555040
2026-02-10 10:15+01:00,8.573201
2026-02-10 10:30+01:00,9.111784
2026-02-10 10:45+01:00,8.428573
2026-02-10 11:00+01:00,8.087428
2026-02-10 11:15+01:00,8.072265
2026-02-10 11:30+01:00,
2026-02-10 11:45+01:00,8.094819
2026-02-10 12:00+01:00,8.680313
2026-02-10 12:15+01:00,8.064630
2026-02-10 12:30+01:00,8.434658
2026-02-10 12:45+01:00,8.270382
2026-02-10 13:00+01:00,8.781178
2026-02-10 13:15+01:00,7.612440
2026-02-10 13:30+01:00,8.878084
2026-02-10 13:45+01:00,8.072016
2026-02-10 14:00+01:00,8.593206
2026-02-10 14:15+01:00,8.267125
2026-02-10 14:30+01:00,8.234898
2026-02-10 14:45+01:00,8.505342
2026-02-10 15:00+01:00,8.595404
2026-02-10 15:15+01:00,8.718468
2026-02-10 15:30+01:00,8.639682
2026-02-10 15:45+01:00,8.690551
2026-02-10 16:00+01:00,8.435190
2026-02-10 16:15+01:00,8.060120
2026-02-10 16:30+01:00,8.642601
2026-02-10 16:45+01:00,8.713920
2026-02-10 17:00+01:00,8.433505
2026-02-10 17:15+01:00,8.337378
2026-02-10 17:30+01:00,8.850511
2026-02-10 17:45+01:00,8.766709
2026-02-10 18:00+01:00,0.196884
2026-02-10 18:15+01:00,0.202039
2026-02-10 18:30+01:00,0.163009
2026-02-10 18:45+01:00,0.234477
2026-02-10 19:00+01:00,0.198951
2026-02-10 19:15+01:00,0.192855
2026-02-10 19:30+01:00,0.220871
2026-02-10 19:45+01:00,0.204221
2026-02-10 20:00+01:00,0.175930
2026-02-10 20:15+01:00,0.217859
2026-02-10 20:30+01:00,0.187132
2026-02-10 20:45+01:00,0.220578
2026-02-10 21:00+01:00,0.235450
2026-02-10 21:15+01:00,0.233157
2026-02-10 21:30+01:00,0.187621
2026-02-10 21:45+01:00,0.175526
2026-02-10 22:00+01:00,0.227676
2026-02-10 22:15+01:00,0.000000
2026-02-10 22:30+01:00,0.218361
2026-02-10 22:45+01:00,0.218331
2026-02-10 23:00+01:00,0.187818
2026-02-10 23:15+01:00,0.225524
2026-02-10 23:30+01:00,0.184625
2026-02-10 23:45+01:00,0.235286
2026-02-11 00:00+01:00,0.195512
2026-02-11 00:15+01:00,
2026-02-11 00:30+01:00,0.188258
2026-02-11 00:45+01:00,0.229363
2026-02-11 01:00+01:00,0.000000
2026-02-11 01:15+01:00,0.169116
2026-02-11 01:30+01:00,0.142591
2026-02-11 01:45+01:00,0.196693
2026-02-11 02:00+01:00,0.156702
2026-02-11 02:15+01:00,0.138191
2026-02-11 02:30+01:00,0.184036
2026-02-11 02:45+01:00,0.240927
2026-02-11 03:00+01:00,
2026-02-11 03:15+01:00,0.000000
2026-02-11 03:30+01:00,0.166851
2026-02-11 03:45+01:00,0.207619
2026-02-11 04:00+01:00,0.257085
2026-02-11 04:15+01:00,0.000000
2026-02-11 04:30+01:00,0.183311
2026-02-11 04:45+01:00,0.194327
2026-02-11 05:00+01:00,
2026-02-11 05:15+01:00,0.000000
2026-02-11 05:30+01:00,0.233369
2026-02-11 05:45+01:00,0.157869
2026-02-11 06:00+01:00,0.207391
2026-02-11 06:15+01:00,0.198734
2026-02-11 06:30+01:00,0.208022
2026-02-11 06:45+01:00,0.210285
2026-02-11 07:00+01:00,8.392037
2026-02-11 07:15+01:00,8.390828
2026-02-11 07:30+01:00,8.440220
2026-02-11 07:45+01:00,8.464838
2026-02-11 08:00+01:00,7.996512
2026-02-11 08:15+01:00,8.377879
2026-02-11 08:30+01:00,9.035405
2026-02-11 08:45+01:00,
2026-02-11 09:00+01:00,8.439901
2026-02-11 09:15+01:00,8.585110
2026-02-11 09:30+01:00,8.275579
2026-02-11 09:45+01:00,8.849438
2026-02-11 10:00+01:00,8.589354
2026-02-11 10:15+01:00,8.388869
2026-02-11 10:30+01:00,7.761688
2026-02-11 10:45+01:00,8.259026
2026-02-11 11:00+01:00,
2026-02-11 11:15+01:00,9.126090
2026-02-11 11:30+01:00,8.695642
2026-02-11 11:45+01:00,8.686293
2026-02-11 12:00+01:00,8.967885
2026-02-11 12:15+01:00,8.850975
2026-02-11 12:30+01:00,8.427869
2026-02-11 12:45+01:00,
2026-02-11 13:00+01:00,8.708068
2026-02-11 13:15+01:00,8.448124
2026-02-11 13:30+01:00,8.722184
2026-02-11 13:45+01:00,8.729308
2026-02-11 14:00+01:00,8.065890
2026-02-11 14:15+01:00,9.048977
2026-02-11 14:30+01:00,8.855144
2026-02-11 14:45+01:00,8.961281
2026-02-11 15:00+01:00,8.602157
2026-02-11 15:15+01:00,8.647469
2026-02-11 15:30+01:00,9.714907
2026-02-11 15:45+01:00,8.723681
2026-02-11 16:00+01:00,9.043418
2026-02-11 16:15+01:00,
2026-02-11 16:30+01:00,8.734403
2026-02-11 16:45+01:00,9.046717
2026-02-11 17:00+01:00,8.230663
2026-02-11 17:15+01:00,8.789578
2026-02-11 17:30+01:00,8.318802
2026-02-11 17:45+01:00,8.422953
2026-02-11 18:00+01:00,0.189195
2026-02-11 18:15+01:00,0.226586
2026-02-11 18:30+01:00,0.237723
2026-02-11 18:45+01:00,0.190675
2026-02-11 19:00+01:00,0.226641
2026-02-11 19:15+01:00,0.197622
2026-02-11 19:30+01:00,0.209068
2026-02-11 19:45+01:00,
2026-02-11 20:00+01:00,0.203109
2026-02-11 20:15+01:00,0.216603
2026-02-11 20:30+01:00,0.230227
2026-02-11 20:45+01:00,0.174621
2026-02-11 21:00+01:00,0.178804
2026-02-11 21:15+01:00,0.205484
2026-02-11 21:30+01:00,0.000000
2026-02-11 21:45+01:00,0.201819
2026-02-11 22:00+01:00,0.216689
2026-02-11 22:15+01:00,0.185079
2026-02-11 22:30+01:00,0.207100
2026-02-11 22:45+01:00,0.190836
2026-02-11 23:00+01:00,0.189699
2026-02-11 23:15+01:00,0.222694
2026-02-11 23:30+01:00,0.177591
2026-02-11 23:45+01:00,0.187837
2026-02-12 00:00+01:00,0.214526
2026-02-12 00:15+01:00,0.216310
2026-02-12 00:30+01:00,0.222667
2026-02-12 00:45+01:00,0.189216
2026-02-12 01:00+01:00,0.187196
2026-02-12 01:15+01:00,0.215615
2026-02-12 01:30+01:00,0.000000
2026-02-12 01:45+01:00,0.184965
2026-02-12 02:00+01:00,0.181745
2026-02-12 02:15+01:00,0.174764
2026-02-12 02:30+01:00,0.228951
2026-02-12 02:45+01:00,0.230159
2026-02-12 03:00+01:00,0.184862
2026-02-12 03:15+01:00,0.228516
2026-02-12 03:30+01:00,0.194884
2026-02-12 03:45+01:00,0.161074
2026-02-12 04:00+01:00,0.200600
2026-02-12 04:15+01:00,0.201130
2026-02-12 04:30+01:00,0.214057
2026-02-12 04:45+01:00,0.209428
2026-02-12 05:00+01:00,0.196196
2026-02-12 05:15+01:00,0.165169
2026-02-12 05:30+01:00,0.233964
2026-02-12 05:45+01:00,0.184975
2026-02-12 06:00+01:00,0.198404
2026-02-12 06:15+01:00,0.186212
2026-02-12 06:30+01:00,0.196993
2026-02-12 06:45+01:00,0.180281
2026-02-12 07:00+01:00,8.448373
2026-02-12 07:15+01:00,8.810293
2026-02-12 07:30+01:00,8.208012
2026-02-12 07:45+01:00,8.527573
2026-02-12 08:00+01:00,8.675994
2026-02-12 08:15+01:00,8.344820
2026-02-12 08:30+01:00,7.730010
2026-02-12 08:45+01:00,8.617529
2026-02-12 09:00+01:00,8.919598
2026-02-12 09:15+01:00,8.227058
2026-02-12 09:30+01:00,8.892629
2026-02-12 09:45+01:00,8.663875
2026-02-12 10:00+01:00,8.912127
2026-02-12 10:15+01:00,8.459420
2026-02-12 10:30+01:00,8.512091
2026-02-12 10:45+01:00,8.612997
2026-02-12 11:00+01:00,8.867122
2026-02-12 11:15+01:00,8.306831
2026-02-12 11:30+01:00,8.347970
2026-02-12 11:45+01:00,8.561253
2026-02-12 12:00+01:00,8.606671
2026-02-12 12:15+01:00,8.427239
2026-02-12 12:30+01:00,8.506175
2026-02-12 12:45+01:00,8.326002
2026-02-12 13:00+01:00,8.625461
2026-02-12 13:15+01:00,8.151130
2026-02-12 13:30+01:00,8.483313
2026-02-12 13:45+01:00,8.625086
2026-02-12 14:00+01:00,
2026-02-12 14:15+01:00,8.960312
2026-02-12 14:30+01:00,
2026-02-12 14:45+01:00,8.138541
2026-02-12 15:00+01:00,8.287225
2026-02-12 15:15+01:00,8.128673
2026-02-12 15:30+01:00,8.684188
2026-02-12 15:45+01:00,8.631613
2026-02-12 16:00+01:00,8.396818
2026-02-12 16:15+01:00,40.958209
2026-02-12 16:30+01:00,43.546155
2026-02-12 16:45+01:00,7.700751
2026-02-12 17:00+01:00,8.309203
2026-02-12 17:15+01:00,8.976352
2026-02-12 17:30+01:00,7.969573
2026-02-12 17:45+01:00,9.013042
2026-02-12 18:00+01:00,0.159627
2026-02-12 18:15+01:00,0.204545
2026-02-12 18:30+01:00,0.252527
2026-02-12 18:45+01:00,0.188163
2026-02-12 19:00+01:00,
2026-02-12 19:15+01:00,0.236212
2026-02-12 19:30+01:00,0.205060
2026-02-12 19:45+01:00,0.187171
2026-02-12 20:00+01:00,0.228733
2026-02-12 20:15+01:00,0.198733
2026-02-12 20:30+01:00,0.181941
2026-02-12 20:45+01:00,0.201377
2026-02-12 21:00+01:00,0.204932
2026-02-12 21:15+01:00,0.244175
2026-02-12 21:30+01:00,0.192471
2026-02-12 21:45+01:00,0.000000
2026-02-12 22:00+01:00,0.198311
2026-02-12 22:15+01:00,0.204392
2026-02-12 22:30+01:00,0.238160
2026-02-12 22:45+01:00,0.228262
2026-02-12 23:00+01:00,0.197744
2026-02-12 23:15+01:00,0.230828
2026-02-12 23:30+01:00,0.206308
2026-02-12 23:45+01:00,0.217963
2026-02-13 00:00+01:00,0.156328
2026-02-13 00:15+01:00,0.199680
2026-02-13 00:30+01:00,0.249745
2026-02-13 00:45+01:00,0.206186
2026-02-13 01:00+01:00,0.207681
2026-02-13 01:15+01:00,0.170518
2026-02-13 01:30+01:00,0.185650
2026-02-13 01:45+01:00,0.205530
2026-02-13 02:00+01:00,0.210529
2026-02-13 02:15+01:00,0.214842
2026-02-13 02:30+01:00,
2026-02-13 02:45+01:00,0.202159
2026-02-13 03:00+01:00,0.231151
2026-02-13 03:15+01:00,0.214102
2026-02-13 03:30+01:00,
2026-02-13 03:45+01:00,0.222507
2026-02-13 04:00+01:00,0.224424
2026-02-13 04:15+01:00,0.228017
2026-02-13 04:30+01:00,0.219661
2026-02-13 04:45+01:00,0.177041
2026-02-13 05:00+01:00,
2026-02-13 05:15+01:00,0.226241
2026-02-13 05:30+01:00,0.187308
2026-02-13 05:45+01:00,0.219598
2026-02-13 06:00+01:00,0.264781
2026-02-13 06:15+01:00,0.177851
2026-02-13 06:30+01:00,0.188481
2026-02-13 06:45+01:00,0.245851
2026-02-13 07:00+01:00,8.900209
2026-02-13 07:15+01:00,8.538257
2026-02-13 07:30+01:00,
2026-02-13 07:45+01:00,8.616882
2026-02-13 08:00+01:00,8.362845
2026-02-13 08:15+01:00,8.745062
2026-02-13 08:30+01:00,9.358101
2026-02-13 08:45+01:00,8.885146
2026-02-13 09:00+01:00,8.919760
2026-02-13 09:15+01:00,8.126553
2026-02-13 09:30+01:00,8.808033
2026-02-13 09:45+01:00,8.837237
2026-02-13 10:00+01:00,8.404169
2026-02-13 10:15+01:00,8.728162
2026-02-13 10:30+01:00,9.125325
2026-02-13 10:45+01:00,8.510891
2026-02-13 11:00+01:00,8.267740
2026-02-13 11:15+01:00,8.228982
2026-02-13 11:30+01:00,8.211489
2026-02-13 11:45+01:00,8.354285
2026-02-13 12:00+01:00,8.109194
2026-02-13 12:15+01:00,8.003654
2026-02-13 12:30+01:00,8.365776
2026-02-13 12:45+01:00,8.352265
2026-02-13 13:00+01:00,8.599614
2026-02-13 13:15+01:00,8.620984
2026-02-13 13:30+01:00,8.323960
2026-02-13 13:45+01:00,7.762454
2026-02-13 14:00+01:00,8.806886
2026-02-13 14:15+01:00,8.610662
2026-02-13 14:30+01:00,8.477055
2026-02-13 14:45+01:00,
2026-02-13 15:00+01:00,
2026-02-13 15:15+01:00,8.564065
2026-02-13 15:30+01:00,8.481732
2026-02-13 15:45+01:00,9.030487
2026-02-13 16:00+01:00,8.592828
2026-02-13 16:15+01:00,8.313072
2026-02-13 16:30+01:00,8.314974
2026-02-13 16:45+01:00,8.672345
2026-02-13 17:00+01:00,8.641792
2026-02-13 17:15+01:00,8.373462
2026-02-13 17:30+01:00,8.461067
2026-02-13 17:45+01:00,8.094937
2026-02-13 18:00+01:00,
2026-02-13 18:15+01:00,0.194356
2026-02-13 18:30+01:00,
2026-02-13 18:45+01:00,0.223156
2026-02-13 19:00+01:00,0.218845
2026-02-13 19:15+01:00,0.192271
2026-02-13 19:30+01:00,0.179919
2026-02-13 19:45+01:00,0.174239
2026-02-13 20:00+01:00,
2026-02-13 20:15+01:00,0.187504
2026-02-13 20:30+01:00,0.189629
2026-02-13 20:45+01:00,0.182536
2026-02-13 21:00+01:00,0.212603
2026-02-13 21:15+01:00,0.214486
2026-02-13 21:30+01:00,0.224221
2026-02-13 21:45+01:00,0.167662
2026-02-13 22:00+01:00,0.198990
2026-02-13 22:15+01:00,0.235118
2026-02-13 22:30+01:00,0.166094
2026-02-13 22:45+01:00,0.211143
2026-02-13 23:00+01:00,0.214655
2026-02-13 23:15+01:00,0.244006
2026-02-13 23:30+01:00,0.208676
2026-02-13 23:45+01:00,0.165855
2026-02-14 00:00+01:00,0.172722
2026-02-14 00:15+01:00,0.094871
2026-02-14 00:30+01:00,0.099377
2026-02-14 00:45+01:00,0.102668
2026-02-14 01:00+01:00,0.082659
2026-02-14 01:15+01:00,0.091490
2026-02-14 01:30+01:00,0.104802
2026-02-14 01:45+01:00,0.092432
2026-02-14 02:00+01:00,0.090310
2026-02-14 02:15+01:00,0.075302
2026-02-14 02:30+01:00,0.102685
2026-02-14 02:45+01:00,0.107128
2026-02-14 03:00+01:00,0.088287
2026-02-14 03:15+01:00,0.090144
2026-02-14 03:30+01:00,0.097167
2026-02-14 03:45+01:00,0.092299
2026-02-14 04:00+01:00,0.079014
2026-02-14 04:15+01:00,0.069972
2026-02-14 04:30+01:00,0.107163
2026-02-14 04:45+01:00,0.000000
2026-02-14 05:00+01:00,0.107882
2026-02-14 05:15+01:00,0.101242
2026-02-14 05:30+01:00,0.091203
2026-02-14 05:45+01:00,0.119090
2026-02-14 06:00+01:00,0.104050
2026-02-14 06:15+01:00,0.102174
2026-02-14 06:30+01:00,0.101031
2026-02-14 06:45+01:00,0.108914
2026-02-14 07:00+01:00,0.063229
2026-02-14 07:15+01:00,
2026-02-14 07:30+01:00,0.078655
2026-02-14 07:45+01:00,0.080075
2026-02-14 08:00+01:00,0.098736
2026-02-14 08:15+01:00,0.000000
2026-02-14 08:30+01:00,0.092199
2026-02-14 08:45+01:00,0.106185
2026-02-14 09:00+01:00,0.083440
2026-02-14 09:15+01:00,0.093684
2026-02-14 09:30+01:00,0.104441
2026-02-14 09:45+01:00,0.086174
2026-02-14 10:00+01:00,0.069484
2026-02-14 10:15+01:00,0.116602
2026-02-14 10:30+01:00,0.098726
2026-02-14 10:45+01:00,0.102529
2026-02-14 11:00+01:00,0.088881
2026-02-14 11:15+01:00,0.110955
2026-02-14 11:30+01:00,0.113585
2026-02-14 11:45+01:00,0.079670
2026-02-14 12:00+01:00,0.092407
2026-02-14 12:15+01:00,0.094572
2026-02-14 12:30+01:00,0.000000
2026-02-14 12:45+01:00,0.000000
2026-02-14 13:00+01:00,0.113832
2026-02-14 13:15+01:00,0.085147
2026-02-14 13:30+01:00,0.087339
2026-02-14 13:45+01:00,0.075793
2026-02-14 14:00+01:00,0.098590
2026-02-14 14:15+01:00,0.078101
2026-02-14 14:30+01:00,0.000000
2026-02-14 14:45+01:00,0.089370
2026-02-14 15:00+01:00,0.103427
2026-02-14 15:15+01:00,0.102234
2026-02-14 15:30+01:00,0.086197
2026-02-14 15:45+01:00,0.094685
2026-02-14 16:00+01:00,0.112030
2026-02-14 16:15+01:00,0.089153
2026-02-14 16:30+01:00,0.105565
2026-02-14 16:45+01:00,0.106421
2026-02-14 17:00+01:00,0.095376
2026-02-14 17:15+01:00,0.100057
2026-02-14 17:30+01:00,0.084339
2026-02-14 17:45+01:00,0.107377
2026-02-14 18:00+01:00,0.075337
2026-02-14 18:15+01:00,0.093324
2026-02-14 18:30+01:00,0.077856
2026-02-14 18:45+01:00,0.089393
2026-02-14 19:00+01:00,0.092352
2026-02-14 19:15+01:00,0.000000
2026-02-14 19:30+01:00,0.000000
2026-02-14 19:45+01:00,0.075362
2026-02-14 20:00+01:00,0.080305
2026-02-14 20:15+01:00,0.000000
2026-02-14 20:30+01:00,0.085087
2026-02-14 20:45+01:00,0.068447
2026-02-14 21:00+01:00,0.095028
2026-02-14 21:15+01:00,0.105876
2026-02-14 21:30+01:00,0.081537
2026-02-14 21:45+01:00,0.084425
2026-02-14 22:00+01:00,0.072967
2026-02-14 22:15+01:00,0.101348
2026-02-14 22:30+01:00,0.091769
2026-02-14 22:45+01:00,0.088266
2026-02-14 23:00+01:00,0.095328
2026-02-14 23:15+01:00,0.099600
2026-02-14 23:30+01:00,0.110415
2026-02-14 23:45+01:00,0.094012
2026-02-15 00:00+01:00,0.102260
2026-02-15 00:15+01:00,0.095445
2026-02-15 00:30+01:00,
2026-02-15 00:45+01:00,0.096339
2026-02-15 01:00+01:00,0.075138
2026-02-15 01:15+01:00,0.099192
2026-02-15 01:30+01:00,0.081422
2026-02-15 01:45+01:00,0.092504
2026-02-15 02:00+01:00,0.114574
2026-02-15 02:15+01:00,0.081843
2026-02-15 02:30+01:00,0.084840
2026-02-15 02:45+01:00,0.102358
2026-02-15 03:00+01:00,0.090559
2026-02-15 03:15+01:00,0.089842
2026-02-15 03:30+01:00,0.099310
2026-02-15 03:45+01:00,0.000000
2026-02-15 04:00+01:00,0.087898
2026-02-15 04:15+01:00,0.117610
2026-02-15 04:30+01:00,0.110076
2026-02-15 04:45+01:00,0.090949
2026-02-15 05:00+01:00,0.087992
2026-02-15 05:15+01:00,0.108678
2026-02-15 05:30+01:00,0.073768
2026-02-15 05:45+01:00,0.091763
2026-02-15 06:00+01:00,0.114208
2026-02-15 06:15+01:00,0.081050
2026-02-15 06:30+01:00,0.092578
2026-02-15 06:45+01:00,0.104272
2026-02-15 07:00+01:00,0.104684
2026-02-15 07:15+01:00,0.100598
2026-02-15 07:30+01:00,0.089832
2026-02-15 07:45+01:00,0.072616
2026-02-15 08:00+01:00,0.092978
2026-02-15 08:15+01:00,
2026-02-15 08:30+01:00,0.103209
2026-02-15 08:45+01:00,0.087711
2026-02-15 09:00+01:00,0.090737
2026-02-15 09:15+01:00,0.093871
2026-02-15 09:30+01:00,0.112309
2026-02-15 09:45+01:00,0.000000
2026-02-15 10:00+01:00,0.092377
2026-02-15 10:15+01:00,0.079980
2026-02-15 10:30+01:00,0.096686
2026-02-15 10:45+01:00,0.077738
2026-02-15 11:00+01:00,0.000000
2026-02-15 11:15+01:00,0.083128
2026-02-15 11:30+01:00,
2026-02-15 11:45+01:00,0.082096
2026-02-15 12:00+01:00,0.076825
2026-02-15 12:15+01:00,0.089120
2026-02-15 12:30+01:00,0.099916
2026-02-15 12:45+01:00,0.086576
2026-02-15 13:00+01:00,0.101201
2026-02-15 13:15+01:00,0.084769
2026-02-15 13:30+01:00,0.093968
2026-02-15 13:45+01:00,0.091537
2026-02-15 14:00+01:00,0.098400
2026-02-15 14:15+01:00,0.110208
2026-02-15 14:30+01:00,0.095137
2026-02-15 14:45+01:00,0.075981
2026-02-15 15:00+01:00,0.000000
2026-02-15 15:15+01:00,0.070073
2026-02-15 15:30+01:00,0.084118
2026-02-15 15:45+01:00,0.080274
2026-02-15 16:00+01:00,0.102595
2026-02-15 16:15+01:00,0.107773
2026-02-15 16:30+01:00,0.065272
2026-02-15 16:45+01:00,0.086739
2026-02-15 17:00+01:00,0.105097
2026-02-15 17:15+01:00,0.066960
2026-02-15 17:30+01:00,0.000000
2026-02-15 17:45+01:00,0.092170
2026-02-15 18:00+01:00,0.079499
2026-02-15 18:15+01:00,0.084765
2026-02-15 18:30+01:00,0.106099
2026-02-15 18:45+01:00,0.074560
2026-02-15 19:00+01:00,0.065858
2026-02-15 19:15+01:00,0.089107
2026-02-15 19:30+01:00,0.091200
2026-02-15 19:45+01:00,0.094315
2026-02-15 20:00+01:00,0.120260
2026-02-15 20:15+01:00,0.092043
2026-02-15 20:30+01:00,0.100047
2026-02-15 20:45+01:00,0.093950
2026-02-15 21:00+01:00,0.071523
2026-02-15 21:15+01:00,0.093067
2026-02-15 21:30+01:00,0.078350
2026-02-15 21:45+01:00,0.073233
2026-02-15 22:00+01:00,
2026-02-15 22:15+01:00,0.105994
2026-02-15 22:30+01:00,0.099410
2026-02-15 22:45+01:00,0.098003
2026-02-15 23:00+01:00,0.091216
2026-02-15 23:15+01:00,
2026-02-15 23:30+01:00,0.083448
2026-02-15 23:45+01:00,0.111392
2026-02-16 00:00+01:00,0.106233
2026-02-16 00:15+01:00,0.203140
2026-02-16 00:30+01:00,0.000000
2026-02-16 00:45+01:00,0.000000
2026-02-16 01:00+01:00,0.212850
2026-02-16 01:15+01:00,0.186387
2026-02-16 01:30+01:00,0.204330
2026-02-16 01:45+01:00,0.212929
2026-02-16 02:00+01:00,0.162788
2026-02-16 02:15+01:00,
2026-02-16 02:30+01:00,0.248665
2026-02-16 02:45+01:00,0.186794
2026-02-16 03:00+01:00,0.197809
2026-02-16 03:15+01:00,0.192605
2026-02-16 03:30+01:00,0.209409
2026-02-16 03:45+01:00,0.243920
2026-02-16 04:00+01:00,0.180200
2026-02-16 04:15+01:00,0.193392
2026-02-16 04:30+01:00,0.155761
2026-02-16 04:45+01:00,0.171535
2026-02-16 05:00+01:00,0.198804
2026-02-16 05:15+01:00,0.216215
2026-02-16 05:30+01:00,0.215171
2026-02-16 05:45+01:00,0.236213
2026-02-16 06:00+01:00,0.218317
2026-02-16 06:15+01:00,0.195151
2026-02-16 06:30+01:00,0.158119
2026-02-16 06:45+01:00,0.188755
2026-02-16 07:00+01:00,8.510426
2026-02-16 07:15+01:00,8.418255
2026-02-16 07:30+01:00,8.741457
2026-02-16 07:45+01:00,8.377697
2026-02-16 08:00+01:00,9.005174
2026-02-16 08:15+01:00,8.400608
2026-02-16 08:30+01:00,8.676424
2026-02-16 08:45+01:00,8.613566
2026-02-16 09:00+01:00,8.705200
2026-02-16 09:15+01:00,9.135329
2026-02-16 09:30+01:00,8.718987
2026-02-16 09:45+01:00,8.817979
2026-02-16 10:00+01:00,8.867358
2026-02-16 10:15+01:00,8.584946
2026-02-16 10:30+01:00,8.235375
2026-02-16 10:45+01:00,8.607546
2026-02-16 11:00+01:00,8.656168
2026-02-16 11:15+01:00,8.296782
2026-02-16 11:30+01:00,9.039459
2026-02-16 11:45+01:00,8.370668
2026-02-16 12:00+01:00,8.254488
2026-02-16 12:15+01:00,8.418990
2026-02-16 12:30+01:00,8.398396
2026-02-16 12:45+01:00,8.824589
2026-02-16 13:00+01:00,8.470216
2026-02-16 13:15+01:00,8.558544
2026-02-16 13:30+01:00,8.300208
2026-02-16 13:45+01:00,8.602087
2026-02-16 14:00+01:00,8.453758
2026-02-16 14:15+01:00,8.310745
2026-02-16 14:30+01:00,8.880259
2026-02-16 14:45+01:00,8.516559
2026-02-16 15:00+01:00,7.734795
2026-02-16 15:15+01:00,8.731964
2026-02-16 15:30+01:00,8.524412
2026-02-16 15:45+01:00,8.305281
2026-02-16 16:00+01:00,8.784610
2026-02-16 16:15+01:00,8.799771
2026-02-16 16:30+01:00,8.668050
2026-02-16 16:45+01:00,9.118809
2026-02-16 17:00+01:00,8.938789
2026-02-16 17:15+01:00,8.803102
2026-02-16 17:30+01:00,8.091667
2026-02-16 17:45+01:00,7.802337
2026-02-16 18:00+01:00,0.149710
2026-02-16 18:15+01:00,0.162078
2026-02-16 18:30+01:00,0.170974
2026-02-16 18:45+01:00,0.222420
2026-02-16 19:00+01:00,0.161509
2026-02-16 19:15+01:00,0.194275
2026-02-16 19:30+01:00,0.264174
2026-02-16 19:45+01:00,0.191269
2026-02-16 20:00+01:00,0.259626
2026-02-16 20:15+01:00,0.000000
2026-02-16 20:30+01:00,0.210547
2026-02-16 20:45+01:00,0.249450
2026-02-16 21:00+01:00,0.175404
2026-02-16 21:15+01:00,0.218705
2026-02-16 21:30+01:00,0.246149
2026-02-16 21:45+01:00,0.152083
2026-02-16 22:00+01:00,0.213945
2026-02-16 22:15+01:00,0.172984
2026-02-16 22:30+01:00,0.218583
2026-02-16 22:45+01:00,0.220675
2026-02-16 23:00+01:00,0.239584
2026-02-16 23:15+01:00,0.000000
2026-02-16 23:30+01:00,0.224540
2026-02-16 23:45+01:00,0.250992
2026-02-17 00:00+01:00,0.196513
2026-02-17 00:15+01:00,0.000000
2026-02-17 00:30+01:00,0.197289
2026-02-17 00:45+01:00,0.243075
2026-02-17 01:00+01:00,0.174298
2026-02-17 01:15+01:00,0.232382
2026-02-17 01:30+01:00,0.229123
2026-02-17 01:45+01:00,0.176846
2026-02-17 02:00+01:00,0.201331
2026-02-17 02:15+01:00,0.167738
2026-02-17 02:30+01:00,0.201303
2026-02-17 02:45+01:00,0.195031
2026-02-17 03:00+01:00,0.239560
2026-02-17 03:15+01:00,0.238359
2026-02-17 03:30+01:00,0.243404
2026-02-17 03:45+01:00,0.215746
2026-02-17 04:00+01:00,0.185500
2026-02-17 04:15+01:00,0.000000
2026-02-17 04:30+01:00,0.227996
2026-02-17 04:45+01:00,0.188855
2026-02-17 05:00+01:00,0.226335
2026-02-17 05:15+01:00,0.189116
2026-02-17 05:30+01:00,0.238015
2026-02-17 05:45+01:00,0.206062
2026-02-17 06:00+01:00,0.207308
2026-02-17 06:15+01:00,0.239982
2026-02-17 06:30+01:00,0.189672
2026-02-17 06:45+01:00,0.237208
2026-02-17 07:00+01:00,8.787413
2026-02-17 07:15+01:00,9.040776
2026-02-17 07:30+01:00,8.500518
2026-02-17 07:45+01:00,8.721199
2026-02-17 08:00+01:00,8.774177
2026-02-17 08:15+01:00,8.663029
2026-02-17 08:30+01:00,8.533477
2026-02-17 08:45+01:00,9.305001
2026-02-17 09:00+01:00,8.060823
2026-02-17 09:15+01:00,8.021846
2026-02-17 09:30+01:00,8.672167
2026-02-17 09:45+01:00,8.184220
2026-02-17 10:00+01:00,8.132226
2026-02-17 10:15+01:00,8.359452
2026-02-17 10:30+01:00,9.023986
2026-02-17 10:45+01:00,8.535886
2026-02-17 11:00+01:00,8.917474
2026-02-17 11:15+01:00,8.630770
2026-02-17 11:30+01:00,7.730196
2026-02-17 11:45+01:00,
2026-02-17 12:00+01:00,7.618706
2026-02-17 12:15+01:00,8.360460
2026-02-17 12:30+01:00,9.124051
2026-02-17 12:45+01:00,8.570612
2026-02-17 13:00+01:00,8.447035
2026-02-17 13:15+01:00,8.404836
2026-02-17 13:30+01:00,8.832230
2026-02-17 13:45+01:00,
2026-02-17 14:00+01:00,8.429487
2026-02-17 14:15+01:00,8.826249
2026-02-17 14:30+01:00,8.780728
2026-02-17 14:45+01:00,8.181705
2026-02-17 15:00+01:00,8.540484
2026-02-17 15:15+01:00,8.364805
2026-02-17 15:30+01:00,8.706475
2026-02-17 15:45+01:00,8.934748
2026-02-17 16:00+01:00,8.882536
2026-02-17 16:15+01:00,8.210639
2026-02-17 16:30+01:00,8.753552
2026-02-17 16:45+01:00,8.691661
2026-02-17 17:00+01:00,8.589239
2026-02-17 17:15+01:00,7.870133
2026-02-17 17:30+01:00,8.286084
2026-02-17 17:45+01:00,9.102596
2026-02-17 18:00+01:00,0.198596
2026-02-17 18:15+01:00,0.000000
2026-02-17 18:30+01:00,0.150292
2026-02-17 18:45+01:00,
2026-02-17 19:00+01:00,0.238370
2026-02-17 19:15+01:00,0.207613
2026-02-17 19:30+01:00,0.227942
2026-02-17 19:45+01:00,0.165161
2026-02-17 20:00+01:00,0.259747
2026-02-17 20:15+01:00,0.218557
2026-02-17 20:30+01:00,0.216299
2026-02-17 20:45+01:00,0.243004
2026-02-17 21:00+01:00,0.000000
2026-02-17 21:15+01:00,0.195663
2026-02-17 21:30+01:00,0.193070
2026-02-17 21:45+01:00,0.209253
2026-02-17 22:00+01:00,0.179370
2026-02-17 22:15+01:00,0.180548
2026-02-17 22:30+01:00,0.209961
2026-02-17 22:45+01:00,0.217596
2026-02-17 23:00+01:00,0.266290
2026-02-17 23:15+01:00,0.206738
2026-02-17 23:30+01:00,0.197223
2026-02-17 23:45+01:00,0.223190
2026-02-18 00:00+01:00,0.000000
2026-02-18 00:15+01:00,0.236698
2026-02-18 00:30+01:00,0.000000
2026-02-18 00:45+01:00,0.200527
2026-02-18 01:00+01:00,0.235651
2026-02-18 01:15+01:00,0.197612
2026-02-18 01:30+01:00,0.219540
2026-02-18 01:45+01:00,0.221274
2026-02-18 02:00+01:00,0.244386
2026-02-18 02:15+01:00,0.171488
2026-02-18 02:30+01:00,0.200469
2026-02-18 02:45+01:00,0.172145
2026-02-18 03:00+01:00,0.217100
2026-02-18 03:15+01:00,0.181245
2026-02-18 03:30+01:00,0.222684
2026-02-18 03:45+01:00,0.213241
2026-02-18 04:00+01:00,0.246398
2026-02-18 04:15+01:00,2.561017
2026-02-18 04:30+01:00,0.216746
2026-02-18 04:45+01:00,0.171592
2026-02-18 05:00+01:00,0.188187
2026-02-18 05:15+01:00,0.193381
2026-02-18 05:30+01:00,0.000000
2026-02-18 05:45+01:00,0.252655
2026-02-18 06:00+01:00,0.196076
2026-02-18 06:15+01:00,0.200516
2026-02-18 06:30+01:00,0.203977
2026-02-18 06:45+01:00,0.219735
2026-02-18 07:00+01:00,8.654774
2026-02-18 07:15+01:00,8.939701
2026-02-18 07:30+01:00,9.140949
2026-02-18 07:45+01:00,8.372880
2026-02-18 08:00+01:00,8.492301
2026-02-18 08:15+01:00,8.610144
2026-02-18 08:30+01:00,8.613552
2026-02-18 08:45+01:00,8.326670
2026-02-18 09:00+01:00,8.577215
2026-02-18 09:15+01:00,8.643126
2026-02-18 09:30+01:00,8.583062
2026-02-18 09:45+01:00,8.205019
2026-02-18 10:00+01:00,8.692801
2026-02-18 10:15+01:00,
2026-02-18 10:30+01:00,8.551682
2026-02-18 10:45+01:00,8.154395
2026-02-18 11:00+01:00,8.351449
2026-02-18 11:15+01:00,8.665836
2026-02-18 11:30+01:00,8.458516
2026-02-18 11:45+01:00,8.796839
2026-02-18 12:00+01:00,8.857130
2026-02-18 12:15+01:00,8.812822
2026-02-18 12:30+01:00,8.735298
2026-02-18 12:45+01:00,8.809818
2026-02-18 13:00+01:00,8.452741
2026-02-18 13:15+01:00,8.439375
2026-02-18 13:30+01:00,8.284716
2026-02-18 13:45+01:00,8.797027
2026-02-18 14:00+01:00,8.384122
2026-02-18 14:15+01:00,9.058788
2026-02-18 14:30+01:00,8.874570
2026-02-18 14:45+01:00,8.581505
2026-02-18 15:00+01:00,9.074001
2026-02-18 15:15+01:00,8.344524
2026-02-18 15:30+01:00,8.307941
2026-02-18 15:45+01:00,8.608473
2026-02-18 16:00+01:00,8.381033
2026-02-18 16:15+01:00,8.637977
2026-02-18 16:30+01:00,8.157079
2026-02-18 16:45+01:00,8.832419
2026-02-18 17:00+01:00,8.179979
2026-02-18 17:15+01:00,8.417511
2026-02-18 17:30+01:00,8.764202
2026-02-18 17:45+01:00,8.367636
2026-02-18 18:00+01:00,0.213562
2026-02-18 18:15+01:00,0.231128
2026-02-18 18:30+01:00,0.226826
2026-02-18 18:45+01:00,0.233604
2026-02-18 19:00+01:00,0.234714
2026-02-18 19:15+01:00,0.200665
2026-02-18 19:30+01:00,0.200756
2026-02-18 19:45+01:00,0.203380
2026-02-18 20:00+01:00,0.180799
2026-02-18 20:15+01:00,0.235063
2026-02-18 20:30+01:00,0.214924
2026-02-18 20:45+01:00,0.236665
2026-02-18 21:00+01:00,0.221178
2026-02-18 21:15+01:00,0.196836
2026-02-18 21:30+01:00,0.202708
2026-02-18 21:45+01:00,
2026-02-18 22:00+01:00,0.224260
2026-02-18 22:15+01:00,0.219437
2026-02-18 22:30+01:00,0.195592
2026-02-18 22:45+01:00,0.194778
2026-02-18 23:00+01:00,0.198309
2026-02-18 23:15+01:00,0.224243
2026-02-18 23:30+01:00,0.158185
2026-02-18 23:45+01:00,0.220388
2026-02-19 00:00+01:00,0.196922
2026-02-19 00:15+01:00,0.177862
2026-02-19 00:30+01:00,0.204342
2026-02-19 00:45+01:00,0.188425
2026-02-19 01:00+01:00,0.238429
2026-02-19 01:15+01:00,0.209493
2026-02-19 01:30+01:00,0.166369
2026-02-19 01:45+01:00,0.198813
2026-02-19 02:00+01:00,0.254988
2026-02-19 02:15+01:00,0.236887
2026-02-19 02:30+01:00,0.215235
2026-02-19 02:45+01:00,0.230226
2026-02-19 03:00+01:00,0.167524
2026-02-19 03:15+01:00,0.203120
2026-02-19 03:30+01:00,0.000000
2026-02-19 03:45+01:00,0.208339
2026-02-19 04:00+01:00,0.243820
2026-02-19 04:15+01:00,0.174575
2026-02-19 04:30+01:00,0.207476
2026-02-19 04:45+01:00,0.159863
2026-02-19 05:00+01:00,0.186402
2026-02-19 05:15+01:00,0.195060
2026-02-19 05:30+01:00,0.190985
2026-02-19 05:45+01:00,0.169250
2026-02-19 06:00+01:00,
2026-02-19 06:15+01:00,0.238074
2026-02-19 06:30+01:00,0.181883
2026-02-19 06:45+01:00,0.180146
2026-02-19 07:00+01:00,7.610794
2026-02-19 07:15+01:00,8.386692
2026-02-19 07:30+01:00,8.298738
2026-02-19 07:45+01:00,8.124563
2026-02-19 08:00+01:00,8.652599
2026-02-19 08:15+01:00,8.723057
2026-02-19 08:30+01:00,8.495806
2026-02-19 08:45+01:00,8.351998
2026-02-19 09:00+01:00,8.983849
2026-02-19 09:15+01:00,8.059911
2026-02-19 09:30+01:00,8.923086
2026-02-19 09:45+01:00,8.583574
2026-02-19 10:00+01:00,8.605187
2026-02-19 10:15+01:00,8.450614
2026-02-19 10:30+01:00,8.970708
2026-02-19 10:45+01:00,8.317167
2026-02-19 11:00+01:00,8.845759
2026-02-19 11:15+01:00,8.271752
2026-02-19 11:30+01:00,8.477362
2026-02-19 11:45+01:00,8.300845
2026-02-19 12:00+01:00,8.909701
2026-02-19 12:15+01:00,8.310340
2026-02-19 12:30+01:00,8.119256
2026-02-19 12:45+01:00,8.696178
2026-02-19 13:00+01:00,8.615043
2026-02-19 13:15+01:00,8.339824
2026-02-19 13:30+01:00,8.618573
2026-02-19 13:45+01:00,8.032025
2026-02-19 14:00+01:00,8.841833
2026-02-19 14:15+01:00,8.441275
2026-02-19 14:30+01:00,8.670810
2026-02-19 14:45+01:00,8.263456
2026-02-19 15:00+01:00,8.706547
2026-02-19 15:15+01:00,8.837656
2026-02-19 15:30+01:00,8.475978
2026-02-19 15:45+01:00,8.552350
2026-02-19 16:00+01:00,9.281624
2026-02-19 16:15+01:00,8.403452
2026-02-19 16:30+01:00,8.530061
2026-02-19 16:45+01:00,8.368138
2026-02-19 17:00+01:00,8.962512
2026-02-19 17:15+01:00,8.585529
2026-02-19 17:30+01:00,8.291143
2026-02-19 17:45+01:00,7.851914
2026-02-19 18:00+01:00,0.000000
2026-02-19 18:15+01:00,0.223024
2026-02-19 18:30+01:00,0.156640
2026-02-19 18:45+01:00,0.200052
2026-02-19 19:00+01:00,0.210783
2026-02-19 19:15+01:00,0.259005
2026-02-19 19:30+01:00,0.166062
2026-02-19 19:45+01:00,0.192142
2026-02-19 20:00+01:00,0.235840
2026-02-19 20:15+01:00,0.194583
2026-02-19 20:30+01:00,0.220194
2026-02-19 20:45+01:00,0.201178
2026-02-19 21:00+01:00,0.167402
2026-02-19 21:15+01:00,0.129934
2026-02-19 21:30+01:00,0.169022
2026-02-19 21:45+01:00,0.175349
2026-02-19 22:00+01:00,0.185478
2026-02-19 22:15+01:00,0.201142
2026-02-19 22:30+01:00,0.205265
2026-02-19 22:45+01:00,0.235041
2026-02-19 23:00+01:00,0.255514
2026-02-19 23:15+01:00,0.190079
2026-02-19 23:30+01:00,0.225271
2026-02-19 23:45+01:00,0.172060
2026-02-20 00:00+01:00,0.225655
2026-02-20 00:15+01:00,0.194602
2026-02-20 00:30+01:00,0.227766
2026-02-20 00:45+01:00,0.208450
2026-02-20 01:00+01:00,0.242242
2026-02-20 01:15+01:00,0.184805
2026-02-20 01:30+01:00,0.209874
2026-02-20 01:45+01:00,
2026-02-20 02:00+01:00,0.189498
2026-02-20 02:15+01:00,0.184251
2026-02-20 02:30+01:00,
2026-02-20 02:45+01:00,0.182260
2026-02-20 03:00+01:00,0.213325
2026-02-20 03:15+01:00,0.185799
2026-02-20 03:30+01:00,0.203615
2026-02-20 03:45+01:00,0.212802
2026-02-20 04:00+01:00,0.000000
2026-02-20 04:15+01:00,0.225966
2026-02-20 04:30+01:00,0.171219
2026-02-20 04:45+01:00,
2026-02-20 05:00+01:00,0.207684
2026-02-20 05:15+01:00,0.217036
2026-02-20 05:30+01:00,0.166476
2026-02-20 05:45+01:00,0.199575
2026-02-20 06:00+01:00,0.233289
2026-02-20 06:15+01:00,0.222735
2026-02-20 06:30+01:00,0.156133
2026-02-20 06:45+01:00,0.209817
2026-02-20 07:00+01:00,8.413859
2026-02-20 07:15+01:00,8.517821
2026-02-20 07:30+01:00,8.364181
2026-02-20 07:45+01:00,
2026-02-20 08:00+01:00,8.184707
2026-02-20 08:15+01:00,8.284880
2026-02-20 08:30+01:00,
2026-02-20 08:45+01:00,8.542754
2026-02-20 09:00+01:00,8.271995
2026-02-20 09:15+01:00,8.771752
2026-02-20 09:30+01:00,8.427112
2026-02-20 09:45+01:00,8.562034
2026-02-20 10:00+01:00,8.596342
2026-02-20 10:15+01:00,8.627746
2026-02-20 10:30+01:00,8.456238
2026-02-20 10:45+01:00,8.957735
2026-02-20 11:00+01:00,8.211604
2026-02-20 11:15+01:00,8.899381
2026-02-20 11:30+01:00,8.726962
2026-02-20 11:45+01:00,
2026-02-20 12:00+01:00,8.610311
2026-02-20 12:15+01:00,8.243745
2026-02-20 12:30+01:00,8.847807
2026-02-20 12:45+01:00,8.533857
2026-02-20 13:00+01:00,8.137543
2026-02-20 13:15+01:00,9.393638
2026-02-20 13:30+01:00,8.964815
2026-02-20 13:45+01:00,8.323835
2026-02-20 14:00+01:00,7.972800
2026-02-20 14:15+01:00,8.358812
2026-02-20 14:30+01:00,9.139331
2026-02-20 14:45+01:00,8.164190
2026-02-20 15:00+01:00,8.062817
2026-02-20 15:15+01:00,8.088945
2026-02-20 15:30+01:00,8.716076
2026-02-20 15:45+01:00,8.439676
2026-02-20 16:00+01:00,8.196874
2026-02-20 16:15+01:00,8.803524
2026-02-20 16:30+01:00,8.065596
2026-02-20 16:45+01:00,8.547557
2026-02-20 17:00+01:00,8.653051
2026-02-20 17:15+01:00,8.880600
2026-02-20 17:30+01:00,8.489746
2026-02-20 17:45+01:00,8.228515
2026-02-20 18:00+01:00,0.000000
2026-02-20 18:15+01:00,0.190941
2026-02-20 18:30+01:00,0.190844
2026-02-20 18:45+01:00,
2026-02-20 19:00+01:00,0.215887
2026-02-20 19:15+01:00,0.218283
2026-02-20 19:30+01:00,0.211485
2026-02-20 19:45+01:00,0.212511
2026-02-20 20:00+01:00,0.179579
2026-02-20 20:15+01:00,0.213805
2026-02-20 20:30+01:00,0.220778
2026-02-20 20:45+01:00,0.167822
2026-02-20 21:00+01:00,0.167701
2026-02-20 21:15+01:00,0.180964
2026-02-20 21:30+01:00,0.208911
2026-02-20 21:45+01:00,0.183175
2026-02-20 22:00+01:00,0.207041
2026-02-20 22:15+01:00,0.166730
2026-02-20 22:30+01:00,0.195911
2026-02-20 22:45+01:00,0.216984
2026-02-20 23:00+01:00,0.223660
2026-02-20 23:15+01:00,0.229526
2026-02-20 23:30+01:00,0.182544
2026-02-20 23:45+01:00,0.220198
2026-02-21 00:00+01:00,0.199984
2026-02-21 00:15+01:00,
2026-02-21 00:30+01:00,0.087943
2026-02-21 00:45+01:00,0.085529
2026-02-21 01:00+01:00,0.089328
2026-02-21 01:15+01:00,0.105624
2026-02-21 01:30+01:00,0.113649
2026-02-21 01:45+01:00,0.108519
2026-02-21 02:00+01:00,0.092358
2026-02-21 02:15+01:00,0.097075
2026-02-21 02:30+01:00,0.098532
2026-02-21 02:45+01:00,0.000000
2026-02-21 03:00+01:00,0.079723
2026-02-21 03:15+01:00,0.073670
2026-02-21 03:30+01:00,0.108976
2026-02-21 03:45+01:00,0.098950
2026-02-21 04:00+01:00,0.079108
2026-02-21 04:15+01:00,0.090593
2026-02-21 04:30+01:00,0.081394
2026-02-21 04:45+01:00,0.085325
2026-02-21 05:00+01:00,0.088983
2026-02-21 05:15+01:00,0.093614
2026-02-21 05:30+01:00,0.103198
2026-02-21 05:45+01:00,0.108466
2026-02-21 06:00+01:00,0.092963
2026-02-21 06:15+01:00,0.104643
2026-02-21 06:30+01:00,0.102865
2026-02-21 06:45+01:00,0.096664
2026-02-21 07:00+01:00,0.110459
2026-02-21 07:15+01:00,0.063700
2026-02-21 07:30+01:00,0.102641
2026-02-21 07:45+01:00,0.081029
2026-02-21 08:00+01:00,0.073486
2026-02-21 08:15+01:00,0.101430
2026-02-21 08:30+01:00,0.090863
2026-02-21 08:45+01:00,0.000000
2026-02-21 09:00+01:00,0.087657
2026-02-21 09:15+01:00,
2026-02-21 09:30+01:00,0.091503
2026-02-21 09:45+01:00,0.099428
2026-02-21 10:00+01:00,0.080794
2026-02-21 10:15+01:00,0.089592
2026-02-21 10:30+01:00,0.116988
2026-02-21 10:45+01:00,0.075887
2026-02-21 11:00+01:00,0.072652
2026-02-21 11:15+01:00,0.095453
2026-02-21 11:30+01:00,0.087800
2026-02-21 11:45+01:00,0.099531
2026-02-21 12:00+01:00,0.088307
2026-02-21 12:15+01:00,0.089245
2026-02-21 12:30+01:00,0.094524
2026-02-21 12:45+01:00,0.080554
2026-02-21 13:00+01:00,0.106787
2026-02-21 13:15+01:00,0.085445
2026-02-21 13:30+01:00,0.084593
2026-02-21 13:45+01:00,0.097511
2026-02-21 14:00+01:00,0.080702
2026-02-21 14:15+01:00,0.107062
2026-02-21 14:30+01:00,0.105293
2026-02-21 14:45+01:00,0.107491
2026-02-21 15:00+01:00,
2026-02-21 15:15+01:00,0.094069
2026-02-21 15:30+01:00,0.089731
2026-02-21 15:45+01:00,0.116856
2026-02-21 16:00+01:00,0.089273
2026-02-21 16:15+01:00,0.096582
2026-02-21 16:30+01:00,0.082498
2026-02-21 16:45+01:00,0.089205
2026-02-21 17:00+01:00,0.077944
2026-02-21 17:15+01:00,0.101758
2026-02-21 17:30+01:00,0.104739
2026-02-21 17:45+01:00,0.088815
2026-02-21 18:00+01:00,0.087616
2026-02-21 18:15+01:00,0.100404
2026-02-21 18:30+01:00,0.089064
2026-02-21 18:45+01:00,0.086142
2026-02-21 19:00+01:00,0.103973
2026-02-21 19:15+01:00,0.106229
2026-02-21 19:30+01:00,0.095660
2026-02-21 19:45+01:00,0.101473
2026-02-21 20:00+01:00,0.103258
2026-02-21 20:15+01:00,0.000000
2026-02-21 20:30+01:00,0.091994
2026-02-21 20:45+01:00,0.087137
2026-02-21 21:00+01:00,0.093305
2026-02-21 21:15+01:00,0.087512
2026-02-21 21:30+01:00,0.083366
2026-02-21 21:45+01:00,0.084017
2026-02-21 22:00+01:00,0.066056
2026-02-21 22:15+01:00,0.101860
2026-02-21 22:30+01:00,0.089569
2026-02-21 22:45+01:00,0.080708
2026-02-21 23:00+01:00,0.106461
2026-02-21 23:15+01:00,0.092224
2026-02-21 23:30+01:00,
2026-02-21 23:45+01:00,0.094404
2026-02-22 00:00+01:00,0.072521
2026-02-22 00:15+01:00,
2026-02-22 00:30+01:00,
2026-02-22 00:45+01:00,0.114800
2026-02-22 01:00+01:00,0.103332
2026-02-22 01:15+01:00,0.081060
2026-02-22 01:30+01:00,0.080227
2026-02-22 01:45+01:00,0.081246
2026-02-22 02:00+01:00,0.083683
2026-02-22 02:15+01:00,0.107413
2026-02-22 02:30+01:00,0.100762
2026-02-22 02:45+01:00,0.065878
2026-02-22 03:00+01:00,0.080368
2026-02-22 03:15+01:00,0.101007
2026-02-22 03:30+01:00,0.075039
2026-02-22 03:45+01:00,0.077115
2026-02-22 04:00+01:00,0.093791
2026-02-22 04:15+01:00,
2026-02-22 04:30+01:00,0.095984
2026-02-22 04:45+01:00,0.103801
2026-02-22 05:00+01:00,0.083037
2026-02-22 05:15+01:00,0.101039
2026-02-22 05:30+01:00,0.098349
2026-02-22 05:45+01:00,0.080528
2026-02-22 06:00+01:00,0.087964
2026-02-22 06:15+01:00,
2026-02-22 06:30+01:00,0.114437
2026-02-22 06:45+01:00,0.099164
2026-02-22 07:00+01:00,0.100645
2026-02-22 07:15+01:00,0.070682
2026-02-22 07:30+01:00,0.097858
2026-02-22 07:45+01:00,
2026-02-22 08:00+01:00,0.105298
2026-02-22 08:15+01:00,0.097233
2026-02-22 08:30+01:00,0.000000
2026-02-22 08:45+01:00,
2026-02-22 09:00+01:00,0.000000
2026-02-22 09:15+01:00,0.085610
2026-02-22 09:30+01:00,0.099001
2026-02-22 09:45+01:00,0.088315
2026-02-22 10:00+01:00,0.082529
2026-02-22 10:15+01:00,0.088323
2026-02-22 10:30+01:00,
2026-02-22 10:45+01:00,
2026-02-22 11:00+01:00,0.110821
2026-02-22 11:15+01:00,0.082370
2026-02-22 11:30+01:00,0.100766
2026-02-22 11:45+01:00,0.076346
2026-02-22 12:00+01:00,0.076173
2026-02-22 12:15+01:00,0.101348
2026-02-22 12:30+01:00,0.086780
2026-02-22 12:45+01:00,0.090045
2026-02-22 13:00+01:00,0.082469
2026-02-22 13:15+01:00,0.082925
2026-02-22 13:30+01:00,0.000000
2026-02-22 13:45+01:00,0.106881
2026-02-22 14:00+01:00,0.099042
2026-02-22 14:15+01:00,0.104089
2026-02-22 14:30+01:00,0.587690
2026-02-22 14:45+01:00,0.517177
2026-02-22 15:00+01:00,0.096048
2026-02-22 15:15+01:00,0.083023
2026-02-22 15:30+01:00,0.109059
2026-02-22 15:45+01:00,0.082506
2026-02-22 16:00+01:00,0.085322
2026-02-22 16:15+01:00,0.114776
2026-02-22 16:30+01:00,0.108785
2026-02-22 16:45+01:00,0.093500
2026-02-22 17:00+01:00,0.103242
2026-02-22 17:15+01:00,0.121844
2026-02-22 17:30+01:00,0.096675
2026-02-22 17:45+01:00,0.102837
2026-02-22 18:00+01:00,0.000000
2026-02-22 18:15+01:00,0.082629
2026-02-22 18:30+01:00,0.098766
2026-02-22 18:45+01:00,0.091957
2026-02-22 19:00+01:00,0.106420
2026-02-22 19:15+01:00,0.105149
2026-02-22 19:30+01:00,0.069070
2026-02-22 19:45+01:00,0.081004
2026-02-22 20:00+01:00,0.073014
2026-02-22 20:15+01:00,0.000000
2026-02-22 20:30+01:00,0.099016
2026-02-22 20:45+01:00,0.095982
2026-02-22 21:00+01:00,0.098473
2026-02-22 21:15+01:00,0.100237
2026-02-22 21:30+01:00,0.091986
2026-02-22 21:45+01:00,0.087785
2026-02-22 22:00+01:00,0.000000
2026-02-22 22:15+01:00,0.072896
2026-02-22 22:30+01:00,0.000000
2026-02-22 22:45+01:00,0.088274
2026-02-22 23:00+01:00,0.103944
2026-02-22 23:15+01:00,0.096196
2026-02-22 23:30+01:00,0.079221
2026-02-22 23:45+01:00,0.102275
2026-02-23 00:00+01:00,0.102082
2026-02-23 00:15+01:00,0.215498
2026-02-23 00:30+01:00,0.168371
2026-02-23 00:45+01:00,0.000000
2026-02-23 01:00+01:00,0.203674
2026-02-23 01:15+01:00,0.192731
2026-02-23 01:30+01:00,0.159082
2026-02-23 01:45+01:00,0.000000
2026-02-23 02:00+01:00,
2026-02-23 02:15+01:00,0.196136
2026-02-23 02:30+01:00,0.234683
2026-02-23 02:45+01:00,0.219337
2026-02-23 03:00+01:00,0.209811
2026-02-23 03:15+01:00,0.182749
2026-02-23 03:30+01:00,0.244380
2026-02-23 03:45+01:00,0.228279
2026-02-23 04:00+01:00,0.228625
2026-02-23 04:15+01:00,0.000000
2026-02-23 04:30+01:00,0.000000
2026-02-23 04:45+01:00,0.202764
2026-02-23 05:00+01:00,0.227830
2026-02-23 05:15+01:00,0.226896
2026-02-23 05:30+01:00,
2026-02-23 05:45+01:00,0.200208
2026-02-23 06:00+01:00,0.183154
2026-02-23 06:15+01:00,0.196605
2026-02-23 06:30+01:00,0.203549
2026-02-23 06:45+01:00,0.239829
2026-02-23 07:00+01:00,8.992979
2026-02-23 07:15+01:00,8.700391
2026-02-23 07:30+01:00,8.597258
2026-02-23 07:45+01:00,9.178642
2026-02-23 08:00+01:00,8.808457
2026-02-23 08:15+01:00,8.925694
2026-02-23 08:30+01:00,8.150012
2026-02-23 08:45+01:00,8.535131
2026-02-23 09:00+01:00,8.817462
2026-02-23 09:15+01:00,8.474715
2026-02-23 09:30+01:00,8.564652
2026-02-23 09:45+01:00,8.896730
2026-02-23 10:00+01:00,8.516448
2026-02-23 10:15+01:00,8.631370
2026-02-23 10:30+01:00,8.291325
2026-02-23 10:45+01:00,8.696115
2026-02-23 11:00+01:00,8.904931
2026-02-23 11:15+01:00,8.822696
2026-02-23 11:30+01:00,8.577216
2026-02-23 11:45+01:00,8.401547
2026-02-23 12:00+01:00,8.616066
2026-02-23 12:15+01:00,8.059527
2026-02-23 12:30+01:00,9.083401
2026-02-23 12:45+01:00,8.238197
2026-02-23 13:00+01:00,9.311872
2026-02-23 13:15+01:00,8.157067
2026-02-23 13:30+01:00,8.752374
2026-02-23 13:45+01:00,8.473583
2026-02-23 14:00+01:00,8.245347
2026-02-23 14:15+01:00,8.402410
2026-02-23 14:30+01:00,8.557182
2026-02-23 14:45+01:00,8.263830
2026-02-23 15:00+01:00,
2026-02-23 15:15+01:00,8.670763
2026-02-23 15:30+01:00,8.465040
2026-02-23 15:45+01:00,8.463948
2026-02-23 16:00+01:00,8.789255
2026-02-23 16:15+01:00,8.743367
2026-02-23 16:30+01:00,8.382961
2026-02-23 16:45+01:00,8.556628
2026-02-23 17:00+01:00,8.359433
2026-02-23 17:15+01:00,9.383189
2026-02-23 17:30+01:00,26.874012
2026-02-23 17:45+01:00,
2026-02-23 18:00+01:00,0.223294
2026-02-23 18:15+01:00,0.191589
2026-02-23 18:30+01:00,0.201973
2026-02-23 18:45+01:00,0.253005
2026-02-23 19:00+01:00,0.186458
2026-02-23 19:15+01:00,0.163985
2026-02-23 19:30+01:00,0.162757
2026-02-23 19:45+01:00,0.198366
2026-02-23 20:00+01:00,0.212235
2026-02-23 20:15+01:00,0.158745
2026-02-23 20:30+01:00,0.230163
2026-02-23 20:45+01:00,0.190500
2026-02-23 21:00+01:00,0.162293
2026-02-23 21:15+01:00,0.178564
2026-02-23 21:30+01:00,0.000000
2026-02-23 21:45+01:00,
2026-02-23 22:00+01:00,0.144329
2026-02-23 22:15+01:00,0.224573
2026-02-23 22:30+01:00,0.277773
2026-02-23 22:45+01:00,0.204476
2026-02-23 23:00+01:00,0.200403
2026-02-23 23:15+01:00,0.193028
2026-02-23 23:30+01:00,0.186267
2026-02-23 23:45+01:00,0.233687
2026-02-24 00:00+01:00,0.180141
2026-02-24 00:15+01:00,0.204083
2026-02-24 00:30+01:00,0.124900
2026-02-24 00:45+01:00,0.216051
2026-02-24 01:00+01:00,0.193604
2026-02-24 01:15+01:00,0.192388
2026-02-24 01:30+01:00,0.225704
2026-02-24 01:45+01:00,0.203976
2026-02-24 02:00+01:00,0.234051
2026-02-24 02:15+01:00,0.220836
2026-02-24 02:30+01:00,0.195417
2026-02-24 02:45+01:00,
2026-02-24 03:00+01:00,0.202851
2026-02-24 03:15+01:00,0.195422
2026-02-24 03:30+01:00,0.221155
2026-02-24 03:45+01:00,0.225769
2026-02-24 04:00+01:00,0.237737
2026-02-24 04:15+01:00,0.185995
2026-02-24 04:30+01:00,0.203329
2026-02-24 04:45+01:00,0.218028
2026-02-24 05:00+01:00,0.229568
2026-02-24 05:15+01:00,0.176010
2026-02-24 05:30+01:00,
2026-02-24 05:45+01:00,0.230047
2026-02-24 06:00+01:00,
2026-02-24 06:15+01:00,0.193375
2026-02-24 06:30+01:00,0.205730
2026-02-24 06:45+01:00,0.000000
2026-02-24 07:00+01:00,8.244793
2026-02-24 07:15+01:00,8.961592
2026-02-24 07:30+01:00,8.857438
2026-02-24 07:45+01:00,7.913215
2026-02-24 08:00+01:00,8.805906
2026-02-24 08:15+01:00,8.416816
2026-02-24 08:30+01:00,
2026-02-24 08:45+01:00,8.807295
2026-02-24 09:00+01:00,8.298561
2026-02-24 09:15+01:00,8.677387
2026-02-24 09:30+01:00,8.472441
2026-02-24 09:45+01:00,8.771063
2026-02-24 10:00+01:00,
2026-02-24 10:15+01:00,8.403975
2026-02-24 10:30+01:00,8.725203
2026-02-24 10:45+01:00,9.120444
2026-02-24 11:00+01:00,8.876969
2026-02-24 11:15+01:00,8.594617
2026-02-24 11:30+01:00,8.095074
2026-02-24 11:45+01:00,8.726517
2026-02-24 12:00+01:00,8.799832
2026-02-24 12:15+01:00,8.150161
2026-02-24 12:30+01:00,8.454811
2026-02-24 12:45+01:00,8.629605
2026-02-24 13:00+01:00,
2026-02-24 13:15+01:00,8.984703
2026-02-24 13:30+01:00,8.561233
2026-02-24 13:45+01:00,8.629936
2026-02-24 14:00+01:00,8.188411
2026-02-24 14:15+01:00,8.417541
2026-02-24 14:30+01:00,8.433280
2026-02-24 14:45+01:00,8.250941
2026-02-24 15:00+01:00,8.156376
2026-02-24 15:15+01:00,9.099190
2026-02-24 15:30+01:00,8.303531
2026-02-24 15:45+01:00,8.855601
2026-02-24 16:00+01:00,8.236428
2026-02-24 16:15+01:00,8.642648
2026-02-24 16:30+01:00,8.839388
2026-02-24 16:45+01:00,8.846136
2026-02-24 17:00+01:00,8.651607
2026-02-24 17:15+01:00,8.358807
2026-02-24 17:30+01:00,8.611372
2026-02-24 17:45+01:00,8.028207
2026-02-24 18:00+01:00,0.235548
2026-02-24 18:15+01:00,0.190703
2026-02-24 18:30+01:00,0.204567
2026-02-24 18:45+01:00,0.220738
2026-02-24 19:00+01:00,0.207827
2026-02-24 19:15+01:00,0.205727
2026-02-24 19:30+01:00,0.187969
2026-02-24 19:45+01:00,0.200830
2026-02-24 20:00+01:00,0.176352
2026-02-24 20:15+01:00,0.209537
2026-02-24 20:30+01:00,0.190601
2026-02-24 20:45+01:00,0.196071
2026-02-24 21:00+01:00,0.197301
2026-02-24 21:15+01:00,0.163090
2026-02-24 21:30+01:00,0.175383
2026-02-24 21:45+01:00,0.183717
2026-02-24 22:00+01:00,
2026-02-24 22:15+01:00,
2026-02-24 22:30+01:00,0.184084
2026-02-24 22:45+01:00,0.183347
2026-02-24 23:00+01:00,0.204792
2026-02-24 23:15+01:00,0.192313
2026-02-24 23:30+01:00,0.199912
2026-02-24 23:45+01:00,0.165877
2026-02-25 00:00+01:00,0.219051
2026-02-25 00:15+01:00,0.202665
2026-02-25 00:30+01:00,0.177066
2026-02-25 00:45+01:00,0.185847
2026-02-25 01:00+01:00,0.000000
2026-02-25 01:15+01:00,
2026-02-25 01:30+01:00,0.214476
2026-02-25 01:45+01:00,0.191786
2026-02-25 02:00+01:00,0.169485
2026-02-25 02:15+01:00,0.199551
2026-02-25 02:30+01:00,0.232999
2026-02-25 02:45+01:00,0.236855
2026-02-25 03:00+01:00,0.216811
2026-02-25 03:15+01:00,0.219120
2026-02-25 03:30+01:00,0.244437
2026-02-25 03:45+01:00,0.225491
2026-02-25 04:00+01:00,0.199562
2026-02-25 04:15+01:00,0.212634
2026-02-25 04:30+01:00,0.203891
2026-02-25 04:45+01:00,0.187727
2026-02-25 05:00+01:00,0.000000
2026-02-25 05:15+01:00,0.212033
2026-02-25 05:30+01:00,
2026-02-25 05:45+01:00,0.241887
2026-02-25 06:00+01:00,0.225386
2026-02-25 06:15+01:00,0.000000
2026-02-25 06:30+01:00,0.226907
2026-02-25 06:45+01:00,0.216159
2026-02-25 07:00+01:00,8.368364
2026-02-25 07:15+01:00,8.576412
2026-02-25 07:30+01:00,8.827592
2026-02-25 07:45+01:00,8.440840
2026-02-25 08:00+01:00,8.347107
2026-02-25 08:15+01:00,8.695171
2026-02-25 08:30+01:00,8.440731
2026-02-25 08:45+01:00,
2026-02-25 09:00+01:00,8.622551
2026-02-25 09:15+01:00,9.129072
2026-02-25 09:30+01:00,8.576373
2026-02-25 09:45+01:00,8.360985
2026-02-25 10:00+01:00,8.017273
2026-02-25 10:15+01:00,8.223355
2026-02-25 10:30+01:00,8.178436
2026-02-25 10:45+01:00,8.373698
2026-02-25 11:00+01:00,8.157948
2026-02-25 11:15+01:00,9.061531
2026-02-25 11:30+01:00,8.770924
2026-02-25 11:45+01:00,8.882012
2026-02-25 12:00+01:00,8.475387
2026-02-25 12:15+01:00,8.786026
2026-02-25 12:30+01:00,8.146479
2026-02-25 12:45+01:00,8.931799
2026-02-25 13:00+01:00,8.578296
2026-02-25 13:15+01:00,7.789713
2026-02-25 13:30+01:00,8.702675
2026-02-25 13:45+01:00,8.326077
2026-02-25 14:00+01:00,8.295122
2026-02-25 14:15+01:00,8.817760
2026-02-25 14:30+01:00,8.659225
2026-02-25 14:45+01:00,8.921214
2026-02-25 15:00+01:00,8.666972
2026-02-25 15:15+01:00,8.534901
2026-02-25 15:30+01:00,8.367323
2026-02-25 15:45+01:00,8.723047
2026-02-25 16:00+01:00,8.706690
2026-02-25 16:15+01:00,8.531996
2026-02-25 16:30+01:00,8.464523
2026-02-25 16:45+01:00,8.422859
2026-02-25 17:00+01:00,8.648236
2026-02-25 17:15+01:00,8.052428
2026-02-25 17:30+01:00,8.979536
2026-02-25 17:45+01:00,8.613557
2026-02-25 18:00+01:00,0.229550
2026-02-25 18:15+01:00,0.206324
2026-02-25 18:30+01:00,0.221162
2026-02-25 18:45+01:00,0.201513
2026-02-25 19:00+01:00,0.169209
2026-02-25 19:15+01:00,0.244213
2026-02-25 19:30+01:00,0.195129
2026-02-25 19:45+01:00,0.236337
2026-02-25 20:00+01:00,0.170352
2026-02-25 20:15+01:00,0.210131
2026-02-25 20:30+01:00,0.217745
2026-02-25 20:45+01:00,0.200934
2026-02-25 21:00+01:00,0.274709
2026-02-25 21:15+01:00,0.246686
2026-02-25 21:30+01:00,0.234692
2026-02-25 21:45+01:00,0.171075
2026-02-25 22:00+01:00,0.237889
2026-02-25 22:15+01:00,0.000000
2026-02-25 22:30+01:00,0.213589
2026-02-25 22:45+01:00,0.230093
2026-02-25 23:00+01:00,0.000000
2026-02-25 23:15+01:00,0.211450
2026-02-25 23:30+01:00,0.000000
2026-02-25 23:45+01:00,0.172148
2026-02-26 00:00+01:00,0.218050
2026-02-26 00:15+01:00,0.214451
2026-02-26 00:30+01:00,0.214082
2026-02-26 00:45+01:00,0.177318
2026-02-26 01:00+01:00,0.197524
2026-02-26 01:15+01:00,0.194771
2026-02-26 01:30+01:00,0.217381
2026-02-26 01:45+01:00,0.154525
2026-02-26 02:00+01:00,0.219210
2026-02-26 02:15+01:00,0.226688
2026-02-26 02:30+01:00,0.195554
2026-02-26 02:45+01:00,0.220022
2026-02-26 03:00+01:00,0.169057
2026-02-26 03:15+01:00,
2026-02-26 03:30+01:00,0.222628
2026-02-26 03:45+01:00,0.238575
2026-02-26 04:00+01:00,0.224221
2026-02-26 04:15+01:00,0.252962
2026-02-26 04:30+01:00,0.203980
2026-02-26 04:45+01:00,0.199902
2026-02-26 05:00+01:00,0.179516
2026-02-26 05:15+01:00,0.188883
2026-02-26 05:30+01:00,0.203698
2026-02-26 05:45+01:00,
2026-02-26 06:00+01:00,0.199350
2026-02-26 06:15+01:00,0.222190
2026-02-26 06:30+01:00,0.258014
2026-02-26 06:45+01:00,0.229209
2026-02-26 07:00+01:00,8.644504
2026-02-26 07:15+01:00,9.078911
2026-02-26 07:30+01:00,8.545815
2026-02-26 07:45+01:00,8.569795
2026-02-26 08:00+01:00,8.048692
2026-02-26 08:15+01:00,7.730207
2026-02-26 08:30+01:00,8.729557
2026-02-26 08:45+01:00,
2026-02-26 09:00+01:00,8.642550
2026-02-26 09:15+01:00,8.598231
2026-02-26 09:30+01:00,8.574012
2026-02-26 09:45+01:00,8.538398
2026-02-26 10:00+01:00,7.913454
2026-02-26 10:15+01:00,8.686227
2026-02-26 10:30+01:00,8.047514
2026-02-26 10:45+01:00,7.653792
2026-02-26 11:00+01:00,8.613133
2026-02-26 11:15+01:00,8.482857
2026-02-26 11:30+01:00,8.487455
2026-02-26 11:45+01:00,8.769409
2026-02-26 12:00+01:00,8.465219
2026-02-26 12:15+01:00,8.686996
2026-02-26 12:30+01:00,8.673972
2026-02-26 12:45+01:00,8.387855
2026-02-26 13:00+01:00,8.532181
2026-02-26 13:15+01:00,8.400700
2026-02-26 13:30+01:00,8.869261
2026-02-26 13:45+01:00,8.719477
2026-02-26 14:00+01:00,8.262476
2026-02-26 14:15+01:00,8.243724
2026-02-26 14:30+01:00,8.364023
2026-02-26 14:45+01:00,8.498410
2026-02-26 15:00+01:00,7.852009
2026-02-26 15:15+01:00,9.052641
2026-02-26 15:30+01:00,9.207179
2026-02-26 15:45+01:00,7.935656
2026-02-26 16:00+01:00,8.287310
2026-02-26 16:15+01:00,9.364711
2026-02-26 16:30+01:00,8.431608
2026-02-26 16:45+01:00,8.399035
2026-02-26 17:00+01:00,8.753548
2026-02-26 17:15+01:00,8.099740
2026-02-26 17:30+01:00,8.484555
2026-02-26 17:45+01:00,8.446480
2026-02-26 18:00+01:00,0.202697
2026-02-26 18:15+01:00,0.140187
2026-02-26 18:30+01:00,0.175773
2026-02-26 18:45+01:00,0.187918
2026-02-26 19:00+01:00,0.171820
2026-02-26 19:15+01:00,0.204433
2026-02-26 19:30+01:00,0.199721
2026-02-26 19:45+01:00,0.183306
2026-02-26 20:00+01:00,0.183658
2026-02-26 20:15+01:00,0.192883
2026-02-26 20:30+01:00,0.242450
2026-02-26 20:45+01:00,0.226183
2026-02-26 21:00+01:00,0.233994
2026-02-26 21:15+01:00,0.166749
2026-02-26 21:30+01:00,0.205958
2026-02-26 21:45+01:00,0.179536
2026-02-26 22:00+01:00,0.211697
2026-02-26 22:15+01:00,0.237482
2026-02-26 22:30+01:00,0.199999
2026-02-26 22:45+01:00,0.251512
2026-02-26 23:00+01:00,0.212029
2026-02-26 23:15+01:00,0.175947
2026-02-26 23:30+01:00,0.161587
2026-02-26 23:45+01:00,0.185256
2026-02-27 00:00+01:00,0.187086
2026-02-27 00:15+01:00,0.220063
2026-02-27 00:30+01:00,0.224105
2026-02-27 00:45+01:00,0.233681
2026-02-27 01:00+01:00,0.166198
2026-02-27 01:15+01:00,0.235743
2026-02-27 01:30+01:00,0.233071
2026-02-27 01:45+01:00,0.163154
2026-02-27 02:00+01:00,0.212078
2026-02-27 02:15+01:00,0.216631
2026-02-27 02:30+01:00,0.206577
2026-02-27 02:45+01:00,0.196455
2026-02-27 03:00+01:00,
2026-02-27 03:15+01:00,0.217192
2026-02-27 03:30+01:00,0.222996
2026-02-27 03:45+01:00,0.216735
2026-02-27 04:00+01:00,0.249054
2026-02-27 04:15+01:00,0.228037
2026-02-27 04:30+01:00,0.211036
2026-02-27 04:45+01:00,0.167187
2026-02-27 05:00+01:00,0.228591
2026-02-27 05:15+01:00,0.216160
2026-02-27 05:30+01:00,0.195215
2026-02-27 05:45+01:00,0.192021
2026-02-27 06:00+01:00,0.202865
2026-02-27 06:15+01:00,0.219416
2026-02-27 06:30+01:00,0.176940
2026-02-27 06:45+01:00,0.174879
2026-02-27 07:00+01:00,8.175541
2026-02-27 07:15+01:00,7.974875
2026-02-27 07:30+01:00,8.835076
2026-02-27 07:45+01:00,8.664676
2026-02-27 08:00+01:00,7.730582
2026-02-27 08:15+01:00,8.523765
2026-02-27 08:30+01:00,8.545245
2026-02-27 08:45+01:00,8.864121
2026-02-27 09:00+01:00,8.826635
2026-02-27 09:15+01:00,8.862281
2026-02-27 09:30+01:00,8.603574
2026-02-27 09:45+01:00,8.769322
2026-02-27 10:00+01:00,8.647139
2026-02-27 10:15+01:00,8.819996
2026-02-27 10:30+01:00,8.415681
2026-02-27 10:45+01:00,8.575303
2026-02-27 11:00+01:00,8.170386
2026-02-27 11:15+01:00,8.607597
2026-02-27 11:30+01:00,8.567616
2026-02-27 11:45+01:00,8.182731
2026-02-27 12:00+01:00,7.800274
2026-02-27 12:15+01:00,8.149789
2026-02-27 12:30+01:00,8.185370
2026-02-27 12:45+01:00,8.756726
2026-02-27 13:00+01:00,8.736074
2026-02-27 13:15+01:00,8.527218
2026-02-27 13:30+01:00,8.118948
2026-02-27 13:45+01:00,8.536091
2026-02-27 14:00+01:00,8.876374
2026-02-27 14:15+01:00,8.480094
2026-02-27 14:30+01:00,8.701603
2026-02-27 14:45+01:00,
2026-02-27 15:00+01:00,8.598149
2026-02-27 15:15+01:00,8.526378
2026-02-27 15:30+01:00,8.743806
2026-02-27 15:45+01:00,8.369209
2026-02-27 16:00+01:00,8.880396
2026-02-27 16:15+01:00,8.431852
2026-02-27 16:30+01:00,8.337923
2026-02-27 16:45+01:00,8.476825
2026-02-27 17:00+01:00,9.032602
2026-02-27 17:15+01:00,8.543635
2026-02-27 17:30+01:00,8.765534
2026-02-27 17:45+01:00,9.108549
2026-02-27 18:00+01:00,0.207415
2026-02-27 18:15+01:00,0.219897
2026-02-27 18:30+01:00,
2026-02-27 18:45+01:00,0.203969
2026-02-27 19:00+01:00,0.199573
2026-02-27 19:15+01:00,0.194058
2026-02-27 19:30+01:00,0.200140
2026-02-27 19:45+01:00,0.192008
2026-02-27 20:00+01:00,0.195630
2026-02-27 20:15+01:00,0.219323
2026-02-27 20:30+01:00,0.196986
2026-02-27 20:45+01:00,0.220015
2026-02-27 21:00+01:00,0.167302
2026-02-27 21:15+01:00,0.000000
2026-02-27 21:30+01:00,0.198729
2026-02-27 21:45+01:00,0.168990
2026-02-27 22:00+01:00,0.229858
2026-02-27 22:15+01:00,0.188305
2026-02-27 22:30+01:00,0.175771
2026-02-27 22:45+01:00,0.203506
2026-02-27 23:00+01:00,0.215030
2026-02-27 23:15+01:00,0.240215
2026-02-27 23:30+01:00,0.216170
2026-02-27 23:45+01:00,0.230982
2026-02-28 00:00+01:00,0.213939
2026-02-28 00:15+01:00,0.093654
2026-02-28 00:30+01:00,0.090975
2026-02-28 00:45+01:00,0.091846
2026-02-28 01:00+01:00,0.278978
2026-02-28 01:15+01:00,0.000000
2026-02-28 01:30+01:00,0.103080
2026-02-28 01:45+01:00,0.094049
2026-02-28 02:00+01:00,0.080563
2026-02-28 02:15+01:00,0.000000
2026-02-28 02:30+01:00,0.082001
2026-02-28 02:45+01:00,0.087471
2026-02-28 03:00+01:00,0.104125
2026-02-28 03:15+01:00,
2026-02-28 03:30+01:00,0.080251
2026-02-28 03:45+01:00,0.087659
2026-02-28 04:00+01:00,
2026-02-28 04:15+01:00,0.086837
2026-02-28 04:30+01:00,0.068980
2026-02-28 04:45+01:00,0.102206
2026-02-28 05:00+01:00,0.079679
2026-02-28 05:15+01:00,0.100173
2026-02-28 05:30+01:00,0.074987
2026-02-28 05:45+01:00,0.094830
2026-02-28 06:00+01:00,0.091069
2026-02-28 06:15+01:00,0.083712
2026-02-28 06:30+01:00,0.079690
2026-02-28 06:45+01:00,0.086405
2026-02-28 07:00+01:00,0.097598
2026-02-28 07:15+01:00,0.092205
2026-02-28 07:30+01:00,0.083961
2026-02-28 07:45+01:00,0.099409
2026-02-28 08:00+01:00,0.088014
2026-02-28 08:15+01:00,0.088738
2026-02-28 08:30+01:00,0.090899
2026-02-28 08:45+01:00,0.100233
2026-02-28 09:00+01:00,0.087142
2026-02-28 09:15+01:00,0.092393
2026-02-28 09:30+01:00,0.112379
2026-02-28 09:45+01:00,0.097679
2026-02-28 10:00+01:00,0.090530
2026-02-28 10:15+01:00,0.096537
2026-02-28 10:30+01:00,0.074236
2026-02-28 10:45+01:00,0.071587
2026-02-28 11:00+01:00,0.089542
2026-02-28 11:15+01:00,0.089161
2026-02-28 11:30+01:00,0.102770
2026-02-28 11:45+01:00,0.090258
2026-02-28 12:00+01:00,0.105462
2026-02-28 12:15+01:00,0.096113
2026-02-28 12:30+01:00,
2026-02-28 12:45+01:00,0.099193
2026-02-28 13:00+01:00,0.072335
2026-02-28 13:15+01:00,0.113020
2026-02-28 13:30+01:00,0.091573
2026-02-28 13:45+01:00,0.115051
2026-02-28 14:00+01:00,0.110932
2026-02-28 14:15+01:00,0.000000
2026-02-28 14:30+01:00,0.091476
2026-02-28 14:45+01:00,0.121521
2026-02-28 15:00+01:00,0.000000
2026-02-28 15:15+01:00,0.100459
2026-02-28 15:30+01:00,0.080868
2026-02-28 15:45+01:00,0.082894
2026-02-28 16:00+01:00,0.000000
2026-02-28 16:15+01:00,0.087683
2026-02-28 16:30+01:00,0.065629
2026-02-28 16:45+01:00,0.000000
2026-02-28 17:00+01:00,0.075806
2026-02-28 17:15+01:00,0.104267
2026-02-28 17:30+01:00,
2026-02-28 17:45+01:00,0.095402
2026-02-28 18:00+01:00,0.069242
2026-02-28 18:15+01:00,0.099970
2026-02-28 18:30+01:00,0.075732
2026-02-28 18:45+01:00,0.090400
2026-02-28 19:00+01:00,0.096892
2026-02-28 19:15+01:00,0.069661
2026-02-28 19:30+01:00,0.068652
2026-02-28 19:45+01:00,0.081165
2026-02-28 20:00+01:00,0.079076
2026-02-28 20:15+01:00,0.102318
2026-02-28 20:30+01:00,0.000000
2026-02-28 20:45+01:00,0.082104
2026-02-28 21:00+01:00,0.088249
2026-02-28 21:15+01:00,0.080063
2026-02-28 21:30+01:00,0.085719
2026-02-28 21:45+01:00,0.104191
2026-02-28 22:00+01:00,0.095626
2026-02-28 22:15+01:00,0.000000
2026-02-28 22:30+01:00,
2026-02-28 22:45+01:00,0.088674
2026-02-28 23:00+01:00,0.112190
2026-02-28 23:15+01:00,0.000000
2026-02-28 23:30+01:00,0.000000
2026-02-28 23:45+01:00,0.096208
2026-03-01 00:00+01:00,0.093333
2026-03-01 00:15+01:00,0.097546
2026-03-01 00:30+01:00,0.089052
2026-03-01 00:45+01:00,0.093798
2026-03-01 01:00+01:00,0.091116
2026-03-01 01:15+01:00,0.097290
2026-03-01 01:30+01:00,0.096833
2026-03-01 01:45+01:00,0.081322
2026-03-01 02:00+01:00,0.092985
2026-03-01 02:15+01:00,0.085445
2026-03-01 02:30+01:00,0.099205
2026-03-01 02:45+01:00,0.093901
2026-03-01 03:00+01:00,0.091111
2026-03-01 03:15+01:00,0.107439
2026-03-01 03:30+01:00,0.108466
2026-03-01 03:45+01:00,0.086690
2026-03-01 04:00+01:00,0.096737
2026-03-01 04:15+01:00,0.080394
2026-03-01 04:30+01:00,0.091512
2026-03-01 04:45+01:00,
2026-03-01 05:00+01:00,0.076608
2026-03-01 05:15+01:00,0.000000
2026-03-01 05:30+01:00,0.093405
2026-03-01 05:45+01:00,0.096275
2026-03-01 06:00+01:00,0.092242
2026-03-01 06:15+01:00,0.113872
2026-03-01 06:30+01:00,0.101171
2026-03-01 06:45+01:00,0.083852
2026-03-01 07:00+01:00,0.097975
2026-03-01 07:15+01:00,0.097057
2026-03-01 07:30+01:00,0.095919
2026-03-01 07:45+01:00,0.089235
2026-03-01 08:00+01:00,0.100608
2026-03-01 08:15+01:00,0.083501
2026-03-01 08:30+01:00,0.101241
2026-03-01 08:45+01:00,0.078661
2026-03-01 09:00+01:00,0.091110
2026-03-01 09:15+01:00,0.118724
2026-03-01 09:30+01:00,0.075137
2026-03-01 09:45+01:00,0.091145
2026-03-01 10:00+01:00,
2026-03-01 10:15+01:00,0.097206
2026-03-01 10:30+01:00,0.073355
2026-03-01 10:45+01:00,0.106161
2026-03-01 11:00+01:00,0.101799
2026-03-01 11:15+01:00,0.081744
2026-03-01 11:30+01:00,0.078959
2026-03-01 11:45+01:00,0.098270
2026-03-01 12:00+01:00,0.000000
2026-03-01 12:15+01:00,0.105530
2026-03-01 12:30+01:00,0.075894
2026-03-01 12:45+01:00,
2026-03-01 13:00+01:00,0.108890
2026-03-01 13:15+01:00,0.096157
2026-03-01 13:30+01:00,0.117246
2026-03-01 13:45+01:00,0.102902
2026-03-01 14:00+01:00,0.085402
2026-03-01 14:15+01:00,0.082415
2026-03-01 14:30+01:00,0.108322
2026-03-01 14:45+01:00,0.000000
2026-03-01 15:00+01:00,0.100487
2026-03-01 15:15+01:00,0.107605
2026-03-01 15:30+01:00,0.085850
2026-03-01 15:45+01:00,0.000000
2026-03-01 16:00+01:00,0.097212
2026-03-01 16:15+01:00,0.081236
2026-03-01 16:30+01:00,0.102979
2026-03-01 16:45+01:00,0.101284
2026-03-01 17:00+01:00,
2026-03-01 17:15+01:00,0.086354
2026-03-01 17:30+01:00,0.085487
2026-03-01 17:45+01:00,0.101644
2026-03-01 18:00+01:00,0.000000
2026-03-01 18:15+01:00,0.082843
2026-03-01 18:30+01:00,0.083572
2026-03-01 18:45+01:00,0.087284
2026-03-01 19:00+01:00,0.071604
2026-03-01 19:15+01:00,0.076608
2026-03-01 19:30+01:00,0.000000
2026-03-01 19:45+01:00,0.106866
2026-03-01 20:00+01:00,0.087665
2026-03-01 20:15+01:00,0.110476
2026-03-01 20:30+01:00,0.105860
2026-03-01 20:45+01:00,0.084699
2026-03-01 21:00+01:00,0.081479
2026-03-01 21:15+01:00,0.078118
2026-03-01 21:30+01:00,0.096316
2026-03-01 21:45+01:00,0.082166
2026-03-01 22:00+01:00,0.092118
2026-03-01 22:15+01:00,0.090556
2026-03-01 22:30+01:00,0.080023
2026-03-01 22:45+01:00,0.108446
2026-03-01 23:00+01:00,0.106366
2026-03-01 23:15+01:00,0.105477
2026-03-01 23:30+01:00,0.084253
2026-03-01 23:45+01:00,0.108116
2026-03-02 00:00+01:00,0.104856
2026-03-02 00:15+01:00,
2026-03-02 00:30+01:00,0.204325
2026-03-02 00:45+01:00,0.216425
2026-03-02 01:00+01:00,0.226846
2026-03-02 01:15+01:00,0.212807
2026-03-02 01:30+01:00,0.182480
2026-03-02 01:45+01:00,0.195829
2026-03-02 02:00+01:00,0.221183
2026-03-02 02:15+01:00,0.218183
2026-03-02 02:30+01:00,0.188276
2026-03-02 02:45+01:00,0.233586
2026-03-02 03:00+01:00,0.206192
2026-03-02 03:15+01:00,0.202810
2026-03-02 03:30+01:00,0.241036
2026-03-02 03:45+01:00,0.184167
2026-03-02 04:00+01:00,0.167431
2026-03-02 04:15+01:00,0.189353
2026-03-02 04:30+01:00,0.216423
2026-03-02 04:45+01:00,0.200018
2026-03-02 05:00+01:00,0.177718
2026-03-02 05:15+01:00,0.228687
2026-03-02 05:30+01:00,0.000000
2026-03-02 05:45+01:00,0.148865
2026-03-02 06:00+01:00,
2026-03-02 06:15+01:00,0.193673
2026-03-02 06:30+01:00,0.201883
2026-03-02 06:45+01:00,0.198511
2026-03-02 07:00+01:00,8.523386
2026-03-02 07:15+01:00,64.810420
2026-03-02 07:30+01:00,64.645791
2026-03-02 07:45+01:00,8.332791
2026-03-02 08:00+01:00,8.801042
2026-03-02 08:15+01:00,8.641387
2026-03-02 08:30+01:00,8.949019
2026-03-02 08:45+01:00,8.873086
2026-03-02 09:00+01:00,8.227864
2026-03-02 09:15+01:00,8.705877
2026-03-02 09:30+01:00,8.518226
2026-03-02 09:45+01:00,8.153421
2026-03-02 10:00+01:00,7.828206
2026-03-02 10:15+01:00,8.657672
2026-03-02 10:30+01:00,9.048452
2026-03-02 10:45+01:00,8.628002
2026-03-02 11:00+01:00,8.921751
2026-03-02 11:15+01:00,9.075850
2026-03-02 11:30+01:00,8.771721
2026-03-02 11:45+01:00,8.668594
2026-03-02 12:00+01:00,8.663365
2026-03-02 12:15+01:00,8.613474
2026-03-02 12:30+01:00,
2026-03-02 12:45+01:00,8.928393
2026-03-02 13:00+01:00,8.329393
2026-03-02 13:15+01:00,8.989284
2026-03-02 13:30+01:00,8.469608
2026-03-02 13:45+01:00,8.892823
2026-03-02 14:00+01:00,8.382080
2026-03-02 14:15+01:00,8.439241
2026-03-02 14:30+01:00,
2026-03-02 14:45+01:00,8.660788
2026-03-02 15:00+01:00,8.268382
2026-03-02 15:15+01:00,7.808689
2026-03-02 15:30+01:00,8.494721
2026-03-02 15:45+01:00,8.402466
2026-03-02 16:00+01:00,9.215835
2026-03-02 16:15+01:00,8.842787
2026-03-02 16:30+01:00,8.531411
2026-03-02 16:45+01:00,8.807082
2026-03-02 17:00+01:00,8.483211
2026-03-02 17:15+01:00,8.367749
2026-03-02 17:30+01:00,8.187704
2026-03-02 17:45+01:00,8.292780
2026-03-02 18:00+01:00,
2026-03-02 18:15+01:00,0.230887
2026-03-02 18:30+01:00,0.233371
2026-03-02 18:45+01:00,0.177861
2026-03-02 19:00+01:00,0.196100
2026-03-02 19:15+01:00,0.200829
2026-03-02 19:30+01:00,0.213455
2026-03-02 19:45+01:00,0.194485
2026-03-02 20:00+01:00,0.212446
2026-03-02 20:15+01:00,0.171844
2026-03-02 20:30+01:00,0.212764
2026-03-02 20:45+01:00,0.206335
2026-03-02 21:00+01:00,0.000000
2026-03-02 21:15+01:00,0.202388
2026-03-02 21:30+01:00,0.165337
2026-03-02 21:45+01:00,0.202034
2026-03-02 22:00+01:00,0.202904
2026-03-02 22:15+01:00,0.216854
2026-03-02 22:30+01:00,0.181363
2026-03-02 22:45+01:00,0.209537
2026-03-02 23:00+01:00,0.172825
2026-03-02 23:15+01:00,0.216370
2026-03-02 23:30+01:00,0.188514
2026-03-02 23:45+01:00,0.238641
2026-03-03 00:00+01:00,0.210805
2026-03-03 00:15+01:00,0.186559
2026-03-03 00:30+01:00,0.207046
2026-03-03 00:45+01:00,0.239452
2026-03-03 01:00+01:00,0.212918
2026-03-03 01:15+01:00,
2026-03-03 01:30+01:00,0.224098
2026-03-03 01:45+01:00,0.177461
2026-03-03 02:00+01:00,0.207176
2026-03-03 02:15+01:00,0.272068
2026-03-03 02:30+01:00,0.190618
2026-03-03 02:45+01:00,0.233527
2026-03-03 03:00+01:00,0.238287
2026-03-03 03:15+01:00,0.222512
2026-03-03 03:30+01:00,0.244774
2026-03-03 03:45+01:00,0.888074
2026-03-03 04:00+01:00,0.227171
2026-03-03 04:15+01:00,0.183901
2026-03-03 04:30+01:00,0.193418
2026-03-03 04:45+01:00,0.209572
2026-03-03 05:00+01:00,0.187200
2026-03-03 05:15+01:00,0.166202
2026-03-03 05:30+01:00,0.221079
2026-03-03 05:45+01:00,0.186416
2026-03-03 06:00+01:00,0.197975
2026-03-03 06:15+01:00,0.216041
2026-03-03 06:30+01:00,0.227707
2026-03-03 06:45+01:00,0.192984
2026-03-03 07:00+01:00,8.519338
2026-03-03 07:15+01:00,8.508738
2026-03-03 07:30+01:00,8.424828
2026-03-03 07:45+01:00,8.873182
2026-03-03 08:00+01:00,8.870375
2026-03-03 08:15+01:00,8.581456
2026-03-03 08:30+01:00,8.700328
2026-03-03 08:45+01:00,8.895201
2026-03-03 09:00+01:00,8.291605
2026-03-03 09:15+01:00,8.951219
2026-03-03 09:30+01:00,8.300911
2026-03-03 09:45+01:00,8.178105
2026-03-03 10:00+01:00,8.234990
2026-03-03 10:15+01:00,9.327637
2026-03-03 10:30+01:00,8.658234
2026-03-03 10:45+01:00,8.412094
2026-03-03 11:00+01:00,8.422501
2026-03-03 11:15+01:00,8.927572
2026-03-03 11:30+01:00,8.521018
2026-03-03 11:45+01:00,8.759032
2026-03-03 12:00+01:00,
2026-03-03 12:15+01:00,8.420839
2026-03-03 12:30+01:00,8.399013
2026-03-03 12:45+01:00,8.400835
2026-03-03 13:00+01:00,8.517003
2026-03-03 13:15+01:00,8.729883
2026-03-03 13:30+01:00,9.207676
2026-03-03 13:45+01:00,8.741120
2026-03-03 14:00+01:00,8.451864
2026-03-03 14:15+01:00,8.696572
2026-03-03 14:30+01:00,8.326304
2026-03-03 14:45+01:00,8.742566
2026-03-03 15:00+01:00,8.548503
2026-03-03 15:15+01:00,8.676433
2026-03-03 15:30+01:00,8.014306
2026-03-03 15:45+01:00,8.637758
2026-03-03 16:00+01:00,8.879703
2026-03-03 16:15+01:00,8.736656
2026-03-03 16:30+01:00,
2026-03-03 16:45+01:00,9.152222
2026-03-03 17:00+01:00,8.312390
2026-03-03 17:15+01:00,8.660850
2026-03-03 17:30+01:00,8.026728
2026-03-03 17:45+01:00,8.992599
2026-03-03 18:00+01:00,0.176265
2026-03-03 18:15+01:00,0.185435
2026-03-03 18:30+01:00,0.213856
2026-03-03 18:45+01:00,0.205329
2026-03-03 19:00+01:00,0.191049
2026-03-03 19:15+01:00,0.200395
2026-03-03 19:30+01:00,0.198916
2026-03-03 19:45+01:00,0.179304
2026-03-03 20:00+01:00,0.189662
2026-03-03 20:15+01:00,0.215006
2026-03-03 20:30+01:00,0.200627
2026-03-03 20:45+01:00,0.210745
2026-03-03 21:00+01:00,0.220409
2026-03-03 21:15+01:00,0.189634
2026-03-03 21:30+01:00,0.230899
2026-03-03 21:45+01:00,0.214530
2026-03-03 22:00+01:00,0.244087
2026-03-03 22:15+01:00,0.187171
2026-03-03 22:30+01:00,0.245596
2026-03-03 22:45+01:00,0.000000
2026-03-03 23:00+01:00,0.165769
2026-03-03 23:15+01:00,
2026-03-03 23:30+01:00,0.253648
2026-03-03 23:45+01:00,0.214668
2026-03-04 00:00+01:00,0.190699
2026-03-04 00:15+01:00,0.197573
2026-03-04 00:30+01:00,0.202167
2026-03-04 00:45+01:00,0.207097
2026-03-04 01:00+01:00,
2026-03-04 01:15+01:00,0.195132
2026-03-04 01:30+01:00,0.182017
2026-03-04 01:45+01:00,0.210673
2026-03-04 02:00+01:00,0.180981
2026-03-04 02:15+01:00,0.207411
2026-03-04 02:30+01:00,0.190989
2026-03-04 02:45+01:00,0.194849
2026-03-04 03:00+01:00,0.224604
2026-03-04 03:15+01:00,0.184627
2026-03-04 03:30+01:00,0.220722
2026-03-04 03:45+01:00,0.197299
2026-03-04 04:00+01:00,0.187671
2026-03-04 04:15+01:00,0.167617
2026-03-04 04:30+01:00,
2026-03-04 04:45+01:00,0.186974
2026-03-04 05:00+01:00,0.221380
2026-03-04 05:15+01:00,0.225969
2026-03-04 05:30+01:00,0.244842
2026-03-04 05:45+01:00,0.203954
2026-03-04 06:00+01:00,0.146215
2026-03-04 06:15+01:00,0.258211
2026-03-04 06:30+01:00,0.196999
2026-03-04 06:45+01:00,0.158044
2026-03-04 07:00+01:00,8.236209
2026-03-04 07:15+01:00,8.616423
2026-03-04 07:30+01:00,8.600212
2026-03-04 07:45+01:00,8.487751
2026-03-04 08:00+01:00,8.363998
2026-03-04 08:15+01:00,9.266939
2026-03-04 08:30+01:00,8.520092
2026-03-04 08:45+01:00,7.826152
2026-03-04 09:00+01:00,8.304710
2026-03-04 09:15+01:00,8.434904
2026-03-04 09:30+01:00,
2026-03-04 09:45+01:00,8.453074
2026-03-04 10:00+01:00,8.510043
2026-03-04 10:15+01:00,9.037508
2026-03-04 10:30+01:00,8.669914
2026-03-04 10:45+01:00,9.101143
2026-03-04 11:00+01:00,8.324145
2026-03-04 11:15+01:00,8.157145
2026-03-04 11:30+01:00,8.566098
2026-03-04 11:45+01:00,8.907983
2026-03-04 12:00+01:00,8.115966
2026-03-04 12:15+01:00,8.193454
2026-03-04 12:30+01:00,8.889098
2026-03-04 12:45+01:00,7.893547
2026-03-04 13:00+01:00,8.592993
2026-03-04 13:15+01:00,8.213833
2026-03-04 13:30+01:00,9.294197
2026-03-04 13:45+01:00,8.500951
2026-03-04 14:00+01:00,8.327488
2026-03-04 14:15+01:00,8.036835
2026-03-04 14:30+01:00,8.552936
2026-03-04 14:45+01:00,8.616227
2026-03-04 15:00+01:00,8.689071
2026-03-04 15:15+01:00,8.660674
2026-03-04 15:30+01:00,8.202818
2026-03-04 15:45+01:00,8.104594
2026-03-04 16:00+01:00,9.221706
2026-03-04 16:15+01:00,8.823249
2026-03-04 16:30+01:00,9.096929
2026-03-04 16:45+01:00,8.508053
2026-03-04 17:00+01:00,9.127976
2026-03-04 17:15+01:00,8.740618
2026-03-04 17:30+01:00,8.622851
2026-03-04 17:45+01:00,8.486674
2026-03-04 18:00+01:00,0.112299
2026-03-04 18:15+01:00,0.166474
2026-03-04 18:30+01:00,0.236812
2026-03-04 18:45+01:00,0.214530
2026-03-04 19:00+01:00,0.219019
2026-03-04 19:15+01:00,0.226080
2026-03-04 19:30+01:00,0.204926
2026-03-04 19:45+01:00,0.179501
2026-03-04 20:00+01:00,0.194609
2026-03-04 20:15+01:00,0.229834
2026-03-04 20:30+01:00,0.194634
2026-03-04 20:45+01:00,0.194566
2026-03-04 21:00+01:00,0.210399
2026-03-04 21:15+01:00,0.238145
2026-03-04 21:30+01:00,0.222000
2026-03-04 21:45+01:00,0.189408
2026-03-04 22:00+01:00,0.231157
2026-03-04 22:15+01:00,0.196606
2026-03-04 22:30+01:00,0.206152
2026-03-04 22:45+01:00,0.203590
2026-03-04 23:00+01:00,0.183916
2026-03-04 23:15+01:00,0.201895
2026-03-04 23:30+01:00,0.149264
2026-03-04 23:45+01:00,0.264724
2026-03-05 00:00+01:00,0.000000
2026-03-05 00:15+01:00,0.000000
2026-03-05 00:30+01:00,0.237009
2026-03-05 00:45+01:00,0.219367
2026-03-05 01:00+01:00,0.209454
2026-03-05 01:15+01:00,0.217498
2026-03-05 01:30+01:00,0.203473
2026-03-05 01:45+01:00,0.187205
2026-03-05 02:00+01:00,0.192697
2026-03-05 02:15+01:00,
2026-03-05 02:30+01:00,
2026-03-05 02:45+01:00,0.179054
2026-03-05 03:00+01:00,0.182502
2026-03-05 03:15+01:00,0.147347
2026-03-05 03:30+01:00,0.231957
2026-03-05 03:45+01:00,0.219739
2026-03-05 04:00+01:00,
2026-03-05 04:15+01:00,0.221832
2026-03-05 04:30+01:00,0.184798
2026-03-05 04:45+01:00,0.179450
2026-03-05 05:00+01:00,0.152000
2026-03-05 05:15+01:00,0.204134
2026-03-05 05:30+01:00,0.205482
2026-03-05 05:45+01:00,0.000000
2026-03-05 06:00+01:00,0.215569
2026-03-05 06:15+01:00,0.217963
2026-03-05 06:30+01:00,0.270772
2026-03-05 06:45+01:00,0.204722
2026-03-05 07:00+01:00,8.985875
2026-03-05 07:15+01:00,8.643369
2026-03-05 07:30+01:00,8.260728
2026-03-05 07:45+01:00,8.408038
2026-03-05 08:00+01:00,9.082481
2026-03-05 08:15+01:00,7.999150
2026-03-05 08:30+01:00,9.095788
2026-03-05 08:45+01:00,8.492890
2026-03-05 09:00+01:00,8.303013
2026-03-05 09:15+01:00,8.686013
2026-03-05 09:30+01:00,8.520820
2026-03-05 09:45+01:00,8.232951
2026-03-05 10:00+01:00,8.264139
2026-03-05 10:15+01:00,8.496172
2026-03-05 10:30+01:00,9.061089
2026-03-05 10:45+01:00,8.553813
2026-03-05 11:00+01:00,
2026-03-05 11:15+01:00,8.516771
2026-03-05 11:30+01:00,8.516487
2026-03-05 11:45+01:00,7.871301
2026-03-05 12:00+01:00,8.387055
2026-03-05 12:15+01:00,9.246531
2026-03-05 12:30+01:00,9.014855
2026-03-05 12:45+01:00,8.497650
2026-03-05 13:00+01:00,8.357659
2026-03-05 13:15+01:00,8.507469
2026-03-05 13:30+01:00,7.981291
2026-03-05 13:45+01:00,8.171761
2026-03-05 14:00+01:00,8.577749
2026-03-05 14:15+01:00,8.208470
2026-03-05 14:30+01:00,8.013660
2026-03-05 14:45+01:00,8.771245
2026-03-05 15:00+01:00,8.723125
2026-03-05 15:15+01:00,8.483160
2026-03-05 15:30+01:00,8.619568
2026-03-05 15:45+01:00,8.708462
2026-03-05 16:00+01:00,8.466744
2026-03-05 16:15+01:00,8.493339
2026-03-05 16:30+01:00,8.850990
2026-03-05 16:45+01:00,8.745934
2026-03-05 17:00+01:00,8.328131
2026-03-05 17:15+01:00,8.617949
2026-03-05 17:30+01:00,8.524732
2026-03-05 17:45+01:00,8.118733
2026-03-05 18:00+01:00,0.216039
2026-03-05 18:15+01:00,0.156621
2026-03-05 18:30+01:00,0.224185
2026-03-05 18:45+01:00,0.170801
2026-03-05 19:00+01:00,0.250624
2026-03-05 19:15+01:00,0.185586
2026-03-05 19:30+01:00,0.220893
2026-03-05 19:45+01:00,0.202373
2026-03-05 20:00+01:00,0.225520
2026-03-05 20:15+01:00,0.148520
2026-03-05 20:30+01:00,0.241442
2026-03-05 20:45+01:00,0.210886
2026-03-05 21:00+01:00,0.238811
2026-03-05 21:15+01:00,0.180489
2026-03-05 21:30+01:00,0.197942
2026-03-05 21:45+01:00,0.226941
2026-03-05 22:00+01:00,0.227361
2026-03-05 22:15+01:00,0.193219
2026-03-05 22:30+01:00,0.214021
2026-03-05 22:45+01:00,0.234352
2026-03-05 23:00+01:00,0.222878
2026-03-05 23:15+01:00,0.245924
2026-03-05 23:30+01:00,0.222252
2026-03-05 23:45+01:00,0.239657
2026-03-06 00:00+01:00,0.213733
2026-03-06 00:15+01:00,0.203401
2026-03-06 00:30+01:00,0.238631
2026-03-06 00:45+01:00,0.242627
2026-03-06 01:00+01:00,0.193291
2026-03-06 01:15+01:00,0.209985
2026-03-06 01:30+01:00,0.191311
2026-03-06 01:45+01:00,0.169943
2026-03-06 02:00+01:00,0.219593
2026-03-06 02:15+01:00,0.208900
2026-03-06 02:30+01:00,
2026-03-06 02:45+01:00,0.198983
2026-03-06 03:00+01:00,0.154725
2026-03-06 03:15+01:00,0.251129
2026-03-06 03:30+01:00,0.221249
2026-03-06 03:45+01:00,0.170279
2026-03-06 04:00+01:00,0.224016
2026-03-06 04:15+01:00,0.203984
2026-03-06 04:30+01:00,0.215950
2026-03-06 04:45+01:00,0.169413
2026-03-06 05:00+01:00,0.209976
2026-03-06 05:15+01:00,0.213030
2026-03-06 05:30+01:00,0.203969
2026-03-06 05:45+01:00,0.216594
2026-03-06 06:00+01:00,0.212345
2026-03-06 06:15+01:00,0.191455
2026-03-06 06:30+01:00,0.209251
2026-03-06 06:45+01:00,0.170032
2026-03-06 07:00+01:00,8.509804
2026-03-06 07:15+01:00,8.563708
2026-03-06 07:30+01:00,8.071899
2026-03-06 07:45+01:00,8.417324
2026-03-06 08:00+01:00,8.378485
2026-03-06 08:15+01:00,8.630496
2026-03-06 08:30+01:00,8.679063
2026-03-06 08:45+01:00,8.462792
2026-03-06 09:00+01:00,8.829518
2026-03-06 09:15+01:00,
2026-03-06 09:30+01:00,7.619523
2026-03-06 09:45+01:00,
2026-03-06 10:00+01:00,8.824162
2026-03-06 10:15+01:00,8.360285
2026-03-06 10:30+01:00,8.824179
2026-03-06 10:45+01:00,8.260410
2026-03-06 11:00+01:00,8.169320
2026-03-06 11:15+01:00,8.403881
2026-03-06 11:30+01:00,8.407837
2026-03-06 11:45+01:00,8.845523
2026-03-06 12:00+01:00,8.729604
2026-03-06 12:15+01:00,8.228913
2026-03-06 12:30+01:00,8.163991
2026-03-06 12:45+01:00,8.161315
2026-03-06 13:00+01:00,8.049171
2026-03-06 13:15+01:00,8.690940
2026-03-06 13:30+01:00,8.763673
2026-03-06 13:45+01:00,9.185386
2026-03-06 14:00+01:00,8.636193
2026-03-06 14:15+01:00,9.005874
2026-03-06 14:30+01:00,8.807374
2026-03-06 14:45+01:00,8.447922
2026-03-06 15:00+01:00,8.474564
2026-03-06 15:15+01:00,8.258843
2026-03-06 15:30+01:00,8.731875
2026-03-06 15:45+01:00,8.359309
2026-03-06 16:00+01:00,8.743117
2026-03-06 16:15+01:00,
2026-03-06 16:30+01:00,8.155261
2026-03-06 16:45+01:00,8.447970
2026-03-06 17:00+01:00,
2026-03-06 17:15+01:00,8.323911
2026-03-06 17:30+01:00,8.461652
2026-03-06 17:45+01:00,8.753092
2026-03-06 18:00+01:00,0.243386
2026-03-06 18:15+01:00,0.221565
2026-03-06 18:30+01:00,0.233163
2026-03-06 18:45+01:00,0.191596
2026-03-06 19:00+01:00,0.199212
2026-03-06 19:15+01:00,0.232524
2026-03-06 19:30+01:00,0.209114
2026-03-06 19:45+01:00,0.198677
2026-03-06 20:00+01:00,0.218648
2026-03-06 20:15+01:00,0.185763
2026-03-06 20:30+01:00,0.207909
2026-03-06 20:45+01:00,0.178328
2026-03-06 21:00+01:00,0.154225
2026-03-06 21:15+01:00,0.212519
2026-03-06 21:30+01:00,0.181751
2026-03-06 21:45+01:00,0.191591
2026-03-06 22:00+01:00,0.186965
2026-03-06 22:15+01:00,0.210948
2026-03-06 22:30+01:00,0.200668
2026-03-06 22:45+01:00,0.161490
2026-03-06 23:00+01:00,0.194039
2026-03-06 23:15+01:00,0.198268
2026-03-06 23:30+01:00,0.196313
2026-03-06 23:45+01:00,0.235045
2026-03-07 00:00+01:00,0.190201
2026-03-07 00:15+01:00,0.101321
2026-03-07 00:30+01:00,0.119224
2026-03-07 00:45+01:00,0.096498
2026-03-07 01:00+01:00,
2026-03-07 01:15+01:00,0.112827
2026-03-07 01:30+01:00,0.000000
2026-03-07 01:45+01:00,0.100782
2026-03-07 02:00+01:00,
2026-03-07 02:15+01:00,0.096152
2026-03-07 02:30+01:00,0.084755
2026-03-07 02:45+01:00,0.096385
2026-03-07 03:00+01:00,0.109844
2026-03-07 03:15+01:00,0.095970
2026-03-07 03:30+01:00,0.093297
2026-03-07 03:45+01:00,0.107426
2026-03-07 04:00+01:00,0.650104
2026-03-07 04:15+01:00,0.658796
2026-03-07 04:30+01:00,0.085616
2026-03-07 04:45+01:00,0.095914
2026-03-07 05:00+01:00,0.097197
2026-03-07 05:15+01:00,0.085952
2026-03-07 05:30+01:00,
2026-03-07 05:45+01:00,0.089235
2026-03-07 06:00+01:00,0.098247
2026-03-07 06:15+01:00,0.096096
2026-03-07 06:30+01:00,
2026-03-07 06:45+01:00,0.087176
2026-03-07 07:00+01:00,0.000000
2026-03-07 07:15+01:00,0.104152
2026-03-07 07:30+01:00,0.098535
2026-03-07 07:45+01:00,0.084460
2026-03-07 08:00+01:00,0.092286
2026-03-07 08:15+01:00,0.090287
2026-03-07 08:30+01:00,0.099612
2026-03-07 08:45+01:00,0.092697
2026-03-07 09:00+01:00,0.080240
2026-03-07 09:15+01:00,0.091231
2026-03-07 09:30+01:00,0.110191
2026-03-07 09:45+01:00,0.102003
2026-03-07 10:00+01:00,0.080822
2026-03-07 10:15+01:00,0.079726
2026-03-07 10:30+01:00,0.094659
2026-03-07 10:45+01:00,0.075106
2026-03-07 11:00+01:00,0.056256
2026-03-07 11:15+01:00,0.100467
2026-03-07 11:30+01:00,
2026-03-07 11:45+01:00,0.082607
2026-03-07 12:00+01:00,0.100133
2026-03-07 12:15+01:00,0.076292
2026-03-07 12:30+01:00,0.100872
2026-03-07 12:45+01:00,0.103457
2026-03-07 13:00+01:00,0.091765
2026-03-07 13:15+01:00,0.000000
2026-03-07 13:30+01:00,
2026-03-07 13:45+01:00,0.114466
2026-03-07 14:00+01:00,0.098421
2026-03-07 14:15+01:00,0.081570
2026-03-07 14:30+01:00,0.091408
2026-03-07 14:45+01:00,0.083498
2026-03-07 15:00+01:00,0.000000
2026-03-07 15:15+01:00,0.104461
2026-03-07 15:30+01:00,0.083682
2026-03-07 15:45+01:00,0.116624
2026-03-07 16:00+01:00,0.099585
2026-03-07 16:15+01:00,
2026-03-07 16:30+01:00,0.087558
2026-03-07 16:45+01:00,0.080393
2026-03-07 17:00+01:00,0.112849
2026-03-07 17:15+01:00,0.101287
2026-03-07 17:30+01:00,0.090649
2026-03-07 17:45+01:00,0.104645
2026-03-07 18:00+01:00,0.107337
2026-03-07 18:15+01:00,0.116845
2026-03-07 18:30+01:00,0.088563
2026-03-07 18:45+01:00,0.093129
2026-03-07 19:00+01:00,0.094399
2026-03-07 19:15+01:00,0.000000
2026-03-07 19:30+01:00,0.102521
2026-03-07 19:45+01:00,0.085892
2026-03-07 20:00+01:00,0.105440
2026-03-07 20:15+01:00,0.080217
2026-03-07 20:30+01:00,
2026-03-07 20:45+01:00,0.068060
2026-03-07 21:00+01:00,
2026-03-07 21:15+01:00,
2026-03-07 21:30+01:00,0.069527
2026-03-07 21:45+01:00,0.000000
2026-03-07 22:00+01:00,0.089436
2026-03-07 22:15+01:00,0.104969
2026-03-07 22:30+01:00,0.095037
2026-03-07 22:45+01:00,0.097312
2026-03-07 23:00+01:00,0.000000
2026-03-07 23:15+01:00,0.099704
2026-03-07 23:30+01:00,0.074422
2026-03-07 23:45+01:00,0.089761
2026-03-08 00:00+01:00,0.102270
2026-03-08 00:15+01:00,0.099354
2026-03-08 00:30+01:00,0.088423
2026-03-08 00:45+01:00,0.108558
2026-03-08 01:00+01:00,0.092151
2026-03-08 01:15+01:00,0.101238
2026-03-08 01:30+01:00,0.108371
2026-03-08 01:45+01:00,0.093085
2026-03-08 02:00+01:00,0.070553
2026-03-08 02:15+01:00,0.098329
2026-03-08 02:30+01:00,0.073583
2026-03-08 02:45+01:00,0.070045
2026-03-08 03:00+01:00,0.095138
2026-03-08 03:15+01:00,0.108073
2026-03-08 03:30+01:00,0.105206
2026-03-08 03:45+01:00,0.076954
2026-03-08 04:00+01:00,0.104012
2026-03-08 04:15+01:00,0.106323
2026-03-08 04:30+01:00,
2026-03-08 04:45+01:00,0.085351
2026-03-08 05:00+01:00,0.103823
2026-03-08 05:15+01:00,
2026-03-08 05:30+01:00,0.076329
2026-03-08 05:45+01:00,0.083063
2026-03-08 06:00+01:00,0.094081
2026-03-08 06:15+01:00,0.091025
2026-03-08 06:30+01:00,0.100994
2026-03-08 06:45+01:00,0.108165
2026-03-08 07:00+01:00,0.090102
2026-03-08 07:15+01:00,0.102206
2026-03-08 07:30+01:00,0.105492
2026-03-08 07:45+01:00,0.074956
2026-03-08 08:00+01:00,
2026-03-08 08:15+01:00,0.108187
2026-03-08 08:30+01:00,0.095336
2026-03-08 08:45+01:00,0.086444
2026-03-08 09:00+01:00,0.087212
2026-03-08 09:15+01:00,0.099002
2026-03-08 09:30+01:00,0.095525
2026-03-08 09:45+01:00,0.093049
2026-03-08 10:00+01:00,0.093207
2026-03-08 10:15+01:00,0.085111
2026-03-08 10:30+01:00,0.102236
2026-03-08 10:45+01:00,0.093954
2026-03-08 11:00+01:00,0.098045
2026-03-08 11:15+01:00,0.096498
2026-03-08 11:30+01:00,0.097796
2026-03-08 11:45+01:00,0.113961
2026-03-08 12:00+01:00,0.000000
2026-03-08 12:15+01:00,0.090646
2026-03-08 12:30+01:00,0.088371
2026-03-08 12:45+01:00,0.080742
2026-03-08 13:00+01:00,0.072700
2026-03-08 13:15+01:00,0.000000
2026-03-08 13:30+01:00,0.073458
2026-03-08 13:45+01:00,0.100497
2026-03-08 14:00+01:00,
2026-03-08 14:15+01:00,0.060418
2026-03-08 14:30+01:00,0.102257
2026-03-08 14:45+01:00,0.090085
2026-03-08 15:00+01:00,
2026-03-08 15:15+01:00,0.100117
2026-03-08 15:30+01:00,0.077027
2026-03-08 15:45+01:00,0.107809
2026-03-08 16:00+01:00,0.094914
2026-03-08 16:15+01:00,0.082446
2026-03-08 16:30+01:00,0.096495
2026-03-08 16:45+01:00,0.102718
2026-03-08 17:00+01:00,0.000000
2026-03-08 17:15+01:00,0.066238
2026-03-08 17:30+01:00,0.089980
2026-03-08 17:45+01:00,0.090412
2026-03-08 18:00+01:00,0.116316
2026-03-08 18:15+01:00,0.078386
2026-03-08 18:30+01:00,0.067201
2026-03-08 18:45+01:00,0.085090
2026-03-08 19:00+01:00,0.104137
2026-03-08 19:15+01:00,0.079565
2026-03-08 19:30+01:00,0.103351
2026-03-08 19:45+01:00,0.080088
2026-03-08 20:00+01:00,0.071936
2026-03-08 20:15+01:00,0.099349
2026-03-08 20:30+01:00,0.090586
2026-03-08 20:45+01:00,0.000000
2026-03-08 21:00+01:00,
2026-03-08 21:15+01:00,0.086579
2026-03-08 21:30+01:00,0.096996
2026-03-08 21:45+01:00,0.068895
2026-03-08 22:00+01:00,0.097104
2026-03-08 22:15+01:00,0.084764
2026-03-08 22:30+01:00,0.096143
2026-03-08 22:45+01:00,0.103523
2026-03-08 23:00+01:00,0.100636
2026-03-08 23:15+01:00,0.102282
2026-03-08 23:30+01:00,
2026-03-08 23:45+01:00,0.092228
2026-03-09 00:00+01:00,0.079097
2026-03-09 00:15+01:00,0.224731
2026-03-09 00:30+01:00,0.177625
2026-03-09 00:45+01:00,0.168066
2026-03-09 01:00+01:00,0.231815
2026-03-09 01:15+01:00,0.181220
2026-03-09 01:30+01:00,0.211481
2026-03-09 01:45+01:00,0.272905
2026-03-09 02:00+01:00,0.224761
2026-03-09 02:15+01:00,0.221599
2026-03-09 02:30+01:00,0.211163
2026-03-09 02:45+01:00,0.230640
2026-03-09 03:00+01:00,0.242437
2026-03-09 03:15+01:00,0.191503
2026-03-09 03:30+01:00,0.223348
2026-03-09 03:45+01:00,0.226183
2026-03-09 04:00+01:00,0.193686
2026-03-09 04:15+01:00,0.179309
2026-03-09 04:30+01:00,0.205536
2026-03-09 04:45+01:00,0.172829
2026-03-09 05:00+01:00,0.142720
2026-03-09 05:15+01:00,0.000000
2026-03-09 05:30+01:00,0.183935
2026-03-09 05:45+01:00,0.215364
2026-03-09 06:00+01:00,0.185926
2026-03-09 06:15+01:00,0.000000
2026-03-09 06:30+01:00,0.263489
2026-03-09 06:45+01:00,0.212417
2026-03-09 07:00+01:00,8.510777
2026-03-09 07:15+01:00,8.490954
2026-03-09 07:30+01:00,8.076593
2026-03-09 07:45+01:00,8.687592
2026-03-09 08:00+01:00,8.976934
2026-03-09 08:15+01:00,8.714303
2026-03-09 08:30+01:00,8.398240
2026-03-09 08:45+01:00,7.953228
2026-03-09 09:00+01:00,8.457416
2026-03-09 09:15+01:00,8.667197
2026-03-09 09:30+01:00,9.191493
2026-03-09 09:45+01:00,8.852172
2026-03-09 10:00+01:00,8.538153
2026-03-09 10:15+01:00,8.386761
2026-03-09 10:30+01:00,8.978829
2026-03-09 10:45+01:00,8.073278
2026-03-09 11:00+01:00,8.353739
2026-03-09 11:15+01:00,7.951763
2026-03-09 11:30+01:00,8.970881
2026-03-09 11:45+01:00,8.569396
2026-03-09 12:00+01:00,8.181752
2026-03-09 12:15+01:00,8.219167
2026-03-09 12:30+01:00,9.132441
2026-03-09 12:45+01:00,8.248869
2026-03-09 13:00+01:00,9.075056
2026-03-09 13:15+01:00,8.925191
2026-03-09 13:30+01:00,8.483297
2026-03-09 13:45+01:00,8.441912
2026-03-09 14:00+01:00,8.611246
2026-03-09 14:15+01:00,8.008558
2026-03-09 14:30+01:00,9.451731
2026-03-09 14:45+01:00,8.934795
2026-03-09 15:00+01:00,8.842953
2026-03-09 15:15+01:00,8.382968
2026-03-09 15:30+01:00,8.656948
2026-03-09 15:45+01:00,8.747678
2026-03-09 16:00+01:00,8.030224
2026-03-09 16:15+01:00,
2026-03-09 16:30+01:00,9.283975
2026-03-09 16:45+01:00,8.189931
2026-03-09 17:00+01:00,
2026-03-09 17:15+01:00,8.130828
2026-03-09 17:30+01:00,8.577208
2026-03-09 17:45+01:00,8.341135
2026-03-09 18:00+01:00,0.221021
2026-03-09 18:15+01:00,0.151971
2026-03-09 18:30+01:00,0.200109
2026-03-09 18:45+01:00,0.191398
2026-03-09 19:00+01:00,0.214566
2026-03-09 19:15+01:00,0.221771
2026-03-09 19:30+01:00,0.212326
2026-03-09 19:45+01:00,0.205235
2026-03-09 20:00+01:00,0.218115
2026-03-09 20:15+01:00,0.145197
2026-03-09 20:30+01:00,0.222243
2026-03-09 20:45+01:00,0.232324
2026-03-09 21:00+01:00,0.194484
2026-03-09 21:15+01:00,0.156504
2026-03-09 21:30+01:00,0.212356
2026-03-09 21:45+01:00,0.198808
2026-03-09 22:00+01:00,0.000000
2026-03-09 22:15+01:00,0.196829
2026-03-09 22:30+01:00,0.208778
2026-03-09 22:45+01:00,0.231795
2026-03-09 23:00+01:00,0.177132
2026-03-09 23:15+01:00,0.000000
2026-03-09 23:30+01:00,0.206335
2026-03-09 23:45+01:00,0.173495
2026-03-10 00:00+01:00,0.201753
2026-03-10 00:15+01:00,0.180087
2026-03-10 00:30+01:00,0.170206
2026-03-10 00:45+01:00,0.219576
2026-03-10 01:00+01:00,0.173255
2026-03-10 01:15+01:00,0.172282
2026-03-10 01:30+01:00,0.178339
2026-03-10 01:45+01:00,0.227902
2026-03-10 02:00+01:00,0.210919
2026-03-10 02:15+01:00,0.225261
2026-03-10 02:30+01:00,0.154130
2026-03-10 02:45+01:00,0.186519
2026-03-10 03:00+01:00,0.220913
2026-03-10 03:15+01:00,
2026-03-10 03:30+01:00,0.201825
2026-03-10 03:45+01:00,0.241525
2026-03-10 04:00+01:00,0.226794
2026-03-10 04:15+01:00,0.210154
2026-03-10 04:30+01:00,0.209960
2026-03-10 04:45+01:00,0.213289
2026-03-10 05:00+01:00,0.200266
2026-03-10 05:15+01:00,0.271266
2026-03-10 05:30+01:00,0.172621
2026-03-10 05:45+01:00,0.207313
2026-03-10 06:00+01:00,0.226515
2026-03-10 06:15+01:00,0.000000
2026-03-10 06:30+01:00,0.212157
2026-03-10 06:45+01:00,0.222172
2026-03-10 07:00+01:00,8.563521
2026-03-10 07:15+01:00,8.848655
2026-03-10 07:30+01:00,8.612567
2026-03-10 07:45+01:00,8.429499
2026-03-10 08:00+01:00,8.912016
2026-03-10 08:15+01:00,8.679823
2026-03-10 08:30+01:00,8.047527
2026-03-10 08:45+01:00,8.686670
2026-03-10 09:00+01:00,8.438153
2026-03-10 09:15+01:00,7.989896
2026-03-10 09:30+01:00,8.389750
2026-03-10 09:45+01:00,8.930467
2026-03-10 10:00+01:00,8.508761
2026-03-10 10:15+01:00,8.778268
2026-03-10 10:30+01:00,8.558657
2026-03-10 10:45+01:00,8.557924
2026-03-10 11:00+01:00,8.898331
2026-03-10 11:15+01:00,8.564759
2026-03-10 11:30+01:00,8.481874
2026-03-10 11:45+01:00,8.385680
2026-03-10 12:00+01:00,8.583706
2026-03-10 12:15+01:00,8.436797
2026-03-10 12:30+01:00,8.808992
2026-03-10 12:45+01:00,7.939877
2026-03-10 13:00+01:00,8.795561
2026-03-10 13:15+01:00,8.523985
2026-03-10 13:30+01:00,7.806548
2026-03-10 13:45+01:00,8.264822
2026-03-10 14:00+01:00,8.296600
2026-03-10 14:15+01:00,8.201550
2026-03-10 14:30+01:00,8.520832
2026-03-10 14:45+01:00,8.652060
2026-03-10 15:00+01:00,8.212188
2026-03-10 15:15+01:00,8.643180
2026-03-10 15:30+01:00,8.550681
2026-03-10 15:45+01:00,
2026-03-10 16:00+01:00,8.860299
2026-03-10 16:15+01:00,8.745748
2026-03-10 16:30+01:00,8.789429
2026-03-10 16:45+01:00,8.926562
2026-03-10 17:00+01:00,8.455862
2026-03-10 17:15+01:00,8.221623
2026-03-10 17:30+01:00,8.291214
2026-03-10 17:45+01:00,8.210695
2026-03-10 18:00+01:00,0.195916
2026-03-10 18:15+01:00,0.153306
2026-03-10 18:30+01:00,0.173419
2026-03-10 18:45+01:00,0.244515
2026-03-10 19:00+01:00,0.224330
2026-03-10 19:15+01:00,0.193557
2026-03-10 19:30+01:00,0.207888
2026-03-10 19:45+01:00,0.152869
2026-03-10 20:00+01:00,0.234379
2026-03-10 20:15+01:00,
2026-03-10 20:30+01:00,0.231491
2026-03-10 20:45+01:00,0.240131
2026-03-10 21:00+01:00,0.192043
2026-03-10 21:15+01:00,0.216045
2026-03-10 21:30+01:00,0.199136
2026-03-10 21:45+01:00,
2026-03-10 22:00+01:00,0.205349
2026-03-10 22:15+01:00,0.186754
2026-03-10 22:30+01:00,0.202966
2026-03-10 22:45+01:00,0.195004
2026-03-10 23:00+01:00,
2026-03-10 23:15+01:00,0.219326
2026-03-10 23:30+01:00,0.213694
2026-03-10 23:45+01:00,0.179458
2026-03-11 00:00+01:00,0.201679
2026-03-11 00:15+01:00,0.208140
2026-03-11 00:30+01:00,0.208343
2026-03-11 00:45+01:00,0.205849
2026-03-11 01:00+01:00,0.246837
2026-03-11 01:15+01:00,0.000000
2026-03-11 01:30+01:00,0.000000
2026-03-11 01:45+01:00,0.254941
2026-03-11 02:00+01:00,0.178225
2026-03-11 02:15+01:00,0.000000
2026-03-11 02:30+01:00,0.204368
2026-03-11 02:45+01:00,0.181846
2026-03-11 03:00+01:00,0.188176
2026-03-11 03:15+01:00,0.214375
2026-03-11 03:30+01:00,0.194080
2026-03-11 03:45+01:00,0.240472
2026-03-11 04:00+01:00,0.192845
2026-03-11 04:15+01:00,0.200676
2026-03-11 04:30+01:00,0.198102
2026-03-11 04:45+01:00,0.186235
2026-03-11 05:00+01:00,0.228142
2026-03-11 05:15+01:00,
2026-03-11 05:30+01:00,0.186715
2026-03-11 05:45+01:00,0.224703
2026-03-11 06:00+01:00,0.000000
2026-03-11 06:15+01:00,0.215648
2026-03-11 06:30+01:00,0.207604
2026-03-11 06:45+01:00,0.209741
2026-03-11 07:00+01:00,8.255018
2026-03-11 07:15+01:00,9.234173
2026-03-11 07:30+01:00,8.046779
2026-03-11 07:45+01:00,8.653039
2026-03-11 08:00+01:00,8.634412
2026-03-11 08:15+01:00,8.406198
2026-03-11 08:30+01:00,8.925806
2026-03-11 08:45+01:00,7.866063
2026-03-11 09:00+01:00,8.303489
2026-03-11 09:15+01:00,8.440456
2026-03-11 09:30+01:00,8.476482
2026-03-11 09:45+01:00,8.409333
2026-03-11 10:00+01:00,8.019226
2026-03-11 10:15+01:00,9.021152
2026-03-11 10:30+01:00,8.624985
2026-03-11 10:45+01:00,8.269937
2026-03-11 11:00+01:00,
2026-03-11 11:15+01:00,8.287787
2026-03-11 11:30+01:00,8.656630
2026-03-11 11:45+01:00,8.043711
2026-03-11 12:00+01:00,8.566490
2026-03-11 12:15+01:00,8.845592
2026-03-11 12:30+01:00,8.763650
2026-03-11 12:45+01:00,8.708648
2026-03-11 13:00+01:00,8.667466
2026-03-11 13:15+01:00,8.243376
2026-03-11 13:30+01:00,8.253335
2026-03-11 13:45+01:00,8.049320
2026-03-11 14:00+01:00,8.830239
2026-03-11 14:15+01:00,8.361924
2026-03-11 14:30+01:00,79.367706
2026-03-11 14:45+01:00,8.196106
2026-03-11 15:00+01:00,8.460350
2026-03-11 15:15+01:00,8.617827
2026-03-11 15:30+01:00,
2026-03-11 15:45+01:00,9.192669
2026-03-11 16:00+01:00,
2026-03-11 16:15+01:00,8.365203
2026-03-11 16:30+01:00,8.842907
2026-03-11 16:45+01:00,8.909952
2026-03-11 17:00+01:00,8.826472
2026-03-11 17:15+01:00,8.692092
2026-03-11 17:30+01:00,8.508070
2026-03-11 17:45+01:00,8.419385
2026-03-11 18:00+01:00,0.197536
2026-03-11 18:15+01:00,0.224401
2026-03-11 18:30+01:00,0.000000
2026-03-11 18:45+01:00,0.192156
2026-03-11 19:00+01:00,0.203587
2026-03-11 19:15+01:00,0.210841
2026-03-11 19:30+01:00,0.191514
2026-03-11 19:45+01:00,0.182159
2026-03-11 20:00+01:00,0.219023
2026-03-11 20:15+01:00,0.191355
2026-03-11 20:30+01:00,0.211840
2026-03-11 20:45+01:00,0.000000
2026-03-11 21:00+01:00,0.203815
2026-03-11 21:15+01:00,0.206243
2026-03-11 21:30+01:00,0.203560
2026-03-11 21:45+01:00,0.221596
2026-03-11 22:00+01:00,0.156652
2026-03-11 22:15+01:00,0.229138
2026-03-11 22:30+01:00,0.000000
2026-03-11 22:45+01:00,0.236072
2026-03-11 23:00+01:00,0.180201
2026-03-11 23:15+01:00,0.229531
2026-03-11 23:30+01:00,0.166766
2026-03-11 23:45+01:00,0.256317
2026-03-12 00:00+01:00,0.000000
2026-03-12 00:15+01:00,0.192169
2026-03-12 00:30+01:00,0.219960
2026-03-12 00:45+01:00,0.242385
2026-03-12 01:00+01:00,0.258047
2026-03-12 01:15+01:00,0.164082
2026-03-12 01:30+01:00,0.220454
2026-03-12 01:45+01:00,0.198781
2026-03-12 02:00+01:00,0.000000
2026-03-12 02:15+01:00,0.169285
2026-03-12 02:30+01:00,0.185652
2026-03-12 02:45+01:00,0.178112
2026-03-12 03:00+01:00,0.203677
2026-03-12 03:15+01:00,0.222164
2026-03-12 03:30+01:00,0.192273
2026-03-12 03:45+01:00,0.221501
2026-03-12 04:00+01:00,0.211534
2026-03-12 04:15+01:00,0.212939
2026-03-12 04:30+01:00,0.211689
2026-03-12 04:45+01:00,0.186294
2026-03-12 05:00+01:00,0.166153
2026-03-12 05:15+01:00,0.223013
2026-03-12 05:30+01:00,0.227847
2026-03-12 05:45+01:00,0.000000
2026-03-12 06:00+01:00,0.210730
2026-03-12 06:15+01:00,0.186040
2026-03-12 06:30+01:00,
2026-03-12 06:45+01:00,0.162707
2026-03-12 07:00+01:00,9.171661
2026-03-12 07:15+01:00,7.976276
2026-03-12 07:30+01:00,9.211890
2026-03-12 07:45+01:00,8.205146
2026-03-12 08:00+01:00,8.099504
2026-03-12 08:15+01:00,8.285232
2026-03-12 08:30+01:00,9.115682
2026-03-12 08:45+01:00,8.329485
2026-03-12 09:00+01:00,
2026-03-12 09:15+01:00,8.803944
2026-03-12 09:30+01:00,8.848044
2026-03-12 09:45+01:00,8.166845
2026-03-12 10:00+01:00,8.598575
2026-03-12 10:15+01:00,8.332794
2026-03-12 10:30+01:00,8.391287
2026-03-12 10:45+01:00,8.709726
2026-03-12 11:00+01:00,8.701324
2026-03-12 11:15+01:00,8.768022
2026-03-12 11:30+01:00,8.072662
2026-03-12 11:45+01:00,8.580237
2026-03-12 12:00+01:00,8.875523
2026-03-12 12:15+01:00,8.447011
2026-03-12 12:30+01:00,8.979667
2026-03-12 12:45+01:00,8.450765
2026-03-12 13:00+01:00,8.459186
2026-03-12 13:15+01:00,8.512125
2026-03-12 13:30+01:00,8.890596
2026-03-12 13:45+01:00,8.790404
2026-03-12 14:00+01:00,8.723841
2026-03-12 14:15+01:00,8.683013
2026-03-12 14:30+01:00,8.333545
2026-03-12 14:45+01:00,8.845549
2026-03-12 15:00+01:00,8.549630
2026-03-12 15:15+01:00,9.143674
2026-03-12 15:30+01:00,8.679866
2026-03-12 15:45+01:00,9.029396
2026-03-12 16:00+01:00,8.963052
2026-03-12 16:15+01:00,8.552957
2026-03-12 16:30+01:00,8.959990
2026-03-12 16:45+01:00,8.688311
2026-03-12 17:00+01:00,8.446209
2026-03-12 17:15+01:00,8.646095
2026-03-12 17:30+01:00,
2026-03-12 17:45+01:00,8.472506
2026-03-12 18:00+01:00,0.193909
2026-03-12 18:15+01:00,0.200261
2026-03-12 18:30+01:00,0.207705
2026-03-12 18:45+01:00,0.276898
2026-03-12 19:00+01:00,0.182721
2026-03-12 19:15+01:00,0.174552
2026-03-12 19:30+01:00,0.243600
2026-03-12 19:45+01:00,0.000000
2026-03-12 20:00+01:00,0.196529
2026-03-12 20:15+01:00,0.220463
2026-03-12 20:30+01:00,0.214985
2026-03-12 20:45+01:00,0.210189
2026-03-12 21:00+01:00,0.208438
2026-03-12 21:15+01:00,0.201882
2026-03-12 21:30+01:00,0.231992
2026-03-12 21:45+01:00,0.206893
2026-03-12 22:00+01:00,
2026-03-12 22:15+01:00,0.221944
2026-03-12 22:30+01:00,
2026-03-12 22:45+01:00,0.235508
2026-03-12 23:00+01:00,0.167248
2026-03-12 23:15+01:00,0.156161
2026-03-12 23:30+01:00,0.222315
2026-03-12 23:45+01:00,0.189605
2026-03-13 00:00+01:00,0.256893
2026-03-13 00:15+01:00,0.201731
2026-03-13 00:30+01:00,0.205654
2026-03-13 00:45+01:00,0.217018
2026-03-13 01:00+01:00,0.191322
2026-03-13 01:15+01:00,0.209130
2026-03-13 01:30+01:00,0.201590
2026-03-13 01:45+01:00,0.162154
2026-03-13 02:00+01:00,0.200050
2026-03-13 02:15+01:00,0.000000
2026-03-13 02:30+01:00,0.193265
2026-03-13 02:45+01:00,0.207657
2026-03-13 03:00+01:00,0.204451
2026-03-13 03:15+01:00,0.176297
2026-03-13 03:30+01:00,0.196096
2026-03-13 03:45+01:00,0.213410
2026-03-13 04:00+01:00,0.217108
2026-03-13 04:15+01:00,0.177765
2026-03-13 04:30+01:00,0.197240
2026-03-13 04:45+01:00,0.000000
2026-03-13 05:00+01:00,0.212009
2026-03-13 05:15+01:00,0.226509
2026-03-13 05:30+01:00,0.202557
2026-03-13 05:45+01:00,0.186929
2026-03-13 06:00+01:00,0.197650
2026-03-13 06:15+01:00,0.205761
2026-03-13 06:30+01:00,0.205954
2026-03-13 06:45+01:00,0.184865
2026-03-13 07:00+01:00,8.244686
2026-03-13 07:15+01:00,8.361579
2026-03-13 07:30+01:00,8.722054
2026-03-13 07:45+01:00,8.071050
2026-03-13 08:00+01:00,8.660789
2026-03-13 08:15+01:00,8.748639
2026-03-13 08:30+01:00,7.829732
2026-03-13 08:45+01:00,8.871330
2026-03-13 09:00+01:00,8.370378
2026-03-13 09:15+01:00,8.763042
2026-03-13 09:30+01:00,8.524187
2026-03-13 09:45+01:00,8.296054
2026-03-13 10:00+01:00,8.603679
2026-03-13 10:15+01:00,8.786505
2026-03-13 10:30+01:00,8.771281
2026-03-13 10:45+01:00,7.824504
2026-03-13 11:00+01:00,8.002927
2026-03-13 11:15+01:00,8.688636
2026-03-13 11:30+01:00,8.469082
2026-03-13 11:45+01:00,8.434376
2026-03-13 12:00+01:00,8.489531
2026-03-13 12:15+01:00,8.292074
2026-03-13 12:30+01:00,9.070878
2026-03-13 12:45+01:00,9.060004
2026-03-13 13:00+01:00,8.427518
2026-03-13 13:15+01:00,8.760579
2026-03-13 13:30+01:00,8.633633
2026-03-13 13:45+01:00,8.344781
2026-03-13 14:00+01:00,8.572523
2026-03-13 14:15+01:00,9.162527
2026-03-13 14:30+01:00,8.273615
2026-03-13 14:45+01:00,8.385368
2026-03-13 15:00+01:00,8.309012
2026-03-13 15:15+01:00,8.640441
2026-03-13 15:30+01:00,8.391129
2026-03-13 15:45+01:00,
2026-03-13 16:00+01:00,9.291026
2026-03-13 16:15+01:00,8.849715
2026-03-13 16:30+01:00,8.677996
2026-03-13 16:45+01:00,8.890326
2026-03-13 17:00+01:00,8.590123
2026-03-13 17:15+01:00,8.339038
2026-03-13 17:30+01:00,9.250138
2026-03-13 17:45+01:00,8.553214
2026-03-13 18:00+01:00,0.194571
2026-03-13 18:15+01:00,0.171347
2026-03-13 18:30+01:00,0.189008
2026-03-13 18:45+01:00,0.237736
2026-03-13 19:00+01:00,0.227025
2026-03-13 19:15+01:00,0.000000
2026-03-13 19:30+01:00,0.231874
2026-03-13 19:45+01:00,0.170759
2026-03-13 20:00+01:00,0.216255
2026-03-13 20:15+01:00,0.187271
2026-03-13 20:30+01:00,0.237824
2026-03-13 20:45+01:00,0.156148
2026-03-13 21:00+01:00,0.188958
2026-03-13 21:15+01:00,0.197659
2026-03-13 21:30+01:00,0.215118
2026-03-13 21:45+01:00,0.248337
2026-03-13 22:00+01:00,0.216352
2026-03-13 22:15+01:00,0.186402
2026-03-13 22:30+01:00,0.180816
2026-03-13 22:45+01:00,0.216662
2026-03-13 23:00+01:00,0.258334
2026-03-13 23:15+01:00,0.164485
2026-03-13 23:30+01:00,0.231704
2026-03-13 23:45+01:00,0.240797
2026-03-14 00:00+01:00,0.171287
2026-03-14 00:15+01:00,0.069973
2026-03-14 00:30+01:00,0.114826
2026-03-14 00:45+01:00,0.095084
2026-03-14 01:00+01:00,0.091066
2026-03-14 01:15+01:00,0.099185
2026-03-14 01:30+01:00,0.090627
2026-03-14 01:45+01:00,0.075460
2026-03-14 02:00+01:00,0.108809
2026-03-14 02:15+01:00,0.098956
2026-03-14 02:30+01:00,0.078993
2026-03-14 02:45+01:00,0.108046
2026-03-14 03:00+01:00,0.111336
2026-03-14 03:15+01:00,0.092117
2026-03-14 03:30+01:00,0.113886
2026-03-14 03:45+01:00,0.092220
2026-03-14 04:00+01:00,0.090217
2026-03-14 04:15+01:00,0.098010
2026-03-14 04:30+01:00,0.075105
2026-03-14 04:45+01:00,0.104807
2026-03-14 05:00+01:00,0.090065
2026-03-14 05:15+01:00,0.086573
2026-03-14 05:30+01:00,0.119919
2026-03-14 05:45+01:00,
2026-03-14 06:00+01:00,0.073666
2026-03-14 06:15+01:00,
2026-03-14 06:30+01:00,0.108290
2026-03-14 06:45+01:00,0.119899
2026-03-14 07:00+01:00,0.083976
2026-03-14 07:15+01:00,0.105103
2026-03-14 07:30+01:00,0.096680
2026-03-14 07:45+01:00,
2026-03-14 08:00+01:00,0.086585
2026-03-14 08:15+01:00,0.098237
2026-03-14 08:30+01:00,0.093766
2026-03-14 08:45+01:00,0.110815
2026-03-14 09:00+01:00,0.103801
2026-03-14 09:15+01:00,0.092121
2026-03-14 09:30+01:00,
2026-03-14 09:45+01:00,0.085470
2026-03-14 10:00+01:00,0.095849
2026-03-14 10:15+01:00,0.091240
2026-03-14 10:30+01:00,0.090870
2026-03-14 10:45+01:00,0.097834
2026-03-14 11:00+01:00,0.093557
2026-03-14 11:15+01:00,0.075856
2026-03-14 11:30+01:00,0.073505
2026-03-14 11:45+01:00,0.097756
2026-03-14 12:00+01:00,0.104119
2026-03-14 12:15+01:00,0.086449
2026-03-14 12:30+01:00,0.101685
2026-03-14 12:45+01:00,0.107861
2026-03-14 13:00+01:00,0.067851
2026-03-14 13:15+01:00,0.079195
2026-03-14 13:30+01:00,0.098369
2026-03-14 13:45+01:00,0.079343
2026-03-14 14:00+01:00,0.096720
2026-03-14 14:15+01:00,0.090278
2026-03-14 14:30+01:00,0.103245
2026-03-14 14:45+01:00,0.103546
2026-03-14 15:00+01:00,0.087752
2026-03-14 15:15+01:00,0.112091
2026-03-14 15:30+01:00,0.091697
2026-03-14 15:45+01:00,0.113079
2026-03-14 16:00+01:00,0.121860
2026-03-14 16:15+01:00,0.091404
2026-03-14 16:30+01:00,0.094901
2026-03-14 16:45+01:00,0.100190
2026-03-14 17:00+01:00,0.100834
2026-03-14 17:15+01:00,0.121856
2026-03-14 17:30+01:00,0.085658
2026-03-14 17:45+01:00,0.098549
2026-03-14 18:00+01:00,0.105894
2026-03-14 18:15+01:00,0.000000
2026-03-14 18:30+01:00,0.095165
2026-03-14 18:45+01:00,0.090482
2026-03-14 19:00+01:00,0.088296
2026-03-14 19:15+01:00,0.094957
2026-03-14 19:30+01:00,0.084182
2026-03-14 19:45+01:00,0.103554
2026-03-14 20:00+01:00,0.097747
2026-03-14 20:15+01:00,0.099878
2026-03-14 20:30+01:00,0.108200
2026-03-14 20:45+01:00,
2026-03-14 21:00+01:00,0.087018
2026-03-14 21:15+01:00,0.112675
2026-03-14 21:30+01:00,0.098249
2026-03-14 21:45+01:00,0.077974
2026-03-14 22:00+01:00,0.099860
2026-03-14 22:15+01:00,
2026-03-14 22:30+01:00,0.110877
2026-03-14 22:45+01:00,0.091049
2026-03-14 23:00+01:00,0.100641
2026-03-14 23:15+01:00,0.086744
2026-03-14 23:30+01:00,0.083952
2026-03-14 23:45+01:00,0.112555
2026-03-15 00:00+01:00,
2026-03-15 00:15+01:00,0.103253
2026-03-15 00:30+01:00,0.094554
2026-03-15 00:45+01:00,0.080594
2026-03-15 01:00+01:00,0.111731
2026-03-15 01:15+01:00,0.077939
2026-03-15 01:30+01:00,0.075963
2026-03-15 01:45+01:00,0.104880
2026-03-15 02:00+01:00,0.068562
2026-03-15 02:15+01:00,0.078433
2026-03-15 02:30+01:00,0.083190
2026-03-15 02:45+01:00,0.000000
2026-03-15 03:00+01:00,0.099285
2026-03-15 03:15+01:00,0.098627
2026-03-15 03:30+01:00,0.079991
2026-03-15 03:45+01:00,0.113433
2026-03-15 04:00+01:00,0.099744
2026-03-15 04:15+01:00,0.102849
2026-03-15 04:30+01:00,0.101399
2026-03-15 04:45+01:00,0.000000
2026-03-15 05:00+01:00,0.000000
2026-03-15 05:15+01:00,0.097231
2026-03-15 05:30+01:00,0.089092
2026-03-15 05:45+01:00,0.108850
2026-03-15 06:00+01:00,
2026-03-15 06:15+01:00,0.089447
2026-03-15 06:30+01:00,0.087796
2026-03-15 06:45+01:00,0.083847
2026-03-15 07:00+01:00,0.087220
2026-03-15 07:15+01:00,0.091541
2026-03-15 07:30+01:00,0.107549
2026-03-15 07:45+01:00,0.067619
2026-03-15 08:00+01:00,0.106929
2026-03-15 08:15+01:00,0.104824
2026-03-15 08:30+01:00,0.000000
2026-03-15 08:45+01:00,0.083546
2026-03-15 09:00+01:00,0.111131
2026-03-15 09:15+01:00,0.104205
2026-03-15 09:30+01:00,0.114719
2026-03-15 09:45+01:00,0.087265
2026-03-15 10:00+01:00,0.109591
2026-03-15 10:15+01:00,0.100500
2026-03-15 10:30+01:00,0.093936
2026-03-15 10:45+01:00,0.100097
2026-03-15 11:00+01:00,0.105490
2026-03-15 11:15+01:00,0.088156
2026-03-15 11:30+01:00,0.094369
2026-03-15 11:45+01:00,0.000000
2026-03-15 12:00+01:00,0.097205
2026-03-15 12:15+01:00,0.091292
2026-03-15 12:30+01:00,0.109224
2026-03-15 12:45+01:00,0.093308
2026-03-15 13:00+01:00,0.077693
2026-03-15 13:15+01:00,0.106878
2026-03-15 13:30+01:00,
2026-03-15 13:45+01:00,0.075195
2026-03-15 14:00+01:00,0.098325
2026-03-15 14:15+01:00,0.093362
2026-03-15 14:30+01:00,0.097945
2026-03-15 14:45+01:00,0.100405
2026-03-15 15:00+01:00,0.106160
2026-03-15 15:15+01:00,0.105325
2026-03-15 15:30+01:00,0.109493
2026-03-15 15:45+01:00,0.090167
2026-03-15 16:00+01:00,0.080227
2026-03-15 16:15+01:00,0.102917
2026-03-15 16:30+01:00,0.096433
2026-03-15 16:45+01:00,0.081971
2026-03-15 17:00+01:00,0.094432
2026-03-15 17:15+01:00,0.092251
2026-03-15 17:30+01:00,0.098501
2026-03-15 17:45+01:00,0.087887
2026-03-15 18:00+01:00,0.095315
2026-03-15 18:15+01:00,0.081006
2026-03-15 18:30+01:00,0.079691
2026-03-15 18:45+01:00,0.108881
2026-03-15 19:00+01:00,0.085083
2026-03-15 19:15+01:00,0.081800
2026-03-15 19:30+01:00,0.105076
2026-03-15 19:45+01:00,0.088534
2026-03-15 20:00+01:00,0.105756
2026-03-15 20:15+01:00,0.069883
2026-03-15 20:30+01:00,0.081024
2026-03-15 20:45+01:00,0.111825
2026-03-15 21:00+01:00,0.099083
2026-03-15 21:15+01:00,0.085404
2026-03-15 21:30+01:00,
2026-03-15 21:45+01:00,0.093357
2026-03-15 22:00+01:00,0.087996
2026-03-15 22:15+01:00,0.095052
2026-03-15 22:30+01:00,0.094709
2026-03-15 22:45+01:00,
2026-03-15 23:00+01:00,0.085674
2026-03-15 23:15+01:00,
2026-03-15 23:30+01:00,0.087030
2026-03-15 23:45+01:00,0.000000
2026-03-16 00:00+01:00,0.085141
2026-03-16 00:15+01:00,0.252705
2026-03-16 00:30+01:00,0.000000
2026-03-16 00:45+01:00,0.000000
2026-03-16 01:00+01:00,0.202544
2026-03-16 01:15+01:00,0.242810
2026-03-16 01:30+01:00,0.204255
2026-03-16 01:45+01:00,0.226045
2026-03-16 02:00+01:00,0.173556
2026-03-16 02:15+01:00,0.217387
2026-03-16 02:30+01:00,0.213312
2026-03-16 02:45+01:00,0.206882
2026-03-16 03:00+01:00,
2026-03-16 03:15+01:00,0.178400
2026-03-16 03:30+01:00,0.291525
2026-03-16 03:45+01:00,0.150121
2026-03-16 04:00+01:00,0.183611
2026-03-16 04:15+01:00,0.175306
2026-03-16 04:30+01:00,0.228048
2026-03-16 04:45+01:00,0.194034
2026-03-16 05:00+01:00,0.198933
2026-03-16 05:15+01:00,0.203170
2026-03-16 05:30+01:00,0.187508
2026-03-16 05:45+01:00,0.209248
2026-03-16 06:00+01:00,0.213671
2026-03-16 06:15+01:00,0.161483
2026-03-16 06:30+01:00,
2026-03-16 06:45+01:00,0.196682
2026-03-16 07:00+01:00,8.437000
2026-03-16 07:15+01:00,8.756806
2026-03-16 07:30+01:00,8.384712
2026-03-16 07:45+01:00,8.671382
2026-03-16 08:00+01:00,8.273416
2026-03-16 08:15+01:00,8.478387
2026-03-16 08:30+01:00,9.091714
2026-03-16 08:45+01:00,8.455348
2026-03-16 09:00+01:00,8.982185
2026-03-16 09:15+01:00,8.847356
2026-03-16 09:30+01:00,8.244200
2026-03-16 09:45+01:00,8.804814
2026-03-16 10:00+01:00,
2026-03-16 10:15+01:00,8.643280
2026-03-16 10:30+01:00,8.602979
2026-03-16 10:45+01:00,
2026-03-16 11:00+01:00,8.175366
2026-03-16 11:15+01:00,7.827386
2026-03-16 11:30+01:00,8.764332
2026-03-16 11:45+01:00,8.035611
2026-03-16 12:00+01:00,8.777181
2026-03-16 12:15+01:00,8.211154
2026-03-16 12:30+01:00,8.585089
2026-03-16 12:45+01:00,8.596826
2026-03-16 13:00+01:00,7.980069
2026-03-16 13:15+01:00,8.303732
2026-03-16 13:30+01:00,8.690503
2026-03-16 13:45+01:00,8.583585
2026-03-16 14:00+01:00,
2026-03-16 14:15+01:00,8.759419
2026-03-16 14:30+01:00,
2026-03-16 14:45+01:00,8.058672
2026-03-16 15:00+01:00,8.955792
2026-03-16 15:15+01:00,8.496658
2026-03-16 15:30+01:00,9.064684
2026-03-16 15:45+01:00,8.915802
2026-03-16 16:00+01:00,8.484638
2026-03-16 16:15+01:00,8.513183
2026-03-16 16:30+01:00,8.918079
2026-03-16 16:45+01:00,8.579532
2026-03-16 17:00+01:00,8.998511
2026-03-16 17:15+01:00,8.747233
2026-03-16 17:30+01:00,7.938110
2026-03-16 17:45+01:00,
2026-03-16 18:00+01:00,0.213974
2026-03-16 18:15+01:00,0.208413
2026-03-16 18:30+01:00,0.173330
2026-03-16 18:45+01:00,0.205179
2026-03-16 19:00+01:00,0.226746
2026-03-16 19:15+01:00,0.203270
2026-03-16 19:30+01:00,0.172406
2026-03-16 19:45+01:00,0.212069
2026-03-16 20:00+01:00,0.166489
2026-03-16 20:15+01:00,0.215165
2026-03-16 20:30+01:00,0.193699
2026-03-16 20:45+01:00,0.197373
2026-03-16 21:00+01:00,0.243271
2026-03-16 21:15+01:00,0.221582
2026-03-16 21:30+01:00,0.192769
2026-03-16 21:45+01:00,0.188549
2026-03-16 22:00+01:00,0.140613
2026-03-16 22:15+01:00,0.196095
2026-03-16 22:30+01:00,0.215107
2026-03-16 22:45+01:00,0.192659
2026-03-16 23:00+01:00,0.179706
2026-03-16 23:15+01:00,0.201391
2026-03-16 23:30+01:00,0.193217
2026-03-16 23:45+01:00,0.226858
2026-03-17 00:00+01:00,0.187201
2026-03-17 00:15+01:00,
2026-03-17 00:30+01:00,0.180741
2026-03-17 00:45+01:00,0.217564
2026-03-17 01:00+01:00,0.211128
2026-03-17 01:15+01:00,0.128578
2026-03-17 01:30+01:00,0.224561
2026-03-17 01:45+01:00,0.247474
2026-03-17 02:00+01:00,0.178917
2026-03-17 02:15+01:00,0.238357
2026-03-17 02:30+01:00,0.225048
2026-03-17 02:45+01:00,0.187855
2026-03-17 03:00+01:00,0.171786
2026-03-17 03:15+01:00,0.218976
2026-03-17 03:30+01:00,1.278107
2026-03-17 03:45+01:00,1.381873
2026-03-17 04:00+01:00,0.205719
2026-03-17 04:15+01:00,0.209334
2026-03-17 04:30+01:00,0.174040
2026-03-17 04:45+01:00,0.238010
2026-03-17 05:00+01:00,
2026-03-17 05:15+01:00,0.201964
2026-03-17 05:30+01:00,0.253629
2026-03-17 05:45+01:00,0.229076
2026-03-17 06:00+01:00,0.193598
2026-03-17 06:15+01:00,0.000000
2026-03-17 06:30+01:00,0.175592
2026-03-17 06:45+01:00,0.250026
2026-03-17 07:00+01:00,8.764568
2026-03-17 07:15+01:00,8.095446
2026-03-17 07:30+01:00,8.198729
2026-03-17 07:45+01:00,
2026-03-17 08:00+01:00,8.490938
2026-03-17 08:15+01:00,8.337948
2026-03-17 08:30+01:00,8.071371
2026-03-17 08:45+01:00,8.908673
2026-03-17 09:00+01:00,8.437974
2026-03-17 09:15+01:00,8.724233
2026-03-17 09:30+01:00,8.786454
2026-03-17 09:45+01:00,8.474155
2026-03-17 10:00+01:00,8.692884
2026-03-17 10:15+01:00,
2026-03-17 10:30+01:00,8.709202
2026-03-17 10:45+01:00,8.353896
2026-03-17 11:00+01:00,8.545046
2026-03-17 11:15+01:00,8.350204
2026-03-17 11:30+01:00,8.487934
2026-03-17 11:45+01:00,8.666667
2026-03-17 12:00+01:00,8.499190
2026-03-17 12:15+01:00,8.294923
2026-03-17 12:30+01:00,8.491003
2026-03-17 12:45+01:00,8.428205
2026-03-17 13:00+01:00,8.230281
2026-03-17 13:15+01:00,8.676843
2026-03-17 13:30+01:00,8.021417
2026-03-17 13:45+01:00,8.784052
2026-03-17 14:00+01:00,8.873796
2026-03-17 14:15+01:00,8.884960
2026-03-17 14:30+01:00,7.980313
2026-03-17 14:45+01:00,9.013603
2026-03-17 15:00+01:00,8.684369
2026-03-17 15:15+01:00,7.650014
2026-03-17 15:30+01:00,8.930157
2026-03-17 15:45+01:00,8.884923
2026-03-17 16:00+01:00,8.904795
2026-03-17 16:15+01:00,8.186478
2026-03-17 16:30+01:00,8.912220
2026-03-17 16:45+01:00,
2026-03-17 17:00+01:00,
2026-03-17 17:15+01:00,8.805194
2026-03-17 17:30+01:00,9.103491
2026-03-17 17:45+01:00,8.256229
2026-03-17 18:00+01:00,0.211871
2026-03-17 18:15+01:00,0.197369
2026-03-17 18:30+01:00,0.211298
2026-03-17 18:45+01:00,0.000000
2026-03-17 19:00+01:00,0.199942
2026-03-17 19:15+01:00,0.225765
2026-03-17 19:30+01:00,0.189841
2026-03-17 19:45+01:00,0.208014
2026-03-17 20:00+01:00,0.192885
2026-03-17 20:15+01:00,0.199898
2026-03-17 20:30+01:00,0.238113
2026-03-17 20:45+01:00,0.209102
2026-03-17 21:00+01:00,
2026-03-17 21:15+01:00,0.163316
2026-03-17 21:30+01:00,0.230842
2026-03-17 21:45+01:00,0.215943
2026-03-17 22:00+01:00,0.187545
2026-03-17 22:15+01:00,0.234024
2026-03-17 22:30+01:00,0.224693
2026-03-17 22:45+01:00,0.200270
2026-03-17 23:00+01:00,0.176279
2026-03-17 23:15+01:00,0.239875
2026-03-17 23:30+01:00,0.000000
2026-03-17 23:45+01:00,0.223143
2026-03-18 00:00+01:00,
2026-03-18 00:15+01:00,0.214603
2026-03-18 00:30+01:00,0.216938
2026-03-18 00:45+01:00,0.236915
2026-03-18 01:00+01:00,0.221542
2026-03-18 01:15+01:00,0.207339
2026-03-18 01:30+01:00,0.203018
2026-03-18 01:45+01:00,0.183551
2026-03-18 02:00+01:00,0.211922
2026-03-18 02:15+01:00,0.193529
2026-03-18 02:30+01:00,0.259225
2026-03-18 02:45+01:00,0.192333
2026-03-18 03:00+01:00,0.200156
2026-03-18 03:15+01:00,
2026-03-18 03:30+01:00,0.177164
2026-03-18 03:45+01:00,0.194678
2026-03-18 04:00+01:00,0.178338
2026-03-18 04:15+01:00,0.231422
2026-03-18 04:30+01:00,0.191275
2026-03-18 04:45+01:00,0.171315
2026-03-18 05:00+01:00,0.208642
2026-03-18 05:15+01:00,0.199373
2026-03-18 05:30+01:00,0.178144
2026-03-18 05:45+01:00,0.213784
2026-03-18 06:00+01:00,0.217444
2026-03-18 06:15+01:00,0.258548
2026-03-18 06:30+01:00,0.169410
2026-03-18 06:45+01:00,0.186706
2026-03-18 07:00+01:00,8.988703
2026-03-18 07:15+01:00,9.121917
2026-03-18 07:30+01:00,8.628581
2026-03-18 07:45+01:00,8.027470
2026-03-18 08:00+01:00,8.767385
2026-03-18 08:15+01:00,8.661613
2026-03-18 08:30+01:00,8.568542
2026-03-18 08:45+01:00,8.281891
2026-03-18 09:00+01:00,7.909032
2026-03-18 09:15+01:00,8.570529
2026-03-18 09:30+01:00,8.440474
2026-03-18 09:45+01:00,8.376849
2026-03-18 10:00+01:00,8.165309
2026-03-18 10:15+01:00,8.403843
2026-03-18 10:30+01:00,8.330249
2026-03-18 10:45+01:00,8.894039
2026-03-18 11:00+01:00,9.424548
2026-03-18 11:15+01:00,8.957208
2026-03-18 11:30+01:00,8.851468
2026-03-18 11:45+01:00,8.093870
2026-03-18 12:00+01:00,8.622384
2026-03-18 12:15+01:00,8.410939
2026-03-18 12:30+01:00,8.435303
2026-03-18 12:45+01:00,8.253572
2026-03-18 13:00+01:00,8.507362
2026-03-18 13:15+01:00,9.024195
2026-03-18 13:30+01:00,8.689841
2026-03-18 13:45+01:00,8.370816
2026-03-18 14:00+01:00,8.538712
2026-03-18 14:15+01:00,9.145113
2026-03-18 14:30+01:00,8.475117
2026-03-18 14:45+01:00,8.457879
2026-03-18 15:00+01:00,8.173522
2026-03-18 15:15+01:00,8.326264
2026-03-18 15:30+01:00,9.495481
2026-03-18 15:45+01:00,8.789668
2026-03-18 16:00+01:00,9.063931
2026-03-18 16:15+01:00,8.533616
2026-03-18 16:30+01:00,7.803169
2026-03-18 16:45+01:00,8.793871
2026-03-18 17:00+01:00,8.597701
2026-03-18 17:15+01:00,7.713904
2026-03-18 17:30+01:00,8.724174
2026-03-18 17:45+01:00,8.663688
2026-03-18 18:00+01:00,0.191379
2026-03-18 18:15+01:00,0.231219
2026-03-18 18:30+01:00,0.191120
2026-03-18 18:45+01:00,0.244786
2026-03-18 19:00+01:00,0.230667
2026-03-18 19:15+01:00,0.195873
2026-03-18 19:30+01:00,0.000000
2026-03-18 19:45+01:00,0.194508
2026-03-18 20:00+01:00,0.217417
2026-03-18 20:15+01:00,0.221967
2026-03-18 20:30+01:00,0.195461
2026-03-18 20:45+01:00,0.249943
2026-03-18 21:00+01:00,0.208313
2026-03-18 21:15+01:00,0.233833
2026-03-18 21:30+01:00,0.210892
2026-03-18 21:45+01:00,0.216526
2026-03-18 22:00+01:00,0.220853
2026-03-18 22:15+01:00,0.220406
2026-03-18 22:30+01:00,0.211410
2026-03-18 22:45+01:00,0.184047
2026-03-18 23:00+01:00,0.000000
2026-03-18 23:15+01:00,0.171842
2026-03-18 23:30+01:00,0.218769
2026-03-18 23:45+01:00,0.160160
2026-03-19 00:00+01:00,0.185678
2026-03-19 00:15+01:00,0.238527
2026-03-19 00:30+01:00,0.202525
2026-03-19 00:45+01:00,0.208776
2026-03-19 01:00+01:00,0.233769
2026-03-19 01:15+01:00,0.221678
2026-03-19 01:30+01:00,0.174296
2026-03-19 01:45+01:00,0.265326
2026-03-19 02:00+01:00,0.202535
2026-03-19 02:15+01:00,0.190147
2026-03-19 02:30+01:00,0.234283
2026-03-19 02:45+01:00,0.180337
2026-03-19 03:00+01:00,0.189704
2026-03-19 03:15+01:00,0.171599
2026-03-19 03:30+01:00,0.000000
2026-03-19 03:45+01:00,0.175580
2026-03-19 04:00+01:00,0.218541
2026-03-19 04:15+01:00,0.231256
2026-03-19 04:30+01:00,0.189826
2026-03-19 04:45+01:00,0.216521
2026-03-19 05:00+01:00,0.228613
2026-03-19 05:15+01:00,0.240740
2026-03-19 05:30+01:00,0.203228
2026-03-19 05:45+01:00,0.214870
2026-03-19 06:00+01:00,0.000000
2026-03-19 06:15+01:00,0.215889
2026-03-19 06:30+01:00,0.222263
2026-03-19 06:45+01:00,0.168635
2026-03-19 07:00+01:00,8.574405
2026-03-19 07:15+01:00,
2026-03-19 07:30+01:00,8.605486
2026-03-19 07:45+01:00,8.732121
2026-03-19 08:00+01:00,8.366562
2026-03-19 08:15+01:00,8.772322
2026-03-19 08:30+01:00,8.449674
2026-03-19 08:45+01:00,8.749803
2026-03-19 09:00+01:00,8.723583
2026-03-19 09:15+01:00,7.792216
2026-03-19 09:30+01:00,8.387967
2026-03-19 09:45+01:00,8.137051
2026-03-19 10:00+01:00,8.858506
2026-03-19 10:15+01:00,8.424998
2026-03-19 10:30+01:00,8.455333
2026-03-19 10:45+01:00,8.505537
2026-03-19 11:00+01:00,8.782282
2026-03-19 11:15+01:00,7.654182
2026-03-19 11:30+01:00,8.337904
2026-03-19 11:45+01:00,8.534285
2026-03-19 12:00+01:00,8.284682
2026-03-19 12:15+01:00,8.411005
2026-03-19 12:30+01:00,8.497374
2026-03-19 12:45+01:00,8.544201
2026-03-19 13:00+01:00,8.686647
2026-03-19 13:15+01:00,8.657285
2026-03-19 13:30+01:00,8.569174
2026-03-19 13:45+01:00,8.461677
2026-03-19 14:00+01:00,8.171697
2026-03-19 14:15+01:00,8.588399
2026-03-19 14:30+01:00,8.573195
2026-03-19 14:45+01:00,8.224711
2026-03-19 15:00+01:00,8.711275
2026-03-19 15:15+01:00,
2026-03-19 15:30+01:00,8.485873
2026-03-19 15:45+01:00,8.525603
2026-03-19 16:00+01:00,
2026-03-19 16:15+01:00,7.588898
2026-03-19 16:30+01:00,8.149597
2026-03-19 16:45+01:00,8.742365
2026-03-19 17:00+01:00,8.819053
2026-03-19 17:15+01:00,8.065904
2026-03-19 17:30+01:00,9.060653
2026-03-19 17:45+01:00,8.569488
2026-03-19 18:00+01:00,0.000000
2026-03-19 18:15+01:00,0.173651
2026-03-19 18:30+01:00,0.185522
2026-03-19 18:45+01:00,
2026-03-19 19:00+01:00,0.225943
2026-03-19 19:15+01:00,0.195900
2026-03-19 19:30+01:00,0.244021
2026-03-19 19:45+01:00,0.169943
2026-03-19 20:00+01:00,0.210541
2026-03-19 20:15+01:00,0.259050
2026-03-19 20:30+01:00,0.210738
2026-03-19 20:45+01:00,0.172685
2026-03-19 21:00+01:00,0.198797
2026-03-19 21:15+01:00,0.221547
2026-03-19 21:30+01:00,0.206127
2026-03-19 21:45+01:00,0.241184
2026-03-19 22:00+01:00,0.000000
2026-03-19 22:15+01:00,0.000000
2026-03-19 22:30+01:00,0.212784
2026-03-19 22:45+01:00,
2026-03-19 23:00+01:00,0.254544
2026-03-19 23:15+01:00,0.193577
2026-03-19 23:30+01:00,0.191365
2026-03-19 23:45+01:00,0.183317
2026-03-20 00:00+01:00,0.174849
2026-03-20 00:15+01:00,0.203062
2026-03-20 00:30+01:00,0.217905
2026-03-20 00:45+01:00,0.188913
2026-03-20 01:00+01:00,0.190767
2026-03-20 01:15+01:00,0.197506
2026-03-20 01:30+01:00,0.228809
2026-03-20 01:45+01:00,0.246371
2026-03-20 02:00+01:00,0.233201
2026-03-20 02:15+01:00,0.172460
2026-03-20 02:30+01:00,0.177624
2026-03-20 02:45+01:00,0.227060
2026-03-20 03:00+01:00,0.205788
2026-03-20 03:15+01:00,0.199533
2026-03-20 03:30+01:00,0.213240
2026-03-20 03:45+01:00,0.188827
2026-03-20 04:00+01:00,0.192146
2026-03-20 04:15+01:00,0.256447
2026-03-20 04:30+01:00,0.203045
2026-03-20 04:45+01:00,0.183098
2026-03-20 05:00+01:00,0.209747
2026-03-20 05:15+01:00,0.194523
2026-03-20 05:30+01:00,0.216242
2026-03-20 05:45+01:00,0.253537
2026-03-20 06:00+01:00,0.251189
2026-03-20 06:15+01:00,0.202923
2026-03-20 06:30+01:00,0.181992
2026-03-20 06:45+01:00,0.119529
2026-03-20 07:00+01:00,8.545794
2026-03-20 07:15+01:00,8.259655
2026-03-20 07:30+01:00,8.943159
2026-03-20 07:45+01:00,8.579952
2026-03-20 08:00+01:00,8.141787
2026-03-20 08:15+01:00,7.917327
2026-03-20 08:30+01:00,8.534464
2026-03-20 08:45+01:00,8.705624
2026-03-20 09:00+01:00,8.029161
2026-03-20 09:15+01:00,8.445862
2026-03-20 09:30+01:00,7.850039
2026-03-20 09:45+01:00,8.381149
2026-03-20 10:00+01:00,8.372295
2026-03-20 10:15+01:00,8.525837
2026-03-20 10:30+01:00,8.310854
2026-03-20 10:45+01:00,
2026-03-20 11:00+01:00,8.436998
2026-03-20 11:15+01:00,8.354224
2026-03-20 11:30+01:00,8.107697
2026-03-20 11:45+01:00,8.126813
2026-03-20 12:00+01:00,8.816680
2026-03-20 12:15+01:00,8.071673
2026-03-20 12:30+01:00,8.704501
2026-03-20 12:45+01:00,8.344839
2026-03-20 13:00+01:00,8.055863
2026-03-20 13:15+01:00,8.368660
2026-03-20 13:30+01:00,8.773626
2026-03-20 13:45+01:00,8.942640
2026-03-20 14:00+01:00,8.915053
2026-03-20 14:15+01:00,8.651660
2026-03-20 14:30+01:00,8.367526
2026-03-20 14:45+01:00,8.765546
2026-03-20 15:00+01:00,8.754251
2026-03-20 15:15+01:00,8.705224
2026-03-20 15:30+01:00,8.605393
2026-03-20 15:45+01:00,8.592889
2026-03-20 16:00+01:00,8.886384
2026-03-20 16:15+01:00,8.906844
2026-03-20 16:30+01:00,8.416340
2026-03-20 16:45+01:00,8.438623
2026-03-20 17:00+01:00,8.505031
2026-03-20 17:15+01:00,8.475770
2026-03-20 17:30+01:00,9.172859
2026-03-20 17:45+01:00,8.021829
2026-03-20 18:00+01:00,0.210891
2026-03-20 18:15+01:00,0.197388
2026-03-20 18:30+01:00,0.184955
2026-03-20 18:45+01:00,0.194804
2026-03-20 19:00+01:00,0.178299
2026-03-20 19:15+01:00,0.266978
2026-03-20 19:30+01:00,0.164570
2026-03-20 19:45+01:00,0.182699
2026-03-20 20:00+01:00,0.000000
2026-03-20 20:15+01:00,0.210943
2026-03-20 20:30+01:00,0.244892
2026-03-20 20:45+01:00,0.178056
2026-03-20 21:00+01:00,0.201668
2026-03-20 21:15+01:00,0.177869
2026-03-20 21:30+01:00,0.238644
2026-03-20 21:45+01:00,0.232927
2026-03-20 22:00+01:00,0.218258
2026-03-20 22:15+01:00,0.218448
2026-03-20 22:30+01:00,0.255182
2026-03-20 22:45+01:00,0.262575
2026-03-20 23:00+01:00,0.207980
2026-03-20 23:15+01:00,0.176920
2026-03-20 23:30+01:00,0.000000
2026-03-20 23:45+01:00,0.170347
2026-03-21 00:00+01:00,0.217756
2026-03-21 00:15+01:00,0.086902
2026-03-21 00:30+01:00,0.000000
2026-03-21 00:45+01:00,0.096812
2026-03-21 01:00+01:00,
2026-03-21 01:15+01:00,0.076201
2026-03-21 01:30+01:00,0.081580
2026-03-21 01:45+01:00,0.095034
2026-03-21 02:00+01:00,0.087284
2026-03-21 02:15+01:00,0.093628
2026-03-21 02:30+01:00,0.086907
2026-03-21 02:45+01:00,0.119037
2026-03-21 03:00+01:00,
2026-03-21 03:15+01:00,0.090160
2026-03-21 03:30+01:00,0.093094
2026-03-21 03:45+01:00,0.088820
2026-03-21 04:00+01:00,0.000000
2026-03-21 04:15+01:00,0.099707
2026-03-21 04:30+01:00,0.109141
2026-03-21 04:45+01:00,0.085534
2026-03-21 05:00+01:00,
2026-03-21 05:15+01:00,
2026-03-21 05:30+01:00,
2026-03-21 05:45+01:00,
2026-03-21 06:00+01:00,
2026-03-21 06:15+01:00,
2026-03-21 06:30+01:00,
2026-03-21 06:45+01:00,
2026-03-21 07:00+01:00,
2026-03-21 07:15+01:00,
2026-03-21 07:30+01:00,
2026-03-21 07:45+01:00,
2026-03-21 08:00+01:00,
2026-03-21 08:15+01:00,
2026-03-21 08:30+01:00,
2026-03-21 08:45+01:00,
2026-03-21 09:00+01:00,
2026-03-21 09:15+01:00,
2026-03-21 09:30+01:00,
2026-03-21 09:45+01:00,0.091735
2026-03-21 10:00+01:00,
2026-03-21 10:15+01:00,0.100984
2026-03-21 10:30+01:00,0.103587
2026-03-21 10:45+01:00,0.092660
2026-03-21 11:00+01:00,0.097297
2026-03-21 11:15+01:00,0.105078
2026-03-21 11:30+01:00,
2026-03-21 11:45+01:00,0.080678
2026-03-21 12:00+01:00,0.089822
2026-03-21 12:15+01:00,0.096221
2026-03-21 12:30+01:00,0.079273
2026-03-21 12:45+01:00,0.102260
2026-03-21 13:00+01:00,0.101461
2026-03-21 13:15+01:00,0.912709
2026-03-21 13:30+01:00,0.859162
2026-03-21 13:45+01:00,0.000000
2026-03-21 14:00+01:00,0.092518
2026-03-21 14:15+01:00,0.092035
2026-03-21 14:30+01:00,0.086070
2026-03-21 14:45+01:00,0.110435
2026-03-21 15:00+01:00,0.096476
2026-03-21 15:15+01:00,0.104400
2026-03-21 15:30+01:00,0.089104
2026-03-21 15:45+01:00,0.086433
2026-03-21 16:00+01:00,0.106488
2026-03-21 16:15+01:00,0.080427
2026-03-21 16:30+01:00,0.092213
2026-03-21 16:45+01:00,0.085505
2026-03-21 17:00+01:00,0.105870
2026-03-21 17:15+01:00,0.107927
2026-03-21 17:30+01:00,
2026-03-21 17:45+01:00,0.116903
2026-03-21 18:00+01:00,0.094600
2026-03-21 18:15+01:00,0.087101
2026-03-21 18:30+01:00,0.081187
2026-03-21 18:45+01:00,0.116895
2026-03-21 19:00+01:00,0.080288
2026-03-21 19:15+01:00,0.000000
2026-03-21 19:30+01:00,0.094445
2026-03-21 19:45+01:00,0.000000
2026-03-21 20:00+01:00,0.093328
2026-03-21 20:15+01:00,
2026-03-21 20:30+01:00,
2026-03-21 20:45+01:00,0.087834
2026-03-21 21:00+01:00,0.092958
2026-03-21 21:15+01:00,0.092542
2026-03-21 21:30+01:00,0.083389
2026-03-21 21:45+01:00,0.081834
2026-03-21 22:00+01:00,0.091673
2026-03-21 22:15+01:00,0.097313
2026-03-21 22:30+01:00,0.079581
2026-03-21 22:45+01:00,0.116006
2026-03-21 23:00+01:00,0.094804
2026-03-21 23:15+01:00,0.086467
2026-03-21 23:30+01:00,
2026-03-21 23:45+01:00,0.078704
2026-03-22 00:00+01:00,0.000000
2026-03-22 00:15+01:00,0.074920
2026-03-22 00:30+01:00,0.099857
2026-03-22 00:45+01:00,0.093541
2026-03-22 01:00+01:00,0.075461
2026-03-22 01:15+01:00,0.086553
2026-03-22 01:30+01:00,0.093027
2026-03-22 01:45+01:00,0.081301
2026-03-22 02:00+01:00,
2026-03-22 02:15+01:00,0.000000
2026-03-22 02:30+01:00,0.108170
2026-03-22 02:45+01:00,0.103333
2026-03-22 03:00+01:00,0.094038
2026-03-22 03:15+01:00,0.092695
2026-03-22 03:30+01:00,0.105841
2026-03-22 03:45+01:00,0.106586
2026-03-22 04:00+01:00,0.104375
2026-03-22 04:15+01:00,0.091673
2026-03-22 04:30+01:00,0.097753
2026-03-22 04:45+01:00,0.116016
2026-03-22 05:00+01:00,0.110853
2026-03-22 05:15+01:00,0.096513
2026-03-22 05:30+01:00,0.081097
2026-03-22 05:45+01:00,0.078229
2026-03-22 06:00+01:00,0.080350
2026-03-22 06:15+01:00,0.087900
2026-03-22 06:30+01:00,0.105644
2026-03-22 06:45+01:00,0.082704
2026-03-22 07:00+01:00,0.098901
2026-03-22 07:15+01:00,0.111682
2026-03-22 07:30+01:00,0.085228
2026-03-22 07:45+01:00,0.089654
2026-03-22 08:00+01:00,0.085682
2026-03-22 08:15+01:00,0.119213
2026-03-22 08:30+01:00,0.101103
2026-03-22 08:45+01:00,0.087828
2026-03-22 09:00+01:00,0.096769
2026-03-22 09:15+01:00,0.100122
2026-03-22 09:30+01:00,0.100172
2026-03-22 09:45+01:00,0.094687
2026-03-22 10:00+01:00,0.085767
2026-03-22 10:15+01:00,
2026-03-22 10:30+01:00,0.085325
2026-03-22 10:45+01:00,0.095871
2026-03-22 11:00+01:00,0.091927
2026-03-22 11:15+01:00,0.108753
2026-03-22 11:30+01:00,0.076774
2026-03-22 11:45+01:00,0.084197
2026-03-22 12:00+01:00,0.110034
2026-03-22 12:15+01:00,0.098363
2026-03-22 12:30+01:00,0.094912
2026-03-22 12:45+01:00,
2026-03-22 13:00+01:00,0.113776
2026-03-22 13:15+01:00,0.092716
2026-03-22 13:30+01:00,0.084502
2026-03-22 13:45+01:00,0.101571
2026-03-22 14:00+01:00,0.091080
2026-03-22 14:15+01:00,0.085881
2026-03-22 14:30+01:00,0.097644
2026-03-22 14:45+01:00,
2026-03-22 15:00+01:00,0.089267
2026-03-22 15:15+01:00,0.076710
2026-03-22 15:30+01:00,
2026-03-22 15:45+01:00,0.000000
2026-03-22 16:00+01:00,0.093147
2026-03-22 16:15+01:00,0.095658
2026-03-22 16:30+01:00,0.077979
2026-03-22 16:45+01:00,0.106505
2026-03-22 17:00+01:00,0.090509
2026-03-22 17:15+01:00,0.087152
2026-03-22 17:30+01:00,0.101331
2026-03-22 17:45+01:00,0.082191
2026-03-22 18:00+01:00,0.087616
2026-03-22 18:15+01:00,0.086475
2026-03-22 18:30+01:00,0.080916
2026-03-22 18:45+01:00,0.000000
2026-03-22 19:00+01:00,0.089712
2026-03-22 19:15+01:00,0.082373
2026-03-22 19:30+01:00,0.085736
2026-03-22 19:45+01:00,
2026-03-22 20:00+01:00,0.097798
2026-03-22 20:15+01:00,0.102831
2026-03-22 20:30+01:00,0.093179
2026-03-22 20:45+01:00,0.084498
2026-03-22 21:00+01:00,0.097197
2026-03-22 21:15+01:00,0.105158
2026-03-22 21:30+01:00,
2026-03-22 21:45+01:00,0.097814
2026-03-22 22:00+01:00,0.083539
2026-03-22 22:15+01:00,0.094242
2026-03-22 22:30+01:00,0.082798
2026-03-22 22:45+01:00,0.104002
2026-03-22 23:00+01:00,0.099220
2026-03-22 23:15+01:00,0.093888
2026-03-22 23:30+01:00,0.082438
2026-03-22 23:45+01:00,0.104996
2026-03-23 00:00+01:00,0.078511
2026-03-23 00:15+01:00,0.000000
2026-03-23 00:30+01:00,0.194775
2026-03-23 00:45+01:00,
2026-03-23 01:00+01:00,0.157012
2026-03-23 01:15+01:00,0.206990
2026-03-23 01:30+01:00,0.226279
2026-03-23 01:45+01:00,0.241157
2026-03-23 02:00+01:00,0.255127
2026-03-23 02:15+01:00,0.197431
2026-03-23 02:30+01:00,0.233223
2026-03-23 02:45+01:00,0.225192
2026-03-23 03:00+01:00,0.233518
2026-03-23 03:15+01:00,0.191194
2026-03-23 03:30+01:00,0.241161
2026-03-23 03:45+01:00,0.000000
2026-03-23 04:00+01:00,0.184000
2026-03-23 04:15+01:00,0.184070
2026-03-23 04:30+01:00,0.198587
2026-03-23 04:45+01:00,0.198118
2026-03-23 05:00+01:00,0.215920
2026-03-23 05:15+01:00,0.206312
2026-03-23 05:30+01:00,0.193999
2026-03-23 05:45+01:00,0.203786
2026-03-23 06:00+01:00,0.210331
2026-03-23 06:15+01:00,0.183559
2026-03-23 06:30+01:00,0.208966
2026-03-23 06:45+01:00,0.194826
2026-03-23 07:00+01:00,8.499383
2026-03-23 07:15+01:00,8.441809
2026-03-23 07:30+01:00,
2026-03-23 07:45+01:00,8.460208
2026-03-23 08:00+01:00,8.661820
2026-03-23 08:15+01:00,8.082944
2026-03-23 08:30+01:00,8.340579
2026-03-23 08:45+01:00,8.350122
2026-03-23 09:00+01:00,8.604414
2026-03-23 09:15+01:00,
2026-03-23 09:30+01:00,8.296097
2026-03-23 09:45+01:00,8.523430
2026-03-23 10:00+01:00,8.756182
2026-03-23 10:15+01:00,
2026-03-23 10:30+01:00,9.035957
2026-03-23 10:45+01:00,8.881507
2026-03-23 11:00+01:00,8.495669
2026-03-23 11:15+01:00,8.546131
2026-03-23 11:30+01:00,8.534366
2026-03-23 11:45+01:00,8.970908
2026-03-23 12:00+01:00,8.544825
2026-03-23 12:15+01:00,8.197496
2026-03-23 12:30+01:00,
2026-03-23 12:45+01:00,8.807070
2026-03-23 13:00+01:00,8.314590
2026-03-23 13:15+01:00,
2026-03-23 13:30+01:00,
2026-03-23 13:45+01:00,8.751452
2026-03-23 14:00+01:00,8.606072
2026-03-23 14:15+01:00,8.461414
2026-03-23 14:30+01:00,8.752035
2026-03-23 14:45+01:00,9.001838
2026-03-23 15:00+01:00,8.387929
2026-03-23 15:15+01:00,
2026-03-23 15:30+01:00,
2026-03-23 15:45+01:00,8.489793
2026-03-23 16:00+01:00,8.427442
2026-03-23 16:15+01:00,8.413975
2026-03-23 16:30+01:00,8.060206
2026-03-23 16:45+01:00,8.357935
2026-03-23 17:00+01:00,8.142335
2026-03-23 17:15+01:00,8.798337
2026-03-23 17:30+01:00,8.305787
2026-03-23 17:45+01:00,9.373846
2026-03-23 18:00+01:00,0.184937
2026-03-23 18:15+01:00,0.000000
2026-03-23 18:30+01:00,0.227088
2026-03-23 18:45+01:00,0.215747
2026-03-23 19:00+01:00,0.220723
2026-03-23 19:15+01:00,0.210692
2026-03-23 19:30+01:00,0.204905
2026-03-23 19:45+01:00,0.178629
2026-03-23 20:00+01:00,0.000000
2026-03-23 20:15+01:00,0.207261
2026-03-23 20:30+01:00,0.180983
2026-03-23 20:45+01:00,0.226626
2026-03-23 21:00+01:00,0.222403
2026-03-23 21:15+01:00,0.216661
2026-03-23 21:30+01:00,0.215850
2026-03-23 21:45+01:00,0.213827
2026-03-23 22:00+01:00,0.000000
2026-03-23 22:15+01:00,0.215607
2026-03-23 22:30+01:00,0.199573
2026-03-23 22:45+01:00,0.200017
2026-03-23 23:00+01:00,0.205696
2026-03-23 23:15+01:00,0.251971
2026-03-23 23:30+01:00,0.000000
2026-03-23 23:45+01:00,0.223655
2026-03-24 00:00+01:00,0.194687
2026-03-24 00:15+01:00,0.203389
2026-03-24 00:30+01:00,0.160589
2026-03-24 00:45+01:00,0.167044
2026-03-24 01:00+01:00,0.237990
2026-03-24 01:15+01:00,0.245602
2026-03-24 01:30+01:00,0.207496
2026-03-24 01:45+01:00,0.178284
2026-03-24 02:00+01:00,0.193774
2026-03-24 02:15+01:00,
2026-03-24 02:30+01:00,0.235509
2026-03-24 02:45+01:00,0.195093
2026-03-24 03:00+01:00,0.234210
2026-03-24 03:15+01:00,0.169758
2026-03-24 03:30+01:00,0.198342
2026-03-24 03:45+01:00,0.223896
2026-03-24 04:00+01:00,0.182039
2026-03-24 04:15+01:00,0.216577
2026-03-24 04:30+01:00,0.213812
2026-03-24 04:45+01:00,0.174847
2026-03-24 05:00+01:00,0.203914
2026-03-24 05:15+01:00,0.168511
2026-03-24 05:30+01:00,0.179908
2026-03-24 05:45+01:00,
2026-03-24 06:00+01:00,0.213500
2026-03-24 06:15+01:00,0.190196
2026-03-24 06:30+01:00,0.153821
2026-03-24 06:45+01:00,0.174583
2026-03-24 07:00+01:00,8.525872
2026-03-24 07:15+01:00,8.353833
2026-03-24 07:30+01:00,9.202151
2026-03-24 07:45+01:00,8.246552
2026-03-24 08:00+01:00,8.308817
2026-03-24 08:15+01:00,8.976878
2026-03-24 08:30+01:00,8.145163
2026-03-24 08:45+01:00,8.459402
2026-03-24 09:00+01:00,8.805142
2026-03-24 09:15+01:00,8.513597
2026-03-24 09:30+01:00,8.525094
2026-03-24 09:45+01:00,8.669988
2026-03-24 10:00+01:00,8.783817
2026-03-24 10:15+01:00,8.157467
2026-03-24 10:30+01:00,
2026-03-24 10:45+01:00,7.738551
2026-03-24 11:00+01:00,8.345542
2026-03-24 11:15+01:00,8.141010
2026-03-24 11:30+01:00,7.661244
2026-03-24 11:45+01:00,
2026-03-24 12:00+01:00,8.753164
2026-03-24 12:15+01:00,8.324481
2026-03-24 12:30+01:00,8.158927
2026-03-24 12:45+01:00,8.119786
2026-03-24 13:00+01:00,8.180954
2026-03-24 13:15+01:00,8.193587
2026-03-24 13:30+01:00,8.166802
2026-03-24 13:45+01:00,8.087491
2026-03-24 14:00+01:00,9.010163
2026-03-24 14:15+01:00,8.569406
2026-03-24 14:30+01:00,8.331516
2026-03-24 14:45+01:00,8.227282
2026-03-24 15:00+01:00,8.286899
2026-03-24 15:15+01:00,7.914570
2026-03-24 15:30+01:00,8.416337
2026-03-24 15:45+01:00,8.588233
2026-03-24 16:00+01:00,8.605293
2026-03-24 16:15+01:00,
2026-03-24 16:30+01:00,8.821128
2026-03-24 16:45+01:00,8.609820
2026-03-24 17:00+01:00,8.736830
2026-03-24 17:15+01:00,8.617904
2026-03-24 17:30+01:00,8.884926
2026-03-24 17:45+01:00,7.849587
2026-03-24 18:00+01:00,0.219854
2026-03-24 18:15+01:00,0.222129
2026-03-24 18:30+01:00,0.158500
2026-03-24 18:45+01:00,0.208634
2026-03-24 19:00+01:00,0.196532
2026-03-24 19:15+01:00,0.210647
2026-03-24 19:30+01:00,0.197586
2026-03-24 19:45+01:00,0.199769
2026-03-24 20:00+01:00,0.175166
2026-03-24 20:15+01:00,0.197325
2026-03-24 20:30+01:00,0.210980
2026-03-24 20:45+01:00,0.195430
2026-03-24 21:00+01:00,0.220969
2026-03-24 21:15+01:00,0.194841
2026-03-24 21:30+01:00,0.202470
2026-03-24 21:45+01:00,0.187679
2026-03-24 22:00+01:00,0.182845
2026-03-24 22:15+01:00,0.210362
2026-03-24 22:30+01:00,0.000000
2026-03-24 22:45+01:00,0.186167
2026-03-24 23:00+01:00,0.284846
2026-03-24 23:15+01:00,0.212473
2026-03-24 23:30+01:00,0.228716
2026-03-24 23:45+01:00,0.176555
2026-03-25 00:00+01:00,0.217807
2026-03-25 00:15+01:00,0.194839
2026-03-25 00:30+01:00,0.000000
2026-03-25 00:45+01:00,0.246044
2026-03-25 01:00+01:00,0.196020
2026-03-25 01:15+01:00,0.226646
2026-03-25 01:30+01:00,0.174767
2026-03-25 01:45+01:00,0.225120
2026-03-25 02:00+01:00,0.259042
2026-03-25 02:15+01:00,0.205707
2026-03-25 02:30+01:00,0.193269
2026-03-25 02:45+01:00,0.170738
2026-03-25 03:00+01:00,0.174350
2026-03-25 03:15+01:00,0.213830
2026-03-25 03:30+01:00,0.217313
2026-03-25 03:45+01:00,0.151126
2026-03-25 04:00+01:00,0.247328
2026-03-25 04:15+01:00,0.205959
2026-03-25 04:30+01:00,0.190283
2026-03-25 04:45+01:00,0.194091
2026-03-25 05:00+01:00,0.216715
2026-03-25 05:15+01:00,0.172328
2026-03-25 05:30+01:00,0.216288
2026-03-25 05:45+01:00,0.222730
2026-03-25 06:00+01:00,
2026-03-25 06:15+01:00,0.197064
2026-03-25 06:30+01:00,
2026-03-25 06:45+01:00,0.161824
2026-03-25 07:00+01:00,8.088557
2026-03-25 07:15+01:00,8.646620
2026-03-25 07:30+01:00,8.278358
2026-03-25 07:45+01:00,8.754061
2026-03-25 08:00+01:00,
2026-03-25 08:15+01:00,8.597238
2026-03-25 08:30+01:00,9.118971
2026-03-25 08:45+01:00,8.420382
2026-03-25 09:00+01:00,8.415465
2026-03-25 09:15+01:00,7.883623
2026-03-25 09:30+01:00,8.699082
2026-03-25 09:45+01:00,8.562824
2026-03-25 10:00+01:00,8.310279
2026-03-25 10:15+01:00,8.102805
2026-03-25 10:30+01:00,8.449910
2026-03-25 10:45+01:00,8.943562
2026-03-25 11:00+01:00,9.205308
2026-03-25 11:15+01:00,8.680286
2026-03-25 11:30+01:00,8.467181
2026-03-25 11:45+01:00,8.535152
2026-03-25 12:00+01:00,8.412466
2026-03-25 12:15+01:00,9.133757
2026-03-25 12:30+01:00,8.801036
2026-03-25 12:45+01:00,8.193538
2026-03-25 13:00+01:00,8.649801
2026-03-25 13:15+01:00,9.008325
2026-03-25 13:30+01:00,
2026-03-25 13:45+01:00,8.640839
2026-03-25 14:00+01:00,8.440383
2026-03-25 14:15+01:00,8.298665
2026-03-25 14:30+01:00,8.074352
2026-03-25 14:45+01:00,8.562376
2026-03-25 15:00+01:00,7.802378
2026-03-25 15:15+01:00,9.185556
2026-03-25 15:30+01:00,8.223224
2026-03-25 15:45+01:00,8.596326
2026-03-25 16:00+01:00,
2026-03-25 16:15+01:00,9.210054
2026-03-25 16:30+01:00,8.554921
2026-03-25 16:45+01:00,8.230515
2026-03-25 17:00+01:00,8.318452
2026-03-25 17:15+01:00,8.466160
2026-03-25 17:30+01:00,8.247242
2026-03-25 17:45+01:00,8.386522
2026-03-25 18:00+01:00,0.000000
2026-03-25 18:15+01:00,0.202492
2026-03-25 18:30+01:00,0.153000
2026-03-25 18:45+01:00,0.194830
2026-03-25 19:00+01:00,0.238800
2026-03-25 19:15+01:00,0.203162
2026-03-25 19:30+01:00,0.191556
2026-03-25 19:45+01:00,0.206322
2026-03-25 20:00+01:00,0.211555
2026-03-25 20:15+01:00,0.219745
2026-03-25 20:30+01:00,0.243989
2026-03-25 20:45+01:00,0.212049
2026-03-25 21:00+01:00,0.209232
2026-03-25 21:15+01:00,0.205026
2026-03-25 21:30+01:00,0.221427
2026-03-25 21:45+01:00,0.176592
2026-03-25 22:00+01:00,0.262877
2026-03-25 22:15+01:00,0.198192
2026-03-25 22:30+01:00,0.183225
2026-03-25 22:45+01:00,0.240706
2026-03-25 23:00+01:00,0.163976
2026-03-25 23:15+01:00,0.170341
2026-03-25 23:30+01:00,
2026-03-25 23:45+01:00,0.129480
2026-03-26 00:00+01:00,0.251414
2026-03-26 00:15+01:00,0.211735
2026-03-26 00:30+01:00,0.194354
2026-03-26 00:45+01:00,0.139417
2026-03-26 01:00+01:00,0.190819
2026-03-26 01:15+01:00,0.201600
2026-03-26 01:30+01:00,0.194329
2026-03-26 01:45+01:00,0.000000
2026-03-26 02:00+01:00,0.232374
2026-03-26 02:15+01:00,
2026-03-26 02:30+01:00,0.187178
2026-03-26 02:45+01:00,0.237882
2026-03-26 03:00+01:00,0.249744
2026-03-26 03:15+01:00,0.235959
2026-03-26 03:30+01:00,0.205278
2026-03-26 03:45+01:00,0.223861
2026-03-26 04:00+01:00,0.213972
2026-03-26 04:15+01:00,0.232970
2026-03-26 04:30+01:00,0.245202
2026-03-26 04:45+01:00,0.182654
2026-03-26 05:00+01:00,0.212895
2026-03-26 05:15+01:00,0.201993
2026-03-26 05:30+01:00,0.170700
2026-03-26 05:45+01:00,0.219918
2026-03-26 06:00+01:00,
2026-03-26 06:15+01:00,0.209356
2026-03-26 06:30+01:00,0.225869
2026-03-26 06:45+01:00,0.215939
2026-03-26 07:00+01:00,8.608997
2026-03-26 07:15+01:00,8.335505
2026-03-26 07:30+01:00,8.991432
2026-03-26 07:45+01:00,8.443791
2026-03-26 08:00+01:00,8.136200
2026-03-26 08:15+01:00,7.743062
2026-03-26 08:30+01:00,
2026-03-26 08:45+01:00,8.644287
2026-03-26 09:00+01:00,9.347979
2026-03-26 09:15+01:00,7.989511
2026-03-26 09:30+01:00,9.057640
2026-03-26 09:45+01:00,8.089877
2026-03-26 10:00+01:00,8.347817
2026-03-26 10:15+01:00,8.552990
2026-03-26 10:30+01:00,8.196245
2026-03-26 10:45+01:00,8.697329
2026-03-26 11:00+01:00,8.222211
2026-03-26 11:15+01:00,
2026-03-26 11:30+01:00,8.167615
2026-03-26 11:45+01:00,8.755514
2026-03-26 12:00+01:00,
2026-03-26 12:15+01:00,8.486904
2026-03-26 12:30+01:00,8.819039
2026-03-26 12:45+01:00,8.292007
2026-03-26 13:00+01:00,7.906891
2026-03-26 13:15+01:00,8.661961
2026-03-26 13:30+01:00,8.083921
2026-03-26 13:45+01:00,8.411939
2026-03-26 14:00+01:00,8.923533
2026-03-26 14:15+01:00,
2026-03-26 14:30+01:00,8.876307
2026-03-26 14:45+01:00,8.421555
2026-03-26 15:00+01:00,7.977499
2026-03-26 15:15+01:00,8.688081
2026-03-26 15:30+01:00,
2026-03-26 15:45+01:00,8.845234
2026-03-26 16:00+01:00,8.568116
2026-03-26 16:15+01:00,8.590016
2026-03-26 16:30+01:00,
2026-03-26 16:45+01:00,8.261359
2026-03-26 17:00+01:00,8.847423
2026-03-26 17:15+01:00,8.702702
2026-03-26 17:30+01:00,8.927360
2026-03-26 17:45+01:00,8.830840
2026-03-26 18:00+01:00,0.188024
2026-03-26 18:15+01:00,0.230424
2026-03-26 18:30+01:00,0.207472
2026-03-26 18:45+01:00,0.192092
2026-03-26 19:00+01:00,0.181369
2026-03-26 19:15+01:00,0.213664
2026-03-26 19:30+01:00,0.231766
2026-03-26 19:45+01:00,0.207142
2026-03-26 20:00+01:00,0.229481
2026-03-26 20:15+01:00,0.192025
2026-03-26 20:30+01:00,0.168182
2026-03-26 20:45+01:00,0.164312
2026-03-26 21:00+01:00,0.204352
2026-03-26 21:15+01:00,0.207791
2026-03-26 21:30+01:00,
2026-03-26 21:45+01:00,0.194569
2026-03-26 22:00+01:00,0.210323
2026-03-26 22:15+01:00,0.219197
2026-03-26 22:30+01:00,0.190697
2026-03-26 22:45+01:00,0.143295
2026-03-26 23:00+01:00,0.215888
2026-03-26 23:15+01:00,0.235965
2026-03-26 23:30+01:00,0.185979
2026-03-26 23:45+01:00,0.251652
2026-03-27 00:00+01:00,0.180790
2026-03-27 00:15+01:00,0.213678
2026-03-27 00:30+01:00,0.232306
2026-03-27 00:45+01:00,0.225785
2026-03-27 01:00+01:00,0.200266
2026-03-27 01:15+01:00,0.167694
2026-03-27 01:30+01:00,0.211674
2026-03-27 01:45+01:00,0.233758
2026-03-27 02:00+01:00,0.258315
2026-03-27 02:15+01:00,0.165188
2026-03-27 02:30+01:00,0.246563
2026-03-27 02:45+01:00,0.000000
2026-03-27 03:00+01:00,0.142501
2026-03-27 03:15+01:00,0.190852
2026-03-27 03:30+01:00,0.180500
2026-03-27 03:45+01:00,0.140910
2026-03-27 04:00+01:00,0.221751
2026-03-27 04:15+01:00,0.197326
2026-03-27 04:30+01:00,0.000000
2026-03-27 04:45+01:00,0.241790
2026-03-27 05:00+01:00,0.169584
2026-03-27 05:15+01:00,0.217657
2026-03-27 05:30+01:00,0.228054
2026-03-27 05:45+01:00,0.200977
2026-03-27 06:00+01:00,0.198143
2026-03-27 06:15+01:00,0.168256
2026-03-27 06:30+01:00,0.215450
2026-03-27 06:45+01:00,0.193848
2026-03-27 07:00+01:00,8.104225
2026-03-27 07:15+01:00,8.123298
2026-03-27 07:30+01:00,
2026-03-27 07:45+01:00,8.674580
2026-03-27 08:00+01:00,8.798823
2026-03-27 08:15+01:00,
2026-03-27 08:30+01:00,7.923164
2026-03-27 08:45+01:00,8.611036
2026-03-27 09:00+01:00,8.820863
2026-03-27 09:15+01:00,8.345783
2026-03-27 09:30+01:00,8.243935
2026-03-27 09:45+01:00,8.723845
2026-03-27 10:00+01:00,8.387109
2026-03-27 10:15+01:00,8.478601
2026-03-27 10:30+01:00,
2026-03-27 10:45+01:00,8.757743
2026-03-27 11:00+01:00,8.566484
2026-03-27 11:15+01:00,8.424523
2026-03-27 11:30+01:00,8.895247
2026-03-27 11:45+01:00,9.158929
2026-03-27 12:00+01:00,8.355241
2026-03-27 12:15+01:00,9.190970
2026-03-27 12:30+01:00,8.415247
2026-03-27 12:45+01:00,8.394760
2026-03-27 13:00+01:00,8.565262
2026-03-27 13:15+01:00,8.420222
2026-03-27 13:30+01:00,8.605103
2026-03-27 13:45+01:00,8.023265
2026-03-27 14:00+01:00,8.155423
2026-03-27 14:15+01:00,8.348424
2026-03-27 14:30+01:00,9.124209
2026-03-27 14:45+01:00,9.010992
2026-03-27 15:00+01:00,8.499616
2026-03-27 15:15+01:00,8.341667
2026-03-27 15:30+01:00,8.156942
2026-03-27 15:45+01:00,8.305862
2026-03-27 16:00+01:00,7.970742
2026-03-27 16:15+01:00,8.206290
2026-03-27 16:30+01:00,8.973380
2026-03-27 16:45+01:00,8.649465
2026-03-27 17:00+01:00,8.746804
2026-03-27 17:15+01:00,8.496474
2026-03-27 17:30+01:00,8.509886
2026-03-27 17:45+01:00,8.446507
2026-03-27 18:00+01:00,0.188694
2026-03-27 18:15+01:00,
2026-03-27 18:30+01:00,0.204088
2026-03-27 18:45+01:00,0.189765
2026-03-27 19:00+01:00,0.193113
2026-03-27 19:15+01:00,0.177028
2026-03-27 19:30+01:00,0.187592
2026-03-27 19:45+01:00,0.198488
2026-03-27 20:00+01:00,0.238377
2026-03-27 20:15+01:00,0.000000
2026-03-27 20:30+01:00,0.256931
2026-03-27 20:45+01:00,
2026-03-27 21:00+01:00,0.235470
2026-03-27 21:15+01:00,0.183749
2026-03-27 21:30+01:00,
2026-03-27 21:45+01:00,0.207032
2026-03-27 22:00+01:00,0.212078
2026-03-27 22:15+01:00,1.354549
2026-03-27 22:30+01:00,0.151604
2026-03-27 22:45+01:00,0.169504
2026-03-27 23:00+01:00,0.175611
2026-03-27 23:15+01:00,0.199348
2026-03-27 23:30+01:00,0.192557
2026-03-27 23:45+01:00,0.186921
2026-03-28 00:00+01:00,0.204657
2026-03-28 00:15+01:00,0.104621
2026-03-28 00:30+01:00,0.061713
2026-03-28 00:45+01:00,0.089033
2026-03-28 01:00+01:00,0.098467
2026-03-28 01:15+01:00,0.082635
2026-03-28 01:30+01:00,0.090598
2026-03-28 01:45+01:00,0.123497
2026-03-28 02:00+01:00,0.092363
2026-03-28 02:15+01:00,0.072347
2026-03-28 02:30+01:00,0.080910
2026-03-28 02:45+01:00,0.101017
2026-03-28 03:00+01:00,0.089221
2026-03-28 03:15+01:00,0.093495
2026-03-28 03:30+01:00,0.078295
2026-03-28 03:45+01:00,0.103644
2026-03-28 04:00+01:00,0.102382
2026-03-28 04:15+01:00,0.102030
2026-03-28 04:30+01:00,0.112283
2026-03-28 04:45+01:00,0.077758
2026-03-28 05:00+01:00,0.000000
2026-03-28 05:15+01:00,0.099111
2026-03-28 05:30+01:00,0.085805
2026-03-28 05:45+01:00,0.105704
2026-03-28 06:00+01:00,0.094706
2026-03-28 06:15+01:00,0.106632
2026-03-28 06:30+01:00,0.094862
2026-03-28 06:45+01:00,0.090047
2026-03-28 07:00+01:00,0.083647
2026-03-28 07:15+01:00,0.075252
2026-03-28 07:30+01:00,0.079098
2026-03-28 07:45+01:00,0.096161
2026-03-28 08:00+01:00,0.091360
2026-03-28 08:15+01:00,0.099018
2026-03-28 08:30+01:00,0.090041
2026-03-28 08:45+01:00,0.076885
2026-03-28 09:00+01:00,0.073286
2026-03-28 09:15+01:00,0.084200
2026-03-28 09:30+01:00,0.000000
2026-03-28 09:45+01:00,0.085708
2026-03-28 10:00+01:00,0.078890
2026-03-28 10:15+01:00,
2026-03-28 10:30+01:00,0.081061
2026-03-28 10:45+01:00,0.091286
2026-03-28 11:00+01:00,0.087512
2026-03-28 11:15+01:00,0.101336
2026-03-28 11:30+01:00,0.102647
2026-03-28 11:45+01:00,0.096051
2026-03-28 12:00+01:00,0.097683
2026-03-28 12:15+01:00,0.093808
2026-03-28 12:30+01:00,0.082071
2026-03-28 12:45+01:00,0.000000
2026-03-28 13:00+01:00,0.083254
2026-03-28 13:15+01:00,0.089688
2026-03-28 13:30+01:00,0.105502
2026-03-28 13:45+01:00,0.098280
2026-03-28 14:00+01:00,0.105666
2026-03-28 14:15+01:00,0.081541
2026-03-28 14:30+01:00,0.083668
2026-03-28 14:45+01:00,0.101686
2026-03-28 15:00+01:00,0.103564
2026-03-28 15:15+01:00,0.101957
2026-03-28 15:30+01:00,0.079193
2026-03-28 15:45+01:00,0.081535
2026-03-28 16:00+01:00,0.094830
2026-03-28 16:15+01:00,0.100672
2026-03-28 16:30+01:00,0.084048
2026-03-28 16:45+01:00,0.082855
2026-03-28 17:00+01:00,0.090394
2026-03-28 17:15+01:00,0.096838
2026-03-28 17:30+01:00,0.082574
2026-03-28 17:45+01:00,0.095453
2026-03-28 18:00+01:00,
2026-03-28 18:15+01:00,0.090280
2026-03-28 18:30+01:00,0.093269
2026-03-28 18:45+01:00,0.079570
2026-03-28 19:00+01:00,0.104125
2026-03-28 19:15+01:00,0.102209
2026-03-28 19:30+01:00,0.104280
2026-03-28 19:45+01:00,0.000000
2026-03-28 20:00+01:00,0.093026
2026-03-28 20:15+01:00,0.089758
2026-03-28 20:30+01:00,0.086498
2026-03-28 20:45+01:00,0.088086
2026-03-28 21:00+01:00,0.112432
2026-03-28 21:15+01:00,0.101018
2026-03-28 21:30+01:00,0.089412
2026-03-28 21:45+01:00,0.071416
2026-03-28 22:00+01:00,0.076856
2026-03-28 22:15+01:00,0.000000
2026-03-28 22:30+01:00,
2026-03-28 22:45+01:00,0.107945
2026-03-28 23:00+01:00,0.099715
2026-03-28 23:15+01:00,0.109239
2026-03-28 23:30+01:00,0.105136
2026-03-28 23:45+01:00,0.099713
2026-03-29 00:00+01:00,0.000000
2026-03-29 00:15+01:00,0.085437
2026-03-29 00:30+01:00,0.101409
2026-03-29 00:45+01:00,0.096111
2026-03-29 01:00+01:00,0.000000
2026-03-29 01:15+01:00,0.068018
2026-03-29 01:30+01:00,0.098333
2026-03-29 01:45+01:00,0.110986
2026-03-29 03:00+02:00,0.117188
2026-03-29 03:15+02:00,0.089215
2026-03-29 03:30+02:00,0.124378
2026-03-29 03:45+02:00,0.000000
2026-03-29 04:00+02:00,
2026-03-29 04:15+02:00,0.104958
2026-03-29 04:30+02:00,0.105075
2026-03-29 04:45+02:00,0.116944
2026-03-29 05:00+02:00,
2026-03-29 05:15+02:00,
2026-03-29 05:30+02:00,0.118121
2026-03-29 05:45+02:00,
2026-03-29 06:00+02:00,0.103068
2026-03-29 06:15+02:00,0.088361
2026-03-29 06:30+02:00,
2026-03-29 06:45+02:00,0.079386
2026-03-29 07:00+02:00,0.099807
2026-03-29 07:15+02:00,0.076115
2026-03-29 07:30+02:00,0.095275
2026-03-29 07:45+02:00,0.081742
2026-03-29 08:00+02:00,0.071564
2026-03-29 08:15+02:00,0.103843
2026-03-29 08:30+02:00,
2026-03-29 08:45+02:00,0.099756
2026-03-29 09:00+02:00,0.092727
2026-03-29 09:15+02:00,0.094234
2026-03-29 09:30+02:00,0.094500
2026-03-29 09:45+02:00,0.085612
2026-03-29 10:00+02:00,
2026-03-29 10:15+02:00,0.099108
2026-03-29 10:30+02:00,0.084279
2026-03-29 10:45+02:00,0.090279
2026-03-29 11:00+02:00,0.111137
2026-03-29 11:15+02:00,0.087314
2026-03-29 11:30+02:00,0.112092
2026-03-29 11:45+02:00,0.086078
2026-03-29 12:00+02:00,0.084616
2026-03-29 12:15+02:00,0.071123
2026-03-29 12:30+02:00,0.103324
2026-03-29 12:45+02:00,
2026-03-29 13:00+02:00,0.090710
2026-03-29 13:15+02:00,0.107871
2026-03-29 13:30+02:00,0.091217
2026-03-29 13:45+02:00,0.090655
2026-03-29 14:00+02:00,0.097703
2026-03-29 14:15+02:00,0.095122
2026-03-29 14:30+02:00,0.079423
2026-03-29 14:45+02:00,0.088178
2026-03-29 15:00+02:00,0.100442
2026-03-29 15:15+02:00,0.115126
2026-03-29 15:30+02:00,0.088620
2026-03-29 15:45+02:00,0.078138
2026-03-29 16:00+02:00,
2026-03-29 16:15+02:00,0.089208
2026-03-29 16:30+02:00,0.077070
2026-03-29 16:45+02:00,0.084836
2026-03-29 17:00+02:00,0.094164
2026-03-29 17:15+02:00,0.094144
2026-03-29 17:30+02:00,0.099471
2026-03-29 17:45+02:00,0.073389
2026-03-29 18:00+02:00,0.090334
2026-03-29 18:15+02:00,0.093173
2026-03-29 18:30+02:00,0.122960
2026-03-29 18:45+02:00,0.088635
2026-03-29 19:00+02:00,0.099431
2026-03-29 19:15+02:00,0.103490
2026-03-29 19:30+02:00,0.091973
2026-03-29 19:45+02:00,0.090866
2026-03-29 20:00+02:00,0.104423
2026-03-29 20:15+02:00,0.093381
2026-03-29 20:30+02:00,0.110786
2026-03-29 20:45+02:00,0.103890
2026-03-29 21:00+02:00,0.102155
2026-03-29 21:15+02:00,0.085479
2026-03-29 21:30+02:00,0.086107
2026-03-29 21:45+02:00,0.091683
2026-03-29 22:00+02:00,0.087904
2026-03-29 22:15+02:00,0.114728
2026-03-29 22:30+02:00,0.088377
2026-03-29 22:45+02:00,0.105158
2026-03-29 23:00+02:00,0.089433
2026-03-29 23:15+02:00,0.094256
2026-03-29 23:30+02:00,0.083183
2026-03-29 23:45+02:00,0.080249
2026-03-30 00:00+02:00,0.093902
2026-03-30 00:15+02:00,0.199427
2026-03-30 00:30+02:00,0.172573
2026-03-30 00:45+02:00,0.189336
2026-03-30 01:00+02:00,0.214968
2026-03-30 01:15+02:00,0.215691
2026-03-30 01:30+02:00,0.241013
2026-03-30 01:45+02:00,0.220803
2026-03-30 02:00+02:00,0.240858
2026-03-30 02:15+02:00,0.194047
2026-03-30 02:30+02:00,0.222489
2026-03-30 02:45+02:00,0.203353
2026-03-30 03:00+02:00,0.221724
2026-03-30 03:15+02:00,0.239828
2026-03-30 03:30+02:00,0.217264
2026-03-30 03:45+02:00,
2026-03-30 04:00+02:00,0.220188
2026-03-30 04:15+02:00,0.191331
2026-03-30 04:30+02:00,0.220494
2026-03-30 04:45+02:00,0.156968
2026-03-30 05:00+02:00,0.250791
2026-03-30 05:15+02:00,
2026-03-30 05:30+02:00,0.222653
2026-03-30 05:45+02:00,0.198361
2026-03-30 06:00+02:00,0.176401
2026-03-30 06:15+02:00,0.145171
2026-03-30 06:30+02:00,0.212442
2026-03-30 06:45+02:00,0.191825
2026-03-30 07:00+02:00,8.270544
2026-03-30 07:15+02:00,8.842293
2026-03-30 07:30+02:00,9.184619
2026-03-30 07:45+02:00,8.392534
2026-03-30 08:00+02:00,8.749321
2026-03-30 08:15+02:00,9.225839
2026-03-30 08:30+02:00,8.598816
2026-03-30 08:45+02:00,
2026-03-30 09:00+02:00,8.548903
2026-03-30 09:15+02:00,8.674726
2026-03-30 09:30+02:00,8.642880
2026-03-30 09:45+02:00,8.788702
2026-03-30 10:00+02:00,8.486105
2026-03-30 10:15+02:00,8.913421
2026-03-30 10:30+02:00,
2026-03-30 10:45+02:00,8.609478
2026-03-30 11:00+02:00,8.468995
2026-03-30 11:15+02:00,8.610747
2026-03-30 11:30+02:00,8.627141
2026-03-30 11:45+02:00,9.204278
2026-03-30 12:00+02:00,8.476110
2026-03-30 12:15+02:00,7.934205
2026-03-30 12:30+02:00,8.523656
2026-03-30 12:45+02:00,8.116305
2026-03-30 13:00+02:00,8.712658
2026-03-30 13:15+02:00,8.512425
2026-03-30 13:30+02:00,8.420795
2026-03-30 13:45+02:00,8.459729
2026-03-30 14:00+02:00,8.368016
2026-03-30 14:15+02:00,8.434030
2026-03-30 14:30+02:00,
2026-03-30 14:45+02:00,7.693583
2026-03-30 15:00+02:00,8.539448
2026-03-30 15:15+02:00,8.783777
2026-03-30 15:30+02:00,8.739189
2026-03-30 15:45+02:00,8.752646
2026-03-30 16:00+02:00,8.463608
2026-03-30 16:15+02:00,7.975786
2026-03-30 16:30+02:00,8.533646
2026-03-30 16:45+02:00,8.785424
2026-03-30 17:00+02:00,8.005001
2026-03-30 17:15+02:00,8.290317
2026-03-30 17:30+02:00,8.246905
2026-03-30 17:45+02:00,9.009029
2026-03-30 18:00+02:00,0.173353
2026-03-30 18:15+02:00,0.000000
2026-03-30 18:30+02:00,0.255583
2026-03-30 18:45+02:00,0.000000
2026-03-30 19:00+02:00,0.253273
2026-03-30 19:15+02:00,0.206785
2026-03-30 19:30+02:00,0.193948
2026-03-30 19:45+02:00,0.173044
2026-03-30 20:00+02:00,0.212393
2026-03-30 20:15+02:00,0.224909
2026-03-30 20:30+02:00,0.221464
2026-03-30 20:45+02:00,0.216104
2026-03-30 21:00+02:00,0.216599
2026-03-30 21:15+02:00,0.213428
2026-03-30 21:30+02:00,0.177590
2026-03-30 21:45+02:00,0.183641
2026-03-30 22:00+02:00,0.211999
2026-03-30 22:15+02:00,0.158323
2026-03-30 22:30+02:00,0.162198
2026-03-30 22:45+02:00,0.170555
2026-03-30 23:00+02:00,0.212621
2026-03-30 23:15+02:00,0.195861
2026-03-30 23:30+02:00,0.196983
2026-03-30 23:45+02:00,0.216178
2026-03-31 00:00+02:00,0.211890
2026-03-31 00:15+02:00,0.213873
2026-03-31 00:30+02:00,0.211927
2026-03-31 00:45+02:00,0.216595
2026-03-31 01:00+02:00,0.000000
2026-03-31 01:15+02:00,0.186993
2026-03-31 01:30+02:00,0.151347
2026-03-31 01:45+02:00,0.235691
2026-03-31 02:00+02:00,0.238759
2026-03-31 02:15+02:00,
2026-03-31 02:30+02:00,0.171144
2026-03-31 02:45+02:00,0.244846
2026-03-31 03:00+02:00,0.218379
2026-03-31 03:15+02:00,0.193379
2026-03-31 03:30+02:00,0.000000
2026-03-31 03:45+02:00,0.227724
2026-03-31 04:00+02:00,0.178197
2026-03-31 04:15+02:00,0.142788
2026-03-31 04:30+02:00,0.252244
2026-03-31 04:45+02:00,0.210187
2026-03-31 05:00+02:00,0.165902
2026-03-31 05:15+02:00,0.215565
2026-03-31 05:30+02:00,0.240462
2026-03-31 05:45+02:00,0.186742
2026-03-31 06:00+02:00,0.236536
2026-03-31 06:15+02:00,
2026-03-31 06:30+02:00,0.182680
2026-03-31 06:45+02:00,0.194070
2026-03-31 07:00+02:00,8.252845
2026-03-31 07:15+02:00,8.694417
2026-03-31 07:30+02:00,8.666770
2026-03-31 07:45+02:00,8.768360
2026-03-31 08:00+02:00,8.952519
2026-03-31 08:15+02:00,8.703657
2026-03-31 08:30+02:00,8.184008
2026-03-31 08:45+02:00,8.795412
2026-03-31 09:00+02:00,8.312457
2026-03-31 09:15+02:00,8.534242
2026-03-31 09:30+02:00,8.680143
2026-03-31 09:45+02:00,8.415238
2026-03-31 10:00+02:00,8.846732
2026-03-31 10:15+02:00,8.125668
2026-03-31 10:30+02:00,8.513852
2026-03-31 10:45+02:00,8.053752
2026-03-31 11:00+02:00,8.448944
2026-03-31 11:15+02:00,8.422897
2026-03-31 11:30+02:00,8.833277
2026-03-31 11:45+02:00,8.476796
2026-03-31 12:00+02:00,8.065817
2026-03-31 12:15+02:00,8.506232
2026-03-31 12:30+02:00,8.586384
2026-03-31 12:45+02:00,8.441718
2026-03-31 13:00+02:00,8.811353
2026-03-31 13:15+02:00,8.615100
2026-03-31 13:30+02:00,8.362134
2026-03-31 13:45+02:00,8.366404
2026-03-31 14:00+02:00,
2026-03-31 14:15+02:00,8.755860
2026-03-31 14:30+02:00,
2026-03-31 14:45+02:00,8.777167
2026-03-31 15:00+02:00,7.888505
2026-03-31 15:15+02:00,8.315790
2026-03-31 15:30+02:00,8.649986
2026-03-31 15:45+02:00,8.534184
2026-03-31 16:00+02:00,8.258245
2026-03-31 16:15+02:00,8.413478
2026-03-31 16:30+02:00,8.546964
2026-03-31 16:45+02:00,8.181006
2026-03-31 17:00+02:00,8.483770
2026-03-31 17:15+02:00,8.733329
2026-03-31 17:30+02:00,8.613658
2026-03-31 17:45+02:00,8.510184
2026-03-31 18:00+02:00,0.194963
2026-03-31 18:15+02:00,0.195736
2026-03-31 18:30+02:00,0.271776
2026-03-31 18:45+02:00,0.000000
2026-03-31 19:00+02:00,0.181334
2026-03-31 19:15+02:00,0.193078
2026-03-31 19:30+02:00,0.224502
2026-03-31 19:45+02:00,0.000000
2026-03-31 20:00+02:00,0.234279
2026-03-31 20:15+02:00,0.224621
2026-03-31 20:30+02:00,0.000000
2026-03-31 20:45+02:00,0.213500
2026-03-31 21:00+02:00,0.000000
2026-03-31 21:15+02:00,0.230947
2026-03-31 21:30+02:00,0.208013
2026-03-31 21:45+02:00,0.219173
2026-03-31 22:00+02:00,0.214815
2026-03-31 22:15+02:00,0.194839
2026-03-31 22:30+02:00,0.235701
2026-03-31 22:45+02:00,0.190172
2026-03-31 23:00+02:00,0.158145
2026-03-31 23:15+02:00,0.203473
2026-03-31 23:30+02:00,
2026-03-31 23:45+02:00,0.214341
2026-04-01 00:00+02:00,0.204828
2026-04-01 00:15+02:00,0.260148
2026-04-01 00:30+02:00,0.192475
2026-04-01 00:45+02:00,0.166470
2026-04-01 01:00+02:00,0.267375
2026-04-01 01:15+02:00,0.210519
2026-04-01 01:30+02:00,0.161214
2026-04-01 01:45+02:00,0.217272
2026-04-01 02:00+02:00,0.261996
2026-04-01 02:15+02:00,0.159807
2026-04-01 02:30+02:00,0.197092
2026-04-01 02:45+02:00,0.225625
2026-04-01 03:00+02:00,0.179891
2026-04-01 03:15+02:00,0.255966
2026-04-01 03:30+02:00,0.158330
2026-04-01 03:45+02:00,0.205850
2026-04-01 04:00+02:00,0.213064
2026-04-01 04:15+02:00,0.172176
2026-04-01 04:30+02:00,0.221556
2026-04-01 04:45+02:00,0.218993
2026-04-01 05:00+02:00,0.224055
2026-04-01 05:15+02:00,0.218163
2026-04-01 05:30+02:00,0.162510
2026-04-01 05:45+02:00,0.212085
2026-04-01 06:00+02:00,0.199422
2026-04-01 06:15+02:00,0.225620
2026-04-01 06:30+02:00,0.200992
2026-04-01 06:45+02:00,0.216400
2026-04-01 07:00+02:00,9.168070
2026-04-01 07:15+02:00,8.708856
2026-04-01 07:30+02:00,8.385826
2026-04-01 07:45+02:00,8.755848
2026-04-01 08:00+02:00,8.042353
2026-04-01 08:15+02:00,8.491145
2026-04-01 08:30+02:00,8.179024
2026-04-01 08:45+02:00,8.543725
2026-04-01 09:00+02:00,8.562458
2026-04-01 09:15+02:00,8.736846
2026-04-01 09:30+02:00,8.116606
2026-04-01 09:45+02:00,
2026-04-01 10:00+02:00,8.420769
2026-04-01 10:15+02:00,9.086631
2026-04-01 10:30+02:00,8.821837
2026-04-01 10:45+02:00,8.308084
2026-04-01 11:00+02:00,8.465076
2026-04-01 11:15+02:00,8.099786
2026-04-01 11:30+02:00,8.287421
2026-04-01 11:45+02:00,8.163079
2026-04-01 12:00+02:00,8.595943
2026-04-01 12:15+02:00,7.944116
2026-04-01 12:30+02:00,8.959915
2026-04-01 12:45+02:00,9.156290
2026-04-01 13:00+02:00,8.465905
2026-04-01 13:15+02:00,8.004360
2026-04-01 13:30+02:00,8.356337
2026-04-01 13:45+02:00,8.259407
2026-04-01 14:00+02:00,8.734656
2026-04-01 14:15+02:00,8.466815
2026-04-01 14:30+02:00,7.626129
2026-04-01 14:45+02:00,7.935278
2026-04-01 15:00+02:00,8.317373
2026-04-01 15:15+02:00,8.509478
2026-04-01 15:30+02:00,8.748598
2026-04-01 15:45+02:00,8.469340
2026-04-01 16:00+02:00,8.546448
2026-04-01 16:15+02:00,8.492755
2026-04-01 16:30+02:00,8.876397
2026-04-01 16:45+02:00,8.729990
2026-04-01 17:00+02:00,8.319616
2026-04-01 17:15+02:00,9.155530
2026-04-01 17:30+02:00,8.279132
2026-04-01 17:45+02:00,8.608137
2026-04-01 18:00+02:00,0.256742
2026-04-01 18:15+02:00,0.172427
2026-04-01 18:30+02:00,0.205038
2026-04-01 18:45+02:00,0.229169
2026-04-01 19:00+02:00,0.206132
2026-04-01 19:15+02:00,0.241249
2026-04-01 19:30+02:00,0.225015
2026-04-01 19:45+02:00,0.217031
2026-04-01 20:00+02:00,0.178254
2026-04-01 20:15+02:00,0.217576
2026-04-01 20:30+02:00,0.210666
2026-04-01 20:45+02:00,0.183927
2026-04-01 21:00+02:00,0.203181
2026-04-01 21:15+02:00,0.224962
2026-04-01 21:30+02:00,0.191926
2026-04-01 21:45+02:00,0.150646
2026-04-01 22:00+02:00,
2026-04-01 22:15+02:00,0.191589
2026-04-01 22:30+02:00,0.000000
2026-04-01 22:45+02:00,0.218868
2026-04-01 23:00+02:00,0.221927
2026-04-01 23:15+02:00,0.221677
2026-04-01 23:30+02:00,0.166995
2026-04-01 23:45+02:00,0.174118
2026-04-02 00:00+02:00,0.215002
2026-04-02 00:15+02:00,0.000000
2026-04-02 00:30+02:00,0.175590
2026-04-02 00:45+02:00,0.211732
2026-04-02 01:00+02:00,0.228549
2026-04-02 01:15+02:00,0.238958
2026-04-02 01:30+02:00,0.255712
2026-04-02 01:45+02:00,0.190098
2026-04-02 02:00+02:00,0.188891
2026-04-02 02:15+02:00,0.183061
2026-04-02 02:30+02:00,0.110314
2026-04-02 02:45+02:00,0.242876
2026-04-02 03:00+02:00,0.199512
2026-04-02 03:15+02:00,0.213455
2026-04-02 03:30+02:00,0.172534
2026-04-02 03:45+02:00,0.000000
2026-04-02 04:00+02:00,0.200093
2026-04-02 04:15+02:00,0.200493
2026-04-02 04:30+02:00,0.195897
2026-04-02 04:45+02:00,0.192259
2026-04-02 05:00+02:00,0.224298
2026-04-02 05:15+02:00,0.202400
2026-04-02 05:30+02:00,0.000000
2026-04-02 05:45+02:00,0.183124
2026-04-02 06:00+02:00,0.189584
2026-04-02 06:15+02:00,0.188314
2026-04-02 06:30+02:00,0.160990
2026-04-02 06:45+02:00,0.228921
2026-04-02 07:00+02:00,8.113695
2026-04-02 07:15+02:00,8.212597
2026-04-02 07:30+02:00,8.684411
2026-04-02 07:45+02:00,
2026-04-02 08:00+02:00,8.579676
2026-04-02 08:15+02:00,8.856789
2026-04-02 08:30+02:00,8.688605
2026-04-02 08:45+02:00,8.775082
2026-04-02 09:00+02:00,8.045548
2026-04-02 09:15+02:00,8.434604
2026-04-02 09:30+02:00,8.532650
2026-04-02 09:45+02:00,8.338415
2026-04-02 10:00+02:00,9.166084
2026-04-02 10:15+02:00,8.559619
2026-04-02 10:30+02:00,8.752477
2026-04-02 10:45+02:00,8.817436
2026-04-02 11:00+02:00,9.357008
2026-04-02 11:15+02:00,8.532934
2026-04-02 11:30+02:00,8.278534
2026-04-02 11:45+02:00,8.353401
2026-04-02 12:00+02:00,8.134351
2026-04-02 12:15+02:00,8.340535
2026-04-02 12:30+02:00,8.399583
2026-04-02 12:45+02:00,8.524630
2026-04-02 13:00+02:00,8.884362
2026-04-02 13:15+02:00,8.348904
2026-04-02 13:30+02:00,8.221724
2026-04-02 13:45+02:00,8.424742
2026-04-02 14:00+02:00,8.323257
2026-04-02 14:15+02:00,8.310981
2026-04-02 14:30+02:00,9.000544
2026-04-02 14:45+02:00,8.714658
2026-04-02 15:00+02:00,8.402199
2026-04-02 15:15+02:00,8.692825
2026-04-02 15:30+02:00,
2026-04-02 15:45+02:00,8.602861
2026-04-02 16:00+02:00,7.919939
2026-04-02 16:15+02:00,9.191329
2026-04-02 16:30+02:00,8.799456
2026-04-02 16:45+02:00,8.114238
2026-04-02 17:00+02:00,8.365303
2026-04-02 17:15+02:00,8.695136
2026-04-02 17:30+02:00,8.731096
2026-04-02 17:45+02:00,8.590958
2026-04-02 18:00+02:00,0.212951
2026-04-02 18:15+02:00,0.206214
2026-04-02 18:30+02:00,0.197673
2026-04-02 18:45+02:00,0.172811
2026-04-02 19:00+02:00,0.213834
2026-04-02 19:15+02:00,0.190022
2026-04-02 19:30+02:00,0.172285
2026-04-02 19:45+02:00,0.209822
2026-04-02 20:00+02:00,0.194225
2026-04-02 20:15+02:00,0.181540
2026-04-02 20:30+02:00,0.283327
2026-04-02 20:45+02:00,0.221540
2026-04-02 21:00+02:00,0.215638
2026-04-02 21:15+02:00,
2026-04-02 21:30+02:00,0.163354
2026-04-02 21:45+02:00,0.163620
2026-04-02 22:00+02:00,0.214854
2026-04-02 22:15+02:00,0.277256
2026-04-02 22:30+02:00,0.184426
2026-04-02 22:45+02:00,0.215835
2026-04-02 23:00+02:00,0.206312
2026-04-02 23:15+02:00,0.156213
2026-04-02 23:30+02:00,0.220400
2026-04-02 23:45+02:00,0.170510
2026-04-03 00:00+02:00,0.184138
2026-04-03 00:15+02:00,0.188243
2026-04-03 00:30+02:00,0.230014
2026-04-03 00:45+02:00,0.194230
2026-04-03 01:00+02:00,0.204715
2026-04-03 01:15+02:00,0.188206
2026-04-03 01:30+02:00,0.216057
2026-04-03 01:45+02:00,0.199867
2026-04-03 02:00+02:00,0.160804
2026-04-03 02:15+02:00,0.200859
2026-04-03 02:30+02:00,0.186845
2026-04-03 02:45+02:00,0.211597
2026-04-03 03:00+02:00,
2026-04-03 03:15+02:00,0.200124
2026-04-03 03:30+02:00,0.201024
2026-04-03 03:45+02:00,0.246119
2026-04-03 04:00+02:00,0.213408
2026-04-03 04:15+02:00,0.198928
2026-04-03 04:30+02:00,0.214470
2026-04-03 04:45+02:00,0.190439
2026-04-03 05:00+02:00,0.194854
2026-04-03 05:15+02:00,0.200185
2026-04-03 05:30+02:00,0.195770
2026-04-03 05:45+02:00,0.193719
2026-04-03 06:00+02:00,
2026-04-03 06:15+02:00,0.214743
2026-04-03 06:30+02:00,0.215420
2026-04-03 06:45+02:00,0.214967
2026-04-03 07:00+02:00,8.648044
2026-04-03 07:15+02:00,8.632875
2026-04-03 07:30+02:00,8.884169
2026-04-03 07:45+02:00,8.671466
2026-04-03 08:00+02:00,8.284390
2026-04-03 08:15+02:00,8.176274
2026-04-03 08:30+02:00,8.769715
2026-04-03 08:45+02:00,8.527242
2026-04-03 09:00+02:00,
2026-04-03 09:15+02:00,8.940072
2026-04-03 09:30+02:00,
2026-04-03 09:45+02:00,8.611564
2026-04-03 10:00+02:00,8.216379
2026-04-03 10:15+02:00,8.243837
2026-04-03 10:30+02:00,8.268632
2026-04-03 10:45+02:00,8.565723
2026-04-03 11:00+02:00,8.437579
2026-04-03 11:15+02:00,8.409748
2026-04-03 11:30+02:00,8.451749
2026-04-03 11:45+02:00,8.904639
2026-04-03 12:00+02:00,8.577489
2026-04-03 12:15+02:00,8.214184
2026-04-03 12:30+02:00,
2026-04-03 12:45+02:00,8.463166
2026-04-03 13:00+02:00,8.820161
2026-04-03 13:15+02:00,8.700594
2026-04-03 13:30+02:00,9.183457
2026-04-03 13:45+02:00,8.701942
2026-04-03 14:00+02:00,8.959902
2026-04-03 14:15+02:00,8.762729
2026-04-03 14:30+02:00,8.452632
2026-04-03 14:45+02:00,8.601366
2026-04-03 15:00+02:00,8.231426
2026-04-03 15:15+02:00,9.399275
2026-04-03 15:30+02:00,8.358604
2026-04-03 15:45+02:00,8.236252
2026-04-03 16:00+02:00,8.283087
2026-04-03 16:15+02:00,8.540935
2026-04-03 16:30+02:00,8.673571
2026-04-03 16:45+02:00,8.472892
2026-04-03 17:00+02:00,8.396295
2026-04-03 17:15+02:00,8.048683
2026-04-03 17:30+02:00,8.654288
2026-04-03 17:45+02:00,8.601677
2026-04-03 18:00+02:00,0.243241
2026-04-03 18:15+02:00,0.211242
2026-04-03 18:30+02:00,0.190862
2026-04-03 18:45+02:00,0.000000
2026-04-03 19:00+02:00,0.246455
2026-04-03 19:15+02:00,0.201449
2026-04-03 19:30+02:00,0.223684
2026-04-03 19:45+02:00,0.185901
2026-04-03 20:00+02:00,0.225199
2026-04-03 20:15+02:00,0.242093
2026-04-03 20:30+02:00,0.195279
2026-04-03 20:45+02:00,0.222805
2026-04-03 21:00+02:00,0.196386
2026-04-03 21:15+02:00,
2026-04-03 21:30+02:00,0.205573
2026-04-03 21:45+02:00,0.208210
2026-04-03 22:00+02:00,0.197816
2026-04-03 22:15+02:00,0.140732
2026-04-03 22:30+02:00,0.187590
2026-04-03 22:45+02:00,0.194215
2026-04-03 23:00+02:00,0.275012
2026-04-03 23:15+02:00,0.231731
2026-04-03 23:30+02:00,0.176457
2026-04-03 23:45+02:00,0.220927
2026-04-04 00:00+02:00,0.162262
2026-04-04 00:15+02:00,0.087815
2026-04-04 00:30+02:00,0.084010
2026-04-04 00:45+02:00,0.098869
2026-04-04 01:00+02:00,0.081437
2026-04-04 01:15+02:00,0.109079
2026-04-04 01:30+02:00,0.090611
2026-04-04 01:45+02:00,0.000000
2026-04-04 02:00+02:00,0.095917
2026-04-04 02:15+02:00,0.100992
2026-04-04 02:30+02:00,0.100316
2026-04-04 02:45+02:00,0.082477
2026-04-04 03:00+02:00,0.089273
2026-04-04 03:15+02:00,0.088423
2026-04-04 03:30+02:00,0.097269
2026-04-04 03:45+02:00,0.088144
2026-04-04 04:00+02:00,0.096976
2026-04-04 04:15+02:00,0.109327
2026-04-04 04:30+02:00,0.098338
2026-04-04 04:45+02:00,0.094795
2026-04-04 05:00+02:00,0.111154
2026-04-04 05:15+02:00,0.076793
2026-04-04 05:30+02:00,0.107324
2026-04-04 05:45+02:00,0.103587
2026-04-04 06:00+02:00,0.101115
2026-04-04 06:15+02:00,0.079411
2026-04-04 06:30+02:00,0.083719
2026-04-04 06:45+02:00,0.106519
2026-04-04 07:00+02:00,0.105091
2026-04-04 07:15+02:00,0.104686
2026-04-04 07:30+02:00,0.107992
2026-04-04 07:45+02:00,0.092974
2026-04-04 08:00+02:00,0.085988
2026-04-04 08:15+02:00,0.088349
2026-04-04 08:30+02:00,
2026-04-04 08:45+02:00,0.083331
2026-04-04 09:00+02:00,0.094420
2026-04-04 09:15+02:00,0.080961
2026-04-04 09:30+02:00,0.097161
2026-04-04 09:45+02:00,0.100028
2026-04-04 10:00+02:00,0.105251
2026-04-04 10:15+02:00,0.092397
2026-04-04 10:30+02:00,0.000000
2026-04-04 10:45+02:00,0.090930
2026-04-04 11:00+02:00,
2026-04-04 11:15+02:00,0.084016
2026-04-04 11:30+02:00,0.090953
2026-04-04 11:45+02:00,0.000000
2026-04-04 12:00+02:00,0.080077
2026-04-04 12:15+02:00,0.081697
2026-04-04 12:30+02:00,0.065711
2026-04-04 12:45+02:00,0.097893
2026-04-04 13:00+02:00,0.091051
2026-04-04 13:15+02:00,0.000000
2026-04-04 13:30+02:00,0.086771
2026-04-04 13:45+02:00,0.091426
2026-04-04 14:00+02:00,0.091523
2026-04-04 14:15+02:00,0.104690
2026-04-04 14:30+02:00,0.102585
2026-04-04 14:45+02:00,0.097217
2026-04-04 15:00+02:00,0.101219
2026-04-04 15:15+02:00,0.092288
2026-04-04 15:30+02:00,0.092469
2026-04-04 15:45+02:00,0.000000
2026-04-04 16:00+02:00,0.090645
2026-04-04 16:15+02:00,0.086599
2026-04-04 16:30+02:00,0.108013
2026-04-04 16:45+02:00,0.087969
2026-04-04 17:00+02:00,0.078698
2026-04-04 17:15+02:00,0.000000
2026-04-04 17:30+02:00,0.000000
2026-04-04 17:45+02:00,0.100745
2026-04-04 18:00+02:00,0.089218
2026-04-04 18:15+02:00,0.097983
2026-04-04 18:30+02:00,0.065002
2026-04-04 18:45+02:00,0.096776
2026-04-04 19:00+02:00,0.097388
2026-04-04 19:15+02:00,0.106195
2026-04-04 19:30+02:00,0.094690
2026-04-04 19:45+02:00,0.104068
2026-04-04 20:00+02:00,0.080356
2026-04-04 20:15+02:00,0.102460
2026-04-04 20:30+02:00,0.090938
2026-04-04 20:45+02:00,0.117813
2026-04-04 21:00+02:00,0.091233
2026-04-04 21:15+02:00,0.091132
2026-04-04 21:30+02:00,0.106565
2026-04-04 21:45+02:00,0.104156
2026-04-04 22:00+02:00,0.085549
2026-04-04 22:15+02:00,0.107366
2026-04-04 22:30+02:00,0.096752
2026-04-04 22:45+02:00,0.095335
2026-04-04 23:00+02:00,0.086584
2026-04-04 23:15+02:00,
2026-04-04 23:30+02:00,0.107841
2026-04-04 23:45+02:00,0.094538
2026-04-05 00:00+02:00,0.103159
