timestamp,value_kwh
2026-01-05 00:15+01:00,0.000000
2026-01-05 00:30+01:00,0.000000
2026-01-05 00:45+01:00,0.000000
2026-01-05 01:00+01:00,0.000000
2026-01-05 01:15+01:00,28.428870
2026-01-05 01:30+01:00,28.989984
2026-01-05 01:45+01:00,25.341014
2026-01-05 02:00+01:00,26.723552
2026-01-05 02:15+01:00,26.045441
2026-01-05 02:30+01:00,24.394233
2026-01-05 02:45+01:00,25.513446
2026-01-05 03:00+01:00,26.982825
2026-01-05 03:15+01:00,26.760722
2026-01-05 03:30+01:00,23.840607
2026-01-05 03:45+01:00,23.954148
2026-01-05 04:00+01:00,0.000000
2026-01-05 04:15+01:00,0.000000
2026-01-05 04:30+01:00,0.000000
2026-01-05 04:45+01:00,0.000000
2026-01-05 05:00+01:00,0.000000
2026-01-05 05:15+01:00,0.000000
2026-01-05 05:30+01:00,0.000000
2026-01-05 05:45+01:00,0.000000
2026-01-05 06:00+01:00,0.000000
2026-01-05 06:15+01:00,0.000000
2026-01-05 06:30+01:00,0.000000
2026-01-05 06:45+01:00,0.000000
2026-01-05 07:00+01:00,0.000000
2026-01-05 07:15+01:00,0.000000
2026-01-05 07:30+01:00,0.000000
2026-01-05 07:45+01:00,0.000000
2026-01-05 08:00+01:00,0.000000
2026-01-05 08:15+01:00,0.000000
2026-01-05 08:30+01:00,0.000000
2026-01-05 08:45+01:00,0.000000
2026-01-05 09:00+01:00,0.000000
2026-01-05 09:15+01:00,0.000000
2026-01-05 09:30+01:00,0.000000
2026-01-05 09:45+01:00,0.000000
2026-01-05 10:00+01:00,0.000000
2026-01-05 10:15+01:00,0.000000
2026-01-05 10:30+01:00,0.000000
2026-01-05 10:45+01:00,0.000000
2026-01-05 11:00+01:00,0.000000
2026-01-05 11:15+01:00,0.000000
2026-01-05 11:30+01:00,0.000000
2026-01-05 11:45+01:00,0.000000
2026-01-05 12:00+01:00,0.000000
2026-01-05 12:15+01:00,0.000000
2026-01-05 12:30+01:00,0.000000
2026-01-05 12:45+01:00,0.000000
2026-01-05 13:00+01:00,0.000000
2026-01-05 13:15+01:00,0.000000
2026-01-05 13:30+01:00,0.000000
2026-01-05 13:45+01:00,0.000000
2026-01-05 14:00+01:00,0.000000
2026-01-05 14:15+01:00,0.000000
2026-01-05 14:30+01:00,0.000000
2026-01-05 14:45+01:00,0.000000
2026-01-05 15:00+01:00,0.000000
2026-01-05 15:15+01:00,24.658883
2026-01-05 15:30+01:00,27.773701
2026-01-05 15:45+01:00,25.606399
2026-01-05 16:00+01:00,24.906774
2026-01-05 16:15+01:00,27.599573
2026-01-05 16:30+01:00,24.865059
2026-01-05 16:45+01:00,26.939347
2026-01-05 17:00+01:00,24.558699
2026-01-05 17:15+01:00,27.335492
2026-01-05 17:30+01:00,28.618372
2026-01-05 17:45+01:00,0.000000
2026-01-05 18:00+01:00,0.000000
2026-01-05 18:15+01:00,0.000000
2026-01-05 18:30+01:00,0.000000
2026-01-05 18:45+01:00,24.959719
2026-01-05 19:00+01:00,23.289587
2026-01-05 19:15+01:00,23.515128
2026-01-05 19:30+01:00,22.911559
2026-01-05 19:45+01:00,26.090468
2026-01-05 20:00+01:00,25.341538
2026-01-05 20:15+01:00,25.462469
2026-01-05 20:30+01:00,27.693537
2026-01-05 20:45+01:00,24.115405
2026-01-05 21:00+01:00,29.167194
2026-01-05 21:15+01:00,0.000000
2026-01-05 21:30+01:00,0.000000
2026-01-05 21:45+01:00,0.000000
2026-01-05 22:00+01:00,0.000000
2026-01-05 22:15+01:00,0.000000
2026-01-05 22:30+01:00,0.000000
2026-01-05 22:45+01:00,0.000000
2026-01-05 23:00+01:00,0.000000
2026-01-05 23:15+01:00,0.000000
2026-01-05 23:30+01:00,0.000000
2026-01-05 23:45+01:00,0.000000
2026-01-06 00:00+01:00,0.000000
2026-01-06 00:15+01:00,0.000000
2026-01-06 00:30+01:00,0.000000
2026-01-06 00:45+01:00,0.000000
2026-01-06 01:00+01:00,0.000000
2026-01-06 01:15+01:00,0.000000
2026-01-06 01:30+01:00,0.000000
2026-01-06 01:45+01:00,0.000000
2026-01-06 02:00+01:00,0.000000
2026-01-06 02:15+01:00,0.000000
2026-01-06 02:30+01:00,0.000000
2026-01-06 02:45+01:00,0.000000
2026-01-06 03:00+01:00,0.000000
2026-01-06 03:15+01:00,0.000000
2026-01-06 03:30+01:00,0.000000
2026-01-06 03:45+01:00,0.000000
2026-01-06 04:00+01:00,0.000000
2026-01-06 04:15+01:00,0.000000
2026-01-06 04:30+01:00,0.000000
2026-01-06 04:45+01:00,0.000000
2026-01-06 05:00+01:00,26.816134
2026-01-06 05:15+01:00,29.561704
2026-01-06 05:30+01:00,25.228018
2026-01-06 05:45+01:00,27.605053
2026-01-06 06:00+01:00,26.807172
2026-01-06 06:15+01:00,26.916954
2026-01-06 06:30+01:00,25.726322
2026-01-06 06:45+01:00,22.059929
2026-01-06 07:00+01:00,29.142808
2026-01-06 07:15+01:00,25.799760
2026-01-06 07:30+01:00,28.196710
2026-01-06 07:45+01:00,25.619724
2026-01-06 08:00+01:00,29.294450
2026-01-06 08:15+01:00,26.299224
2026-01-06 08:30+01:00,25.438566
2026-01-06 08:45+01:00,26.282538
2026-01-06 09:00+01:00,0.000000
2026-01-06 09:15+01:00,0.000000
2026-01-06 09:30+01:00,0.000000
2026-01-06 09:45+01:00,0.000000
2026-01-06 10:00+01:00,0.000000
2026-01-06 10:15+01:00,0.000000
2026-01-06 10:30+01:00,0.000000
2026-01-06 10:45+01:00,0.000000
2026-01-06 11:00+01:00,0.000000
2026-01-06 11:15+01:00,0.000000
2026-01-06 11:30+01:00,0.000000
2026-01-06 11:45+01:00,27.615672
2026-01-06 12:00+01:00,25.185002
2026-01-06 12:15+01:00,23.520119
2026-01-06 12:30+01:00,23.925877
2026-01-06 12:45+01:00,26.171849
2026-01-06 13:00+01:00,22.508250
2026-01-06 13:15+01:00,21.882114
2026-01-06 13:30+01:00,28.872189
2026-01-06 13:45+01:00,25.119893
2026-01-06 14:00+01:00,26.437692
2026-01-06 14:15+01:00,24.938795
2026-01-06 14:30+01:00,24.345189
2026-01-06 14:45+01:00,29.739831
2026-01-06 15:00+01:00,27.973018
2026-01-06 15:15+01:00,25.521934
2026-01-06 15:30+01:00,0.000000
2026-01-06 15:45+01:00,0.000000
2026-01-06 16:00+01:00,0.000000
2026-01-06 16:15+01:00,0.000000
2026-01-06 16:30+01:00,0.000000
2026-01-06 16:45+01:00,0.000000
2026-01-06 17:00+01:00,0.000000
2026-01-06 17:15+01:00,0.000000
2026-01-06 17:30+01:00,0.000000
2026-01-06 17:45+01:00,0.000000
2026-01-06 18:00+01:00,0.000000
2026-01-06 18:15+01:00,0.000000
2026-01-06 18:30+01:00,0.000000
2026-01-06 18:45+01:00,0.000000
2026-01-06 19:00+01:00,0.000000
2026-01-06 19:15+01:00,0.000000
2026-01-06 19:30+01:00,0.000000
2026-01-06 19:45+01:00,0.000000
2026-01-06 20:00+01:00,0.000000
2026-01-06 20:15+01:00,0.000000
2026-01-06 20:30+01:00,0.000000
2026-01-06 20:45+01:00,0.000000
2026-01-06 21:00+01:00,0.000000
2026-01-06 21:15+01:00,0.000000
2026-01-06 21:30+01:00,0.000000
2026-01-06 21:45+01:00,0.000000
2026-01-06 22:00+01:00,0.000000
2026-01-06 22:15+01:00,0.000000
2026-01-06 22:30+01:00,0.000000
2026-01-06 22:45+01:00,0.000000
2026-01-06 23:00+01:00,0.000000
2026-01-06 23:15+01:00,0.000000
2026-01-06 23:30+01:00,0.000000
2026-01-06 23:45+01:00,0.000000
2026-01-07 00:00+01:00,0.000000
2026-01-07 00:15+01:00,0.000000
2026-01-07 00:30+01:00,0.000000
2026-01-07 00:45+01:00,0.000000
2026-01-07 01:00+01:00,0.000000
2026-01-07 01:15+01:00,0.000000
2026-01-07 01:30+01:00,0.000000
2026-01-07 01:45+01:00,0.000000
2026-01-07 02:00+01:00,0.000000
2026-01-07 02:15+01:00,25.496478
2026-01-07 02:30+01:00,26.090941
2026-01-07 02:45+01:00,28.867477
2026-01-07 03:00+01:00,25.314092
2026-01-07 03:15+01:00,24.497998
2026-01-07 03:30+01:00,25.730146
2026-01-07 03:45+01:00,23.647992
2026-01-07 04:00+01:00,25.731486
2026-01-07 04:15+01:00,27.516007
2026-01-07 04:30+01:00,25.695360
2026-01-07 04:45+01:00,22.875315
2026-01-07 05:00+01:00,0.000000
2026-01-07 05:15+01:00,0.000000
2026-01-07 05:30+01:00,0.000000
2026-01-07 05:45+01:00,0.000000
2026-01-07 06:00+01:00,0.000000
2026-01-07 06:15+01:00,0.000000
2026-01-07 06:30+01:00,0.000000
2026-01-07 06:45+01:00,0.000000
2026-01-07 07:00+01:00,0.000000
2026-01-07 07:15+01:00,0.000000
2026-01-07 07:30+01:00,0.000000
2026-01-07 07:45+01:00,0.000000
2026-01-07 08:00+01:00,0.000000
2026-01-07 08:15+01:00,0.000000
2026-01-07 08:30+01:00,0.000000
2026-01-07 08:45+01:00,0.000000
2026-01-07 09:00+01:00,0.000000
2026-01-07 09:15+01:00,0.000000
2026-01-07 09:30+01:00,0.000000
2026-01-07 09:45+01:00,0.000000
2026-01-07 10:00+01:00,0.000000
2026-01-07 10:15+01:00,0.000000
2026-01-07 10:30+01:00,0.000000
2026-01-07 10:45+01:00,0.000000
2026-01-07 11:00+01:00,0.000000
2026-01-07 11:15+01:00,0.000000
2026-01-07 11:30+01:00,0.000000
2026-01-07 11:45+01:00,0.000000
2026-01-07 12:00+01:00,0.000000
2026-01-07 12:15+01:00,0.000000
2026-01-07 12:30+01:00,0.000000
2026-01-07 12:45+01:00,0.000000
2026-01-07 13:00+01:00,0.000000
2026-01-07 13:15+01:00,0.000000
2026-01-07 13:30+01:00,0.000000
2026-01-07 13:45+01:00,25.215551
2026-01-07 14:00+01:00,29.816818
2026-01-07 14:15+01:00,27.004740
2026-01-07 14:30+01:00,26.356726
2026-01-07 14:45+01:00,28.079227
2026-01-07 15:00+01:00,23.915569
2026-01-07 15:15+01:00,
2026-01-07 15:30+01:00,25.608016
2026-01-07 15:45+01:00,26.560796
2026-01-07 16:00+01:00,24.577682
2026-01-07 16:15+01:00,0.000000
2026-01-07 16:30+01:00,0.000000
2026-01-07 16:45+01:00,0.000000
2026-01-07 17:00+01:00,0.000000
2026-01-07 17:15+01:00,0.000000
2026-01-07 17:30+01:00,0.000000
2026-01-07 17:45+01:00,0.000000
2026-01-07 18:00+01:00,0.000000
2026-01-07 18:15+01:00,24.595118
2026-01-07 18:30+01:00,27.384699
2026-01-07 18:45+01:00,26.336656
2026-01-07 19:00+01:00,25.930133
2026-01-07 19:15+01:00,22.183996
2026-01-07 19:30+01:00,25.476058
2026-01-07 19:45+01:00,24.988883
2026-01-07 20:00+01:00,24.016483
2026-01-07 20:15+01:00,23.968395
2026-01-07 20:30+01:00,26.089326
2026-01-07 20:45+01:00,0.000000
2026-01-07 21:00+01:00,0.000000
2026-01-07 21:15+01:00,0.000000
2026-01-07 21:30+01:00,0.000000
2026-01-07 21:45+01:00,0.000000
2026-01-07 22:00+01:00,0.000000
2026-01-07 22:15+01:00,0.000000
2026-01-07 22:30+01:00,0.000000
2026-01-07 22:45+01:00,0.000000
2026-01-07 23:00+01:00,0.000000
2026-01-07 23:15+01:00,0.000000
2026-01-07 23:30+01:00,0.000000
2026-01-07 23:45+01:00,0.000000
2026-01-08 00:00+01:00,0.000000
2026-01-08 00:15+01:00,0.000000
2026-01-08 00:30+01:00,0.000000
2026-01-08 00:45+01:00,0.000000
2026-01-08 01:00+01:00,0.000000
2026-01-08 01:15+01:00,0.000000
2026-01-08 01:30+01:00,0.000000
2026-01-08 01:45+01:00,0.000000
2026-01-08 02:00+01:00,0.000000
2026-01-08 02:15+01:00,0.000000
2026-01-08 02:30+01:00,0.000000
2026-01-08 02:45+01:00,0.000000
2026-01-08 03:00+01:00,0.000000
2026-01-08 03:15+01:00,0.000000
2026-01-08 03:30+01:00,0.000000
2026-01-08 03:45+01:00,0.000000
2026-01-08 04:00+01:00,0.000000
2026-01-08 04:15+01:00,0.000000
2026-01-08 04:30+01:00,0.000000
2026-01-08 04:45+01:00,0.000000
2026-01-08 05:00+01:00,0.000000
2026-01-08 05:15+01:00,0.000000
2026-01-08 05:30+01:00,0.000000
2026-01-08 05:45+01:00,0.000000
2026-01-08 06:00+01:00,0.000000
2026-01-08 06:15+01:00,0.000000
2026-01-08 06:30+01:00,0.000000
2026-01-08 06:45+01:00,0.000000
2026-01-08 07:00+01:00,0.000000
2026-01-08 07:15+01:00,0.000000
2026-01-08 07:30+01:00,0.000000
2026-01-08 07:45+01:00,0.000000
2026-01-08 08:00+01:00,0.000000
2026-01-08 08:15+01:00,0.000000
2026-01-08 08:30+01:00,0.000000
2026-01-08 08:45+01:00,0.000000
2026-01-08 09:00+01:00,0.000000
2026-01-08 09:15+01:00,0.000000
2026-01-08 09:30+01:00,0.000000
2026-01-08 09:45+01:00,0.000000
2026-01-08 10:00+01:00,0.000000
2026-01-08 10:15+01:00,0.000000
2026-01-08 10:30+01:00,0.000000
2026-01-08 10:45+01:00,0.000000
2026-01-08 11:00+01:00,0.000000
2026-01-08 11:15+01:00,0.000000
2026-01-08 11:30+01:00,0.000000
2026-01-08 11:45+01:00,0.000000
2026-01-08 12:00+01:00,0.000000
2026-01-08 12:15+01:00,0.000000
2026-01-08 12:30+01:00,0.000000
2026-01-08 12:45+01:00,0.000000
2026-01-08 13:00+01:00,0.000000
2026-01-08 13:15+01:00,0.000000
2026-01-08 13:30+01:00,0.000000
2026-01-08 13:45+01:00,0.000000
2026-01-08 14:00+01:00,0.000000
2026-01-08 14:15+01:00,0.000000
2026-01-08 14:30+01:00,26.903636
2026-01-08 14:45+01:00,23.060763
2026-01-08 15:00+01:00,24.045923
2026-01-08 15:15+01:00,28.583482
2026-01-08 15:30+01:00,26.441195
2026-01-08 15:45+01:00,24.293601
2026-01-08 16:00+01:00,26.862193
2026-01-08 16:15+01:00,23.551270
2026-01-08 16:30+01:00,29.141449
2026-01-08 16:45+01:00,26.516772
2026-01-08 17:00+01:00,26.973872
2026-01-08 17:15+01:00,27.457658
2026-01-08 17:30+01:00,23.523617
2026-01-08 17:45+01:00,24.849474
2026-01-08 18:00+01:00,26.336198
2026-01-08 18:15+01:00,0.000000
2026-01-08 18:30+01:00,0.000000
2026-01-08 18:45+01:00,0.000000
2026-01-08 19:00+01:00,0.000000
2026-01-08 19:15+01:00,0.000000
2026-01-08 19:30+01:00,0.000000
2026-01-08 19:45+01:00,0.000000
2026-01-08 20:00+01:00,0.000000
2026-01-08 20:15+01:00,24.203878
2026-01-08 20:30+01:00,24.732331
2026-01-08 20:45+01:00,25.796258
2026-01-08 21:00+01:00,23.382575
2026-01-08 21:15+01:00,26.569411
2026-01-08 21:30+01:00,22.367379
2026-01-08 21:45+01:00,26.688756
2026-01-08 22:00+01:00,25.770159
2026-01-08 22:15+01:00,22.685861
2026-01-08 22:30+01:00,21.764263
2026-01-08 22:45+01:00,22.958159
2026-01-08 23:00+01:00,26.628084
2026-01-08 23:15+01:00,25.309927
2026-01-08 23:30+01:00,26.334613
2026-01-08 23:45+01:00,26.386070
2026-01-09 00:00+01:00,25.510512
2026-01-09 00:15+01:00,0.000000
2026-01-09 00:30+01:00,0.000000
2026-01-09 00:45+01:00,0.000000
2026-01-09 01:00+01:00,0.000000
2026-01-09 01:15+01:00,0.000000
2026-01-09 01:30+01:00,0.000000
2026-01-09 01:45+01:00,0.000000
2026-01-09 02:00+01:00,0.000000
2026-01-09 02:15+01:00,0.000000
2026-01-09 02:30+01:00,0.000000
2026-01-09 02:45+01:00,0.000000
2026-01-09 03:00+01:00,0.000000
2026-01-09 03:15+01:00,0.000000
2026-01-09 03:30+01:00,0.000000
2026-01-09 03:45+01:00,0.000000
2026-01-09 04:00+01:00,0.000000
2026-01-09 04:15+01:00,0.000000
2026-01-09 04:30+01:00,0.000000
2026-01-09 04:45+01:00,0.000000
2026-01-09 05:00+01:00,0.000000
2026-01-09 05:15+01:00,0.000000
2026-01-09 05:30+01:00,0.000000
2026-01-09 05:45+01:00,0.000000
2026-01-09 06:00+01:00,0.000000
2026-01-09 06:15+01:00,0.000000
2026-01-09 06:30+01:00,0.000000
2026-01-09 06:45+01:00,0.000000
2026-01-09 07:00+01:00,0.000000
2026-01-09 07:15+01:00,0.000000
2026-01-09 07:30+01:00,0.000000
2026-01-09 07:45+01:00,0.000000
2026-01-09 08:00+01:00,0.000000
2026-01-09 08:15+01:00,0.000000
2026-01-09 08:30+01:00,0.000000
2026-01-09 08:45+01:00,0.000000
2026-01-09 09:00+01:00,0.000000
2026-01-09 09:15+01:00,0.000000
2026-01-09 09:30+01:00,0.000000
2026-01-09 09:45+01:00,0.000000
2026-01-09 10:00+01:00,0.000000
2026-01-09 10:15+01:00,25.415683
2026-01-09 10:30+01:00,24.029002
2026-01-09 10:45+01:00,24.488937
2026-01-09 11:00+01:00,26.011229
2026-01-09 11:15+01:00,27.653749
2026-01-09 11:30+01:00,26.487982
2026-01-09 11:45+01:00,25.249606
2026-01-09 12:00+01:00,26.562873
2026-01-09 12:15+01:00,27.557873
2026-01-09 12:30+01:00,26.168873
2026-01-09 12:45+01:00,0.000000
2026-01-09 13:00+01:00,0.000000
2026-01-09 13:15+01:00,22.684483
2026-01-09 13:30+01:00,24.762337
2026-01-09 13:45+01:00,25.080114
2026-01-09 14:00+01:00,25.937197
2026-01-09 14:15+01:00,24.178254
2026-01-09 14:30+01:00,27.162235
2026-01-09 14:45+01:00,25.702303
2026-01-09 15:00+01:00,24.059822
2026-01-09 15:15+01:00,24.506747
2026-01-09 15:30+01:00,25.537196
2026-01-09 15:45+01:00,0.000000
2026-01-09 16:00+01:00,0.000000
2026-01-09 16:15+01:00,0.000000
2026-01-09 16:30+01:00,0.000000
2026-01-09 16:45+01:00,0.000000
2026-01-09 17:00+01:00,0.000000
2026-01-09 17:15+01:00,0.000000
2026-01-09 17:30+01:00,0.000000
2026-01-09 17:45+01:00,0.000000
2026-01-09 18:00+01:00,0.000000
2026-01-09 18:15+01:00,0.000000
2026-01-09 18:30+01:00,0.000000
2026-01-09 18:45+01:00,24.111306
2026-01-09 19:00+01:00,29.003855
2026-01-09 19:15+01:00,25.522952
2026-01-09 19:30+01:00,28.477891
2026-01-09 19:45+01:00,29.072640
2026-01-09 20:00+01:00,25.267634
2026-01-09 20:15+01:00,25.894465
2026-01-09 20:30+01:00,26.743520
2026-01-09 20:45+01:00,25.417084
2026-01-09 21:00+01:00,23.324087
2026-01-09 21:15+01:00,25.531044
2026-01-09 21:30+01:00,0.000000
2026-01-09 21:45+01:00,0.000000
2026-01-09 22:00+01:00,0.000000
2026-01-09 22:15+01:00,0.000000
2026-01-09 22:30+01:00,0.000000
2026-01-09 22:45+01:00,0.000000
2026-01-09 23:00+01:00,0.000000
2026-01-09 23:15+01:00,0.000000
2026-01-09 23:30+01:00,0.000000
2026-01-09 23:45+01:00,0.000000
2026-01-10 00:00+01:00,0.000000
2026-01-10 00:15+01:00,0.000000
2026-01-10 00:30+01:00,0.000000
2026-01-10 00:45+01:00,0.000000
2026-01-10 01:00+01:00,0.000000
2026-01-10 01:15+01:00,0.000000
2026-01-10 01:30+01:00,0.000000
2026-01-10 01:45+01:00,0.000000
2026-01-10 02:00+01:00,0.000000
2026-01-10 02:15+01:00,0.000000
2026-01-10 02:30+01:00,0.000000
2026-01-10 02:45+01:00,0.000000
2026-01-10 03:00+01:00,0.000000
2026-01-10 03:15+01:00,0.000000
2026-01-10 03:30+01:00,0.000000
2026-01-10 03:45+01:00,0.000000
2026-01-10 04:00+01:00,0.000000
2026-01-10 04:15+01:00,0.000000
2026-01-10 04:30+01:00,0.000000
2026-01-10 04:45+01:00,0.000000
2026-01-10 05:00+01:00,0.000000
2026-01-10 05:15+01:00,0.000000
2026-01-10 05:30+01:00,0.000000
2026-01-10 05:45+01:00,0.000000
2026-01-10 06:00+01:00,0.000000
2026-01-10 06:15+01:00,0.000000
2026-01-10 06:30+01:00,0.000000
2026-01-10 06:45+01:00,0.000000
2026-01-10 07:00+01:00,0.000000
2026-01-10 07:15+01:00,0.000000
2026-01-10 07:30+01:00,0.000000
2026-01-10 07:45+01:00,25.476978
2026-01-10 08:00+01:00,25.807596
2026-01-10 08:15+01:00,25.353789
2026-01-10 08:30+01:00,23.994845
2026-01-10 08:45+01:00,27.353819
2026-01-10 09:00+01:00,24.300535
2026-01-10 09:15+01:00,26.945906
2026-01-10 09:30+01:00,26.407653
2026-01-10 09:45+01:00,25.088257
2026-01-10 10:00+01:00,27.223100
2026-01-10 10:15+01:00,24.605587
2026-01-10 10:30+01:00,24.962323
2026-01-10 10:45+01:00,24.765744
2026-01-10 11:00+01:00,24.245753
2026-01-10 11:15+01:00,26.246207
2026-01-10 11:30+01:00,21.085556
2026-01-10 11:45+01:00,24.648642
2026-01-10 12:00+01:00,25.623518
2026-01-10 12:15+01:00,24.518390
2026-01-10 12:30+01:00,26.876528
2026-01-10 12:45+01:00,25.627428
2026-01-10 13:00+01:00,24.370081
2026-01-10 13:15+01:00,29.680220
2026-01-10 13:30+01:00,23.003531
2026-01-10 13:45+01:00,27.421931
2026-01-10 14:00+01:00,27.819904
2026-01-10 14:15+01:00,25.489693
2026-01-10 14:30+01:00,24.685639
2026-01-10 14:45+01:00,24.883887
2026-01-10 15:00+01:00,26.412483
2026-01-10 15:15+01:00,27.480349
2026-01-10 15:30+01:00,0.000000
2026-01-10 15:45+01:00,0.000000
2026-01-10 16:00+01:00,0.000000
2026-01-10 16:15+01:00,0.000000
2026-01-10 16:30+01:00,0.000000
2026-01-10 16:45+01:00,0.000000
2026-01-10 17:00+01:00,0.000000
2026-01-10 17:15+01:00,0.000000
2026-01-10 17:30+01:00,0.000000
2026-01-10 17:45+01:00,0.000000
2026-01-10 18:00+01:00,0.000000
2026-01-10 18:15+01:00,0.000000
2026-01-10 18:30+01:00,0.000000
2026-01-10 18:45+01:00,0.000000
2026-01-10 19:00+01:00,0.000000
2026-01-10 19:15+01:00,0.000000
2026-01-10 19:30+01:00,0.000000
2026-01-10 19:45+01:00,0.000000
2026-01-10 20:00+01:00,0.000000
2026-01-10 20:15+01:00,0.000000
2026-01-10 20:30+01:00,0.000000
2026-01-10 20:45+01:00,0.000000
2026-01-10 21:00+01:00,0.000000
2026-01-10 21:15+01:00,
2026-01-10 21:30+01:00,0.000000
2026-01-10 21:45+01:00,0.000000
2026-01-10 22:00+01:00,0.000000
2026-01-10 22:15+01:00,0.000000
2026-01-10 22:30+01:00,0.000000
2026-01-10 22:45+01:00,0.000000
2026-01-10 23:00+01:00,0.000000
2026-01-10 23:15+01:00,0.000000
2026-01-10 23:30+01:00,0.000000
2026-01-10 23:45+01:00,0.000000
2026-01-11 00:00+01:00,0.000000
2026-01-11 00:15+01:00,0.000000
2026-01-11 00:30+01:00,0.000000
2026-01-11 00:45+01:00,0.000000
2026-01-11 01:00+01:00,0.000000
2026-01-11 01:15+01:00,0.000000
2026-01-11 01:30+01:00,0.000000
2026-01-11 01:45+01:00,0.000000
2026-01-11 02:00+01:00,0.000000
2026-01-11 02:15+01:00,0.000000
2026-01-11 02:30+01:00,0.000000
2026-01-11 02:45+01:00,0.000000
2026-01-11 03:00+01:00,0.000000
2026-01-11 03:15+01:00,0.000000
2026-01-11 03:30+01:00,0.000000
2026-01-11 03:45+01:00,0.000000
2026-01-11 04:00+01:00,0.000000
2026-01-11 04:15+01:00,0.000000
2026-01-11 04:30+01:00,0.000000
2026-01-11 04:45+01:00,0.000000
2026-01-11 05:00+01:00,0.000000
2026-01-11 05:15+01:00,0.000000
2026-01-11 05:30+01:00,0.000000
2026-01-11 05:45+01:00,0.000000
2026-01-11 06:00+01:00,0.000000
2026-01-11 06:15+01:00,0.000000
2026-01-11 06:30+01:00,0.000000
2026-01-11 06:45+01:00,0.000000
2026-01-11 07:00+01:00,0.000000
2026-01-11 07:15+01:00,0.000000
2026-01-11 07:30+01:00,0.000000
2026-01-11 07:45+01:00,0.000000
2026-01-11 08:00+01:00,0.000000
2026-01-11 08:15+01:00,0.000000
2026-01-11 08:30+01:00,0.000000
2026-01-11 08:45+01:00,0.000000
2026-01-11 09:00+01:00,0.000000
2026-01-11 09:15+01:00,0.000000
2026-01-11 09:30+01:00,0.000000
2026-01-11 09:45+01:00,0.000000
2026-01-11 10:00+01:00,0.000000
2026-01-11 10:15+01:00,0.000000
2026-01-11 10:30+01:00,0.000000
2026-01-11 10:45+01:00,0.000000
2026-01-11 11:00+01:00,0.000000
2026-01-11 11:15+01:00,0.000000
2026-01-11 11:30+01:00,0.000000
2026-01-11 11:45+01:00,0.000000
2026-01-11 12:00+01:00,0.000000
2026-01-11 12:15+01:00,0.000000
2026-01-11 12:30+01:00,0.000000
2026-01-11 12:45+01:00,0.000000
2026-01-11 13:00+01:00,0.000000
2026-01-11 13:15+01:00,0.000000
2026-01-11 13:30+01:00,0.000000
2026-01-11 13:45+01:00,25.775793
2026-01-11 14:00+01:00,27.064434
2026-01-11 14:15+01:00,28.461792
2026-01-11 14:30+01:00,26.185475
2026-01-11 14:45+01:00,26.373099
2026-01-11 15:00+01:00,22.660212
2026-01-11 15:15+01:00,28.564447
2026-01-11 15:30+01:00,23.354955
2026-01-11 15:45+01:00,25.495346
2026-01-11 16:00+01:00,26.872394
2026-01-11 16:15+01:00,27.471228
2026-01-11 16:30+01:00,27.344332
2026-01-11 16:45+01:00,26.063847
2026-01-11 17:00+01:00,25.669461
2026-01-11 17:15+01:00,27.668413
2026-01-11 17:30+01:00,24.147422
2026-01-11 17:45+01:00,25.809292
2026-01-11 18:00+01:00,28.132196
2026-01-11 18:15+01:00,27.344871
2026-01-11 18:30+01:00,26.213353
2026-01-11 18:45+01:00,
2026-01-11 19:00+01:00,26.194757
2026-01-11 19:15+01:00,24.629487
2026-01-11 19:30+01:00,27.000842
2026-01-11 19:45+01:00,27.354289
2026-01-11 20:00+01:00,
2026-01-11 20:15+01:00,24.021364
2026-01-11 20:30+01:00,25.294899
2026-01-11 20:45+01:00,24.835239
2026-01-11 21:00+01:00,26.908989
2026-01-11 21:15+01:00,23.886377
2026-01-11 21:30+01:00,0.000000
2026-01-11 21:45+01:00,0.000000
2026-01-11 22:00+01:00,0.000000
2026-01-11 22:15+01:00,0.000000
2026-01-11 22:30+01:00,0.000000
2026-01-11 22:45+01:00,0.000000
2026-01-11 23:00+01:00,0.000000
2026-01-11 23:15+01:00,0.000000
2026-01-11 23:30+01:00,0.000000
2026-01-11 23:45+01:00,0.000000
2026-01-12 00:00+01:00,0.000000
2026-01-12 00:15+01:00,0.000000
2026-01-12 00:30+01:00,0.000000
2026-01-12 00:45+01:00,0.000000
2026-01-12 01:00+01:00,0.000000
2026-01-12 01:15+01:00,0.000000
2026-01-12 01:30+01:00,0.000000
2026-01-12 01:45+01:00,0.000000
2026-01-12 02:00+01:00,0.000000
2026-01-12 02:15+01:00,0.000000
2026-01-12 02:30+01:00,0.000000
2026-01-12 02:45+01:00,0.000000
2026-01-12 03:00+01:00,0.000000
2026-01-12 03:15+01:00,25.306089
2026-01-12 03:30+01:00,24.076974
2026-01-12 03:45+01:00,26.265224
2026-01-12 04:00+01:00,24.102820
2026-01-12 04:15+01:00,26.779829
2026-01-12 04:30+01:00,27.083201
2026-01-12 04:45+01:00,25.229807
2026-01-12 05:00+01:00,29.547433
2026-01-12 05:15+01:00,24.273813
2026-01-12 05:30+01:00,24.068023
2026-01-12 05:45+01:00,23.845412
2026-01-12 06:00+01:00,27.531535
2026-01-12 06:15+01:00,24.446729
2026-01-12 06:30+01:00,26.486761
2026-01-12 06:45+01:00,27.426814
2026-01-12 07:00+01:00,0.000000
2026-01-12 07:15+01:00,0.000000
2026-01-12 07:30+01:00,0.000000
2026-01-12 07:45+01:00,0.000000
2026-01-12 08:00+01:00,0.000000
2026-01-12 08:15+01:00,0.000000
2026-01-12 08:30+01:00,0.000000
2026-01-12 08:45+01:00,0.000000
2026-01-12 09:00+01:00,0.000000
2026-01-12 09:15+01:00,0.000000
2026-01-12 09:30+01:00,0.000000
2026-01-12 09:45+01:00,0.000000
2026-01-12 10:00+01:00,0.000000
2026-01-12 10:15+01:00,0.000000
2026-01-12 10:30+01:00,0.000000
2026-01-12 10:45+01:00,0.000000
2026-01-12 11:00+01:00,0.000000
2026-01-12 11:15+01:00,0.000000
2026-01-12 11:30+01:00,0.000000
2026-01-12 11:45+01:00,0.000000
2026-01-12 12:00+01:00,0.000000
2026-01-12 12:15+01:00,0.000000
2026-01-12 12:30+01:00,0.000000
2026-01-12 12:45+01:00,0.000000
2026-01-12 13:00+01:00,0.000000
2026-01-12 13:15+01:00,0.000000
2026-01-12 13:30+01:00,0.000000
2026-01-12 13:45+01:00,0.000000
2026-01-12 14:00+01:00,0.000000
2026-01-12 14:15+01:00,0.000000
2026-01-12 14:30+01:00,0.000000
2026-01-12 14:45+01:00,0.000000
2026-01-12 15:00+01:00,0.000000
2026-01-12 15:15+01:00,0.000000
2026-01-12 15:30+01:00,0.000000
2026-01-12 15:45+01:00,0.000000
2026-01-12 16:00+01:00,0.000000
2026-01-12 16:15+01:00,0.000000
2026-01-12 16:30+01:00,0.000000
2026-01-12 16:45+01:00,0.000000
2026-01-12 17:00+01:00,0.000000
2026-01-12 17:15+01:00,0.000000
2026-01-12 17:30+01:00,0.000000
2026-01-12 17:45+01:00,0.000000
2026-01-12 18:00+01:00,0.000000
2026-01-12 18:15+01:00,0.000000
2026-01-12 18:30+01:00,0.000000
2026-01-12 18:45+01:00,0.000000
2026-01-12 19:00+01:00,0.000000
2026-01-12 19:15+01:00,0.000000
2026-01-12 19:30+01:00,0.000000
2026-01-12 19:45+01:00,0.000000
2026-01-12 20:00+01:00,0.000000
2026-01-12 20:15+01:00,28.696977
2026-01-12 20:30+01:00,22.359390
2026-01-12 20:45+01:00,27.010556
2026-01-12 21:00+01:00,23.632178
2026-01-12 21:15+01:00,28.311967
2026-01-12 21:30+01:00,26.051499
2026-01-12 21:45+01:00,27.169058
2026-01-12 22:00+01:00,27.098375
2026-01-12 22:15+01:00,24.507166
2026-01-12 22:30+01:00,25.471509
2026-01-12 22:45+01:00,26.824860
2026-01-12 23:00+01:00,26.938375
2026-01-12 23:15+01:00,27.561447
2026-01-12 23:30+01:00,26.325460
2026-01-12 23:45+01:00,28.440887
2026-01-13 00:00+01:00,24.446824
2026-01-13 00:15+01:00,0.000000
2026-01-13 00:30+01:00,0.000000
2026-01-13 00:45+01:00,0.000000
2026-01-13 01:00+01:00,0.000000
2026-01-13 01:15+01:00,0.000000
2026-01-13 01:30+01:00,0.000000
2026-01-13 01:45+01:00,22.826886
2026-01-13 02:00+01:00,25.677380
2026-01-13 02:15+01:00,24.443367
2026-01-13 02:30+01:00,27.300976
2026-01-13 02:45+01:00,27.263066
2026-01-13 03:00+01:00,23.689331
2026-01-13 03:15+01:00,24.484690
2026-01-13 03:30+01:00,26.880729
2026-01-13 03:45+01:00,28.054578
2026-01-13 04:00+01:00,24.974946
2026-01-13 04:15+01:00,26.171985
2026-01-13 04:30+01:00,25.836920
2026-01-13 04:45+01:00,24.799639
2026-01-13 05:00+01:00,22.980150
2026-01-13 05:15+01:00,24.943160
2026-01-13 05:30+01:00,0.000000
2026-01-13 05:45+01:00,0.000000
2026-01-13 06:00+01:00,0.000000
2026-01-13 06:15+01:00,0.000000
2026-01-13 06:30+01:00,0.000000
2026-01-13 06:45+01:00,0.000000
2026-01-13 07:00+01:00,
2026-01-13 07:15+01:00,0.000000
2026-01-13 07:30+01:00,0.000000
2026-01-13 07:45+01:00,0.000000
2026-01-13 08:00+01:00,0.000000
2026-01-13 08:15+01:00,0.000000
2026-01-13 08:30+01:00,0.000000
2026-01-13 08:45+01:00,0.000000
2026-01-13 09:00+01:00,0.000000
2026-01-13 09:15+01:00,0.000000
2026-01-13 09:30+01:00,0.000000
2026-01-13 09:45+01:00,0.000000
2026-01-13 10:00+01:00,0.000000
2026-01-13 10:15+01:00,0.000000
2026-01-13 10:30+01:00,0.000000
2026-01-13 10:45+01:00,0.000000
2026-01-13 11:00+01:00,0.000000
2026-01-13 11:15+01:00,26.324664
2026-01-13 11:30+01:00,26.736575
2026-01-13 11:45+01:00,
2026-01-13 12:00+01:00,26.293294
2026-01-13 12:15+01:00,26.625556
2026-01-13 12:30+01:00,23.858185
2026-01-13 12:45+01:00,28.511497
2026-01-13 13:00+01:00,27.350287
2026-01-13 13:15+01:00,23.488083
2026-01-13 13:30+01:00,28.984579
2026-01-13 13:45+01:00,24.722407
2026-01-13 14:00+01:00,24.808265
2026-01-13 14:15+01:00,26.200045
2026-01-13 14:30+01:00,28.720826
2026-01-13 14:45+01:00,25.010826
2026-01-13 15:00+01:00,27.972323
2026-01-13 15:15+01:00,0.000000
2026-01-13 15:30+01:00,0.000000
2026-01-13 15:45+01:00,0.000000
2026-01-13 16:00+01:00,0.000000
2026-01-13 16:15+01:00,0.000000
2026-01-13 16:30+01:00,0.000000
2026-01-13 16:45+01:00,0.000000
2026-01-13 17:00+01:00,0.000000
2026-01-13 17:15+01:00,0.000000
2026-01-13 17:30+01:00,0.000000
2026-01-13 17:45+01:00,0.000000
2026-01-13 18:00+01:00,0.000000
2026-01-13 18:15+01:00,0.000000
2026-01-13 18:30+01:00,0.000000
2026-01-13 18:45+01:00,0.000000
2026-01-13 19:00+01:00,0.000000
2026-01-13 19:15+01:00,0.000000
2026-01-13 19:30+01:00,0.000000
2026-01-13 19:45+01:00,0.000000
2026-01-13 20:00+01:00,0.000000
2026-01-13 20:15+01:00,0.000000
2026-01-13 20:30+01:00,0.000000
2026-01-13 20:45+01:00,0.000000
2026-01-13 21:00+01:00,0.000000
2026-01-13 21:15+01:00,0.000000
2026-01-13 21:30+01:00,0.000000
2026-01-13 21:45+01:00,0.000000
2026-01-13 22:00+01:00,0.000000
2026-01-13 22:15+01:00,0.000000
2026-01-13 22:30+01:00,0.000000
2026-01-13 22:45+01:00,0.000000
2026-01-13 23:00+01:00,0.000000
2026-01-13 23:15+01:00,0.000000
2026-01-13 23:30+01:00,0.000000
2026-01-13 23:45+01:00,0.000000
2026-01-14 00:00+01:00,0.000000
2026-01-14 00:15+01:00,0.000000
2026-01-14 00:30+01:00,0.000000
2026-01-14 00:45+01:00,0.000000
2026-01-14 01:00+01:00,0.000000
2026-01-14 01:15+01:00,0.000000
2026-01-14 01:30+01:00,0.000000
2026-01-14 01:45+01:00,0.000000
2026-01-14 02:00+01:00,0.000000
2026-01-14 02:15+01:00,0.000000
2026-01-14 02:30+01:00,0.000000
2026-01-14 02:45+01:00,0.000000
2026-01-14 03:00+01:00,0.000000
2026-01-14 03:15+01:00,0.000000
2026-01-14 03:30+01:00,0.000000
2026-01-14 03:45+01:00,0.000000
2026-01-14 04:00+01:00,0.000000
2026-01-14 04:15+01:00,0.000000
2026-01-14 04:30+01:00,0.000000
2026-01-14 04:45+01:00,0.000000
2026-01-14 05:00+01:00,0.000000
2026-01-14 05:15+01:00,0.000000
2026-01-14 05:30+01:00,0.000000
2026-01-14 05:45+01:00,0.000000
2026-01-14 06:00+01:00,0.000000
2026-01-14 06:15+01:00,0.000000
2026-01-14 06:30+01:00,0.000000
2026-01-14 06:45+01:00,0.000000
2026-01-14 07:00+01:00,0.000000
2026-01-14 07:15+01:00,0.000000
2026-01-14 07:30+01:00,0.000000
2026-01-14 07:45+01:00,0.000000
2026-01-14 08:00+01:00,0.000000
2026-01-14 08:15+01:00,0.000000
2026-01-14 08:30+01:00,0.000000
2026-01-14 08:45+01:00,0.000000
2026-01-14 09:00+01:00,0.000000
2026-01-14 09:15+01:00,0.000000
2026-01-14 09:30+01:00,0.000000
2026-01-14 09:45+01:00,0.000000
2026-01-14 10:00+01:00,0.000000
2026-01-14 10:15+01:00,0.000000
2026-01-14 10:30+01:00,0.000000
2026-01-14 10:45+01:00,0.000000
2026-01-14 11:00+01:00,0.000000
2026-01-14 11:15+01:00,0.000000
2026-01-14 11:30+01:00,28.129873
2026-01-14 11:45+01:00,25.639471
2026-01-14 12:00+01:00,25.197951
2026-01-14 12:15+01:00,23.193780
2026-01-14 12:30+01:00,25.825425
2026-01-14 12:45+01:00,24.960148
2026-01-14 13:00+01:00,26.759022
2026-01-14 13:15+01:00,26.562200
2026-01-14 13:30+01:00,25.998979
2026-01-14 13:45+01:00,24.266566
2026-01-14 14:00+01:00,26.531668
2026-01-14 14:15+01:00,22.419727
2026-01-14 14:30+01:00,26.434935
2026-01-14 14:45+01:00,27.125356
2026-01-14 15:00+01:00,26.608383
2026-01-14 15:15+01:00,25.884797
2026-01-14 15:30+01:00,23.577460
2026-01-14 15:45+01:00,24.083616
2026-01-14 16:00+01:00,27.410875
2026-01-14 16:15+01:00,27.437473
2026-01-14 16:30+01:00,28.005257
2026-01-14 16:45+01:00,24.511029
2026-01-14 17:00+01:00,26.766492
2026-01-14 17:15+01:00,26.111206
2026-01-14 17:30+01:00,28.010103
2026-01-14 17:45+01:00,25.039662
2026-01-14 18:00+01:00,28.624364
2026-01-14 18:15+01:00,26.298109
2026-01-14 18:30+01:00,29.014486
2026-01-14 18:45+01:00,26.824268
2026-01-14 19:00+01:00,24.849746
2026-01-14 19:15+01:00,0.000000
2026-01-14 19:30+01:00,0.000000
2026-01-14 19:45+01:00,0.000000
2026-01-14 20:00+01:00,0.000000
2026-01-14 20:15+01:00,0.000000
2026-01-14 20:30+01:00,0.000000
2026-01-14 20:45+01:00,0.000000
2026-01-14 21:00+01:00,0.000000
2026-01-14 21:15+01:00,0.000000
2026-01-14 21:30+01:00,0.000000
2026-01-14 21:45+01:00,0.000000
2026-01-14 22:00+01:00,0.000000
2026-01-14 22:15+01:00,0.000000
2026-01-14 22:30+01:00,0.000000
2026-01-14 22:45+01:00,0.000000
2026-01-14 23:00+01:00,0.000000
2026-01-14 23:15+01:00,0.000000
2026-01-14 23:30+01:00,0.000000
2026-01-14 23:45+01:00,0.000000
2026-01-15 00:00+01:00,0.000000
2026-01-15 00:15+01:00,25.561090
2026-01-15 00:30+01:00,25.311249
2026-01-15 00:45+01:00,25.248028
2026-01-15 01:00+01:00,23.931187
2026-01-15 01:15+01:00,25.229725
2026-01-15 01:30+01:00,27.310798
2026-01-15 01:45+01:00,25.862690
2026-01-15 02:00+01:00,27.674270
2026-01-15 02:15+01:00,28.514693
2026-01-15 02:30+01:00,24.375962
2026-01-15 02:45+01:00,25.402434
2026-01-15 03:00+01:00,26.475478
2026-01-15 03:15+01:00,26.328749
2026-01-15 03:30+01:00,26.543357
2026-01-15 03:45+01:00,23.895824
2026-01-15 04:00+01:00,26.204633
2026-01-15 04:15+01:00,0.000000
2026-01-15 04:30+01:00,0.000000
2026-01-15 04:45+01:00,0.000000
2026-01-15 05:00+01:00,0.000000
2026-01-15 05:15+01:00,0.000000
2026-01-15 05:30+01:00,0.000000
2026-01-15 05:45+01:00,0.000000
2026-01-15 06:00+01:00,0.000000
2026-01-15 06:15+01:00,0.000000
2026-01-15 06:30+01:00,0.000000
2026-01-15 06:45+01:00,0.000000
2026-01-15 07:00+01:00,0.000000
2026-01-15 07:15+01:00,0.000000
2026-01-15 07:30+01:00,0.000000
2026-01-15 07:45+01:00,0.000000
2026-01-15 08:00+01:00,0.000000
2026-01-15 08:15+01:00,0.000000
2026-01-15 08:30+01:00,0.000000
2026-01-15 08:45+01:00,0.000000
2026-01-15 09:00+01:00,0.000000
2026-01-15 09:15+01:00,0.000000
2026-01-15 09:30+01:00,0.000000
2026-01-15 09:45+01:00,0.000000
2026-01-15 10:00+01:00,0.000000
2026-01-15 10:15+01:00,0.000000
2026-01-15 10:30+01:00,0.000000
2026-01-15 10:45+01:00,0.000000
2026-01-15 11:00+01:00,0.000000
2026-01-15 11:15+01:00,0.000000
2026-01-15 11:30+01:00,0.000000
2026-01-15 11:45+01:00,0.000000
2026-01-15 12:00+01:00,0.000000
2026-01-15 12:15+01:00,24.842044
2026-01-15 12:30+01:00,26.099432
2026-01-15 12:45+01:00,24.510104
2026-01-15 13:00+01:00,26.011987
2026-01-15 13:15+01:00,24.087930
2026-01-15 13:30+01:00,28.481798
2026-01-15 13:45+01:00,26.242035
2026-01-15 14:00+01:00,24.687266
2026-01-15 14:15+01:00,26.962028
2026-01-15 14:30+01:00,24.794425
2026-01-15 14:45+01:00,23.332113
2026-01-15 15:00+01:00,25.296580
2026-01-15 15:15+01:00,23.170500
2026-01-15 15:30+01:00,26.221609
2026-01-15 15:45+01:00,24.429280
2026-01-15 16:00+01:00,0.000000
2026-01-15 16:15+01:00,0.000000
2026-01-15 16:30+01:00,0.000000
2026-01-15 16:45+01:00,0.000000
2026-01-15 17:00+01:00,0.000000
2026-01-15 17:15+01:00,0.000000
2026-01-15 17:30+01:00,0.000000
2026-01-15 17:45+01:00,0.000000
2026-01-15 18:00+01:00,0.000000
2026-01-15 18:15+01:00,0.000000
2026-01-15 18:30+01:00,0.000000
2026-01-15 18:45+01:00,0.000000
2026-01-15 19:00+01:00,0.000000
2026-01-15 19:15+01:00,0.000000
2026-01-15 19:30+01:00,0.000000
2026-01-15 19:45+01:00,0.000000
2026-01-15 20:00+01:00,0.000000
2026-01-15 20:15+01:00,0.000000
2026-01-15 20:30+01:00,0.000000
2026-01-15 20:45+01:00,0.000000
2026-01-15 21:00+01:00,0.000000
2026-01-15 21:15+01:00,0.000000
2026-01-15 21:30+01:00,0.000000
2026-01-15 21:45+01:00,0.000000
2026-01-15 22:00+01:00,0.000000
2026-01-15 22:15+01:00,0.000000
2026-01-15 22:30+01:00,0.000000
2026-01-15 22:45+01:00,0.000000
2026-01-15 23:00+01:00,0.000000
2026-01-15 23:15+01:00,0.000000
2026-01-15 23:30+01:00,0.000000
2026-01-15 23:45+01:00,0.000000
2026-01-16 00:00+01:00,0.000000
2026-01-16 00:15+01:00,0.000000
2026-01-16 00:30+01:00,0.000000
2026-01-16 00:45+01:00,0.000000
2026-01-16 01:00+01:00,0.000000
2026-01-16 01:15+01:00,0.000000
2026-01-16 01:30+01:00,0.000000
2026-01-16 01:45+01:00,0.000000
2026-01-16 02:00+01:00,0.000000
2026-01-16 02:15+01:00,0.000000
2026-01-16 02:30+01:00,0.000000
2026-01-16 02:45+01:00,0.000000
2026-01-16 03:00+01:00,0.000000
2026-01-16 03:15+01:00,0.000000
2026-01-16 03:30+01:00,0.000000
2026-01-16 03:45+01:00,0.000000
2026-01-16 04:00+01:00,0.000000
2026-01-16 04:15+01:00,0.000000
2026-01-16 04:30+01:00,0.000000
2026-01-16 04:45+01:00,0.000000
2026-01-16 05:00+01:00,0.000000
2026-01-16 05:15+01:00,0.000000
2026-01-16 05:30+01:00,0.000000
2026-01-16 05:45+01:00,0.000000
2026-01-16 06:00+01:00,0.000000
2026-01-16 06:15+01:00,23.410345
2026-01-16 06:30+01:00,27.814792
2026-01-16 06:45+01:00,26.635370
2026-01-16 07:00+01:00,25.153984
2026-01-16 07:15+01:00,25.483833
2026-01-16 07:30+01:00,26.637830
2026-01-16 07:45+01:00,27.309600
2026-01-16 08:00+01:00,26.206490
2026-01-16 08:15+01:00,26.450165
2026-01-16 08:30+01:00,22.176904
2026-01-16 08:45+01:00,0.000000
2026-01-16 09:00+01:00,0.000000
2026-01-16 09:15+01:00,0.000000
2026-01-16 09:30+01:00,0.000000
2026-01-16 09:45+01:00,0.000000
2026-01-16 10:00+01:00,0.000000
2026-01-16 10:15+01:00,0.000000
2026-01-16 10:30+01:00,0.000000
2026-01-16 10:45+01:00,0.000000
2026-01-16 11:00+01:00,0.000000
2026-01-16 11:15+01:00,0.000000
2026-01-16 11:30+01:00,0.000000
2026-01-16 11:45+01:00,0.000000
2026-01-16 12:00+01:00,0.000000
2026-01-16 12:15+01:00,0.000000
2026-01-16 12:30+01:00,0.000000
2026-01-16 12:45+01:00,0.000000
2026-01-16 13:00+01:00,0.000000
2026-01-16 13:15+01:00,0.000000
2026-01-16 13:30+01:00,
2026-01-16 13:45+01:00,0.000000
2026-01-16 14:00+01:00,0.000000
2026-01-16 14:15+01:00,0.000000
2026-01-16 14:30+01:00,0.000000
2026-01-16 14:45+01:00,0.000000
2026-01-16 15:00+01:00,0.000000
2026-01-16 15:15+01:00,0.000000
2026-01-16 15:30+01:00,0.000000
2026-01-16 15:45+01:00,0.000000
2026-01-16 16:00+01:00,0.000000
2026-01-16 16:15+01:00,0.000000
2026-01-16 16:30+01:00,0.000000
2026-01-16 16:45+01:00,0.000000
2026-01-16 17:00+01:00,0.000000
2026-01-16 17:15+01:00,28.819360
2026-01-16 17:30+01:00,26.449776
2026-01-16 17:45+01:00,27.485742
2026-01-16 18:00+01:00,25.499202
2026-01-16 18:15+01:00,25.670911
2026-01-16 18:30+01:00,26.867782
2026-01-16 18:45+01:00,23.940600
2026-01-16 19:00+01:00,27.114250
2026-01-16 19:15+01:00,26.261235
2026-01-16 19:30+01:00,21.981467
2026-01-16 19:45+01:00,27.237439
2026-01-16 20:00+01:00,24.098004
2026-01-16 20:15+01:00,26.287154
2026-01-16 20:30+01:00,21.806278
2026-01-16 20:45+01:00,29.030379
2026-01-16 21:00+01:00,25.800863
2026-01-16 21:15+01:00,24.272972
2026-01-16 21:30+01:00,26.745139
2026-01-16 21:45+01:00,27.210735
2026-01-16 22:00+01:00,26.174893
2026-01-16 22:15+01:00,26.608407
2026-01-16 22:30+01:00,0.000000
2026-01-16 22:45+01:00,0.000000
2026-01-16 23:00+01:00,0.000000
2026-01-16 23:15+01:00,0.000000
2026-01-16 23:30+01:00,0.000000
2026-01-16 23:45+01:00,0.000000
2026-01-17 00:00+01:00,0.000000
2026-01-17 00:15+01:00,0.000000
2026-01-17 00:30+01:00,0.000000
2026-01-17 00:45+01:00,0.000000
2026-01-17 01:00+01:00,0.000000
2026-01-17 01:15+01:00,0.000000
2026-01-17 01:30+01:00,0.000000
2026-01-17 01:45+01:00,0.000000
2026-01-17 02:00+01:00,0.000000
2026-01-17 02:15+01:00,0.000000
2026-01-17 02:30+01:00,0.000000
2026-01-17 02:45+01:00,0.000000
2026-01-17 03:00+01:00,0.000000
2026-01-17 03:15+01:00,0.000000
2026-01-17 03:30+01:00,0.000000
2026-01-17 03:45+01:00,0.000000
2026-01-17 04:00+01:00,0.000000
2026-01-17 04:15+01:00,0.000000
2026-01-17 04:30+01:00,0.000000
2026-01-17 04:45+01:00,0.000000
2026-01-17 05:00+01:00,0.000000
2026-01-17 05:15+01:00,0.000000
2026-01-17 05:30+01:00,0.000000
2026-01-17 05:45+01:00,0.000000
2026-01-17 06:00+01:00,0.000000
2026-01-17 06:15+01:00,0.000000
2026-01-17 06:30+01:00,0.000000
2026-01-17 06:45+01:00,0.000000
2026-01-17 07:00+01:00,0.000000
2026-01-17 07:15+01:00,25.008419
2026-01-17 07:30+01:00,25.865190
2026-01-17 07:45+01:00,27.354205
2026-01-17 08:00+01:00,23.695917
2026-01-17 08:15+01:00,24.764428
2026-01-17 08:30+01:00,28.558237
2026-01-17 08:45+01:00,23.927496
2026-01-17 09:00+01:00,26.196939
2026-01-17 09:15+01:00,140.306733
2026-01-17 09:30+01:00,145.255382
2026-01-17 09:45+01:00,25.605005
2026-01-17 10:00+01:00,28.014698
2026-01-17 10:15+01:00,26.431550
2026-01-17 10:30+01:00,27.374018
2026-01-17 10:45+01:00,22.912867
2026-01-17 11:00+01:00,0.000000
2026-01-17 11:15+01:00,0.000000
2026-01-17 11:30+01:00,0.000000
2026-01-17 11:45+01:00,0.000000
2026-01-17 12:00+01:00,0.000000
2026-01-17 12:15+01:00,0.000000
2026-01-17 12:30+01:00,0.000000
2026-01-17 12:45+01:00,0.000000
2026-01-17 13:00+01:00,0.000000
2026-01-17 13:15+01:00,0.000000
2026-01-17 13:30+01:00,0.000000
2026-01-17 13:45+01:00,0.000000
2026-01-17 14:00+01:00,0.000000
2026-01-17 14:15+01:00,0.000000
2026-01-17 14:30+01:00,24.118280
2026-01-17 14:45+01:00,28.308663
2026-01-17 15:00+01:00,25.602154
2026-01-17 15:15+01:00,28.367528
2026-01-17 15:30+01:00,25.503152
2026-01-17 15:45+01:00,24.988142
2026-01-17 16:00+01:00,26.680580
2026-01-17 16:15+01:00,21.438090
2026-01-17 16:30+01:00,24.140319
2026-01-17 16:45+01:00,22.920467
2026-01-17 17:00+01:00,27.587048
2026-01-17 17:15+01:00,25.675812
2026-01-17 17:30+01:00,26.010974
2026-01-17 17:45+01:00,30.778120
2026-01-17 18:00+01:00,24.683893
2026-01-17 18:15+01:00,24.524425
2026-01-17 18:30+01:00,0.000000
2026-01-17 18:45+01:00,0.000000
2026-01-17 19:00+01:00,0.000000
2026-01-17 19:15+01:00,0.000000
2026-01-17 19:30+01:00,0.000000
2026-01-17 19:45+01:00,0.000000
2026-01-17 20:00+01:00,0.000000
2026-01-17 20:15+01:00,0.000000
2026-01-17 20:30+01:00,0.000000
2026-01-17 20:45+01:00,0.000000
2026-01-17 21:00+01:00,0.000000
2026-01-17 21:15+01:00,0.000000
2026-01-17 21:30+01:00,0.000000
2026-01-17 21:45+01:00,0.000000
2026-01-17 22:00+01:00,0.000000
2026-01-17 22:15+01:00,0.000000
2026-01-17 22:30+01:00,0.000000
2026-01-17 22:45+01:00,0.000000
2026-01-17 23:00+01:00,0.000000
2026-01-17 23:15+01:00,0.000000
2026-01-17 23:30+01:00,0.000000
2026-01-17 23:45+01:00,0.000000
2026-01-18 00:00+01:00,0.000000
2026-01-18 00:15+01:00,0.000000
2026-01-18 00:30+01:00,0.000000
2026-01-18 00:45+01:00,0.000000
2026-01-18 01:00+01:00,0.000000
2026-01-18 01:15+01:00,0.000000
2026-01-18 01:30+01:00,0.000000
2026-01-18 01:45+01:00,0.000000
2026-01-18 02:00+01:00,0.000000
2026-01-18 02:15+01:00,0.000000
2026-01-18 02:30+01:00,0.000000
2026-01-18 02:45+01:00,0.000000
2026-01-18 03:00+01:00,0.000000
2026-01-18 03:15+01:00,0.000000
2026-01-18 03:30+01:00,0.000000
2026-01-18 03:45+01:00,0.000000
2026-01-18 04:00+01:00,0.000000
2026-01-18 04:15+01:00,0.000000
2026-01-18 04:30+01:00,0.000000
2026-01-18 04:45+01:00,0.000000
2026-01-18 05:00+01:00,0.000000
2026-01-18 05:15+01:00,0.000000
2026-01-18 05:30+01:00,0.000000
2026-01-18 05:45+01:00,0.000000
2026-01-18 06:00+01:00,0.000000
2026-01-18 06:15+01:00,0.000000
2026-01-18 06:30+01:00,0.000000
2026-01-18 06:45+01:00,0.000000
2026-01-18 07:00+01:00,0.000000
2026-01-18 07:15+01:00,0.000000
2026-01-18 07:30+01:00,0.000000
2026-01-18 07:45+01:00,0.000000
2026-01-18 08:00+01:00,0.000000
2026-01-18 08:15+01:00,0.000000
2026-01-18 08:30+01:00,0.000000
2026-01-18 08:45+01:00,0.000000
2026-01-18 09:00+01:00,0.000000
2026-01-18 09:15+01:00,0.000000
2026-01-18 09:30+01:00,0.000000
2026-01-18 09:45+01:00,0.000000
2026-01-18 10:00+01:00,26.748101
2026-01-18 10:15+01:00,24.780498
2026-01-18 10:30+01:00,25.544303
2026-01-18 10:45+01:00,25.032036
2026-01-18 11:00+01:00,27.039948
2026-01-18 11:15+01:00,26.448160
2026-01-18 11:30+01:00,25.176141
2026-01-18 11:45+01:00,27.546417
2026-01-18 12:00+01:00,24.243324
2026-01-18 12:15+01:00,25.434014
2026-01-18 12:30+01:00,28.335905
2026-01-18 12:45+01:00,26.065168
2026-01-18 13:00+01:00,28.013889
2026-01-18 13:15+01:00,28.787106
2026-01-18 13:30+01:00,25.326977
2026-01-18 13:45+01:00,26.011856
2026-01-18 14:00+01:00,0.000000
2026-01-18 14:15+01:00,0.000000
2026-01-18 14:30+01:00,0.000000
2026-01-18 14:45+01:00,0.000000
2026-01-18 15:00+01:00,0.000000
2026-01-18 15:15+01:00,0.000000
2026-01-18 15:30+01:00,0.000000
2026-01-18 15:45+01:00,0.000000
2026-01-18 16:00+01:00,0.000000
2026-01-18 16:15+01:00,0.000000
2026-01-18 16:30+01:00,0.000000
2026-01-18 16:45+01:00,0.000000
2026-01-18 17:00+01:00,0.000000
2026-01-18 17:15+01:00,0.000000
2026-01-18 17:30+01:00,23.530450
2026-01-18 17:45+01:00,24.233193
2026-01-18 18:00+01:00,25.894806
2026-01-18 18:15+01:00,25.532353
2026-01-18 18:30+01:00,26.468790
2026-01-18 18:45+01:00,23.411741
2026-01-18 19:00+01:00,23.162587
2026-01-18 19:15+01:00,25.897041
2026-01-18 19:30+01:00,24.394553
2026-01-18 19:45+01:00,23.343702
2026-01-18 20:00+01:00,26.835545
2026-01-18 20:15+01:00,25.626158
2026-01-18 20:30+01:00,26.326310
2026-01-18 20:45+01:00,25.827597
2026-01-18 21:00+01:00,25.637938
2026-01-18 21:15+01:00,0.000000
2026-01-18 21:30+01:00,0.000000
2026-01-18 21:45+01:00,0.000000
2026-01-18 22:00+01:00,0.000000
2026-01-18 22:15+01:00,0.000000
2026-01-18 22:30+01:00,0.000000
2026-01-18 22:45+01:00,
2026-01-18 23:00+01:00,0.000000
2026-01-18 23:15+01:00,0.000000
2026-01-18 23:30+01:00,0.000000
2026-01-18 23:45+01:00,0.000000
2026-01-19 00:00+01:00,0.000000
2026-01-19 00:15+01:00,0.000000
2026-01-19 00:30+01:00,0.000000
2026-01-19 00:45+01:00,0.000000
2026-01-19 01:00+01:00,0.000000
2026-01-19 01:15+01:00,0.000000
2026-01-19 01:30+01:00,0.000000
2026-01-19 01:45+01:00,0.000000
2026-01-19 02:00+01:00,0.000000
2026-01-19 02:15+01:00,0.000000
2026-01-19 02:30+01:00,0.000000
2026-01-19 02:45+01:00,0.000000
2026-01-19 03:00+01:00,0.000000
2026-01-19 03:15+01:00,0.000000
2026-01-19 03:30+01:00,0.000000
2026-01-19 03:45+01:00,0.000000
2026-01-19 04:00+01:00,0.000000
2026-01-19 04:15+01:00,0.000000
2026-01-19 04:30+01:00,0.000000
2026-01-19 04:45+01:00,0.000000
2026-01-19 05:00+01:00,0.000000
2026-01-19 05:15+01:00,0.000000
2026-01-19 05:30+01:00,0.000000
2026-01-19 05:45+01:00,0.000000
2026-01-19 06:00+01:00,0.000000
2026-01-19 06:15+01:00,0.000000
2026-01-19 06:30+01:00,0.000000
2026-01-19 06:45+01:00,0.000000
2026-01-19 07:00+01:00,0.000000
2026-01-19 07:15+01:00,0.000000
2026-01-19 07:30+01:00,0.000000
2026-01-19 07:45+01:00,0.000000
2026-01-19 08:00+01:00,0.000000
2026-01-19 08:15+01:00,0.000000
2026-01-19 08:30+01:00,0.000000
2026-01-19 08:45+01:00,0.000000
2026-01-19 09:00+01:00,0.000000
2026-01-19 09:15+01:00,0.000000
2026-01-19 09:30+01:00,0.000000
2026-01-19 09:45+01:00,0.000000
2026-01-19 10:00+01:00,0.000000
2026-01-19 10:15+01:00,0.000000
2026-01-19 10:30+01:00,0.000000
2026-01-19 10:45+01:00,0.000000
2026-01-19 11:00+01:00,0.000000
2026-01-19 11:15+01:00,0.000000
2026-01-19 11:30+01:00,0.000000
2026-01-19 11:45+01:00,0.000000
2026-01-19 12:00+01:00,0.000000
2026-01-19 12:15+01:00,25.245416
2026-01-19 12:30+01:00,24.244475
2026-01-19 12:45+01:00,25.514540
2026-01-19 13:00+01:00,25.086898
2026-01-19 13:15+01:00,28.747028
2026-01-19 13:30+01:00,27.090839
2026-01-19 13:45+01:00,26.420769
2026-01-19 14:00+01:00,28.093740
2026-01-19 14:15+01:00,25.991100
2026-01-19 14:30+01:00,27.392045
2026-01-19 14:45+01:00,24.376138
2026-01-19 15:00+01:00,23.570205
2026-01-19 15:15+01:00,27.341878
2026-01-19 15:30+01:00,29.788085
2026-01-19 15:45+01:00,25.490825
2026-01-19 16:00+01:00,23.945320
2026-01-19 16:15+01:00,24.519746
2026-01-19 16:30+01:00,27.805665
2026-01-19 16:45+01:00,27.087364
2026-01-19 17:00+01:00,28.622986
2026-01-19 17:15+01:00,27.406458
2026-01-19 17:30+01:00,22.254411
2026-01-19 17:45+01:00,26.338535
2026-01-19 18:00+01:00,30.745362
2026-01-19 18:15+01:00,24.482714
2026-01-19 18:30+01:00,27.548513
2026-01-19 18:45+01:00,26.226384
2026-01-19 19:00+01:00,24.554614
2026-01-19 19:15+01:00,26.275092
2026-01-19 19:30+01:00,24.939221
2026-01-19 19:45+01:00,25.677524
2026-01-19 20:00+01:00,0.000000
2026-01-19 20:15+01:00,0.000000
2026-01-19 20:30+01:00,0.000000
2026-01-19 20:45+01:00,0.000000
2026-01-19 21:00+01:00,0.000000
2026-01-19 21:15+01:00,0.000000
2026-01-19 21:30+01:00,0.000000
2026-01-19 21:45+01:00,0.000000
2026-01-19 22:00+01:00,0.000000
2026-01-19 22:15+01:00,0.000000
2026-01-19 22:30+01:00,
2026-01-19 22:45+01:00,0.000000
2026-01-19 23:00+01:00,0.000000
2026-01-19 23:15+01:00,0.000000
2026-01-19 23:30+01:00,0.000000
2026-01-19 23:45+01:00,0.000000
2026-01-20 00:00+01:00,0.000000
2026-01-20 00:15+01:00,0.000000
2026-01-20 00:30+01:00,0.000000
2026-01-20 00:45+01:00,0.000000
2026-01-20 01:00+01:00,0.000000
2026-01-20 01:15+01:00,0.000000
2026-01-20 01:30+01:00,0.000000
2026-01-20 01:45+01:00,0.000000
2026-01-20 02:00+01:00,0.000000
2026-01-20 02:15+01:00,0.000000
2026-01-20 02:30+01:00,0.000000
2026-01-20 02:45+01:00,0.000000
2026-01-20 03:00+01:00,0.000000
2026-01-20 03:15+01:00,29.535540
2026-01-20 03:30+01:00,25.227176
2026-01-20 03:45+01:00,24.050459
2026-01-20 04:00+01:00,22.787760
2026-01-20 04:15+01:00,23.441881
2026-01-20 04:30+01:00,27.988079
2026-01-20 04:45+01:00,25.047485
2026-01-20 05:00+01:00,25.181990
2026-01-20 05:15+01:00,22.291730
2026-01-20 05:30+01:00,24.987686
2026-01-20 05:45+01:00,0.000000
2026-01-20 06:00+01:00,0.000000
2026-01-20 06:15+01:00,0.000000
2026-01-20 06:30+01:00,0.000000
2026-01-20 06:45+01:00,0.000000
2026-01-20 07:00+01:00,0.000000
2026-01-20 07:15+01:00,0.000000
2026-01-20 07:30+01:00,0.000000
2026-01-20 07:45+01:00,0.000000
2026-01-20 08:00+01:00,0.000000
2026-01-20 08:15+01:00,0.000000
2026-01-20 08:30+01:00,0.000000
2026-01-20 08:45+01:00,0.000000
2026-01-20 09:00+01:00,23.803099
2026-01-20 09:15+01:00,27.378984
2026-01-20 09:30+01:00,25.987695
2026-01-20 09:45+01:00,24.907272
2026-01-20 10:00+01:00,29.884282
2026-01-20 10:15+01:00,26.009123
2026-01-20 10:30+01:00,25.863978
2026-01-20 10:45+01:00,25.257297
2026-01-20 11:00+01:00,24.138857
2026-01-20 11:15+01:00,27.104040
2026-01-20 11:30+01:00,0.000000
2026-01-20 11:45+01:00,0.000000
2026-01-20 12:00+01:00,0.000000
2026-01-20 12:15+01:00,0.000000
2026-01-20 12:30+01:00,0.000000
2026-01-20 12:45+01:00,0.000000
2026-01-20 13:00+01:00,0.000000
2026-01-20 13:15+01:00,0.000000
2026-01-20 13:30+01:00,0.000000
2026-01-20 13:45+01:00,0.000000
2026-01-20 14:00+01:00,0.000000
2026-01-20 14:15+01:00,
2026-01-20 14:30+01:00,0.000000
2026-01-20 14:45+01:00,0.000000
2026-01-20 15:00+01:00,0.000000
2026-01-20 15:15+01:00,0.000000
2026-01-20 15:30+01:00,0.000000
2026-01-20 15:45+01:00,0.000000
2026-01-20 16:00+01:00,0.000000
2026-01-20 16:15+01:00,0.000000
2026-01-20 16:30+01:00,0.000000
2026-01-20 16:45+01:00,0.000000
2026-01-20 17:00+01:00,0.000000
2026-01-20 17:15+01:00,0.000000
2026-01-20 17:30+01:00,0.000000
2026-01-20 17:45+01:00,0.000000
2026-01-20 18:00+01:00,0.000000
2026-01-20 18:15+01:00,0.000000
2026-01-20 18:30+01:00,0.000000
2026-01-20 18:45+01:00,0.000000
2026-01-20 19:00+01:00,0.000000
2026-01-20 19:15+01:00,0.000000
2026-01-20 19:30+01:00,0.000000
2026-01-20 19:45+01:00,0.000000
2026-01-20 20:00+01:00,0.000000
2026-01-20 20:15+01:00,27.294512
2026-01-20 20:30+01:00,26.763098
2026-01-20 20:45+01:00,28.074763
2026-01-20 21:00+01:00,26.337917
2026-01-20 21:15+01:00,24.290312
2026-01-20 21:30+01:00,25.064276
2026-01-20 21:45+01:00,26.521776
2026-01-20 22:00+01:00,27.033100
2026-01-20 22:15+01:00,25.367430
2026-01-20 22:30+01:00,29.136168
2026-01-20 22:45+01:00,23.766295
2026-01-20 23:00+01:00,0.000000
2026-01-20 23:15+01:00,0.000000
2026-01-20 23:30+01:00,0.000000
2026-01-20 23:45+01:00,0.000000
2026-01-21 00:00+01:00,0.000000
2026-01-21 00:15+01:00,0.000000
2026-01-21 00:30+01:00,0.000000
2026-01-21 00:45+01:00,0.000000
2026-01-21 01:00+01:00,0.000000
2026-01-21 01:15+01:00,0.000000
2026-01-21 01:30+01:00,0.000000
2026-01-21 01:45+01:00,0.000000
2026-01-21 02:00+01:00,0.000000
2026-01-21 02:15+01:00,0.000000
2026-01-21 02:30+01:00,0.000000
2026-01-21 02:45+01:00,0.000000
2026-01-21 03:00+01:00,0.000000
2026-01-21 03:15+01:00,0.000000
2026-01-21 03:30+01:00,0.000000
2026-01-21 03:45+01:00,0.000000
2026-01-21 04:00+01:00,0.000000
2026-01-21 04:15+01:00,0.000000
2026-01-21 04:30+01:00,0.000000
2026-01-21 04:45+01:00,0.000000
2026-01-21 05:00+01:00,0.000000
2026-01-21 05:15+01:00,0.000000
2026-01-21 05:30+01:00,0.000000
2026-01-21 05:45+01:00,25.269109
2026-01-21 06:00+01:00,25.892385
2026-01-21 06:15+01:00,26.010229
2026-01-21 06:30+01:00,23.302596
2026-01-21 06:45+01:00,22.864416
2026-01-21 07:00+01:00,25.847915
2026-01-21 07:15+01:00,22.814557
2026-01-21 07:30+01:00,23.091470
2026-01-21 07:45+01:00,24.198448
2026-01-21 08:00+01:00,26.659178
2026-01-21 08:15+01:00,25.371651
2026-01-21 08:30+01:00,26.267990
2026-01-21 08:45+01:00,26.102770
2026-01-21 09:00+01:00,24.244982
2026-01-21 09:15+01:00,23.785384
2026-01-21 09:30+01:00,27.456845
2026-01-21 09:45+01:00,23.484946
2026-01-21 10:00+01:00,26.818276
2026-01-21 10:15+01:00,26.329822
2026-01-21 10:30+01:00,25.325608
2026-01-21 10:45+01:00,27.346605
2026-01-21 11:00+01:00,23.734319
2026-01-21 11:15+01:00,24.236474
2026-01-21 11:30+01:00,22.289611
2026-01-21 11:45+01:00,26.426452
2026-01-21 12:00+01:00,25.768152
2026-01-21 12:15+01:00,24.967375
2026-01-21 12:30+01:00,24.716074
2026-01-21 12:45+01:00,27.308775
2026-01-21 13:00+01:00,24.016952
2026-01-21 13:15+01:00,22.942005
2026-01-21 13:30+01:00,0.000000
2026-01-21 13:45+01:00,0.000000
2026-01-21 14:00+01:00,0.000000
2026-01-21 14:15+01:00,0.000000
2026-01-21 14:30+01:00,0.000000
2026-01-21 14:45+01:00,0.000000
2026-01-21 15:00+01:00,0.000000
2026-01-21 15:15+01:00,0.000000
2026-01-21 15:30+01:00,0.000000
2026-01-21 15:45+01:00,0.000000
2026-01-21 16:00+01:00,0.000000
2026-01-21 16:15+01:00,0.000000
2026-01-21 16:30+01:00,0.000000
2026-01-21 16:45+01:00,0.000000
2026-01-21 17:00+01:00,0.000000
2026-01-21 17:15+01:00,0.000000
2026-01-21 17:30+01:00,0.000000
2026-01-21 17:45+01:00,0.000000
2026-01-21 18:00+01:00,0.000000
2026-01-21 18:15+01:00,0.000000
2026-01-21 18:30+01:00,0.000000
2026-01-21 18:45+01:00,0.000000
2026-01-21 19:00+01:00,0.000000
2026-01-21 19:15+01:00,0.000000
2026-01-21 19:30+01:00,0.000000
2026-01-21 19:45+01:00,0.000000
2026-01-21 20:00+01:00,0.000000
2026-01-21 20:15+01:00,0.000000
2026-01-21 20:30+01:00,0.000000
2026-01-21 20:45+01:00,0.000000
2026-01-21 21:00+01:00,0.000000
2026-01-21 21:15+01:00,0.000000
2026-01-21 21:30+01:00,0.000000
2026-01-21 21:45+01:00,0.000000
2026-01-21 22:00+01:00,0.000000
2026-01-21 22:15+01:00,0.000000
2026-01-21 22:30+01:00,0.000000
2026-01-21 22:45+01:00,0.000000
2026-01-21 23:00+01:00,0.000000
2026-01-21 23:15+01:00,0.000000
2026-01-21 23:30+01:00,0.000000
2026-01-21 23:45+01:00,0.000000
2026-01-22 00:00+01:00,0.000000
2026-01-22 00:15+01:00,0.000000
2026-01-22 00:30+01:00,0.000000
2026-01-22 00:45+01:00,0.000000
2026-01-22 01:00+01:00,0.000000
2026-01-22 01:15+01:00,0.000000
2026-01-22 01:30+01:00,0.000000
2026-01-22 01:45+01:00,0.000000
2026-01-22 02:00+01:00,0.000000
2026-01-22 02:15+01:00,0.000000
2026-01-22 02:30+01:00,0.000000
2026-01-22 02:45+01:00,0.000000
2026-01-22 03:00+01:00,0.000000
2026-01-22 03:15+01:00,0.000000
2026-01-22 03:30+01:00,0.000000
2026-01-22 03:45+01:00,0.000000
2026-01-22 04:00+01:00,0.000000
2026-01-22 04:15+01:00,0.000000
2026-01-22 04:30+01:00,0.000000
2026-01-22 04:45+01:00,0.000000
2026-01-22 05:00+01:00,0.000000
2026-01-22 05:15+01:00,0.000000
2026-01-22 05:30+01:00,0.000000
2026-01-22 05:45+01:00,0.000000
2026-01-22 06:00+01:00,0.000000
2026-01-22 06:15+01:00,0.000000
2026-01-22 06:30+01:00,0.000000
2026-01-22 06:45+01:00,0.000000
2026-01-22 07:00+01:00,0.000000
2026-01-22 07:15+01:00,0.000000
2026-01-22 07:30+01:00,0.000000
2026-01-22 07:45+01:00,0.000000
2026-01-22 08:00+01:00,25.741088
2026-01-22 08:15+01:00,27.531145
2026-01-22 08:30+01:00,27.996061
2026-01-22 08:45+01:00,25.475286
2026-01-22 09:00+01:00,24.877219
2026-01-22 09:15+01:00,26.662529
2026-01-22 09:30+01:00,27.640708
2026-01-22 09:45+01:00,24.940774
2026-01-22 10:00+01:00,24.062191
2026-01-22 10:15+01:00,23.527242
2026-01-22 10:30+01:00,24.156643
2026-01-22 10:45+01:00,27.295561
2026-01-22 11:00+01:00,31.148312
2026-01-22 11:15+01:00,27.254489
2026-01-22 11:30+01:00,25.992572
2026-01-22 11:45+01:00,27.244638
2026-01-22 12:00+01:00,25.323510
2026-01-22 12:15+01:00,28.627580
2026-01-22 12:30+01:00,25.821280
2026-01-22 12:45+01:00,24.545699
2026-01-22 13:00+01:00,28.170059
2026-01-22 13:15+01:00,27.268974
2026-01-22 13:30+01:00,26.490837
2026-01-22 13:45+01:00,25.124003
2026-01-22 14:00+01:00,24.558300
2026-01-22 14:15+01:00,24.837314
2026-01-22 14:30+01:00,27.598027
2026-01-22 14:45+01:00,24.442877
2026-01-22 15:00+01:00,25.948786
2026-01-22 15:15+01:00,24.441951
2026-01-22 15:30+01:00,24.181383
2026-01-22 15:45+01:00,0.000000
2026-01-22 16:00+01:00,0.000000
2026-01-22 16:15+01:00,0.000000
2026-01-22 16:30+01:00,0.000000
2026-01-22 16:45+01:00,0.000000
2026-01-22 17:00+01:00,0.000000
2026-01-22 17:15+01:00,0.000000
2026-01-22 17:30+01:00,0.000000
2026-01-22 17:45+01:00,0.000000
2026-01-22 18:00+01:00,0.000000
2026-01-22 18:15+01:00,0.000000
2026-01-22 18:30+01:00,0.000000
2026-01-22 18:45+01:00,0.000000
2026-01-22 19:00+01:00,0.000000
2026-01-22 19:15+01:00,0.000000
2026-01-22 19:30+01:00,0.000000
2026-01-22 19:45+01:00,0.000000
2026-01-22 20:00+01:00,0.000000
2026-01-22 20:15+01:00,0.000000
2026-01-22 20:30+01:00,0.000000
2026-01-22 20:45+01:00,0.000000
2026-01-22 21:00+01:00,0.000000
2026-01-22 21:15+01:00,0.000000
2026-01-22 21:30+01:00,0.000000
2026-01-22 21:45+01:00,0.000000
2026-01-22 22:00+01:00,0.000000
2026-01-22 22:15+01:00,0.000000
2026-01-22 22:30+01:00,0.000000
2026-01-22 22:45+01:00,0.000000
2026-01-22 23:00+01:00,0.000000
2026-01-22 23:15+01:00,0.000000
2026-01-22 23:30+01:00,0.000000
2026-01-22 23:45+01:00,0.000000
2026-01-23 00:00+01:00,0.000000
2026-01-23 00:15+01:00,0.000000
2026-01-23 00:30+01:00,0.000000
2026-01-23 00:45+01:00,0.000000
2026-01-23 01:00+01:00,26.264754
2026-01-23 01:15+01:00,26.128808
2026-01-23 01:30+01:00,25.402566
2026-01-23 01:45+01:00,25.156869
2026-01-23 02:00+01:00,27.235661
2026-01-23 02:15+01:00,26.571637
2026-01-23 02:30+01:00,25.330234
2026-01-23 02:45+01:00,26.102492
2026-01-23 03:00+01:00,25.681324
2026-01-23 03:15+01:00,27.701591
2026-01-23 03:30+01:00,0.000000
2026-01-23 03:45+01:00,0.000000
2026-01-23 04:00+01:00,23.548978
2026-01-23 04:15+01:00,21.880450
2026-01-23 04:30+01:00,28.145130
2026-01-23 04:45+01:00,25.156123
2026-01-23 05:00+01:00,24.687945
2026-01-23 05:15+01:00,28.867854
2026-01-23 05:30+01:00,27.282025
2026-01-23 05:45+01:00,23.925983
2026-01-23 06:00+01:00,25.058500
2026-01-23 06:15+01:00,27.414781
2026-01-23 06:30+01:00,0.000000
2026-01-23 06:45+01:00,0.000000
2026-01-23 07:00+01:00,0.000000
2026-01-23 07:15+01:00,0.000000
2026-01-23 07:30+01:00,0.000000
2026-01-23 07:45+01:00,0.000000
2026-01-23 08:00+01:00,0.000000
2026-01-23 08:15+01:00,0.000000
2026-01-23 08:30+01:00,0.000000
2026-01-23 08:45+01:00,0.000000
2026-01-23 09:00+01:00,0.000000
2026-01-23 09:15+01:00,0.000000
2026-01-23 09:30+01:00,0.000000
2026-01-23 09:45+01:00,0.000000
2026-01-23 10:00+01:00,0.000000
2026-01-23 10:15+01:00,0.000000
2026-01-23 10:30+01:00,0.000000
2026-01-23 10:45+01:00,0.000000
2026-01-23 11:00+01:00,0.000000
2026-01-23 11:15+01:00,0.000000
2026-01-23 11:30+01:00,0.000000
2026-01-23 11:45+01:00,0.000000
2026-01-23 12:00+01:00,0.000000
2026-01-23 12:15+01:00,0.000000
2026-01-23 12:30+01:00,0.000000
2026-01-23 12:45+01:00,0.000000
2026-01-23 13:00+01:00,0.000000
2026-01-23 13:15+01:00,0.000000
2026-01-23 13:30+01:00,0.000000
2026-01-23 13:45+01:00,0.000000
2026-01-23 14:00+01:00,0.000000
2026-01-23 14:15+01:00,0.000000
2026-01-23 14:30+01:00,0.000000
2026-01-23 14:45+01:00,0.000000
2026-01-23 15:00+01:00,0.000000
2026-01-23 15:15+01:00,0.000000
2026-01-23 15:30+01:00,0.000000
2026-01-23 15:45+01:00,0.000000
2026-01-23 16:00+01:00,0.000000
2026-01-23 16:15+01:00,0.000000
2026-01-23 16:30+01:00,26.634124
2026-01-23 16:45+01:00,21.872031
2026-01-23 17:00+01:00,25.307382
2026-01-23 17:15+01:00,22.561389
2026-01-23 17:30+01:00,25.855240
2026-01-23 17:45+01:00,24.991189
2026-01-23 18:00+01:00,27.059982
2026-01-23 18:15+01:00,24.751321
2026-01-23 18:30+01:00,26.218310
2026-01-23 18:45+01:00,24.993589
2026-01-23 19:00+01:00,28.192660
2026-01-23 19:15+01:00,0.000000
2026-01-23 19:30+01:00,0.000000
2026-01-23 19:45+01:00,0.000000
2026-01-23 20:00+01:00,0.000000
2026-01-23 20:15+01:00,0.000000
2026-01-23 20:30+01:00,0.000000
2026-01-23 20:45+01:00,0.000000
2026-01-23 21:00+01:00,0.000000
2026-01-23 21:15+01:00,0.000000
2026-01-23 21:30+01:00,0.000000
2026-01-23 21:45+01:00,0.000000
2026-01-23 22:00+01:00,0.000000
2026-01-23 22:15+01:00,0.000000
2026-01-23 22:30+01:00,0.000000
2026-01-23 22:45+01:00,0.000000
2026-01-23 23:00+01:00,0.000000
2026-01-23 23:15+01:00,0.000000
2026-01-23 23:30+01:00,0.000000
2026-01-23 23:45+01:00,0.000000
2026-01-24 00:00+01:00,0.000000
2026-01-24 00:15+01:00,0.000000
2026-01-24 00:30+01:00,0.000000
2026-01-24 00:45+01:00,0.000000
2026-01-24 01:00+01:00,0.000000
2026-01-24 01:15+01:00,0.000000
2026-01-24 01:30+01:00,0.000000
2026-01-24 01:45+01:00,0.000000
2026-01-24 02:00+01:00,0.000000
2026-01-24 02:15+01:00,0.000000
2026-01-24 02:30+01:00,0.000000
2026-01-24 02:45+01:00,0.000000
2026-01-24 03:00+01:00,0.000000
2026-01-24 03:15+01:00,0.000000
2026-01-24 03:30+01:00,0.000000
2026-01-24 03:45+01:00,0.000000
2026-01-24 04:00+01:00,0.000000
2026-01-24 04:15+01:00,0.000000
2026-01-24 04:30+01:00,0.000000
2026-01-24 04:45+01:00,0.000000
2026-01-24 05:00+01:00,0.000000
2026-01-24 05:15+01:00,0.000000
2026-01-24 05:30+01:00,0.000000
2026-01-24 05:45+01:00,0.000000
2026-01-24 06:00+01:00,0.000000
2026-01-24 06:15+01:00,0.000000
2026-01-24 06:30+01:00,0.000000
2026-01-24 06:45+01:00,0.000000
2026-01-24 07:00+01:00,0.000000
2026-01-24 07:15+01:00,0.000000
2026-01-24 07:30+01:00,0.000000
2026-01-24 07:45+01:00,0.000000
2026-01-24 08:00+01:00,0.000000
2026-01-24 08:15+01:00,0.000000
2026-01-24 08:30+01:00,24.548933
2026-01-24 08:45+01:00,23.393651
2026-01-24 09:00+01:00,26.351828
2026-01-24 09:15+01:00,22.381437
2026-01-24 09:30+01:00,25.032475
2026-01-24 09:45+01:00,22.217087
2026-01-24 10:00+01:00,25.140347
2026-01-24 10:15+01:00,25.326488
2026-01-24 10:30+01:00,26.359733
2026-01-24 10:45+01:00,25.438341
2026-01-24 11:00+01:00,25.941528
2026-01-24 11:15+01:00,25.539681
2026-01-24 11:30+01:00,24.629266
2026-01-24 11:45+01:00,26.070271
2026-01-24 12:00+01:00,25.924315
2026-01-24 12:15+01:00,25.464931
2026-01-24 12:30+01:00,0.000000
2026-01-24 12:45+01:00,27.949207
2026-01-24 13:00+01:00,25.479105
2026-01-24 13:15+01:00,25.004137
2026-01-24 13:30+01:00,25.596223
2026-01-24 13:45+01:00,27.735910
2026-01-24 14:00+01:00,24.550142
2026-01-24 14:15+01:00,25.937555
2026-01-24 14:30+01:00,25.668441
2026-01-24 14:45+01:00,24.394711
2026-01-24 15:00+01:00,25.498048
2026-01-24 15:15+01:00,22.875149
2026-01-24 15:30+01:00,25.713593
2026-01-24 15:45+01:00,26.866662
2026-01-24 16:00+01:00,27.313110
2026-01-24 16:15+01:00,25.040721
2026-01-24 16:30+01:00,0.000000
2026-01-24 16:45+01:00,0.000000
2026-01-24 17:00+01:00,0.000000
2026-01-24 17:15+01:00,0.000000
2026-01-24 17:30+01:00,0.000000
2026-01-24 17:45+01:00,0.000000
2026-01-24 18:00+01:00,0.000000
2026-01-24 18:15+01:00,0.000000
2026-01-24 18:30+01:00,0.000000
2026-01-24 18:45+01:00,0.000000
2026-01-24 19:00+01:00,0.000000
2026-01-24 19:15+01:00,0.000000
2026-01-24 19:30+01:00,0.000000
2026-01-24 19:45+01:00,0.000000
2026-01-24 20:00+01:00,0.000000
2026-01-24 20:15+01:00,0.000000
2026-01-24 20:30+01:00,0.000000
2026-01-24 20:45+01:00,0.000000
2026-01-24 21:00+01:00,0.000000
2026-01-24 21:15+01:00,0.000000
2026-01-24 21:30+01:00,0.000000
2026-01-24 21:45+01:00,0.000000
2026-01-24 22:00+01:00,0.000000
2026-01-24 22:15+01:00,0.000000
2026-01-24 22:30+01:00,0.000000
2026-01-24 22:45+01:00,0.000000
2026-01-24 23:00+01:00,0.000000
2026-01-24 23:15+01:00,0.000000
2026-01-24 23:30+01:00,0.000000
2026-01-24 23:45+01:00,0.000000
2026-01-25 00:00+01:00,0.000000
2026-01-25 00:15+01:00,0.000000
2026-01-25 00:30+01:00,0.000000
2026-01-25 00:45+01:00,0.000000
2026-01-25 01:00+01:00,0.000000
2026-01-25 01:15+01:00,0.000000
2026-01-25 01:30+01:00,0.000000
2026-01-25 01:45+01:00,0.000000
2026-01-25 02:00+01:00,0.000000
2026-01-25 02:15+01:00,0.000000
2026-01-25 02:30+01:00,0.000000
2026-01-25 02:45+01:00,0.000000
2026-01-25 03:00+01:00,0.000000
2026-01-25 03:15+01:00,24.475578
2026-01-25 03:30+01:00,21.765034
2026-01-25 03:45+01:00,25.258503
2026-01-25 04:00+01:00,25.887530
2026-01-25 04:15+01:00,24.181642
2026-01-25 04:30+01:00,22.540920
2026-01-25 04:45+01:00,24.463584
2026-01-25 05:00+01:00,26.632034
2026-01-25 05:15+01:00,24.938845
2026-01-25 05:30+01:00,27.352151
2026-01-25 05:45+01:00,0.000000
2026-01-25 06:00+01:00,0.000000
2026-01-25 06:15+01:00,0.000000
2026-01-25 06:30+01:00,0.000000
2026-01-25 06:45+01:00,27.721059
2026-01-25 07:00+01:00,25.117052
2026-01-25 07:15+01:00,25.379467
2026-01-25 07:30+01:00,24.440233
2026-01-25 07:45+01:00,25.354085
2026-01-25 08:00+01:00,25.187848
2026-01-25 08:15+01:00,24.807972
2026-01-25 08:30+01:00,26.687882
2026-01-25 08:45+01:00,24.802119
2026-01-25 09:00+01:00,23.851820
2026-01-25 09:15+01:00,0.000000
2026-01-25 09:30+01:00,0.000000
2026-01-25 09:45+01:00,0.000000
2026-01-25 10:00+01:00,0.000000
2026-01-25 10:15+01:00,0.000000
2026-01-25 10:30+01:00,0.000000
2026-01-25 10:45+01:00,0.000000
2026-01-25 11:00+01:00,0.000000
2026-01-25 11:15+01:00,0.000000
2026-01-25 11:30+01:00,
2026-01-25 11:45+01:00,0.000000
2026-01-25 12:00+01:00,0.000000
2026-01-25 12:15+01:00,0.000000
2026-01-25 12:30+01:00,0.000000
2026-01-25 12:45+01:00,0.000000
2026-01-25 13:00+01:00,0.000000
2026-01-25 13:15+01:00,0.000000
2026-01-25 13:30+01:00,0.000000
2026-01-25 13:45+01:00,0.000000
2026-01-25 14:00+01:00,0.000000
2026-01-25 14:15+01:00,0.000000
2026-01-25 14:30+01:00,0.000000
2026-01-25 14:45+01:00,0.000000
2026-01-25 15:00+01:00,0.000000
2026-01-25 15:15+01:00,0.000000
2026-01-25 15:30+01:00,0.000000
2026-01-25 15:45+01:00,0.000000
2026-01-25 16:00+01:00,0.000000
2026-01-25 16:15+01:00,0.000000
2026-01-25 16:30+01:00,0.000000
2026-01-25 16:45+01:00,0.000000
2026-01-25 17:00+01:00,0.000000
2026-01-25 17:15+01:00,0.000000
2026-01-25 17:30+01:00,0.000000
2026-01-25 17:45+01:00,22.581943
2026-01-25 18:00+01:00,25.729263
2026-01-25 18:15+01:00,28.613595
2026-01-25 18:30+01:00,23.079002
2026-01-25 18:45+01:00,27.653041
2026-01-25 19:00+01:00,27.133931
2026-01-25 19:15+01:00,25.341278
2026-01-25 19:30+01:00,25.859750
2026-01-25 19:45+01:00,27.663271
2026-01-25 20:00+01:00,25.970410
2026-01-25 20:15+01:00,26.568874
2026-01-25 20:30+01:00,0.000000
2026-01-25 20:45+01:00,0.000000
2026-01-25 21:00+01:00,0.000000
2026-01-25 21:15+01:00,0.000000
2026-01-25 21:30+01:00,0.000000
2026-01-25 21:45+01:00,0.000000
2026-01-25 22:00+01:00,0.000000
2026-01-25 22:15+01:00,0.000000
2026-01-25 22:30+01:00,0.000000
2026-01-25 22:45+01:00,0.000000
2026-01-25 23:00+01:00,0.000000
2026-01-25 23:15+01:00,0.000000
2026-01-25 23:30+01:00,0.000000
2026-01-25 23:45+01:00,0.000000
2026-01-26 00:00+01:00,0.000000
2026-01-26 00:15+01:00,0.000000
2026-01-26 00:30+01:00,0.000000
2026-01-26 00:45+01:00,26.210438
2026-01-26 01:00+01:00,26.208346
2026-01-26 01:15+01:00,27.189075
2026-01-26 01:30+01:00,24.984935
2026-01-26 01:45+01:00,
2026-01-26 02:00+01:00,27.666773
2026-01-26 02:15+01:00,23.009839
2026-01-26 02:30+01:00,23.833927
2026-01-26 02:45+01:00,28.341373
2026-01-26 03:00+01:00,22.462716
2026-01-26 03:15+01:00,0.000000
2026-01-26 03:30+01:00,0.000000
2026-01-26 03:45+01:00,0.000000
2026-01-26 04:00+01:00,0.000000
2026-01-26 04:15+01:00,0.000000
2026-01-26 04:30+01:00,0.000000
2026-01-26 04:45+01:00,0.000000
2026-01-26 05:00+01:00,0.000000
2026-01-26 05:15+01:00,0.000000
2026-01-26 05:30+01:00,26.214683
2026-01-26 05:45+01:00,25.367969
2026-01-26 06:00+01:00,26.825384
2026-01-26 06:15+01:00,26.851718
2026-01-26 06:30+01:00,23.625713
2026-01-26 06:45+01:00,27.993943
2026-01-26 07:00+01:00,23.938711
2026-01-26 07:15+01:00,26.925122
2026-01-26 07:30+01:00,27.137143
2026-01-26 07:45+01:00,25.033648
2026-01-26 08:00+01:00,0.000000
2026-01-26 08:15+01:00,0.000000
2026-01-26 08:30+01:00,0.000000
2026-01-26 08:45+01:00,0.000000
2026-01-26 09:00+01:00,0.000000
2026-01-26 09:15+01:00,0.000000
2026-01-26 09:30+01:00,0.000000
2026-01-26 09:45+01:00,0.000000
2026-01-26 10:00+01:00,0.000000
2026-01-26 10:15+01:00,0.000000
2026-01-26 10:30+01:00,0.000000
2026-01-26 10:45+01:00,0.000000
2026-01-26 11:00+01:00,0.000000
2026-01-26 11:15+01:00,0.000000
2026-01-26 11:30+01:00,0.000000
2026-01-26 11:45+01:00,0.000000
2026-01-26 12:00+01:00,0.000000
2026-01-26 12:15+01:00,0.000000
2026-01-26 12:30+01:00,0.000000
2026-01-26 12:45+01:00,0.000000
2026-01-26 13:00+01:00,0.000000
2026-01-26 13:15+01:00,0.000000
2026-01-26 13:30+01:00,0.000000
2026-01-26 13:45+01:00,0.000000
2026-01-26 14:00+01:00,0.000000
2026-01-26 14:15+01:00,0.000000
2026-01-26 14:30+01:00,0.000000
2026-01-26 14:45+01:00,0.000000
2026-01-26 15:00+01:00,0.000000
2026-01-26 15:15+01:00,0.000000
2026-01-26 15:30+01:00,0.000000
2026-01-26 15:45+01:00,0.000000
2026-01-26 16:00+01:00,0.000000
2026-01-26 16:15+01:00,0.000000
2026-01-26 16:30+01:00,0.000000
2026-01-26 16:45+01:00,0.000000
2026-01-26 17:00+01:00,0.000000
2026-01-26 17:15+01:00,0.000000
2026-01-26 17:30+01:00,0.000000
2026-01-26 17:45+01:00,0.000000
2026-01-26 18:00+01:00,0.000000
2026-01-26 18:15+01:00,0.000000
2026-01-26 18:30+01:00,0.000000
2026-01-26 18:45+01:00,0.000000
2026-01-26 19:00+01:00,0.000000
2026-01-26 19:15+01:00,0.000000
2026-01-26 19:30+01:00,0.000000
2026-01-26 19:45+01:00,0.000000
2026-01-26 20:00+01:00,0.000000
2026-01-26 20:15+01:00,0.000000
2026-01-26 20:30+01:00,0.000000
2026-01-26 20:45+01:00,0.000000
2026-01-26 21:00+01:00,0.000000
2026-01-26 21:15+01:00,0.000000
2026-01-26 21:30+01:00,26.024913
2026-01-26 21:45+01:00,26.435571
2026-01-26 22:00+01:00,28.151890
2026-01-26 22:15+01:00,27.116436
2026-01-26 22:30+01:00,23.808221
2026-01-26 22:45+01:00,26.556905
2026-01-26 23:00+01:00,26.548409
2026-01-26 23:15+01:00,23.186674
2026-01-26 23:30+01:00,23.590678
2026-01-26 23:45+01:00,26.697332
2026-01-27 00:00+01:00,27.846253
2026-01-27 00:15+01:00,0.000000
2026-01-27 00:30+01:00,0.000000
2026-01-27 00:45+01:00,0.000000
2026-01-27 01:00+01:00,25.764907
2026-01-27 01:15+01:00,27.981866
2026-01-27 01:30+01:00,25.913262
2026-01-27 01:45+01:00,28.185160
2026-01-27 02:00+01:00,26.926205
2026-01-27 02:15+01:00,30.335724
2026-01-27 02:30+01:00,26.769623
2026-01-27 02:45+01:00,24.130563
2026-01-27 03:00+01:00,23.779878
2026-01-27 03:15+01:00,25.813260
2026-01-27 03:30+01:00,0.000000
2026-01-27 03:45+01:00,0.000000
2026-01-27 04:00+01:00,0.000000
2026-01-27 04:15+01:00,0.000000
2026-01-27 04:30+01:00,0.000000
2026-01-27 04:45+01:00,0.000000
2026-01-27 05:00+01:00,0.000000
2026-01-27 05:15+01:00,0.000000
2026-01-27 05:30+01:00,0.000000
2026-01-27 05:45+01:00,0.000000
2026-01-27 06:00+01:00,0.000000
2026-01-27 06:15+01:00,0.000000
2026-01-27 06:30+01:00,0.000000
2026-01-27 06:45+01:00,0.000000
2026-01-27 07:00+01:00,0.000000
2026-01-27 07:15+01:00,0.000000
2026-01-27 07:30+01:00,0.000000
2026-01-27 07:45+01:00,0.000000
2026-01-27 08:00+01:00,0.000000
2026-01-27 08:15+01:00,0.000000
2026-01-27 08:30+01:00,0.000000
2026-01-27 08:45+01:00,0.000000
2026-01-27 09:00+01:00,0.000000
2026-01-27 09:15+01:00,0.000000
2026-01-27 09:30+01:00,28.487213
2026-01-27 09:45+01:00,22.991382
2026-01-27 10:00+01:00,29.476907
2026-01-27 10:15+01:00,27.107389
2026-01-27 10:30+01:00,28.449266
2026-01-27 10:45+01:00,26.707578
2026-01-27 11:00+01:00,24.656154
2026-01-27 11:15+01:00,25.150601
2026-01-27 11:30+01:00,26.255049
2026-01-27 11:45+01:00,28.754790
2026-01-27 12:00+01:00,0.000000
2026-01-27 12:15+01:00,0.000000
2026-01-27 12:30+01:00,0.000000
2026-01-27 12:45+01:00,0.000000
2026-01-27 13:00+01:00,0.000000
2026-01-27 13:15+01:00,0.000000
2026-01-27 13:30+01:00,0.000000
2026-01-27 13:45+01:00,0.000000
2026-01-27 14:00+01:00,0.000000
2026-01-27 14:15+01:00,0.000000
2026-01-27 14:30+01:00,0.000000
2026-01-27 14:45+01:00,0.000000
2026-01-27 15:00+01:00,0.000000
2026-01-27 15:15+01:00,0.000000
2026-01-27 15:30+01:00,0.000000
2026-01-27 15:45+01:00,0.000000
2026-01-27 16:00+01:00,0.000000
2026-01-27 16:15+01:00,0.000000
2026-01-27 16:30+01:00,0.000000
2026-01-27 16:45+01:00,0.000000
2026-01-27 17:00+01:00,0.000000
2026-01-27 17:15+01:00,0.000000
2026-01-27 17:30+01:00,0.000000
2026-01-27 17:45+01:00,0.000000
2026-01-27 18:00+01:00,0.000000
2026-01-27 18:15+01:00,0.000000
2026-01-27 18:30+01:00,0.000000
2026-01-27 18:45+01:00,0.000000
2026-01-27 19:00+01:00,0.000000
2026-01-27 19:15+01:00,0.000000
2026-01-27 19:30+01:00,0.000000
2026-01-27 19:45+01:00,0.000000
2026-01-27 20:00+01:00,0.000000
2026-01-27 20:15+01:00,0.000000
2026-01-27 20:30+01:00,0.000000
2026-01-27 20:45+01:00,0.000000
2026-01-27 21:00+01:00,0.000000
2026-01-27 21:15+01:00,0.000000
2026-01-27 21:30+01:00,25.085114
2026-01-27 21:45+01:00,26.698507
2026-01-27 22:00+01:00,24.459143
2026-01-27 22:15+01:00,25.529742
2026-01-27 22:30+01:00,24.579145
2026-01-27 22:45+01:00,26.029884
2026-01-27 23:00+01:00,25.391248
2026-01-27 23:15+01:00,27.721281
2026-01-27 23:30+01:00,28.554491
2026-01-27 23:45+01:00,25.950466
2026-01-28 00:00+01:00,
2026-01-28 00:15+01:00,0.000000
2026-01-28 00:30+01:00,0.000000
2026-01-28 00:45+01:00,0.000000
2026-01-28 01:00+01:00,0.000000
2026-01-28 01:15+01:00,0.000000
2026-01-28 01:30+01:00,0.000000
2026-01-28 01:45+01:00,0.000000
2026-01-28 02:00+01:00,0.000000
2026-01-28 02:15+01:00,0.000000
2026-01-28 02:30+01:00,23.622824
2026-01-28 02:45+01:00,29.061899
2026-01-28 03:00+01:00,26.531251
2026-01-28 03:15+01:00,21.625846
2026-01-28 03:30+01:00,28.285325
2026-01-28 03:45+01:00,28.228066
2026-01-28 04:00+01:00,23.655101
2026-01-28 04:15+01:00,25.508260
2026-01-28 04:30+01:00,28.226625
2026-01-28 04:45+01:00,25.137328
2026-01-28 05:00+01:00,0.000000
2026-01-28 05:15+01:00,0.000000
2026-01-28 05:30+01:00,0.000000
2026-01-28 05:45+01:00,0.000000
2026-01-28 06:00+01:00,0.000000
2026-01-28 06:15+01:00,0.000000
2026-01-28 06:30+01:00,23.143878
2026-01-28 06:45+01:00,26.795344
2026-01-28 07:00+01:00,24.839404
2026-01-28 07:15+01:00,24.317766
2026-01-28 07:30+01:00,25.422111
2026-01-28 07:45+01:00,28.595369
2026-01-28 08:00+01:00,28.028260
2026-01-28 08:15+01:00,28.523878
2026-01-28 08:30+01:00,27.417809
2026-01-28 08:45+01:00,24.163741
2026-01-28 09:00+01:00,0.000000
2026-01-28 09:15+01:00,0.000000
2026-01-28 09:30+01:00,0.000000
2026-01-28 09:45+01:00,0.000000
2026-01-28 10:00+01:00,0.000000
2026-01-28 10:15+01:00,0.000000
2026-01-28 10:30+01:00,0.000000
2026-01-28 10:45+01:00,0.000000
2026-01-28 11:00+01:00,0.000000
2026-01-28 11:15+01:00,0.000000
2026-01-28 11:30+01:00,0.000000
2026-01-28 11:45+01:00,0.000000
2026-01-28 12:00+01:00,0.000000
2026-01-28 12:15+01:00,0.000000
2026-01-28 12:30+01:00,0.000000
2026-01-28 12:45+01:00,0.000000
2026-01-28 13:00+01:00,0.000000
2026-01-28 13:15+01:00,0.000000
2026-01-28 13:30+01:00,0.000000
2026-01-28 13:45+01:00,0.000000
2026-01-28 14:00+01:00,0.000000
2026-01-28 14:15+01:00,0.000000
2026-01-28 14:30+01:00,0.000000
2026-01-28 14:45+01:00,0.000000
2026-01-28 15:00+01:00,0.000000
2026-01-28 15:15+01:00,0.000000
2026-01-28 15:30+01:00,0.000000
2026-01-28 15:45+01:00,0.000000
2026-01-28 16:00+01:00,0.000000
2026-01-28 16:15+01:00,0.000000
2026-01-28 16:30+01:00,0.000000
2026-01-28 16:45+01:00,0.000000
2026-01-28 17:00+01:00,0.000000
2026-01-28 17:15+01:00,0.000000
2026-01-28 17:30+01:00,0.000000
2026-01-28 17:45+01:00,0.000000
2026-01-28 18:00+01:00,0.000000
2026-01-28 18:15+01:00,0.000000
2026-01-28 18:30+01:00,24.709111
2026-01-28 18:45+01:00,
2026-01-28 19:00+01:00,26.520532
2026-01-28 19:15+01:00,26.835972
2026-01-28 19:30+01:00,24.129283
2026-01-28 19:45+01:00,27.319082
2026-01-28 20:00+01:00,25.403537
2026-01-28 20:15+01:00,24.091721
2026-01-28 20:30+01:00,25.222593
2026-01-28 20:45+01:00,29.343002
2026-01-28 21:00+01:00,23.636143
2026-01-28 21:15+01:00,0.000000
2026-01-28 21:30+01:00,0.000000
2026-01-28 21:45+01:00,0.000000
2026-01-28 22:00+01:00,0.000000
2026-01-28 22:15+01:00,0.000000
2026-01-28 22:30+01:00,0.000000
2026-01-28 22:45+01:00,0.000000
2026-01-28 23:00+01:00,0.000000
2026-01-28 23:15+01:00,0.000000
2026-01-28 23:30+01:00,0.000000
2026-01-28 23:45+01:00,0.000000
2026-01-29 00:00+01:00,0.000000
2026-01-29 00:15+01:00,0.000000
2026-01-29 00:30+01:00,0.000000
2026-01-29 00:45+01:00,0.000000
2026-01-29 01:00+01:00,0.000000
2026-01-29 01:15+01:00,0.000000
2026-01-29 01:30+01:00,0.000000
2026-01-29 01:45+01:00,0.000000
2026-01-29 02:00+01:00,0.000000
2026-01-29 02:15+01:00,0.000000
2026-01-29 02:30+01:00,0.000000
2026-01-29 02:45+01:00,0.000000
2026-01-29 03:00+01:00,0.000000
2026-01-29 03:15+01:00,26.677878
2026-01-29 03:30+01:00,25.441106
2026-01-29 03:45+01:00,22.936933
2026-01-29 04:00+01:00,22.726530
2026-01-29 04:15+01:00,24.779959
2026-01-29 04:30+01:00,28.881185
2026-01-29 04:45+01:00,25.279544
2026-01-29 05:00+01:00,26.585099
2026-01-29 05:15+01:00,27.084250
2026-01-29 05:30+01:00,23.637471
2026-01-29 05:45+01:00,0.000000
2026-01-29 06:00+01:00,0.000000
2026-01-29 06:15+01:00,0.000000
2026-01-29 06:30+01:00,0.000000
2026-01-29 06:45+01:00,0.000000
2026-01-29 07:00+01:00,0.000000
2026-01-29 07:15+01:00,0.000000
2026-01-29 07:30+01:00,0.000000
2026-01-29 07:45+01:00,0.000000
2026-01-29 08:00+01:00,0.000000
2026-01-29 08:15+01:00,0.000000
2026-01-29 08:30+01:00,0.000000
2026-01-29 08:45+01:00,0.000000
2026-01-29 09:00+01:00,0.000000
2026-01-29 09:15+01:00,0.000000
2026-01-29 09:30+01:00,0.000000
2026-01-29 09:45+01:00,0.000000
2026-01-29 10:00+01:00,0.000000
2026-01-29 10:15+01:00,0.000000
2026-01-29 10:30+01:00,0.000000
2026-01-29 10:45+01:00,0.000000
2026-01-29 11:00+01:00,0.000000
2026-01-29 11:15+01:00,0.000000
2026-01-29 11:30+01:00,0.000000
2026-01-29 11:45+01:00,0.000000
2026-01-29 12:00+01:00,0.000000
2026-01-29 12:15+01:00,0.000000
2026-01-29 12:30+01:00,0.000000
2026-01-29 12:45+01:00,0.000000
2026-01-29 13:00+01:00,0.000000
2026-01-29 13:15+01:00,0.000000
2026-01-29 13:30+01:00,0.000000
2026-01-29 13:45+01:00,0.000000
2026-01-29 14:00+01:00,0.000000
2026-01-29 14:15+01:00,0.000000
2026-01-29 14:30+01:00,0.000000
2026-01-29 14:45+01:00,0.000000
2026-01-29 15:00+01:00,0.000000
2026-01-29 15:15+01:00,0.000000
2026-01-29 15:30+01:00,23.109213
2026-01-29 15:45+01:00,26.115001
2026-01-29 16:00+01:00,24.942003
2026-01-29 16:15+01:00,27.238632
2026-01-29 16:30+01:00,25.746656
2026-01-29 16:45+01:00,20.883995
2026-01-29 17:00+01:00,25.398231
2026-01-29 17:15+01:00,27.582988
2026-01-29 17:30+01:00,24.996195
2026-01-29 17:45+01:00,25.141662
2026-01-29 18:00+01:00,0.000000
2026-01-29 18:15+01:00,0.000000
2026-01-29 18:30+01:00,0.000000
2026-01-29 18:45+01:00,0.000000
2026-01-29 19:00+01:00,0.000000
2026-01-29 19:15+01:00,0.000000
2026-01-29 19:30+01:00,0.000000
2026-01-29 19:45+01:00,0.000000
2026-01-29 20:00+01:00,0.000000
2026-01-29 20:15+01:00,27.320949
2026-01-29 20:30+01:00,24.846423
2026-01-29 20:45+01:00,25.999346
2026-01-29 21:00+01:00,25.088904
2026-01-29 21:15+01:00,27.751959
2026-01-29 21:30+01:00,26.194280
2026-01-29 21:45+01:00,26.566666
2026-01-29 22:00+01:00,26.358367
2026-01-29 22:15+01:00,30.033056
2026-01-29 22:30+01:00,25.791419
2026-01-29 22:45+01:00,21.820327
2026-01-29 23:00+01:00,0.000000
2026-01-29 23:15+01:00,0.000000
2026-01-29 23:30+01:00,0.000000
2026-01-29 23:45+01:00,0.000000
2026-01-30 00:00+01:00,0.000000
2026-01-30 00:15+01:00,0.000000
2026-01-30 00:30+01:00,0.000000
2026-01-30 00:45+01:00,0.000000
2026-01-30 01:00+01:00,0.000000
2026-01-30 01:15+01:00,0.000000
2026-01-30 01:30+01:00,0.000000
2026-01-30 01:45+01:00,0.000000
2026-01-30 02:00+01:00,0.000000
2026-01-30 02:15+01:00,0.000000
2026-01-30 02:30+01:00,0.000000
2026-01-30 02:45+01:00,0.000000
2026-01-30 03:00+01:00,0.000000
2026-01-30 03:15+01:00,0.000000
2026-01-30 03:30+01:00,0.000000
2026-01-30 03:45+01:00,0.000000
2026-01-30 04:00+01:00,0.000000
2026-01-30 04:15+01:00,0.000000
2026-01-30 04:30+01:00,0.000000
2026-01-30 04:45+01:00,0.000000
2026-01-30 05:00+01:00,0.000000
2026-01-30 05:15+01:00,0.000000
2026-01-30 05:30+01:00,0.000000
2026-01-30 05:45+01:00,0.000000
2026-01-30 06:00+01:00,22.741655
2026-01-30 06:15+01:00,26.980292
2026-01-30 06:30+01:00,25.342216
2026-01-30 06:45+01:00,26.300539
2026-01-30 07:00+01:00,26.389948
2026-01-30 07:15+01:00,28.211578
2026-01-30 07:30+01:00,24.237807
2026-01-30 07:45+01:00,22.030594
2026-01-30 08:00+01:00,21.772970
2026-01-30 08:15+01:00,30.150665
2026-01-30 08:30+01:00,25.325668
2026-01-30 08:45+01:00,23.528116
2026-01-30 09:00+01:00,26.048217
2026-01-30 09:15+01:00,24.157431
2026-01-30 09:30+01:00,24.090658
2026-01-30 09:45+01:00,27.014916
2026-01-30 10:00+01:00,26.346454
2026-01-30 10:15+01:00,25.374539
2026-01-30 10:30+01:00,26.929452
2026-01-30 10:45+01:00,28.461320
2026-01-30 11:00+01:00,25.629466
2026-01-30 11:15+01:00,24.811743
2026-01-30 11:30+01:00,26.727048
2026-01-30 11:45+01:00,25.526222
2026-01-30 12:00+01:00,26.466208
2026-01-30 12:15+01:00,27.178253
2026-01-30 12:30+01:00,25.020839
2026-01-30 12:45+01:00,27.299588
2026-01-30 13:00+01:00,24.736761
2026-01-30 13:15+01:00,26.073650
2026-01-30 13:30+01:00,24.256053
2026-01-30 13:45+01:00,0.000000
2026-01-30 14:00+01:00,0.000000
2026-01-30 14:15+01:00,0.000000
2026-01-30 14:30+01:00,0.000000
2026-01-30 14:45+01:00,0.000000
2026-01-30 15:00+01:00,0.000000
2026-01-30 15:15+01:00,0.000000
2026-01-30 15:30+01:00,0.000000
2026-01-30 15:45+01:00,0.000000
2026-01-30 16:00+01:00,0.000000
2026-01-30 16:15+01:00,0.000000
2026-01-30 16:30+01:00,0.000000
2026-01-30 16:45+01:00,0.000000
2026-01-30 17:00+01:00,0.000000
2026-01-30 17:15+01:00,0.000000
2026-01-30 17:30+01:00,0.000000
2026-01-30 17:45+01:00,0.000000
2026-01-30 18:00+01:00,0.000000
2026-01-30 18:15+01:00,0.000000
2026-01-30 18:30+01:00,0.000000
2026-01-30 18:45+01:00,0.000000
2026-01-30 19:00+01:00,0.000000
2026-01-30 19:15+01:00,0.000000
2026-01-30 19:30+01:00,0.000000
2026-01-30 19:45+01:00,0.000000
2026-01-30 20:00+01:00,0.000000
2026-01-30 20:15+01:00,0.000000
2026-01-30 20:30+01:00,0.000000
2026-01-30 20:45+01:00,0.000000
2026-01-30 21:00+01:00,0.000000
2026-01-30 21:15+01:00,0.000000
2026-01-30 21:30+01:00,0.000000
2026-01-30 21:45+01:00,0.000000
2026-01-30 22:00+01:00,0.000000
2026-01-30 22:15+01:00,0.000000
2026-01-30 22:30+01:00,0.000000
2026-01-30 22:45+01:00,0.000000
2026-01-30 23:00+01:00,0.000000
2026-01-30 23:15+01:00,0.000000
2026-01-30 23:30+01:00,0.000000
2026-01-30 23:45+01:00,0.000000
2026-01-31 00:00+01:00,0.000000
2026-01-31 00:15+01:00,0.000000
2026-01-31 00:30+01:00,0.000000
2026-01-31 00:45+01:00,0.000000
2026-01-31 01:00+01:00,0.000000
2026-01-31 01:15+01:00,0.000000
2026-01-31 01:30+01:00,0.000000
2026-01-31 01:45+01:00,0.000000
2026-01-31 02:00+01:00,0.000000
2026-01-31 02:15+01:00,0.000000
2026-01-31 02:30+01:00,0.000000
2026-01-31 02:45+01:00,0.000000
2026-01-31 03:00+01:00,0.000000
2026-01-31 03:15+01:00,0.000000
2026-01-31 03:30+01:00,0.000000
2026-01-31 03:45+01:00,0.000000
2026-01-31 04:00+01:00,0.000000
2026-01-31 04:15+01:00,0.000000
2026-01-31 04:30+01:00,0.000000
2026-01-31 04:45+01:00,0.000000
2026-01-31 05:00+01:00,0.000000
2026-01-31 05:15+01:00,0.000000
2026-01-31 05:30+01:00,0.000000
2026-01-31 05:45+01:00,0.000000
2026-01-31 06:00+01:00,0.000000
2026-01-31 06:15+01:00,0.000000
2026-01-31 06:30+01:00,0.000000
2026-01-31 06:45+01:00,0.000000
2026-01-31 07:00+01:00,0.000000
2026-01-31 07:15+01:00,0.000000
2026-01-31 07:30+01:00,0.000000
2026-01-31 07:45+01:00,0.000000
2026-01-31 08:00+01:00,28.880450
2026-01-31 08:15+01:00,27.155213
2026-01-31 08:30+01:00,23.531559
2026-01-31 08:45+01:00,24.608363
2026-01-31 09:00+01:00,28.539407
2026-01-31 09:15+01:00,24.294765
2026-01-31 09:30+01:00,26.618021
2026-01-31 09:45+01:00,27.742064
2026-01-31 10:00+01:00,23.577853
2026-01-31 10:15+01:00,25.617324
2026-01-31 10:30+01:00,0.000000
2026-01-31 10:45+01:00,0.000000
2026-01-31 11:00+01:00,0.000000
2026-01-31 11:15+01:00,0.000000
2026-01-31 11:30+01:00,0.000000
2026-01-31 11:45+01:00,0.000000
2026-01-31 12:00+01:00,0.000000
2026-01-31 12:15+01:00,0.000000
2026-01-31 12:30+01:00,0.000000
2026-01-31 12:45+01:00,0.000000
2026-01-31 13:00+01:00,24.496686
2026-01-31 13:15+01:00,26.129199
2026-01-31 13:30+01:00,24.696959
2026-01-31 13:45+01:00,27.216458
2026-01-31 14:00+01:00,27.082070
2026-01-31 14:15+01:00,24.594870
2026-01-31 14:30+01:00,28.658857
2026-01-31 14:45+01:00,23.144663
2026-01-31 15:00+01:00,24.353276
2026-01-31 15:15+01:00,26.853925
2026-01-31 15:30+01:00,24.719744
2026-01-31 15:45+01:00,0.000000
2026-01-31 16:00+01:00,0.000000
2026-01-31 16:15+01:00,0.000000
2026-01-31 16:30+01:00,0.000000
2026-01-31 16:45+01:00,0.000000
2026-01-31 17:00+01:00,0.000000
2026-01-31 17:15+01:00,0.000000
2026-01-31 17:30+01:00,0.000000
2026-01-31 17:45+01:00,0.000000
2026-01-31 18:00+01:00,0.000000
2026-01-31 18:15+01:00,0.000000
2026-01-31 18:30+01:00,0.000000
2026-01-31 18:45+01:00,0.000000
2026-01-31 19:00+01:00,22.557210
2026-01-31 19:15+01:00,26.485749
2026-01-31 19:30+01:00,25.944488
2026-01-31 19:45+01:00,26.972430
2026-01-31 20:00+01:00,27.905664
2026-01-31 20:15+01:00,27.767686
2026-01-31 20:30+01:00,29.196407
2026-01-31 20:45+01:00,22.112536
2026-01-31 21:00+01:00,25.187759
2026-01-31 21:15+01:00,26.125643
2026-01-31 21:30+01:00,0.000000
2026-01-31 21:45+01:00,0.000000
2026-01-31 22:00+01:00,0.000000
2026-01-31 22:15+01:00,0.000000
2026-01-31 22:30+01:00,0.000000
2026-01-31 22:45+01:00,0.000000
2026-01-31 23:00+01:00,0.000000
2026-01-31 23:15+01:00,0.000000
2026-01-31 23:30+01:00,0.000000
2026-01-31 23:45+01:00,0.000000
2026-02-01 00:00+01:00,0.000000
2026-02-01 00:15+01:00,0.000000
2026-02-01 00:30+01:00,0.000000
2026-02-01 00:45+01:00,0.000000
2026-02-01 01:00+01:00,0.000000
2026-02-01 01:15+01:00,0.000000
2026-02-01 01:30+01:00,0.000000
2026-02-01 01:45+01:00,0.000000
2026-02-01 02:00+01:00,0.000000
2026-02-01 02:15+01:00,0.000000
2026-02-01 02:30+01:00,0.000000
2026-02-01 02:45+01:00,0.000000
2026-02-01 03:00+01:00,0.000000
2026-02-01 03:15+01:00,0.000000
2026-02-01 03:30+01:00,0.000000
2026-02-01 03:45+01:00,0.000000
2026-02-01 04:00+01:00,0.000000
2026-02-01 04:15+01:00,0.000000
2026-02-01 04:30+01:00,0.000000
2026-02-01 04:45+01:00,0.000000
2026-02-01 05:00+01:00,0.000000
2026-02-01 05:15+01:00,0.000000
2026-02-01 05:30+01:00,0.000000
2026-02-01 05:45+01:00,0.000000
2026-02-01 06:00+01:00,0.000000
2026-02-01 06:15+01:00,0.000000
2026-02-01 06:30+01:00,0.000000
2026-02-01 06:45+01:00,0.000000
2026-02-01 07:00+01:00,0.000000
2026-02-01 07:15+01:00,0.000000
2026-02-01 07:30+01:00,
2026-02-01 07:45+01:00,0.000000
2026-02-01 08:00+01:00,0.000000
2026-02-01 08:15+01:00,0.000000
2026-02-01 08:30+01:00,0.000000
2026-02-01 08:45+01:00,0.000000
2026-02-01 09:00+01:00,23.325712
2026-02-01 09:15+01:00,27.007830
2026-02-01 09:30+01:00,24.140585
2026-02-01 09:45+01:00,25.546577
2026-02-01 10:00+01:00,24.544999
2026-02-01 10:15+01:00,25.643858
2026-02-01 10:30+01:00,25.665251
2026-02-01 10:45+01:00,27.598671
2026-02-01 11:00+01:00,21.267568
2026-02-01 11:15+01:00,26.078641
2026-02-01 11:30+01:00,26.335811
2026-02-01 11:45+01:00,26.084481
2026-02-01 12:00+01:00,26.915936
2026-02-01 12:15+01:00,24.313765
2026-02-01 12:30+01:00,23.930711
2026-02-01 12:45+01:00,27.518245
2026-02-01 13:00+01:00,0.000000
2026-02-01 13:15+01:00,0.000000
2026-02-01 13:30+01:00,
2026-02-01 13:45+01:00,0.000000
2026-02-01 14:00+01:00,0.000000
2026-02-01 14:15+01:00,0.000000
2026-02-01 14:30+01:00,0.000000
2026-02-01 14:45+01:00,0.000000
2026-02-01 15:00+01:00,27.515795
2026-02-01 15:15+01:00,25.654584
2026-02-01 15:30+01:00,26.356830
2026-02-01 15:45+01:00,24.015737
2026-02-01 16:00+01:00,27.202729
2026-02-01 16:15+01:00,23.824272
2026-02-01 16:30+01:00,23.823852
2026-02-01 16:45+01:00,28.229278
2026-02-01 17:00+01:00,25.732182
2026-02-01 17:15+01:00,24.355664
2026-02-01 17:30+01:00,19.610362
2026-02-01 17:45+01:00,24.481805
2026-02-01 18:00+01:00,26.891583
2026-02-01 18:15+01:00,26.525946
2026-02-01 18:30+01:00,27.013672
2026-02-01 18:45+01:00,0.000000
2026-02-01 19:00+01:00,0.000000
2026-02-01 19:15+01:00,0.000000
2026-02-01 19:30+01:00,0.000000
2026-02-01 19:45+01:00,0.000000
2026-02-01 20:00+01:00,0.000000
2026-02-01 20:15+01:00,0.000000
2026-02-01 20:30+01:00,0.000000
2026-02-01 20:45+01:00,0.000000
2026-02-01 21:00+01:00,0.000000
2026-02-01 21:15+01:00,0.000000
2026-02-01 21:30+01:00,0.000000
2026-02-01 21:45+01:00,0.000000
2026-02-01 22:00+01:00,0.000000
2026-02-01 22:15+01:00,0.000000
2026-02-01 22:30+01:00,0.000000
2026-02-01 22:45+01:00,0.000000
2026-02-01 23:00+01:00,0.000000
2026-02-01 23:15+01:00,0.000000
2026-02-01 23:30+01:00,0.000000
2026-02-01 23:45+01:00,0.000000
2026-02-02 00:00+01:00,0.000000
2026-02-02 00:15+01:00,0.000000
2026-02-02 00:30+01:00,0.000000
2026-02-02 00:45+01:00,0.000000
2026-02-02 01:00+01:00,0.000000
2026-02-02 01:15+01:00,0.000000
2026-02-02 01:30+01:00,0.000000
2026-02-02 01:45+01:00,0.000000
2026-02-02 02:00+01:00,0.000000
2026-02-02 02:15+01:00,22.735017
2026-02-02 02:30+01:00,27.045555
2026-02-02 02:45+01:00,24.959973
2026-02-02 03:00+01:00,27.808768
2026-02-02 03:15+01:00,25.256097
2026-02-02 03:30+01:00,26.119773
2026-02-02 03:45+01:00,23.866619
2026-02-02 04:00+01:00,26.616691
2026-02-02 04:15+01:00,25.896284
2026-02-02 04:30+01:00,23.480995
2026-02-02 04:45+01:00,22.275787
2026-02-02 05:00+01:00,24.572304
2026-02-02 05:15+01:00,25.714676
2026-02-02 05:30+01:00,25.750663
2026-02-02 05:45+01:00,26.101187
2026-02-02 06:00+01:00,23.073500
2026-02-02 06:15+01:00,24.024117
2026-02-02 06:30+01:00,24.409779
2026-02-02 06:45+01:00,24.614268
2026-02-02 07:00+01:00,26.404728
2026-02-02 07:15+01:00,25.859305
2026-02-02 07:30+01:00,21.635487
2026-02-02 07:45+01:00,25.347846
2026-02-02 08:00+01:00,25.583473
2026-02-02 08:15+01:00,26.385922
2026-02-02 08:30+01:00,26.912494
2026-02-02 08:45+01:00,24.031642
2026-02-02 09:00+01:00,25.291760
2026-02-02 09:15+01:00,27.095329
2026-02-02 09:30+01:00,26.432235
2026-02-02 09:45+01:00,25.989510
2026-02-02 10:00+01:00,0.000000
2026-02-02 10:15+01:00,0.000000
2026-02-02 10:30+01:00,0.000000
2026-02-02 10:45+01:00,0.000000
2026-02-02 11:00+01:00,0.000000
2026-02-02 11:15+01:00,0.000000
2026-02-02 11:30+01:00,0.000000
2026-02-02 11:45+01:00,0.000000
2026-02-02 12:00+01:00,0.000000
2026-02-02 12:15+01:00,0.000000
2026-02-02 12:30+01:00,0.000000
2026-02-02 12:45+01:00,0.000000
2026-02-02 13:00+01:00,0.000000
2026-02-02 13:15+01:00,0.000000
2026-02-02 13:30+01:00,0.000000
2026-02-02 13:45+01:00,0.000000
2026-02-02 14:00+01:00,0.000000
2026-02-02 14:15+01:00,0.000000
2026-02-02 14:30+01:00,0.000000
2026-02-02 14:45+01:00,0.000000
2026-02-02 15:00+01:00,0.000000
2026-02-02 15:15+01:00,
2026-02-02 15:30+01:00,0.000000
2026-02-02 15:45+01:00,0.000000
2026-02-02 16:00+01:00,0.000000
2026-02-02 16:15+01:00,0.000000
2026-02-02 16:30+01:00,0.000000
2026-02-02 16:45+01:00,0.000000
2026-02-02 17:00+01:00,0.000000
2026-02-02 17:15+01:00,0.000000
2026-02-02 17:30+01:00,0.000000
2026-02-02 17:45+01:00,
2026-02-02 18:00+01:00,0.000000
2026-02-02 18:15+01:00,0.000000
2026-02-02 18:30+01:00,0.000000
2026-02-02 18:45+01:00,0.000000
2026-02-02 19:00+01:00,0.000000
2026-02-02 19:15+01:00,0.000000
2026-02-02 19:30+01:00,0.000000
2026-02-02 19:45+01:00,0.000000
2026-02-02 20:00+01:00,0.000000
2026-02-02 20:15+01:00,0.000000
2026-02-02 20:30+01:00,0.000000
2026-02-02 20:45+01:00,0.000000
2026-02-02 21:00+01:00,0.000000
2026-02-02 21:15+01:00,0.000000
2026-02-02 21:30+01:00,0.000000
2026-02-02 21:45+01:00,0.000000
2026-02-02 22:00+01:00,0.000000
2026-02-02 22:15+01:00,0.000000
2026-02-02 22:30+01:00,0.000000
2026-02-02 22:45+01:00,0.000000
2026-02-02 23:00+01:00,0.000000
2026-02-02 23:15+01:00,0.000000
2026-02-02 23:30+01:00,0.000000
2026-02-02 23:45+01:00,0.000000
2026-02-03 00:00+01:00,0.000000
2026-02-03 00:15+01:00,0.000000
2026-02-03 00:30+01:00,0.000000
2026-02-03 00:45+01:00,0.000000
2026-02-03 01:00+01:00,0.000000
2026-02-03 01:15+01:00,0.000000
2026-02-03 01:30+01:00,0.000000
2026-02-03 01:45+01:00,0.000000
2026-02-03 02:00+01:00,0.000000
2026-02-03 02:15+01:00,0.000000
2026-02-03 02:30+01:00,0.000000
2026-02-03 02:45+01:00,0.000000
2026-02-03 03:00+01:00,0.000000
2026-02-03 03:15+01:00,0.000000
2026-02-03 03:30+01:00,0.000000
2026-02-03 03:45+01:00,0.000000
2026-02-03 04:00+01:00,0.000000
2026-02-03 04:15+01:00,0.000000
2026-02-03 04:30+01:00,0.000000
2026-02-03 04:45+01:00,0.000000
2026-02-03 05:00+01:00,0.000000
2026-02-03 05:15+01:00,0.000000
2026-02-03 05:30+01:00,27.150635
2026-02-03 05:45+01:00,27.231336
2026-02-03 06:00+01:00,26.490658
2026-02-03 06:15+01:00,25.937160
2026-02-03 06:30+01:00,24.360208
2026-02-03 06:45+01:00,25.295687
2026-02-03 07:00+01:00,25.754801
2026-02-03 07:15+01:00,25.837730
2026-02-03 07:30+01:00,29.017863
2026-02-03 07:45+01:00,26.448629
2026-02-03 08:00+01:00,26.234737
2026-02-03 08:15+01:00,24.350409
2026-02-03 08:30+01:00,27.146647
2026-02-03 08:45+01:00,24.197826
2026-02-03 09:00+01:00,24.877955
2026-02-03 09:15+01:00,27.255442
2026-02-03 09:30+01:00,0.000000
2026-02-03 09:45+01:00,0.000000
2026-02-03 10:00+01:00,0.000000
2026-02-03 10:15+01:00,0.000000
2026-02-03 10:30+01:00,0.000000
2026-02-03 10:45+01:00,0.000000
2026-02-03 11:00+01:00,0.000000
2026-02-03 11:15+01:00,23.990839
2026-02-03 11:30+01:00,23.600882
2026-02-03 11:45+01:00,24.406911
2026-02-03 12:00+01:00,21.939594
2026-02-03 12:15+01:00,25.023913
2026-02-03 12:30+01:00,25.003439
2026-02-03 12:45+01:00,24.153057
2026-02-03 13:00+01:00,25.848375
2026-02-03 13:15+01:00,24.743708
2026-02-03 13:30+01:00,24.230897
2026-02-03 13:45+01:00,26.127469
2026-02-03 14:00+01:00,23.936765
2026-02-03 14:15+01:00,26.098758
2026-02-03 14:30+01:00,22.910810
2026-02-03 14:45+01:00,24.701598
2026-02-03 15:00+01:00,0.000000
2026-02-03 15:15+01:00,0.000000
2026-02-03 15:30+01:00,0.000000
2026-02-03 15:45+01:00,0.000000
2026-02-03 16:00+01:00,0.000000
2026-02-03 16:15+01:00,0.000000
2026-02-03 16:30+01:00,0.000000
2026-02-03 16:45+01:00,0.000000
2026-02-03 17:00+01:00,0.000000
2026-02-03 17:15+01:00,0.000000
2026-02-03 17:30+01:00,0.000000
2026-02-03 17:45+01:00,0.000000
2026-02-03 18:00+01:00,0.000000
2026-02-03 18:15+01:00,0.000000
2026-02-03 18:30+01:00,0.000000
2026-02-03 18:45+01:00,0.000000
2026-02-03 19:00+01:00,0.000000
2026-02-03 19:15+01:00,0.000000
2026-02-03 19:30+01:00,0.000000
2026-02-03 19:45+01:00,0.000000
2026-02-03 20:00+01:00,0.000000
2026-02-03 20:15+01:00,0.000000
2026-02-03 20:30+01:00,0.000000
2026-02-03 20:45+01:00,0.000000
2026-02-03 21:00+01:00,0.000000
2026-02-03 21:15+01:00,0.000000
2026-02-03 21:30+01:00,0.000000
2026-02-03 21:45+01:00,0.000000
2026-02-03 22:00+01:00,0.000000
2026-02-03 22:15+01:00,0.000000
2026-02-03 22:30+01:00,0.000000
2026-02-03 22:45+01:00,0.000000
2026-02-03 23:00+01:00,0.000000
2026-02-03 23:15+01:00,0.000000
2026-02-03 23:30+01:00,0.000000
2026-02-03 23:45+01:00,0.000000
2026-02-04 00:00+01:00,0.000000
2026-02-04 00:15+01:00,0.000000
2026-02-04 00:30+01:00,0.000000
2026-02-04 00:45+01:00,0.000000
2026-02-04 01:00+01:00,0.000000
2026-02-04 01:15+01:00,0.000000
2026-02-04 01:30+01:00,0.000000
2026-02-04 01:45+01:00,0.000000
2026-02-04 02:00+01:00,0.000000
2026-02-04 02:15+01:00,0.000000
2026-02-04 02:30+01:00,0.000000
2026-02-04 02:45+01:00,0.000000
2026-02-04 03:00+01:00,0.000000
2026-02-04 03:15+01:00,0.000000
2026-02-04 03:30+01:00,0.000000
2026-02-04 03:45+01:00,0.000000
2026-02-04 04:00+01:00,0.000000
2026-02-04 04:15+01:00,0.000000
2026-02-04 04:30+01:00,0.000000
2026-02-04 04:45+01:00,0.000000
2026-02-04 05:00+01:00,0.000000
2026-02-04 05:15+01:00,0.000000
2026-02-04 05:30+01:00,0.000000
2026-02-04 05:45+01:00,0.000000
2026-02-04 06:00+01:00,0.000000
2026-02-04 06:15+01:00,0.000000
2026-02-04 06:30+01:00,0.000000
2026-02-04 06:45+01:00,0.000000
2026-02-04 07:00+01:00,0.000000
2026-02-04 07:15+01:00,0.000000
2026-02-04 07:30+01:00,0.000000
2026-02-04 07:45+01:00,0.000000
2026-02-04 08:00+01:00,0.000000
2026-02-04 08:15+01:00,0.000000
2026-02-04 08:30+01:00,0.000000
2026-02-04 08:45+01:00,0.000000
2026-02-04 09:00+01:00,0.000000
2026-02-04 09:15+01:00,0.000000
2026-02-04 09:30+01:00,0.000000
2026-02-04 09:45+01:00,0.000000
2026-02-04 10:00+01:00,0.000000
2026-02-04 10:15+01:00,0.000000
2026-02-04 10:30+01:00,0.000000
2026-02-04 10:45+01:00,0.000000
2026-02-04 11:00+01:00,0.000000
2026-02-04 11:15+01:00,25.366786
2026-02-04 11:30+01:00,29.753515
2026-02-04 11:45+01:00,22.425923
2026-02-04 12:00+01:00,25.467111
2026-02-04 12:15+01:00,20.735825
2026-02-04 12:30+01:00,26.678539
2026-02-04 12:45+01:00,27.723268
2026-02-04 13:00+01:00,25.439230
2026-02-04 13:15+01:00,29.122414
2026-02-04 13:30+01:00,22.940237
2026-02-04 13:45+01:00,24.833947
2026-02-04 14:00+01:00,26.476392
2026-02-04 14:15+01:00,26.062973
2026-02-04 14:30+01:00,26.880272
2026-02-04 14:45+01:00,25.089775
2026-02-04 15:00+01:00,26.395432
2026-02-04 15:15+01:00,0.000000
2026-02-04 15:30+01:00,0.000000
2026-02-04 15:45+01:00,0.000000
2026-02-04 16:00+01:00,0.000000
2026-02-04 16:15+01:00,25.122681
2026-02-04 16:30+01:00,22.959614
2026-02-04 16:45+01:00,25.458171
2026-02-04 17:00+01:00,22.580029
2026-02-04 17:15+01:00,29.285307
2026-02-04 17:30+01:00,25.104899
2026-02-04 17:45+01:00,21.608553
2026-02-04 18:00+01:00,24.814176
2026-02-04 18:15+01:00,26.503304
2026-02-04 18:30+01:00,25.162510
2026-02-04 18:45+01:00,
2026-02-04 19:00+01:00,
2026-02-04 19:15+01:00,
2026-02-04 19:30+01:00,
2026-02-04 19:45+01:00,25.239708
2026-02-04 20:00+01:00,0.000000
2026-02-04 20:15+01:00,0.000000
2026-02-04 20:30+01:00,0.000000
2026-02-04 20:45+01:00,0.000000
2026-02-04 21:00+01:00,0.000000
2026-02-04 21:15+01:00,0.000000
2026-02-04 21:30+01:00,0.000000
2026-02-04 21:45+01:00,0.000000
2026-02-04 22:00+01:00,0.000000
2026-02-04 22:15+01:00,0.000000
2026-02-04 22:30+01:00,0.000000
2026-02-04 22:45+01:00,0.000000
2026-02-04 23:00+01:00,0.000000
2026-02-04 23:15+01:00,0.000000
2026-02-04 23:30+01:00,0.000000
2026-02-04 23:45+01:00,0.000000
2026-02-05 00:00+01:00,0.000000
2026-02-05 00:15+01:00,0.000000
2026-02-05 00:30+01:00,0.000000
2026-02-05 00:45+01:00,0.000000
2026-02-05 01:00+01:00,0.000000
2026-02-05 01:15+01:00,0.000000
2026-02-05 01:30+01:00,0.000000
2026-02-05 01:45+01:00,0.000000
2026-02-05 02:00+01:00,0.000000
2026-02-05 02:15+01:00,0.000000
2026-02-05 02:30+01:00,0.000000
2026-02-05 02:45+01:00,0.000000
2026-02-05 03:00+01:00,0.000000
2026-02-05 03:15+01:00,0.000000
2026-02-05 03:30+01:00,0.000000
2026-02-05 03:45+01:00,0.000000
2026-02-05 04:00+01:00,0.000000
2026-02-05 04:15+01:00,0.000000
2026-02-05 04:30+01:00,0.000000
2026-02-05 04:45+01:00,0.000000
2026-02-05 05:00+01:00,0.000000
2026-02-05 05:15+01:00,0.000000
2026-02-05 05:30+01:00,0.000000
2026-02-05 05:45+01:00,0.000000
2026-02-05 06:00+01:00,0.000000
2026-02-05 06:15+01:00,0.000000
2026-02-05 06:30+01:00,0.000000
2026-02-05 06:45+01:00,0.000000
2026-02-05 07:00+01:00,0.000000
2026-02-05 07:15+01:00,0.000000
2026-02-05 07:30+01:00,0.000000
2026-02-05 07:45+01:00,0.000000
2026-02-05 08:00+01:00,0.000000
2026-02-05 08:15+01:00,0.000000
2026-02-05 08:30+01:00,0.000000
2026-02-05 08:45+01:00,0.000000
2026-02-05 09:00+01:00,0.000000
2026-02-05 09:15+01:00,0.000000
2026-02-05 09:30+01:00,0.000000
2026-02-05 09:45+01:00,0.000000
2026-02-05 10:00+01:00,0.000000
2026-02-05 10:15+01:00,0.000000
2026-02-05 10:30+01:00,0.000000
2026-02-05 10:45+01:00,0.000000
2026-02-05 11:00+01:00,25.082297
2026-02-05 11:15+01:00,27.453651
2026-02-05 11:30+01:00,28.958155
2026-02-05 11:45+01:00,26.746309
2026-02-05 12:00+01:00,26.659275
2026-02-05 12:15+01:00,24.401740
2026-02-05 12:30+01:00,24.897320
2026-02-05 12:45+01:00,24.526218
2026-02-05 13:00+01:00,27.548424
2026-02-05 13:15+01:00,26.113095
2026-02-05 13:30+01:00,25.669574
2026-02-05 13:45+01:00,26.388060
2026-02-05 14:00+01:00,23.743826
2026-02-05 14:15+01:00,25.009698
2026-02-05 14:30+01:00,29.813784
2026-02-05 14:45+01:00,25.750617
2026-02-05 15:00+01:00,29.112727
2026-02-05 15:15+01:00,24.159357
2026-02-05 15:30+01:00,25.652552
2026-02-05 15:45+01:00,26.186216
2026-02-05 16:00+01:00,25.723807
2026-02-05 16:15+01:00,20.948944
2026-02-05 16:30+01:00,25.492177
2026-02-05 16:45+01:00,27.964224
2026-02-05 17:00+01:00,27.097769
2026-02-05 17:15+01:00,26.788511
2026-02-05 17:30+01:00,25.461639
2026-02-05 17:45+01:00,28.892699
2026-02-05 18:00+01:00,25.360379
2026-02-05 18:15+01:00,24.399457
2026-02-05 18:30+01:00,23.670694
2026-02-05 18:45+01:00,0.000000
2026-02-05 19:00+01:00,0.000000
2026-02-05 19:15+01:00,0.000000
2026-02-05 19:30+01:00,0.000000
2026-02-05 19:45+01:00,0.000000
2026-02-05 20:00+01:00,0.000000
2026-02-05 20:15+01:00,0.000000
2026-02-05 20:30+01:00,0.000000
2026-02-05 20:45+01:00,0.000000
2026-02-05 21:00+01:00,0.000000
2026-02-05 21:15+01:00,0.000000
2026-02-05 21:30+01:00,0.000000
2026-02-05 21:45+01:00,0.000000
2026-02-05 22:00+01:00,0.000000
2026-02-05 22:15+01:00,0.000000
2026-02-05 22:30+01:00,0.000000
2026-02-05 22:45+01:00,0.000000
2026-02-05 23:00+01:00,0.000000
2026-02-05 23:15+01:00,0.000000
2026-02-05 23:30+01:00,0.000000
2026-02-05 23:45+01:00,0.000000
2026-02-06 00:00+01:00,0.000000
2026-02-06 00:15+01:00,0.000000
2026-02-06 00:30+01:00,0.000000
2026-02-06 00:45+01:00,0.000000
2026-02-06 01:00+01:00,0.000000
2026-02-06 01:15+01:00,0.000000
2026-02-06 01:30+01:00,0.000000
2026-02-06 01:45+01:00,0.000000
2026-02-06 02:00+01:00,0.000000
2026-02-06 02:15+01:00,0.000000
2026-02-06 02:30+01:00,0.000000
2026-02-06 02:45+01:00,0.000000
2026-02-06 03:00+01:00,0.000000
2026-02-06 03:15+01:00,0.000000
2026-02-06 03:30+01:00,0.000000
2026-02-06 03:45+01:00,0.000000
2026-02-06 04:00+01:00,0.000000
2026-02-06 04:15+01:00,0.000000
2026-02-06 04:30+01:00,0.000000
2026-02-06 04:45+01:00,0.000000
2026-02-06 05:00+01:00,0.000000
2026-02-06 05:15+01:00,0.000000
2026-02-06 05:30+01:00,0.000000
2026-02-06 05:45+01:00,0.000000
2026-02-06 06:00+01:00,0.000000
2026-02-06 06:15+01:00,0.000000
2026-02-06 06:30+01:00,0.000000
2026-02-06 06:45+01:00,0.000000
2026-02-06 07:00+01:00,0.000000
2026-02-06 07:15+01:00,0.000000
2026-02-06 07:30+01:00,0.000000
2026-02-06 07:45+01:00,0.000000
2026-02-06 08:00+01:00,0.000000
2026-02-06 08:15+01:00,0.000000
2026-02-06 08:30+01:00,0.000000
2026-02-06 08:45+01:00,0.000000
2026-02-06 09:00+01:00,0.000000
2026-02-06 09:15+01:00,0.000000
2026-02-06 09:30+01:00,0.000000
2026-02-06 09:45+01:00,0.000000
2026-02-06 10:00+01:00,0.000000
2026-02-06 10:15+01:00,0.000000
2026-02-06 10:30+01:00,0.000000
2026-02-06 10:45+01:00,0.000000
2026-02-06 11:00+01:00,0.000000
2026-02-06 11:15+01:00,0.000000
2026-02-06 11:30+01:00,0.000000
2026-02-06 11:45+01:00,0.000000
2026-02-06 12:00+01:00,0.000000
2026-02-06 12:15+01:00,0.000000
2026-02-06 12:30+01:00,0.000000
2026-02-06 12:45+01:00,0.000000
2026-02-06 13:00+01:00,0.000000
2026-02-06 13:15+01:00,0.000000
2026-02-06 13:30+01:00,0.000000
2026-02-06 13:45+01:00,0.000000
2026-02-06 14:00+01:00,0.000000
2026-02-06 14:15+01:00,0.000000
2026-02-06 14:30+01:00,0.000000
2026-02-06 14:45+01:00,0.000000
2026-02-06 15:00+01:00,0.000000
2026-02-06 15:15+01:00,0.000000
2026-02-06 15:30+01:00,0.000000
2026-02-06 15:45+01:00,0.000000
2026-02-06 16:00+01:00,0.000000
2026-02-06 16:15+01:00,0.000000
2026-02-06 16:30+01:00,26.186943
2026-02-06 16:45+01:00,27.848906
2026-02-06 17:00+01:00,22.722810
2026-02-06 17:15+01:00,26.962932
2026-02-06 17:30+01:00,27.026553
2026-02-06 17:45+01:00,24.029983
2026-02-06 18:00+01:00,27.513701
2026-02-06 18:15+01:00,27.719715
2026-02-06 18:30+01:00,23.897190
2026-02-06 18:45+01:00,24.892170
2026-02-06 19:00+01:00,27.670831
2026-02-06 19:15+01:00,25.215060
2026-02-06 19:30+01:00,27.707343
2026-02-06 19:45+01:00,22.157094
2026-02-06 20:00+01:00,26.274062
2026-02-06 20:15+01:00,25.419721
2026-02-06 20:30+01:00,22.160956
2026-02-06 20:45+01:00,25.048843
2026-02-06 21:00+01:00,25.954707
2026-02-06 21:15+01:00,28.729406
2026-02-06 21:30+01:00,24.659094
2026-02-06 21:45+01:00,23.620594
2026-02-06 22:00+01:00,28.245682
2026-02-06 22:15+01:00,25.134366
2026-02-06 22:30+01:00,25.691593
2026-02-06 22:45+01:00,29.055004
2026-02-06 23:00+01:00,21.524182
2026-02-06 23:15+01:00,26.264169
2026-02-06 23:30+01:00,25.878537
2026-02-06 23:45+01:00,28.944695
2026-02-07 00:00+01:00,27.324342
2026-02-07 00:15+01:00,0.000000
2026-02-07 00:30+01:00,0.000000
2026-02-07 00:45+01:00,0.000000
2026-02-07 01:00+01:00,0.000000
2026-02-07 01:15+01:00,0.000000
2026-02-07 01:30+01:00,0.000000
2026-02-07 01:45+01:00,0.000000
2026-02-07 02:00+01:00,0.000000
2026-02-07 02:15+01:00,0.000000
2026-02-07 02:30+01:00,0.000000
2026-02-07 02:45+01:00,0.000000
2026-02-07 03:00+01:00,0.000000
2026-02-07 03:15+01:00,0.000000
2026-02-07 03:30+01:00,0.000000
2026-02-07 03:45+01:00,0.000000
2026-02-07 04:00+01:00,0.000000
2026-02-07 04:15+01:00,0.000000
2026-02-07 04:30+01:00,0.000000
2026-02-07 04:45+01:00,0.000000
2026-02-07 05:00+01:00,0.000000
2026-02-07 05:15+01:00,0.000000
2026-02-07 05:30+01:00,0.000000
2026-02-07 05:45+01:00,0.000000
2026-02-07 06:00+01:00,0.000000
2026-02-07 06:15+01:00,0.000000
2026-02-07 06:30+01:00,0.000000
2026-02-07 06:45+01:00,24.796580
2026-02-07 07:00+01:00,23.656797
2026-02-07 07:15+01:00,24.676163
2026-02-07 07:30+01:00,27.059675
2026-02-07 07:45+01:00,20.472966
2026-02-07 08:00+01:00,27.081254
2026-02-07 08:15+01:00,23.227763
2026-02-07 08:30+01:00,26.174686
2026-02-07 08:45+01:00,23.674844
2026-02-07 09:00+01:00,26.319995
2026-02-07 09:15+01:00,26.634782
2026-02-07 09:30+01:00,22.588520
2026-02-07 09:45+01:00,26.679326
2026-02-07 10:00+01:00,24.884737
2026-02-07 10:15+01:00,25.585620
2026-02-07 10:30+01:00,26.529235
2026-02-07 10:45+01:00,27.749053
2026-02-07 11:00+01:00,28.820080
2026-02-07 11:15+01:00,25.375104
2026-02-07 11:30+01:00,23.458042
2026-02-07 11:45+01:00,24.442715
2026-02-07 12:00+01:00,25.785509
2026-02-07 12:15+01:00,24.391118
2026-02-07 12:30+01:00,21.937693
2026-02-07 12:45+01:00,25.418894
2026-02-07 13:00+01:00,28.340165
2026-02-07 13:15+01:00,25.397956
2026-02-07 13:30+01:00,26.173278
2026-02-07 13:45+01:00,31.699990
2026-02-07 14:00+01:00,26.484969
2026-02-07 14:15+01:00,28.236639
2026-02-07 14:30+01:00,0.000000
2026-02-07 14:45+01:00,0.000000
2026-02-07 15:00+01:00,0.000000
2026-02-07 15:15+01:00,0.000000
2026-02-07 15:30+01:00,0.000000
2026-02-07 15:45+01:00,0.000000
2026-02-07 16:00+01:00,0.000000
2026-02-07 16:15+01:00,0.000000
2026-02-07 16:30+01:00,0.000000
2026-02-07 16:45+01:00,0.000000
2026-02-07 17:00+01:00,0.000000
2026-02-07 17:15+01:00,0.000000
2026-02-07 17:30+01:00,0.000000
2026-02-07 17:45+01:00,0.000000
2026-02-07 18:00+01:00,0.000000
2026-02-07 18:15+01:00,0.000000
2026-02-07 18:30+01:00,0.000000
2026-02-07 18:45+01:00,0.000000
2026-02-07 19:00+01:00,0.000000
2026-02-07 19:15+01:00,0.000000
2026-02-07 19:30+01:00,0.000000
2026-02-07 19:45+01:00,0.000000
2026-02-07 20:00+01:00,0.000000
2026-02-07 20:15+01:00,0.000000
2026-02-07 20:30+01:00,0.000000
2026-02-07 20:45+01:00,0.000000
2026-02-07 21:00+01:00,0.000000
2026-02-07 21:15+01:00,0.000000
2026-02-07 21:30+01:00,0.000000
2026-02-07 21:45+01:00,0.000000
2026-02-07 22:00+01:00,0.000000
2026-02-07 22:15+01:00,0.000000
2026-02-07 22:30+01:00,0.000000
2026-02-07 22:45+01:00,0.000000
2026-02-07 23:00+01:00,0.000000
2026-02-07 23:15+01:00,0.000000
2026-02-07 23:30+01:00,0.000000
2026-02-07 23:45+01:00,0.000000
2026-02-08 00:00+01:00,0.000000
2026-02-08 00:15+01:00,0.000000
2026-02-08 00:30+01:00,0.000000
2026-02-08 00:45+01:00,0.000000
2026-02-08 01:00+01:00,0.000000
2026-02-08 01:15+01:00,0.000000
2026-02-08 01:30+01:00,0.000000
2026-02-08 01:45+01:00,0.000000
2026-02-08 02:00+01:00,0.000000
2026-02-08 02:15+01:00,0.000000
2026-02-08 02:30+01:00,0.000000
2026-02-08 02:45+01:00,0.000000
2026-02-08 03:00+01:00,0.000000
2026-02-08 03:15+01:00,0.000000
2026-02-08 03:30+01:00,0.000000
2026-02-08 03:45+01:00,0.000000
2026-02-08 04:00+01:00,0.000000
2026-02-08 04:15+01:00,0.000000
2026-02-08 04:30+01:00,0.000000
2026-02-08 04:45+01:00,0.000000
2026-02-08 05:00+01:00,0.000000
2026-02-08 05:15+01:00,25.924154
2026-02-08 05:30+01:00,25.683829
2026-02-08 05:45+01:00,24.789488
2026-02-08 06:00+01:00,26.591721
2026-02-08 06:15+01:00,24.402884
2026-02-08 06:30+01:00,23.577768
2026-02-08 06:45+01:00,29.719481
2026-02-08 07:00+01:00,26.125231
2026-02-08 07:15+01:00,26.005749
2026-02-08 07:30+01:00,26.660424
2026-02-08 07:45+01:00,26.686198
2026-02-08 08:00+01:00,22.988416
2026-02-08 08:15+01:00,24.885632
2026-02-08 08:30+01:00,24.027832
2026-02-08 08:45+01:00,26.363261
2026-02-08 09:00+01:00,0.000000
2026-02-08 09:15+01:00,0.000000
2026-02-08 09:30+01:00,0.000000
2026-02-08 09:45+01:00,0.000000
2026-02-08 10:00+01:00,0.000000
2026-02-08 10:15+01:00,0.000000
2026-02-08 10:30+01:00,0.000000
2026-02-08 10:45+01:00,0.000000
2026-02-08 11:00+01:00,0.000000
2026-02-08 11:15+01:00,0.000000
2026-02-08 11:30+01:00,0.000000
2026-02-08 11:45+01:00,0.000000
2026-02-08 12:00+01:00,0.000000
2026-02-08 12:15+01:00,0.000000
2026-02-08 12:30+01:00,0.000000
2026-02-08 12:45+01:00,0.000000
2026-02-08 13:00+01:00,0.000000
2026-02-08 13:15+01:00,0.000000
2026-02-08 13:30+01:00,0.000000
2026-02-08 13:45+01:00,0.000000
2026-02-08 14:00+01:00,0.000000
2026-02-08 14:15+01:00,0.000000
2026-02-08 14:30+01:00,0.000000
2026-02-08 14:45+01:00,0.000000
2026-02-08 15:00+01:00,0.000000
2026-02-08 15:15+01:00,0.000000
2026-02-08 15:30+01:00,0.000000
2026-02-08 15:45+01:00,0.000000
2026-02-08 16:00+01:00,0.000000
2026-02-08 16:15+01:00,24.579993
2026-02-08 16:30+01:00,26.261943
2026-02-08 16:45+01:00,24.511030
2026-02-08 17:00+01:00,26.810228
2026-02-08 17:15+01:00,25.261577
2026-02-08 17:30+01:00,23.745278
2026-02-08 17:45+01:00,27.142852
2026-02-08 18:00+01:00,27.086575
2026-02-08 18:15+01:00,28.065316
2026-02-08 18:30+01:00,26.226633
2026-02-08 18:45+01:00,27.194639
2026-02-08 19:00+01:00,27.029020
2026-02-08 19:15+01:00,21.980943
2026-02-08 19:30+01:00,23.861823
2026-02-08 19:45+01:00,24.969789
2026-02-08 20:00+01:00,25.645579
2026-02-08 20:15+01:00,0.000000
2026-02-08 20:30+01:00,0.000000
2026-02-08 20:45+01:00,0.000000
2026-02-08 21:00+01:00,0.000000
2026-02-08 21:15+01:00,0.000000
2026-02-08 21:30+01:00,0.000000
2026-02-08 21:45+01:00,0.000000
2026-02-08 22:00+01:00,0.000000
2026-02-08 22:15+01:00,0.000000
2026-02-08 22:30+01:00,0.000000
2026-02-08 22:45+01:00,0.000000
2026-02-08 23:00+01:00,0.000000
2026-02-08 23:15+01:00,0.000000
2026-02-08 23:30+01:00,0.000000
2026-02-08 23:45+01:00,0.000000
2026-02-09 00:00+01:00,0.000000
2026-02-09 00:15+01:00,0.000000
2026-02-09 00:30+01:00,0.000000
2026-02-09 00:45+01:00,0.000000
2026-02-09 01:00+01:00,0.000000
2026-02-09 01:15+01:00,0.000000
2026-02-09 01:30+01:00,0.000000
2026-02-09 01:45+01:00,0.000000
2026-02-09 02:00+01:00,0.000000
2026-02-09 02:15+01:00,0.000000
2026-02-09 02:30+01:00,0.000000
2026-02-09 02:45+01:00,0.000000
2026-02-09 03:00+01:00,0.000000
2026-02-09 03:15+01:00,0.000000
2026-02-09 03:30+01:00,0.000000
2026-02-09 03:45+01:00,0.000000
2026-02-09 04:00+01:00,0.000000
2026-02-09 04:15+01:00,0.000000
2026-02-09 04:30+01:00,0.000000
2026-02-09 04:45+01:00,0.000000
2026-02-09 05:00+01:00,0.000000
2026-02-09 05:15+01:00,0.000000
2026-02-09 05:30+01:00,0.000000
2026-02-09 05:45+01:00,0.000000
2026-02-09 06:00+01:00,0.000000
2026-02-09 06:15+01:00,0.000000
2026-02-09 06:30+01:00,0.000000
2026-02-09 06:45+01:00,0.000000
2026-02-09 07:00+01:00,0.000000
2026-02-09 07:15+01:00,0.000000
2026-02-09 07:30+01:00,0.000000
2026-02-09 07:45+01:00,0.000000
2026-02-09 08:00+01:00,0.000000
2026-02-09 08:15+01:00,0.000000
2026-02-09 08:30+01:00,0.000000
2026-02-09 08:45+01:00,0.000000
2026-02-09 09:00+01:00,0.000000
2026-02-09 09:15+01:00,0.000000
2026-02-09 09:30+01:00,0.000000
2026-02-09 09:45+01:00,0.000000
2026-02-09 10:00+01:00,0.000000
2026-02-09 10:15+01:00,0.000000
2026-02-09 10:30+01:00,0.000000
2026-02-09 10:45+01:00,0.000000
2026-02-09 11:00+01:00,0.000000
2026-02-09 11:15+01:00,0.000000
2026-02-09 11:30+01:00,0.000000
2026-02-09 11:45+01:00,0.000000
2026-02-09 12:00+01:00,0.000000
2026-02-09 12:15+01:00,0.000000
2026-02-09 12:30+01:00,0.000000
2026-02-09 12:45+01:00,0.000000
2026-02-09 13:00+01:00,0.000000
2026-02-09 13:15+01:00,0.000000
2026-02-09 13:30+01:00,0.000000
2026-02-09 13:45+01:00,0.000000
2026-02-09 14:00+01:00,0.000000
2026-02-09 14:15+01:00,0.000000
2026-02-09 14:30+01:00,0.000000
2026-02-09 14:45+01:00,0.000000
2026-02-09 15:00+01:00,0.000000
2026-02-09 15:15+01:00,29.165221
2026-02-09 15:30+01:00,25.607474
2026-02-09 15:45+01:00,26.679718
2026-02-09 16:00+01:00,26.655356
2026-02-09 16:15+01:00,27.023851
2026-02-09 16:30+01:00,28.315492
2026-02-09 16:45+01:00,25.327164
2026-02-09 17:00+01:00,25.424620
2026-02-09 17:15+01:00,28.097664
2026-02-09 17:30+01:00,27.189800
2026-02-09 17:45+01:00,29.077713
2026-02-09 18:00+01:00,27.226483
2026-02-09 18:15+01:00,24.339889
2026-02-09 18:30+01:00,26.049677
2026-02-09 18:45+01:00,25.481665
2026-02-09 19:00+01:00,28.265669
2026-02-09 19:15+01:00,
2026-02-09 19:30+01:00,24.304637
2026-02-09 19:45+01:00,23.627750
2026-02-09 20:00+01:00,27.014095
2026-02-09 20:15+01:00,26.397369
2026-02-09 20:30+01:00,24.432467
2026-02-09 20:45+01:00,24.918393
2026-02-09 21:00+01:00,23.884780
2026-02-09 21:15+01:00,27.162860
2026-02-09 21:30+01:00,24.955284
2026-02-09 21:45+01:00,25.835620
2026-02-09 22:00+01:00,23.467367
2026-02-09 22:15+01:00,24.990487
2026-02-09 22:30+01:00,25.082872
2026-02-09 22:45+01:00,26.662471
2026-02-09 23:00+01:00,0.000000
2026-02-09 23:15+01:00,0.000000
2026-02-09 23:30+01:00,0.000000
2026-02-09 23:45+01:00,0.000000
2026-02-10 00:00+01:00,0.000000
2026-02-10 00:15+01:00,0.000000
2026-02-10 00:30+01:00,0.000000
2026-02-10 00:45+01:00,0.000000
2026-02-10 01:00+01:00,0.000000
2026-02-10 01:15+01:00,0.000000
2026-02-10 01:30+01:00,0.000000
2026-02-10 01:45+01:00,0.000000
2026-02-10 02:00+01:00,0.000000
2026-02-10 02:15+01:00,0.000000
2026-02-10 02:30+01:00,0.000000
2026-02-10 02:45+01:00,0.000000
2026-02-10 03:00+01:00,27.457028
2026-02-10 03:15+01:00,23.996419
2026-02-10 03:30+01:00,22.807179
2026-02-10 03:45+01:00,27.887880
2026-02-10 04:00+01:00,25.955574
2026-02-10 04:15+01:00,27.222942
2026-02-10 04:30+01:00,25.460803
2026-02-10 04:45+01:00,24.997723
2026-02-10 05:00+01:00,25.165964
2026-02-10 05:15+01:00,27.575530
2026-02-10 05:30+01:00,0.000000
2026-02-10 05:45+01:00,0.000000
2026-02-10 06:00+01:00,0.000000
2026-02-10 06:15+01:00,0.000000
2026-02-10 06:30+01:00,0.000000
2026-02-10 06:45+01:00,0.000000
2026-02-10 07:00+01:00,0.000000
2026-02-10 07:15+01:00,0.000000
2026-02-10 07:30+01:00,0.000000
2026-02-10 07:45+01:00,0.000000
2026-02-10 08:00+01:00,27.326701
2026-02-10 08:15+01:00,25.896106
2026-02-10 08:30+01:00,23.442590
2026-02-10 08:45+01:00,25.420655
2026-02-10 09:00+01:00,25.310090
2026-02-10 09:15+01:00,24.227066
2026-02-10 09:30+01:00,28.000346
2026-02-10 09:45+01:00,116.439013
2026-02-10 10:00+01:00,25.668826
2026-02-10 10:15+01:00,22.917632
2026-02-10 10:30+01:00,24.772310
2026-02-10 10:45+01:00,0.000000
2026-02-10 11:00+01:00,0.000000
2026-02-10 11:15+01:00,0.000000
2026-02-10 11:30+01:00,0.000000
2026-02-10 11:45+01:00,0.000000
2026-02-10 12:00+01:00,0.000000
2026-02-10 12:15+01:00,0.000000
2026-02-10 12:30+01:00,0.000000
2026-02-10 12:45+01:00,0.000000
2026-02-10 13:00+01:00,0.000000
2026-02-10 13:15+01:00,0.000000
2026-02-10 13:30+01:00,0.000000
2026-02-10 13:45+01:00,0.000000
2026-02-10 14:00+01:00,0.000000
2026-02-10 14:15+01:00,26.479530
2026-02-10 14:30+01:00,23.561708
2026-02-10 14:45+01:00,26.032917
2026-02-10 15:00+01:00,27.326719
2026-02-10 15:15+01:00,26.669865
2026-02-10 15:30+01:00,27.333323
2026-02-10 15:45+01:00,24.446843
2026-02-10 16:00+01:00,25.828001
2026-02-10 16:15+01:00,24.113742
2026-02-10 16:30+01:00,24.228478
2026-02-10 16:45+01:00,0.000000
2026-02-10 17:00+01:00,0.000000
2026-02-10 17:15+01:00,0.000000
2026-02-10 17:30+01:00,0.000000
2026-02-10 17:45+01:00,0.000000
2026-02-10 18:00+01:00,0.000000
2026-02-10 18:15+01:00,0.000000
2026-02-10 18:30+01:00,0.000000
2026-02-10 18:45+01:00,0.000000
2026-02-10 19:00+01:00,0.000000
2026-02-10 19:15+01:00,0.000000
2026-02-10 19:30+01:00,0.000000
2026-02-10 19:45+01:00,0.000000
2026-02-10 20:00+01:00,0.000000
2026-02-10 20:15+01:00,0.000000
2026-02-10 20:30+01:00,0.000000
2026-02-10 20:45+01:00,0.000000
2026-02-10 21:00+01:00,0.000000
2026-02-10 21:15+01:00,0.000000
2026-02-10 21:30+01:00,0.000000
2026-02-10 21:45+01:00,0.000000
2026-02-10 22:00+01:00,0.000000
2026-02-10 22:15+01:00,0.000000
2026-02-10 22:30+01:00,0.000000
2026-02-10 22:45+01:00,0.000000
2026-02-10 23:00+01:00,0.000000
2026-02-10 23:15+01:00,0.000000
2026-02-10 23:30+01:00,0.000000
2026-02-10 23:45+01:00,0.000000
2026-02-11 00:00+01:00,0.000000
2026-02-11 00:15+01:00,0.000000
2026-02-11 00:30+01:00,0.000000
2026-02-11 00:45+01:00,0.000000
2026-02-11 01:00+01:00,0.000000
2026-02-11 01:15+01:00,0.000000
2026-02-11 01:30+01:00,0.000000
2026-02-11 01:45+01:00,0.000000
2026-02-11 02:00+01:00,26.213933
2026-02-11 02:15+01:00,24.434225
2026-02-11 02:30+01:00,24.711991
2026-02-11 02:45+01:00,23.308759
2026-02-11 03:00+01:00,25.871058
2026-02-11 03:15+01:00,26.919298
2026-02-11 03:30+01:00,23.155644
2026-02-11 03:45+01:00,24.537587
2026-02-11 04:00+01:00,23.056035
2026-02-11 04:15+01:00,
2026-02-11 04:30+01:00,0.000000
2026-02-11 04:45+01:00,0.000000
2026-02-11 05:00+01:00,0.000000
2026-02-11 05:15+01:00,0.000000
2026-02-11 05:30+01:00,0.000000
2026-02-11 05:45+01:00,0.000000
2026-02-11 06:00+01:00,0.000000
2026-02-11 06:15+01:00,0.000000
2026-02-11 06:30+01:00,0.000000
2026-02-11 06:45+01:00,0.000000
2026-02-11 07:00+01:00,0.000000
2026-02-11 07:15+01:00,0.000000
2026-02-11 07:30+01:00,0.000000
2026-02-11 07:45+01:00,0.000000
2026-02-11 08:00+01:00,0.000000
2026-02-11 08:15+01:00,0.000000
2026-02-11 08:30+01:00,0.000000
2026-02-11 08:45+01:00,0.000000
2026-02-11 09:00+01:00,0.000000
2026-02-11 09:15+01:00,0.000000
2026-02-11 09:30+01:00,0.000000
2026-02-11 09:45+01:00,0.000000
2026-02-11 10:00+01:00,0.000000
2026-02-11 10:15+01:00,0.000000
2026-02-11 10:30+01:00,0.000000
2026-02-11 10:45+01:00,0.000000
2026-02-11 11:00+01:00,0.000000
2026-02-11 11:15+01:00,0.000000
2026-02-11 11:30+01:00,0.000000
2026-02-11 11:45+01:00,0.000000
2026-02-11 12:00+01:00,0.000000
2026-02-11 12:15+01:00,0.000000
2026-02-11 12:30+01:00,0.000000
2026-02-11 12:45+01:00,0.000000
2026-02-11 13:00+01:00,0.000000
2026-02-11 13:15+01:00,0.000000
2026-02-11 13:30+01:00,27.655836
2026-02-11 13:45+01:00,26.716816
2026-02-11 14:00+01:00,24.323002
2026-02-11 14:15+01:00,24.507726
2026-02-11 14:30+01:00,26.541641
2026-02-11 14:45+01:00,25.808078
2026-02-11 15:00+01:00,26.229575
2026-02-11 15:15+01:00,24.993587
2026-02-11 15:30+01:00,23.200329
2026-02-11 15:45+01:00,24.969140
2026-02-11 16:00+01:00,24.553291
2026-02-11 16:15+01:00,0.000000
2026-02-11 16:30+01:00,0.000000
2026-02-11 16:45+01:00,0.000000
2026-02-11 17:00+01:00,0.000000
2026-02-11 17:15+01:00,0.000000
2026-02-11 17:30+01:00,0.000000
2026-02-11 17:45+01:00,0.000000
2026-02-11 18:00+01:00,0.000000
2026-02-11 18:15+01:00,0.000000
2026-02-11 18:30+01:00,0.000000
2026-02-11 18:45+01:00,0.000000
2026-02-11 19:00+01:00,0.000000
2026-02-11 19:15+01:00,0.000000
2026-02-11 19:30+01:00,23.219821
2026-02-11 19:45+01:00,24.396890
2026-02-11 20:00+01:00,28.582923
2026-02-11 20:15+01:00,24.689582
2026-02-11 20:30+01:00,29.499339
2026-02-11 20:45+01:00,24.153942
2026-02-11 21:00+01:00,29.021284
2026-02-11 21:15+01:00,24.556518
2026-02-11 21:30+01:00,27.079246
2026-02-11 21:45+01:00,25.175231
2026-02-11 22:00+01:00,0.000000
2026-02-11 22:15+01:00,0.000000
2026-02-11 22:30+01:00,0.000000
2026-02-11 22:45+01:00,0.000000
2026-02-11 23:00+01:00,0.000000
2026-02-11 23:15+01:00,0.000000
2026-02-11 23:30+01:00,0.000000
2026-02-11 23:45+01:00,0.000000
2026-02-12 00:00+01:00,0.000000
2026-02-12 00:15+01:00,0.000000
2026-02-12 00:30+01:00,0.000000
2026-02-12 00:45+01:00,0.000000
2026-02-12 01:00+01:00,0.000000
2026-02-12 01:15+01:00,0.000000
2026-02-12 01:30+01:00,0.000000
2026-02-12 01:45+01:00,0.000000
2026-02-12 02:00+01:00,0.000000
2026-02-12 02:15+01:00,0.000000
2026-02-12 02:30+01:00,0.000000
2026-02-12 02:45+01:00,0.000000
2026-02-12 03:00+01:00,0.000000
2026-02-12 03:15+01:00,0.000000
2026-02-12 03:30+01:00,0.000000
2026-02-12 03:45+01:00,0.000000
2026-02-12 04:00+01:00,0.000000
2026-02-12 04:15+01:00,0.000000
2026-02-12 04:30+01:00,0.000000
2026-02-12 04:45+01:00,0.000000
2026-02-12 05:00+01:00,0.000000
2026-02-12 05:15+01:00,0.000000
2026-02-12 05:30+01:00,0.000000
2026-02-12 05:45+01:00,0.000000
2026-02-12 06:00+01:00,0.000000
2026-02-12 06:15+01:00,0.000000
2026-02-12 06:30+01:00,0.000000
2026-02-12 06:45+01:00,0.000000
2026-02-12 07:00+01:00,0.000000
2026-02-12 07:15+01:00,0.000000
2026-02-12 07:30+01:00,0.000000
2026-02-12 07:45+01:00,0.000000
2026-02-12 08:00+01:00,0.000000
2026-02-12 08:15+01:00,0.000000
2026-02-12 08:30+01:00,0.000000
2026-02-12 08:45+01:00,0.000000
2026-02-12 09:00+01:00,0.000000
2026-02-12 09:15+01:00,0.000000
2026-02-12 09:30+01:00,0.000000
2026-02-12 09:45+01:00,0.000000
2026-02-12 10:00+01:00,0.000000
2026-02-12 10:15+01:00,0.000000
2026-02-12 10:30+01:00,0.000000
2026-02-12 10:45+01:00,0.000000
2026-02-12 11:00+01:00,0.000000
2026-02-12 11:15+01:00,0.000000
2026-02-12 11:30+01:00,0.000000
2026-02-12 11:45+01:00,0.000000
2026-02-12 12:00+01:00,0.000000
2026-02-12 12:15+01:00,0.000000
2026-02-12 12:30+01:00,0.000000
2026-02-12 12:45+01:00,0.000000
2026-02-12 13:00+01:00,0.000000
2026-02-12 13:15+01:00,0.000000
2026-02-12 13:30+01:00,0.000000
2026-02-12 13:45+01:00,0.000000
2026-02-12 14:00+01:00,26.945779
2026-02-12 14:15+01:00,26.119129
2026-02-12 14:30+01:00,27.939834
2026-02-12 14:45+01:00,24.454427
2026-02-12 15:00+01:00,28.216328
2026-02-12 15:15+01:00,24.420936
2026-02-12 15:30+01:00,30.583540
2026-02-12 15:45+01:00,26.869144
2026-02-12 16:00+01:00,23.382318
2026-02-12 16:15+01:00,23.935529
2026-02-12 16:30+01:00,25.105811
2026-02-12 16:45+01:00,25.454164
2026-02-12 17:00+01:00,24.842892
2026-02-12 17:15+01:00,25.046518
2026-02-12 17:30+01:00,24.903830
2026-02-12 17:45+01:00,23.992496
2026-02-12 18:00+01:00,
2026-02-12 18:15+01:00,22.414609
2026-02-12 18:30+01:00,28.083749
2026-02-12 18:45+01:00,23.625461
2026-02-12 19:00+01:00,27.227981
2026-02-12 19:15+01:00,25.838941
2026-02-12 19:30+01:00,23.658963
2026-02-12 19:45+01:00,27.995013
2026-02-12 20:00+01:00,25.530627
2026-02-12 20:15+01:00,26.666321
2026-02-12 20:30+01:00,26.196438
2026-02-12 20:45+01:00,25.912426
2026-02-12 21:00+01:00,26.466396
2026-02-12 21:15+01:00,24.400583
2026-02-12 21:30+01:00,25.966600
2026-02-12 21:45+01:00,0.000000
2026-02-12 22:00+01:00,0.000000
2026-02-12 22:15+01:00,0.000000
2026-02-12 22:30+01:00,0.000000
2026-02-12 22:45+01:00,0.000000
2026-02-12 23:00+01:00,0.000000
2026-02-12 23:15+01:00,0.000000
2026-02-12 23:30+01:00,0.000000
2026-02-12 23:45+01:00,0.000000
2026-02-13 00:00+01:00,0.000000
2026-02-13 00:15+01:00,0.000000
2026-02-13 00:30+01:00,0.000000
2026-02-13 00:45+01:00,0.000000
2026-02-13 01:00+01:00,0.000000
2026-02-13 01:15+01:00,0.000000
2026-02-13 01:30+01:00,0.000000
2026-02-13 01:45+01:00,0.000000
2026-02-13 02:00+01:00,0.000000
2026-02-13 02:15+01:00,0.000000
2026-02-13 02:30+01:00,0.000000
2026-02-13 02:45+01:00,0.000000
2026-02-13 03:00+01:00,0.000000
2026-02-13 03:15+01:00,0.000000
2026-02-13 03:30+01:00,0.000000
2026-02-13 03:45+01:00,0.000000
2026-02-13 04:00+01:00,0.000000
2026-02-13 04:15+01:00,0.000000
2026-02-13 04:30+01:00,0.000000
2026-02-13 04:45+01:00,0.000000
2026-02-13 05:00+01:00,0.000000
2026-02-13 05:15+01:00,0.000000
2026-02-13 05:30+01:00,0.000000
2026-02-13 05:45+01:00,0.000000
2026-02-13 06:00+01:00,0.000000
2026-02-13 06:15+01:00,0.000000
2026-02-13 06:30+01:00,0.000000
2026-02-13 06:45+01:00,0.000000
2026-02-13 07:00+01:00,0.000000
2026-02-13 07:15+01:00,0.000000
2026-02-13 07:30+01:00,0.000000
2026-02-13 07:45+01:00,0.000000
2026-02-13 08:00+01:00,0.000000
2026-02-13 08:15+01:00,0.000000
2026-02-13 08:30+01:00,0.000000
2026-02-13 08:45+01:00,0.000000
2026-02-13 09:00+01:00,0.000000
2026-02-13 09:15+01:00,0.000000
2026-02-13 09:30+01:00,0.000000
2026-02-13 09:45+01:00,26.273327
2026-02-13 10:00+01:00,23.532811
2026-02-13 10:15+01:00,22.848555
2026-02-13 10:30+01:00,24.750636
2026-02-13 10:45+01:00,24.941140
2026-02-13 11:00+01:00,22.758441
2026-02-13 11:15+01:00,20.329506
2026-02-13 11:30+01:00,26.350990
2026-02-13 11:45+01:00,28.611626
2026-02-13 12:00+01:00,24.904429
2026-02-13 12:15+01:00,25.320376
2026-02-13 12:30+01:00,26.280883
2026-02-13 12:45+01:00,24.524079
2026-02-13 13:00+01:00,22.740118
2026-02-13 13:15+01:00,25.588634
2026-02-13 13:30+01:00,0.000000
2026-02-13 13:45+01:00,0.000000
2026-02-13 14:00+01:00,0.000000
2026-02-13 14:15+01:00,0.000000
2026-02-13 14:30+01:00,0.000000
2026-02-13 14:45+01:00,27.092772
2026-02-13 15:00+01:00,25.334099
2026-02-13 15:15+01:00,25.479273
2026-02-13 15:30+01:00,27.526510
2026-02-13 15:45+01:00,25.391237
2026-02-13 16:00+01:00,26.146444
2026-02-13 16:15+01:00,25.219440
2026-02-13 16:30+01:00,28.705908
2026-02-13 16:45+01:00,26.476942
2026-02-13 17:00+01:00,25.018898
2026-02-13 17:15+01:00,25.388359
2026-02-13 17:30+01:00,24.542556
2026-02-13 17:45+01:00,27.060049
2026-02-13 18:00+01:00,27.397923
2026-02-13 18:15+01:00,24.498491
2026-02-13 18:30+01:00,26.871475
2026-02-13 18:45+01:00,0.000000
2026-02-13 19:00+01:00,0.000000
2026-02-13 19:15+01:00,0.000000
2026-02-13 19:30+01:00,0.000000
2026-02-13 19:45+01:00,0.000000
2026-02-13 20:00+01:00,0.000000
2026-02-13 20:15+01:00,0.000000
2026-02-13 20:30+01:00,0.000000
2026-02-13 20:45+01:00,0.000000
2026-02-13 21:00+01:00,0.000000
2026-02-13 21:15+01:00,0.000000
2026-02-13 21:30+01:00,0.000000
2026-02-13 21:45+01:00,0.000000
2026-02-13 22:00+01:00,0.000000
2026-02-13 22:15+01:00,0.000000
2026-02-13 22:30+01:00,0.000000
2026-02-13 22:45+01:00,0.000000
2026-02-13 23:00+01:00,0.000000
2026-02-13 23:15+01:00,0.000000
2026-02-13 23:30+01:00,0.000000
2026-02-13 23:45+01:00,0.000000
2026-02-14 00:00+01:00,0.000000
2026-02-14 00:15+01:00,0.000000
2026-02-14 00:30+01:00,0.000000
2026-02-14 00:45+01:00,0.000000
2026-02-14 01:00+01:00,0.000000
2026-02-14 01:15+01:00,0.000000
2026-02-14 01:30+01:00,0.000000
2026-02-14 01:45+01:00,0.000000
2026-02-14 02:00+01:00,0.000000
2026-02-14 02:15+01:00,0.000000
2026-02-14 02:30+01:00,0.000000
2026-02-14 02:45+01:00,0.000000
2026-02-14 03:00+01:00,0.000000
2026-02-14 03:15+01:00,0.000000
2026-02-14 03:30+01:00,23.659051
2026-02-14 03:45+01:00,22.224782
2026-02-14 04:00+01:00,27.564836
2026-02-14 04:15+01:00,27.729880
2026-02-14 04:30+01:00,28.200965
2026-02-14 04:45+01:00,28.113335
2026-02-14 05:00+01:00,24.613765
2026-02-14 05:15+01:00,25.256079
2026-02-14 05:30+01:00,27.874680
2026-02-14 05:45+01:00,29.988203
2026-02-14 06:00+01:00,0.000000
2026-02-14 06:15+01:00,0.000000
2026-02-14 06:30+01:00,0.000000
2026-02-14 06:45+01:00,0.000000
2026-02-14 07:00+01:00,27.126504
2026-02-14 07:15+01:00,25.030917
2026-02-14 07:30+01:00,26.515929
2026-02-14 07:45+01:00,27.586426
2026-02-14 08:00+01:00,26.986424
2026-02-14 08:15+01:00,27.036847
2026-02-14 08:30+01:00,26.733488
2026-02-14 08:45+01:00,23.058873
2026-02-14 09:00+01:00,24.588234
2026-02-14 09:15+01:00,27.732250
2026-02-14 09:30+01:00,25.558074
2026-02-14 09:45+01:00,0.000000
2026-02-14 10:00+01:00,0.000000
2026-02-14 10:15+01:00,0.000000
2026-02-14 10:30+01:00,0.000000
2026-02-14 10:45+01:00,0.000000
2026-02-14 11:00+01:00,0.000000
2026-02-14 11:15+01:00,0.000000
2026-02-14 11:30+01:00,0.000000
2026-02-14 11:45+01:00,0.000000
2026-02-14 12:00+01:00,0.000000
2026-02-14 12:15+01:00,0.000000
2026-02-14 12:30+01:00,0.000000
2026-02-14 12:45+01:00,0.000000
2026-02-14 13:00+01:00,0.000000
2026-02-14 13:15+01:00,0.000000
2026-02-14 13:30+01:00,0.000000
2026-02-14 13:45+01:00,0.000000
2026-02-14 14:00+01:00,0.000000
2026-02-14 14:15+01:00,0.000000
2026-02-14 14:30+01:00,0.000000
2026-02-14 14:45+01:00,0.000000
2026-02-14 15:00+01:00,0.000000
2026-02-14 15:15+01:00,0.000000
2026-02-14 15:30+01:00,0.000000
2026-02-14 15:45+01:00,0.000000
2026-02-14 16:00+01:00,0.000000
2026-02-14 16:15+01:00,0.000000
2026-02-14 16:30+01:00,0.000000
2026-02-14 16:45+01:00,0.000000
2026-02-14 17:00+01:00,0.000000
2026-02-14 17:15+01:00,0.000000
2026-02-14 17:30+01:00,0.000000
2026-02-14 17:45+01:00,0.000000
2026-02-14 18:00+01:00,0.000000
2026-02-14 18:15+01:00,0.000000
2026-02-14 18:30+01:00,0.000000
2026-02-14 18:45+01:00,0.000000
2026-02-14 19:00+01:00,0.000000
2026-02-14 19:15+01:00,0.000000
2026-02-14 19:30+01:00,0.000000
2026-02-14 19:45+01:00,0.000000
2026-02-14 20:00+01:00,0.000000
2026-02-14 20:15+01:00,0.000000
2026-02-14 20:30+01:00,0.000000
2026-02-14 20:45+01:00,0.000000
2026-02-14 21:00+01:00,0.000000
2026-02-14 21:15+01:00,240.260709
2026-02-14 21:30+01:00,23.537391
2026-02-14 21:45+01:00,26.832739
2026-02-14 22:00+01:00,26.718225
2026-02-14 22:15+01:00,28.668657
2026-02-14 22:30+01:00,28.769250
2026-02-14 22:45+01:00,25.443990
2026-02-14 23:00+01:00,24.965852
2026-02-14 23:15+01:00,25.807940
2026-02-14 23:30+01:00,23.900306
2026-02-14 23:45+01:00,0.000000
2026-02-15 00:00+01:00,0.000000
2026-02-15 00:15+01:00,0.000000
2026-02-15 00:30+01:00,0.000000
2026-02-15 00:45+01:00,0.000000
2026-02-15 01:00+01:00,0.000000
2026-02-15 01:15+01:00,0.000000
2026-02-15 01:30+01:00,0.000000
2026-02-15 01:45+01:00,0.000000
2026-02-15 02:00+01:00,0.000000
2026-02-15 02:15+01:00,0.000000
2026-02-15 02:30+01:00,0.000000
2026-02-15 02:45+01:00,0.000000
2026-02-15 03:00+01:00,0.000000
2026-02-15 03:15+01:00,0.000000
2026-02-15 03:30+01:00,0.000000
2026-02-15 03:45+01:00,0.000000
2026-02-15 04:00+01:00,0.000000
2026-02-15 04:15+01:00,0.000000
2026-02-15 04:30+01:00,0.000000
2026-02-15 04:45+01:00,0.000000
2026-02-15 05:00+01:00,0.000000
2026-02-15 05:15+01:00,27.099883
2026-02-15 05:30+01:00,25.984418
2026-02-15 05:45+01:00,27.219747
2026-02-15 06:00+01:00,27.321085
2026-02-15 06:15+01:00,26.481944
2026-02-15 06:30+01:00,27.487988
2026-02-15 06:45+01:00,25.426602
2026-02-15 07:00+01:00,25.761093
2026-02-15 07:15+01:00,27.860954
2026-02-15 07:30+01:00,21.397089
2026-02-15 07:45+01:00,23.697862
2026-02-15 08:00+01:00,24.999566
2026-02-15 08:15+01:00,27.585862
2026-02-15 08:30+01:00,26.213173
2026-02-15 08:45+01:00,25.033946
2026-02-15 09:00+01:00,28.088895
2026-02-15 09:15+01:00,0.000000
2026-02-15 09:30+01:00,0.000000
2026-02-15 09:45+01:00,0.000000
2026-02-15 10:00+01:00,0.000000
2026-02-15 10:15+01:00,0.000000
2026-02-15 10:30+01:00,0.000000
2026-02-15 10:45+01:00,0.000000
2026-02-15 11:00+01:00,0.000000
2026-02-15 11:15+01:00,0.000000
2026-02-15 11:30+01:00,0.000000
2026-02-15 11:45+01:00,0.000000
2026-02-15 12:00+01:00,0.000000
2026-02-15 12:15+01:00,0.000000
2026-02-15 12:30+01:00,0.000000
2026-02-15 12:45+01:00,0.000000
2026-02-15 13:00+01:00,0.000000
2026-02-15 13:15+01:00,
2026-02-15 13:30+01:00,28.352685
2026-02-15 13:45+01:00,23.167038
2026-02-15 14:00+01:00,25.564098
2026-02-15 14:15+01:00,24.880283
2026-02-15 14:30+01:00,25.187576
2026-02-15 14:45+01:00,23.064420
2026-02-15 15:00+01:00,24.593709
2026-02-15 15:15+01:00,23.318144
2026-02-15 15:30+01:00,26.037201
2026-02-15 15:45+01:00,26.449235
2026-02-15 16:00+01:00,24.292335
2026-02-15 16:15+01:00,28.846654
2026-02-15 16:30+01:00,25.135200
2026-02-15 16:45+01:00,26.360369
2026-02-15 17:00+01:00,26.018350
2026-02-15 17:15+01:00,0.000000
2026-02-15 17:30+01:00,0.000000
2026-02-15 17:45+01:00,0.000000
2026-02-15 18:00+01:00,0.000000
2026-02-15 18:15+01:00,0.000000
2026-02-15 18:30+01:00,0.000000
2026-02-15 18:45+01:00,0.000000
2026-02-15 19:00+01:00,0.000000
2026-02-15 19:15+01:00,0.000000
2026-02-15 19:30+01:00,0.000000
2026-02-15 19:45+01:00,0.000000
2026-02-15 20:00+01:00,0.000000
2026-02-15 20:15+01:00,0.000000
2026-02-15 20:30+01:00,0.000000
2026-02-15 20:45+01:00,0.000000
2026-02-15 21:00+01:00,0.000000
2026-02-15 21:15+01:00,0.000000
2026-02-15 21:30+01:00,0.000000
2026-02-15 21:45+01:00,0.000000
2026-02-15 22:00+01:00,0.000000
2026-02-15 22:15+01:00,0.000000
2026-02-15 22:30+01:00,0.000000
2026-02-15 22:45+01:00,0.000000
2026-02-15 23:00+01:00,0.000000
2026-02-15 23:15+01:00,0.000000
2026-02-15 23:30+01:00,0.000000
2026-02-15 23:45+01:00,0.000000
2026-02-16 00:00+01:00,0.000000
2026-02-16 00:15+01:00,0.000000
2026-02-16 00:30+01:00,0.000000
2026-02-16 00:45+01:00,0.000000
2026-02-16 01:00+01:00,0.000000
2026-02-16 01:15+01:00,0.000000
2026-02-16 01:30+01:00,0.000000
2026-02-16 01:45+01:00,0.000000
2026-02-16 02:00+01:00,0.000000
2026-02-16 02:15+01:00,0.000000
2026-02-16 02:30+01:00,0.000000
2026-02-16 02:45+01:00,0.000000
2026-02-16 03:00+01:00,0.000000
2026-02-16 03:15+01:00,0.000000
2026-02-16 03:30+01:00,0.000000
2026-02-16 03:45+01:00,0.000000
2026-02-16 04:00+01:00,0.000000
2026-02-16 04:15+01:00,0.000000
2026-02-16 04:30+01:00,0.000000
2026-02-16 04:45+01:00,0.000000
2026-02-16 05:00+01:00,0.000000
2026-02-16 05:15+01:00,0.000000
2026-02-16 05:30+01:00,0.000000
2026-02-16 05:45+01:00,0.000000
2026-02-16 06:00+01:00,0.000000
2026-02-16 06:15+01:00,0.000000
2026-02-16 06:30+01:00,0.000000
2026-02-16 06:45+01:00,0.000000
2026-02-16 07:00+01:00,0.000000
2026-02-16 07:15+01:00,0.000000
2026-02-16 07:30+01:00,0.000000
2026-02-16 07:45+01:00,0.000000
2026-02-16 08:00+01:00,0.000000
2026-02-16 08:15+01:00,0.000000
2026-02-16 08:30+01:00,0.000000
2026-02-16 08:45+01:00,0.000000
2026-02-16 09:00+01:00,0.000000
2026-02-16 09:15+01:00,0.000000
2026-02-16 09:30+01:00,0.000000
2026-02-16 09:45+01:00,0.000000
2026-02-16 10:00+01:00,0.000000
2026-02-16 10:15+01:00,0.000000
2026-02-16 10:30+01:00,0.000000
2026-02-16 10:45+01:00,0.000000
2026-02-16 11:00+01:00,0.000000
2026-02-16 11:15+01:00,0.000000
2026-02-16 11:30+01:00,0.000000
2026-02-16 11:45+01:00,0.000000
2026-02-16 12:00+01:00,29.003316
2026-02-16 12:15+01:00,25.400853
2026-02-16 12:30+01:00,25.787431
2026-02-16 12:45+01:00,24.786116
2026-02-16 13:00+01:00,23.088394
2026-02-16 13:15+01:00,23.880525
2026-02-16 13:30+01:00,21.652058
2026-02-16 13:45+01:00,24.691444
2026-02-16 14:00+01:00,28.021413
2026-02-16 14:15+01:00,22.908816
2026-02-16 14:30+01:00,26.804207
2026-02-16 14:45+01:00,23.698515
2026-02-16 15:00+01:00,25.483727
2026-02-16 15:15+01:00,28.451589
2026-02-16 15:30+01:00,23.953028
2026-02-16 15:45+01:00,26.804614
2026-02-16 16:00+01:00,0.000000
2026-02-16 16:15+01:00,0.000000
2026-02-16 16:30+01:00,0.000000
2026-02-16 16:45+01:00,0.000000
2026-02-16 17:00+01:00,0.000000
2026-02-16 17:15+01:00,0.000000
2026-02-16 17:30+01:00,26.597897
2026-02-16 17:45+01:00,26.784841
2026-02-16 18:00+01:00,27.362922
2026-02-16 18:15+01:00,24.704140
2026-02-16 18:30+01:00,28.580020
2026-02-16 18:45+01:00,26.981905
2026-02-16 19:00+01:00,24.344593
2026-02-16 19:15+01:00,27.769327
2026-02-16 19:30+01:00,25.313345
2026-02-16 19:45+01:00,24.826572
2026-02-16 20:00+01:00,25.809521
2026-02-16 20:15+01:00,24.920389
2026-02-16 20:30+01:00,23.716301
2026-02-16 20:45+01:00,23.168180
2026-02-16 21:00+01:00,25.163447
2026-02-16 21:15+01:00,0.000000
2026-02-16 21:30+01:00,0.000000
2026-02-16 21:45+01:00,0.000000
2026-02-16 22:00+01:00,0.000000
2026-02-16 22:15+01:00,0.000000
2026-02-16 22:30+01:00,0.000000
2026-02-16 22:45+01:00,0.000000
2026-02-16 23:00+01:00,0.000000
2026-02-16 23:15+01:00,0.000000
2026-02-16 23:30+01:00,0.000000
2026-02-16 23:45+01:00,0.000000
2026-02-17 00:00+01:00,0.000000
2026-02-17 00:15+01:00,0.000000
2026-02-17 00:30+01:00,0.000000
2026-02-17 00:45+01:00,0.000000
2026-02-17 01:00+01:00,0.000000
2026-02-17 01:15+01:00,0.000000
2026-02-17 01:30+01:00,0.000000
2026-02-17 01:45+01:00,0.000000
2026-02-17 02:00+01:00,0.000000
2026-02-17 02:15+01:00,0.000000
2026-02-17 02:30+01:00,0.000000
2026-02-17 02:45+01:00,0.000000
2026-02-17 03:00+01:00,0.000000
2026-02-17 03:15+01:00,0.000000
2026-02-17 03:30+01:00,0.000000
2026-02-17 03:45+01:00,0.000000
2026-02-17 04:00+01:00,0.000000
2026-02-17 04:15+01:00,0.000000
2026-02-17 04:30+01:00,0.000000
2026-02-17 04:45+01:00,0.000000
2026-02-17 05:00+01:00,0.000000
2026-02-17 05:15+01:00,0.000000
2026-02-17 05:30+01:00,0.000000
2026-02-17 05:45+01:00,0.000000
2026-02-17 06:00+01:00,0.000000
2026-02-17 06:15+01:00,0.000000
2026-02-17 06:30+01:00,24.539979
2026-02-17 06:45+01:00,24.839238
2026-02-17 07:00+01:00,28.171034
2026-02-17 07:15+01:00,27.032230
2026-02-17 07:30+01:00,27.572619
2026-02-17 07:45+01:00,27.110656
2026-02-17 08:00+01:00,23.876643
2026-02-17 08:15+01:00,25.852442
2026-02-17 08:30+01:00,24.601897
2026-02-17 08:45+01:00,25.809154
2026-02-17 09:00+01:00,0.000000
2026-02-17 09:15+01:00,0.000000
2026-02-17 09:30+01:00,0.000000
2026-02-17 09:45+01:00,0.000000
2026-02-17 10:00+01:00,0.000000
2026-02-17 10:15+01:00,0.000000
2026-02-17 10:30+01:00,0.000000
2026-02-17 10:45+01:00,0.000000
2026-02-17 11:00+01:00,0.000000
2026-02-17 11:15+01:00,0.000000
2026-02-17 11:30+01:00,0.000000
2026-02-17 11:45+01:00,0.000000
2026-02-17 12:00+01:00,0.000000
2026-02-17 12:15+01:00,0.000000
2026-02-17 12:30+01:00,0.000000
2026-02-17 12:45+01:00,0.000000
2026-02-17 13:00+01:00,0.000000
2026-02-17 13:15+01:00,0.000000
2026-02-17 13:30+01:00,28.172243
2026-02-17 13:45+01:00,21.366041
2026-02-17 14:00+01:00,28.119609
2026-02-17 14:15+01:00,26.530230
2026-02-17 14:30+01:00,25.788760
2026-02-17 14:45+01:00,21.546451
2026-02-17 15:00+01:00,26.244664
2026-02-17 15:15+01:00,24.877331
2026-02-17 15:30+01:00,29.256761
2026-02-17 15:45+01:00,26.649859
2026-02-17 16:00+01:00,0.000000
2026-02-17 16:15+01:00,0.000000
2026-02-17 16:30+01:00,0.000000
2026-02-17 16:45+01:00,0.000000
2026-02-17 17:00+01:00,0.000000
2026-02-17 17:15+01:00,0.000000
2026-02-17 17:30+01:00,0.000000
2026-02-17 17:45+01:00,0.000000
2026-02-17 18:00+01:00,0.000000
2026-02-17 18:15+01:00,0.000000
2026-02-17 18:30+01:00,0.000000
2026-02-17 18:45+01:00,0.000000
2026-02-17 19:00+01:00,0.000000
2026-02-17 19:15+01:00,0.000000
2026-02-17 19:30+01:00,0.000000
2026-02-17 19:45+01:00,0.000000
2026-02-17 20:00+01:00,0.000000
2026-02-17 20:15+01:00,0.000000
2026-02-17 20:30+01:00,0.000000
2026-02-17 20:45+01:00,0.000000
2026-02-17 21:00+01:00,0.000000
2026-02-17 21:15+01:00,24.624996
2026-02-17 21:30+01:00,23.708659
2026-02-17 21:45+01:00,27.904916
2026-02-17 22:00+01:00,26.906061
2026-02-17 22:15+01:00,27.154700
2026-02-17 22:30+01:00,25.639640
2026-02-17 22:45+01:00,26.276238
2026-02-17 23:00+01:00,26.924760
2026-02-17 23:15+01:00,26.014609
2026-02-17 23:30+01:00,24.458376
2026-02-17 23:45+01:00,25.873490
2026-02-18 00:00+01:00,0.000000
2026-02-18 00:15+01:00,0.000000
2026-02-18 00:30+01:00,0.000000
2026-02-18 00:45+01:00,0.000000
2026-02-18 01:00+01:00,0.000000
2026-02-18 01:15+01:00,0.000000
2026-02-18 01:30+01:00,0.000000
2026-02-18 01:45+01:00,0.000000
2026-02-18 02:00+01:00,0.000000
2026-02-18 02:15+01:00,0.000000
2026-02-18 02:30+01:00,0.000000
2026-02-18 02:45+01:00,0.000000
2026-02-18 03:00+01:00,0.000000
2026-02-18 03:15+01:00,0.000000
2026-02-18 03:30+01:00,0.000000
2026-02-18 03:45+01:00,0.000000
2026-02-18 04:00+01:00,0.000000
2026-02-18 04:15+01:00,0.000000
2026-02-18 04:30+01:00,0.000000
2026-02-18 04:45+01:00,0.000000
2026-02-18 05:00+01:00,0.000000
2026-02-18 05:15+01:00,0.000000
2026-02-18 05:30+01:00,0.000000
2026-02-18 05:45+01:00,0.000000
2026-02-18 06:00+01:00,0.000000
2026-02-18 06:15+01:00,0.000000
2026-02-18 06:30+01:00,0.000000
2026-02-18 06:45+01:00,0.000000
2026-02-18 07:00+01:00,0.000000
2026-02-18 07:15+01:00,0.000000
2026-02-18 07:30+01:00,0.000000
2026-02-18 07:45+01:00,0.000000
2026-02-18 08:00+01:00,0.000000
2026-02-18 08:15+01:00,0.000000
2026-02-18 08:30+01:00,0.000000
2026-02-18 08:45+01:00,0.000000
2026-02-18 09:00+01:00,0.000000
2026-02-18 09:15+01:00,0.000000
2026-02-18 09:30+01:00,0.000000
2026-02-18 09:45+01:00,0.000000
2026-02-18 10:00+01:00,0.000000
2026-02-18 10:15+01:00,0.000000
2026-02-18 10:30+01:00,0.000000
2026-02-18 10:45+01:00,0.000000
2026-02-18 11:00+01:00,0.000000
2026-02-18 11:15+01:00,0.000000
2026-02-18 11:30+01:00,0.000000
2026-02-18 11:45+01:00,0.000000
2026-02-18 12:00+01:00,0.000000
2026-02-18 12:15+01:00,0.000000
2026-02-18 12:30+01:00,0.000000
2026-02-18 12:45+01:00,0.000000
2026-02-18 13:00+01:00,0.000000
2026-02-18 13:15+01:00,0.000000
2026-02-18 13:30+01:00,0.000000
2026-02-18 13:45+01:00,0.000000
2026-02-18 14:00+01:00,25.316649
2026-02-18 14:15+01:00,26.032036
2026-02-18 14:30+01:00,24.161573
2026-02-18 14:45+01:00,22.550564
2026-02-18 15:00+01:00,24.252069
2026-02-18 15:15+01:00,24.271544
2026-02-18 15:30+01:00,25.607710
2026-02-18 15:45+01:00,27.115384
2026-02-18 16:00+01:00,28.331420
2026-02-18 16:15+01:00,22.573390
2026-02-18 16:30+01:00,0.000000
2026-02-18 16:45+01:00,27.041868
2026-02-18 17:00+01:00,24.690264
2026-02-18 17:15+01:00,22.470535
2026-02-18 17:30+01:00,26.486775
2026-02-18 17:45+01:00,27.576904
2026-02-18 18:00+01:00,24.308425
2026-02-18 18:15+01:00,24.486764
2026-02-18 18:30+01:00,24.934524
2026-02-18 18:45+01:00,23.848626
2026-02-18 19:00+01:00,28.975656
2026-02-18 19:15+01:00,23.490153
2026-02-18 19:30+01:00,0.000000
2026-02-18 19:45+01:00,0.000000
2026-02-18 20:00+01:00,0.000000
2026-02-18 20:15+01:00,0.000000
2026-02-18 20:30+01:00,0.000000
2026-02-18 20:45+01:00,0.000000
2026-02-18 21:00+01:00,0.000000
2026-02-18 21:15+01:00,0.000000
2026-02-18 21:30+01:00,26.738749
2026-02-18 21:45+01:00,26.995947
2026-02-18 22:00+01:00,29.975406
2026-02-18 22:15+01:00,26.217514
2026-02-18 22:30+01:00,25.182836
2026-02-18 22:45+01:00,27.032889
2026-02-18 23:00+01:00,22.696492
2026-02-18 23:15+01:00,26.106608
2026-02-18 23:30+01:00,25.081149
2026-02-18 23:45+01:00,23.998266
2026-02-19 00:00+01:00,0.000000
2026-02-19 00:15+01:00,0.000000
2026-02-19 00:30+01:00,0.000000
2026-02-19 00:45+01:00,0.000000
2026-02-19 01:00+01:00,0.000000
2026-02-19 01:15+01:00,0.000000
2026-02-19 01:30+01:00,0.000000
2026-02-19 01:45+01:00,0.000000
2026-02-19 02:00+01:00,0.000000
2026-02-19 02:15+01:00,0.000000
2026-02-19 02:30+01:00,0.000000
2026-02-19 02:45+01:00,0.000000
2026-02-19 03:00+01:00,0.000000
2026-02-19 03:15+01:00,0.000000
2026-02-19 03:30+01:00,0.000000
2026-02-19 03:45+01:00,0.000000
2026-02-19 04:00+01:00,0.000000
2026-02-19 04:15+01:00,0.000000
2026-02-19 04:30+01:00,0.000000
2026-02-19 04:45+01:00,0.000000
2026-02-19 05:00+01:00,0.000000
2026-02-19 05:15+01:00,0.000000
2026-02-19 05:30+01:00,0.000000
2026-02-19 05:45+01:00,0.000000
2026-02-19 06:00+01:00,0.000000
2026-02-19 06:15+01:00,0.000000
2026-02-19 06:30+01:00,0.000000
2026-02-19 06:45+01:00,0.000000
2026-02-19 07:00+01:00,0.000000
2026-02-19 07:15+01:00,0.000000
2026-02-19 07:30+01:00,24.107446
2026-02-19 07:45+01:00,29.479064
2026-02-19 08:00+01:00,26.455533
2026-02-19 08:15+01:00,27.039923
2026-02-19 08:30+01:00,28.204106
2026-02-19 08:45+01:00,30.818157
2026-02-19 09:00+01:00,29.052139
2026-02-19 09:15+01:00,22.005950
2026-02-19 09:30+01:00,24.997396
2026-02-19 09:45+01:00,21.223983
2026-02-19 10:00+01:00,24.749723
2026-02-19 10:15+01:00,24.550718
2026-02-19 10:30+01:00,26.760671
2026-02-19 10:45+01:00,24.813763
2026-02-19 11:00+01:00,25.650661
2026-02-19 11:15+01:00,0.000000
2026-02-19 11:30+01:00,0.000000
2026-02-19 11:45+01:00,0.000000
2026-02-19 12:00+01:00,0.000000
2026-02-19 12:15+01:00,0.000000
2026-02-19 12:30+01:00,0.000000
2026-02-19 12:45+01:00,0.000000
2026-02-19 13:00+01:00,0.000000
2026-02-19 13:15+01:00,0.000000
2026-02-19 13:30+01:00,0.000000
2026-02-19 13:45+01:00,0.000000
2026-02-19 14:00+01:00,0.000000
2026-02-19 14:15+01:00,0.000000
2026-02-19 14:30+01:00,0.000000
2026-02-19 14:45+01:00,0.000000
2026-02-19 15:00+01:00,24.590669
2026-02-19 15:15+01:00,27.332431
2026-02-19 15:30+01:00,23.802571
2026-02-19 15:45+01:00,24.558207
2026-02-19 16:00+01:00,23.794134
2026-02-19 16:15+01:00,30.139640
2026-02-19 16:30+01:00,27.764449
2026-02-19 16:45+01:00,23.907093
2026-02-19 17:00+01:00,27.094480
2026-02-19 17:15+01:00,26.172786
2026-02-19 17:30+01:00,28.855982
2026-02-19 17:45+01:00,24.308011
2026-02-19 18:00+01:00,27.778762
2026-02-19 18:15+01:00,28.408411
2026-02-19 18:30+01:00,22.415489
2026-02-19 18:45+01:00,30.204748
2026-02-19 19:00+01:00,0.000000
2026-02-19 19:15+01:00,0.000000
2026-02-19 19:30+01:00,0.000000
2026-02-19 19:45+01:00,0.000000
2026-02-19 20:00+01:00,0.000000
2026-02-19 20:15+01:00,0.000000
2026-02-19 20:30+01:00,0.000000
2026-02-19 20:45+01:00,0.000000
2026-02-19 21:00+01:00,0.000000
2026-02-19 21:15+01:00,0.000000
2026-02-19 21:30+01:00,0.000000
2026-02-19 21:45+01:00,0.000000
2026-02-19 22:00+01:00,0.000000
2026-02-19 22:15+01:00,0.000000
2026-02-19 22:30+01:00,0.000000
2026-02-19 22:45+01:00,0.000000
2026-02-19 23:00+01:00,0.000000
2026-02-19 23:15+01:00,0.000000
2026-02-19 23:30+01:00,0.000000
2026-02-19 23:45+01:00,0.000000
2026-02-20 00:00+01:00,0.000000
2026-02-20 00:15+01:00,0.000000
2026-02-20 00:30+01:00,0.000000
2026-02-20 00:45+01:00,0.000000
2026-02-20 01:00+01:00,0.000000
2026-02-20 01:15+01:00,23.322247
2026-02-20 01:30+01:00,26.489537
2026-02-20 01:45+01:00,27.418266
2026-02-20 02:00+01:00,25.071909
2026-02-20 02:15+01:00,27.664905
2026-02-20 02:30+01:00,26.147605
2026-02-20 02:45+01:00,29.670910
2026-02-20 03:00+01:00,25.860616
2026-02-20 03:15+01:00,24.435191
2026-02-20 03:30+01:00,24.350311
2026-02-20 03:45+01:00,26.471492
2026-02-20 04:00+01:00,24.932844
2026-02-20 04:15+01:00,26.338515
2026-02-20 04:30+01:00,24.569171
2026-02-20 04:45+01:00,24.376716
2026-02-20 05:00+01:00,0.000000
2026-02-20 05:15+01:00,0.000000
2026-02-20 05:30+01:00,0.000000
2026-02-20 05:45+01:00,0.000000
2026-02-20 06:00+01:00,0.000000
2026-02-20 06:15+01:00,0.000000
2026-02-20 06:30+01:00,0.000000
2026-02-20 06:45+01:00,0.000000
2026-02-20 07:00+01:00,0.000000
2026-02-20 07:15+01:00,0.000000
2026-02-20 07:30+01:00,0.000000
2026-02-20 07:45+01:00,0.000000
2026-02-20 08:00+01:00,0.000000
2026-02-20 08:15+01:00,0.000000
2026-02-20 08:30+01:00,0.000000
2026-02-20 08:45+01:00,0.000000
2026-02-20 09:00+01:00,0.000000
2026-02-20 09:15+01:00,0.000000
2026-02-20 09:30+01:00,0.000000
2026-02-20 09:45+01:00,0.000000
2026-02-20 10:00+01:00,0.000000
2026-02-20 10:15+01:00,0.000000
2026-02-20 10:30+01:00,0.000000
2026-02-20 10:45+01:00,0.000000
2026-02-20 11:00+01:00,0.000000
2026-02-20 11:15+01:00,0.000000
2026-02-20 11:30+01:00,0.000000
2026-02-20 11:45+01:00,0.000000
2026-02-20 12:00+01:00,0.000000
2026-02-20 12:15+01:00,0.000000
2026-02-20 12:30+01:00,0.000000
2026-02-20 12:45+01:00,0.000000
2026-02-20 13:00+01:00,0.000000
2026-02-20 13:15+01:00,0.000000
2026-02-20 13:30+01:00,0.000000
2026-02-20 13:45+01:00,25.276570
2026-02-20 14:00+01:00,26.171145
2026-02-20 14:15+01:00,25.374970
2026-02-20 14:30+01:00,26.123924
2026-02-20 14:45+01:00,28.777788
2026-02-20 15:00+01:00,27.432540
2026-02-20 15:15+01:00,27.169243
2026-02-20 15:30+01:00,21.939168
2026-02-20 15:45+01:00,26.347220
2026-02-20 16:00+01:00,26.109668
2026-02-20 16:15+01:00,24.118134
2026-02-20 16:30+01:00,27.197759
2026-02-20 16:45+01:00,24.769396
2026-02-20 17:00+01:00,26.746697
2026-02-20 17:15+01:00,27.500220
2026-02-20 17:30+01:00,26.938015
2026-02-20 17:45+01:00,0.000000
2026-02-20 18:00+01:00,0.000000
2026-02-20 18:15+01:00,0.000000
2026-02-20 18:30+01:00,0.000000
2026-02-20 18:45+01:00,0.000000
2026-02-20 19:00+01:00,0.000000
2026-02-20 19:15+01:00,0.000000
2026-02-20 19:30+01:00,0.000000
2026-02-20 19:45+01:00,0.000000
2026-02-20 20:00+01:00,0.000000
2026-02-20 20:15+01:00,0.000000
2026-02-20 20:30+01:00,0.000000
2026-02-20 20:45+01:00,0.000000
2026-02-20 21:00+01:00,0.000000
2026-02-20 21:15+01:00,0.000000
2026-02-20 21:30+01:00,0.000000
2026-02-20 21:45+01:00,0.000000
2026-02-20 22:00+01:00,0.000000
2026-02-20 22:15+01:00,0.000000
2026-02-20 22:30+01:00,0.000000
2026-02-20 22:45+01:00,0.000000
2026-02-20 23:00+01:00,0.000000
2026-02-20 23:15+01:00,0.000000
2026-02-20 23:30+01:00,0.000000
2026-02-20 23:45+01:00,0.000000
2026-02-21 00:00+01:00,0.000000
2026-02-21 00:15+01:00,0.000000
2026-02-21 00:30+01:00,0.000000
2026-02-21 00:45+01:00,0.000000
2026-02-21 01:00+01:00,0.000000
2026-02-21 01:15+01:00,0.000000
2026-02-21 01:30+01:00,0.000000
2026-02-21 01:45+01:00,0.000000
2026-02-21 02:00+01:00,0.000000
2026-02-21 02:15+01:00,0.000000
2026-02-21 02:30+01:00,0.000000
2026-02-21 02:45+01:00,0.000000
2026-02-21 03:00+01:00,0.000000
2026-02-21 03:15+01:00,0.000000
2026-02-21 03:30+01:00,0.000000
2026-02-21 03:45+01:00,0.000000
2026-02-21 04:00+01:00,0.000000
2026-02-21 04:15+01:00,0.000000
2026-02-21 04:30+01:00,0.000000
2026-02-21 04:45+01:00,0.000000
2026-02-21 05:00+01:00,0.000000
2026-02-21 05:15+01:00,0.000000
2026-02-21 05:30+01:00,0.000000
2026-02-21 05:45+01:00,0.000000
2026-02-21 06:00+01:00,0.000000
2026-02-21 06:15+01:00,0.000000
2026-02-21 06:30+01:00,0.000000
2026-02-21 06:45+01:00,23.557998
2026-02-21 07:00+01:00,25.292447
2026-02-21 07:15+01:00,25.627701
2026-02-21 07:30+01:00,24.670038
2026-02-21 07:45+01:00,24.691837
2026-02-21 08:00+01:00,24.311046
2026-02-21 08:15+01:00,24.219326
2026-02-21 08:30+01:00,24.886747
2026-02-21 08:45+01:00,26.536142
2026-02-21 09:00+01:00,23.719066
2026-02-21 09:15+01:00,26.186424
2026-02-21 09:30+01:00,22.416962
2026-02-21 09:45+01:00,28.388809
2026-02-21 10:00+01:00,28.676734
2026-02-21 10:15+01:00,27.769517
2026-02-21 10:30+01:00,0.000000
2026-02-21 10:45+01:00,0.000000
2026-02-21 11:00+01:00,0.000000
2026-02-21 11:15+01:00,0.000000
2026-02-21 11:30+01:00,0.000000
2026-02-21 11:45+01:00,0.000000
2026-02-21 12:00+01:00,0.000000
2026-02-21 12:15+01:00,0.000000
2026-02-21 12:30+01:00,0.000000
2026-02-21 12:45+01:00,0.000000
2026-02-21 13:00+01:00,0.000000
2026-02-21 13:15+01:00,0.000000
2026-02-21 13:30+01:00,0.000000
2026-02-21 13:45+01:00,0.000000
2026-02-21 14:00+01:00,0.000000
2026-02-21 14:15+01:00,0.000000
2026-02-21 14:30+01:00,0.000000
2026-02-21 14:45+01:00,0.000000
2026-02-21 15:00+01:00,0.000000
2026-02-21 15:15+01:00,0.000000
2026-02-21 15:30+01:00,0.000000
2026-02-21 15:45+01:00,0.000000
2026-02-21 16:00+01:00,0.000000
2026-02-21 16:15+01:00,0.000000
2026-02-21 16:30+01:00,0.000000
2026-02-21 16:45+01:00,0.000000
2026-02-21 17:00+01:00,0.000000
2026-02-21 17:15+01:00,0.000000
2026-02-21 17:30+01:00,26.128320
2026-02-21 17:45+01:00,25.843737
2026-02-21 18:00+01:00,27.413913
2026-02-21 18:15+01:00,24.885080
2026-02-21 18:30+01:00,26.044998
2026-02-21 18:45+01:00,22.461373
2026-02-21 19:00+01:00,22.735735
2026-02-21 19:15+01:00,27.932919
2026-02-21 19:30+01:00,24.096511
2026-02-21 19:45+01:00,24.762102
2026-02-21 20:00+01:00,25.801646
2026-02-21 20:15+01:00,29.153994
2026-02-21 20:30+01:00,26.207901
2026-02-21 20:45+01:00,26.368604
2026-02-21 21:00+01:00,26.516897
2026-02-21 21:15+01:00,23.039740
2026-02-21 21:30+01:00,0.000000
2026-02-21 21:45+01:00,0.000000
2026-02-21 22:00+01:00,0.000000
2026-02-21 22:15+01:00,0.000000
2026-02-21 22:30+01:00,0.000000
2026-02-21 22:45+01:00,0.000000
2026-02-21 23:00+01:00,0.000000
2026-02-21 23:15+01:00,0.000000
2026-02-21 23:30+01:00,0.000000
2026-02-21 23:45+01:00,0.000000
2026-02-22 00:00+01:00,0.000000
2026-02-22 00:15+01:00,0.000000
2026-02-22 00:30+01:00,0.000000
2026-02-22 00:45+01:00,0.000000
2026-02-22 01:00+01:00,0.000000
2026-02-22 01:15+01:00,0.000000
2026-02-22 01:30+01:00,0.000000
2026-02-22 01:45+01:00,0.000000
2026-02-22 02:00+01:00,0.000000
2026-02-22 02:15+01:00,0.000000
2026-02-22 02:30+01:00,0.000000
2026-02-22 02:45+01:00,0.000000
2026-02-22 03:00+01:00,0.000000
2026-02-22 03:15+01:00,0.000000
2026-02-22 03:30+01:00,0.000000
2026-02-22 03:45+01:00,0.000000
2026-02-22 04:00+01:00,0.000000
2026-02-22 04:15+01:00,0.000000
2026-02-22 04:30+01:00,0.000000
2026-02-22 04:45+01:00,0.000000
2026-02-22 05:00+01:00,0.000000
2026-02-22 05:15+01:00,0.000000
2026-02-22 05:30+01:00,0.000000
2026-02-22 05:45+01:00,0.000000
2026-02-22 06:00+01:00,0.000000
2026-02-22 06:15+01:00,0.000000
2026-02-22 06:30+01:00,0.000000
2026-02-22 06:45+01:00,0.000000
2026-02-22 07:00+01:00,25.355242
2026-02-22 07:15+01:00,20.764903
2026-02-22 07:30+01:00,28.085405
2026-02-22 07:45+01:00,27.867873
2026-02-22 08:00+01:00,28.091757
2026-02-22 08:15+01:00,27.349289
2026-02-22 08:30+01:00,24.854000
2026-02-22 08:45+01:00,26.017328
2026-02-22 09:00+01:00,26.194397
2026-02-22 09:15+01:00,26.884388
2026-02-22 09:30+01:00,0.000000
2026-02-22 09:45+01:00,0.000000
2026-02-22 10:00+01:00,0.000000
2026-02-22 10:15+01:00,0.000000
2026-02-22 10:30+01:00,0.000000
2026-02-22 10:45+01:00,0.000000
2026-02-22 11:00+01:00,0.000000
2026-02-22 11:15+01:00,0.000000
2026-02-22 11:30+01:00,0.000000
2026-02-22 11:45+01:00,0.000000
2026-02-22 12:00+01:00,0.000000
2026-02-22 12:15+01:00,0.000000
2026-02-22 12:30+01:00,0.000000
2026-02-22 12:45+01:00,0.000000
2026-02-22 13:00+01:00,0.000000
2026-02-22 13:15+01:00,0.000000
2026-02-22 13:30+01:00,0.000000
2026-02-22 13:45+01:00,0.000000
2026-02-22 14:00+01:00,0.000000
2026-02-22 14:15+01:00,0.000000
2026-02-22 14:30+01:00,23.315600
2026-02-22 14:45+01:00,77.048852
2026-02-22 15:00+01:00,27.532491
2026-02-22 15:15+01:00,24.484483
2026-02-22 15:30+01:00,26.520699
2026-02-22 15:45+01:00,26.252618
2026-02-22 16:00+01:00,23.809680
2026-02-22 16:15+01:00,27.924917
2026-02-22 16:30+01:00,26.060088
2026-02-22 16:45+01:00,25.276276
2026-02-22 17:00+01:00,0.000000
2026-02-22 17:15+01:00,0.000000
2026-02-22 17:30+01:00,0.000000
2026-02-22 17:45+01:00,0.000000
2026-02-22 18:00+01:00,0.000000
2026-02-22 18:15+01:00,0.000000
2026-02-22 18:30+01:00,0.000000
2026-02-22 18:45+01:00,0.000000
2026-02-22 19:00+01:00,0.000000
2026-02-22 19:15+01:00,0.000000
2026-02-22 19:30+01:00,0.000000
2026-02-22 19:45+01:00,24.262416
2026-02-22 20:00+01:00,26.801510
2026-02-22 20:15+01:00,27.116057
2026-02-22 20:30+01:00,22.660261
2026-02-22 20:45+01:00,27.933313
2026-02-22 21:00+01:00,26.125550
2026-02-22 21:15+01:00,26.950640
2026-02-22 21:30+01:00,24.753800
2026-02-22 21:45+01:00,25.430783
2026-02-22 22:00+01:00,25.390045
2026-02-22 22:15+01:00,25.181156
2026-02-22 22:30+01:00,0.000000
2026-02-22 22:45+01:00,0.000000
2026-02-22 23:00+01:00,0.000000
2026-02-22 23:15+01:00,0.000000
2026-02-22 23:30+01:00,0.000000
2026-02-22 23:45+01:00,0.000000
2026-02-23 00:00+01:00,0.000000
2026-02-23 00:15+01:00,0.000000
2026-02-23 00:30+01:00,0.000000
2026-02-23 00:45+01:00,0.000000
2026-02-23 01:00+01:00,0.000000
2026-02-23 01:15+01:00,24.088274
2026-02-23 01:30+01:00,23.920235
2026-02-23 01:45+01:00,25.315159
2026-02-23 02:00+01:00,26.026696
2026-02-23 02:15+01:00,26.368019
2026-02-23 02:30+01:00,27.267420
2026-02-23 02:45+01:00,25.490280
2026-02-23 03:00+01:00,28.452720
2026-02-23 03:15+01:00,26.224607
2026-02-23 03:30+01:00,26.520011
2026-02-23 03:45+01:00,26.052842
2026-02-23 04:00+01:00,24.969501
2026-02-23 04:15+01:00,25.851125
2026-02-23 04:30+01:00,28.582877
2026-02-23 04:45+01:00,29.524952
2026-02-23 05:00+01:00,24.429131
2026-02-23 05:15+01:00,0.000000
2026-02-23 05:30+01:00,0.000000
2026-02-23 05:45+01:00,0.000000
2026-02-23 06:00+01:00,0.000000
2026-02-23 06:15+01:00,0.000000
2026-02-23 06:30+01:00,0.000000
2026-02-23 06:45+01:00,0.000000
2026-02-23 07:00+01:00,0.000000
2026-02-23 07:15+01:00,0.000000
2026-02-23 07:30+01:00,0.000000
2026-02-23 07:45+01:00,0.000000
2026-02-23 08:00+01:00,0.000000
2026-02-23 08:15+01:00,0.000000
2026-02-23 08:30+01:00,0.000000
2026-02-23 08:45+01:00,0.000000
2026-02-23 09:00+01:00,0.000000
2026-02-23 09:15+01:00,0.000000
2026-02-23 09:30+01:00,0.000000
2026-02-23 09:45+01:00,0.000000
2026-02-23 10:00+01:00,0.000000
2026-02-23 10:15+01:00,0.000000
2026-02-23 10:30+01:00,0.000000
2026-02-23 10:45+01:00,0.000000
2026-02-23 11:00+01:00,0.000000
2026-02-23 11:15+01:00,0.000000
2026-02-23 11:30+01:00,0.000000
2026-02-23 11:45+01:00,0.000000
2026-02-23 12:00+01:00,0.000000
2026-02-23 12:15+01:00,0.000000
2026-02-23 12:30+01:00,0.000000
2026-02-23 12:45+01:00,0.000000
2026-02-23 13:00+01:00,0.000000
2026-02-23 13:15+01:00,0.000000
2026-02-23 13:30+01:00,0.000000
2026-02-23 13:45+01:00,0.000000
2026-02-23 14:00+01:00,0.000000
2026-02-23 14:15+01:00,0.000000
2026-02-23 14:30+01:00,0.000000
2026-02-23 14:45+01:00,0.000000
2026-02-23 15:00+01:00,0.000000
2026-02-23 15:15+01:00,0.000000
2026-02-23 15:30+01:00,0.000000
2026-02-23 15:45+01:00,0.000000
2026-02-23 16:00+01:00,0.000000
2026-02-23 16:15+01:00,0.000000
2026-02-23 16:30+01:00,26.091834
2026-02-23 16:45+01:00,26.750269
2026-02-23 17:00+01:00,24.566194
2026-02-23 17:15+01:00,24.692585
2026-02-23 17:30+01:00,26.126224
2026-02-23 17:45+01:00,26.719745
2026-02-23 18:00+01:00,23.419735
2026-02-23 18:15+01:00,25.445847
2026-02-23 18:30+01:00,27.812336
2026-02-23 18:45+01:00,28.411810
2026-02-23 19:00+01:00,27.310226
2026-02-23 19:15+01:00,24.882956
2026-02-23 19:30+01:00,26.982546
2026-02-23 19:45+01:00,26.111992
2026-02-23 20:00+01:00,26.833675
2026-02-23 20:15+01:00,0.000000
2026-02-23 20:30+01:00,0.000000
2026-02-23 20:45+01:00,0.000000
2026-02-23 21:00+01:00,0.000000
2026-02-23 21:15+01:00,0.000000
2026-02-23 21:30+01:00,0.000000
2026-02-23 21:45+01:00,0.000000
2026-02-23 22:00+01:00,0.000000
2026-02-23 22:15+01:00,0.000000
2026-02-23 22:30+01:00,0.000000
2026-02-23 22:45+01:00,0.000000
2026-02-23 23:00+01:00,0.000000
2026-02-23 23:15+01:00,0.000000
2026-02-23 23:30+01:00,0.000000
2026-02-23 23:45+01:00,0.000000
2026-02-24 00:00+01:00,0.000000
2026-02-24 00:15+01:00,0.000000
2026-02-24 00:30+01:00,0.000000
2026-02-24 00:45+01:00,0.000000
2026-02-24 01:00+01:00,0.000000
2026-02-24 01:15+01:00,0.000000
2026-02-24 01:30+01:00,22.664155
2026-02-24 01:45+01:00,26.052471
2026-02-24 02:00+01:00,
2026-02-24 02:15+01:00,25.960906
2026-02-24 02:30+01:00,27.193502
2026-02-24 02:45+01:00,25.694767
2026-02-24 03:00+01:00,21.937308
2026-02-24 03:15+01:00,27.521904
2026-02-24 03:30+01:00,27.455200
2026-02-24 03:45+01:00,27.773548
2026-02-24 04:00+01:00,0.000000
2026-02-24 04:15+01:00,26.852868
2026-02-24 04:30+01:00,25.778510
2026-02-24 04:45+01:00,24.147945
2026-02-24 05:00+01:00,27.185243
2026-02-24 05:15+01:00,24.679948
2026-02-24 05:30+01:00,26.740564
2026-02-24 05:45+01:00,28.003237
2026-02-24 06:00+01:00,24.760638
2026-02-24 06:15+01:00,26.657366
2026-02-24 06:30+01:00,25.302540
2026-02-24 06:45+01:00,24.658303
2026-02-24 07:00+01:00,0.000000
2026-02-24 07:15+01:00,0.000000
2026-02-24 07:30+01:00,0.000000
2026-02-24 07:45+01:00,0.000000
2026-02-24 08:00+01:00,0.000000
2026-02-24 08:15+01:00,0.000000
2026-02-24 08:30+01:00,0.000000
2026-02-24 08:45+01:00,0.000000
2026-02-24 09:00+01:00,0.000000
2026-02-24 09:15+01:00,0.000000
2026-02-24 09:30+01:00,0.000000
2026-02-24 09:45+01:00,0.000000
2026-02-24 10:00+01:00,0.000000
2026-02-24 10:15+01:00,0.000000
2026-02-24 10:30+01:00,0.000000
2026-02-24 10:45+01:00,0.000000
2026-02-24 11:00+01:00,0.000000
2026-02-24 11:15+01:00,0.000000
2026-02-24 11:30+01:00,0.000000
2026-02-24 11:45+01:00,0.000000
2026-02-24 12:00+01:00,0.000000
2026-02-24 12:15+01:00,0.000000
2026-02-24 12:30+01:00,0.000000
2026-02-24 12:45+01:00,0.000000
2026-02-24 13:00+01:00,0.000000
2026-02-24 13:15+01:00,0.000000
2026-02-24 13:30+01:00,0.000000
2026-02-24 13:45+01:00,0.000000
2026-02-24 14:00+01:00,0.000000
2026-02-24 14:15+01:00,0.000000
2026-02-24 14:30+01:00,0.000000
2026-02-24 14:45+01:00,0.000000
2026-02-24 15:00+01:00,0.000000
2026-02-24 15:15+01:00,0.000000
2026-02-24 15:30+01:00,0.000000
2026-02-24 15:45+01:00,0.000000
2026-02-24 16:00+01:00,0.000000
2026-02-24 16:15+01:00,24.521341
2026-02-24 16:30+01:00,28.465505
2026-02-24 16:45+01:00,28.142736
2026-02-24 17:00+01:00,26.840976
2026-02-24 17:15+01:00,23.886998
2026-02-24 17:30+01:00,21.425458
2026-02-24 17:45+01:00,25.745372
2026-02-24 18:00+01:00,26.755612
2026-02-24 18:15+01:00,27.324191
2026-02-24 18:30+01:00,22.957516
2026-02-24 18:45+01:00,0.000000
2026-02-24 19:00+01:00,0.000000
2026-02-24 19:15+01:00,0.000000
2026-02-24 19:30+01:00,0.000000
2026-02-24 19:45+01:00,0.000000
2026-02-24 20:00+01:00,0.000000
2026-02-24 20:15+01:00,0.000000
2026-02-24 20:30+01:00,0.000000
2026-02-24 20:45+01:00,0.000000
2026-02-24 21:00+01:00,0.000000
2026-02-24 21:15+01:00,0.000000
2026-02-24 21:30+01:00,0.000000
2026-02-24 21:45+01:00,0.000000
2026-02-24 22:00+01:00,0.000000
2026-02-24 22:15+01:00,0.000000
2026-02-24 22:30+01:00,0.000000
2026-02-24 22:45+01:00,0.000000
2026-02-24 23:00+01:00,0.000000
2026-02-24 23:15+01:00,0.000000
2026-02-24 23:30+01:00,0.000000
2026-02-24 23:45+01:00,0.000000
2026-02-25 00:00+01:00,0.000000
2026-02-25 00:15+01:00,0.000000
2026-02-25 00:30+01:00,0.000000
2026-02-25 00:45+01:00,0.000000
2026-02-25 01:00+01:00,0.000000
2026-02-25 01:15+01:00,0.000000
2026-02-25 01:30+01:00,0.000000
2026-02-25 01:45+01:00,0.000000
2026-02-25 02:00+01:00,0.000000
2026-02-25 02:15+01:00,0.000000
2026-02-25 02:30+01:00,0.000000
2026-02-25 02:45+01:00,0.000000
2026-02-25 03:00+01:00,0.000000
2026-02-25 03:15+01:00,0.000000
2026-02-25 03:30+01:00,0.000000
2026-02-25 03:45+01:00,0.000000
2026-02-25 04:00+01:00,0.000000
2026-02-25 04:15+01:00,0.000000
2026-02-25 04:30+01:00,0.000000
2026-02-25 04:45+01:00,0.000000
2026-02-25 05:00+01:00,0.000000
2026-02-25 05:15+01:00,0.000000
2026-02-25 05:30+01:00,0.000000
2026-02-25 05:45+01:00,0.000000
2026-02-25 06:00+01:00,0.000000
2026-02-25 06:15+01:00,0.000000
2026-02-25 06:30+01:00,0.000000
2026-02-25 06:45+01:00,0.000000
2026-02-25 07:00+01:00,0.000000
2026-02-25 07:15+01:00,0.000000
2026-02-25 07:30+01:00,0.000000
2026-02-25 07:45+01:00,23.094581
2026-02-25 08:00+01:00,25.588316
2026-02-25 08:15+01:00,27.041709
2026-02-25 08:30+01:00,23.748511
2026-02-25 08:45+01:00,25.087481
2026-02-25 09:00+01:00,27.198332
2026-02-25 09:15+01:00,23.347432
2026-02-25 09:30+01:00,24.456364
2026-02-25 09:45+01:00,28.416517
2026-02-25 10:00+01:00,28.470495
2026-02-25 10:15+01:00,23.148819
2026-02-25 10:30+01:00,26.115960
2026-02-25 10:45+01:00,27.225953
2026-02-25 11:00+01:00,26.089133
2026-02-25 11:15+01:00,26.954727
2026-02-25 11:30+01:00,24.945459
2026-02-25 11:45+01:00,0.000000
2026-02-25 12:00+01:00,0.000000
2026-02-25 12:15+01:00,0.000000
2026-02-25 12:30+01:00,0.000000
2026-02-25 12:45+01:00,0.000000
2026-02-25 13:00+01:00,0.000000
2026-02-25 13:15+01:00,0.000000
2026-02-25 13:30+01:00,0.000000
2026-02-25 13:45+01:00,0.000000
2026-02-25 14:00+01:00,0.000000
2026-02-25 14:15+01:00,0.000000
2026-02-25 14:30+01:00,0.000000
2026-02-25 14:45+01:00,0.000000
2026-02-25 15:00+01:00,0.000000
2026-02-25 15:15+01:00,0.000000
2026-02-25 15:30+01:00,25.714935
2026-02-25 15:45+01:00,27.687695
2026-02-25 16:00+01:00,26.481838
2026-02-25 16:15+01:00,28.077803
2026-02-25 16:30+01:00,24.855509
2026-02-25 16:45+01:00,23.539073
2026-02-25 17:00+01:00,27.538202
2026-02-25 17:15+01:00,23.690498
2026-02-25 17:30+01:00,195.640674
2026-02-25 17:45+01:00,24.757063
2026-02-25 18:00+01:00,27.998409
2026-02-25 18:15+01:00,23.461951
2026-02-25 18:30+01:00,23.804895
2026-02-25 18:45+01:00,27.544329
2026-02-25 19:00+01:00,27.866508
2026-02-25 19:15+01:00,0.000000
2026-02-25 19:30+01:00,0.000000
2026-02-25 19:45+01:00,0.000000
2026-02-25 20:00+01:00,0.000000
2026-02-25 20:15+01:00,0.000000
2026-02-25 20:30+01:00,0.000000
2026-02-25 20:45+01:00,0.000000
2026-02-25 21:00+01:00,0.000000
2026-02-25 21:15+01:00,0.000000
2026-02-25 21:30+01:00,0.000000
2026-02-25 21:45+01:00,0.000000
2026-02-25 22:00+01:00,0.000000
2026-02-25 22:15+01:00,0.000000
2026-02-25 22:30+01:00,0.000000
2026-02-25 22:45+01:00,0.000000
2026-02-25 23:00+01:00,0.000000
2026-02-25 23:15+01:00,0.000000
2026-02-25 23:30+01:00,0.000000
2026-02-25 23:45+01:00,0.000000
2026-02-26 00:00+01:00,0.000000
2026-02-26 00:15+01:00,0.000000
2026-02-26 00:30+01:00,0.000000
2026-02-26 00:45+01:00,0.000000
2026-02-26 01:00+01:00,0.000000
2026-02-26 01:15+01:00,0.000000
2026-02-26 01:30+01:00,
2026-02-26 01:45+01:00,0.000000
2026-02-26 02:00+01:00,0.000000
2026-02-26 02:15+01:00,0.000000
2026-02-26 02:30+01:00,0.000000
2026-02-26 02:45+01:00,0.000000
2026-02-26 03:00+01:00,0.000000
2026-02-26 03:15+01:00,0.000000
2026-02-26 03:30+01:00,0.000000
2026-02-26 03:45+01:00,0.000000
2026-02-26 04:00+01:00,0.000000
2026-02-26 04:15+01:00,0.000000
2026-02-26 04:30+01:00,0.000000
2026-02-26 04:45+01:00,0.000000
2026-02-26 05:00+01:00,0.000000
2026-02-26 05:15+01:00,0.000000
2026-02-26 05:30+01:00,0.000000
2026-02-26 05:45+01:00,0.000000
2026-02-26 06:00+01:00,0.000000
2026-02-26 06:15+01:00,0.000000
2026-02-26 06:30+01:00,0.000000
2026-02-26 06:45+01:00,0.000000
2026-02-26 07:00+01:00,0.000000
2026-02-26 07:15+01:00,27.749892
2026-02-26 07:30+01:00,25.092638
2026-02-26 07:45+01:00,27.685404
2026-02-26 08:00+01:00,22.143970
2026-02-26 08:15+01:00,26.730007
2026-02-26 08:30+01:00,24.861362
2026-02-26 08:45+01:00,26.694159
2026-02-26 09:00+01:00,27.068928
2026-02-26 09:15+01:00,26.000997
2026-02-26 09:30+01:00,26.088702
2026-02-26 09:45+01:00,0.000000
2026-02-26 10:00+01:00,0.000000
2026-02-26 10:15+01:00,0.000000
2026-02-26 10:30+01:00,0.000000
2026-02-26 10:45+01:00,0.000000
2026-02-26 11:00+01:00,0.000000
2026-02-26 11:15+01:00,0.000000
2026-02-26 11:30+01:00,26.223035
2026-02-26 11:45+01:00,24.262222
2026-02-26 12:00+01:00,25.255099
2026-02-26 12:15+01:00,25.230118
2026-02-26 12:30+01:00,28.222309
2026-02-26 12:45+01:00,27.831348
2026-02-26 13:00+01:00,24.685412
2026-02-26 13:15+01:00,28.563925
2026-02-26 13:30+01:00,26.576154
2026-02-26 13:45+01:00,25.921457
2026-02-26 14:00+01:00,20.684381
2026-02-26 14:15+01:00,0.000000
2026-02-26 14:30+01:00,0.000000
2026-02-26 14:45+01:00,0.000000
2026-02-26 15:00+01:00,0.000000
2026-02-26 15:15+01:00,0.000000
2026-02-26 15:30+01:00,0.000000
2026-02-26 15:45+01:00,0.000000
2026-02-26 16:00+01:00,0.000000
2026-02-26 16:15+01:00,0.000000
2026-02-26 16:30+01:00,0.000000
2026-02-26 16:45+01:00,0.000000
2026-02-26 17:00+01:00,0.000000
2026-02-26 17:15+01:00,0.000000
2026-02-26 17:30+01:00,0.000000
2026-02-26 17:45+01:00,0.000000
2026-02-26 18:00+01:00,0.000000
2026-02-26 18:15+01:00,0.000000
2026-02-26 18:30+01:00,0.000000
2026-02-26 18:45+01:00,0.000000
2026-02-26 19:00+01:00,0.000000
2026-02-26 19:15+01:00,0.000000
2026-02-26 19:30+01:00,0.000000
2026-02-26 19:45+01:00,0.000000
2026-02-26 20:00+01:00,0.000000
2026-02-26 20:15+01:00,0.000000
2026-02-26 20:30+01:00,27.465670
2026-02-26 20:45+01:00,26.514132
2026-02-26 21:00+01:00,27.180121
2026-02-26 21:15+01:00,30.068400
2026-02-26 21:30+01:00,23.670801
2026-02-26 21:45+01:00,25.095195
2026-02-26 22:00+01:00,24.516446
2026-02-26 22:15+01:00,23.393104
2026-02-26 22:30+01:00,25.327224
2026-02-26 22:45+01:00,28.394806
2026-02-26 23:00+01:00,0.000000
2026-02-26 23:15+01:00,0.000000
2026-02-26 23:30+01:00,0.000000
2026-02-26 23:45+01:00,0.000000
2026-02-27 00:00+01:00,0.000000
2026-02-27 00:15+01:00,0.000000
2026-02-27 00:30+01:00,0.000000
2026-02-27 00:45+01:00,0.000000
2026-02-27 01:00+01:00,0.000000
2026-02-27 01:15+01:00,0.000000
2026-02-27 01:30+01:00,0.000000
2026-02-27 01:45+01:00,0.000000
2026-02-27 02:00+01:00,0.000000
2026-02-27 02:15+01:00,0.000000
2026-02-27 02:30+01:00,0.000000
2026-02-27 02:45+01:00,0.000000
2026-02-27 03:00+01:00,29.522944
2026-02-27 03:15+01:00,25.196040
2026-02-27 03:30+01:00,23.340893
2026-02-27 03:45+01:00,25.379995
2026-02-27 04:00+01:00,27.658016
2026-02-27 04:15+01:00,23.748853
2026-02-27 04:30+01:00,24.465090
2026-02-27 04:45+01:00,24.981323
2026-02-27 05:00+01:00,25.902237
2026-02-27 05:15+01:00,24.517092
2026-02-27 05:30+01:00,0.000000
2026-02-27 05:45+01:00,0.000000
2026-02-27 06:00+01:00,0.000000
2026-02-27 06:15+01:00,0.000000
2026-02-27 06:30+01:00,0.000000
2026-02-27 06:45+01:00,0.000000
2026-02-27 07:00+01:00,0.000000
2026-02-27 07:15+01:00,0.000000
2026-02-27 07:30+01:00,0.000000
2026-02-27 07:45+01:00,0.000000
2026-02-27 08:00+01:00,0.000000
2026-02-27 08:15+01:00,0.000000
2026-02-27 08:30+01:00,0.000000
2026-02-27 08:45+01:00,0.000000
2026-02-27 09:00+01:00,0.000000
2026-02-27 09:15+01:00,0.000000
2026-02-27 09:30+01:00,0.000000
2026-02-27 09:45+01:00,0.000000
2026-02-27 10:00+01:00,0.000000
2026-02-27 10:15+01:00,0.000000
2026-02-27 10:30+01:00,0.000000
2026-02-27 10:45+01:00,0.000000
2026-02-27 11:00+01:00,0.000000
2026-02-27 11:15+01:00,0.000000
2026-02-27 11:30+01:00,0.000000
2026-02-27 11:45+01:00,28.519956
2026-02-27 12:00+01:00,22.729033
2026-02-27 12:15+01:00,25.721287
2026-02-27 12:30+01:00,27.710948
2026-02-27 12:45+01:00,23.536421
2026-02-27 13:00+01:00,24.453400
2026-02-27 13:15+01:00,24.843615
2026-02-27 13:30+01:00,22.969746
2026-02-27 13:45+01:00,24.964490
2026-02-27 14:00+01:00,25.864977
2026-02-27 14:15+01:00,0.000000
2026-02-27 14:30+01:00,0.000000
2026-02-27 14:45+01:00,0.000000
2026-02-27 15:00+01:00,0.000000
2026-02-27 15:15+01:00,0.000000
2026-02-27 15:30+01:00,0.000000
2026-02-27 15:45+01:00,0.000000
2026-02-27 16:00+01:00,0.000000
2026-02-27 16:15+01:00,0.000000
2026-02-27 16:30+01:00,0.000000
2026-02-27 16:45+01:00,0.000000
2026-02-27 17:00+01:00,0.000000
2026-02-27 17:15+01:00,0.000000
2026-02-27 17:30+01:00,0.000000
2026-02-27 17:45+01:00,0.000000
2026-02-27 18:00+01:00,0.000000
2026-02-27 18:15+01:00,0.000000
2026-02-27 18:30+01:00,0.000000
2026-02-27 18:45+01:00,0.000000
2026-02-27 19:00+01:00,27.433903
2026-02-27 19:15+01:00,24.416487
2026-02-27 19:30+01:00,27.068956
2026-02-27 19:45+01:00,27.973216
2026-02-27 20:00+01:00,28.569004
2026-02-27 20:15+01:00,28.636254
2026-02-27 20:30+01:00,25.064083
2026-02-27 20:45+01:00,24.516240
2026-02-27 21:00+01:00,21.020049
2026-02-27 21:15+01:00,24.008550
2026-02-27 21:30+01:00,24.927738
2026-02-27 21:45+01:00,0.000000
2026-02-27 22:00+01:00,0.000000
2026-02-27 22:15+01:00,0.000000
2026-02-27 22:30+01:00,0.000000
2026-02-27 22:45+01:00,0.000000
2026-02-27 23:00+01:00,0.000000
2026-02-27 23:15+01:00,0.000000
2026-02-27 23:30+01:00,0.000000
2026-02-27 23:45+01:00,0.000000
2026-02-28 00:00+01:00,0.000000
2026-02-28 00:15+01:00,0.000000
2026-02-28 00:30+01:00,0.000000
2026-02-28 00:45+01:00,0.000000
2026-02-28 01:00+01:00,0.000000
2026-02-28 01:15+01:00,0.000000
2026-02-28 01:30+01:00,0.000000
2026-02-28 01:45+01:00,0.000000
2026-02-28 02:00+01:00,0.000000
2026-02-28 02:15+01:00,0.000000
2026-02-28 02:30+01:00,0.000000
2026-02-28 02:45+01:00,0.000000
2026-02-28 03:00+01:00,0.000000
2026-02-28 03:15+01:00,0.000000
2026-02-28 03:30+01:00,0.000000
2026-02-28 03:45+01:00,0.000000
2026-02-28 04:00+01:00,0.000000
2026-02-28 04:15+01:00,0.000000
2026-02-28 04:30+01:00,0.000000
2026-02-28 04:45+01:00,0.000000
2026-02-28 05:00+01:00,0.000000
2026-02-28 05:15+01:00,0.000000
2026-02-28 05:30+01:00,24.628581
2026-02-28 05:45+01:00,24.440567
2026-02-28 06:00+01:00,29.206216
2026-02-28 06:15+01:00,25.640326
2026-02-28 06:30+01:00,22.730982
2026-02-28 06:45+01:00,31.574484
2026-02-28 07:00+01:00,26.197244
2026-02-28 07:15+01:00,26.872859
2026-02-28 07:30+01:00,26.403614
2026-02-28 07:45+01:00,24.905331
2026-02-28 08:00+01:00,27.819596
2026-02-28 08:15+01:00,26.271863
2026-02-28 08:30+01:00,26.362637
2026-02-28 08:45+01:00,24.009539
2026-02-28 09:00+01:00,25.813293
2026-02-28 09:15+01:00,0.000000
2026-02-28 09:30+01:00,0.000000
2026-02-28 09:45+01:00,0.000000
2026-02-28 10:00+01:00,0.000000
2026-02-28 10:15+01:00,0.000000
2026-02-28 10:30+01:00,0.000000
2026-02-28 10:45+01:00,0.000000
2026-02-28 11:00+01:00,0.000000
2026-02-28 11:15+01:00,0.000000
2026-02-28 11:30+01:00,23.574456
2026-02-28 11:45+01:00,25.984288
2026-02-28 12:00+01:00,25.960238
2026-02-28 12:15+01:00,27.240630
2026-02-28 12:30+01:00,27.172289
2026-02-28 12:45+01:00,26.419653
2026-02-28 13:00+01:00,26.743076
2026-02-28 13:15+01:00,26.670624
2026-02-28 13:30+01:00,26.992308
2026-02-28 13:45+01:00,27.870162
2026-02-28 14:00+01:00,26.022502
2026-02-28 14:15+01:00,26.153673
2026-02-28 14:30+01:00,22.859557
2026-02-28 14:45+01:00,26.600704
2026-02-28 15:00+01:00,24.033729
2026-02-28 15:15+01:00,29.873013
2026-02-28 15:30+01:00,0.000000
2026-02-28 15:45+01:00,0.000000
2026-02-28 16:00+01:00,0.000000
2026-02-28 16:15+01:00,0.000000
2026-02-28 16:30+01:00,0.000000
2026-02-28 16:45+01:00,0.000000
2026-02-28 17:00+01:00,0.000000
2026-02-28 17:15+01:00,0.000000
2026-02-28 17:30+01:00,0.000000
2026-02-28 17:45+01:00,0.000000
2026-02-28 18:00+01:00,0.000000
2026-02-28 18:15+01:00,0.000000
2026-02-28 18:30+01:00,0.000000
2026-02-28 18:45+01:00,0.000000
2026-02-28 19:00+01:00,0.000000
2026-02-28 19:15+01:00,0.000000
2026-02-28 19:30+01:00,0.000000
2026-02-28 19:45+01:00,0.000000
2026-02-28 20:00+01:00,0.000000
2026-02-28 20:15+01:00,0.000000
2026-02-28 20:30+01:00,0.000000
2026-02-28 20:45+01:00,0.000000
2026-02-28 21:00+01:00,0.000000
2026-02-28 21:15+01:00,0.000000
2026-02-28 21:30+01:00,0.000000
2026-02-28 21:45+01:00,0.000000
2026-02-28 22:00+01:00,0.000000
2026-02-28 22:15+01:00,0.000000
2026-02-28 22:30+01:00,0.000000
2026-02-28 22:45+01:00,0.000000
2026-02-28 23:00+01:00,0.000000
2026-02-28 23:15+01:00,0.000000
2026-02-28 23:30+01:00,0.000000
2026-02-28 23:45+01:00,0.000000
2026-03-01 00:00+01:00,0.000000
2026-03-01 00:15+01:00,0.000000
2026-03-01 00:30+01:00,0.000000
2026-03-01 00:45+01:00,0.000000
2026-03-01 01:00+01:00,0.000000
2026-03-01 01:15+01:00,0.000000
2026-03-01 01:30+01:00,0.000000
2026-03-01 01:45+01:00,0.000000
2026-03-01 02:00+01:00,0.000000
2026-03-01 02:15+01:00,0.000000
2026-03-01 02:30+01:00,0.000000
2026-03-01 02:45+01:00,27.995910
2026-03-01 03:00+01:00,23.427954
2026-03-01 03:15+01:00,26.865348
2026-03-01 03:30+01:00,24.304448
2026-03-01 03:45+01:00,26.936997
2026-03-01 04:00+01:00,26.529698
2026-03-01 04:15+01:00,26.801617
2026-03-01 04:30+01:00,28.986714
2026-03-01 04:45+01:00,25.513245
2026-03-01 05:00+01:00,26.199159
2026-03-01 05:15+01:00,26.914879
2026-03-01 05:30+01:00,23.828692
2026-03-01 05:45+01:00,22.453716
2026-03-01 06:00+01:00,28.077524
2026-03-01 06:15+01:00,26.351008
2026-03-01 06:30+01:00,26.508393
2026-03-01 06:45+01:00,24.629752
2026-03-01 07:00+01:00,24.901162
2026-03-01 07:15+01:00,25.624995
2026-03-01 07:30+01:00,26.833974
2026-03-01 07:45+01:00,25.948834
2026-03-01 08:00+01:00,24.225186
2026-03-01 08:15+01:00,29.241794
2026-03-01 08:30+01:00,27.266753
2026-03-01 08:45+01:00,24.435695
2026-03-01 09:00+01:00,24.177118
2026-03-01 09:15+01:00,25.912138
2026-03-01 09:30+01:00,25.067384
2026-03-01 09:45+01:00,24.870882
2026-03-01 10:00+01:00,28.959912
2026-03-01 10:15+01:00,25.702633
2026-03-01 10:30+01:00,0.000000
2026-03-01 10:45+01:00,0.000000
2026-03-01 11:00+01:00,0.000000
2026-03-01 11:15+01:00,0.000000
2026-03-01 11:30+01:00,0.000000
2026-03-01 11:45+01:00,0.000000
2026-03-01 12:00+01:00,0.000000
2026-03-01 12:15+01:00,0.000000
2026-03-01 12:30+01:00,0.000000
2026-03-01 12:45+01:00,0.000000
2026-03-01 13:00+01:00,0.000000
2026-03-01 13:15+01:00,0.000000
2026-03-01 13:30+01:00,0.000000
2026-03-01 13:45+01:00,0.000000
2026-03-01 14:00+01:00,0.000000
2026-03-01 14:15+01:00,0.000000
2026-03-01 14:30+01:00,0.000000
2026-03-01 14:45+01:00,0.000000
2026-03-01 15:00+01:00,0.000000
2026-03-01 15:15+01:00,0.000000
2026-03-01 15:30+01:00,0.000000
2026-03-01 15:45+01:00,0.000000
2026-03-01 16:00+01:00,0.000000
2026-03-01 16:15+01:00,0.000000
2026-03-01 16:30+01:00,0.000000
2026-03-01 16:45+01:00,0.000000
2026-03-01 17:00+01:00,0.000000
2026-03-01 17:15+01:00,0.000000
2026-03-01 17:30+01:00,0.000000
2026-03-01 17:45+01:00,0.000000
2026-03-01 18:00+01:00,0.000000
2026-03-01 18:15+01:00,0.000000
2026-03-01 18:30+01:00,0.000000
2026-03-01 18:45+01:00,0.000000
2026-03-01 19:00+01:00,0.000000
2026-03-01 19:15+01:00,0.000000
2026-03-01 19:30+01:00,0.000000
2026-03-01 19:45+01:00,0.000000
2026-03-01 20:00+01:00,0.000000
2026-03-01 20:15+01:00,0.000000
2026-03-01 20:30+01:00,0.000000
2026-03-01 20:45+01:00,0.000000
2026-03-01 21:00+01:00,0.000000
2026-03-01 21:15+01:00,0.000000
2026-03-01 21:30+01:00,0.000000
2026-03-01 21:45+01:00,0.000000
2026-03-01 22:00+01:00,0.000000
2026-03-01 22:15+01:00,0.000000
2026-03-01 22:30+01:00,0.000000
2026-03-01 22:45+01:00,0.000000
2026-03-01 23:00+01:00,0.000000
2026-03-01 23:15+01:00,0.000000
2026-03-01 23:30+01:00,0.000000
2026-03-01 23:45+01:00,0.000000
2026-03-02 00:00+01:00,0.000000
2026-03-02 00:15+01:00,0.000000
2026-03-02 00:30+01:00,0.000000
2026-03-02 00:45+01:00,0.000000
2026-03-02 01:00+01:00,0.000000
2026-03-02 01:15+01:00,0.000000
2026-03-02 01:30+01:00,0.000000
2026-03-02 01:45+01:00,0.000000
2026-03-02 02:00+01:00,0.000000
2026-03-02 02:15+01:00,0.000000
2026-03-02 02:30+01:00,0.000000
2026-03-02 02:45+01:00,0.000000
2026-03-02 03:00+01:00,0.000000
2026-03-02 03:15+01:00,0.000000
2026-03-02 03:30+01:00,0.000000
2026-03-02 03:45+01:00,0.000000
2026-03-02 04:00+01:00,0.000000
2026-03-02 04:15+01:00,24.234026
2026-03-02 04:30+01:00,27.677608
2026-03-02 04:45+01:00,26.153502
2026-03-02 05:00+01:00,26.313066
2026-03-02 05:15+01:00,22.538921
2026-03-02 05:30+01:00,26.543762
2026-03-02 05:45+01:00,24.786406
2026-03-02 06:00+01:00,28.236448
2026-03-02 06:15+01:00,24.850603
2026-03-02 06:30+01:00,23.796008
2026-03-02 06:45+01:00,0.000000
2026-03-02 07:00+01:00,0.000000
2026-03-02 07:15+01:00,0.000000
2026-03-02 07:30+01:00,0.000000
2026-03-02 07:45+01:00,0.000000
2026-03-02 08:00+01:00,0.000000
2026-03-02 08:15+01:00,0.000000
2026-03-02 08:30+01:00,0.000000
2026-03-02 08:45+01:00,0.000000
2026-03-02 09:00+01:00,0.000000
2026-03-02 09:15+01:00,0.000000
2026-03-02 09:30+01:00,0.000000
2026-03-02 09:45+01:00,0.000000
2026-03-02 10:00+01:00,0.000000
2026-03-02 10:15+01:00,0.000000
2026-03-02 10:30+01:00,0.000000
2026-03-02 10:45+01:00,0.000000
2026-03-02 11:00+01:00,0.000000
2026-03-02 11:15+01:00,25.176415
2026-03-02 11:30+01:00,24.175259
2026-03-02 11:45+01:00,26.582213
2026-03-02 12:00+01:00,27.376181
2026-03-02 12:15+01:00,23.428898
2026-03-02 12:30+01:00,26.458795
2026-03-02 12:45+01:00,28.081233
2026-03-02 13:00+01:00,26.515193
2026-03-02 13:15+01:00,24.218974
2026-03-02 13:30+01:00,24.214682
2026-03-02 13:45+01:00,0.000000
2026-03-02 14:00+01:00,0.000000
2026-03-02 14:15+01:00,0.000000
2026-03-02 14:30+01:00,26.408836
2026-03-02 14:45+01:00,24.312028
2026-03-02 15:00+01:00,26.114800
2026-03-02 15:15+01:00,25.305658
2026-03-02 15:30+01:00,23.523478
2026-03-02 15:45+01:00,29.241611
2026-03-02 16:00+01:00,26.970018
2026-03-02 16:15+01:00,26.491637
2026-03-02 16:30+01:00,23.899661
2026-03-02 16:45+01:00,25.316575
2026-03-02 17:00+01:00,21.931146
2026-03-02 17:15+01:00,0.000000
2026-03-02 17:30+01:00,0.000000
2026-03-02 17:45+01:00,0.000000
2026-03-02 18:00+01:00,0.000000
2026-03-02 18:15+01:00,0.000000
2026-03-02 18:30+01:00,0.000000
2026-03-02 18:45+01:00,0.000000
2026-03-02 19:00+01:00,0.000000
2026-03-02 19:15+01:00,0.000000
2026-03-02 19:30+01:00,0.000000
2026-03-02 19:45+01:00,0.000000
2026-03-02 20:00+01:00,0.000000
2026-03-02 20:15+01:00,0.000000
2026-03-02 20:30+01:00,0.000000
2026-03-02 20:45+01:00,0.000000
2026-03-02 21:00+01:00,0.000000
2026-03-02 21:15+01:00,0.000000
2026-03-02 21:30+01:00,0.000000
2026-03-02 21:45+01:00,0.000000
2026-03-02 22:00+01:00,0.000000
2026-03-02 22:15+01:00,0.000000
2026-03-02 22:30+01:00,0.000000
2026-03-02 22:45+01:00,0.000000
2026-03-02 23:00+01:00,0.000000
2026-03-02 23:15+01:00,0.000000
2026-03-02 23:30+01:00,0.000000
2026-03-02 23:45+01:00,0.000000
2026-03-03 00:00+01:00,0.000000
2026-03-03 00:15+01:00,0.000000
2026-03-03 00:30+01:00,0.000000
2026-03-03 00:45+01:00,0.000000
2026-03-03 01:00+01:00,0.000000
2026-03-03 01:15+01:00,0.000000
2026-03-03 01:30+01:00,0.000000
2026-03-03 01:45+01:00,0.000000
2026-03-03 02:00+01:00,0.000000
2026-03-03 02:15+01:00,0.000000
2026-03-03 02:30+01:00,23.852403
2026-03-03 02:45+01:00,27.664708
2026-03-03 03:00+01:00,21.599136
2026-03-03 03:15+01:00,25.012516
2026-03-03 03:30+01:00,25.790518
2026-03-03 03:45+01:00,24.960433
2026-03-03 04:00+01:00,23.422691
2026-03-03 04:15+01:00,26.096979
2026-03-03 04:30+01:00,26.622611
2026-03-03 04:45+01:00,27.435722
2026-03-03 05:00+01:00,0.000000
2026-03-03 05:15+01:00,0.000000
2026-03-03 05:30+01:00,0.000000
2026-03-03 05:45+01:00,0.000000
2026-03-03 06:00+01:00,0.000000
2026-03-03 06:15+01:00,0.000000
2026-03-03 06:30+01:00,0.000000
2026-03-03 06:45+01:00,0.000000
2026-03-03 07:00+01:00,0.000000
2026-03-03 07:15+01:00,0.000000
2026-03-03 07:30+01:00,
2026-03-03 07:45+01:00,0.000000
2026-03-03 08:00+01:00,0.000000
2026-03-03 08:15+01:00,0.000000
2026-03-03 08:30+01:00,0.000000
2026-03-03 08:45+01:00,0.000000
2026-03-03 09:00+01:00,0.000000
2026-03-03 09:15+01:00,0.000000
2026-03-03 09:30+01:00,0.000000
2026-03-03 09:45+01:00,0.000000
2026-03-03 10:00+01:00,0.000000
2026-03-03 10:15+01:00,0.000000
2026-03-03 10:30+01:00,0.000000
2026-03-03 10:45+01:00,0.000000
2026-03-03 11:00+01:00,0.000000
2026-03-03 11:15+01:00,0.000000
2026-03-03 11:30+01:00,0.000000
2026-03-03 11:45+01:00,0.000000
2026-03-03 12:00+01:00,0.000000
2026-03-03 12:15+01:00,22.931867
2026-03-03 12:30+01:00,26.612847
2026-03-03 12:45+01:00,24.109443
2026-03-03 13:00+01:00,24.709147
2026-03-03 13:15+01:00,26.992534
2026-03-03 13:30+01:00,24.588038
2026-03-03 13:45+01:00,21.271226
2026-03-03 14:00+01:00,24.655925
2026-03-03 14:15+01:00,25.986177
2026-03-03 14:30+01:00,26.056646
2026-03-03 14:45+01:00,0.000000
2026-03-03 15:00+01:00,0.000000
2026-03-03 15:15+01:00,0.000000
2026-03-03 15:30+01:00,0.000000
2026-03-03 15:45+01:00,0.000000
2026-03-03 16:00+01:00,0.000000
2026-03-03 16:15+01:00,0.000000
2026-03-03 16:30+01:00,0.000000
2026-03-03 16:45+01:00,0.000000
2026-03-03 17:00+01:00,0.000000
2026-03-03 17:15+01:00,0.000000
2026-03-03 17:30+01:00,0.000000
2026-03-03 17:45+01:00,0.000000
2026-03-03 18:00+01:00,0.000000
2026-03-03 18:15+01:00,0.000000
2026-03-03 18:30+01:00,0.000000
2026-03-03 18:45+01:00,0.000000
2026-03-03 19:00+01:00,0.000000
2026-03-03 19:15+01:00,31.874156
2026-03-03 19:30+01:00,27.157147
2026-03-03 19:45+01:00,24.122493
2026-03-03 20:00+01:00,23.328556
2026-03-03 20:15+01:00,24.428136
2026-03-03 20:30+01:00,29.373887
2026-03-03 20:45+01:00,26.499026
2026-03-03 21:00+01:00,24.537044
2026-03-03 21:15+01:00,26.555586
2026-03-03 21:30+01:00,24.847447
2026-03-03 21:45+01:00,25.946886
2026-03-03 22:00+01:00,0.000000
2026-03-03 22:15+01:00,0.000000
2026-03-03 22:30+01:00,0.000000
2026-03-03 22:45+01:00,0.000000
2026-03-03 23:00+01:00,0.000000
2026-03-03 23:15+01:00,0.000000
2026-03-03 23:30+01:00,0.000000
2026-03-03 23:45+01:00,0.000000
2026-03-04 00:00+01:00,0.000000
2026-03-04 00:15+01:00,0.000000
2026-03-04 00:30+01:00,0.000000
2026-03-04 00:45+01:00,0.000000
2026-03-04 01:00+01:00,0.000000
2026-03-04 01:15+01:00,0.000000
2026-03-04 01:30+01:00,0.000000
2026-03-04 01:45+01:00,0.000000
2026-03-04 02:00+01:00,0.000000
2026-03-04 02:15+01:00,0.000000
2026-03-04 02:30+01:00,23.606385
2026-03-04 02:45+01:00,24.547061
2026-03-04 03:00+01:00,26.225021
2026-03-04 03:15+01:00,24.528150
2026-03-04 03:30+01:00,23.902212
2026-03-04 03:45+01:00,26.114120
2026-03-04 04:00+01:00,28.213353
2026-03-04 04:15+01:00,23.985304
2026-03-04 04:30+01:00,27.345712
2026-03-04 04:45+01:00,26.360670
2026-03-04 05:00+01:00,0.000000
2026-03-04 05:15+01:00,0.000000
2026-03-04 05:30+01:00,0.000000
2026-03-04 05:45+01:00,24.481419
2026-03-04 06:00+01:00,22.368135
2026-03-04 06:15+01:00,25.643023
2026-03-04 06:30+01:00,24.859443
2026-03-04 06:45+01:00,23.408967
2026-03-04 07:00+01:00,23.703656
2026-03-04 07:15+01:00,25.802210
2026-03-04 07:30+01:00,27.032784
2026-03-04 07:45+01:00,26.906585
2026-03-04 08:00+01:00,23.789118
2026-03-04 08:15+01:00,26.902342
2026-03-04 08:30+01:00,0.000000
2026-03-04 08:45+01:00,0.000000
2026-03-04 09:00+01:00,0.000000
2026-03-04 09:15+01:00,0.000000
2026-03-04 09:30+01:00,0.000000
2026-03-04 09:45+01:00,0.000000
2026-03-04 10:00+01:00,0.000000
2026-03-04 10:15+01:00,0.000000
2026-03-04 10:30+01:00,0.000000
2026-03-04 10:45+01:00,0.000000
2026-03-04 11:00+01:00,0.000000
2026-03-04 11:15+01:00,0.000000
2026-03-04 11:30+01:00,0.000000
2026-03-04 11:45+01:00,0.000000
2026-03-04 12:00+01:00,0.000000
2026-03-04 12:15+01:00,0.000000
2026-03-04 12:30+01:00,0.000000
2026-03-04 12:45+01:00,0.000000
2026-03-04 13:00+01:00,0.000000
2026-03-04 13:15+01:00,0.000000
2026-03-04 13:30+01:00,0.000000
2026-03-04 13:45+01:00,0.000000
2026-03-04 14:00+01:00,0.000000
2026-03-04 14:15+01:00,0.000000
2026-03-04 14:30+01:00,0.000000
2026-03-04 14:45+01:00,0.000000
2026-03-04 15:00+01:00,0.000000
2026-03-04 15:15+01:00,0.000000
2026-03-04 15:30+01:00,0.000000
2026-03-04 15:45+01:00,0.000000
2026-03-04 16:00+01:00,0.000000
2026-03-04 16:15+01:00,0.000000
2026-03-04 16:30+01:00,0.000000
2026-03-04 16:45+01:00,0.000000
2026-03-04 17:00+01:00,0.000000
2026-03-04 17:15+01:00,0.000000
2026-03-04 17:30+01:00,0.000000
2026-03-04 17:45+01:00,28.104124
2026-03-04 18:00+01:00,26.790923
2026-03-04 18:15+01:00,24.871759
2026-03-04 18:30+01:00,28.078696
2026-03-04 18:45+01:00,24.798161
2026-03-04 19:00+01:00,24.687452
2026-03-04 19:15+01:00,22.636145
2026-03-04 19:30+01:00,23.591673
2026-03-04 19:45+01:00,25.430834
2026-03-04 20:00+01:00,27.649277
2026-03-04 20:15+01:00,0.000000
2026-03-04 20:30+01:00,0.000000
2026-03-04 20:45+01:00,0.000000
2026-03-04 21:00+01:00,0.000000
2026-03-04 21:15+01:00,0.000000
2026-03-04 21:30+01:00,0.000000
2026-03-04 21:45+01:00,0.000000
2026-03-04 22:00+01:00,0.000000
2026-03-04 22:15+01:00,0.000000
2026-03-04 22:30+01:00,0.000000
2026-03-04 22:45+01:00,0.000000
2026-03-04 23:00+01:00,0.000000
2026-03-04 23:15+01:00,0.000000
2026-03-04 23:30+01:00,0.000000
2026-03-04 23:45+01:00,0.000000
2026-03-05 00:00+01:00,0.000000
2026-03-05 00:15+01:00,0.000000
2026-03-05 00:30+01:00,0.000000
2026-03-05 00:45+01:00,0.000000
2026-03-05 01:00+01:00,0.000000
2026-03-05 01:15+01:00,0.000000
2026-03-05 01:30+01:00,0.000000
2026-03-05 01:45+01:00,0.000000
2026-03-05 02:00+01:00,0.000000
2026-03-05 02:15+01:00,0.000000
2026-03-05 02:30+01:00,0.000000
2026-03-05 02:45+01:00,0.000000
2026-03-05 03:00+01:00,0.000000
2026-03-05 03:15+01:00,0.000000
2026-03-05 03:30+01:00,0.000000
2026-03-05 03:45+01:00,0.000000
2026-03-05 04:00+01:00,0.000000
2026-03-05 04:15+01:00,0.000000
2026-03-05 04:30+01:00,0.000000
2026-03-05 04:45+01:00,0.000000
2026-03-05 05:00+01:00,0.000000
2026-03-05 05:15+01:00,0.000000
2026-03-05 05:30+01:00,0.000000
2026-03-05 05:45+01:00,0.000000
2026-03-05 06:00+01:00,0.000000
2026-03-05 06:15+01:00,0.000000
2026-03-05 06:30+01:00,0.000000
2026-03-05 06:45+01:00,0.000000
2026-03-05 07:00+01:00,0.000000
2026-03-05 07:15+01:00,0.000000
2026-03-05 07:30+01:00,0.000000
2026-03-05 07:45+01:00,0.000000
2026-03-05 08:00+01:00,0.000000
2026-03-05 08:15+01:00,0.000000
2026-03-05 08:30+01:00,0.000000
2026-03-05 08:45+01:00,26.241598
2026-03-05 09:00+01:00,24.504341
2026-03-05 09:15+01:00,23.487740
2026-03-05 09:30+01:00,24.944503
2026-03-05 09:45+01:00,25.923992
2026-03-05 10:00+01:00,26.244505
2026-03-05 10:15+01:00,24.915485
2026-03-05 10:30+01:00,25.128315
2026-03-05 10:45+01:00,22.493603
2026-03-05 11:00+01:00,25.214004
2026-03-05 11:15+01:00,27.991027
2026-03-05 11:30+01:00,26.429667
2026-03-05 11:45+01:00,25.753744
2026-03-05 12:00+01:00,26.679896
2026-03-05 12:15+01:00,26.411721
2026-03-05 12:30+01:00,28.020608
2026-03-05 12:45+01:00,26.977953
2026-03-05 13:00+01:00,23.703318
2026-03-05 13:15+01:00,23.332614
2026-03-05 13:30+01:00,24.147348
2026-03-05 13:45+01:00,26.018601
2026-03-05 14:00+01:00,28.835038
2026-03-05 14:15+01:00,25.463313
2026-03-05 14:30+01:00,27.844542
2026-03-05 14:45+01:00,25.672976
2026-03-05 15:00+01:00,
2026-03-05 15:15+01:00,25.699589
2026-03-05 15:30+01:00,24.697926
2026-03-05 15:45+01:00,25.361591
2026-03-05 16:00+01:00,26.787614
2026-03-05 16:15+01:00,29.360108
2026-03-05 16:30+01:00,0.000000
2026-03-05 16:45+01:00,0.000000
2026-03-05 17:00+01:00,0.000000
2026-03-05 17:15+01:00,0.000000
2026-03-05 17:30+01:00,0.000000
2026-03-05 17:45+01:00,0.000000
2026-03-05 18:00+01:00,0.000000
2026-03-05 18:15+01:00,0.000000
2026-03-05 18:30+01:00,0.000000
2026-03-05 18:45+01:00,0.000000
2026-03-05 19:00+01:00,0.000000
2026-03-05 19:15+01:00,0.000000
2026-03-05 19:30+01:00,0.000000
2026-03-05 19:45+01:00,0.000000
2026-03-05 20:00+01:00,0.000000
2026-03-05 20:15+01:00,0.000000
2026-03-05 20:30+01:00,0.000000
2026-03-05 20:45+01:00,0.000000
2026-03-05 21:00+01:00,0.000000
2026-03-05 21:15+01:00,0.000000
2026-03-05 21:30+01:00,0.000000
2026-03-05 21:45+01:00,0.000000
2026-03-05 22:00+01:00,0.000000
2026-03-05 22:15+01:00,0.000000
2026-03-05 22:30+01:00,0.000000
2026-03-05 22:45+01:00,0.000000
2026-03-05 23:00+01:00,0.000000
2026-03-05 23:15+01:00,0.000000
2026-03-05 23:30+01:00,0.000000
2026-03-05 23:45+01:00,0.000000
2026-03-06 00:00+01:00,0.000000
2026-03-06 00:15+01:00,0.000000
2026-03-06 00:30+01:00,0.000000
2026-03-06 00:45+01:00,0.000000
2026-03-06 01:00+01:00,0.000000
2026-03-06 01:15+01:00,0.000000
2026-03-06 01:30+01:00,0.000000
2026-03-06 01:45+01:00,26.763042
2026-03-06 02:00+01:00,24.271119
2026-03-06 02:15+01:00,27.473184
2026-03-06 02:30+01:00,30.214718
2026-03-06 02:45+01:00,24.776978
2026-03-06 03:00+01:00,25.111399
2026-03-06 03:15+01:00,26.110299
2026-03-06 03:30+01:00,22.210442
2026-03-06 03:45+01:00,24.513026
2026-03-06 04:00+01:00,25.258784
2026-03-06 04:15+01:00,0.000000
2026-03-06 04:30+01:00,0.000000
2026-03-06 04:45+01:00,0.000000
2026-03-06 05:00+01:00,0.000000
2026-03-06 05:15+01:00,0.000000
2026-03-06 05:30+01:00,0.000000
2026-03-06 05:45+01:00,24.455676
2026-03-06 06:00+01:00,26.946916
2026-03-06 06:15+01:00,25.407585
2026-03-06 06:30+01:00,26.828409
2026-03-06 06:45+01:00,23.698012
2026-03-06 07:00+01:00,25.051110
2026-03-06 07:15+01:00,25.645703
2026-03-06 07:30+01:00,29.013986
2026-03-06 07:45+01:00,23.531038
2026-03-06 08:00+01:00,27.511608
2026-03-06 08:15+01:00,26.849345
2026-03-06 08:30+01:00,0.000000
2026-03-06 08:45+01:00,0.000000
2026-03-06 09:00+01:00,0.000000
2026-03-06 09:15+01:00,0.000000
2026-03-06 09:30+01:00,0.000000
2026-03-06 09:45+01:00,0.000000
2026-03-06 10:00+01:00,0.000000
2026-03-06 10:15+01:00,0.000000
2026-03-06 10:30+01:00,0.000000
2026-03-06 10:45+01:00,0.000000
2026-03-06 11:00+01:00,0.000000
2026-03-06 11:15+01:00,0.000000
2026-03-06 11:30+01:00,
2026-03-06 11:45+01:00,0.000000
2026-03-06 12:00+01:00,0.000000
2026-03-06 12:15+01:00,0.000000
2026-03-06 12:30+01:00,0.000000
2026-03-06 12:45+01:00,0.000000
2026-03-06 13:00+01:00,0.000000
2026-03-06 13:15+01:00,0.000000
2026-03-06 13:30+01:00,0.000000
2026-03-06 13:45+01:00,0.000000
2026-03-06 14:00+01:00,0.000000
2026-03-06 14:15+01:00,0.000000
2026-03-06 14:30+01:00,0.000000
2026-03-06 14:45+01:00,0.000000
2026-03-06 15:00+01:00,0.000000
2026-03-06 15:15+01:00,0.000000
2026-03-06 15:30+01:00,0.000000
2026-03-06 15:45+01:00,0.000000
2026-03-06 16:00+01:00,0.000000
2026-03-06 16:15+01:00,0.000000
2026-03-06 16:30+01:00,0.000000
2026-03-06 16:45+01:00,0.000000
2026-03-06 17:00+01:00,0.000000
2026-03-06 17:15+01:00,0.000000
2026-03-06 17:30+01:00,0.000000
2026-03-06 17:45+01:00,24.192780
2026-03-06 18:00+01:00,24.823613
2026-03-06 18:15+01:00,27.198093
2026-03-06 18:30+01:00,25.530079
2026-03-06 18:45+01:00,25.257033
2026-03-06 19:00+01:00,27.107350
2026-03-06 19:15+01:00,26.500590
2026-03-06 19:30+01:00,27.396277
2026-03-06 19:45+01:00,28.444721
2026-03-06 20:00+01:00,27.559635
2026-03-06 20:15+01:00,0.000000
2026-03-06 20:30+01:00,0.000000
2026-03-06 20:45+01:00,0.000000
2026-03-06 21:00+01:00,0.000000
2026-03-06 21:15+01:00,0.000000
2026-03-06 21:30+01:00,0.000000
2026-03-06 21:45+01:00,0.000000
2026-03-06 22:00+01:00,0.000000
2026-03-06 22:15+01:00,0.000000
2026-03-06 22:30+01:00,0.000000
2026-03-06 22:45+01:00,0.000000
2026-03-06 23:00+01:00,0.000000
2026-03-06 23:15+01:00,0.000000
2026-03-06 23:30+01:00,0.000000
2026-03-06 23:45+01:00,0.000000
2026-03-07 00:00+01:00,0.000000
2026-03-07 00:15+01:00,0.000000
2026-03-07 00:30+01:00,0.000000
2026-03-07 00:45+01:00,
2026-03-07 01:00+01:00,0.000000
2026-03-07 01:15+01:00,0.000000
2026-03-07 01:30+01:00,0.000000
2026-03-07 01:45+01:00,0.000000
2026-03-07 02:00+01:00,0.000000
2026-03-07 02:15+01:00,0.000000
2026-03-07 02:30+01:00,0.000000
2026-03-07 02:45+01:00,0.000000
2026-03-07 03:00+01:00,0.000000
2026-03-07 03:15+01:00,0.000000
2026-03-07 03:30+01:00,0.000000
2026-03-07 03:45+01:00,0.000000
2026-03-07 04:00+01:00,0.000000
2026-03-07 04:15+01:00,0.000000
2026-03-07 04:30+01:00,0.000000
2026-03-07 04:45+01:00,0.000000
2026-03-07 05:00+01:00,0.000000
2026-03-07 05:15+01:00,0.000000
2026-03-07 05:30+01:00,0.000000
2026-03-07 05:45+01:00,0.000000
2026-03-07 06:00+01:00,0.000000
2026-03-07 06:15+01:00,0.000000
2026-03-07 06:30+01:00,
2026-03-07 06:45+01:00,0.000000
2026-03-07 07:00+01:00,0.000000
2026-03-07 07:15+01:00,0.000000
2026-03-07 07:30+01:00,0.000000
2026-03-07 07:45+01:00,0.000000
2026-03-07 08:00+01:00,0.000000
2026-03-07 08:15+01:00,0.000000
2026-03-07 08:30+01:00,0.000000
2026-03-07 08:45+01:00,0.000000
2026-03-07 09:00+01:00,0.000000
2026-03-07 09:15+01:00,0.000000
2026-03-07 09:30+01:00,0.000000
2026-03-07 09:45+01:00,0.000000
2026-03-07 10:00+01:00,0.000000
2026-03-07 10:15+01:00,0.000000
2026-03-07 10:30+01:00,0.000000
2026-03-07 10:45+01:00,0.000000
2026-03-07 11:00+01:00,0.000000
2026-03-07 11:15+01:00,0.000000
2026-03-07 11:30+01:00,0.000000
2026-03-07 11:45+01:00,0.000000
2026-03-07 12:00+01:00,0.000000
2026-03-07 12:15+01:00,0.000000
2026-03-07 12:30+01:00,26.006383
2026-03-07 12:45+01:00,24.924178
2026-03-07 13:00+01:00,25.354698
2026-03-07 13:15+01:00,24.299907
2026-03-07 13:30+01:00,24.606480
2026-03-07 13:45+01:00,24.952470
2026-03-07 14:00+01:00,28.457234
2026-03-07 14:15+01:00,22.910429
2026-03-07 14:30+01:00,25.119662
2026-03-07 14:45+01:00,24.319697
2026-03-07 15:00+01:00,25.937163
2026-03-07 15:15+01:00,25.836016
2026-03-07 15:30+01:00,25.764074
2026-03-07 15:45+01:00,23.358006
2026-03-07 16:00+01:00,26.074396
2026-03-07 16:15+01:00,25.806522
2026-03-07 16:30+01:00,26.102873
2026-03-07 16:45+01:00,28.207220
2026-03-07 17:00+01:00,25.296938
2026-03-07 17:15+01:00,26.454854
2026-03-07 17:30+01:00,24.522200
2026-03-07 17:45+01:00,25.648312
2026-03-07 18:00+01:00,27.845765
2026-03-07 18:15+01:00,23.313794
2026-03-07 18:30+01:00,25.554447
2026-03-07 18:45+01:00,25.374591
2026-03-07 19:00+01:00,21.266702
2026-03-07 19:15+01:00,26.189475
2026-03-07 19:30+01:00,28.900382
2026-03-07 19:45+01:00,26.364700
2026-03-07 20:00+01:00,28.114895
2026-03-07 20:15+01:00,0.000000
2026-03-07 20:30+01:00,0.000000
2026-03-07 20:45+01:00,0.000000
2026-03-07 21:00+01:00,0.000000
2026-03-07 21:15+01:00,0.000000
2026-03-07 21:30+01:00,0.000000
2026-03-07 21:45+01:00,0.000000
2026-03-07 22:00+01:00,0.000000
2026-03-07 22:15+01:00,0.000000
2026-03-07 22:30+01:00,0.000000
2026-03-07 22:45+01:00,0.000000
2026-03-07 23:00+01:00,0.000000
2026-03-07 23:15+01:00,0.000000
2026-03-07 23:30+01:00,0.000000
2026-03-07 23:45+01:00,0.000000
2026-03-08 00:00+01:00,0.000000
2026-03-08 00:15+01:00,0.000000
2026-03-08 00:30+01:00,0.000000
2026-03-08 00:45+01:00,0.000000
2026-03-08 01:00+01:00,0.000000
2026-03-08 01:15+01:00,0.000000
2026-03-08 01:30+01:00,0.000000
2026-03-08 01:45+01:00,0.000000
2026-03-08 02:00+01:00,0.000000
2026-03-08 02:15+01:00,0.000000
2026-03-08 02:30+01:00,0.000000
2026-03-08 02:45+01:00,0.000000
2026-03-08 03:00+01:00,0.000000
2026-03-08 03:15+01:00,0.000000
2026-03-08 03:30+01:00,0.000000
2026-03-08 03:45+01:00,0.000000
2026-03-08 04:00+01:00,0.000000
2026-03-08 04:15+01:00,0.000000
2026-03-08 04:30+01:00,0.000000
2026-03-08 04:45+01:00,24.695557
2026-03-08 05:00+01:00,23.967478
2026-03-08 05:15+01:00,23.671222
2026-03-08 05:30+01:00,25.287132
2026-03-08 05:45+01:00,24.565904
2026-03-08 06:00+01:00,26.194353
2026-03-08 06:15+01:00,23.438263
2026-03-08 06:30+01:00,24.549006
2026-03-08 06:45+01:00,25.065201
2026-03-08 07:00+01:00,27.308313
2026-03-08 07:15+01:00,25.454298
2026-03-08 07:30+01:00,25.015838
2026-03-08 07:45+01:00,24.268484
2026-03-08 08:00+01:00,26.113478
2026-03-08 08:15+01:00,27.132260
2026-03-08 08:30+01:00,27.231602
2026-03-08 08:45+01:00,21.368203
2026-03-08 09:00+01:00,27.837674
2026-03-08 09:15+01:00,25.072201
2026-03-08 09:30+01:00,29.735000
2026-03-08 09:45+01:00,25.869711
2026-03-08 10:00+01:00,24.557298
2026-03-08 10:15+01:00,26.861873
2026-03-08 10:30+01:00,25.834739
2026-03-08 10:45+01:00,26.417340
2026-03-08 11:00+01:00,28.746320
2026-03-08 11:15+01:00,25.897925
2026-03-08 11:30+01:00,24.713024
2026-03-08 11:45+01:00,29.607775
2026-03-08 12:00+01:00,25.189679
2026-03-08 12:15+01:00,
2026-03-08 12:30+01:00,0.000000
2026-03-08 12:45+01:00,0.000000
2026-03-08 13:00+01:00,0.000000
2026-03-08 13:15+01:00,0.000000
2026-03-08 13:30+01:00,0.000000
2026-03-08 13:45+01:00,0.000000
2026-03-08 14:00+01:00,0.000000
2026-03-08 14:15+01:00,0.000000
2026-03-08 14:30+01:00,0.000000
2026-03-08 14:45+01:00,0.000000
2026-03-08 15:00+01:00,0.000000
2026-03-08 15:15+01:00,0.000000
2026-03-08 15:30+01:00,0.000000
2026-03-08 15:45+01:00,0.000000
2026-03-08 16:00+01:00,0.000000
2026-03-08 16:15+01:00,0.000000
2026-03-08 16:30+01:00,0.000000
2026-03-08 16:45+01:00,0.000000
2026-03-08 17:00+01:00,0.000000
2026-03-08 17:15+01:00,0.000000
2026-03-08 17:30+01:00,0.000000
2026-03-08 17:45+01:00,0.000000
2026-03-08 18:00+01:00,0.000000
2026-03-08 18:15+01:00,0.000000
2026-03-08 18:30+01:00,0.000000
2026-03-08 18:45+01:00,0.000000
2026-03-08 19:00+01:00,0.000000
2026-03-08 19:15+01:00,0.000000
2026-03-08 19:30+01:00,0.000000
2026-03-08 19:45+01:00,0.000000
2026-03-08 20:00+01:00,0.000000
2026-03-08 20:15+01:00,0.000000
2026-03-08 20:30+01:00,0.000000
2026-03-08 20:45+01:00,0.000000
2026-03-08 21:00+01:00,0.000000
2026-03-08 21:15+01:00,0.000000
2026-03-08 21:30+01:00,0.000000
2026-03-08 21:45+01:00,0.000000
2026-03-08 22:00+01:00,0.000000
2026-03-08 22:15+01:00,0.000000
2026-03-08 22:30+01:00,0.000000
2026-03-08 22:45+01:00,0.000000
2026-03-08 23:00+01:00,0.000000
2026-03-08 23:15+01:00,0.000000
2026-03-08 23:30+01:00,0.000000
2026-03-08 23:45+01:00,0.000000
2026-03-09 00:00+01:00,0.000000
2026-03-09 00:15+01:00,0.000000
2026-03-09 00:30+01:00,0.000000
2026-03-09 00:45+01:00,0.000000
2026-03-09 01:00+01:00,0.000000
2026-03-09 01:15+01:00,0.000000
2026-03-09 01:30+01:00,0.000000
2026-03-09 01:45+01:00,0.000000
2026-03-09 02:00+01:00,0.000000
2026-03-09 02:15+01:00,0.000000
2026-03-09 02:30+01:00,0.000000
2026-03-09 02:45+01:00,0.000000
2026-03-09 03:00+01:00,0.000000
2026-03-09 03:15+01:00,
2026-03-09 03:30+01:00,0.000000
2026-03-09 03:45+01:00,0.000000
2026-03-09 04:00+01:00,0.000000
2026-03-09 04:15+01:00,0.000000
2026-03-09 04:30+01:00,0.000000
2026-03-09 04:45+01:00,0.000000
2026-03-09 05:00+01:00,0.000000
2026-03-09 05:15+01:00,0.000000
2026-03-09 05:30+01:00,0.000000
2026-03-09 05:45+01:00,0.000000
2026-03-09 06:00+01:00,0.000000
2026-03-09 06:15+01:00,0.000000
2026-03-09 06:30+01:00,0.000000
2026-03-09 06:45+01:00,0.000000
2026-03-09 07:00+01:00,0.000000
2026-03-09 07:15+01:00,0.000000
2026-03-09 07:30+01:00,0.000000
2026-03-09 07:45+01:00,0.000000
2026-03-09 08:00+01:00,0.000000
2026-03-09 08:15+01:00,0.000000
2026-03-09 08:30+01:00,0.000000
2026-03-09 08:45+01:00,0.000000
2026-03-09 09:00+01:00,0.000000
2026-03-09 09:15+01:00,0.000000
2026-03-09 09:30+01:00,0.000000
2026-03-09 09:45+01:00,0.000000
2026-03-09 10:00+01:00,0.000000
2026-03-09 10:15+01:00,0.000000
2026-03-09 10:30+01:00,0.000000
2026-03-09 10:45+01:00,0.000000
2026-03-09 11:00+01:00,0.000000
2026-03-09 11:15+01:00,0.000000
2026-03-09 11:30+01:00,0.000000
2026-03-09 11:45+01:00,0.000000
2026-03-09 12:00+01:00,0.000000
2026-03-09 12:15+01:00,25.297844
2026-03-09 12:30+01:00,28.081875
2026-03-09 12:45+01:00,27.902566
2026-03-09 13:00+01:00,21.786539
2026-03-09 13:15+01:00,23.790855
2026-03-09 13:30+01:00,26.533284
2026-03-09 13:45+01:00,26.805523
2026-03-09 14:00+01:00,30.028085
2026-03-09 14:15+01:00,25.976362
2026-03-09 14:30+01:00,28.838394
2026-03-09 14:45+01:00,27.008226
2026-03-09 15:00+01:00,22.899367
2026-03-09 15:15+01:00,27.278443
2026-03-09 15:30+01:00,22.800502
2026-03-09 15:45+01:00,26.003923
2026-03-09 16:00+01:00,26.296352
2026-03-09 16:15+01:00,25.647457
2026-03-09 16:30+01:00,25.117027
2026-03-09 16:45+01:00,25.806619
2026-03-09 17:00+01:00,22.429452
2026-03-09 17:15+01:00,27.167381
2026-03-09 17:30+01:00,26.942923
2026-03-09 17:45+01:00,25.078131
2026-03-09 18:00+01:00,21.496467
2026-03-09 18:15+01:00,22.797810
2026-03-09 18:30+01:00,25.465504
2026-03-09 18:45+01:00,24.395428
2026-03-09 19:00+01:00,25.214779
2026-03-09 19:15+01:00,24.329940
2026-03-09 19:30+01:00,24.405284
2026-03-09 19:45+01:00,26.371791
2026-03-09 20:00+01:00,0.000000
2026-03-09 20:15+01:00,0.000000
2026-03-09 20:30+01:00,0.000000
2026-03-09 20:45+01:00,0.000000
2026-03-09 21:00+01:00,0.000000
2026-03-09 21:15+01:00,0.000000
2026-03-09 21:30+01:00,0.000000
2026-03-09 21:45+01:00,0.000000
2026-03-09 22:00+01:00,0.000000
2026-03-09 22:15+01:00,0.000000
2026-03-09 22:30+01:00,0.000000
2026-03-09 22:45+01:00,0.000000
2026-03-09 23:00+01:00,0.000000
2026-03-09 23:15+01:00,0.000000
2026-03-09 23:30+01:00,0.000000
2026-03-09 23:45+01:00,0.000000
2026-03-10 00:00+01:00,0.000000
2026-03-10 00:15+01:00,0.000000
2026-03-10 00:30+01:00,0.000000
2026-03-10 00:45+01:00,0.000000
2026-03-10 01:00+01:00,0.000000
2026-03-10 01:15+01:00,0.000000
2026-03-10 01:30+01:00,0.000000
2026-03-10 01:45+01:00,0.000000
2026-03-10 02:00+01:00,0.000000
2026-03-10 02:15+01:00,0.000000
2026-03-10 02:30+01:00,0.000000
2026-03-10 02:45+01:00,0.000000
2026-03-10 03:00+01:00,0.000000
2026-03-10 03:15+01:00,0.000000
2026-03-10 03:30+01:00,0.000000
2026-03-10 03:45+01:00,0.000000
2026-03-10 04:00+01:00,0.000000
2026-03-10 04:15+01:00,0.000000
2026-03-10 04:30+01:00,0.000000
2026-03-10 04:45+01:00,0.000000
2026-03-10 05:00+01:00,0.000000
2026-03-10 05:15+01:00,0.000000
2026-03-10 05:30+01:00,24.363301
2026-03-10 05:45+01:00,24.315637
2026-03-10 06:00+01:00,28.793624
2026-03-10 06:15+01:00,26.648006
2026-03-10 06:30+01:00,25.214711
2026-03-10 06:45+01:00,27.021572
2026-03-10 07:00+01:00,26.562138
2026-03-10 07:15+01:00,27.262345
2026-03-10 07:30+01:00,25.394740
2026-03-10 07:45+01:00,25.732901
2026-03-10 08:00+01:00,24.755681
2026-03-10 08:15+01:00,25.545637
2026-03-10 08:30+01:00,25.933027
2026-03-10 08:45+01:00,26.157911
2026-03-10 09:00+01:00,26.065741
2026-03-10 09:15+01:00,26.020595
2026-03-10 09:30+01:00,26.811152
2026-03-10 09:45+01:00,25.334750
2026-03-10 10:00+01:00,26.655000
2026-03-10 10:15+01:00,25.136267
2026-03-10 10:30+01:00,23.657236
2026-03-10 10:45+01:00,27.836698
2026-03-10 11:00+01:00,22.434973
2026-03-10 11:15+01:00,25.135602
2026-03-10 11:30+01:00,23.734450
2026-03-10 11:45+01:00,25.968664
2026-03-10 12:00+01:00,23.901358
2026-03-10 12:15+01:00,27.676913
2026-03-10 12:30+01:00,27.500439
2026-03-10 12:45+01:00,20.230438
2026-03-10 13:00+01:00,26.772412
2026-03-10 13:15+01:00,0.000000
2026-03-10 13:30+01:00,0.000000
2026-03-10 13:45+01:00,0.000000
2026-03-10 14:00+01:00,0.000000
2026-03-10 14:15+01:00,0.000000
2026-03-10 14:30+01:00,0.000000
2026-03-10 14:45+01:00,0.000000
2026-03-10 15:00+01:00,0.000000
2026-03-10 15:15+01:00,0.000000
2026-03-10 15:30+01:00,0.000000
2026-03-10 15:45+01:00,0.000000
2026-03-10 16:00+01:00,0.000000
2026-03-10 16:15+01:00,0.000000
2026-03-10 16:30+01:00,0.000000
2026-03-10 16:45+01:00,0.000000
2026-03-10 17:00+01:00,0.000000
2026-03-10 17:15+01:00,0.000000
2026-03-10 17:30+01:00,0.000000
2026-03-10 17:45+01:00,0.000000
2026-03-10 18:00+01:00,0.000000
2026-03-10 18:15+01:00,0.000000
2026-03-10 18:30+01:00,0.000000
2026-03-10 18:45+01:00,0.000000
2026-03-10 19:00+01:00,0.000000
2026-03-10 19:15+01:00,0.000000
2026-03-10 19:30+01:00,0.000000
2026-03-10 19:45+01:00,0.000000
2026-03-10 20:00+01:00,0.000000
2026-03-10 20:15+01:00,0.000000
2026-03-10 20:30+01:00,0.000000
2026-03-10 20:45+01:00,0.000000
2026-03-10 21:00+01:00,0.000000
2026-03-10 21:15+01:00,0.000000
2026-03-10 21:30+01:00,0.000000
2026-03-10 21:45+01:00,0.000000
2026-03-10 22:00+01:00,0.000000
2026-03-10 22:15+01:00,0.000000
2026-03-10 22:30+01:00,0.000000
2026-03-10 22:45+01:00,0.000000
2026-03-10 23:00+01:00,0.000000
2026-03-10 23:15+01:00,0.000000
2026-03-10 23:30+01:00,0.000000
2026-03-10 23:45+01:00,0.000000
2026-03-11 00:00+01:00,0.000000
2026-03-11 00:15+01:00,0.000000
2026-03-11 00:30+01:00,26.461983
2026-03-11 00:45+01:00,23.016666
2026-03-11 01:00+01:00,25.785047
2026-03-11 01:15+01:00,27.586388
2026-03-11 01:30+01:00,25.578613
2026-03-11 01:45+01:00,26.477716
2026-03-11 02:00+01:00,24.451726
2026-03-11 02:15+01:00,22.117049
2026-03-11 02:30+01:00,26.646801
2026-03-11 02:45+01:00,26.000839
2026-03-11 03:00+01:00,0.000000
2026-03-11 03:15+01:00,0.000000
2026-03-11 03:30+01:00,0.000000
2026-03-11 03:45+01:00,0.000000
2026-03-11 04:00+01:00,25.011852
2026-03-11 04:15+01:00,26.171283
2026-03-11 04:30+01:00,26.762847
2026-03-11 04:45+01:00,26.567726
2026-03-11 05:00+01:00,23.733435
2026-03-11 05:15+01:00,27.024478
2026-03-11 05:30+01:00,23.789793
2026-03-11 05:45+01:00,22.884524
2026-03-11 06:00+01:00,27.859282
2026-03-11 06:15+01:00,26.569274
2026-03-11 06:30+01:00,0.000000
2026-03-11 06:45+01:00,0.000000
2026-03-11 07:00+01:00,0.000000
2026-03-11 07:15+01:00,0.000000
2026-03-11 07:30+01:00,0.000000
2026-03-11 07:45+01:00,0.000000
2026-03-11 08:00+01:00,0.000000
2026-03-11 08:15+01:00,0.000000
2026-03-11 08:30+01:00,0.000000
2026-03-11 08:45+01:00,0.000000
2026-03-11 09:00+01:00,0.000000
2026-03-11 09:15+01:00,0.000000
2026-03-11 09:30+01:00,25.265274
2026-03-11 09:45+01:00,22.883516
2026-03-11 10:00+01:00,27.279400
2026-03-11 10:15+01:00,25.240061
2026-03-11 10:30+01:00,24.543024
2026-03-11 10:45+01:00,26.615761
2026-03-11 11:00+01:00,24.870767
2026-03-11 11:15+01:00,28.288722
2026-03-11 11:30+01:00,25.351306
2026-03-11 11:45+01:00,26.701383
2026-03-11 12:00+01:00,24.933288
2026-03-11 12:15+01:00,0.000000
2026-03-11 12:30+01:00,0.000000
2026-03-11 12:45+01:00,0.000000
2026-03-11 13:00+01:00,0.000000
2026-03-11 13:15+01:00,0.000000
2026-03-11 13:30+01:00,0.000000
2026-03-11 13:45+01:00,0.000000
2026-03-11 14:00+01:00,0.000000
2026-03-11 14:15+01:00,0.000000
2026-03-11 14:30+01:00,0.000000
2026-03-11 14:45+01:00,0.000000
2026-03-11 15:00+01:00,0.000000
2026-03-11 15:15+01:00,0.000000
2026-03-11 15:30+01:00,0.000000
2026-03-11 15:45+01:00,0.000000
2026-03-11 16:00+01:00,0.000000
2026-03-11 16:15+01:00,0.000000
2026-03-11 16:30+01:00,0.000000
2026-03-11 16:45+01:00,0.000000
2026-03-11 17:00+01:00,0.000000
2026-03-11 17:15+01:00,0.000000
2026-03-11 17:30+01:00,0.000000
2026-03-11 17:45+01:00,0.000000
2026-03-11 18:00+01:00,0.000000
2026-03-11 18:15+01:00,0.000000
2026-03-11 18:30+01:00,0.000000
2026-03-11 18:45+01:00,0.000000
2026-03-11 19:00+01:00,0.000000
2026-03-11 19:15+01:00,0.000000
2026-03-11 19:30+01:00,0.000000
2026-03-11 19:45+01:00,0.000000
2026-03-11 20:00+01:00,0.000000
2026-03-11 20:15+01:00,0.000000
2026-03-11 20:30+01:00,0.000000
2026-03-11 20:45+01:00,0.000000
2026-03-11 21:00+01:00,0.000000
2026-03-11 21:15+01:00,0.000000
2026-03-11 21:30+01:00,0.000000
2026-03-11 21:45+01:00,0.000000
2026-03-11 22:00+01:00,0.000000
2026-03-11 22:15+01:00,0.000000
2026-03-11 22:30+01:00,0.000000
2026-03-11 22:45+01:00,0.000000
2026-03-11 23:00+01:00,0.000000
2026-03-11 23:15+01:00,0.000000
2026-03-11 23:30+01:00,0.000000
2026-03-11 23:45+01:00,0.000000
2026-03-12 00:00+01:00,0.000000
2026-03-12 00:15+01:00,0.000000
2026-03-12 00:30+01:00,0.000000
2026-03-12 00:45+01:00,0.000000
2026-03-12 01:00+01:00,0.000000
2026-03-12 01:15+01:00,0.000000
2026-03-12 01:30+01:00,0.000000
2026-03-12 01:45+01:00,0.000000
2026-03-12 02:00+01:00,0.000000
2026-03-12 02:15+01:00,0.000000
2026-03-12 02:30+01:00,
2026-03-12 02:45+01:00,0.000000
2026-03-12 03:00+01:00,0.000000
2026-03-12 03:15+01:00,0.000000
2026-03-12 03:30+01:00,0.000000
2026-03-12 03:45+01:00,0.000000
2026-03-12 04:00+01:00,0.000000
2026-03-12 04:15+01:00,0.000000
2026-03-12 04:30+01:00,0.000000
2026-03-12 04:45+01:00,0.000000
2026-03-12 05:00+01:00,0.000000
2026-03-12 05:15+01:00,0.000000
2026-03-12 05:30+01:00,0.000000
2026-03-12 05:45+01:00,0.000000
2026-03-12 06:00+01:00,0.000000
2026-03-12 06:15+01:00,0.000000
2026-03-12 06:30+01:00,0.000000
2026-03-12 06:45+01:00,0.000000
2026-03-12 07:00+01:00,0.000000
2026-03-12 07:15+01:00,0.000000
2026-03-12 07:30+01:00,0.000000
2026-03-12 07:45+01:00,0.000000
2026-03-12 08:00+01:00,0.000000
2026-03-12 08:15+01:00,0.000000
2026-03-12 08:30+01:00,0.000000
2026-03-12 08:45+01:00,24.367085
2026-03-12 09:00+01:00,21.885633
2026-03-12 09:15+01:00,24.672560
2026-03-12 09:30+01:00,25.409048
2026-03-12 09:45+01:00,26.832930
2026-03-12 10:00+01:00,30.206764
2026-03-12 10:15+01:00,25.636763
2026-03-12 10:30+01:00,26.254969
2026-03-12 10:45+01:00,25.852347
2026-03-12 11:00+01:00,27.632426
2026-03-12 11:15+01:00,24.814793
2026-03-12 11:30+01:00,26.440018
2026-03-12 11:45+01:00,23.813819
2026-03-12 12:00+01:00,24.628982
2026-03-12 12:15+01:00,26.682964
2026-03-12 12:30+01:00,22.386126
2026-03-12 12:45+01:00,24.023173
2026-03-12 13:00+01:00,26.038293
2026-03-12 13:15+01:00,28.254847
2026-03-12 13:30+01:00,25.899410
2026-03-12 13:45+01:00,26.895447
2026-03-12 14:00+01:00,23.526179
2026-03-12 14:15+01:00,23.483897
2026-03-12 14:30+01:00,26.758200
2026-03-12 14:45+01:00,28.603382
2026-03-12 15:00+01:00,25.979456
2026-03-12 15:15+01:00,23.845035
2026-03-12 15:30+01:00,30.431445
2026-03-12 15:45+01:00,22.627087
2026-03-12 16:00+01:00,27.763635
2026-03-12 16:15+01:00,27.076721
2026-03-12 16:30+01:00,0.000000
2026-03-12 16:45+01:00,0.000000
2026-03-12 17:00+01:00,0.000000
2026-03-12 17:15+01:00,0.000000
2026-03-12 17:30+01:00,0.000000
2026-03-12 17:45+01:00,0.000000
2026-03-12 18:00+01:00,0.000000
2026-03-12 18:15+01:00,0.000000
2026-03-12 18:30+01:00,0.000000
2026-03-12 18:45+01:00,0.000000
2026-03-12 19:00+01:00,0.000000
2026-03-12 19:15+01:00,0.000000
2026-03-12 19:30+01:00,0.000000
2026-03-12 19:45+01:00,0.000000
2026-03-12 20:00+01:00,0.000000
2026-03-12 20:15+01:00,0.000000
2026-03-12 20:30+01:00,0.000000
2026-03-12 20:45+01:00,0.000000
2026-03-12 21:00+01:00,0.000000
2026-03-12 21:15+01:00,0.000000
2026-03-12 21:30+01:00,0.000000
2026-03-12 21:45+01:00,0.000000
2026-03-12 22:00+01:00,0.000000
2026-03-12 22:15+01:00,0.000000
2026-03-12 22:30+01:00,0.000000
2026-03-12 22:45+01:00,0.000000
2026-03-12 23:00+01:00,0.000000
2026-03-12 23:15+01:00,0.000000
2026-03-12 23:30+01:00,0.000000
2026-03-12 23:45+01:00,0.000000
2026-03-13 00:00+01:00,0.000000
2026-03-13 00:15+01:00,0.000000
2026-03-13 00:30+01:00,0.000000
2026-03-13 00:45+01:00,0.000000
2026-03-13 01:00+01:00,0.000000
2026-03-13 01:15+01:00,0.000000
2026-03-13 01:30+01:00,0.000000
2026-03-13 01:45+01:00,0.000000
2026-03-13 02:00+01:00,0.000000
2026-03-13 02:15+01:00,0.000000
2026-03-13 02:30+01:00,0.000000
2026-03-13 02:45+01:00,0.000000
2026-03-13 03:00+01:00,0.000000
2026-03-13 03:15+01:00,0.000000
2026-03-13 03:30+01:00,0.000000
2026-03-13 03:45+01:00,0.000000
2026-03-13 04:00+01:00,0.000000
2026-03-13 04:15+01:00,0.000000
2026-03-13 04:30+01:00,0.000000
2026-03-13 04:45+01:00,0.000000
2026-03-13 05:00+01:00,0.000000
2026-03-13 05:15+01:00,0.000000
2026-03-13 05:30+01:00,0.000000
2026-03-13 05:45+01:00,0.000000
2026-03-13 06:00+01:00,0.000000
2026-03-13 06:15+01:00,0.000000
2026-03-13 06:30+01:00,0.000000
2026-03-13 06:45+01:00,0.000000
2026-03-13 07:00+01:00,0.000000
2026-03-13 07:15+01:00,0.000000
2026-03-13 07:30+01:00,0.000000
2026-03-13 07:45+01:00,0.000000
2026-03-13 08:00+01:00,0.000000
2026-03-13 08:15+01:00,0.000000
2026-03-13 08:30+01:00,0.000000
2026-03-13 08:45+01:00,0.000000
2026-03-13 09:00+01:00,0.000000
2026-03-13 09:15+01:00,0.000000
2026-03-13 09:30+01:00,0.000000
2026-03-13 09:45+01:00,0.000000
2026-03-13 10:00+01:00,0.000000
2026-03-13 10:15+01:00,0.000000
2026-03-13 10:30+01:00,0.000000
2026-03-13 10:45+01:00,0.000000
2026-03-13 11:00+01:00,0.000000
2026-03-13 11:15+01:00,0.000000
2026-03-13 11:30+01:00,0.000000
2026-03-13 11:45+01:00,0.000000
2026-03-13 12:00+01:00,0.000000
2026-03-13 12:15+01:00,0.000000
2026-03-13 12:30+01:00,0.000000
2026-03-13 12:45+01:00,0.000000
2026-03-13 13:00+01:00,0.000000
2026-03-13 13:15+01:00,0.000000
2026-03-13 13:30+01:00,0.000000
2026-03-13 13:45+01:00,0.000000
2026-03-13 14:00+01:00,0.000000
2026-03-13 14:15+01:00,0.000000
2026-03-13 14:30+01:00,0.000000
2026-03-13 14:45+01:00,0.000000
2026-03-13 15:00+01:00,0.000000
2026-03-13 15:15+01:00,0.000000
2026-03-13 15:30+01:00,26.814426
2026-03-13 15:45+01:00,23.858457
2026-03-13 16:00+01:00,27.790682
2026-03-13 16:15+01:00,27.305622
2026-03-13 16:30+01:00,25.598062
2026-03-13 16:45+01:00,22.244613
2026-03-13 17:00+01:00,25.298254
2026-03-13 17:15+01:00,24.651345
2026-03-13 17:30+01:00,26.242585
2026-03-13 17:45+01:00,28.632901
2026-03-13 18:00+01:00,24.237016
2026-03-13 18:15+01:00,27.461830
2026-03-13 18:30+01:00,25.529963
2026-03-13 18:45+01:00,26.388885
2026-03-13 19:00+01:00,23.056614
2026-03-13 19:15+01:00,25.130594
2026-03-13 19:30+01:00,23.879299
2026-03-13 19:45+01:00,27.651319
2026-03-13 20:00+01:00,27.009736
2026-03-13 20:15+01:00,28.639216
2026-03-13 20:30+01:00,25.061779
2026-03-13 20:45+01:00,31.931399
2026-03-13 21:00+01:00,23.497928
2026-03-13 21:15+01:00,27.020683
2026-03-13 21:30+01:00,28.018915
2026-03-13 21:45+01:00,26.984047
2026-03-13 22:00+01:00,24.828673
2026-03-13 22:15+01:00,28.038122
2026-03-13 22:30+01:00,25.532051
2026-03-13 22:45+01:00,27.035089
2026-03-13 23:00+01:00,26.119462
2026-03-13 23:15+01:00,0.000000
2026-03-13 23:30+01:00,0.000000
2026-03-13 23:45+01:00,0.000000
2026-03-14 00:00+01:00,0.000000
2026-03-14 00:15+01:00,0.000000
2026-03-14 00:30+01:00,0.000000
2026-03-14 00:45+01:00,0.000000
2026-03-14 01:00+01:00,0.000000
2026-03-14 01:15+01:00,0.000000
2026-03-14 01:30+01:00,0.000000
2026-03-14 01:45+01:00,0.000000
2026-03-14 02:00+01:00,0.000000
2026-03-14 02:15+01:00,25.922204
2026-03-14 02:30+01:00,23.007363
2026-03-14 02:45+01:00,25.704335
2026-03-14 03:00+01:00,26.133640
2026-03-14 03:15+01:00,26.627590
2026-03-14 03:30+01:00,23.708717
2026-03-14 03:45+01:00,23.541822
2026-03-14 04:00+01:00,25.144649
2026-03-14 04:15+01:00,24.054291
2026-03-14 04:30+01:00,24.114912
2026-03-14 04:45+01:00,26.747764
2026-03-14 05:00+01:00,0.000000
2026-03-14 05:15+01:00,0.000000
2026-03-14 05:30+01:00,0.000000
2026-03-14 05:45+01:00,0.000000
2026-03-14 06:00+01:00,0.000000
2026-03-14 06:15+01:00,0.000000
2026-03-14 06:30+01:00,0.000000
2026-03-14 06:45+01:00,0.000000
2026-03-14 07:00+01:00,0.000000
2026-03-14 07:15+01:00,0.000000
2026-03-14 07:30+01:00,0.000000
2026-03-14 07:45+01:00,0.000000
2026-03-14 08:00+01:00,0.000000
2026-03-14 08:15+01:00,0.000000
2026-03-14 08:30+01:00,0.000000
2026-03-14 08:45+01:00,0.000000
2026-03-14 09:00+01:00,0.000000
2026-03-14 09:15+01:00,0.000000
2026-03-14 09:30+01:00,0.000000
2026-03-14 09:45+01:00,0.000000
2026-03-14 10:00+01:00,0.000000
2026-03-14 10:15+01:00,0.000000
2026-03-14 10:30+01:00,0.000000
2026-03-14 10:45+01:00,0.000000
2026-03-14 11:00+01:00,0.000000
2026-03-14 11:15+01:00,26.689771
2026-03-14 11:30+01:00,27.119757
2026-03-14 11:45+01:00,26.108268
2026-03-14 12:00+01:00,27.482963
2026-03-14 12:15+01:00,25.390614
2026-03-14 12:30+01:00,23.392293
2026-03-14 12:45+01:00,26.306377
2026-03-14 13:00+01:00,26.328218
2026-03-14 13:15+01:00,29.129788
2026-03-14 13:30+01:00,23.363140
2026-03-14 13:45+01:00,0.000000
2026-03-14 14:00+01:00,0.000000
2026-03-14 14:15+01:00,0.000000
2026-03-14 14:30+01:00,0.000000
2026-03-14 14:45+01:00,0.000000
2026-03-14 15:00+01:00,0.000000
2026-03-14 15:15+01:00,0.000000
2026-03-14 15:30+01:00,0.000000
2026-03-14 15:45+01:00,0.000000
2026-03-14 16:00+01:00,0.000000
2026-03-14 16:15+01:00,0.000000
2026-03-14 16:30+01:00,0.000000
2026-03-14 16:45+01:00,0.000000
2026-03-14 17:00+01:00,0.000000
2026-03-14 17:15+01:00,0.000000
2026-03-14 17:30+01:00,0.000000
2026-03-14 17:45+01:00,0.000000
2026-03-14 18:00+01:00,0.000000
2026-03-14 18:15+01:00,0.000000
2026-03-14 18:30+01:00,0.000000
2026-03-14 18:45+01:00,0.000000
2026-03-14 19:00+01:00,0.000000
2026-03-14 19:15+01:00,0.000000
2026-03-14 19:30+01:00,0.000000
2026-03-14 19:45+01:00,0.000000
2026-03-14 20:00+01:00,0.000000
2026-03-14 20:15+01:00,0.000000
2026-03-14 20:30+01:00,0.000000
2026-03-14 20:45+01:00,0.000000
2026-03-14 21:00+01:00,0.000000
2026-03-14 21:15+01:00,0.000000
2026-03-14 21:30+01:00,27.852829
2026-03-14 21:45+01:00,25.686864
2026-03-14 22:00+01:00,26.431685
2026-03-14 22:15+01:00,23.387984
2026-03-14 22:30+01:00,21.621195
2026-03-14 22:45+01:00,26.320553
2026-03-14 23:00+01:00,26.024403
2026-03-14 23:15+01:00,24.330995
2026-03-14 23:30+01:00,25.769743
2026-03-14 23:45+01:00,25.686395
2026-03-15 00:00+01:00,0.000000
2026-03-15 00:15+01:00,0.000000
2026-03-15 00:30+01:00,0.000000
2026-03-15 00:45+01:00,0.000000
2026-03-15 01:00+01:00,0.000000
2026-03-15 01:15+01:00,0.000000
2026-03-15 01:30+01:00,0.000000
2026-03-15 01:45+01:00,0.000000
2026-03-15 02:00+01:00,0.000000
2026-03-15 02:15+01:00,0.000000
2026-03-15 02:30+01:00,0.000000
2026-03-15 02:45+01:00,0.000000
2026-03-15 03:00+01:00,0.000000
2026-03-15 03:15+01:00,0.000000
2026-03-15 03:30+01:00,0.000000
2026-03-15 03:45+01:00,0.000000
2026-03-15 04:00+01:00,0.000000
2026-03-15 04:15+01:00,0.000000
2026-03-15 04:30+01:00,0.000000
2026-03-15 04:45+01:00,0.000000
2026-03-15 05:00+01:00,26.124960
2026-03-15 05:15+01:00,26.009066
2026-03-15 05:30+01:00,24.413253
2026-03-15 05:45+01:00,27.312315
2026-03-15 06:00+01:00,23.811694
2026-03-15 06:15+01:00,27.431885
2026-03-15 06:30+01:00,25.352552
2026-03-15 06:45+01:00,23.762182
2026-03-15 07:00+01:00,26.157156
2026-03-15 07:15+01:00,28.219536
2026-03-15 07:30+01:00,0.000000
2026-03-15 07:45+01:00,0.000000
2026-03-15 08:00+01:00,0.000000
2026-03-15 08:15+01:00,0.000000
2026-03-15 08:30+01:00,0.000000
2026-03-15 08:45+01:00,0.000000
2026-03-15 09:00+01:00,0.000000
2026-03-15 09:15+01:00,0.000000
2026-03-15 09:30+01:00,0.000000
2026-03-15 09:45+01:00,0.000000
2026-03-15 10:00+01:00,0.000000
2026-03-15 10:15+01:00,0.000000
2026-03-15 10:30+01:00,0.000000
2026-03-15 10:45+01:00,0.000000
2026-03-15 11:00+01:00,0.000000
2026-03-15 11:15+01:00,0.000000
2026-03-15 11:30+01:00,0.000000
2026-03-15 11:45+01:00,0.000000
2026-03-15 12:00+01:00,0.000000
2026-03-15 12:15+01:00,0.000000
2026-03-15 12:30+01:00,0.000000
2026-03-15 12:45+01:00,25.814624
2026-03-15 13:00+01:00,26.280601
2026-03-15 13:15+01:00,27.283645
2026-03-15 13:30+01:00,26.701434
2026-03-15 13:45+01:00,27.811775
2026-03-15 14:00+01:00,22.152685
2026-03-15 14:15+01:00,24.412675
2026-03-15 14:30+01:00,24.575129
2026-03-15 14:45+01:00,28.277276
2026-03-15 15:00+01:00,27.114417
2026-03-15 15:15+01:00,23.236428
2026-03-15 15:30+01:00,25.943839
2026-03-15 15:45+01:00,24.939255
2026-03-15 16:00+01:00,27.288347
2026-03-15 16:15+01:00,26.206831
2026-03-15 16:30+01:00,26.256286
2026-03-15 16:45+01:00,22.514073
2026-03-15 17:00+01:00,25.567757
2026-03-15 17:15+01:00,27.988686
2026-03-15 17:30+01:00,27.931035
2026-03-15 17:45+01:00,26.462818
2026-03-15 18:00+01:00,0.000000
2026-03-15 18:15+01:00,0.000000
2026-03-15 18:30+01:00,0.000000
2026-03-15 18:45+01:00,0.000000
2026-03-15 19:00+01:00,0.000000
2026-03-15 19:15+01:00,0.000000
2026-03-15 19:30+01:00,0.000000
2026-03-15 19:45+01:00,0.000000
2026-03-15 20:00+01:00,0.000000
2026-03-15 20:15+01:00,0.000000
2026-03-15 20:30+01:00,0.000000
2026-03-15 20:45+01:00,0.000000
2026-03-15 21:00+01:00,0.000000
2026-03-15 21:15+01:00,0.000000
2026-03-15 21:30+01:00,0.000000
2026-03-15 21:45+01:00,0.000000
2026-03-15 22:00+01:00,0.000000
2026-03-15 22:15+01:00,0.000000
2026-03-15 22:30+01:00,0.000000
2026-03-15 22:45+01:00,0.000000
2026-03-15 23:00+01:00,0.000000
2026-03-15 23:15+01:00,0.000000
2026-03-15 23:30+01:00,0.000000
2026-03-15 23:45+01:00,0.000000
2026-03-16 00:00+01:00,0.000000
2026-03-16 00:15+01:00,0.000000
2026-03-16 00:30+01:00,0.000000
2026-03-16 00:45+01:00,29.016822
2026-03-16 01:00+01:00,20.589769
2026-03-16 01:15+01:00,26.468408
2026-03-16 01:30+01:00,24.232985
2026-03-16 01:45+01:00,27.061830
2026-03-16 02:00+01:00,24.861973
2026-03-16 02:15+01:00,25.944524
2026-03-16 02:30+01:00,26.285850
2026-03-16 02:45+01:00,24.109159
2026-03-16 03:00+01:00,25.680274
2026-03-16 03:15+01:00,24.061697
2026-03-16 03:30+01:00,25.861630
2026-03-16 03:45+01:00,28.388659
2026-03-16 04:00+01:00,26.450115
2026-03-16 04:15+01:00,26.220207
2026-03-16 04:30+01:00,0.000000
2026-03-16 04:45+01:00,0.000000
2026-03-16 05:00+01:00,0.000000
2026-03-16 05:15+01:00,0.000000
2026-03-16 05:30+01:00,0.000000
2026-03-16 05:45+01:00,0.000000
2026-03-16 06:00+01:00,0.000000
2026-03-16 06:15+01:00,0.000000
2026-03-16 06:30+01:00,0.000000
2026-03-16 06:45+01:00,0.000000
2026-03-16 07:00+01:00,0.000000
2026-03-16 07:15+01:00,0.000000
2026-03-16 07:30+01:00,0.000000
2026-03-16 07:45+01:00,0.000000
2026-03-16 08:00+01:00,0.000000
2026-03-16 08:15+01:00,0.000000
2026-03-16 08:30+01:00,0.000000
2026-03-16 08:45+01:00,0.000000
2026-03-16 09:00+01:00,0.000000
2026-03-16 09:15+01:00,0.000000
2026-03-16 09:30+01:00,0.000000
2026-03-16 09:45+01:00,0.000000
2026-03-16 10:00+01:00,
2026-03-16 10:15+01:00,0.000000
2026-03-16 10:30+01:00,0.000000
2026-03-16 10:45+01:00,0.000000
2026-03-16 11:00+01:00,0.000000
2026-03-16 11:15+01:00,0.000000
2026-03-16 11:30+01:00,0.000000
2026-03-16 11:45+01:00,0.000000
2026-03-16 12:00+01:00,0.000000
2026-03-16 12:15+01:00,0.000000
2026-03-16 12:30+01:00,0.000000
2026-03-16 12:45+01:00,0.000000
2026-03-16 13:00+01:00,0.000000
2026-03-16 13:15+01:00,0.000000
2026-03-16 13:30+01:00,0.000000
2026-03-16 13:45+01:00,0.000000
2026-03-16 14:00+01:00,0.000000
2026-03-16 14:15+01:00,0.000000
2026-03-16 14:30+01:00,0.000000
2026-03-16 14:45+01:00,0.000000
2026-03-16 15:00+01:00,0.000000
2026-03-16 15:15+01:00,0.000000
2026-03-16 15:30+01:00,0.000000
2026-03-16 15:45+01:00,0.000000
2026-03-16 16:00+01:00,0.000000
2026-03-16 16:15+01:00,0.000000
2026-03-16 16:30+01:00,0.000000
2026-03-16 16:45+01:00,0.000000
2026-03-16 17:00+01:00,0.000000
2026-03-16 17:15+01:00,0.000000
2026-03-16 17:30+01:00,0.000000
2026-03-16 17:45+01:00,24.543844
2026-03-16 18:00+01:00,27.649431
2026-03-16 18:15+01:00,24.513059
2026-03-16 18:30+01:00,26.253204
2026-03-16 18:45+01:00,28.202463
2026-03-16 19:00+01:00,23.013395
2026-03-16 19:15+01:00,27.267445
2026-03-16 19:30+01:00,24.835668
2026-03-16 19:45+01:00,26.008849
2026-03-16 20:00+01:00,24.331573
2026-03-16 20:15+01:00,25.394694
2026-03-16 20:30+01:00,25.942553
2026-03-16 20:45+01:00,25.950099
2026-03-16 21:00+01:00,26.406583
2026-03-16 21:15+01:00,25.555271
2026-03-16 21:30+01:00,24.218022
2026-03-16 21:45+01:00,0.000000
2026-03-16 22:00+01:00,0.000000
2026-03-16 22:15+01:00,0.000000
2026-03-16 22:30+01:00,0.000000
2026-03-16 22:45+01:00,0.000000
2026-03-16 23:00+01:00,0.000000
2026-03-16 23:15+01:00,0.000000
2026-03-16 23:30+01:00,0.000000
2026-03-16 23:45+01:00,0.000000
2026-03-17 00:00+01:00,0.000000
2026-03-17 00:15+01:00,0.000000
2026-03-17 00:30+01:00,0.000000
2026-03-17 00:45+01:00,0.000000
2026-03-17 01:00+01:00,0.000000
2026-03-17 01:15+01:00,0.000000
2026-03-17 01:30+01:00,0.000000
2026-03-17 01:45+01:00,0.000000
2026-03-17 02:00+01:00,0.000000
2026-03-17 02:15+01:00,0.000000
2026-03-17 02:30+01:00,0.000000
2026-03-17 02:45+01:00,0.000000
2026-03-17 03:00+01:00,0.000000
2026-03-17 03:15+01:00,0.000000
2026-03-17 03:30+01:00,0.000000
2026-03-17 03:45+01:00,0.000000
2026-03-17 04:00+01:00,0.000000
2026-03-17 04:15+01:00,0.000000
2026-03-17 04:30+01:00,0.000000
2026-03-17 04:45+01:00,0.000000
2026-03-17 05:00+01:00,0.000000
2026-03-17 05:15+01:00,0.000000
2026-03-17 05:30+01:00,24.560054
2026-03-17 05:45+01:00,25.956784
2026-03-17 06:00+01:00,26.449908
2026-03-17 06:15+01:00,24.895672
2026-03-17 06:30+01:00,29.438582
2026-03-17 06:45+01:00,26.133343
2026-03-17 07:00+01:00,27.212937
2026-03-17 07:15+01:00,26.039432
2026-03-17 07:30+01:00,27.983461
2026-03-17 07:45+01:00,22.607119
2026-03-17 08:00+01:00,0.000000
2026-03-17 08:15+01:00,0.000000
2026-03-17 08:30+01:00,0.000000
2026-03-17 08:45+01:00,0.000000
2026-03-17 09:00+01:00,0.000000
2026-03-17 09:15+01:00,0.000000
2026-03-17 09:30+01:00,0.000000
2026-03-17 09:45+01:00,0.000000
2026-03-17 10:00+01:00,0.000000
2026-03-17 10:15+01:00,0.000000
2026-03-17 10:30+01:00,0.000000
2026-03-17 10:45+01:00,0.000000
2026-03-17 11:00+01:00,0.000000
2026-03-17 11:15+01:00,0.000000
2026-03-17 11:30+01:00,0.000000
2026-03-17 11:45+01:00,0.000000
2026-03-17 12:00+01:00,0.000000
2026-03-17 12:15+01:00,0.000000
2026-03-17 12:30+01:00,0.000000
2026-03-17 12:45+01:00,0.000000
2026-03-17 13:00+01:00,0.000000
2026-03-17 13:15+01:00,0.000000
2026-03-17 13:30+01:00,0.000000
2026-03-17 13:45+01:00,25.936270
2026-03-17 14:00+01:00,26.310051
2026-03-17 14:15+01:00,27.442738
2026-03-17 14:30+01:00,27.430287
2026-03-17 14:45+01:00,25.465221
2026-03-17 15:00+01:00,22.733315
2026-03-17 15:15+01:00,24.841961
2026-03-17 15:30+01:00,23.949619
2026-03-17 15:45+01:00,26.649629
2026-03-17 16:00+01:00,25.861764
2026-03-17 16:15+01:00,294.717391
2026-03-17 16:30+01:00,0.000000
2026-03-17 16:45+01:00,0.000000
2026-03-17 17:00+01:00,0.000000
2026-03-17 17:15+01:00,0.000000
2026-03-17 17:30+01:00,0.000000
2026-03-17 17:45+01:00,0.000000
2026-03-17 18:00+01:00,0.000000
2026-03-17 18:15+01:00,0.000000
2026-03-17 18:30+01:00,0.000000
2026-03-17 18:45+01:00,0.000000
2026-03-17 19:00+01:00,0.000000
2026-03-17 19:15+01:00,31.564901
2026-03-17 19:30+01:00,25.427723
2026-03-17 19:45+01:00,24.207232
2026-03-17 20:00+01:00,23.791261
2026-03-17 20:15+01:00,25.236324
2026-03-17 20:30+01:00,23.496703
2026-03-17 20:45+01:00,25.205579
2026-03-17 21:00+01:00,24.477473
2026-03-17 21:15+01:00,25.275496
2026-03-17 21:30+01:00,
2026-03-17 21:45+01:00,0.000000
2026-03-17 22:00+01:00,0.000000
2026-03-17 22:15+01:00,0.000000
2026-03-17 22:30+01:00,0.000000
2026-03-17 22:45+01:00,0.000000
2026-03-17 23:00+01:00,0.000000
2026-03-17 23:15+01:00,0.000000
2026-03-17 23:30+01:00,0.000000
2026-03-17 23:45+01:00,0.000000
2026-03-18 00:00+01:00,0.000000
2026-03-18 00:15+01:00,0.000000
2026-03-18 00:30+01:00,0.000000
2026-03-18 00:45+01:00,
2026-03-18 01:00+01:00,0.000000
2026-03-18 01:15+01:00,0.000000
2026-03-18 01:30+01:00,0.000000
2026-03-18 01:45+01:00,0.000000
2026-03-18 02:00+01:00,0.000000
2026-03-18 02:15+01:00,0.000000
2026-03-18 02:30+01:00,24.710357
2026-03-18 02:45+01:00,25.707807
2026-03-18 03:00+01:00,24.134670
2026-03-18 03:15+01:00,26.194114
2026-03-18 03:30+01:00,24.641294
2026-03-18 03:45+01:00,24.930871
2026-03-18 04:00+01:00,24.427310
2026-03-18 04:15+01:00,27.335062
2026-03-18 04:30+01:00,27.151440
2026-03-18 04:45+01:00,26.826201
2026-03-18 05:00+01:00,27.316877
2026-03-18 05:15+01:00,25.580886
2026-03-18 05:30+01:00,24.538170
2026-03-18 05:45+01:00,26.410323
2026-03-18 06:00+01:00,24.260917
2026-03-18 06:15+01:00,0.000000
2026-03-18 06:30+01:00,0.000000
2026-03-18 06:45+01:00,0.000000
2026-03-18 07:00+01:00,0.000000
2026-03-18 07:15+01:00,0.000000
2026-03-18 07:30+01:00,0.000000
2026-03-18 07:45+01:00,0.000000
2026-03-18 08:00+01:00,0.000000
2026-03-18 08:15+01:00,0.000000
2026-03-18 08:30+01:00,0.000000
2026-03-18 08:45+01:00,0.000000
2026-03-18 09:00+01:00,0.000000
2026-03-18 09:15+01:00,0.000000
2026-03-18 09:30+01:00,0.000000
2026-03-18 09:45+01:00,0.000000
2026-03-18 10:00+01:00,0.000000
2026-03-18 10:15+01:00,0.000000
2026-03-18 10:30+01:00,0.000000
2026-03-18 10:45+01:00,0.000000
2026-03-18 11:00+01:00,0.000000
2026-03-18 11:15+01:00,0.000000
2026-03-18 11:30+01:00,0.000000
2026-03-18 11:45+01:00,0.000000
2026-03-18 12:00+01:00,0.000000
2026-03-18 12:15+01:00,0.000000
2026-03-18 12:30+01:00,0.000000
2026-03-18 12:45+01:00,0.000000
2026-03-18 13:00+01:00,0.000000
2026-03-18 13:15+01:00,0.000000
2026-03-18 13:30+01:00,0.000000
2026-03-18 13:45+01:00,0.000000
2026-03-18 14:00+01:00,0.000000
2026-03-18 14:15+01:00,0.000000
2026-03-18 14:30+01:00,0.000000
2026-03-18 14:45+01:00,0.000000
2026-03-18 15:00+01:00,0.000000
2026-03-18 15:15+01:00,0.000000
2026-03-18 15:30+01:00,0.000000
2026-03-18 15:45+01:00,0.000000
2026-03-18 16:00+01:00,0.000000
2026-03-18 16:15+01:00,0.000000
2026-03-18 16:30+01:00,0.000000
2026-03-18 16:45+01:00,0.000000
2026-03-18 17:00+01:00,0.000000
2026-03-18 17:15+01:00,0.000000
2026-03-18 17:30+01:00,0.000000
2026-03-18 17:45+01:00,0.000000
2026-03-18 18:00+01:00,0.000000
2026-03-18 18:15+01:00,0.000000
2026-03-18 18:30+01:00,0.000000
2026-03-18 18:45+01:00,0.000000
2026-03-18 19:00+01:00,25.586764
2026-03-18 19:15+01:00,25.451111
2026-03-18 19:30+01:00,29.043744
2026-03-18 19:45+01:00,27.536281
2026-03-18 20:00+01:00,24.557964
2026-03-18 20:15+01:00,23.619499
2026-03-18 20:30+01:00,27.580081
2026-03-18 20:45+01:00,26.145213
2026-03-18 21:00+01:00,24.340030
2026-03-18 21:15+01:00,28.581633
2026-03-18 21:30+01:00,23.620452
2026-03-18 21:45+01:00,27.731961
2026-03-18 22:00+01:00,23.161056
2026-03-18 22:15+01:00,28.606260
2026-03-18 22:30+01:00,27.387532
2026-03-18 22:45+01:00,23.810620
2026-03-18 23:00+01:00,0.000000
2026-03-18 23:15+01:00,0.000000
2026-03-18 23:30+01:00,0.000000
2026-03-18 23:45+01:00,0.000000
2026-03-19 00:00+01:00,0.000000
2026-03-19 00:15+01:00,0.000000
2026-03-19 00:30+01:00,0.000000
2026-03-19 00:45+01:00,0.000000
2026-03-19 01:00+01:00,0.000000
2026-03-19 01:15+01:00,0.000000
2026-03-19 01:30+01:00,0.000000
2026-03-19 01:45+01:00,0.000000
2026-03-19 02:00+01:00,0.000000
2026-03-19 02:15+01:00,0.000000
2026-03-19 02:30+01:00,0.000000
2026-03-19 02:45+01:00,0.000000
2026-03-19 03:00+01:00,0.000000
2026-03-19 03:15+01:00,0.000000
2026-03-19 03:30+01:00,0.000000
2026-03-19 03:45+01:00,0.000000
2026-03-19 04:00+01:00,0.000000
2026-03-19 04:15+01:00,0.000000
2026-03-19 04:30+01:00,0.000000
2026-03-19 04:45+01:00,0.000000
2026-03-19 05:00+01:00,0.000000
2026-03-19 05:15+01:00,0.000000
2026-03-19 05:30+01:00,0.000000
2026-03-19 05:45+01:00,0.000000
2026-03-19 06:00+01:00,0.000000
2026-03-19 06:15+01:00,0.000000
2026-03-19 06:30+01:00,0.000000
2026-03-19 06:45+01:00,0.000000
2026-03-19 07:00+01:00,0.000000
2026-03-19 07:15+01:00,0.000000
2026-03-19 07:30+01:00,0.000000
2026-03-19 07:45+01:00,0.000000
2026-03-19 08:00+01:00,0.000000
2026-03-19 08:15+01:00,0.000000
2026-03-19 08:30+01:00,0.000000
2026-03-19 08:45+01:00,0.000000
2026-03-19 09:00+01:00,0.000000
2026-03-19 09:15+01:00,25.929723
2026-03-19 09:30+01:00,26.418375
2026-03-19 09:45+01:00,24.810992
2026-03-19 10:00+01:00,24.981301
2026-03-19 10:15+01:00,25.433843
2026-03-19 10:30+01:00,24.254646
2026-03-19 10:45+01:00,24.408029
2026-03-19 11:00+01:00,27.579582
2026-03-19 11:15+01:00,28.753077
2026-03-19 11:30+01:00,25.671020
2026-03-19 11:45+01:00,26.463512
2026-03-19 12:00+01:00,27.219660
2026-03-19 12:15+01:00,25.975303
2026-03-19 12:30+01:00,27.220160
2026-03-19 12:45+01:00,29.831506
2026-03-19 13:00+01:00,26.939018
2026-03-19 13:15+01:00,23.030367
2026-03-19 13:30+01:00,26.493272
2026-03-19 13:45+01:00,28.045079
2026-03-19 14:00+01:00,29.071744
2026-03-19 14:15+01:00,24.490370
2026-03-19 14:30+01:00,25.508360
2026-03-19 14:45+01:00,24.710768
2026-03-19 15:00+01:00,22.082250
2026-03-19 15:15+01:00,27.749166
2026-03-19 15:30+01:00,24.981036
2026-03-19 15:45+01:00,24.387148
2026-03-19 16:00+01:00,24.326772
2026-03-19 16:15+01:00,27.694913
2026-03-19 16:30+01:00,22.264036
2026-03-19 16:45+01:00,24.614051
2026-03-19 17:00+01:00,0.000000
2026-03-19 17:15+01:00,0.000000
2026-03-19 17:30+01:00,0.000000
2026-03-19 17:45+01:00,0.000000
2026-03-19 18:00+01:00,0.000000
2026-03-19 18:15+01:00,0.000000
2026-03-19 18:30+01:00,0.000000
2026-03-19 18:45+01:00,0.000000
2026-03-19 19:00+01:00,0.000000
2026-03-19 19:15+01:00,0.000000
2026-03-19 19:30+01:00,0.000000
2026-03-19 19:45+01:00,0.000000
2026-03-19 20:00+01:00,0.000000
2026-03-19 20:15+01:00,0.000000
2026-03-19 20:30+01:00,0.000000
2026-03-19 20:45+01:00,0.000000
2026-03-19 21:00+01:00,0.000000
2026-03-19 21:15+01:00,0.000000
2026-03-19 21:30+01:00,0.000000
2026-03-19 21:45+01:00,0.000000
2026-03-19 22:00+01:00,0.000000
2026-03-19 22:15+01:00,0.000000
2026-03-19 22:30+01:00,0.000000
2026-03-19 22:45+01:00,0.000000
2026-03-19 23:00+01:00,0.000000
2026-03-19 23:15+01:00,0.000000
2026-03-19 23:30+01:00,0.000000
2026-03-19 23:45+01:00,0.000000
2026-03-20 00:00+01:00,0.000000
2026-03-20 00:15+01:00,24.467669
2026-03-20 00:30+01:00,25.233273
2026-03-20 00:45+01:00,25.904371
2026-03-20 01:00+01:00,25.749363
2026-03-20 01:15+01:00,25.794749
2026-03-20 01:30+01:00,26.839719
2026-03-20 01:45+01:00,28.175953
2026-03-20 02:00+01:00,28.137652
2026-03-20 02:15+01:00,24.520467
2026-03-20 02:30+01:00,25.218289
2026-03-20 02:45+01:00,27.320265
2026-03-20 03:00+01:00,0.000000
2026-03-20 03:15+01:00,0.000000
2026-03-20 03:30+01:00,0.000000
2026-03-20 03:45+01:00,0.000000
2026-03-20 04:00+01:00,0.000000
2026-03-20 04:15+01:00,0.000000
2026-03-20 04:30+01:00,0.000000
2026-03-20 04:45+01:00,0.000000
2026-03-20 05:00+01:00,0.000000
2026-03-20 05:15+01:00,0.000000
2026-03-20 05:30+01:00,0.000000
2026-03-20 05:45+01:00,0.000000
2026-03-20 06:00+01:00,0.000000
2026-03-20 06:15+01:00,0.000000
2026-03-20 06:30+01:00,0.000000
2026-03-20 06:45+01:00,0.000000
2026-03-20 07:00+01:00,0.000000
2026-03-20 07:15+01:00,0.000000
2026-03-20 07:30+01:00,0.000000
2026-03-20 07:45+01:00,0.000000
2026-03-20 08:00+01:00,0.000000
2026-03-20 08:15+01:00,0.000000
2026-03-20 08:30+01:00,0.000000
2026-03-20 08:45+01:00,0.000000
2026-03-20 09:00+01:00,0.000000
2026-03-20 09:15+01:00,0.000000
2026-03-20 09:30+01:00,0.000000
2026-03-20 09:45+01:00,0.000000
2026-03-20 10:00+01:00,0.000000
2026-03-20 10:15+01:00,0.000000
2026-03-20 10:30+01:00,0.000000
2026-03-20 10:45+01:00,0.000000
2026-03-20 11:00+01:00,0.000000
2026-03-20 11:15+01:00,0.000000
2026-03-20 11:30+01:00,0.000000
2026-03-20 11:45+01:00,0.000000
2026-03-20 12:00+01:00,0.000000
2026-03-20 12:15+01:00,26.818152
2026-03-20 12:30+01:00,29.501847
2026-03-20 12:45+01:00,26.731021
2026-03-20 13:00+01:00,23.261721
2026-03-20 13:15+01:00,24.268762
2026-03-20 13:30+01:00,26.762727
2026-03-20 13:45+01:00,24.123529
2026-03-20 14:00+01:00,23.839419
2026-03-20 14:15+01:00,
2026-03-20 14:30+01:00,23.873664
2026-03-20 14:45+01:00,0.000000
2026-03-20 15:00+01:00,0.000000
2026-03-20 15:15+01:00,0.000000
2026-03-20 15:30+01:00,0.000000
2026-03-20 15:45+01:00,0.000000
2026-03-20 16:00+01:00,0.000000
2026-03-20 16:15+01:00,0.000000
2026-03-20 16:30+01:00,0.000000
2026-03-20 16:45+01:00,0.000000
2026-03-20 17:00+01:00,0.000000
2026-03-20 17:15+01:00,0.000000
2026-03-20 17:30+01:00,0.000000
2026-03-20 17:45+01:00,0.000000
2026-03-20 18:00+01:00,0.000000
2026-03-20 18:15+01:00,0.000000
2026-03-20 18:30+01:00,0.000000
2026-03-20 18:45+01:00,0.000000
2026-03-20 19:00+01:00,0.000000
2026-03-20 19:15+01:00,0.000000
2026-03-20 19:30+01:00,0.000000
2026-03-20 19:45+01:00,0.000000
2026-03-20 20:00+01:00,0.000000
2026-03-20 20:15+01:00,0.000000
2026-03-20 20:30+01:00,0.000000
2026-03-20 20:45+01:00,28.163058
2026-03-20 21:00+01:00,25.523973
2026-03-20 21:15+01:00,25.729468
2026-03-20 21:30+01:00,27.850085
2026-03-20 21:45+01:00,23.919254
2026-03-20 22:00+01:00,26.327492
2026-03-20 22:15+01:00,25.457532
2026-03-20 22:30+01:00,24.014382
2026-03-20 22:45+01:00,26.318606
2026-03-20 23:00+01:00,28.240344
2026-03-20 23:15+01:00,0.000000
2026-03-20 23:30+01:00,0.000000
2026-03-20 23:45+01:00,0.000000
2026-03-21 00:00+01:00,0.000000
2026-03-21 00:15+01:00,0.000000
2026-03-21 00:30+01:00,0.000000
2026-03-21 00:45+01:00,0.000000
2026-03-21 01:00+01:00,0.000000
2026-03-21 01:15+01:00,0.000000
2026-03-21 01:30+01:00,0.000000
2026-03-21 01:45+01:00,0.000000
2026-03-21 02:00+01:00,0.000000
2026-03-21 02:15+01:00,0.000000
2026-03-21 02:30+01:00,0.000000
2026-03-21 02:45+01:00,0.000000
2026-03-21 03:00+01:00,25.032372
2026-03-21 03:15+01:00,27.629715
2026-03-21 03:30+01:00,27.114463
2026-03-21 03:45+01:00,25.072334
2026-03-21 04:00+01:00,26.106511
2026-03-21 04:15+01:00,26.032062
2026-03-21 04:30+01:00,24.859642
2026-03-21 04:45+01:00,23.798028
2026-03-21 05:00+01:00,24.999681
2026-03-21 05:15+01:00,23.244779
2026-03-21 05:30+01:00,0.000000
2026-03-21 05:45+01:00,0.000000
2026-03-21 06:00+01:00,22.989609
2026-03-21 06:15+01:00,25.734447
2026-03-21 06:30+01:00,23.059408
2026-03-21 06:45+01:00,26.549221
2026-03-21 07:00+01:00,27.006625
2026-03-21 07:15+01:00,20.083103
2026-03-21 07:30+01:00,28.494228
2026-03-21 07:45+01:00,27.726091
2026-03-21 08:00+01:00,26.016839
2026-03-21 08:15+01:00,28.753699
2026-03-21 08:30+01:00,25.067135
2026-03-21 08:45+01:00,0.000000
2026-03-21 09:00+01:00,0.000000
2026-03-21 09:15+01:00,0.000000
2026-03-21 09:30+01:00,0.000000
2026-03-21 09:45+01:00,0.000000
2026-03-21 10:00+01:00,0.000000
2026-03-21 10:15+01:00,0.000000
2026-03-21 10:30+01:00,0.000000
2026-03-21 10:45+01:00,0.000000
2026-03-21 11:00+01:00,0.000000
2026-03-21 11:15+01:00,0.000000
2026-03-21 11:30+01:00,0.000000
2026-03-21 11:45+01:00,0.000000
2026-03-21 12:00+01:00,0.000000
2026-03-21 12:15+01:00,0.000000
2026-03-21 12:30+01:00,0.000000
2026-03-21 12:45+01:00,0.000000
2026-03-21 13:00+01:00,0.000000
2026-03-21 13:15+01:00,0.000000
2026-03-21 13:30+01:00,0.000000
2026-03-21 13:45+01:00,0.000000
2026-03-21 14:00+01:00,0.000000
2026-03-21 14:15+01:00,0.000000
2026-03-21 14:30+01:00,0.000000
2026-03-21 14:45+01:00,0.000000
2026-03-21 15:00+01:00,0.000000
2026-03-21 15:15+01:00,
2026-03-21 15:30+01:00,
2026-03-21 15:45+01:00,
2026-03-21 16:00+01:00,
2026-03-21 16:15+01:00,
2026-03-21 16:30+01:00,23.619908
2026-03-21 16:45+01:00,22.650694
2026-03-21 17:00+01:00,25.217422
2026-03-21 17:15+01:00,27.230090
2026-03-21 17:30+01:00,25.193828
2026-03-21 17:45+01:00,26.624130
2026-03-21 18:00+01:00,22.451765
2026-03-21 18:15+01:00,23.219953
2026-03-21 18:30+01:00,28.572661
2026-03-21 18:45+01:00,24.287649
2026-03-21 19:00+01:00,0.000000
2026-03-21 19:15+01:00,0.000000
2026-03-21 19:30+01:00,0.000000
2026-03-21 19:45+01:00,0.000000
2026-03-21 20:00+01:00,0.000000
2026-03-21 20:15+01:00,0.000000
2026-03-21 20:30+01:00,0.000000
2026-03-21 20:45+01:00,0.000000
2026-03-21 21:00+01:00,0.000000
2026-03-21 21:15+01:00,0.000000
2026-03-21 21:30+01:00,0.000000
2026-03-21 21:45+01:00,0.000000
2026-03-21 22:00+01:00,0.000000
2026-03-21 22:15+01:00,0.000000
2026-03-21 22:30+01:00,0.000000
2026-03-21 22:45+01:00,0.000000
2026-03-21 23:00+01:00,0.000000
2026-03-21 23:15+01:00,0.000000
2026-03-21 23:30+01:00,0.000000
2026-03-21 23:45+01:00,0.000000
2026-03-22 00:00+01:00,0.000000
2026-03-22 00:15+01:00,0.000000
2026-03-22 00:30+01:00,0.000000
2026-03-22 00:45+01:00,0.000000
2026-03-22 01:00+01:00,0.000000
2026-03-22 01:15+01:00,0.000000
2026-03-22 01:30+01:00,0.000000
2026-03-22 01:45+01:00,0.000000
2026-03-22 02:00+01:00,0.000000
2026-03-22 02:15+01:00,0.000000
2026-03-22 02:30+01:00,0.000000
2026-03-22 02:45+01:00,0.000000
2026-03-22 03:00+01:00,0.000000
2026-03-22 03:15+01:00,0.000000
2026-03-22 03:30+01:00,0.000000
2026-03-22 03:45+01:00,0.000000
2026-03-22 04:00+01:00,0.000000
2026-03-22 04:15+01:00,0.000000
2026-03-22 04:30+01:00,0.000000
2026-03-22 04:45+01:00,0.000000
2026-03-22 05:00+01:00,26.543597
2026-03-22 05:15+01:00,23.012903
2026-03-22 05:30+01:00,24.479063
2026-03-22 05:45+01:00,24.816618
2026-03-22 06:00+01:00,27.062221
2026-03-22 06:15+01:00,25.852041
2026-03-22 06:30+01:00,26.121673
2026-03-22 06:45+01:00,24.833222
2026-03-22 07:00+01:00,22.885647
2026-03-22 07:15+01:00,27.080479
2026-03-22 07:30+01:00,26.796284
2026-03-22 07:45+01:00,21.790885
2026-03-22 08:00+01:00,26.206256
2026-03-22 08:15+01:00,23.207653
2026-03-22 08:30+01:00,26.502923
2026-03-22 08:45+01:00,26.735031
2026-03-22 09:00+01:00,25.332875
2026-03-22 09:15+01:00,27.647346
2026-03-22 09:30+01:00,27.625247
2026-03-22 09:45+01:00,25.413608
2026-03-22 10:00+01:00,28.916753
2026-03-22 10:15+01:00,24.586076
2026-03-22 10:30+01:00,24.118410
2026-03-22 10:45+01:00,25.417571
2026-03-22 11:00+01:00,24.345708
2026-03-22 11:15+01:00,
2026-03-22 11:30+01:00,135.678366
2026-03-22 11:45+01:00,129.048914
2026-03-22 12:00+01:00,25.306581
2026-03-22 12:15+01:00,25.847146
2026-03-22 12:30+01:00,25.904487
2026-03-22 12:45+01:00,0.000000
2026-03-22 13:00+01:00,0.000000
2026-03-22 13:15+01:00,0.000000
2026-03-22 13:30+01:00,0.000000
2026-03-22 13:45+01:00,0.000000
2026-03-22 14:00+01:00,0.000000
2026-03-22 14:15+01:00,0.000000
2026-03-22 14:30+01:00,0.000000
2026-03-22 14:45+01:00,0.000000
2026-03-22 15:00+01:00,0.000000
2026-03-22 15:15+01:00,0.000000
2026-03-22 15:30+01:00,0.000000
2026-03-22 15:45+01:00,0.000000
2026-03-22 16:00+01:00,0.000000
2026-03-22 16:15+01:00,0.000000
2026-03-22 16:30+01:00,0.000000
2026-03-22 16:45+01:00,0.000000
2026-03-22 17:00+01:00,0.000000
2026-03-22 17:15+01:00,0.000000
2026-03-22 17:30+01:00,0.000000
2026-03-22 17:45+01:00,0.000000
2026-03-22 18:00+01:00,0.000000
2026-03-22 18:15+01:00,0.000000
2026-03-22 18:30+01:00,0.000000
2026-03-22 18:45+01:00,0.000000
2026-03-22 19:00+01:00,0.000000
2026-03-22 19:15+01:00,0.000000
2026-03-22 19:30+01:00,0.000000
2026-03-22 19:45+01:00,0.000000
2026-03-22 20:00+01:00,0.000000
2026-03-22 20:15+01:00,0.000000
2026-03-22 20:30+01:00,0.000000
2026-03-22 20:45+01:00,0.000000
2026-03-22 21:00+01:00,0.000000
2026-03-22 21:15+01:00,0.000000
2026-03-22 21:30+01:00,0.000000
2026-03-22 21:45+01:00,0.000000
2026-03-22 22:00+01:00,0.000000
2026-03-22 22:15+01:00,0.000000
2026-03-22 22:30+01:00,0.000000
2026-03-22 22:45+01:00,0.000000
2026-03-22 23:00+01:00,0.000000
2026-03-22 23:15+01:00,0.000000
2026-03-22 23:30+01:00,0.000000
2026-03-22 23:45+01:00,0.000000
2026-03-23 00:00+01:00,0.000000
2026-03-23 00:15+01:00,0.000000
2026-03-23 00:30+01:00,0.000000
2026-03-23 00:45+01:00,26.209324
2026-03-23 01:00+01:00,27.385209
2026-03-23 01:15+01:00,25.839705
2026-03-23 01:30+01:00,26.518642
2026-03-23 01:45+01:00,25.398552
2026-03-23 02:00+01:00,26.835625
2026-03-23 02:15+01:00,24.299135
2026-03-23 02:30+01:00,24.625508
2026-03-23 02:45+01:00,25.630232
2026-03-23 03:00+01:00,25.888321
2026-03-23 03:15+01:00,25.796023
2026-03-23 03:30+01:00,24.626472
2026-03-23 03:45+01:00,25.487949
2026-03-23 04:00+01:00,23.498892
2026-03-23 04:15+01:00,25.500052
2026-03-23 04:30+01:00,27.239517
2026-03-23 04:45+01:00,26.280218
2026-03-23 05:00+01:00,24.561372
2026-03-23 05:15+01:00,24.298831
2026-03-23 05:30+01:00,26.960895
2026-03-23 05:45+01:00,25.724895
2026-03-23 06:00+01:00,24.527933
2026-03-23 06:15+01:00,24.840336
2026-03-23 06:30+01:00,23.551010
2026-03-23 06:45+01:00,27.260211
2026-03-23 07:00+01:00,25.595403
2026-03-23 07:15+01:00,26.878207
2026-03-23 07:30+01:00,22.682359
2026-03-23 07:45+01:00,27.283862
2026-03-23 08:00+01:00,27.599639
2026-03-23 08:15+01:00,23.393134
2026-03-23 08:30+01:00,0.000000
2026-03-23 08:45+01:00,0.000000
2026-03-23 09:00+01:00,0.000000
2026-03-23 09:15+01:00,0.000000
2026-03-23 09:30+01:00,0.000000
2026-03-23 09:45+01:00,0.000000
2026-03-23 10:00+01:00,0.000000
2026-03-23 10:15+01:00,0.000000
2026-03-23 10:30+01:00,0.000000
2026-03-23 10:45+01:00,0.000000
2026-03-23 11:00+01:00,0.000000
2026-03-23 11:15+01:00,0.000000
2026-03-23 11:30+01:00,0.000000
2026-03-23 11:45+01:00,0.000000
2026-03-23 12:00+01:00,0.000000
2026-03-23 12:15+01:00,0.000000
2026-03-23 12:30+01:00,0.000000
2026-03-23 12:45+01:00,0.000000
2026-03-23 13:00+01:00,0.000000
2026-03-23 13:15+01:00,0.000000
2026-03-23 13:30+01:00,0.000000
2026-03-23 13:45+01:00,0.000000
2026-03-23 14:00+01:00,0.000000
2026-03-23 14:15+01:00,0.000000
2026-03-23 14:30+01:00,0.000000
2026-03-23 14:45+01:00,0.000000
2026-03-23 15:00+01:00,0.000000
2026-03-23 15:15+01:00,0.000000
2026-03-23 15:30+01:00,0.000000
2026-03-23 15:45+01:00,0.000000
2026-03-23 16:00+01:00,0.000000
2026-03-23 16:15+01:00,0.000000
2026-03-23 16:30+01:00,0.000000
2026-03-23 16:45+01:00,0.000000
2026-03-23 17:00+01:00,0.000000
2026-03-23 17:15+01:00,0.000000
2026-03-23 17:30+01:00,0.000000
2026-03-23 17:45+01:00,0.000000
2026-03-23 18:00+01:00,0.000000
2026-03-23 18:15+01:00,0.000000
2026-03-23 18:30+01:00,0.000000
2026-03-23 18:45+01:00,0.000000
2026-03-23 19:00+01:00,0.000000
2026-03-23 19:15+01:00,0.000000
2026-03-23 19:30+01:00,0.000000
2026-03-23 19:45+01:00,0.000000
2026-03-23 20:00+01:00,0.000000
2026-03-23 20:15+01:00,0.000000
2026-03-23 20:30+01:00,0.000000
2026-03-23 20:45+01:00,0.000000
2026-03-23 21:00+01:00,0.000000
2026-03-23 21:15+01:00,0.000000
2026-03-23 21:30+01:00,0.000000
2026-03-23 21:45+01:00,0.000000
2026-03-23 22:00+01:00,0.000000
2026-03-23 22:15+01:00,0.000000
2026-03-23 22:30+01:00,0.000000
2026-03-23 22:45+01:00,0.000000
2026-03-23 23:00+01:00,0.000000
2026-03-23 23:15+01:00,0.000000
2026-03-23 23:30+01:00,0.000000
2026-03-23 23:45+01:00,0.000000
2026-03-24 00:00+01:00,0.000000
2026-03-24 00:15+01:00,0.000000
2026-03-24 00:30+01:00,0.000000
2026-03-24 00:45+01:00,0.000000
2026-03-24 01:00+01:00,0.000000
2026-03-24 01:15+01:00,0.000000
2026-03-24 01:30+01:00,0.000000
2026-03-24 01:45+01:00,0.000000
2026-03-24 02:00+01:00,0.000000
2026-03-24 02:15+01:00,0.000000
2026-03-24 02:30+01:00,0.000000
2026-03-24 02:45+01:00,
2026-03-24 03:00+01:00,0.000000
2026-03-24 03:15+01:00,0.000000
2026-03-24 03:30+01:00,0.000000
2026-03-24 03:45+01:00,0.000000
2026-03-24 04:00+01:00,0.000000
2026-03-24 04:15+01:00,0.000000
2026-03-24 04:30+01:00,0.000000
2026-03-24 04:45+01:00,0.000000
2026-03-24 05:00+01:00,0.000000
2026-03-24 05:15+01:00,0.000000
2026-03-24 05:30+01:00,0.000000
2026-03-24 05:45+01:00,0.000000
2026-03-24 06:00+01:00,0.000000
2026-03-24 06:15+01:00,0.000000
2026-03-24 06:30+01:00,0.000000
2026-03-24 06:45+01:00,0.000000
2026-03-24 07:00+01:00,24.272016
2026-03-24 07:15+01:00,27.382742
2026-03-24 07:30+01:00,26.166903
2026-03-24 07:45+01:00,25.117303
2026-03-24 08:00+01:00,26.442859
2026-03-24 08:15+01:00,28.140662
2026-03-24 08:30+01:00,24.219234
2026-03-24 08:45+01:00,86.532316
2026-03-24 09:00+01:00,62.387610
2026-03-24 09:15+01:00,23.146291
2026-03-24 09:30+01:00,0.000000
2026-03-24 09:45+01:00,0.000000
2026-03-24 10:00+01:00,0.000000
2026-03-24 10:15+01:00,0.000000
2026-03-24 10:30+01:00,0.000000
2026-03-24 10:45+01:00,0.000000
2026-03-24 11:00+01:00,0.000000
2026-03-24 11:15+01:00,0.000000
2026-03-24 11:30+01:00,0.000000
2026-03-24 11:45+01:00,0.000000
2026-03-24 12:00+01:00,0.000000
2026-03-24 12:15+01:00,0.000000
2026-03-24 12:30+01:00,0.000000
2026-03-24 12:45+01:00,0.000000
2026-03-24 13:00+01:00,0.000000
2026-03-24 13:15+01:00,0.000000
2026-03-24 13:30+01:00,0.000000
2026-03-24 13:45+01:00,0.000000
2026-03-24 14:00+01:00,0.000000
2026-03-24 14:15+01:00,0.000000
2026-03-24 14:30+01:00,0.000000
2026-03-24 14:45+01:00,0.000000
2026-03-24 15:00+01:00,0.000000
2026-03-24 15:15+01:00,0.000000
2026-03-24 15:30+01:00,0.000000
2026-03-24 15:45+01:00,0.000000
2026-03-24 16:00+01:00,25.951085
2026-03-24 16:15+01:00,23.145433
2026-03-24 16:30+01:00,26.175742
2026-03-24 16:45+01:00,26.621587
2026-03-24 17:00+01:00,28.741692
2026-03-24 17:15+01:00,24.849170
2026-03-24 17:30+01:00,21.406270
2026-03-24 17:45+01:00,27.491913
2026-03-24 18:00+01:00,24.201480
2026-03-24 18:15+01:00,24.844269
2026-03-24 18:30+01:00,24.196879
2026-03-24 18:45+01:00,0.000000
2026-03-24 19:00+01:00,0.000000
2026-03-24 19:15+01:00,0.000000
2026-03-24 19:30+01:00,0.000000
2026-03-24 19:45+01:00,0.000000
2026-03-24 20:00+01:00,0.000000
2026-03-24 20:15+01:00,0.000000
2026-03-24 20:30+01:00,0.000000
2026-03-24 20:45+01:00,0.000000
2026-03-24 21:00+01:00,0.000000
2026-03-24 21:15+01:00,0.000000
2026-03-24 21:30+01:00,24.447768
2026-03-24 21:45+01:00,26.823201
2026-03-24 22:00+01:00,24.373554
2026-03-24 22:15+01:00,24.482485
2026-03-24 22:30+01:00,24.433715
2026-03-24 22:45+01:00,24.692330
2026-03-24 23:00+01:00,26.555702
2026-03-24 23:15+01:00,27.301265
2026-03-24 23:30+01:00,23.241638
2026-03-24 23:45+01:00,27.040123
2026-03-25 00:00+01:00,0.000000
2026-03-25 00:15+01:00,0.000000
2026-03-25 00:30+01:00,21.230630
2026-03-25 00:45+01:00,24.952999
2026-03-25 01:00+01:00,25.217166
2026-03-25 01:15+01:00,28.289861
2026-03-25 01:30+01:00,23.309763
2026-03-25 01:45+01:00,25.613730
2026-03-25 02:00+01:00,26.427087
2026-03-25 02:15+01:00,25.016984
2026-03-25 02:30+01:00,26.305880
2026-03-25 02:45+01:00,28.228263
2026-03-25 03:00+01:00,28.050724
2026-03-25 03:15+01:00,23.193708
2026-03-25 03:30+01:00,26.542107
2026-03-25 03:45+01:00,25.034584
2026-03-25 04:00+01:00,23.158402
2026-03-25 04:15+01:00,0.000000
2026-03-25 04:30+01:00,0.000000
2026-03-25 04:45+01:00,0.000000
2026-03-25 05:00+01:00,0.000000
2026-03-25 05:15+01:00,0.000000
2026-03-25 05:30+01:00,0.000000
2026-03-25 05:45+01:00,0.000000
2026-03-25 06:00+01:00,0.000000
2026-03-25 06:15+01:00,0.000000
2026-03-25 06:30+01:00,0.000000
2026-03-25 06:45+01:00,0.000000
2026-03-25 07:00+01:00,0.000000
2026-03-25 07:15+01:00,0.000000
2026-03-25 07:30+01:00,0.000000
2026-03-25 07:45+01:00,0.000000
2026-03-25 08:00+01:00,0.000000
2026-03-25 08:15+01:00,0.000000
2026-03-25 08:30+01:00,0.000000
2026-03-25 08:45+01:00,0.000000
2026-03-25 09:00+01:00,0.000000
2026-03-25 09:15+01:00,0.000000
2026-03-25 09:30+01:00,0.000000
2026-03-25 09:45+01:00,0.000000
2026-03-25 10:00+01:00,0.000000
2026-03-25 10:15+01:00,0.000000
2026-03-25 10:30+01:00,0.000000
2026-03-25 10:45+01:00,0.000000
2026-03-25 11:00+01:00,0.000000
2026-03-25 11:15+01:00,0.000000
2026-03-25 11:30+01:00,0.000000
2026-03-25 11:45+01:00,0.000000
2026-03-25 12:00+01:00,0.000000
2026-03-25 12:15+01:00,0.000000
2026-03-25 12:30+01:00,0.000000
2026-03-25 12:45+01:00,0.000000
2026-03-25 13:00+01:00,0.000000
2026-03-25 13:15+01:00,0.000000
2026-03-25 13:30+01:00,0.000000
2026-03-25 13:45+01:00,0.000000
2026-03-25 14:00+01:00,0.000000
2026-03-25 14:15+01:00,0.000000
2026-03-25 14:30+01:00,0.000000
2026-03-25 14:45+01:00,0.000000
2026-03-25 15:00+01:00,0.000000
2026-03-25 15:15+01:00,0.000000
2026-03-25 15:30+01:00,0.000000
2026-03-25 15:45+01:00,0.000000
2026-03-25 16:00+01:00,0.000000
2026-03-25 16:15+01:00,0.000000
2026-03-25 16:30+01:00,0.000000
2026-03-25 16:45+01:00,0.000000
2026-03-25 17:00+01:00,0.000000
2026-03-25 17:15+01:00,0.000000
2026-03-25 17:30+01:00,0.000000
2026-03-25 17:45+01:00,0.000000
2026-03-25 18:00+01:00,0.000000
2026-03-25 18:15+01:00,0.000000
2026-03-25 18:30+01:00,0.000000
2026-03-25 18:45+01:00,0.000000
2026-03-25 19:00+01:00,0.000000
2026-03-25 19:15+01:00,0.000000
2026-03-25 19:30+01:00,0.000000
2026-03-25 19:45+01:00,0.000000
2026-03-25 20:00+01:00,0.000000
2026-03-25 20:15+01:00,26.789777
2026-03-25 20:30+01:00,24.844927
2026-03-25 20:45+01:00,27.121035
2026-03-25 21:00+01:00,28.861572
2026-03-25 21:15+01:00,26.871260
2026-03-25 21:30+01:00,26.883415
2026-03-25 21:45+01:00,28.188602
2026-03-25 22:00+01:00,24.327846
2026-03-25 22:15+01:00,24.334686
2026-03-25 22:30+01:00,25.641188
2026-03-25 22:45+01:00,26.314939
2026-03-25 23:00+01:00,25.911915
2026-03-25 23:15+01:00,24.613273
2026-03-25 23:30+01:00,26.316751
2026-03-25 23:45+01:00,24.277885
2026-03-26 00:00+01:00,27.816266
2026-03-26 00:15+01:00,0.000000
2026-03-26 00:30+01:00,0.000000
2026-03-26 00:45+01:00,0.000000
2026-03-26 01:00+01:00,0.000000
2026-03-26 01:15+01:00,0.000000
2026-03-26 01:30+01:00,0.000000
2026-03-26 01:45+01:00,0.000000
2026-03-26 02:00+01:00,0.000000
2026-03-26 02:15+01:00,0.000000
2026-03-26 02:30+01:00,0.000000
2026-03-26 02:45+01:00,0.000000
2026-03-26 03:00+01:00,0.000000
2026-03-26 03:15+01:00,0.000000
2026-03-26 03:30+01:00,0.000000
2026-03-26 03:45+01:00,0.000000
2026-03-26 04:00+01:00,0.000000
2026-03-26 04:15+01:00,0.000000
2026-03-26 04:30+01:00,0.000000
2026-03-26 04:45+01:00,0.000000
2026-03-26 05:00+01:00,0.000000
2026-03-26 05:15+01:00,0.000000
2026-03-26 05:30+01:00,0.000000
2026-03-26 05:45+01:00,0.000000
2026-03-26 06:00+01:00,0.000000
2026-03-26 06:15+01:00,0.000000
2026-03-26 06:30+01:00,0.000000
2026-03-26 06:45+01:00,0.000000
2026-03-26 07:00+01:00,0.000000
2026-03-26 07:15+01:00,0.000000
2026-03-26 07:30+01:00,0.000000
2026-03-26 07:45+01:00,24.321810
2026-03-26 08:00+01:00,24.504337
2026-03-26 08:15+01:00,25.323238
2026-03-26 08:30+01:00,25.624930
2026-03-26 08:45+01:00,25.039823
2026-03-26 09:00+01:00,27.858521
2026-03-26 09:15+01:00,23.757316
2026-03-26 09:30+01:00,27.492699
2026-03-26 09:45+01:00,28.038059
2026-03-26 10:00+01:00,26.404510
2026-03-26 10:15+01:00,27.038693
2026-03-26 10:30+01:00,24.691090
2026-03-26 10:45+01:00,26.883465
2026-03-26 11:00+01:00,25.560626
2026-03-26 11:15+01:00,25.243958
2026-03-26 11:30+01:00,24.913248
2026-03-26 11:45+01:00,26.885433
2026-03-26 12:00+01:00,27.850495
2026-03-26 12:15+01:00,26.447363
2026-03-26 12:30+01:00,29.279116
2026-03-26 12:45+01:00,25.673072
2026-03-26 13:00+01:00,0.000000
2026-03-26 13:15+01:00,0.000000
2026-03-26 13:30+01:00,0.000000
2026-03-26 13:45+01:00,0.000000
2026-03-26 14:00+01:00,0.000000
2026-03-26 14:15+01:00,0.000000
2026-03-26 14:30+01:00,0.000000
2026-03-26 14:45+01:00,0.000000
2026-03-26 15:00+01:00,0.000000
2026-03-26 15:15+01:00,0.000000
2026-03-26 15:30+01:00,0.000000
2026-03-26 15:45+01:00,0.000000
2026-03-26 16:00+01:00,0.000000
2026-03-26 16:15+01:00,0.000000
2026-03-26 16:30+01:00,0.000000
2026-03-26 16:45+01:00,0.000000
2026-03-26 17:00+01:00,0.000000
2026-03-26 17:15+01:00,0.000000
2026-03-26 17:30+01:00,0.000000
2026-03-26 17:45+01:00,0.000000
2026-03-26 18:00+01:00,0.000000
2026-03-26 18:15+01:00,0.000000
2026-03-26 18:30+01:00,0.000000
2026-03-26 18:45+01:00,0.000000
2026-03-26 19:00+01:00,0.000000
2026-03-26 19:15+01:00,0.000000
2026-03-26 19:30+01:00,0.000000
2026-03-26 19:45+01:00,0.000000
2026-03-26 20:00+01:00,23.906195
2026-03-26 20:15+01:00,26.122902
2026-03-26 20:30+01:00,25.538932
2026-03-26 20:45+01:00,28.329441
2026-03-26 21:00+01:00,24.535743
2026-03-26 21:15+01:00,24.083363
2026-03-26 21:30+01:00,27.962746
2026-03-26 21:45+01:00,24.172930
2026-03-26 22:00+01:00,28.382655
2026-03-26 22:15+01:00,25.875802
2026-03-26 22:30+01:00,0.000000
2026-03-26 22:45+01:00,0.000000
2026-03-26 23:00+01:00,0.000000
2026-03-26 23:15+01:00,
2026-03-26 23:30+01:00,0.000000
2026-03-26 23:45+01:00,0.000000
2026-03-27 00:00+01:00,0.000000
2026-03-27 00:15+01:00,0.000000
2026-03-27 00:30+01:00,0.000000
2026-03-27 00:45+01:00,0.000000
2026-03-27 01:00+01:00,0.000000
2026-03-27 01:15+01:00,0.000000
2026-03-27 01:30+01:00,0.000000
2026-03-27 01:45+01:00,0.000000
2026-03-27 02:00+01:00,0.000000
2026-03-27 02:15+01:00,0.000000
2026-03-27 02:30+01:00,0.000000
2026-03-27 02:45+01:00,0.000000
2026-03-27 03:00+01:00,0.000000
2026-03-27 03:15+01:00,0.000000
2026-03-27 03:30+01:00,0.000000
2026-03-27 03:45+01:00,0.000000
2026-03-27 04:00+01:00,0.000000
2026-03-27 04:15+01:00,0.000000
2026-03-27 04:30+01:00,0.000000
2026-03-27 04:45+01:00,0.000000
2026-03-27 05:00+01:00,0.000000
2026-03-27 05:15+01:00,0.000000
2026-03-27 05:30+01:00,0.000000
2026-03-27 05:45+01:00,0.000000
2026-03-27 06:00+01:00,0.000000
2026-03-27 06:15+01:00,0.000000
2026-03-27 06:30+01:00,0.000000
2026-03-27 06:45+01:00,
2026-03-27 07:00+01:00,0.000000
2026-03-27 07:15+01:00,0.000000
2026-03-27 07:30+01:00,0.000000
2026-03-27 07:45+01:00,0.000000
2026-03-27 08:00+01:00,0.000000
2026-03-27 08:15+01:00,0.000000
2026-03-27 08:30+01:00,0.000000
2026-03-27 08:45+01:00,0.000000
2026-03-27 09:00+01:00,0.000000
2026-03-27 09:15+01:00,0.000000
2026-03-27 09:30+01:00,0.000000
2026-03-27 09:45+01:00,0.000000
2026-03-27 10:00+01:00,0.000000
2026-03-27 10:15+01:00,0.000000
2026-03-27 10:30+01:00,0.000000
2026-03-27 10:45+01:00,0.000000
2026-03-27 11:00+01:00,0.000000
2026-03-27 11:15+01:00,0.000000
2026-03-27 11:30+01:00,25.393702
2026-03-27 11:45+01:00,21.768642
2026-03-27 12:00+01:00,25.069757
2026-03-27 12:15+01:00,25.729769
2026-03-27 12:30+01:00,25.662297
2026-03-27 12:45+01:00,25.136848
2026-03-27 13:00+01:00,27.376401
2026-03-27 13:15+01:00,28.504600
2026-03-27 13:30+01:00,26.430104
2026-03-27 13:45+01:00,23.667631
2026-03-27 14:00+01:00,26.536187
2026-03-27 14:15+01:00,28.304315
2026-03-27 14:30+01:00,25.589252
2026-03-27 14:45+01:00,24.434162
2026-03-27 15:00+01:00,27.556629
2026-03-27 15:15+01:00,0.000000
2026-03-27 15:30+01:00,0.000000
2026-03-27 15:45+01:00,0.000000
2026-03-27 16:00+01:00,0.000000
2026-03-27 16:15+01:00,0.000000
2026-03-27 16:30+01:00,0.000000
2026-03-27 16:45+01:00,0.000000
2026-03-27 17:00+01:00,25.230307
2026-03-27 17:15+01:00,26.752845
2026-03-27 17:30+01:00,25.830383
2026-03-27 17:45+01:00,25.017188
2026-03-27 18:00+01:00,26.677779
2026-03-27 18:15+01:00,25.867361
2026-03-27 18:30+01:00,28.285300
2026-03-27 18:45+01:00,28.954953
2026-03-27 19:00+01:00,28.222873
2026-03-27 19:15+01:00,28.707006
2026-03-27 19:30+01:00,25.324256
2026-03-27 19:45+01:00,24.369012
2026-03-27 20:00+01:00,25.504108
2026-03-27 20:15+01:00,24.697545
2026-03-27 20:30+01:00,28.011787
2026-03-27 20:45+01:00,28.059667
2026-03-27 21:00+01:00,0.000000
2026-03-27 21:15+01:00,0.000000
2026-03-27 21:30+01:00,0.000000
2026-03-27 21:45+01:00,0.000000
2026-03-27 22:00+01:00,0.000000
2026-03-27 22:15+01:00,0.000000
2026-03-27 22:30+01:00,0.000000
2026-03-27 22:45+01:00,0.000000
2026-03-27 23:00+01:00,0.000000
2026-03-27 23:15+01:00,0.000000
2026-03-27 23:30+01:00,0.000000
2026-03-27 23:45+01:00,0.000000
2026-03-28 00:00+01:00,0.000000
2026-03-28 00:15+01:00,0.000000
2026-03-28 00:30+01:00,0.000000
2026-03-28 00:45+01:00,0.000000
2026-03-28 01:00+01:00,0.000000
2026-03-28 01:15+01:00,0.000000
2026-03-28 01:30+01:00,0.000000
2026-03-28 01:45+01:00,0.000000
2026-03-28 02:00+01:00,0.000000
2026-03-28 02:15+01:00,0.000000
2026-03-28 02:30+01:00,0.000000
2026-03-28 02:45+01:00,0.000000
2026-03-28 03:00+01:00,0.000000
2026-03-28 03:15+01:00,0.000000
2026-03-28 03:30+01:00,0.000000
2026-03-28 03:45+01:00,0.000000
2026-03-28 04:00+01:00,0.000000
2026-03-28 04:15+01:00,0.000000
2026-03-28 04:30+01:00,0.000000
2026-03-28 04:45+01:00,0.000000
2026-03-28 05:00+01:00,25.021140
2026-03-28 05:15+01:00,26.678062
2026-03-28 05:30+01:00,27.417477
2026-03-28 05:45+01:00,27.249562
2026-03-28 06:00+01:00,27.999850
2026-03-28 06:15+01:00,26.880200
2026-03-28 06:30+01:00,27.108335
2026-03-28 06:45+01:00,22.996333
2026-03-28 07:00+01:00,24.917667
2026-03-28 07:15+01:00,23.890630
2026-03-28 07:30+01:00,25.880642
2026-03-28 07:45+01:00,23.806331
2026-03-28 08:00+01:00,24.289655
2026-03-28 08:15+01:00,24.555371
2026-03-28 08:30+01:00,22.668854
2026-03-28 08:45+01:00,26.843067
2026-03-28 09:00+01:00,26.445702
2026-03-28 09:15+01:00,24.050039
2026-03-28 09:30+01:00,26.264572
2026-03-28 09:45+01:00,23.513248
2026-03-28 10:00+01:00,24.977016
2026-03-28 10:15+01:00,23.531579
2026-03-28 10:30+01:00,23.985860
2026-03-28 10:45+01:00,26.475389
2026-03-28 11:00+01:00,27.009809
2026-03-28 11:15+01:00,25.268252
2026-03-28 11:30+01:00,25.037372
2026-03-28 11:45+01:00,
2026-03-28 12:00+01:00,27.210430
2026-03-28 12:15+01:00,26.398367
2026-03-28 12:30+01:00,26.257885
2026-03-28 12:45+01:00,0.000000
2026-03-28 13:00+01:00,0.000000
2026-03-28 13:15+01:00,0.000000
2026-03-28 13:30+01:00,0.000000
2026-03-28 13:45+01:00,0.000000
2026-03-28 14:00+01:00,0.000000
2026-03-28 14:15+01:00,0.000000
2026-03-28 14:30+01:00,0.000000
2026-03-28 14:45+01:00,0.000000
2026-03-28 15:00+01:00,0.000000
2026-03-28 15:15+01:00,0.000000
2026-03-28 15:30+01:00,0.000000
2026-03-28 15:45+01:00,0.000000
2026-03-28 16:00+01:00,0.000000
2026-03-28 16:15+01:00,0.000000
2026-03-28 16:30+01:00,0.000000
2026-03-28 16:45+01:00,0.000000
2026-03-28 17:00+01:00,0.000000
2026-03-28 17:15+01:00,0.000000
2026-03-28 17:30+01:00,0.000000
2026-03-28 17:45+01:00,0.000000
2026-03-28 18:00+01:00,0.000000
2026-03-28 18:15+01:00,0.000000
2026-03-28 18:30+01:00,0.000000
2026-03-28 18:45+01:00,0.000000
2026-03-28 19:00+01:00,0.000000
2026-03-28 19:15+01:00,0.000000
2026-03-28 19:30+01:00,0.000000
2026-03-28 19:45+01:00,0.000000
2026-03-28 20:00+01:00,0.000000
2026-03-28 20:15+01:00,0.000000
2026-03-28 20:30+01:00,0.000000
2026-03-28 20:45+01:00,0.000000
2026-03-28 21:00+01:00,0.000000
2026-03-28 21:15+01:00,0.000000
2026-03-28 21:30+01:00,0.000000
2026-03-28 21:45+01:00,0.000000
2026-03-28 22:00+01:00,0.000000
2026-03-28 22:15+01:00,0.000000
2026-03-28 22:30+01:00,0.000000
2026-03-28 22:45+01:00,0.000000
2026-03-28 23:00+01:00,0.000000
2026-03-28 23:15+01:00,0.000000
2026-03-28 23:30+01:00,0.000000
2026-03-28 23:45+01:00,0.000000
2026-03-29 00:00+01:00,0.000000
2026-03-29 00:15+01:00,0.000000
2026-03-29 00:30+01:00,0.000000
2026-03-29 00:45+01:00,0.000000
2026-03-29 01:00+01:00,0.000000
2026-03-29 01:15+01:00,0.000000
2026-03-29 01:30+01:00,0.000000
2026-03-29 01:45+01:00,0.000000
2026-03-29 03:00+02:00,0.000000
2026-03-29 03:15+02:00,0.000000
2026-03-29 03:30+02:00,0.000000
2026-03-29 03:45+02:00,0.000000
2026-03-29 04:00+02:00,0.000000
2026-03-29 04:15+02:00,0.000000
2026-03-29 04:30+02:00,0.000000
2026-03-29 04:45+02:00,0.000000
2026-03-29 05:00+02:00,0.000000
2026-03-29 05:15+02:00,0.000000
2026-03-29 05:30+02:00,24.139111
2026-03-29 05:45+02:00,28.715469
2026-03-29 06:00+02:00,28.846598
2026-03-29 06:15+02:00,25.230430
2026-03-29 06:30+02:00,26.253748
2026-03-29 06:45+02:00,25.402354
2026-03-29 07:00+02:00,26.279900
2026-03-29 07:15+02:00,28.228811
2026-03-29 07:30+02:00,25.139702
2026-03-29 07:45+02:00,25.986207
2026-03-29 08:00+02:00,0.000000
2026-03-29 08:15+02:00,0.000000
2026-03-29 08:30+02:00,0.000000
2026-03-29 08:45+02:00,0.000000
2026-03-29 09:00+02:00,0.000000
2026-03-29 09:15+02:00,0.000000
2026-03-29 09:30+02:00,0.000000
2026-03-29 09:45+02:00,0.000000
2026-03-29 10:00+02:00,0.000000
2026-03-29 10:15+02:00,0.000000
2026-03-29 10:30+02:00,0.000000
2026-03-29 10:45+02:00,0.000000
2026-03-29 11:00+02:00,0.000000
2026-03-29 11:15+02:00,0.000000
2026-03-29 11:30+02:00,0.000000
2026-03-29 11:45+02:00,0.000000
2026-03-29 12:00+02:00,0.000000
2026-03-29 12:15+02:00,0.000000
2026-03-29 12:30+02:00,0.000000
2026-03-29 12:45+02:00,0.000000
2026-03-29 13:00+02:00,0.000000
2026-03-29 13:15+02:00,0.000000
2026-03-29 13:30+02:00,0.000000
2026-03-29 13:45+02:00,26.800485
2026-03-29 14:00+02:00,24.914084
2026-03-29 14:15+02:00,28.330094
2026-03-29 14:30+02:00,26.272201
2026-03-29 14:45+02:00,26.690196
2026-03-29 15:00+02:00,25.044393
2026-03-29 15:15+02:00,25.613657
2026-03-29 15:30+02:00,25.392750
2026-03-29 15:45+02:00,24.603375
2026-03-29 16:00+02:00,26.432089
2026-03-29 16:15+02:00,0.000000
2026-03-29 16:30+02:00,25.920053
2026-03-29 16:45+02:00,25.489947
2026-03-29 17:00+02:00,27.291708
2026-03-29 17:15+02:00,30.456460
2026-03-29 17:30+02:00,26.495963
2026-03-29 17:45+02:00,27.766018
2026-03-29 18:00+02:00,27.404475
2026-03-29 18:15+02:00,26.869721
2026-03-29 18:30+02:00,23.597691
2026-03-29 18:45+02:00,25.682361
2026-03-29 19:00+02:00,0.000000
2026-03-29 19:15+02:00,0.000000
2026-03-29 19:30+02:00,0.000000
2026-03-29 19:45+02:00,0.000000
2026-03-29 20:00+02:00,0.000000
2026-03-29 20:15+02:00,0.000000
2026-03-29 20:30+02:00,0.000000
2026-03-29 20:45+02:00,0.000000
2026-03-29 21:00+02:00,0.000000
2026-03-29 21:15+02:00,0.000000
2026-03-29 21:30+02:00,0.000000
2026-03-29 21:45+02:00,0.000000
2026-03-29 22:00+02:00,0.000000
2026-03-29 22:15+02:00,0.000000
2026-03-29 22:30+02:00,0.000000
2026-03-29 22:45+02:00,0.000000
2026-03-29 23:00+02:00,0.000000
2026-03-29 23:15+02:00,0.000000
2026-03-29 23:30+02:00,0.000000
2026-03-29 23:45+02:00,0.000000
2026-03-30 00:00+02:00,0.000000
2026-03-30 00:15+02:00,0.000000
2026-03-30 00:30+02:00,27.438688
2026-03-30 00:45+02:00,30.076337
2026-03-30 01:00+02:00,26.060127
2026-03-30 01:15+02:00,26.421370
2026-03-30 01:30+02:00,25.865074
2026-03-30 01:45+02:00,26.069156
2026-03-30 02:00+02:00,28.000750
2026-03-30 02:15+02:00,22.118862
2026-03-30 02:30+02:00,26.494839
2026-03-30 02:45+02:00,28.749207
2026-03-30 03:00+02:00,25.881925
2026-03-30 03:15+02:00,23.682812
2026-03-30 03:30+02:00,27.373180
2026-03-30 03:45+02:00,27.069541
2026-03-30 04:00+02:00,21.283170
2026-03-30 04:15+02:00,27.844768
2026-03-30 04:30+02:00,0.000000
2026-03-30 04:45+02:00,0.000000
2026-03-30 05:00+02:00,0.000000
2026-03-30 05:15+02:00,0.000000
2026-03-30 05:30+02:00,0.000000
2026-03-30 05:45+02:00,0.000000
2026-03-30 06:00+02:00,0.000000
2026-03-30 06:15+02:00,0.000000
2026-03-30 06:30+02:00,0.000000
2026-03-30 06:45+02:00,0.000000
2026-03-30 07:00+02:00,0.000000
2026-03-30 07:15+02:00,0.000000
2026-03-30 07:30+02:00,0.000000
2026-03-30 07:45+02:00,0.000000
2026-03-30 08:00+02:00,0.000000
2026-03-30 08:15+02:00,0.000000
2026-03-30 08:30+02:00,0.000000
2026-03-30 08:45+02:00,0.000000
2026-03-30 09:00+02:00,0.000000
2026-03-30 09:15+02:00,0.000000
2026-03-30 09:30+02:00,0.000000
2026-03-30 09:45+02:00,
2026-03-30 10:00+02:00,0.000000
2026-03-30 10:15+02:00,0.000000
2026-03-30 10:30+02:00,0.000000
2026-03-30 10:45+02:00,0.000000
2026-03-30 11:00+02:00,0.000000
2026-03-30 11:15+02:00,0.000000
2026-03-30 11:30+02:00,0.000000
2026-03-30 11:45+02:00,0.000000
2026-03-30 12:00+02:00,0.000000
2026-03-30 12:15+02:00,0.000000
2026-03-30 12:30+02:00,0.000000
2026-03-30 12:45+02:00,0.000000
2026-03-30 13:00+02:00,0.000000
2026-03-30 13:15+02:00,0.000000
2026-03-30 13:30+02:00,0.000000
2026-03-30 13:45+02:00,0.000000
2026-03-30 14:00+02:00,0.000000
2026-03-30 14:15+02:00,23.103409
2026-03-30 14:30+02:00,26.434770
2026-03-30 14:45+02:00,27.667732
2026-03-30 15:00+02:00,28.701527
2026-03-30 15:15+02:00,23.824454
2026-03-30 15:30+02:00,26.385499
2026-03-30 15:45+02:00,27.729986
2026-03-30 16:00+02:00,23.874911
2026-03-30 16:15+02:00,24.133675
2026-03-30 16:30+02:00,27.816129
2026-03-30 16:45+02:00,24.077977
2026-03-30 17:00+02:00,23.906370
2026-03-30 17:15+02:00,25.396500
2026-03-30 17:30+02:00,28.756390
2026-03-30 17:45+02:00,26.268703
2026-03-30 18:00+02:00,0.000000
2026-03-30 18:15+02:00,0.000000
2026-03-30 18:30+02:00,0.000000
2026-03-30 18:45+02:00,0.000000
2026-03-30 19:00+02:00,0.000000
2026-03-30 19:15+02:00,0.000000
2026-03-30 19:30+02:00,0.000000
2026-03-30 19:45+02:00,0.000000
2026-03-30 20:00+02:00,0.000000
2026-03-30 20:15+02:00,0.000000
2026-03-30 20:30+02:00,0.000000
2026-03-30 20:45+02:00,0.000000
2026-03-30 21:00+02:00,0.000000
2026-03-30 21:15+02:00,0.000000
2026-03-30 21:30+02:00,0.000000
2026-03-30 21:45+02:00,0.000000
2026-03-30 22:00+02:00,0.000000
2026-03-30 22:15+02:00,0.000000
2026-03-30 22:30+02:00,0.000000
2026-03-30 22:45+02:00,0.000000
2026-03-30 23:00+02:00,0.000000
2026-03-30 23:15+02:00,0.000000
2026-03-30 23:30+02:00,0.000000
2026-03-30 23:45+02:00,0.000000
2026-03-31 00:00+02:00,0.000000
2026-03-31 00:15+02:00,0.000000
2026-03-31 00:30+02:00,0.000000
2026-03-31 00:45+02:00,0.000000
2026-03-31 01:00+02:00,26.445230
2026-03-31 01:15+02:00,26.342411
2026-03-31 01:30+02:00,25.715749
2026-03-31 01:45+02:00,27.951791
2026-03-31 02:00+02:00,27.056884
2026-03-31 02:15+02:00,24.952095
2026-03-31 02:30+02:00,26.347789
2026-03-31 02:45+02:00,29.577843
2026-03-31 03:00+02:00,23.956047
2026-03-31 03:15+02:00,23.428667
2026-03-31 03:30+02:00,22.768754
2026-03-31 03:45+02:00,23.555893
2026-03-31 04:00+02:00,28.171336
2026-03-31 04:15+02:00,23.692551
2026-03-31 04:30+02:00,29.220311
2026-03-31 04:45+02:00,26.241031
2026-03-31 05:00+02:00,0.000000
2026-03-31 05:15+02:00,0.000000
2026-03-31 05:30+02:00,0.000000
2026-03-31 05:45+02:00,0.000000
2026-03-31 06:00+02:00,0.000000
2026-03-31 06:15+02:00,0.000000
2026-03-31 06:30+02:00,0.000000
2026-03-31 06:45+02:00,0.000000
2026-03-31 07:00+02:00,0.000000
2026-03-31 07:15+02:00,0.000000
2026-03-31 07:30+02:00,0.000000
2026-03-31 07:45+02:00,0.000000
2026-03-31 08:00+02:00,0.000000
2026-03-31 08:15+02:00,0.000000
2026-03-31 08:30+02:00,0.000000
2026-03-31 08:45+02:00,0.000000
2026-03-31 09:00+02:00,0.000000
2026-03-31 09:15+02:00,0.000000
2026-03-31 09:30+02:00,0.000000
2026-03-31 09:45+02:00,0.000000
2026-03-31 10:00+02:00,0.000000
2026-03-31 10:15+02:00,0.000000
2026-03-31 10:30+02:00,0.000000
2026-03-31 10:45+02:00,0.000000
2026-03-31 11:00+02:00,0.000000
2026-03-31 11:15+02:00,0.000000
2026-03-31 11:30+02:00,0.000000
2026-03-31 11:45+02:00,0.000000
2026-03-31 12:00+02:00,0.000000
2026-03-31 12:15+02:00,0.000000
2026-03-31 12:30+02:00,0.000000
2026-03-31 12:45+02:00,0.000000
2026-03-31 13:00+02:00,0.000000
2026-03-31 13:15+02:00,0.000000
2026-03-31 13:30+02:00,0.000000
2026-03-31 13:45+02:00,
2026-03-31 14:00+02:00,
2026-03-31 14:15+02:00,
2026-03-31 14:30+02:00,
2026-03-31 14:45+02:00,
2026-03-31 15:00+02:00,
2026-03-31 15:15+02:00,
2026-03-31 15:30+02:00,
2026-03-31 15:45+02:00,
2026-03-31 16:00+02:00,
2026-03-31 16:15+02:00,24.263524
2026-03-31 16:30+02:00,27.053368
2026-03-31 16:45+02:00,26.595626
2026-03-31 17:00+02:00,25.746310
2026-03-31 17:15+02:00,25.817852
2026-03-31 17:30+02:00,27.761037
2026-03-31 17:45+02:00,24.084540
2026-03-31 18:00+02:00,26.614228
2026-03-31 18:15+02:00,26.541564
2026-03-31 18:30+02:00,0.000000
2026-03-31 18:45+02:00,0.000000
2026-03-31 19:00+02:00,0.000000
2026-03-31 19:15+02:00,0.000000
2026-03-31 19:30+02:00,0.000000
2026-03-31 19:45+02:00,0.000000
2026-03-31 20:00+02:00,0.000000
2026-03-31 20:15+02:00,0.000000
2026-03-31 20:30+02:00,0.000000
2026-03-31 20:45+02:00,0.000000
2026-03-31 21:00+02:00,0.000000
2026-03-31 21:15+02:00,0.000000
2026-03-31 21:30+02:00,0.000000
2026-03-31 21:45+02:00,0.000000
2026-03-31 22:00+02:00,0.000000
2026-03-31 22:15+02:00,0.000000
2026-03-31 22:30+02:00,0.000000
2026-03-31 22:45+02:00,0.000000
2026-03-31 23:00+02:00,0.000000
2026-03-31 23:15+02:00,0.000000
2026-03-31 23:30+02:00,0.000000
2026-03-31 23:45+02:00,0.000000
2026-04-01 00:00+02:00,0.000000
2026-04-01 00:15+02:00,0.000000
2026-04-01 00:30+02:00,0.000000
2026-04-01 00:45+02:00,0.000000
2026-04-01 01:00+02:00,0.000000
2026-04-01 01:15+02:00,0.000000
2026-04-01 01:30+02:00,0.000000
2026-04-01 01:45+02:00,0.000000
2026-04-01 02:00+02:00,0.000000
2026-04-01 02:15+02:00,0.000000
2026-04-01 02:30+02:00,0.000000
2026-04-01 02:45+02:00,0.000000
2026-04-01 03:00+02:00,0.000000
2026-04-01 03:15+02:00,0.000000
2026-04-01 03:30+02:00,0.000000
2026-04-01 03:45+02:00,0.000000
2026-04-01 04:00+02:00,0.000000
2026-04-01 04:15+02:00,0.000000
2026-04-01 04:30+02:00,0.000000
2026-04-01 04:45+02:00,0.000000
2026-04-01 05:00+02:00,0.000000
2026-04-01 05:15+02:00,0.000000
2026-04-01 05:30+02:00,0.000000
2026-04-01 05:45+02:00,0.000000
2026-04-01 06:00+02:00,0.000000
2026-04-01 06:15+02:00,0.000000
2026-04-01 06:30+02:00,0.000000
2026-04-01 06:45+02:00,0.000000
2026-04-01 07:00+02:00,0.000000
2026-04-01 07:15+02:00,0.000000
2026-04-01 07:30+02:00,0.000000
2026-04-01 07:45+02:00,0.000000
2026-04-01 08:00+02:00,0.000000
2026-04-01 08:15+02:00,0.000000
2026-04-01 08:30+02:00,0.000000
2026-04-01 08:45+02:00,0.000000
2026-04-01 09:00+02:00,0.000000
2026-04-01 09:15+02:00,0.000000
2026-04-01 09:30+02:00,0.000000
2026-04-01 09:45+02:00,0.000000
2026-04-01 10:00+02:00,0.000000
2026-04-01 10:15+02:00,0.000000
2026-04-01 10:30+02:00,0.000000
2026-04-01 10:45+02:00,0.000000
2026-04-01 11:00+02:00,0.000000
2026-04-01 11:15+02:00,0.000000
2026-04-01 11:30+02:00,0.000000
2026-04-01 11:45+02:00,0.000000
2026-04-01 12:00+02:00,0.000000
2026-04-01 12:15+02:00,26.695853
2026-04-01 12:30+02:00,29.204226
2026-04-01 12:45+02:00,26.821792
2026-04-01 13:00+02:00,23.371567
2026-04-01 13:15+02:00,23.779503
2026-04-01 13:30+02:00,24.357992
2026-04-01 13:45+02:00,23.873275
2026-04-01 14:00+02:00,28.700959
2026-04-01 14:15+02:00,22.956393
2026-04-01 14:30+02:00,24.931287
2026-04-01 14:45+02:00,25.822005
2026-04-01 15:00+02:00,24.743156
2026-04-01 15:15+02:00,26.653211
2026-04-01 15:30+02:00,23.703426
2026-04-01 15:45+02:00,24.310566
2026-04-01 16:00+02:00,0.000000
2026-04-01 16:15+02:00,0.000000
2026-04-01 16:30+02:00,0.000000
2026-04-01 16:45+02:00,0.000000
2026-04-01 17:00+02:00,0.000000
2026-04-01 17:15+02:00,0.000000
2026-04-01 17:30+02:00,0.000000
2026-04-01 17:45+02:00,0.000000
2026-04-01 18:00+02:00,0.000000
2026-04-01 18:15+02:00,0.000000
2026-04-01 18:30+02:00,0.000000
2026-04-01 18:45+02:00,0.000000
2026-04-01 19:00+02:00,0.000000
2026-04-01 19:15+02:00,0.000000
2026-04-01 19:30+02:00,0.000000
2026-04-01 19:45+02:00,25.386207
2026-04-01 20:00+02:00,25.443011
2026-04-01 20:15+02:00,28.977417
2026-04-01 20:30+02:00,29.660085
2026-04-01 20:45+02:00,26.045855
2026-04-01 21:00+02:00,27.972059
2026-04-01 21:15+02:00,25.361358
2026-04-01 21:30+02:00,23.562958
2026-04-01 21:45+02:00,23.731585
2026-04-01 22:00+02:00,28.392105
2026-04-01 22:15+02:00,26.177870
2026-04-01 22:30+02:00,22.988096
2026-04-01 22:45+02:00,28.663396
2026-04-01 23:00+02:00,24.618619
2026-04-01 23:15+02:00,28.421102
2026-04-01 23:30+02:00,24.730423
2026-04-01 23:45+02:00,0.000000
2026-04-02 00:00+02:00,0.000000
2026-04-02 00:15+02:00,
2026-04-02 00:30+02:00,0.000000
2026-04-02 00:45+02:00,0.000000
2026-04-02 01:00+02:00,0.000000
2026-04-02 01:15+02:00,0.000000
2026-04-02 01:30+02:00,0.000000
2026-04-02 01:45+02:00,0.000000
2026-04-02 02:00+02:00,0.000000
2026-04-02 02:15+02:00,0.000000
2026-04-02 02:30+02:00,0.000000
2026-04-02 02:45+02:00,0.000000
2026-04-02 03:00+02:00,0.000000
2026-04-02 03:15+02:00,0.000000
2026-04-02 03:30+02:00,0.000000
2026-04-02 03:45+02:00,0.000000
2026-04-02 04:00+02:00,0.000000
2026-04-02 04:15+02:00,0.000000
2026-04-02 04:30+02:00,0.000000
2026-04-02 04:45+02:00,0.000000
2026-04-02 05:00+02:00,0.000000
2026-04-02 05:15+02:00,0.000000
2026-04-02 05:30+02:00,0.000000
2026-04-02 05:45+02:00,0.000000
2026-04-02 06:00+02:00,0.000000
2026-04-02 06:15+02:00,0.000000
2026-04-02 06:30+02:00,0.000000
2026-04-02 06:45+02:00,0.000000
2026-04-02 07:00+02:00,0.000000
2026-04-02 07:15+02:00,0.000000
2026-04-02 07:30+02:00,0.000000
2026-04-02 07:45+02:00,0.000000
2026-04-02 08:00+02:00,0.000000
2026-04-02 08:15+02:00,0.000000
2026-04-02 08:30+02:00,0.000000
2026-04-02 08:45+02:00,0.000000
2026-04-02 09:00+02:00,0.000000
2026-04-02 09:15+02:00,0.000000
2026-04-02 09:30+02:00,0.000000
2026-04-02 09:45+02:00,26.466701
2026-04-02 10:00+02:00,27.565858
2026-04-02 10:15+02:00,23.106799
2026-04-02 10:30+02:00,27.563503
2026-04-02 10:45+02:00,24.605591
2026-04-02 11:00+02:00,28.021373
2026-04-02 11:15+02:00,25.856744
2026-04-02 11:30+02:00,29.710933
2026-04-02 11:45+02:00,23.068519
2026-04-02 12:00+02:00,26.236076
2026-04-02 12:15+02:00,26.395591
2026-04-02 12:30+02:00,26.637949
2026-04-02 12:45+02:00,25.580074
2026-04-02 13:00+02:00,26.830257
2026-04-02 13:15+02:00,25.685345
2026-04-02 13:30+02:00,0.000000
2026-04-02 13:45+02:00,0.000000
2026-04-02 14:00+02:00,0.000000
2026-04-02 14:15+02:00,0.000000
2026-04-02 14:30+02:00,0.000000
2026-04-02 14:45+02:00,0.000000
2026-04-02 15:00+02:00,0.000000
2026-04-02 15:15+02:00,0.000000
2026-04-02 15:30+02:00,0.000000
2026-04-02 15:45+02:00,0.000000
2026-04-02 16:00+02:00,0.000000
2026-04-02 16:15+02:00,0.000000
2026-04-02 16:30+02:00,0.000000
2026-04-02 16:45+02:00,0.000000
2026-04-02 17:00+02:00,0.000000
2026-04-02 17:15+02:00,0.000000
2026-04-02 17:30+02:00,0.000000
2026-04-02 17:45+02:00,0.000000
2026-04-02 18:00+02:00,0.000000
2026-04-02 18:15+02:00,23.557284
2026-04-02 18:30+02:00,26.031813
2026-04-02 18:45+02:00,28.035255
2026-04-02 19:00+02:00,26.653790
2026-04-02 19:15+02:00,24.514306
2026-04-02 19:30+02:00,24.010254
2026-04-02 19:45+02:00,20.106577
2026-04-02 20:00+02:00,26.328730
2026-04-02 20:15+02:00,26.130256
2026-04-02 20:30+02:00,22.049128
2026-04-02 20:45+02:00,28.396172
2026-04-02 21:00+02:00,24.715027
2026-04-02 21:15+02:00,25.845213
2026-04-02 21:30+02:00,24.717372
2026-04-02 21:45+02:00,26.808449
2026-04-02 22:00+02:00,25.895277
2026-04-02 22:15+02:00,0.000000
2026-04-02 22:30+02:00,0.000000
2026-04-02 22:45+02:00,0.000000
2026-04-02 23:00+02:00,0.000000
2026-04-02 23:15+02:00,0.000000
2026-04-02 23:30+02:00,0.000000
2026-04-02 23:45+02:00,0.000000
2026-04-03 00:00+02:00,0.000000
2026-04-03 00:15+02:00,0.000000
2026-04-03 00:30+02:00,0.000000
2026-04-03 00:45+02:00,0.000000
2026-04-03 01:00+02:00,0.000000
2026-04-03 01:15+02:00,0.000000
2026-04-03 01:30+02:00,0.000000
2026-04-03 01:45+02:00,0.000000
2026-04-03 02:00+02:00,0.000000
2026-04-03 02:15+02:00,0.000000
2026-04-03 02:30+02:00,0.000000
2026-04-03 02:45+02:00,0.000000
2026-04-03 03:00+02:00,0.000000
2026-04-03 03:15+02:00,0.000000
2026-04-03 03:30+02:00,0.000000
2026-04-03 03:45+02:00,0.000000
2026-04-03 04:00+02:00,0.000000
2026-04-03 04:15+02:00,0.000000
2026-04-03 04:30+02:00,0.000000
2026-04-03 04:45+02:00,0.000000
2026-04-03 05:00+02:00,26.620303
2026-04-03 05:15+02:00,26.934834
2026-04-03 05:30+02:00,26.600509
2026-04-03 05:45+02:00,27.073367
2026-04-03 06:00+02:00,26.952646
2026-04-03 06:15+02:00,22.421196
2026-04-03 06:30+02:00,26.333011
2026-04-03 06:45+02:00,27.286271
2026-04-03 07:00+02:00,24.402236
2026-04-03 07:15+02:00,28.503626
2026-04-03 07:30+02:00,22.657823
2026-04-03 07:45+02:00,21.116356
2026-04-03 08:00+02:00,27.511458
2026-04-03 08:15+02:00,24.993574
2026-04-03 08:30+02:00,26.232885
2026-04-03 08:45+02:00,25.310650
2026-04-03 09:00+02:00,0.000000
2026-04-03 09:15+02:00,0.000000
2026-04-03 09:30+02:00,0.000000
2026-04-03 09:45+02:00,0.000000
2026-04-03 10:00+02:00,0.000000
2026-04-03 10:15+02:00,0.000000
2026-04-03 10:30+02:00,0.000000
2026-04-03 10:45+02:00,0.000000
2026-04-03 11:00+02:00,0.000000
2026-04-03 11:15+02:00,0.000000
2026-04-03 11:30+02:00,0.000000
2026-04-03 11:45+02:00,0.000000
2026-04-03 12:00+02:00,0.000000
2026-04-03 12:15+02:00,0.000000
2026-04-03 12:30+02:00,0.000000
2026-04-03 12:45+02:00,0.000000
2026-04-03 13:00+02:00,25.793088
2026-04-03 13:15+02:00,25.159805
2026-04-03 13:30+02:00,23.863340
2026-04-03 13:45+02:00,25.390562
2026-04-03 14:00+02:00,23.937928
2026-04-03 14:15+02:00,25.124100
2026-04-03 14:30+02:00,24.597650
2026-04-03 14:45+02:00,24.276242
2026-04-03 15:00+02:00,28.883841
2026-04-03 15:15+02:00,23.698341
2026-04-03 15:30+02:00,
2026-04-03 15:45+02:00,26.911681
2026-04-03 16:00+02:00,28.645776
2026-04-03 16:15+02:00,27.458878
2026-04-03 16:30+02:00,27.289923
2026-04-03 16:45+02:00,0.000000
2026-04-03 17:00+02:00,0.000000
2026-04-03 17:15+02:00,0.000000
2026-04-03 17:30+02:00,0.000000
2026-04-03 17:45+02:00,0.000000
2026-04-03 18:00+02:00,0.000000
2026-04-03 18:15+02:00,0.000000
2026-04-03 18:30+02:00,0.000000
2026-04-03 18:45+02:00,0.000000
2026-04-03 19:00+02:00,0.000000
2026-04-03 19:15+02:00,0.000000
2026-04-03 19:30+02:00,0.000000
2026-04-03 19:45+02:00,0.000000
2026-04-03 20:00+02:00,0.000000
2026-04-03 20:15+02:00,0.000000
2026-04-03 20:30+02:00,0.000000
2026-04-03 20:45+02:00,0.000000
2026-04-03 21:00+02:00,0.000000
2026-04-03 21:15+02:00,0.000000
2026-04-03 21:30+02:00,0.000000
2026-04-03 21:45+02:00,0.000000
2026-04-03 22:00+02:00,0.000000
2026-04-03 22:15+02:00,0.000000
2026-04-03 22:30+02:00,0.000000
2026-04-03 22:45+02:00,0.000000
2026-04-03 23:00+02:00,0.000000
2026-04-03 23:15+02:00,0.000000
2026-04-03 23:30+02:00,0.000000
2026-04-03 23:45+02:00,0.000000
2026-04-04 00:00+02:00,0.000000
2026-04-04 00:15+02:00,0.000000
2026-04-04 00:30+02:00,0.000000
2026-04-04 00:45+02:00,0.000000
2026-04-04 01:00+02:00,0.000000
2026-04-04 01:15+02:00,0.000000
2026-04-04 01:30+02:00,0.000000
2026-04-04 01:45+02:00,0.000000
2026-04-04 02:00+02:00,0.000000
2026-04-04 02:15+02:00,0.000000
2026-04-04 02:30+02:00,0.000000
2026-04-04 02:45+02:00,0.000000
2026-04-04 03:00+02:00,0.000000
2026-04-04 03:15+02:00,0.000000
2026-04-04 03:30+02:00,25.781509
2026-04-04 03:45+02:00,24.172304
2026-04-04 04:00+02:00,26.045205
2026-04-04 04:15+02:00,25.692682
2026-04-04 04:30+02:00,25.744091
2026-04-04 04:45+02:00,25.889328
2026-04-04 05:00+02:00,23.331472
2026-04-04 05:15+02:00,25.830133
2026-04-04 05:30+02:00,25.169957
2026-04-04 05:45+02:00,28.829718
2026-04-04 06:00+02:00,25.490129
2026-04-04 06:15+02:00,0.000000
2026-04-04 06:30+02:00,0.000000
2026-04-04 06:45+02:00,0.000000
2026-04-04 07:00+02:00,0.000000
2026-04-04 07:15+02:00,0.000000
2026-04-04 07:30+02:00,0.000000
2026-04-04 07:45+02:00,0.000000
2026-04-04 08:00+02:00,0.000000
2026-04-04 08:15+02:00,0.000000
2026-04-04 08:30+02:00,0.000000
2026-04-04 08:45+02:00,0.000000
2026-04-04 09:00+02:00,0.000000
2026-04-04 09:15+02:00,0.000000
2026-04-04 09:30+02:00,0.000000
2026-04-04 09:45+02:00,0.000000
2026-04-04 10:00+02:00,0.000000
2026-04-04 10:15+02:00,0.000000
2026-04-04 10:30+02:00,0.000000
2026-04-04 10:45+02:00,0.000000
2026-04-04 11:00+02:00,0.000000
2026-04-04 11:15+02:00,0.000000
2026-04-04 11:30+02:00,0.000000
2026-04-04 11:45+02:00,0.000000
2026-04-04 12:00+02:00,0.000000
2026-04-04 12:15+02:00,0.000000
2026-04-04 12:30+02:00,0.000000
2026-04-04 12:45+02:00,0.000000
2026-04-04 13:00+02:00,0.000000
2026-04-04 13:15+02:00,0.000000
2026-04-04 13:30+02:00,0.000000
2026-04-04 13:45+02:00,0.000000
2026-04-04 14:00+02:00,0.000000
2026-04-04 14:15+02:00,0.000000
2026-04-04 14:30+02:00,0.000000
2026-04-04 14:45+02:00,0.000000
2026-04-04 15:00+02:00,0.000000
2026-04-04 15:15+02:00,24.869152
2026-04-04 15:30+02:00,24.932121
2026-04-04 15:45+02:00,24.775791
2026-04-04 16:00+02:00,24.453747
2026-04-04 16:15+02:00,24.141715
2026-04-04 16:30+02:00,26.936709
2026-04-04 16:45+02:00,25.483890
2026-04-04 17:00+02:00,27.978458
2026-04-04 17:15+02:00,26.159852
2026-04-04 17:30+02:00,22.759661
2026-04-04 17:45+02:00,0.000000
2026-04-04 18:00+02:00,0.000000
2026-04-04 18:15+02:00,0.000000
2026-04-04 18:30+02:00,0.000000
2026-04-04 18:45+02:00,0.000000
2026-04-04 19:00+02:00,0.000000
2026-04-04 19:15+02:00,0.000000
2026-04-04 19:30+02:00,0.000000
2026-04-04 19:45+02:00,0.000000
2026-04-04 20:00+02:00,0.000000
2026-04-04 20:15+02:00,0.000000
2026-04-04 20:30+02:00,0.000000
2026-04-04 20:45+02:00,0.000000
2026-04-04 21:00+02:00,0.000000
2026-04-04 21:15+02:00,0.000000
2026-04-04 21:30+02:00,0.000000
2026-04-04 21:45+02:00,26.402980
2026-04-04 22:00+02:00,24.226301
2026-04-04 22:15+02:00,24.600760
2026-04-04 22:30+02:00,23.905353
2026-04-04 22:45+02:00,27.016798
2026-04-04 23:00+02:00,25.233924
2026-04-04 23:15+02:00,27.819130
2026-04-04 23:30+02:00,27.255472
2026-04-04 23:45+02:00,26.451366
2026-04-05 00:00+02:00,23.847192
