timestamp,value_kwh
2026-01-05 00:15+01:00,0.000000
2026-01-05 00:30+01:00,0.000000
2026-01-05 00:45+01:00,0.000000
2026-01-05 01:00+01:00,0.000000
2026-01-05 01:15+01:00,
2026-01-05 01:30+01:00,0.000000
2026-01-05 01:45+01:00,0.000000
2026-01-05 02:00+01:00,2.278374
2026-01-05 02:15+01:00,2.274257
2026-01-05 02:30+01:00,2.541456
2026-01-05 02:45+01:00,2.529293
2026-01-05 03:00+01:00,2.521582
2026-01-05 03:15+01:00,2.488360
2026-01-05 03:30+01:00,2.571078
2026-01-05 03:45+01:00,2.360781
2026-01-05 04:00+01:00,2.395211
2026-01-05 04:15+01:00,2.263168
2026-01-05 04:30+01:00,2.683267
2026-01-05 04:45+01:00,2.527091
2026-01-05 05:00+01:00,2.316866
2026-01-05 05:15+01:00,2.598854
2026-01-05 05:30+01:00,2.631721
2026-01-05 05:45+01:00,0.000000
2026-01-05 06:00+01:00,0.000000
2026-01-05 06:15+01:00,0.000000
2026-01-05 06:30+01:00,0.000000
2026-01-05 06:45+01:00,0.000000
2026-01-05 07:00+01:00,0.000000
2026-01-05 07:15+01:00,0.000000
2026-01-05 07:30+01:00,0.000000
2026-01-05 07:45+01:00,0.000000
2026-01-05 08:00+01:00,0.000000
2026-01-05 08:15+01:00,0.000000
2026-01-05 08:30+01:00,0.000000
2026-01-05 08:45+01:00,0.000000
2026-01-05 09:00+01:00,0.000000
2026-01-05 09:15+01:00,0.000000
2026-01-05 09:30+01:00,0.000000
2026-01-05 09:45+01:00,0.000000
2026-01-05 10:00+01:00,0.000000
2026-01-05 10:15+01:00,0.000000
2026-01-05 10:30+01:00,0.000000
2026-01-05 10:45+01:00,0.000000
2026-01-05 11:00+01:00,0.000000
2026-01-05 11:15+01:00,0.000000
2026-01-05 11:30+01:00,0.000000
2026-01-05 11:45+01:00,0.000000
2026-01-05 12:00+01:00,0.000000
2026-01-05 12:15+01:00,0.000000
2026-01-05 12:30+01:00,0.000000
2026-01-05 12:45+01:00,0.000000
2026-01-05 13:00+01:00,0.000000
2026-01-05 13:15+01:00,0.000000
2026-01-05 13:30+01:00,0.000000
2026-01-05 13:45+01:00,0.000000
2026-01-05 14:00+01:00,0.000000
2026-01-05 14:15+01:00,0.000000
2026-01-05 14:30+01:00,0.000000
2026-01-05 14:45+01:00,0.000000
2026-01-05 15:00+01:00,0.000000
2026-01-05 15:15+01:00,0.000000
2026-01-05 15:30+01:00,0.000000
2026-01-05 15:45+01:00,0.000000
2026-01-05 16:00+01:00,
2026-01-05 16:15+01:00,2.611501
2026-01-05 16:30+01:00,2.524828
2026-01-05 16:45+01:00,2.409326
2026-01-05 17:00+01:00,2.445575
2026-01-05 17:15+01:00,2.552459
2026-01-05 17:30+01:00,2.378882
2026-01-05 17:45+01:00,2.422150
2026-01-05 18:00+01:00,2.458319
2026-01-05 18:15+01:00,2.616390
2026-01-05 18:30+01:00,2.211992
2026-01-05 18:45+01:00,2.625827
2026-01-05 19:00+01:00,
2026-01-05 19:15+01:00,2.485589
2026-01-05 19:30+01:00,2.366083
2026-01-05 19:45+01:00,2.375356
2026-01-05 20:00+01:00,2.333230
2026-01-05 20:15+01:00,0.000000
2026-01-05 20:30+01:00,0.000000
2026-01-05 20:45+01:00,0.000000
2026-01-05 21:00+01:00,0.000000
2026-01-05 21:15+01:00,0.000000
2026-01-05 21:30+01:00,0.000000
2026-01-05 21:45+01:00,0.000000
2026-01-05 22:00+01:00,
2026-01-05 22:15+01:00,0.000000
2026-01-05 22:30+01:00,0.000000
2026-01-05 22:45+01:00,0.000000
2026-01-05 23:00+01:00,0.000000
2026-01-05 23:15+01:00,0.000000
2026-01-05 23:30+01:00,0.000000
2026-01-05 23:45+01:00,0.000000
2026-01-06 00:00+01:00,0.000000
2026-01-06 00:15+01:00,0.000000
2026-01-06 00:30+01:00,0.000000
2026-01-06 00:45+01:00,0.000000
2026-01-06 01:00+01:00,0.000000
2026-01-06 01:15+01:00,0.000000
2026-01-06 01:30+01:00,0.000000
2026-01-06 01:45+01:00,0.000000
2026-01-06 02:00+01:00,0.000000
2026-01-06 02:15+01:00,0.000000
2026-01-06 02:30+01:00,0.000000
2026-01-06 02:45+01:00,0.000000
2026-01-06 03:00+01:00,0.000000
2026-01-06 03:15+01:00,0.000000
2026-01-06 03:30+01:00,0.000000
2026-01-06 03:45+01:00,0.000000
2026-01-06 04:00+01:00,0.000000
2026-01-06 04:15+01:00,0.000000
2026-01-06 04:30+01:00,2.344375
2026-01-06 04:45+01:00,2.448879
2026-01-06 05:00+01:00,2.370066
2026-01-06 05:15+01:00,
2026-01-06 05:30+01:00,2.464546
2026-01-06 05:45+01:00,2.533871
2026-01-06 06:00+01:00,2.300537
2026-01-06 06:15+01:00,2.329045
2026-01-06 06:30+01:00,2.473465
2026-01-06 06:45+01:00,2.449479
2026-01-06 07:00+01:00,2.442960
2026-01-06 07:15+01:00,2.298571
2026-01-06 07:30+01:00,2.550810
2026-01-06 07:45+01:00,2.668514
2026-01-06 08:00+01:00,2.634311
2026-01-06 08:15+01:00,0.000000
2026-01-06 08:30+01:00,0.000000
2026-01-06 08:45+01:00,0.000000
2026-01-06 09:00+01:00,0.000000
2026-01-06 09:15+01:00,2.573347
2026-01-06 09:30+01:00,2.470977
2026-01-06 09:45+01:00,2.552379
2026-01-06 10:00+01:00,2.412312
2026-01-06 10:15+01:00,2.370787
2026-01-06 10:30+01:00,2.359508
2026-01-06 10:45+01:00,2.619497
2026-01-06 11:00+01:00,2.428730
2026-01-06 11:15+01:00,2.512575
2026-01-06 11:30+01:00,2.205792
2026-01-06 11:45+01:00,2.226626
2026-01-06 12:00+01:00,2.649745
2026-01-06 12:15+01:00,2.444703
2026-01-06 12:30+01:00,2.520507
2026-01-06 12:45+01:00,2.673456
2026-01-06 13:00+01:00,2.394985
2026-01-06 13:15+01:00,0.000000
2026-01-06 13:30+01:00,0.000000
2026-01-06 13:45+01:00,0.000000
2026-01-06 14:00+01:00,0.000000
2026-01-06 14:15+01:00,0.000000
2026-01-06 14:30+01:00,0.000000
2026-01-06 14:45+01:00,0.000000
2026-01-06 15:00+01:00,0.000000
2026-01-06 15:15+01:00,0.000000
2026-01-06 15:30+01:00,0.000000
2026-01-06 15:45+01:00,0.000000
2026-01-06 16:00+01:00,0.000000
2026-01-06 16:15+01:00,0.000000
2026-01-06 16:30+01:00,0.000000
2026-01-06 16:45+01:00,0.000000
2026-01-06 17:00+01:00,0.000000
2026-01-06 17:15+01:00,0.000000
2026-01-06 17:30+01:00,0.000000
2026-01-06 17:45+01:00,0.000000
2026-01-06 18:00+01:00,0.000000
2026-01-06 18:15+01:00,0.000000
2026-01-06 18:30+01:00,0.000000
2026-01-06 18:45+01:00,0.000000
2026-01-06 19:00+01:00,0.000000
2026-01-06 19:15+01:00,0.000000
2026-01-06 19:30+01:00,0.000000
2026-01-06 19:45+01:00,0.000000
2026-01-06 20:00+01:00,0.000000
2026-01-06 20:15+01:00,0.000000
2026-01-06 20:30+01:00,0.000000
2026-01-06 20:45+01:00,0.000000
2026-01-06 21:00+01:00,0.000000
2026-01-06 21:15+01:00,0.000000
2026-01-06 21:30+01:00,0.000000
2026-01-06 21:45+01:00,0.000000
2026-01-06 22:00+01:00,0.000000
2026-01-06 22:15+01:00,0.000000
2026-01-06 22:30+01:00,0.000000
2026-01-06 22:45+01:00,0.000000
2026-01-06 23:00+01:00,0.000000
2026-01-06 23:15+01:00,0.000000
2026-01-06 23:30+01:00,0.000000
2026-01-06 23:45+01:00,0.000000
2026-01-07 00:00+01:00,0.000000
2026-01-07 00:15+01:00,0.000000
2026-01-07 00:30+01:00,0.000000
2026-01-07 00:45+01:00,0.000000
2026-01-07 01:00+01:00,2.521203
2026-01-07 01:15+01:00,2.724284
2026-01-07 01:30+01:00,2.483176
2026-01-07 01:45+01:00,2.660018
2026-01-07 02:00+01:00,2.525065
2026-01-07 02:15+01:00,2.362029
2026-01-07 02:30+01:00,2.315015
2026-01-07 02:45+01:00,2.432717
2026-01-07 03:00+01:00,2.486617
2026-01-07 03:15+01:00,2.548483
2026-01-07 03:30+01:00,0.000000
2026-01-07 03:45+01:00,0.000000
2026-01-07 04:00+01:00,0.000000
2026-01-07 04:15+01:00,0.000000
2026-01-07 04:30+01:00,0.000000
2026-01-07 04:45+01:00,0.000000
2026-01-07 05:00+01:00,2.704054
2026-01-07 05:15+01:00,2.523665
2026-01-07 05:30+01:00,2.371033
2026-01-07 05:45+01:00,2.513532
2026-01-07 06:00+01:00,2.620749
2026-01-07 06:15+01:00,2.608132
2026-01-07 06:30+01:00,2.323917
2026-01-07 06:45+01:00,2.302640
2026-01-07 07:00+01:00,2.317261
2026-01-07 07:15+01:00,2.425002
2026-01-07 07:30+01:00,2.459003
2026-01-07 07:45+01:00,2.503745
2026-01-07 08:00+01:00,2.363221
2026-01-07 08:15+01:00,2.395911
2026-01-07 08:30+01:00,2.398245
2026-01-07 08:45+01:00,2.434329
2026-01-07 09:00+01:00,2.475402
2026-01-07 09:15+01:00,2.431409
2026-01-07 09:30+01:00,2.460919
2026-01-07 09:45+01:00,2.363745
2026-01-07 10:00+01:00,2.363224
2026-01-07 10:15+01:00,0.000000
2026-01-07 10:30+01:00,0.000000
2026-01-07 10:45+01:00,0.000000
2026-01-07 11:00+01:00,0.000000
2026-01-07 11:15+01:00,0.000000
2026-01-07 11:30+01:00,0.000000
2026-01-07 11:45+01:00,0.000000
2026-01-07 12:00+01:00,0.000000
2026-01-07 12:15+01:00,0.000000
2026-01-07 12:30+01:00,0.000000
2026-01-07 12:45+01:00,0.000000
2026-01-07 13:00+01:00,0.000000
2026-01-07 13:15+01:00,0.000000
2026-01-07 13:30+01:00,0.000000
2026-01-07 13:45+01:00,0.000000
2026-01-07 14:00+01:00,0.000000
2026-01-07 14:15+01:00,0.000000
2026-01-07 14:30+01:00,0.000000
2026-01-07 14:45+01:00,0.000000
2026-01-07 15:00+01:00,0.000000
2026-01-07 15:15+01:00,0.000000
2026-01-07 15:30+01:00,0.000000
2026-01-07 15:45+01:00,0.000000
2026-01-07 16:00+01:00,0.000000
2026-01-07 16:15+01:00,0.000000
2026-01-07 16:30+01:00,0.000000
2026-01-07 16:45+01:00,0.000000
2026-01-07 17:00+01:00,0.000000
2026-01-07 17:15+01:00,0.000000
2026-01-07 17:30+01:00,0.000000
2026-01-07 17:45+01:00,0.000000
2026-01-07 18:00+01:00,0.000000
2026-01-07 18:15+01:00,0.000000
2026-01-07 18:30+01:00,0.000000
2026-01-07 18:45+01:00,0.000000
2026-01-07 19:00+01:00,0.000000
2026-01-07 19:15+01:00,0.000000
2026-01-07 19:30+01:00,0.000000
2026-01-07 19:45+01:00,0.000000
2026-01-07 20:00+01:00,0.000000
2026-01-07 20:15+01:00,0.000000
2026-01-07 20:30+01:00,0.000000
2026-01-07 20:45+01:00,0.000000
2026-01-07 21:00+01:00,0.000000
2026-01-07 21:15+01:00,0.000000
2026-01-07 21:30+01:00,
2026-01-07 21:45+01:00,0.000000
2026-01-07 22:00+01:00,0.000000
2026-01-07 22:15+01:00,0.000000
2026-01-07 22:30+01:00,0.000000
2026-01-07 22:45+01:00,
2026-01-07 23:00+01:00,0.000000
2026-01-07 23:15+01:00,0.000000
2026-01-07 23:30+01:00,0.000000
2026-01-07 23:45+01:00,0.000000
2026-01-08 00:00+01:00,0.000000
2026-01-08 00:15+01:00,0.000000
2026-01-08 00:30+01:00,
2026-01-08 00:45+01:00,0.000000
2026-01-08 01:00+01:00,0.000000
2026-01-08 01:15+01:00,0.000000
2026-01-08 01:30+01:00,0.000000
2026-01-08 01:45+01:00,0.000000
2026-01-08 02:00+01:00,0.000000
2026-01-08 02:15+01:00,0.000000
2026-01-08 02:30+01:00,0.000000
2026-01-08 02:45+01:00,0.000000
2026-01-08 03:00+01:00,0.000000
2026-01-08 03:15+01:00,0.000000
2026-01-08 03:30+01:00,0.000000
2026-01-08 03:45+01:00,0.000000
2026-01-08 04:00+01:00,0.000000
2026-01-08 04:15+01:00,0.000000
2026-01-08 04:30+01:00,0.000000
2026-01-08 04:45+01:00,0.000000
2026-01-08 05:00+01:00,0.000000
2026-01-08 05:15+01:00,0.000000
2026-01-08 05:30+01:00,0.000000
2026-01-08 05:45+01:00,0.000000
2026-01-08 06:00+01:00,0.000000
2026-01-08 06:15+01:00,0.000000
2026-01-08 06:30+01:00,2.417480
2026-01-08 06:45+01:00,2.472176
2026-01-08 07:00+01:00,2.471807
2026-01-08 07:15+01:00,2.434351
2026-01-08 07:30+01:00,2.370667
2026-01-08 07:45+01:00,2.526336
2026-01-08 08:00+01:00,2.402429
2026-01-08 08:15+01:00,2.503238
2026-01-08 08:30+01:00,2.318534
2026-01-08 08:45+01:00,2.593770
2026-01-08 09:00+01:00,2.447247
2026-01-08 09:15+01:00,2.352620
2026-01-08 09:30+01:00,2.529849
2026-01-08 09:45+01:00,2.423822
2026-01-08 10:00+01:00,2.377886
2026-01-08 10:15+01:00,2.360610
2026-01-08 10:30+01:00,2.525302
2026-01-08 10:45+01:00,2.566161
2026-01-08 11:00+01:00,2.615397
2026-01-08 11:15+01:00,2.466603
2026-01-08 11:30+01:00,2.476769
2026-01-08 11:45+01:00,2.597993
2026-01-08 12:00+01:00,2.517332
2026-01-08 12:15+01:00,2.325033
2026-01-08 12:30+01:00,2.387910
2026-01-08 12:45+01:00,2.342316
2026-01-08 13:00+01:00,2.580827
2026-01-08 13:15+01:00,2.470424
2026-01-08 13:30+01:00,2.425973
2026-01-08 13:45+01:00,2.546257
2026-01-08 14:00+01:00,2.393135
2026-01-08 14:15+01:00,0.000000
2026-01-08 14:30+01:00,0.000000
2026-01-08 14:45+01:00,0.000000
2026-01-08 15:00+01:00,0.000000
2026-01-08 15:15+01:00,0.000000
2026-01-08 15:30+01:00,0.000000
2026-01-08 15:45+01:00,0.000000
2026-01-08 16:00+01:00,0.000000
2026-01-08 16:15+01:00,0.000000
2026-01-08 16:30+01:00,0.000000
2026-01-08 16:45+01:00,0.000000
2026-01-08 17:00+01:00,0.000000
2026-01-08 17:15+01:00,0.000000
2026-01-08 17:30+01:00,0.000000
2026-01-08 17:45+01:00,0.000000
2026-01-08 18:00+01:00,0.000000
2026-01-08 18:15+01:00,0.000000
2026-01-08 18:30+01:00,0.000000
2026-01-08 18:45+01:00,0.000000
2026-01-08 19:00+01:00,
2026-01-08 19:15+01:00,0.000000
2026-01-08 19:30+01:00,0.000000
2026-01-08 19:45+01:00,0.000000
2026-01-08 20:00+01:00,0.000000
2026-01-08 20:15+01:00,0.000000
2026-01-08 20:30+01:00,0.000000
2026-01-08 20:45+01:00,0.000000
2026-01-08 21:00+01:00,0.000000
2026-01-08 21:15+01:00,0.000000
2026-01-08 21:30+01:00,0.000000
2026-01-08 21:45+01:00,0.000000
2026-01-08 22:00+01:00,0.000000
2026-01-08 22:15+01:00,0.000000
2026-01-08 22:30+01:00,0.000000
2026-01-08 22:45+01:00,0.000000
2026-01-08 23:00+01:00,0.000000
2026-01-08 23:15+01:00,0.000000
2026-01-08 23:30+01:00,0.000000
2026-01-08 23:45+01:00,0.000000
2026-01-09 00:00+01:00,0.000000
2026-01-09 00:15+01:00,0.000000
2026-01-09 00:30+01:00,0.000000
2026-01-09 00:45+01:00,0.000000
2026-01-09 01:00+01:00,0.000000
2026-01-09 01:15+01:00,0.000000
2026-01-09 01:30+01:00,0.000000
2026-01-09 01:45+01:00,0.000000
2026-01-09 02:00+01:00,0.000000
2026-01-09 02:15+01:00,0.000000
2026-01-09 02:30+01:00,0.000000
2026-01-09 02:45+01:00,0.000000
2026-01-09 03:00+01:00,0.000000
2026-01-09 03:15+01:00,0.000000
2026-01-09 03:30+01:00,0.000000
2026-01-09 03:45+01:00,0.000000
2026-01-09 04:00+01:00,0.000000
2026-01-09 04:15+01:00,0.000000
2026-01-09 04:30+01:00,0.000000
2026-01-09 04:45+01:00,0.000000
2026-01-09 05:00+01:00,0.000000
2026-01-09 05:15+01:00,0.000000
2026-01-09 05:30+01:00,0.000000
2026-01-09 05:45+01:00,0.000000
2026-01-09 06:00+01:00,0.000000
2026-01-09 06:15+01:00,0.000000
2026-01-09 06:30+01:00,2.533430
2026-01-09 06:45+01:00,2.551570
2026-01-09 07:00+01:00,2.497988
2026-01-09 07:15+01:00,2.695429
2026-01-09 07:30+01:00,2.733679
2026-01-09 07:45+01:00,2.486244
2026-01-09 08:00+01:00,2.572321
2026-01-09 08:15+01:00,2.710326
2026-01-09 08:30+01:00,2.299862
2026-01-09 08:45+01:00,2.832256
2026-01-09 09:00+01:00,2.424588
2026-01-09 09:15+01:00,2.489661
2026-01-09 09:30+01:00,2.256985
2026-01-09 09:45+01:00,2.618238
2026-01-09 10:00+01:00,2.665327
2026-01-09 10:15+01:00,2.191383
2026-01-09 10:30+01:00,2.233256
2026-01-09 10:45+01:00,2.338282
2026-01-09 11:00+01:00,2.427313
2026-01-09 11:15+01:00,2.328090
2026-01-09 11:30+01:00,0.000000
2026-01-09 11:45+01:00,0.000000
2026-01-09 12:00+01:00,0.000000
2026-01-09 12:15+01:00,0.000000
2026-01-09 12:30+01:00,0.000000
2026-01-09 12:45+01:00,0.000000
2026-01-09 13:00+01:00,0.000000
2026-01-09 13:15+01:00,0.000000
2026-01-09 13:30+01:00,0.000000
2026-01-09 13:45+01:00,0.000000
2026-01-09 14:00+01:00,0.000000
2026-01-09 14:15+01:00,0.000000
2026-01-09 14:30+01:00,0.000000
2026-01-09 14:45+01:00,0.000000
2026-01-09 15:00+01:00,0.000000
2026-01-09 15:15+01:00,0.000000
2026-01-09 15:30+01:00,0.000000
2026-01-09 15:45+01:00,2.427684
2026-01-09 16:00+01:00,2.336884
2026-01-09 16:15+01:00,2.558778
2026-01-09 16:30+01:00,2.385300
2026-01-09 16:45+01:00,2.711211
2026-01-09 17:00+01:00,2.596883
2026-01-09 17:15+01:00,2.345302
2026-01-09 17:30+01:00,2.521751
2026-01-09 17:45+01:00,2.492499
2026-01-09 18:00+01:00,2.546816
2026-01-09 18:15+01:00,2.448618
2026-01-09 18:30+01:00,0.000000
2026-01-09 18:45+01:00,0.000000
2026-01-09 19:00+01:00,0.000000
2026-01-09 19:15+01:00,0.000000
2026-01-09 19:30+01:00,0.000000
2026-01-09 19:45+01:00,0.000000
2026-01-09 20:00+01:00,0.000000
2026-01-09 20:15+01:00,0.000000
2026-01-09 20:30+01:00,0.000000
2026-01-09 20:45+01:00,0.000000
2026-01-09 21:00+01:00,0.000000
2026-01-09 21:15+01:00,0.000000
2026-01-09 21:30+01:00,0.000000
2026-01-09 21:45+01:00,0.000000
2026-01-09 22:00+01:00,0.000000
2026-01-09 22:15+01:00,0.000000
2026-01-09 22:30+01:00,0.000000
2026-01-09 22:45+01:00,0.000000
2026-01-09 23:00+01:00,0.000000
2026-01-09 23:15+01:00,0.000000
2026-01-09 23:30+01:00,0.000000
2026-01-09 23:45+01:00,0.000000
2026-01-10 00:00+01:00,0.000000
2026-01-10 00:15+01:00,0.000000
2026-01-10 00:30+01:00,0.000000
2026-01-10 00:45+01:00,0.000000
2026-01-10 01:00+01:00,0.000000
2026-01-10 01:15+01:00,0.000000
2026-01-10 01:30+01:00,0.000000
2026-01-10 01:45+01:00,0.000000
2026-01-10 02:00+01:00,0.000000
2026-01-10 02:15+01:00,0.000000
2026-01-10 02:30+01:00,0.000000
2026-01-10 02:45+01:00,0.000000
2026-01-10 03:00+01:00,0.000000
2026-01-10 03:15+01:00,0.000000
2026-01-10 03:30+01:00,0.000000
2026-01-10 03:45+01:00,0.000000
2026-01-10 04:00+01:00,0.000000
2026-01-10 04:15+01:00,0.000000
2026-01-10 04:30+01:00,0.000000
2026-01-10 04:45+01:00,0.000000
2026-01-10 05:00+01:00,0.000000
2026-01-10 05:15+01:00,0.000000
2026-01-10 05:30+01:00,0.000000
2026-01-10 05:45+01:00,0.000000
2026-01-10 06:00+01:00,0.000000
2026-01-10 06:15+01:00,0.000000
2026-01-10 06:30+01:00,0.000000
2026-01-10 06:45+01:00,0.000000
2026-01-10 07:00+01:00,0.000000
2026-01-10 07:15+01:00,0.000000
2026-01-10 07:30+01:00,0.000000
2026-01-10 07:45+01:00,0.000000
2026-01-10 08:00+01:00,0.000000
2026-01-10 08:15+01:00,0.000000
2026-01-10 08:30+01:00,0.000000
2026-01-10 08:45+01:00,0.000000
2026-01-10 09:00+01:00,0.000000
2026-01-10 09:15+01:00,0.000000
2026-01-10 09:30+01:00,0.000000
2026-01-10 09:45+01:00,0.000000
2026-01-10 10:00+01:00,0.000000
2026-01-10 10:15+01:00,0.000000
2026-01-10 10:30+01:00,0.000000
2026-01-10 10:45+01:00,0.000000
2026-01-10 11:00+01:00,0.000000
2026-01-10 11:15+01:00,0.000000
2026-01-10 11:30+01:00,2.502983
2026-01-10 11:45+01:00,2.379265
2026-01-10 12:00+01:00,2.498205
2026-01-10 12:15+01:00,2.216309
2026-01-10 12:30+01:00,2.384688
2026-01-10 12:45+01:00,2.349215
2026-01-10 13:00+01:00,2.520349
2026-01-10 13:15+01:00,2.490555
2026-01-10 13:30+01:00,2.379873
2026-01-10 13:45+01:00,2.500201
2026-01-10 14:00+01:00,0.000000
2026-01-10 14:15+01:00,0.000000
2026-01-10 14:30+01:00,0.000000
2026-01-10 14:45+01:00,0.000000
2026-01-10 15:00+01:00,0.000000
2026-01-10 15:15+01:00,0.000000
2026-01-10 15:30+01:00,0.000000
2026-01-10 15:45+01:00,0.000000
2026-01-10 16:00+01:00,0.000000
2026-01-10 16:15+01:00,2.469791
2026-01-10 16:30+01:00,2.339659
2026-01-10 16:45+01:00,2.561943
2026-01-10 17:00+01:00,2.416874
2026-01-10 17:15+01:00,2.432173
2026-01-10 17:30+01:00,2.428435
2026-01-10 17:45+01:00,2.713577
2026-01-10 18:00+01:00,2.274811
2026-01-10 18:15+01:00,2.407793
2026-01-10 18:30+01:00,2.346813
2026-01-10 18:45+01:00,2.367742
2026-01-10 19:00+01:00,0.000000
2026-01-10 19:15+01:00,0.000000
2026-01-10 19:30+01:00,0.000000
2026-01-10 19:45+01:00,0.000000
2026-01-10 20:00+01:00,0.000000
2026-01-10 20:15+01:00,0.000000
2026-01-10 20:30+01:00,0.000000
2026-01-10 20:45+01:00,0.000000
2026-01-10 21:00+01:00,2.318350
2026-01-10 21:15+01:00,2.438981
2026-01-10 21:30+01:00,2.386351
2026-01-10 21:45+01:00,2.173509
2026-01-10 22:00+01:00,2.243139
2026-01-10 22:15+01:00,2.475375
2026-01-10 22:30+01:00,2.397569
2026-01-10 22:45+01:00,2.408461
2026-01-10 23:00+01:00,2.281423
2026-01-10 23:15+01:00,2.301365
2026-01-10 23:30+01:00,0.000000
2026-01-10 23:45+01:00,0.000000
2026-01-11 00:00+01:00,0.000000
2026-01-11 00:15+01:00,0.000000
2026-01-11 00:30+01:00,0.000000
2026-01-11 00:45+01:00,0.000000
2026-01-11 01:00+01:00,0.000000
2026-01-11 01:15+01:00,0.000000
2026-01-11 01:30+01:00,0.000000
2026-01-11 01:45+01:00,0.000000
2026-01-11 02:00+01:00,0.000000
2026-01-11 02:15+01:00,0.000000
2026-01-11 02:30+01:00,0.000000
2026-01-11 02:45+01:00,0.000000
2026-01-11 03:00+01:00,0.000000
2026-01-11 03:15+01:00,0.000000
2026-01-11 03:30+01:00,0.000000
2026-01-11 03:45+01:00,0.000000
2026-01-11 04:00+01:00,0.000000
2026-01-11 04:15+01:00,0.000000
2026-01-11 04:30+01:00,0.000000
2026-01-11 04:45+01:00,2.709447
2026-01-11 05:00+01:00,2.482710
2026-01-11 05:15+01:00,2.623438
2026-01-11 05:30+01:00,2.306464
2026-01-11 05:45+01:00,2.552660
2026-01-11 06:00+01:00,2.324820
2026-01-11 06:15+01:00,2.317348
2026-01-11 06:30+01:00,2.256559
2026-01-11 06:45+01:00,2.542772
2026-01-11 07:00+01:00,2.324156
2026-01-11 07:15+01:00,0.000000
2026-01-11 07:30+01:00,0.000000
2026-01-11 07:45+01:00,0.000000
2026-01-11 08:00+01:00,0.000000
2026-01-11 08:15+01:00,0.000000
2026-01-11 08:30+01:00,0.000000
2026-01-11 08:45+01:00,0.000000
2026-01-11 09:00+01:00,0.000000
2026-01-11 09:15+01:00,0.000000
2026-01-11 09:30+01:00,
2026-01-11 09:45+01:00,
2026-01-11 10:00+01:00,
2026-01-11 10:15+01:00,
2026-01-11 10:30+01:00,
2026-01-11 10:45+01:00,
2026-01-11 11:00+01:00,
2026-01-11 11:15+01:00,
2026-01-11 11:30+01:00,
2026-01-11 11:45+01:00,
2026-01-11 12:00+01:00,
2026-01-11 12:15+01:00,
2026-01-11 12:30+01:00,
2026-01-11 12:45+01:00,
2026-01-11 13:00+01:00,
2026-01-11 13:15+01:00,
2026-01-11 13:30+01:00,
2026-01-11 13:45+01:00,
2026-01-11 14:00+01:00,0.000000
2026-01-11 14:15+01:00,0.000000
2026-01-11 14:30+01:00,0.000000
2026-01-11 14:45+01:00,0.000000
2026-01-11 15:00+01:00,0.000000
2026-01-11 15:15+01:00,0.000000
2026-01-11 15:30+01:00,0.000000
2026-01-11 15:45+01:00,0.000000
2026-01-11 16:00+01:00,0.000000
2026-01-11 16:15+01:00,0.000000
2026-01-11 16:30+01:00,0.000000
2026-01-11 16:45+01:00,0.000000
2026-01-11 17:00+01:00,0.000000
2026-01-11 17:15+01:00,0.000000
2026-01-11 17:30+01:00,0.000000
2026-01-11 17:45+01:00,0.000000
2026-01-11 18:00+01:00,0.000000
2026-01-11 18:15+01:00,0.000000
2026-01-11 18:30+01:00,0.000000
2026-01-11 18:45+01:00,0.000000
2026-01-11 19:00+01:00,0.000000
2026-01-11 19:15+01:00,0.000000
2026-01-11 19:30+01:00,0.000000
2026-01-11 19:45+01:00,0.000000
2026-01-11 20:00+01:00,0.000000
2026-01-11 20:15+01:00,0.000000
2026-01-11 20:30+01:00,0.000000
2026-01-11 20:45+01:00,0.000000
2026-01-11 21:00+01:00,0.000000
2026-01-11 21:15+01:00,0.000000
2026-01-11 21:30+01:00,0.000000
2026-01-11 21:45+01:00,2.470508
2026-01-11 22:00+01:00,2.368382
2026-01-11 22:15+01:00,2.452929
2026-01-11 22:30+01:00,2.500398
2026-01-11 22:45+01:00,2.161181
2026-01-11 23:00+01:00,2.407938
2026-01-11 23:15+01:00,2.616030
2026-01-11 23:30+01:00,2.471643
2026-01-11 23:45+01:00,2.424803
2026-01-12 00:00+01:00,2.564731
2026-01-12 00:15+01:00,0.000000
2026-01-12 00:30+01:00,0.000000
2026-01-12 00:45+01:00,0.000000
2026-01-12 01:00+01:00,0.000000
2026-01-12 01:15+01:00,0.000000
2026-01-12 01:30+01:00,0.000000
2026-01-12 01:45+01:00,0.000000
2026-01-12 02:00+01:00,0.000000
2026-01-12 02:15+01:00,0.000000
2026-01-12 02:30+01:00,0.000000
2026-01-12 02:45+01:00,0.000000
2026-01-12 03:00+01:00,0.000000
2026-01-12 03:15+01:00,0.000000
2026-01-12 03:30+01:00,0.000000
2026-01-12 03:45+01:00,2.476087
2026-01-12 04:00+01:00,2.371987
2026-01-12 04:15+01:00,2.538232
2026-01-12 04:30+01:00,2.719362
2026-01-12 04:45+01:00,2.505059
2026-01-12 05:00+01:00,2.518751
2026-01-12 05:15+01:00,2.298568
2026-01-12 05:30+01:00,2.790778
2026-01-12 05:45+01:00,2.366959
2026-01-12 06:00+01:00,2.508739
2026-01-12 06:15+01:00,2.442842
2026-01-12 06:30+01:00,2.548318
2026-01-12 06:45+01:00,2.734827
2026-01-12 07:00+01:00,2.456127
2026-01-12 07:15+01:00,2.660179
2026-01-12 07:30+01:00,2.617206
2026-01-12 07:45+01:00,0.000000
2026-01-12 08:00+01:00,0.000000
2026-01-12 08:15+01:00,0.000000
2026-01-12 08:30+01:00,0.000000
2026-01-12 08:45+01:00,0.000000
2026-01-12 09:00+01:00,0.000000
2026-01-12 09:15+01:00,0.000000
2026-01-12 09:30+01:00,0.000000
2026-01-12 09:45+01:00,0.000000
2026-01-12 10:00+01:00,0.000000
2026-01-12 10:15+01:00,0.000000
2026-01-12 10:30+01:00,0.000000
2026-01-12 10:45+01:00,0.000000
2026-01-12 11:00+01:00,0.000000
2026-01-12 11:15+01:00,0.000000
2026-01-12 11:30+01:00,0.000000
2026-01-12 11:45+01:00,0.000000
2026-01-12 12:00+01:00,0.000000
2026-01-12 12:15+01:00,0.000000
2026-01-12 12:30+01:00,0.000000
2026-01-12 12:45+01:00,0.000000
2026-01-12 13:00+01:00,0.000000
2026-01-12 13:15+01:00,2.506968
2026-01-12 13:30+01:00,2.416851
2026-01-12 13:45+01:00,2.350470
2026-01-12 14:00+01:00,2.476339
2026-01-12 14:15+01:00,2.506404
2026-01-12 14:30+01:00,2.346156
2026-01-12 14:45+01:00,2.546898
2026-01-12 15:00+01:00,2.151361
2026-01-12 15:15+01:00,2.481998
2026-01-12 15:30+01:00,2.440220
2026-01-12 15:45+01:00,2.199432
2026-01-12 16:00+01:00,2.656113
2026-01-12 16:15+01:00,2.565368
2026-01-12 16:30+01:00,2.578046
2026-01-12 16:45+01:00,2.416969
2026-01-12 17:00+01:00,0.000000
2026-01-12 17:15+01:00,0.000000
2026-01-12 17:30+01:00,0.000000
2026-01-12 17:45+01:00,0.000000
2026-01-12 18:00+01:00,0.000000
2026-01-12 18:15+01:00,0.000000
2026-01-12 18:30+01:00,0.000000
2026-01-12 18:45+01:00,0.000000
2026-01-12 19:00+01:00,0.000000
2026-01-12 19:15+01:00,0.000000
2026-01-12 19:30+01:00,0.000000
2026-01-12 19:45+01:00,0.000000
2026-01-12 20:00+01:00,0.000000
2026-01-12 20:15+01:00,0.000000
2026-01-12 20:30+01:00,0.000000
2026-01-12 20:45+01:00,0.000000
2026-01-12 21:00+01:00,0.000000
2026-01-12 21:15+01:00,0.000000
2026-01-12 21:30+01:00,0.000000
2026-01-12 21:45+01:00,0.000000
2026-01-12 22:00+01:00,
2026-01-12 22:15+01:00,0.000000
2026-01-12 22:30+01:00,0.000000
2026-01-12 22:45+01:00,0.000000
2026-01-12 23:00+01:00,0.000000
2026-01-12 23:15+01:00,0.000000
2026-01-12 23:30+01:00,0.000000
2026-01-12 23:45+01:00,0.000000
2026-01-13 00:00+01:00,0.000000
2026-01-13 00:15+01:00,0.000000
2026-01-13 00:30+01:00,0.000000
2026-01-13 00:45+01:00,0.000000
2026-01-13 01:00+01:00,0.000000
2026-01-13 01:15+01:00,0.000000
2026-01-13 01:30+01:00,0.000000
2026-01-13 01:45+01:00,0.000000
2026-01-13 02:00+01:00,2.401904
2026-01-13 02:15+01:00,2.449931
2026-01-13 02:30+01:00,2.371094
2026-01-13 02:45+01:00,2.373764
2026-01-13 03:00+01:00,2.656207
2026-01-13 03:15+01:00,2.467534
2026-01-13 03:30+01:00,2.632092
2026-01-13 03:45+01:00,2.317522
2026-01-13 04:00+01:00,2.297344
2026-01-13 04:15+01:00,2.355805
2026-01-13 04:30+01:00,2.495519
2026-01-13 04:45+01:00,0.000000
2026-01-13 05:00+01:00,0.000000
2026-01-13 05:15+01:00,0.000000
2026-01-13 05:30+01:00,0.000000
2026-01-13 05:45+01:00,0.000000
2026-01-13 06:00+01:00,0.000000
2026-01-13 06:15+01:00,0.000000
2026-01-13 06:30+01:00,0.000000
2026-01-13 06:45+01:00,0.000000
2026-01-13 07:00+01:00,0.000000
2026-01-13 07:15+01:00,0.000000
2026-01-13 07:30+01:00,0.000000
2026-01-13 07:45+01:00,0.000000
2026-01-13 08:00+01:00,0.000000
2026-01-13 08:15+01:00,0.000000
2026-01-13 08:30+01:00,0.000000
2026-01-13 08:45+01:00,0.000000
2026-01-13 09:00+01:00,0.000000
2026-01-13 09:15+01:00,0.000000
2026-01-13 09:30+01:00,
2026-01-13 09:45+01:00,0.000000
2026-01-13 10:00+01:00,0.000000
2026-01-13 10:15+01:00,0.000000
2026-01-13 10:30+01:00,0.000000
2026-01-13 10:45+01:00,0.000000
2026-01-13 11:00+01:00,0.000000
2026-01-13 11:15+01:00,0.000000
2026-01-13 11:30+01:00,0.000000
2026-01-13 11:45+01:00,
2026-01-13 12:00+01:00,2.324972
2026-01-13 12:15+01:00,2.323136
2026-01-13 12:30+01:00,2.547881
2026-01-13 12:45+01:00,2.614375
2026-01-13 13:00+01:00,2.483024
2026-01-13 13:15+01:00,
2026-01-13 13:30+01:00,2.279606
2026-01-13 13:45+01:00,2.268029
2026-01-13 14:00+01:00,2.412738
2026-01-13 14:15+01:00,0.000000
2026-01-13 14:30+01:00,
2026-01-13 14:45+01:00,0.000000
2026-01-13 15:00+01:00,0.000000
2026-01-13 15:15+01:00,0.000000
2026-01-13 15:30+01:00,0.000000
2026-01-13 15:45+01:00,0.000000
2026-01-13 16:00+01:00,0.000000
2026-01-13 16:15+01:00,2.417995
2026-01-13 16:30+01:00,2.318148
2026-01-13 16:45+01:00,2.286833
2026-01-13 17:00+01:00,2.512379
2026-01-13 17:15+01:00,2.535709
2026-01-13 17:30+01:00,2.517188
2026-01-13 17:45+01:00,2.578714
2026-01-13 18:00+01:00,2.216090
2026-01-13 18:15+01:00,2.345664
2026-01-13 18:30+01:00,2.278421
2026-01-13 18:45+01:00,0.000000
2026-01-13 19:00+01:00,0.000000
2026-01-13 19:15+01:00,0.000000
2026-01-13 19:30+01:00,0.000000
2026-01-13 19:45+01:00,0.000000
2026-01-13 20:00+01:00,0.000000
2026-01-13 20:15+01:00,0.000000
2026-01-13 20:30+01:00,0.000000
2026-01-13 20:45+01:00,0.000000
2026-01-13 21:00+01:00,0.000000
2026-01-13 21:15+01:00,0.000000
2026-01-13 21:30+01:00,0.000000
2026-01-13 21:45+01:00,0.000000
2026-01-13 22:00+01:00,0.000000
2026-01-13 22:15+01:00,0.000000
2026-01-13 22:30+01:00,0.000000
2026-01-13 22:45+01:00,0.000000
2026-01-13 23:00+01:00,0.000000
2026-01-13 23:15+01:00,0.000000
2026-01-13 23:30+01:00,0.000000
2026-01-13 23:45+01:00,0.000000
2026-01-14 00:00+01:00,0.000000
2026-01-14 00:15+01:00,
2026-01-14 00:30+01:00,0.000000
2026-01-14 00:45+01:00,0.000000
2026-01-14 01:00+01:00,0.000000
2026-01-14 01:15+01:00,0.000000
2026-01-14 01:30+01:00,0.000000
2026-01-14 01:45+01:00,0.000000
2026-01-14 02:00+01:00,0.000000
2026-01-14 02:15+01:00,0.000000
2026-01-14 02:30+01:00,0.000000
2026-01-14 02:45+01:00,0.000000
2026-01-14 03:00+01:00,0.000000
2026-01-14 03:15+01:00,0.000000
2026-01-14 03:30+01:00,0.000000
2026-01-14 03:45+01:00,0.000000
2026-01-14 04:00+01:00,0.000000
2026-01-14 04:15+01:00,0.000000
2026-01-14 04:30+01:00,0.000000
2026-01-14 04:45+01:00,0.000000
2026-01-14 05:00+01:00,0.000000
2026-01-14 05:15+01:00,0.000000
2026-01-14 05:30+01:00,0.000000
2026-01-14 05:45+01:00,0.000000
2026-01-14 06:00+01:00,0.000000
2026-01-14 06:15+01:00,0.000000
2026-01-14 06:30+01:00,0.000000
2026-01-14 06:45+01:00,0.000000
2026-01-14 07:00+01:00,0.000000
2026-01-14 07:15+01:00,0.000000
2026-01-14 07:30+01:00,0.000000
2026-01-14 07:45+01:00,0.000000
2026-01-14 08:00+01:00,0.000000
2026-01-14 08:15+01:00,0.000000
2026-01-14 08:30+01:00,0.000000
2026-01-14 08:45+01:00,0.000000
2026-01-14 09:00+01:00,0.000000
2026-01-14 09:15+01:00,0.000000
2026-01-14 09:30+01:00,0.000000
2026-01-14 09:45+01:00,0.000000
2026-01-14 10:00+01:00,0.000000
2026-01-14 10:15+01:00,0.000000
2026-01-14 10:30+01:00,0.000000
2026-01-14 10:45+01:00,0.000000
2026-01-14 11:00+01:00,0.000000
2026-01-14 11:15+01:00,0.000000
2026-01-14 11:30+01:00,0.000000
2026-01-14 11:45+01:00,0.000000
2026-01-14 12:00+01:00,0.000000
2026-01-14 12:15+01:00,2.452571
2026-01-14 12:30+01:00,2.685404
2026-01-14 12:45+01:00,2.576044
2026-01-14 13:00+01:00,2.451143
2026-01-14 13:15+01:00,2.277243
2026-01-14 13:30+01:00,2.655534
2026-01-14 13:45+01:00,2.371967
2026-01-14 14:00+01:00,2.795147
2026-01-14 14:15+01:00,2.391884
2026-01-14 14:30+01:00,2.138206
2026-01-14 14:45+01:00,2.565796
2026-01-14 15:00+01:00,2.590733
2026-01-14 15:15+01:00,2.552417
2026-01-14 15:30+01:00,2.503070
2026-01-14 15:45+01:00,2.665143
2026-01-14 16:00+01:00,2.721532
2026-01-14 16:15+01:00,2.556222
2026-01-14 16:30+01:00,2.270201
2026-01-14 16:45+01:00,2.578505
2026-01-14 17:00+01:00,2.545739
2026-01-14 17:15+01:00,2.104371
2026-01-14 17:30+01:00,2.535913
2026-01-14 17:45+01:00,2.512888
2026-01-14 18:00+01:00,2.535038
2026-01-14 18:15+01:00,2.405495
2026-01-14 18:30+01:00,2.532919
2026-01-14 18:45+01:00,2.571469
2026-01-14 19:00+01:00,2.584471
2026-01-14 19:15+01:00,2.376188
2026-01-14 19:30+01:00,2.553230
2026-01-14 19:45+01:00,2.528780
2026-01-14 20:00+01:00,0.000000
2026-01-14 20:15+01:00,0.000000
2026-01-14 20:30+01:00,0.000000
2026-01-14 20:45+01:00,0.000000
2026-01-14 21:00+01:00,0.000000
2026-01-14 21:15+01:00,
2026-01-14 21:30+01:00,0.000000
2026-01-14 21:45+01:00,0.000000
2026-01-14 22:00+01:00,0.000000
2026-01-14 22:15+01:00,0.000000
2026-01-14 22:30+01:00,0.000000
2026-01-14 22:45+01:00,
2026-01-14 23:00+01:00,0.000000
2026-01-14 23:15+01:00,0.000000
2026-01-14 23:30+01:00,0.000000
2026-01-14 23:45+01:00,0.000000
2026-01-15 00:00+01:00,0.000000
2026-01-15 00:15+01:00,0.000000
2026-01-15 00:30+01:00,0.000000
2026-01-15 00:45+01:00,0.000000
2026-01-15 01:00+01:00,0.000000
2026-01-15 01:15+01:00,0.000000
2026-01-15 01:30+01:00,0.000000
2026-01-15 01:45+01:00,0.000000
2026-01-15 02:00+01:00,0.000000
2026-01-15 02:15+01:00,0.000000
2026-01-15 02:30+01:00,0.000000
2026-01-15 02:45+01:00,0.000000
2026-01-15 03:00+01:00,0.000000
2026-01-15 03:15+01:00,0.000000
2026-01-15 03:30+01:00,0.000000
2026-01-15 03:45+01:00,0.000000
2026-01-15 04:00+01:00,0.000000
2026-01-15 04:15+01:00,0.000000
2026-01-15 04:30+01:00,0.000000
2026-01-15 04:45+01:00,0.000000
2026-01-15 05:00+01:00,0.000000
2026-01-15 05:15+01:00,0.000000
2026-01-15 05:30+01:00,0.000000
2026-01-15 05:45+01:00,0.000000
2026-01-15 06:00+01:00,0.000000
2026-01-15 06:15+01:00,0.000000
2026-01-15 06:30+01:00,0.000000
2026-01-15 06:45+01:00,0.000000
2026-01-15 07:00+01:00,0.000000
2026-01-15 07:15+01:00,0.000000
2026-01-15 07:30+01:00,0.000000
2026-01-15 07:45+01:00,0.000000
2026-01-15 08:00+01:00,0.000000
2026-01-15 08:15+01:00,0.000000
2026-01-15 08:30+01:00,0.000000
2026-01-15 08:45+01:00,0.000000
2026-01-15 09:00+01:00,0.000000
2026-01-15 09:15+01:00,0.000000
2026-01-15 09:30+01:00,0.000000
2026-01-15 09:45+01:00,0.000000
2026-01-15 10:00+01:00,0.000000
2026-01-15 10:15+01:00,2.258399
2026-01-15 10:30+01:00,2.170462
2026-01-15 10:45+01:00,2.474610
2026-01-15 11:00+01:00,2.604737
2026-01-15 11:15+01:00,2.767997
2026-01-15 11:30+01:00,2.496783
2026-01-15 11:45+01:00,2.319919
2026-01-15 12:00+01:00,2.310912
2026-01-15 12:15+01:00,2.378120
2026-01-15 12:30+01:00,2.597858
2026-01-15 12:45+01:00,2.479719
2026-01-15 13:00+01:00,2.140284
2026-01-15 13:15+01:00,2.656058
2026-01-15 13:30+01:00,2.586840
2026-01-15 13:45+01:00,2.209534
2026-01-15 14:00+01:00,0.000000
2026-01-15 14:15+01:00,0.000000
2026-01-15 14:30+01:00,2.575720
2026-01-15 14:45+01:00,2.195957
2026-01-15 15:00+01:00,2.517990
2026-01-15 15:15+01:00,2.469351
2026-01-15 15:30+01:00,2.683471
2026-01-15 15:45+01:00,2.466443
2026-01-15 16:00+01:00,2.483015
2026-01-15 16:15+01:00,2.424337
2026-01-15 16:30+01:00,2.233852
2026-01-15 16:45+01:00,2.413176
2026-01-15 17:00+01:00,2.463277
2026-01-15 17:15+01:00,2.665828
2026-01-15 17:30+01:00,2.126686
2026-01-15 17:45+01:00,2.588920
2026-01-15 18:00+01:00,2.374983
2026-01-15 18:15+01:00,2.710997
2026-01-15 18:30+01:00,0.000000
2026-01-15 18:45+01:00,0.000000
2026-01-15 19:00+01:00,0.000000
2026-01-15 19:15+01:00,0.000000
2026-01-15 19:30+01:00,0.000000
2026-01-15 19:45+01:00,0.000000
2026-01-15 20:00+01:00,0.000000
2026-01-15 20:15+01:00,0.000000
2026-01-15 20:30+01:00,0.000000
2026-01-15 20:45+01:00,0.000000
2026-01-15 21:00+01:00,0.000000
2026-01-15 21:15+01:00,0.000000
2026-01-15 21:30+01:00,0.000000
2026-01-15 21:45+01:00,0.000000
2026-01-15 22:00+01:00,0.000000
2026-01-15 22:15+01:00,0.000000
2026-01-15 22:30+01:00,0.000000
2026-01-15 22:45+01:00,0.000000
2026-01-15 23:00+01:00,0.000000
2026-01-15 23:15+01:00,0.000000
2026-01-15 23:30+01:00,0.000000
2026-01-15 23:45+01:00,0.000000
2026-01-16 00:00+01:00,0.000000
2026-01-16 00:15+01:00,0.000000
2026-01-16 00:30+01:00,0.000000
2026-01-16 00:45+01:00,0.000000
2026-01-16 01:00+01:00,0.000000
2026-01-16 01:15+01:00,0.000000
2026-01-16 01:30+01:00,0.000000
2026-01-16 01:45+01:00,0.000000
2026-01-16 02:00+01:00,0.000000
2026-01-16 02:15+01:00,0.000000
2026-01-16 02:30+01:00,0.000000
2026-01-16 02:45+01:00,0.000000
2026-01-16 03:00+01:00,2.598893
2026-01-16 03:15+01:00,2.338834
2026-01-16 03:30+01:00,2.269783
2026-01-16 03:45+01:00,2.326192
2026-01-16 04:00+01:00,2.536655
2026-01-16 04:15+01:00,2.486685
2026-01-16 04:30+01:00,2.296640
2026-01-16 04:45+01:00,2.435488
2026-01-16 05:00+01:00,2.676173
2026-01-16 05:15+01:00,2.533419
2026-01-16 05:30+01:00,0.000000
2026-01-16 05:45+01:00,0.000000
2026-01-16 06:00+01:00,0.000000
2026-01-16 06:15+01:00,0.000000
2026-01-16 06:30+01:00,0.000000
2026-01-16 06:45+01:00,0.000000
2026-01-16 07:00+01:00,0.000000
2026-01-16 07:15+01:00,0.000000
2026-01-16 07:30+01:00,0.000000
2026-01-16 07:45+01:00,0.000000
2026-01-16 08:00+01:00,0.000000
2026-01-16 08:15+01:00,0.000000
2026-01-16 08:30+01:00,0.000000
2026-01-16 08:45+01:00,0.000000
2026-01-16 09:00+01:00,0.000000
2026-01-16 09:15+01:00,0.000000
2026-01-16 09:30+01:00,0.000000
2026-01-16 09:45+01:00,0.000000
2026-01-16 10:00+01:00,0.000000
2026-01-16 10:15+01:00,0.000000
2026-01-16 10:30+01:00,0.000000
2026-01-16 10:45+01:00,0.000000
2026-01-16 11:00+01:00,0.000000
2026-01-16 11:15+01:00,0.000000
2026-01-16 11:30+01:00,0.000000
2026-01-16 11:45+01:00,0.000000
2026-01-16 12:00+01:00,0.000000
2026-01-16 12:15+01:00,0.000000
2026-01-16 12:30+01:00,0.000000
2026-01-16 12:45+01:00,0.000000
2026-01-16 13:00+01:00,0.000000
2026-01-16 13:15+01:00,0.000000
2026-01-16 13:30+01:00,0.000000
2026-01-16 13:45+01:00,2.472740
2026-01-16 14:00+01:00,2.358991
2026-01-16 14:15+01:00,2.572814
2026-01-16 14:30+01:00,2.386163
2026-01-16 14:45+01:00,2.690261
2026-01-16 15:00+01:00,2.451864
2026-01-16 15:15+01:00,2.405537
2026-01-16 15:30+01:00,2.600401
2026-01-16 15:45+01:00,2.556397
2026-01-16 16:00+01:00,2.619865
2026-01-16 16:15+01:00,2.376306
2026-01-16 16:30+01:00,0.000000
2026-01-16 16:45+01:00,0.000000
2026-01-16 17:00+01:00,0.000000
2026-01-16 17:15+01:00,0.000000
2026-01-16 17:30+01:00,0.000000
2026-01-16 17:45+01:00,0.000000
2026-01-16 18:00+01:00,0.000000
2026-01-16 18:15+01:00,0.000000
2026-01-16 18:30+01:00,0.000000
2026-01-16 18:45+01:00,0.000000
2026-01-16 19:00+01:00,0.000000
2026-01-16 19:15+01:00,0.000000
2026-01-16 19:30+01:00,0.000000
2026-01-16 19:45+01:00,0.000000
2026-01-16 20:00+01:00,2.525265
2026-01-16 20:15+01:00,2.421354
2026-01-16 20:30+01:00,2.400273
2026-01-16 20:45+01:00,2.548893
2026-01-16 21:00+01:00,2.493269
2026-01-16 21:15+01:00,2.418969
2026-01-16 21:30+01:00,2.263200
2026-01-16 21:45+01:00,2.397852
2026-01-16 22:00+01:00,2.600405
2026-01-16 22:15+01:00,2.483757
2026-01-16 22:30+01:00,0.000000
2026-01-16 22:45+01:00,0.000000
2026-01-16 23:00+01:00,0.000000
2026-01-16 23:15+01:00,0.000000
2026-01-16 23:30+01:00,
2026-01-16 23:45+01:00,0.000000
2026-01-17 00:00+01:00,
2026-01-17 00:15+01:00,0.000000
2026-01-17 00:30+01:00,0.000000
2026-01-17 00:45+01:00,0.000000
2026-01-17 01:00+01:00,0.000000
2026-01-17 01:15+01:00,0.000000
2026-01-17 01:30+01:00,0.000000
2026-01-17 01:45+01:00,0.000000
2026-01-17 02:00+01:00,0.000000
2026-01-17 02:15+01:00,0.000000
2026-01-17 02:30+01:00,0.000000
2026-01-17 02:45+01:00,0.000000
2026-01-17 03:00+01:00,0.000000
2026-01-17 03:15+01:00,0.000000
2026-01-17 03:30+01:00,0.000000
2026-01-17 03:45+01:00,0.000000
2026-01-17 04:00+01:00,0.000000
2026-01-17 04:15+01:00,0.000000
2026-01-17 04:30+01:00,0.000000
2026-01-17 04:45+01:00,0.000000
2026-01-17 05:00+01:00,0.000000
2026-01-17 05:15+01:00,0.000000
2026-01-17 05:30+01:00,0.000000
2026-01-17 05:45+01:00,0.000000
2026-01-17 06:00+01:00,0.000000
2026-01-17 06:15+01:00,0.000000
2026-01-17 06:30+01:00,0.000000
2026-01-17 06:45+01:00,0.000000
2026-01-17 07:00+01:00,0.000000
2026-01-17 07:15+01:00,0.000000
2026-01-17 07:30+01:00,2.697260
2026-01-17 07:45+01:00,2.354032
2026-01-17 08:00+01:00,2.303358
2026-01-17 08:15+01:00,2.573012
2026-01-17 08:30+01:00,2.459458
2026-01-17 08:45+01:00,2.562703
2026-01-17 09:00+01:00,2.278416
2026-01-17 09:15+01:00,2.106700
2026-01-17 09:30+01:00,2.373890
2026-01-17 09:45+01:00,2.605953
2026-01-17 10:00+01:00,2.642497
2026-01-17 10:15+01:00,2.748784
2026-01-17 10:30+01:00,2.404698
2026-01-17 10:45+01:00,2.597129
2026-01-17 11:00+01:00,2.321217
2026-01-17 11:15+01:00,2.466712
2026-01-17 11:30+01:00,0.000000
2026-01-17 11:45+01:00,2.194744
2026-01-17 12:00+01:00,2.444728
2026-01-17 12:15+01:00,2.313497
2026-01-17 12:30+01:00,2.509334
2026-01-17 12:45+01:00,2.467622
2026-01-17 13:00+01:00,2.232219
2026-01-17 13:15+01:00,2.576030
2026-01-17 13:30+01:00,2.300876
2026-01-17 13:45+01:00,2.338859
2026-01-17 14:00+01:00,2.437419
2026-01-17 14:15+01:00,2.320117
2026-01-17 14:30+01:00,2.528808
2026-01-17 14:45+01:00,2.476555
2026-01-17 15:00+01:00,2.667730
2026-01-17 15:15+01:00,2.587651
2026-01-17 15:30+01:00,0.000000
2026-01-17 15:45+01:00,0.000000
2026-01-17 16:00+01:00,0.000000
2026-01-17 16:15+01:00,0.000000
2026-01-17 16:30+01:00,0.000000
2026-01-17 16:45+01:00,0.000000
2026-01-17 17:00+01:00,0.000000
2026-01-17 17:15+01:00,0.000000
2026-01-17 17:30+01:00,0.000000
2026-01-17 17:45+01:00,0.000000
2026-01-17 18:00+01:00,0.000000
2026-01-17 18:15+01:00,0.000000
2026-01-17 18:30+01:00,0.000000
2026-01-17 18:45+01:00,0.000000
2026-01-17 19:00+01:00,0.000000
2026-01-17 19:15+01:00,0.000000
2026-01-17 19:30+01:00,0.000000
2026-01-17 19:45+01:00,0.000000
2026-01-17 20:00+01:00,0.000000
2026-01-17 20:15+01:00,0.000000
2026-01-17 20:30+01:00,0.000000
2026-01-17 20:45+01:00,0.000000
2026-01-17 21:00+01:00,0.000000
2026-01-17 21:15+01:00,0.000000
2026-01-17 21:30+01:00,0.000000
2026-01-17 21:45+01:00,0.000000
2026-01-17 22:00+01:00,0.000000
2026-01-17 22:15+01:00,0.000000
2026-01-17 22:30+01:00,0.000000
2026-01-17 22:45+01:00,0.000000
2026-01-17 23:00+01:00,0.000000
2026-01-17 23:15+01:00,0.000000
2026-01-17 23:30+01:00,0.000000
2026-01-17 23:45+01:00,0.000000
2026-01-18 00:00+01:00,0.000000
2026-01-18 00:15+01:00,0.000000
2026-01-18 00:30+01:00,0.000000
2026-01-18 00:45+01:00,0.000000
2026-01-18 01:00+01:00,0.000000
2026-01-18 01:15+01:00,0.000000
2026-01-18 01:30+01:00,0.000000
2026-01-18 01:45+01:00,0.000000
2026-01-18 02:00+01:00,0.000000
2026-01-18 02:15+01:00,0.000000
2026-01-18 02:30+01:00,0.000000
2026-01-18 02:45+01:00,0.000000
2026-01-18 03:00+01:00,0.000000
2026-01-18 03:15+01:00,0.000000
2026-01-18 03:30+01:00,0.000000
2026-01-18 03:45+01:00,0.000000
2026-01-18 04:00+01:00,0.000000
2026-01-18 04:15+01:00,2.287670
2026-01-18 04:30+01:00,2.546004
2026-01-18 04:45+01:00,2.411672
2026-01-18 05:00+01:00,2.509935
2026-01-18 05:15+01:00,2.512920
2026-01-18 05:30+01:00,2.630294
2026-01-18 05:45+01:00,2.611086
2026-01-18 06:00+01:00,2.362523
2026-01-18 06:15+01:00,2.606167
2026-01-18 06:30+01:00,2.556390
2026-01-18 06:45+01:00,2.417615
2026-01-18 07:00+01:00,2.304859
2026-01-18 07:15+01:00,2.379062
2026-01-18 07:30+01:00,2.485804
2026-01-18 07:45+01:00,2.446714
2026-01-18 08:00+01:00,2.120743
2026-01-18 08:15+01:00,2.520094
2026-01-18 08:30+01:00,2.397773
2026-01-18 08:45+01:00,2.413142
2026-01-18 09:00+01:00,2.492739
2026-01-18 09:15+01:00,2.387416
2026-01-18 09:30+01:00,2.373241
2026-01-18 09:45+01:00,2.396798
2026-01-18 10:00+01:00,2.303105
2026-01-18 10:15+01:00,2.711705
2026-01-18 10:30+01:00,2.441928
2026-01-18 10:45+01:00,2.467131
2026-01-18 11:00+01:00,2.526450
2026-01-18 11:15+01:00,2.513470
2026-01-18 11:30+01:00,2.269125
2026-01-18 11:45+01:00,2.426597
2026-01-18 12:00+01:00,0.000000
2026-01-18 12:15+01:00,0.000000
2026-01-18 12:30+01:00,0.000000
2026-01-18 12:45+01:00,0.000000
2026-01-18 13:00+01:00,0.000000
2026-01-18 13:15+01:00,0.000000
2026-01-18 13:30+01:00,0.000000
2026-01-18 13:45+01:00,0.000000
2026-01-18 14:00+01:00,0.000000
2026-01-18 14:15+01:00,0.000000
2026-01-18 14:30+01:00,0.000000
2026-01-18 14:45+01:00,
2026-01-18 15:00+01:00,0.000000
2026-01-18 15:15+01:00,0.000000
2026-01-18 15:30+01:00,0.000000
2026-01-18 15:45+01:00,0.000000
2026-01-18 16:00+01:00,0.000000
2026-01-18 16:15+01:00,0.000000
2026-01-18 16:30+01:00,0.000000
2026-01-18 16:45+01:00,0.000000
2026-01-18 17:00+01:00,0.000000
2026-01-18 17:15+01:00,0.000000
2026-01-18 17:30+01:00,0.000000
2026-01-18 17:45+01:00,0.000000
2026-01-18 18:00+01:00,0.000000
2026-01-18 18:15+01:00,0.000000
2026-01-18 18:30+01:00,0.000000
2026-01-18 18:45+01:00,0.000000
2026-01-18 19:00+01:00,0.000000
2026-01-18 19:15+01:00,0.000000
2026-01-18 19:30+01:00,0.000000
2026-01-18 19:45+01:00,0.000000
2026-01-18 20:00+01:00,0.000000
2026-01-18 20:15+01:00,0.000000
2026-01-18 20:30+01:00,0.000000
2026-01-18 20:45+01:00,0.000000
2026-01-18 21:00+01:00,0.000000
2026-01-18 21:15+01:00,0.000000
2026-01-18 21:30+01:00,0.000000
2026-01-18 21:45+01:00,0.000000
2026-01-18 22:00+01:00,0.000000
2026-01-18 22:15+01:00,0.000000
2026-01-18 22:30+01:00,0.000000
2026-01-18 22:45+01:00,0.000000
2026-01-18 23:00+01:00,0.000000
2026-01-18 23:15+01:00,0.000000
2026-01-18 23:30+01:00,0.000000
2026-01-18 23:45+01:00,0.000000
2026-01-19 00:00+01:00,0.000000
2026-01-19 00:15+01:00,0.000000
2026-01-19 00:30+01:00,0.000000
2026-01-19 00:45+01:00,0.000000
2026-01-19 01:00+01:00,0.000000
2026-01-19 01:15+01:00,0.000000
2026-01-19 01:30+01:00,0.000000
2026-01-19 01:45+01:00,0.000000
2026-01-19 02:00+01:00,0.000000
2026-01-19 02:15+01:00,0.000000
2026-01-19 02:30+01:00,0.000000
2026-01-19 02:45+01:00,0.000000
2026-01-19 03:00+01:00,0.000000
2026-01-19 03:15+01:00,0.000000
2026-01-19 03:30+01:00,0.000000
2026-01-19 03:45+01:00,0.000000
2026-01-19 04:00+01:00,0.000000
2026-01-19 04:15+01:00,0.000000
2026-01-19 04:30+01:00,0.000000
2026-01-19 04:45+01:00,0.000000
2026-01-19 05:00+01:00,0.000000
2026-01-19 05:15+01:00,0.000000
2026-01-19 05:30+01:00,0.000000
2026-01-19 05:45+01:00,0.000000
2026-01-19 06:00+01:00,0.000000
2026-01-19 06:15+01:00,0.000000
2026-01-19 06:30+01:00,0.000000
2026-01-19 06:45+01:00,0.000000
2026-01-19 07:00+01:00,2.458551
2026-01-19 07:15+01:00,2.376796
2026-01-19 07:30+01:00,2.246048
2026-01-19 07:45+01:00,2.455598
2026-01-19 08:00+01:00,2.371999
2026-01-19 08:15+01:00,2.586719
2026-01-19 08:30+01:00,2.323980
2026-01-19 08:45+01:00,2.371464
2026-01-19 09:00+01:00,2.414907
2026-01-19 09:15+01:00,2.638075
2026-01-19 09:30+01:00,0.000000
2026-01-19 09:45+01:00,2.328652
2026-01-19 10:00+01:00,2.477197
2026-01-19 10:15+01:00,
2026-01-19 10:30+01:00,2.415205
2026-01-19 10:45+01:00,2.728552
2026-01-19 11:00+01:00,2.382235
2026-01-19 11:15+01:00,2.693510
2026-01-19 11:30+01:00,2.323814
2026-01-19 11:45+01:00,2.309915
2026-01-19 12:00+01:00,2.414438
2026-01-19 12:15+01:00,0.000000
2026-01-19 12:30+01:00,0.000000
2026-01-19 12:45+01:00,0.000000
2026-01-19 13:00+01:00,0.000000
2026-01-19 13:15+01:00,0.000000
2026-01-19 13:30+01:00,0.000000
2026-01-19 13:45+01:00,0.000000
2026-01-19 14:00+01:00,0.000000
2026-01-19 14:15+01:00,0.000000
2026-01-19 14:30+01:00,0.000000
2026-01-19 14:45+01:00,0.000000
2026-01-19 15:00+01:00,2.504382
2026-01-19 15:15+01:00,2.518711
2026-01-19 15:30+01:00,2.565780
2026-01-19 15:45+01:00,2.467953
2026-01-19 16:00+01:00,2.356182
2026-01-19 16:15+01:00,2.476960
2026-01-19 16:30+01:00,2.535404
2026-01-19 16:45+01:00,2.296733
2026-01-19 17:00+01:00,2.409699
2026-01-19 17:15+01:00,2.552003
2026-01-19 17:30+01:00,2.682156
2026-01-19 17:45+01:00,0.000000
2026-01-19 18:00+01:00,0.000000
2026-01-19 18:15+01:00,0.000000
2026-01-19 18:30+01:00,0.000000
2026-01-19 18:45+01:00,0.000000
2026-01-19 19:00+01:00,0.000000
2026-01-19 19:15+01:00,0.000000
2026-01-19 19:30+01:00,0.000000
2026-01-19 19:45+01:00,0.000000
2026-01-19 20:00+01:00,0.000000
2026-01-19 20:15+01:00,0.000000
2026-01-19 20:30+01:00,0.000000
2026-01-19 20:45+01:00,0.000000
2026-01-19 21:00+01:00,0.000000
2026-01-19 21:15+01:00,0.000000
2026-01-19 21:30+01:00,0.000000
2026-01-19 21:45+01:00,0.000000
2026-01-19 22:00+01:00,0.000000
2026-01-19 22:15+01:00,0.000000
2026-01-19 22:30+01:00,0.000000
2026-01-19 22:45+01:00,
2026-01-19 23:00+01:00,0.000000
2026-01-19 23:15+01:00,0.000000
2026-01-19 23:30+01:00,0.000000
2026-01-19 23:45+01:00,0.000000
2026-01-20 00:00+01:00,0.000000
2026-01-20 00:15+01:00,0.000000
2026-01-20 00:30+01:00,0.000000
2026-01-20 00:45+01:00,0.000000
2026-01-20 01:00+01:00,0.000000
2026-01-20 01:15+01:00,0.000000
2026-01-20 01:30+01:00,0.000000
2026-01-20 01:45+01:00,0.000000
2026-01-20 02:00+01:00,0.000000
2026-01-20 02:15+01:00,0.000000
2026-01-20 02:30+01:00,2.485882
2026-01-20 02:45+01:00,2.315094
2026-01-20 03:00+01:00,2.594020
2026-01-20 03:15+01:00,2.537600
2026-01-20 03:30+01:00,2.465251
2026-01-20 03:45+01:00,2.186968
2026-01-20 04:00+01:00,2.549725
2026-01-20 04:15+01:00,2.232010
2026-01-20 04:30+01:00,2.348797
2026-01-20 04:45+01:00,2.318772
2026-01-20 05:00+01:00,0.000000
2026-01-20 05:15+01:00,0.000000
2026-01-20 05:30+01:00,0.000000
2026-01-20 05:45+01:00,0.000000
2026-01-20 06:00+01:00,0.000000
2026-01-20 06:15+01:00,0.000000
2026-01-20 06:30+01:00,0.000000
2026-01-20 06:45+01:00,0.000000
2026-01-20 07:00+01:00,0.000000
2026-01-20 07:15+01:00,0.000000
2026-01-20 07:30+01:00,0.000000
2026-01-20 07:45+01:00,0.000000
2026-01-20 08:00+01:00,0.000000
2026-01-20 08:15+01:00,0.000000
2026-01-20 08:30+01:00,0.000000
2026-01-20 08:45+01:00,0.000000
2026-01-20 09:00+01:00,0.000000
2026-01-20 09:15+01:00,0.000000
2026-01-20 09:30+01:00,0.000000
2026-01-20 09:45+01:00,0.000000
2026-01-20 10:00+01:00,
2026-01-20 10:15+01:00,0.000000
2026-01-20 10:30+01:00,0.000000
2026-01-20 10:45+01:00,0.000000
2026-01-20 11:00+01:00,0.000000
2026-01-20 11:15+01:00,0.000000
2026-01-20 11:30+01:00,0.000000
2026-01-20 11:45+01:00,0.000000
2026-01-20 12:00+01:00,0.000000
2026-01-20 12:15+01:00,0.000000
2026-01-20 12:30+01:00,0.000000
2026-01-20 12:45+01:00,0.000000
2026-01-20 13:00+01:00,0.000000
2026-01-20 13:15+01:00,0.000000
2026-01-20 13:30+01:00,0.000000
2026-01-20 13:45+01:00,0.000000
2026-01-20 14:00+01:00,0.000000
2026-01-20 14:15+01:00,2.089321
2026-01-20 14:30+01:00,2.575787
2026-01-20 14:45+01:00,2.471617
2026-01-20 15:00+01:00,2.513587
2026-01-20 15:15+01:00,2.469771
2026-01-20 15:30+01:00,2.504595
2026-01-20 15:45+01:00,2.513083
2026-01-20 16:00+01:00,2.319747
2026-01-20 16:15+01:00,2.242676
2026-01-20 16:30+01:00,2.659892
2026-01-20 16:45+01:00,0.000000
2026-01-20 17:00+01:00,0.000000
2026-01-20 17:15+01:00,0.000000
2026-01-20 17:30+01:00,0.000000
2026-01-20 17:45+01:00,0.000000
2026-01-20 18:00+01:00,0.000000
2026-01-20 18:15+01:00,0.000000
2026-01-20 18:30+01:00,0.000000
2026-01-20 18:45+01:00,2.468189
2026-01-20 19:00+01:00,2.375617
2026-01-20 19:15+01:00,2.545655
2026-01-20 19:30+01:00,2.560507
2026-01-20 19:45+01:00,2.478435
2026-01-20 20:00+01:00,2.495244
2026-01-20 20:15+01:00,2.596819
2026-01-20 20:30+01:00,
2026-01-20 20:45+01:00,2.594583
2026-01-20 21:00+01:00,2.414078
2026-01-20 21:15+01:00,2.532423
2026-01-20 21:30+01:00,0.000000
2026-01-20 21:45+01:00,0.000000
2026-01-20 22:00+01:00,0.000000
2026-01-20 22:15+01:00,0.000000
2026-01-20 22:30+01:00,0.000000
2026-01-20 22:45+01:00,0.000000
2026-01-20 23:00+01:00,0.000000
2026-01-20 23:15+01:00,0.000000
2026-01-20 23:30+01:00,0.000000
2026-01-20 23:45+01:00,0.000000
2026-01-21 00:00+01:00,0.000000
2026-01-21 00:15+01:00,0.000000
2026-01-21 00:30+01:00,2.513706
2026-01-21 00:45+01:00,2.451623
2026-01-21 01:00+01:00,2.662343
2026-01-21 01:15+01:00,2.421781
2026-01-21 01:30+01:00,2.519787
2026-01-21 01:45+01:00,2.556510
2026-01-21 02:00+01:00,2.655633
2026-01-21 02:15+01:00,2.238803
2026-01-21 02:30+01:00,2.343889
2026-01-21 02:45+01:00,2.312081
2026-01-21 03:00+01:00,2.350226
2026-01-21 03:15+01:00,2.513732
2026-01-21 03:30+01:00,2.487623
2026-01-21 03:45+01:00,2.465984
2026-01-21 04:00+01:00,2.390212
2026-01-21 04:15+01:00,0.000000
2026-01-21 04:30+01:00,0.000000
2026-01-21 04:45+01:00,0.000000
2026-01-21 05:00+01:00,0.000000
2026-01-21 05:15+01:00,0.000000
2026-01-21 05:30+01:00,0.000000
2026-01-21 05:45+01:00,0.000000
2026-01-21 06:00+01:00,0.000000
2026-01-21 06:15+01:00,0.000000
2026-01-21 06:30+01:00,0.000000
2026-01-21 06:45+01:00,0.000000
2026-01-21 07:00+01:00,0.000000
2026-01-21 07:15+01:00,0.000000
2026-01-21 07:30+01:00,0.000000
2026-01-21 07:45+01:00,0.000000
2026-01-21 08:00+01:00,0.000000
2026-01-21 08:15+01:00,0.000000
2026-01-21 08:30+01:00,0.000000
2026-01-21 08:45+01:00,0.000000
2026-01-21 09:00+01:00,0.000000
2026-01-21 09:15+01:00,0.000000
2026-01-21 09:30+01:00,0.000000
2026-01-21 09:45+01:00,0.000000
2026-01-21 10:00+01:00,0.000000
2026-01-21 10:15+01:00,0.000000
2026-01-21 10:30+01:00,0.000000
2026-01-21 10:45+01:00,2.427414
2026-01-21 11:00+01:00,2.436673
2026-01-21 11:15+01:00,2.539912
2026-01-21 11:30+01:00,2.545262
2026-01-21 11:45+01:00,2.383790
2026-01-21 12:00+01:00,2.768694
2026-01-21 12:15+01:00,2.616047
2026-01-21 12:30+01:00,2.411535
2026-01-21 12:45+01:00,2.605257
2026-01-21 13:00+01:00,2.756793
2026-01-21 13:15+01:00,2.600698
2026-01-21 13:30+01:00,2.540233
2026-01-21 13:45+01:00,2.418254
2026-01-21 14:00+01:00,2.330943
2026-01-21 14:15+01:00,2.367100
2026-01-21 14:30+01:00,2.525956
2026-01-21 14:45+01:00,0.000000
2026-01-21 15:00+01:00,0.000000
2026-01-21 15:15+01:00,0.000000
2026-01-21 15:30+01:00,0.000000
2026-01-21 15:45+01:00,0.000000
2026-01-21 16:00+01:00,0.000000
2026-01-21 16:15+01:00,0.000000
2026-01-21 16:30+01:00,0.000000
2026-01-21 16:45+01:00,0.000000
2026-01-21 17:00+01:00,0.000000
2026-01-21 17:15+01:00,0.000000
2026-01-21 17:30+01:00,0.000000
2026-01-21 17:45+01:00,0.000000
2026-01-21 18:00+01:00,0.000000
2026-01-21 18:15+01:00,0.000000
2026-01-21 18:30+01:00,0.000000
2026-01-21 18:45+01:00,0.000000
2026-01-21 19:00+01:00,0.000000
2026-01-21 19:15+01:00,0.000000
2026-01-21 19:30+01:00,0.000000
2026-01-21 19:45+01:00,0.000000
2026-01-21 20:00+01:00,0.000000
2026-01-21 20:15+01:00,0.000000
2026-01-21 20:30+01:00,
2026-01-21 20:45+01:00,0.000000
2026-01-21 21:00+01:00,0.000000
2026-01-21 21:15+01:00,0.000000
2026-01-21 21:30+01:00,0.000000
2026-01-21 21:45+01:00,0.000000
2026-01-21 22:00+01:00,0.000000
2026-01-21 22:15+01:00,0.000000
2026-01-21 22:30+01:00,0.000000
2026-01-21 22:45+01:00,0.000000
2026-01-21 23:00+01:00,0.000000
2026-01-21 23:15+01:00,0.000000
2026-01-21 23:30+01:00,0.000000
2026-01-21 23:45+01:00,0.000000
2026-01-22 00:00+01:00,0.000000
2026-01-22 00:15+01:00,0.000000
2026-01-22 00:30+01:00,0.000000
2026-01-22 00:45+01:00,0.000000
2026-01-22 01:00+01:00,0.000000
2026-01-22 01:15+01:00,0.000000
2026-01-22 01:30+01:00,0.000000
2026-01-22 01:45+01:00,0.000000
2026-01-22 02:00+01:00,0.000000
2026-01-22 02:15+01:00,0.000000
2026-01-22 02:30+01:00,0.000000
2026-01-22 02:45+01:00,0.000000
2026-01-22 03:00+01:00,0.000000
2026-01-22 03:15+01:00,0.000000
2026-01-22 03:30+01:00,0.000000
2026-01-22 03:45+01:00,0.000000
2026-01-22 04:00+01:00,0.000000
2026-01-22 04:15+01:00,0.000000
2026-01-22 04:30+01:00,0.000000
2026-01-22 04:45+01:00,0.000000
2026-01-22 05:00+01:00,0.000000
2026-01-22 05:15+01:00,0.000000
2026-01-22 05:30+01:00,2.167460
2026-01-22 05:45+01:00,2.452228
2026-01-22 06:00+01:00,2.600509
2026-01-22 06:15+01:00,2.282500
2026-01-22 06:30+01:00,2.491852
2026-01-22 06:45+01:00,2.451437
2026-01-22 07:00+01:00,2.384456
2026-01-22 07:15+01:00,2.331286
2026-01-22 07:30+01:00,2.568679
2026-01-22 07:45+01:00,2.530868
2026-01-22 08:00+01:00,2.415738
2026-01-22 08:15+01:00,2.452218
2026-01-22 08:30+01:00,2.656566
2026-01-22 08:45+01:00,2.337462
2026-01-22 09:00+01:00,2.408290
2026-01-22 09:15+01:00,2.524553
2026-01-22 09:30+01:00,2.554241
2026-01-22 09:45+01:00,2.512668
2026-01-22 10:00+01:00,2.448180
2026-01-22 10:15+01:00,2.555891
2026-01-22 10:30+01:00,2.474913
2026-01-22 10:45+01:00,0.000000
2026-01-22 11:00+01:00,0.000000
2026-01-22 11:15+01:00,0.000000
2026-01-22 11:30+01:00,0.000000
2026-01-22 11:45+01:00,0.000000
2026-01-22 12:00+01:00,0.000000
2026-01-22 12:15+01:00,0.000000
2026-01-22 12:30+01:00,0.000000
2026-01-22 12:45+01:00,0.000000
2026-01-22 13:00+01:00,0.000000
2026-01-22 13:15+01:00,0.000000
2026-01-22 13:30+01:00,0.000000
2026-01-22 13:45+01:00,0.000000
2026-01-22 14:00+01:00,0.000000
2026-01-22 14:15+01:00,0.000000
2026-01-22 14:30+01:00,0.000000
2026-01-22 14:45+01:00,0.000000
2026-01-22 15:00+01:00,0.000000
2026-01-22 15:15+01:00,0.000000
2026-01-22 15:30+01:00,0.000000
2026-01-22 15:45+01:00,0.000000
2026-01-22 16:00+01:00,2.615547
2026-01-22 16:15+01:00,2.507543
2026-01-22 16:30+01:00,2.477748
2026-01-22 16:45+01:00,2.390092
2026-01-22 17:00+01:00,2.421411
2026-01-22 17:15+01:00,2.503203
2026-01-22 17:30+01:00,2.246394
2026-01-22 17:45+01:00,2.379096
2026-01-22 18:00+01:00,2.792950
2026-01-22 18:15+01:00,2.402801
2026-01-22 18:30+01:00,0.000000
2026-01-22 18:45+01:00,0.000000
2026-01-22 19:00+01:00,0.000000
2026-01-22 19:15+01:00,0.000000
2026-01-22 19:30+01:00,0.000000
2026-01-22 19:45+01:00,0.000000
2026-01-22 20:00+01:00,0.000000
2026-01-22 20:15+01:00,0.000000
2026-01-22 20:30+01:00,0.000000
2026-01-22 20:45+01:00,0.000000
2026-01-22 21:00+01:00,0.000000
2026-01-22 21:15+01:00,0.000000
2026-01-22 21:30+01:00,0.000000
2026-01-22 21:45+01:00,0.000000
2026-01-22 22:00+01:00,0.000000
2026-01-22 22:15+01:00,0.000000
2026-01-22 22:30+01:00,0.000000
2026-01-22 22:45+01:00,0.000000
2026-01-22 23:00+01:00,0.000000
2026-01-22 23:15+01:00,0.000000
2026-01-22 23:30+01:00,0.000000
2026-01-22 23:45+01:00,0.000000
2026-01-23 00:00+01:00,0.000000
2026-01-23 00:15+01:00,0.000000
2026-01-23 00:30+01:00,0.000000
2026-01-23 00:45+01:00,0.000000
2026-01-23 01:00+01:00,0.000000
2026-01-23 01:15+01:00,0.000000
2026-01-23 01:30+01:00,0.000000
2026-01-23 01:45+01:00,0.000000
2026-01-23 02:00+01:00,0.000000
2026-01-23 02:15+01:00,0.000000
2026-01-23 02:30+01:00,0.000000
2026-01-23 02:45+01:00,0.000000
2026-01-23 03:00+01:00,0.000000
2026-01-23 03:15+01:00,0.000000
2026-01-23 03:30+01:00,0.000000
2026-01-23 03:45+01:00,0.000000
2026-01-23 04:00+01:00,0.000000
2026-01-23 04:15+01:00,0.000000
2026-01-23 04:30+01:00,0.000000
2026-01-23 04:45+01:00,0.000000
2026-01-23 05:00+01:00,0.000000
2026-01-23 05:15+01:00,0.000000
2026-01-23 05:30+01:00,0.000000
2026-01-23 05:45+01:00,0.000000
2026-01-23 06:00+01:00,0.000000
2026-01-23 06:15+01:00,0.000000
2026-01-23 06:30+01:00,0.000000
2026-01-23 06:45+01:00,0.000000
2026-01-23 07:00+01:00,0.000000
2026-01-23 07:15+01:00,0.000000
2026-01-23 07:30+01:00,2.707609
2026-01-23 07:45+01:00,2.517987
2026-01-23 08:00+01:00,2.254066
2026-01-23 08:15+01:00,2.405973
2026-01-23 08:30+01:00,2.414188
2026-01-23 08:45+01:00,2.215841
2026-01-23 09:00+01:00,2.434514
2026-01-23 09:15+01:00,2.549679
2026-01-23 09:30+01:00,
2026-01-23 09:45+01:00,2.387896
2026-01-23 10:00+01:00,2.486154
2026-01-23 10:15+01:00,2.477811
2026-01-23 10:30+01:00,2.388615
2026-01-23 10:45+01:00,2.414193
2026-01-23 11:00+01:00,2.560952
2026-01-23 11:15+01:00,2.543907
2026-01-23 11:30+01:00,2.684322
2026-01-23 11:45+01:00,2.284533
2026-01-23 12:00+01:00,2.686165
2026-01-23 12:15+01:00,2.246444
2026-01-23 12:30+01:00,2.603575
2026-01-23 12:45+01:00,2.368529
2026-01-23 13:00+01:00,2.598666
2026-01-23 13:15+01:00,2.569023
2026-01-23 13:30+01:00,2.322213
2026-01-23 13:45+01:00,2.466354
2026-01-23 14:00+01:00,2.277876
2026-01-23 14:15+01:00,2.429915
2026-01-23 14:30+01:00,2.309248
2026-01-23 14:45+01:00,2.392990
2026-01-23 15:00+01:00,2.402005
2026-01-23 15:15+01:00,0.000000
2026-01-23 15:30+01:00,0.000000
2026-01-23 15:45+01:00,0.000000
2026-01-23 16:00+01:00,0.000000
2026-01-23 16:15+01:00,0.000000
2026-01-23 16:30+01:00,0.000000
2026-01-23 16:45+01:00,0.000000
2026-01-23 17:00+01:00,0.000000
2026-01-23 17:15+01:00,0.000000
2026-01-23 17:30+01:00,0.000000
2026-01-23 17:45+01:00,0.000000
2026-01-23 18:00+01:00,0.000000
2026-01-23 18:15+01:00,0.000000
2026-01-23 18:30+01:00,0.000000
2026-01-23 18:45+01:00,0.000000
2026-01-23 19:00+01:00,0.000000
2026-01-23 19:15+01:00,0.000000
2026-01-23 19:30+01:00,0.000000
2026-01-23 19:45+01:00,0.000000
2026-01-23 20:00+01:00,0.000000
2026-01-23 20:15+01:00,0.000000
2026-01-23 20:30+01:00,0.000000
2026-01-23 20:45+01:00,0.000000
2026-01-23 21:00+01:00,0.000000
2026-01-23 21:15+01:00,0.000000
2026-01-23 21:30+01:00,0.000000
2026-01-23 21:45+01:00,0.000000
2026-01-23 22:00+01:00,0.000000
2026-01-23 22:15+01:00,0.000000
2026-01-23 22:30+01:00,0.000000
2026-01-23 22:45+01:00,0.000000
2026-01-23 23:00+01:00,0.000000
2026-01-23 23:15+01:00,0.000000
2026-01-23 23:30+01:00,0.000000
2026-01-23 23:45+01:00,0.000000
2026-01-24 00:00+01:00,0.000000
2026-01-24 00:15+01:00,0.000000
2026-01-24 00:30+01:00,0.000000
2026-01-24 00:45+01:00,0.000000
2026-01-24 01:00+01:00,0.000000
2026-01-24 01:15+01:00,0.000000
2026-01-24 01:30+01:00,0.000000
2026-01-24 01:45+01:00,0.000000
2026-01-24 02:00+01:00,0.000000
2026-01-24 02:15+01:00,0.000000
2026-01-24 02:30+01:00,0.000000
2026-01-24 02:45+01:00,0.000000
2026-01-24 03:00+01:00,0.000000
2026-01-24 03:15+01:00,0.000000
2026-01-24 03:30+01:00,0.000000
2026-01-24 03:45+01:00,0.000000
2026-01-24 04:00+01:00,2.472474
2026-01-24 04:15+01:00,2.591889
2026-01-24 04:30+01:00,2.477228
2026-01-24 04:45+01:00,2.258739
2026-01-24 05:00+01:00,2.704625
2026-01-24 05:15+01:00,2.182734
2026-01-24 05:30+01:00,2.248316
2026-01-24 05:45+01:00,2.598745
2026-01-24 06:00+01:00,2.443976
2026-01-24 06:15+01:00,2.259432
2026-01-24 06:30+01:00,2.434263
2026-01-24 06:45+01:00,2.349782
2026-01-24 07:00+01:00,2.290473
2026-01-24 07:15+01:00,2.463861
2026-01-24 07:30+01:00,2.238687
2026-01-24 07:45+01:00,2.701509
2026-01-24 08:00+01:00,0.000000
2026-01-24 08:15+01:00,0.000000
2026-01-24 08:30+01:00,0.000000
2026-01-24 08:45+01:00,0.000000
2026-01-24 09:00+01:00,0.000000
2026-01-24 09:15+01:00,0.000000
2026-01-24 09:30+01:00,0.000000
2026-01-24 09:45+01:00,0.000000
2026-01-24 10:00+01:00,0.000000
2026-01-24 10:15+01:00,0.000000
2026-01-24 10:30+01:00,0.000000
2026-01-24 10:45+01:00,0.000000
2026-01-24 11:00+01:00,0.000000
2026-01-24 11:15+01:00,0.000000
2026-01-24 11:30+01:00,0.000000
2026-01-24 11:45+01:00,0.000000
2026-01-24 12:00+01:00,0.000000
2026-01-24 12:15+01:00,
2026-01-24 12:30+01:00,0.000000
2026-01-24 12:45+01:00,0.000000
2026-01-24 13:00+01:00,0.000000
2026-01-24 13:15+01:00,0.000000
2026-01-24 13:30+01:00,0.000000
2026-01-24 13:45+01:00,0.000000
2026-01-24 14:00+01:00,0.000000
2026-01-24 14:15+01:00,0.000000
2026-01-24 14:30+01:00,0.000000
2026-01-24 14:45+01:00,0.000000
2026-01-24 15:00+01:00,0.000000
2026-01-24 15:15+01:00,0.000000
2026-01-24 15:30+01:00,0.000000
2026-01-24 15:45+01:00,0.000000
2026-01-24 16:00+01:00,0.000000
2026-01-24 16:15+01:00,0.000000
2026-01-24 16:30+01:00,0.000000
2026-01-24 16:45+01:00,0.000000
2026-01-24 17:00+01:00,0.000000
2026-01-24 17:15+01:00,0.000000
2026-01-24 17:30+01:00,0.000000
2026-01-24 17:45+01:00,0.000000
2026-01-24 18:00+01:00,0.000000
2026-01-24 18:15+01:00,0.000000
2026-01-24 18:30+01:00,0.000000
2026-01-24 18:45+01:00,0.000000
2026-01-24 19:00+01:00,2.669634
2026-01-24 19:15+01:00,2.709864
2026-01-24 19:30+01:00,2.137770
2026-01-24 19:45+01:00,2.439504
2026-01-24 20:00+01:00,2.416786
2026-01-24 20:15+01:00,2.506876
2026-01-24 20:30+01:00,2.436803
2026-01-24 20:45+01:00,2.200020
2026-01-24 21:00+01:00,2.636602
2026-01-24 21:15+01:00,2.298569
2026-01-24 21:30+01:00,2.203041
2026-01-24 21:45+01:00,2.222517
2026-01-24 22:00+01:00,2.381512
2026-01-24 22:15+01:00,2.642374
2026-01-24 22:30+01:00,2.487982
2026-01-24 22:45+01:00,0.000000
2026-01-24 23:00+01:00,0.000000
2026-01-24 23:15+01:00,0.000000
2026-01-24 23:30+01:00,0.000000
2026-01-24 23:45+01:00,0.000000
2026-01-25 00:00+01:00,0.000000
2026-01-25 00:15+01:00,0.000000
2026-01-25 00:30+01:00,0.000000
2026-01-25 00:45+01:00,0.000000
2026-01-25 01:00+01:00,0.000000
2026-01-25 01:15+01:00,0.000000
2026-01-25 01:30+01:00,0.000000
2026-01-25 01:45+01:00,0.000000
2026-01-25 02:00+01:00,0.000000
2026-01-25 02:15+01:00,0.000000
2026-01-25 02:30+01:00,0.000000
2026-01-25 02:45+01:00,0.000000
2026-01-25 03:00+01:00,0.000000
2026-01-25 03:15+01:00,0.000000
2026-01-25 03:30+01:00,0.000000
2026-01-25 03:45+01:00,0.000000
2026-01-25 04:00+01:00,0.000000
2026-01-25 04:15+01:00,0.000000
2026-01-25 04:30+01:00,0.000000
2026-01-25 04:45+01:00,0.000000
2026-01-25 05:00+01:00,0.000000
2026-01-25 05:15+01:00,
2026-01-25 05:30+01:00,0.000000
2026-01-25 05:45+01:00,0.000000
2026-01-25 06:00+01:00,0.000000
2026-01-25 06:15+01:00,0.000000
2026-01-25 06:30+01:00,0.000000
2026-01-25 06:45+01:00,0.000000
2026-01-25 07:00+01:00,0.000000
2026-01-25 07:15+01:00,2.445883
2026-01-25 07:30+01:00,2.667359
2026-01-25 07:45+01:00,2.384774
2026-01-25 08:00+01:00,2.542926
2026-01-25 08:15+01:00,2.401549
2026-01-25 08:30+01:00,2.368125
2026-01-25 08:45+01:00,2.538904
2026-01-25 09:00+01:00,2.380640
2026-01-25 09:15+01:00,2.518956
2026-01-25 09:30+01:00,2.312226
2026-01-25 09:45+01:00,2.308940
2026-01-25 10:00+01:00,2.418028
2026-01-25 10:15+01:00,2.580608
2026-01-25 10:30+01:00,2.251357
2026-01-25 10:45+01:00,2.219895
2026-01-25 11:00+01:00,0.000000
2026-01-25 11:15+01:00,0.000000
2026-01-25 11:30+01:00,2.695786
2026-01-25 11:45+01:00,2.334703
2026-01-25 12:00+01:00,2.596761
2026-01-25 12:15+01:00,2.200695
2026-01-25 12:30+01:00,2.401980
2026-01-25 12:45+01:00,2.567180
2026-01-25 13:00+01:00,2.516989
2026-01-25 13:15+01:00,2.470467
2026-01-25 13:30+01:00,2.414147
2026-01-25 13:45+01:00,2.349726
2026-01-25 14:00+01:00,2.557418
2026-01-25 14:15+01:00,2.364176
2026-01-25 14:30+01:00,2.507661
2026-01-25 14:45+01:00,2.258674
2026-01-25 15:00+01:00,2.415973
2026-01-25 15:15+01:00,2.553380
2026-01-25 15:30+01:00,0.000000
2026-01-25 15:45+01:00,0.000000
2026-01-25 16:00+01:00,0.000000
2026-01-25 16:15+01:00,0.000000
2026-01-25 16:30+01:00,0.000000
2026-01-25 16:45+01:00,0.000000
2026-01-25 17:00+01:00,0.000000
2026-01-25 17:15+01:00,0.000000
2026-01-25 17:30+01:00,0.000000
2026-01-25 17:45+01:00,0.000000
2026-01-25 18:00+01:00,0.000000
2026-01-25 18:15+01:00,0.000000
2026-01-25 18:30+01:00,0.000000
2026-01-25 18:45+01:00,0.000000
2026-01-25 19:00+01:00,0.000000
2026-01-25 19:15+01:00,0.000000
2026-01-25 19:30+01:00,0.000000
2026-01-25 19:45+01:00,0.000000
2026-01-25 20:00+01:00,0.000000
2026-01-25 20:15+01:00,0.000000
2026-01-25 20:30+01:00,0.000000
2026-01-25 20:45+01:00,0.000000
2026-01-25 21:00+01:00,0.000000
2026-01-25 21:15+01:00,0.000000
2026-01-25 21:30+01:00,0.000000
2026-01-25 21:45+01:00,0.000000
2026-01-25 22:00+01:00,0.000000
2026-01-25 22:15+01:00,0.000000
2026-01-25 22:30+01:00,0.000000
2026-01-25 22:45+01:00,0.000000
2026-01-25 23:00+01:00,0.000000
2026-01-25 23:15+01:00,0.000000
2026-01-25 23:30+01:00,0.000000
2026-01-25 23:45+01:00,0.000000
2026-01-26 00:00+01:00,0.000000
2026-01-26 00:15+01:00,0.000000
2026-01-26 00:30+01:00,0.000000
2026-01-26 00:45+01:00,0.000000
2026-01-26 01:00+01:00,0.000000
2026-01-26 01:15+01:00,0.000000
2026-01-26 01:30+01:00,0.000000
2026-01-26 01:45+01:00,0.000000
2026-01-26 02:00+01:00,0.000000
2026-01-26 02:15+01:00,0.000000
2026-01-26 02:30+01:00,0.000000
2026-01-26 02:45+01:00,0.000000
2026-01-26 03:00+01:00,0.000000
2026-01-26 03:15+01:00,0.000000
2026-01-26 03:30+01:00,
2026-01-26 03:45+01:00,0.000000
2026-01-26 04:00+01:00,0.000000
2026-01-26 04:15+01:00,2.267406
2026-01-26 04:30+01:00,2.420053
2026-01-26 04:45+01:00,2.216815
2026-01-26 05:00+01:00,2.388233
2026-01-26 05:15+01:00,2.235249
2026-01-26 05:30+01:00,2.422844
2026-01-26 05:45+01:00,2.706351
2026-01-26 06:00+01:00,2.245696
2026-01-26 06:15+01:00,2.477521
2026-01-26 06:30+01:00,2.380387
2026-01-26 06:45+01:00,2.476216
2026-01-26 07:00+01:00,0.000000
2026-01-26 07:15+01:00,0.000000
2026-01-26 07:30+01:00,0.000000
2026-01-26 07:45+01:00,0.000000
2026-01-26 08:00+01:00,0.000000
2026-01-26 08:15+01:00,0.000000
2026-01-26 08:30+01:00,0.000000
2026-01-26 08:45+01:00,0.000000
2026-01-26 09:00+01:00,0.000000
2026-01-26 09:15+01:00,2.345485
2026-01-26 09:30+01:00,2.594245
2026-01-26 09:45+01:00,2.398943
2026-01-26 10:00+01:00,2.234672
2026-01-26 10:15+01:00,2.692445
2026-01-26 10:30+01:00,2.427420
2026-01-26 10:45+01:00,2.452470
2026-01-26 11:00+01:00,2.363139
2026-01-26 11:15+01:00,2.195165
2026-01-26 11:30+01:00,2.302559
2026-01-26 11:45+01:00,0.000000
2026-01-26 12:00+01:00,0.000000
2026-01-26 12:15+01:00,0.000000
2026-01-26 12:30+01:00,0.000000
2026-01-26 12:45+01:00,0.000000
2026-01-26 13:00+01:00,0.000000
2026-01-26 13:15+01:00,0.000000
2026-01-26 13:30+01:00,0.000000
2026-01-26 13:45+01:00,0.000000
2026-01-26 14:00+01:00,0.000000
2026-01-26 14:15+01:00,2.554103
2026-01-26 14:30+01:00,2.551377
2026-01-26 14:45+01:00,
2026-01-26 15:00+01:00,2.269877
2026-01-26 15:15+01:00,2.265931
2026-01-26 15:30+01:00,2.731590
2026-01-26 15:45+01:00,2.715330
2026-01-26 16:00+01:00,2.612716
2026-01-26 16:15+01:00,2.266328
2026-01-26 16:30+01:00,2.466691
2026-01-26 16:45+01:00,0.000000
2026-01-26 17:00+01:00,0.000000
2026-01-26 17:15+01:00,0.000000
2026-01-26 17:30+01:00,0.000000
2026-01-26 17:45+01:00,0.000000
2026-01-26 18:00+01:00,0.000000
2026-01-26 18:15+01:00,0.000000
2026-01-26 18:30+01:00,0.000000
2026-01-26 18:45+01:00,0.000000
2026-01-26 19:00+01:00,0.000000
2026-01-26 19:15+01:00,0.000000
2026-01-26 19:30+01:00,0.000000
2026-01-26 19:45+01:00,0.000000
2026-01-26 20:00+01:00,0.000000
2026-01-26 20:15+01:00,0.000000
2026-01-26 20:30+01:00,0.000000
2026-01-26 20:45+01:00,0.000000
2026-01-26 21:00+01:00,0.000000
2026-01-26 21:15+01:00,0.000000
2026-01-26 21:30+01:00,0.000000
2026-01-26 21:45+01:00,0.000000
2026-01-26 22:00+01:00,0.000000
2026-01-26 22:15+01:00,0.000000
2026-01-26 22:30+01:00,0.000000
2026-01-26 22:45+01:00,0.000000
2026-01-26 23:00+01:00,0.000000
2026-01-26 23:15+01:00,0.000000
2026-01-26 23:30+01:00,0.000000
2026-01-26 23:45+01:00,0.000000
2026-01-27 00:00+01:00,0.000000
2026-01-27 00:15+01:00,0.000000
2026-01-27 00:30+01:00,0.000000
2026-01-27 00:45+01:00,0.000000
2026-01-27 01:00+01:00,0.000000
2026-01-27 01:15+01:00,0.000000
2026-01-27 01:30+01:00,0.000000
2026-01-27 01:45+01:00,0.000000
2026-01-27 02:00+01:00,0.000000
2026-01-27 02:15+01:00,0.000000
2026-01-27 02:30+01:00,0.000000
2026-01-27 02:45+01:00,
2026-01-27 03:00+01:00,2.678838
2026-01-27 03:15+01:00,2.511624
2026-01-27 03:30+01:00,2.344783
2026-01-27 03:45+01:00,2.240488
2026-01-27 04:00+01:00,2.824057
2026-01-27 04:15+01:00,2.385522
2026-01-27 04:30+01:00,2.561221
2026-01-27 04:45+01:00,2.504199
2026-01-27 05:00+01:00,2.356519
2026-01-27 05:15+01:00,2.286302
2026-01-27 05:30+01:00,2.407397
2026-01-27 05:45+01:00,2.718442
2026-01-27 06:00+01:00,2.210627
2026-01-27 06:15+01:00,2.569215
2026-01-27 06:30+01:00,2.207628
2026-01-27 06:45+01:00,0.000000
2026-01-27 07:00+01:00,0.000000
2026-01-27 07:15+01:00,0.000000
2026-01-27 07:30+01:00,2.424149
2026-01-27 07:45+01:00,2.542014
2026-01-27 08:00+01:00,2.255550
2026-01-27 08:15+01:00,2.564584
2026-01-27 08:30+01:00,2.427673
2026-01-27 08:45+01:00,2.502701
2026-01-27 09:00+01:00,2.293421
2026-01-27 09:15+01:00,2.264021
2026-01-27 09:30+01:00,2.718673
2026-01-27 09:45+01:00,2.314045
2026-01-27 10:00+01:00,2.173228
2026-01-27 10:15+01:00,2.237143
2026-01-27 10:30+01:00,2.626200
2026-01-27 10:45+01:00,2.351191
2026-01-27 11:00+01:00,
2026-01-27 11:15+01:00,0.000000
2026-01-27 11:30+01:00,0.000000
2026-01-27 11:45+01:00,0.000000
2026-01-27 12:00+01:00,0.000000
2026-01-27 12:15+01:00,0.000000
2026-01-27 12:30+01:00,0.000000
2026-01-27 12:45+01:00,0.000000
2026-01-27 13:00+01:00,0.000000
2026-01-27 13:15+01:00,0.000000
2026-01-27 13:30+01:00,0.000000
2026-01-27 13:45+01:00,0.000000
2026-01-27 14:00+01:00,0.000000
2026-01-27 14:15+01:00,0.000000
2026-01-27 14:30+01:00,0.000000
2026-01-27 14:45+01:00,0.000000
2026-01-27 15:00+01:00,0.000000
2026-01-27 15:15+01:00,0.000000
2026-01-27 15:30+01:00,0.000000
2026-01-27 15:45+01:00,0.000000
2026-01-27 16:00+01:00,0.000000
2026-01-27 16:15+01:00,0.000000
2026-01-27 16:30+01:00,0.000000
2026-01-27 16:45+01:00,0.000000
2026-01-27 17:00+01:00,
2026-01-27 17:15+01:00,0.000000
2026-01-27 17:30+01:00,0.000000
2026-01-27 17:45+01:00,0.000000
2026-01-27 18:00+01:00,0.000000
2026-01-27 18:15+01:00,0.000000
2026-01-27 18:30+01:00,0.000000
2026-01-27 18:45+01:00,0.000000
2026-01-27 19:00+01:00,0.000000
2026-01-27 19:15+01:00,0.000000
2026-01-27 19:30+01:00,0.000000
2026-01-27 19:45+01:00,0.000000
2026-01-27 20:00+01:00,0.000000
2026-01-27 20:15+01:00,0.000000
2026-01-27 20:30+01:00,0.000000
2026-01-27 20:45+01:00,0.000000
2026-01-27 21:00+01:00,0.000000
2026-01-27 21:15+01:00,0.000000
2026-01-27 21:30+01:00,0.000000
2026-01-27 21:45+01:00,0.000000
2026-01-27 22:00+01:00,0.000000
2026-01-27 22:15+01:00,0.000000
2026-01-27 22:30+01:00,0.000000
2026-01-27 22:45+01:00,0.000000
2026-01-27 23:00+01:00,0.000000
2026-01-27 23:15+01:00,0.000000
2026-01-27 23:30+01:00,0.000000
2026-01-27 23:45+01:00,0.000000
2026-01-28 00:00+01:00,0.000000
2026-01-28 00:15+01:00,0.000000
2026-01-28 00:30+01:00,0.000000
2026-01-28 00:45+01:00,0.000000
2026-01-28 01:00+01:00,2.379318
2026-01-28 01:15+01:00,2.340706
2026-01-28 01:30+01:00,2.387387
2026-01-28 01:45+01:00,2.524246
2026-01-28 02:00+01:00,2.678952
2026-01-28 02:15+01:00,2.524051
2026-01-28 02:30+01:00,2.519310
2026-01-28 02:45+01:00,2.587929
2026-01-28 03:00+01:00,2.513221
2026-01-28 03:15+01:00,2.627629
2026-01-28 03:30+01:00,0.000000
2026-01-28 03:45+01:00,0.000000
2026-01-28 04:00+01:00,0.000000
2026-01-28 04:15+01:00,0.000000
2026-01-28 04:30+01:00,0.000000
2026-01-28 04:45+01:00,0.000000
2026-01-28 05:00+01:00,0.000000
2026-01-28 05:15+01:00,0.000000
2026-01-28 05:30+01:00,0.000000
2026-01-28 05:45+01:00,0.000000
2026-01-28 06:00+01:00,0.000000
2026-01-28 06:15+01:00,0.000000
2026-01-28 06:30+01:00,0.000000
2026-01-28 06:45+01:00,0.000000
2026-01-28 07:00+01:00,0.000000
2026-01-28 07:15+01:00,0.000000
2026-01-28 07:30+01:00,0.000000
2026-01-28 07:45+01:00,0.000000
2026-01-28 08:00+01:00,0.000000
2026-01-28 08:15+01:00,0.000000
2026-01-28 08:30+01:00,0.000000
2026-01-28 08:45+01:00,0.000000
2026-01-28 09:00+01:00,0.000000
2026-01-28 09:15+01:00,0.000000
2026-01-28 09:30+01:00,0.000000
2026-01-28 09:45+01:00,0.000000
2026-01-28 10:00+01:00,0.000000
2026-01-28 10:15+01:00,0.000000
2026-01-28 10:30+01:00,0.000000
2026-01-28 10:45+01:00,0.000000
2026-01-28 11:00+01:00,0.000000
2026-01-28 11:15+01:00,0.000000
2026-01-28 11:30+01:00,0.000000
2026-01-28 11:45+01:00,0.000000
2026-01-28 12:00+01:00,0.000000
2026-01-28 12:15+01:00,0.000000
2026-01-28 12:30+01:00,0.000000
2026-01-28 12:45+01:00,2.315528
2026-01-28 13:00+01:00,2.691967
2026-01-28 13:15+01:00,2.441789
2026-01-28 13:30+01:00,2.499758
2026-01-28 13:45+01:00,2.387981
2026-01-28 14:00+01:00,2.382418
2026-01-28 14:15+01:00,2.363695
2026-01-28 14:30+01:00,2.121658
2026-01-28 14:45+01:00,2.203053
2026-01-28 15:00+01:00,2.701182
2026-01-28 15:15+01:00,2.582809
2026-01-28 15:30+01:00,0.000000
2026-01-28 15:45+01:00,0.000000
2026-01-28 16:00+01:00,0.000000
2026-01-28 16:15+01:00,0.000000
2026-01-28 16:30+01:00,0.000000
2026-01-28 16:45+01:00,0.000000
2026-01-28 17:00+01:00,0.000000
2026-01-28 17:15+01:00,0.000000
2026-01-28 17:30+01:00,0.000000
2026-01-28 17:45+01:00,0.000000
2026-01-28 18:00+01:00,0.000000
2026-01-28 18:15+01:00,0.000000
2026-01-28 18:30+01:00,0.000000
2026-01-28 18:45+01:00,0.000000
2026-01-28 19:00+01:00,0.000000
2026-01-28 19:15+01:00,0.000000
2026-01-28 19:30+01:00,0.000000
2026-01-28 19:45+01:00,0.000000
2026-01-28 20:00+01:00,0.000000
2026-01-28 20:15+01:00,0.000000
2026-01-28 20:30+01:00,0.000000
2026-01-28 20:45+01:00,0.000000
2026-01-28 21:00+01:00,0.000000
2026-01-28 21:15+01:00,0.000000
2026-01-28 21:30+01:00,0.000000
2026-01-28 21:45+01:00,2.425803
2026-01-28 22:00+01:00,2.356013
2026-01-28 22:15+01:00,2.294642
2026-01-28 22:30+01:00,2.632568
2026-01-28 22:45+01:00,2.346965
2026-01-28 23:00+01:00,2.689977
2026-01-28 23:15+01:00,2.696243
2026-01-28 23:30+01:00,2.767967
2026-01-28 23:45+01:00,2.504355
2026-01-29 00:00+01:00,2.443132
2026-01-29 00:15+01:00,0.000000
2026-01-29 00:30+01:00,0.000000
2026-01-29 00:45+01:00,0.000000
2026-01-29 01:00+01:00,0.000000
2026-01-29 01:15+01:00,0.000000
2026-01-29 01:30+01:00,0.000000
2026-01-29 01:45+01:00,0.000000
2026-01-29 02:00+01:00,0.000000
2026-01-29 02:15+01:00,0.000000
2026-01-29 02:30+01:00,0.000000
2026-01-29 02:45+01:00,0.000000
2026-01-29 03:00+01:00,0.000000
2026-01-29 03:15+01:00,0.000000
2026-01-29 03:30+01:00,2.415025
2026-01-29 03:45+01:00,2.381933
2026-01-29 04:00+01:00,2.239204
2026-01-29 04:15+01:00,2.691930
2026-01-29 04:30+01:00,2.269878
2026-01-29 04:45+01:00,2.372245
2026-01-29 05:00+01:00,2.530351
2026-01-29 05:15+01:00,2.384255
2026-01-29 05:30+01:00,2.372141
2026-01-29 05:45+01:00,2.323137
2026-01-29 06:00+01:00,2.364776
2026-01-29 06:15+01:00,0.000000
2026-01-29 06:30+01:00,0.000000
2026-01-29 06:45+01:00,0.000000
2026-01-29 07:00+01:00,0.000000
2026-01-29 07:15+01:00,0.000000
2026-01-29 07:30+01:00,0.000000
2026-01-29 07:45+01:00,0.000000
2026-01-29 08:00+01:00,0.000000
2026-01-29 08:15+01:00,0.000000
2026-01-29 08:30+01:00,0.000000
2026-01-29 08:45+01:00,0.000000
2026-01-29 09:00+01:00,0.000000
2026-01-29 09:15+01:00,0.000000
2026-01-29 09:30+01:00,0.000000
2026-01-29 09:45+01:00,0.000000
2026-01-29 10:00+01:00,0.000000
2026-01-29 10:15+01:00,0.000000
2026-01-29 10:30+01:00,0.000000
2026-01-29 10:45+01:00,0.000000
2026-01-29 11:00+01:00,0.000000
2026-01-29 11:15+01:00,0.000000
2026-01-29 11:30+01:00,0.000000
2026-01-29 11:45+01:00,0.000000
2026-01-29 12:00+01:00,0.000000
2026-01-29 12:15+01:00,2.538153
2026-01-29 12:30+01:00,2.586587
2026-01-29 12:45+01:00,2.425741
2026-01-29 13:00+01:00,2.479417
2026-01-29 13:15+01:00,2.372400
2026-01-29 13:30+01:00,2.443058
2026-01-29 13:45+01:00,2.264654
2026-01-29 14:00+01:00,2.416217
2026-01-29 14:15+01:00,2.265853
2026-01-29 14:30+01:00,2.685235
2026-01-29 14:45+01:00,0.000000
2026-01-29 15:00+01:00,0.000000
2026-01-29 15:15+01:00,0.000000
2026-01-29 15:30+01:00,0.000000
2026-01-29 15:45+01:00,0.000000
2026-01-29 16:00+01:00,0.000000
2026-01-29 16:15+01:00,0.000000
2026-01-29 16:30+01:00,0.000000
2026-01-29 16:45+01:00,0.000000
2026-01-29 17:00+01:00,0.000000
2026-01-29 17:15+01:00,0.000000
2026-01-29 17:30+01:00,0.000000
2026-01-29 17:45+01:00,0.000000
2026-01-29 18:00+01:00,0.000000
2026-01-29 18:15+01:00,0.000000
2026-01-29 18:30+01:00,0.000000
2026-01-29 18:45+01:00,0.000000
2026-01-29 19:00+01:00,0.000000
2026-01-29 19:15+01:00,0.000000
2026-01-29 19:30+01:00,2.455076
2026-01-29 19:45+01:00,2.392987
2026-01-29 20:00+01:00,2.649517
2026-01-29 20:15+01:00,2.448198
2026-01-29 20:30+01:00,2.445853
2026-01-29 20:45+01:00,2.360862
2026-01-29 21:00+01:00,2.408649
2026-01-29 21:15+01:00,2.447259
2026-01-29 21:30+01:00,2.544385
2026-01-29 21:45+01:00,2.413758
2026-01-29 22:00+01:00,0.000000
2026-01-29 22:15+01:00,0.000000
2026-01-29 22:30+01:00,0.000000
2026-01-29 22:45+01:00,0.000000
2026-01-29 23:00+01:00,0.000000
2026-01-29 23:15+01:00,0.000000
2026-01-29 23:30+01:00,0.000000
2026-01-29 23:45+01:00,0.000000
2026-01-30 00:00+01:00,0.000000
2026-01-30 00:15+01:00,0.000000
2026-01-30 00:30+01:00,0.000000
2026-01-30 00:45+01:00,0.000000
2026-01-30 01:00+01:00,0.000000
2026-01-30 01:15+01:00,0.000000
2026-01-30 01:30+01:00,0.000000
2026-01-30 01:45+01:00,0.000000
2026-01-30 02:00+01:00,0.000000
2026-01-30 02:15+01:00,0.000000
2026-01-30 02:30+01:00,0.000000
2026-01-30 02:45+01:00,0.000000
2026-01-30 03:00+01:00,0.000000
2026-01-30 03:15+01:00,0.000000
2026-01-30 03:30+01:00,0.000000
2026-01-30 03:45+01:00,0.000000
2026-01-30 04:00+01:00,0.000000
2026-01-30 04:15+01:00,0.000000
2026-01-30 04:30+01:00,0.000000
2026-01-30 04:45+01:00,0.000000
2026-01-30 05:00+01:00,0.000000
2026-01-30 05:15+01:00,0.000000
2026-01-30 05:30+01:00,0.000000
2026-01-30 05:45+01:00,0.000000
2026-01-30 06:00+01:00,0.000000
2026-01-30 06:15+01:00,0.000000
2026-01-30 06:30+01:00,0.000000
2026-01-30 06:45+01:00,0.000000
2026-01-30 07:00+01:00,0.000000
2026-01-30 07:15+01:00,0.000000
2026-01-30 07:30+01:00,0.000000
2026-01-30 07:45+01:00,0.000000
2026-01-30 08:00+01:00,0.000000
2026-01-30 08:15+01:00,0.000000
2026-01-30 08:30+01:00,0.000000
2026-01-30 08:45+01:00,0.000000
2026-01-30 09:00+01:00,0.000000
2026-01-30 09:15+01:00,0.000000
2026-01-30 09:30+01:00,0.000000
2026-01-30 09:45+01:00,0.000000
2026-01-30 10:00+01:00,0.000000
2026-01-30 10:15+01:00,0.000000
2026-01-30 10:30+01:00,0.000000
2026-01-30 10:45+01:00,0.000000
2026-01-30 11:00+01:00,2.285463
2026-01-30 11:15+01:00,2.366548
2026-01-30 11:30+01:00,2.468530
2026-01-30 11:45+01:00,2.524047
2026-01-30 12:00+01:00,2.353188
2026-01-30 12:15+01:00,2.566873
2026-01-30 12:30+01:00,2.503559
2026-01-30 12:45+01:00,2.618752
2026-01-30 13:00+01:00,2.489466
2026-01-30 13:15+01:00,2.559743
2026-01-30 13:30+01:00,2.414506
2026-01-30 13:45+01:00,2.422760
2026-01-30 14:00+01:00,2.351009
2026-01-30 14:15+01:00,2.435510
2026-01-30 14:30+01:00,2.474219
2026-01-30 14:45+01:00,0.000000
2026-01-30 15:00+01:00,2.377597
2026-01-30 15:15+01:00,
2026-01-30 15:30+01:00,2.476644
2026-01-30 15:45+01:00,2.523744
2026-01-30 16:00+01:00,2.702045
2026-01-30 16:15+01:00,2.352483
2026-01-30 16:30+01:00,2.475725
2026-01-30 16:45+01:00,2.436884
2026-01-30 17:00+01:00,2.496568
2026-01-30 17:15+01:00,2.187795
2026-01-30 17:30+01:00,2.427998
2026-01-30 17:45+01:00,2.415007
2026-01-30 18:00+01:00,2.344711
2026-01-30 18:15+01:00,2.345766
2026-01-30 18:30+01:00,2.436490
2026-01-30 18:45+01:00,2.259417
2026-01-30 19:00+01:00,0.000000
2026-01-30 19:15+01:00,0.000000
2026-01-30 19:30+01:00,0.000000
2026-01-30 19:45+01:00,0.000000
2026-01-30 20:00+01:00,0.000000
2026-01-30 20:15+01:00,0.000000
2026-01-30 20:30+01:00,0.000000
2026-01-30 20:45+01:00,0.000000
2026-01-30 21:00+01:00,0.000000
2026-01-30 21:15+01:00,0.000000
2026-01-30 21:30+01:00,0.000000
2026-01-30 21:45+01:00,0.000000
2026-01-30 22:00+01:00,0.000000
2026-01-30 22:15+01:00,0.000000
2026-01-30 22:30+01:00,0.000000
2026-01-30 22:45+01:00,0.000000
2026-01-30 23:00+01:00,0.000000
2026-01-30 23:15+01:00,0.000000
2026-01-30 23:30+01:00,0.000000
2026-01-30 23:45+01:00,0.000000
2026-01-31 00:00+01:00,0.000000
2026-01-31 00:15+01:00,0.000000
2026-01-31 00:30+01:00,0.000000
2026-01-31 00:45+01:00,0.000000
2026-01-31 01:00+01:00,0.000000
2026-01-31 01:15+01:00,0.000000
2026-01-31 01:30+01:00,0.000000
2026-01-31 01:45+01:00,0.000000
2026-01-31 02:00+01:00,0.000000
2026-01-31 02:15+01:00,0.000000
2026-01-31 02:30+01:00,0.000000
2026-01-31 02:45+01:00,0.000000
2026-01-31 03:00+01:00,0.000000
2026-01-31 03:15+01:00,0.000000
2026-01-31 03:30+01:00,
2026-01-31 03:45+01:00,0.000000
2026-01-31 04:00+01:00,0.000000
2026-01-31 04:15+01:00,0.000000
2026-01-31 04:30+01:00,0.000000
2026-01-31 04:45+01:00,0.000000
2026-01-31 05:00+01:00,0.000000
2026-01-31 05:15+01:00,0.000000
2026-01-31 05:30+01:00,0.000000
2026-01-31 05:45+01:00,0.000000
2026-01-31 06:00+01:00,0.000000
2026-01-31 06:15+01:00,0.000000
2026-01-31 06:30+01:00,0.000000
2026-01-31 06:45+01:00,0.000000
2026-01-31 07:00+01:00,0.000000
2026-01-31 07:15+01:00,0.000000
2026-01-31 07:30+01:00,0.000000
2026-01-31 07:45+01:00,0.000000
2026-01-31 08:00+01:00,
2026-01-31 08:15+01:00,0.000000
2026-01-31 08:30+01:00,0.000000
2026-01-31 08:45+01:00,0.000000
2026-01-31 09:00+01:00,0.000000
2026-01-31 09:15+01:00,0.000000
2026-01-31 09:30+01:00,0.000000
2026-01-31 09:45+01:00,0.000000
2026-01-31 10:00+01:00,2.688570
2026-01-31 10:15+01:00,2.576817
2026-01-31 10:30+01:00,2.585911
2026-01-31 10:45+01:00,2.470334
2026-01-31 11:00+01:00,2.653837
2026-01-31 11:15+01:00,2.472042
2026-01-31 11:30+01:00,2.530944
2026-01-31 11:45+01:00,2.410076
2026-01-31 12:00+01:00,2.295003
2026-01-31 12:15+01:00,2.486073
2026-01-31 12:30+01:00,2.502499
2026-01-31 12:45+01:00,2.430060
2026-01-31 13:00+01:00,2.535354
2026-01-31 13:15+01:00,2.558592
2026-01-31 13:30+01:00,2.284202
2026-01-31 13:45+01:00,2.402902
2026-01-31 14:00+01:00,2.295253
2026-01-31 14:15+01:00,2.447529
2026-01-31 14:30+01:00,
2026-01-31 14:45+01:00,2.334922
2026-01-31 15:00+01:00,2.501088
2026-01-31 15:15+01:00,2.605018
2026-01-31 15:30+01:00,2.307093
2026-01-31 15:45+01:00,2.600009
2026-01-31 16:00+01:00,2.418626
2026-01-31 16:15+01:00,2.674268
2026-01-31 16:30+01:00,2.380849
2026-01-31 16:45+01:00,2.348295
2026-01-31 17:00+01:00,2.290928
2026-01-31 17:15+01:00,2.466408
2026-01-31 17:30+01:00,2.426151
2026-01-31 17:45+01:00,0.000000
2026-01-31 18:00+01:00,0.000000
2026-01-31 18:15+01:00,0.000000
2026-01-31 18:30+01:00,0.000000
2026-01-31 18:45+01:00,0.000000
2026-01-31 19:00+01:00,0.000000
2026-01-31 19:15+01:00,0.000000
2026-01-31 19:30+01:00,0.000000
2026-01-31 19:45+01:00,0.000000
2026-01-31 20:00+01:00,0.000000
2026-01-31 20:15+01:00,0.000000
2026-01-31 20:30+01:00,0.000000
2026-01-31 20:45+01:00,0.000000
2026-01-31 21:00+01:00,0.000000
2026-01-31 21:15+01:00,0.000000
2026-01-31 21:30+01:00,0.000000
2026-01-31 21:45+01:00,0.000000
2026-01-31 22:00+01:00,0.000000
2026-01-31 22:15+01:00,0.000000
2026-01-31 22:30+01:00,0.000000
2026-01-31 22:45+01:00,0.000000
2026-01-31 23:00+01:00,0.000000
2026-01-31 23:15+01:00,0.000000
2026-01-31 23:30+01:00,0.000000
2026-01-31 23:45+01:00,0.000000
2026-02-01 00:00+01:00,0.000000
2026-02-01 00:15+01:00,0.000000
2026-02-01 00:30+01:00,0.000000
2026-02-01 00:45+01:00,0.000000
2026-02-01 01:00+01:00,0.000000
2026-02-01 01:15+01:00,0.000000
2026-02-01 01:30+01:00,0.000000
2026-02-01 01:45+01:00,0.000000
2026-02-01 02:00+01:00,0.000000
2026-02-01 02:15+01:00,0.000000
2026-02-01 02:30+01:00,0.000000
2026-02-01 02:45+01:00,0.000000
2026-02-01 03:00+01:00,0.000000
2026-02-01 03:15+01:00,0.000000
2026-02-01 03:30+01:00,0.000000
2026-02-01 03:45+01:00,0.000000
2026-02-01 04:00+01:00,0.000000
2026-02-01 04:15+01:00,0.000000
2026-02-01 04:30+01:00,0.000000
2026-02-01 04:45+01:00,0.000000
2026-02-01 05:00+01:00,0.000000
2026-02-01 05:15+01:00,0.000000
2026-02-01 05:30+01:00,0.000000
2026-02-01 05:45+01:00,0.000000
2026-02-01 06:00+01:00,0.000000
2026-02-01 06:15+01:00,0.000000
2026-02-01 06:30+01:00,0.000000
2026-02-01 06:45+01:00,0.000000
2026-02-01 07:00+01:00,0.000000
2026-02-01 07:15+01:00,0.000000
2026-02-01 07:30+01:00,0.000000
2026-02-01 07:45+01:00,0.000000
2026-02-01 08:00+01:00,0.000000
2026-02-01 08:15+01:00,0.000000
2026-02-01 08:30+01:00,0.000000
2026-02-01 08:45+01:00,0.000000
2026-02-01 09:00+01:00,0.000000
2026-02-01 09:15+01:00,0.000000
2026-02-01 09:30+01:00,0.000000
2026-02-01 09:45+01:00,0.000000
2026-02-01 10:00+01:00,0.000000
2026-02-01 10:15+01:00,0.000000
2026-02-01 10:30+01:00,0.000000
2026-02-01 10:45+01:00,0.000000
2026-02-01 11:00+01:00,0.000000
2026-02-01 11:15+01:00,0.000000
2026-02-01 11:30+01:00,0.000000
2026-02-01 11:45+01:00,0.000000
2026-02-01 12:00+01:00,0.000000
2026-02-01 12:15+01:00,0.000000
2026-02-01 12:30+01:00,2.284650
2026-02-01 12:45+01:00,2.433670
2026-02-01 13:00+01:00,2.424806
2026-02-01 13:15+01:00,2.518321
2026-02-01 13:30+01:00,2.545016
2026-02-01 13:45+01:00,2.420914
2026-02-01 14:00+01:00,2.375724
2026-02-01 14:15+01:00,2.463241
2026-02-01 14:30+01:00,2.299054
2026-02-01 14:45+01:00,2.422427
2026-02-01 15:00+01:00,2.299892
2026-02-01 15:15+01:00,2.436393
2026-02-01 15:30+01:00,2.461757
2026-02-01 15:45+01:00,2.316764
2026-02-01 16:00+01:00,2.392933
2026-02-01 16:15+01:00,2.320887
2026-02-01 16:30+01:00,0.000000
2026-02-01 16:45+01:00,2.852840
2026-02-01 17:00+01:00,2.469599
2026-02-01 17:15+01:00,2.654067
2026-02-01 17:30+01:00,2.564644
2026-02-01 17:45+01:00,2.564919
2026-02-01 18:00+01:00,2.318101
2026-02-01 18:15+01:00,2.481490
2026-02-01 18:30+01:00,2.395138
2026-02-01 18:45+01:00,2.093831
2026-02-01 19:00+01:00,2.445772
2026-02-01 19:15+01:00,2.213121
2026-02-01 19:30+01:00,2.309749
2026-02-01 19:45+01:00,2.363715
2026-02-01 20:00+01:00,2.317096
2026-02-01 20:15+01:00,2.618873
2026-02-01 20:30+01:00,0.000000
2026-02-01 20:45+01:00,0.000000
2026-02-01 21:00+01:00,0.000000
2026-02-01 21:15+01:00,0.000000
2026-02-01 21:30+01:00,0.000000
2026-02-01 21:45+01:00,0.000000
2026-02-01 22:00+01:00,
2026-02-01 22:15+01:00,0.000000
2026-02-01 22:30+01:00,0.000000
2026-02-01 22:45+01:00,0.000000
2026-02-01 23:00+01:00,0.000000
2026-02-01 23:15+01:00,0.000000
2026-02-01 23:30+01:00,0.000000
2026-02-01 23:45+01:00,0.000000
2026-02-02 00:00+01:00,
2026-02-02 00:15+01:00,2.362540
2026-02-02 00:30+01:00,2.404888
2026-02-02 00:45+01:00,2.409108
2026-02-02 01:00+01:00,2.686662
2026-02-02 01:15+01:00,2.748484
2026-02-02 01:30+01:00,2.413912
2026-02-02 01:45+01:00,2.343610
2026-02-02 02:00+01:00,2.366050
2026-02-02 02:15+01:00,2.178771
2026-02-02 02:30+01:00,2.583021
2026-02-02 02:45+01:00,0.000000
2026-02-02 03:00+01:00,0.000000
2026-02-02 03:15+01:00,2.820720
2026-02-02 03:30+01:00,2.587714
2026-02-02 03:45+01:00,2.552138
2026-02-02 04:00+01:00,2.408286
2026-02-02 04:15+01:00,2.420464
2026-02-02 04:30+01:00,2.466926
2026-02-02 04:45+01:00,2.561104
2026-02-02 05:00+01:00,2.510843
2026-02-02 05:15+01:00,2.363177
2026-02-02 05:30+01:00,2.546120
2026-02-02 05:45+01:00,0.000000
2026-02-02 06:00+01:00,0.000000
2026-02-02 06:15+01:00,0.000000
2026-02-02 06:30+01:00,0.000000
2026-02-02 06:45+01:00,0.000000
2026-02-02 07:00+01:00,0.000000
2026-02-02 07:15+01:00,0.000000
2026-02-02 07:30+01:00,0.000000
2026-02-02 07:45+01:00,0.000000
2026-02-02 08:00+01:00,0.000000
2026-02-02 08:15+01:00,0.000000
2026-02-02 08:30+01:00,0.000000
2026-02-02 08:45+01:00,0.000000
2026-02-02 09:00+01:00,0.000000
2026-02-02 09:15+01:00,0.000000
2026-02-02 09:30+01:00,0.000000
2026-02-02 09:45+01:00,0.000000
2026-02-02 10:00+01:00,0.000000
2026-02-02 10:15+01:00,0.000000
2026-02-02 10:30+01:00,0.000000
2026-02-02 10:45+01:00,0.000000
2026-02-02 11:00+01:00,0.000000
2026-02-02 11:15+01:00,0.000000
2026-02-02 11:30+01:00,0.000000
2026-02-02 11:45+01:00,0.000000
2026-02-02 12:00+01:00,0.000000
2026-02-02 12:15+01:00,0.000000
2026-02-02 12:30+01:00,0.000000
2026-02-02 12:45+01:00,0.000000
2026-02-02 13:00+01:00,0.000000
2026-02-02 13:15+01:00,0.000000
2026-02-02 13:30+01:00,0.000000
2026-02-02 13:45+01:00,0.000000
2026-02-02 14:00+01:00,0.000000
2026-02-02 14:15+01:00,0.000000
2026-02-02 14:30+01:00,0.000000
2026-02-02 14:45+01:00,0.000000
2026-02-02 15:00+01:00,0.000000
2026-02-02 15:15+01:00,0.000000
2026-02-02 15:30+01:00,0.000000
2026-02-02 15:45+01:00,0.000000
2026-02-02 16:00+01:00,0.000000
2026-02-02 16:15+01:00,0.000000
2026-02-02 16:30+01:00,0.000000
2026-02-02 16:45+01:00,0.000000
2026-02-02 17:00+01:00,0.000000
2026-02-02 17:15+01:00,0.000000
2026-02-02 17:30+01:00,0.000000
2026-02-02 17:45+01:00,0.000000
2026-02-02 18:00+01:00,0.000000
2026-02-02 18:15+01:00,0.000000
2026-02-02 18:30+01:00,0.000000
2026-02-02 18:45+01:00,0.000000
2026-02-02 19:00+01:00,0.000000
2026-02-02 19:15+01:00,0.000000
2026-02-02 19:30+01:00,0.000000
2026-02-02 19:45+01:00,0.000000
2026-02-02 20:00+01:00,0.000000
2026-02-02 20:15+01:00,0.000000
2026-02-02 20:30+01:00,0.000000
2026-02-02 20:45+01:00,0.000000
2026-02-02 21:00+01:00,2.527788
2026-02-02 21:15+01:00,2.621031
2026-02-02 21:30+01:00,2.497911
2026-02-02 21:45+01:00,2.411157
2026-02-02 22:00+01:00,2.585450
2026-02-02 22:15+01:00,2.582264
2026-02-02 22:30+01:00,2.533813
2026-02-02 22:45+01:00,2.589143
2026-02-02 23:00+01:00,2.577732
2026-02-02 23:15+01:00,2.311203
2026-02-02 23:30+01:00,2.553675
2026-02-02 23:45+01:00,0.000000
2026-02-03 00:00+01:00,0.000000
2026-02-03 00:15+01:00,0.000000
2026-02-03 00:30+01:00,0.000000
2026-02-03 00:45+01:00,0.000000
2026-02-03 01:00+01:00,0.000000
2026-02-03 01:15+01:00,0.000000
2026-02-03 01:30+01:00,0.000000
2026-02-03 01:45+01:00,0.000000
2026-02-03 02:00+01:00,0.000000
2026-02-03 02:15+01:00,0.000000
2026-02-03 02:30+01:00,0.000000
2026-02-03 02:45+01:00,0.000000
2026-02-03 03:00+01:00,0.000000
2026-02-03 03:15+01:00,0.000000
2026-02-03 03:30+01:00,0.000000
2026-02-03 03:45+01:00,0.000000
2026-02-03 04:00+01:00,0.000000
2026-02-03 04:15+01:00,0.000000
2026-02-03 04:30+01:00,0.000000
2026-02-03 04:45+01:00,0.000000
2026-02-03 05:00+01:00,0.000000
2026-02-03 05:15+01:00,0.000000
2026-02-03 05:30+01:00,0.000000
2026-02-03 05:45+01:00,2.164840
2026-02-03 06:00+01:00,2.413224
2026-02-03 06:15+01:00,2.491596
2026-02-03 06:30+01:00,2.432463
2026-02-03 06:45+01:00,2.294878
2026-02-03 07:00+01:00,2.454426
2026-02-03 07:15+01:00,2.436764
2026-02-03 07:30+01:00,2.767288
2026-02-03 07:45+01:00,2.500578
2026-02-03 08:00+01:00,2.597582
2026-02-03 08:15+01:00,2.433047
2026-02-03 08:30+01:00,2.738632
2026-02-03 08:45+01:00,2.425286
2026-02-03 09:00+01:00,2.362068
2026-02-03 09:15+01:00,2.757573
2026-02-03 09:30+01:00,2.397652
2026-02-03 09:45+01:00,2.729337
2026-02-03 10:00+01:00,2.391003
2026-02-03 10:15+01:00,2.424353
2026-02-03 10:30+01:00,2.628627
2026-02-03 10:45+01:00,2.513644
2026-02-03 11:00+01:00,2.451413
2026-02-03 11:15+01:00,2.395140
2026-02-03 11:30+01:00,2.733085
2026-02-03 11:45+01:00,2.728470
2026-02-03 12:00+01:00,2.542359
2026-02-03 12:15+01:00,2.306156
2026-02-03 12:30+01:00,2.531758
2026-02-03 12:45+01:00,2.713386
2026-02-03 13:00+01:00,2.173578
2026-02-03 13:15+01:00,2.412361
2026-02-03 13:30+01:00,0.000000
2026-02-03 13:45+01:00,0.000000
2026-02-03 14:00+01:00,0.000000
2026-02-03 14:15+01:00,0.000000
2026-02-03 14:30+01:00,0.000000
2026-02-03 14:45+01:00,0.000000
2026-02-03 15:00+01:00,0.000000
2026-02-03 15:15+01:00,0.000000
2026-02-03 15:30+01:00,0.000000
2026-02-03 15:45+01:00,0.000000
2026-02-03 16:00+01:00,0.000000
2026-02-03 16:15+01:00,
2026-02-03 16:30+01:00,0.000000
2026-02-03 16:45+01:00,0.000000
2026-02-03 17:00+01:00,0.000000
2026-02-03 17:15+01:00,0.000000
2026-02-03 17:30+01:00,0.000000
2026-02-03 17:45+01:00,0.000000
2026-02-03 18:00+01:00,0.000000
2026-02-03 18:15+01:00,0.000000
2026-02-03 18:30+01:00,0.000000
2026-02-03 18:45+01:00,0.000000
2026-02-03 19:00+01:00,0.000000
2026-02-03 19:15+01:00,0.000000
2026-02-03 19:30+01:00,0.000000
2026-02-03 19:45+01:00,0.000000
2026-02-03 20:00+01:00,0.000000
2026-02-03 20:15+01:00,0.000000
2026-02-03 20:30+01:00,0.000000
2026-02-03 20:45+01:00,0.000000
2026-02-03 21:00+01:00,0.000000
2026-02-03 21:15+01:00,0.000000
2026-02-03 21:30+01:00,0.000000
2026-02-03 21:45+01:00,0.000000
2026-02-03 22:00+01:00,0.000000
2026-02-03 22:15+01:00,0.000000
2026-02-03 22:30+01:00,0.000000
2026-02-03 22:45+01:00,0.000000
2026-02-03 23:00+01:00,0.000000
2026-02-03 23:15+01:00,0.000000
2026-02-03 23:30+01:00,0.000000
2026-02-03 23:45+01:00,0.000000
2026-02-04 00:00+01:00,0.000000
2026-02-04 00:15+01:00,0.000000
2026-02-04 00:30+01:00,0.000000
2026-02-04 00:45+01:00,0.000000
2026-02-04 01:00+01:00,0.000000
2026-02-04 01:15+01:00,0.000000
2026-02-04 01:30+01:00,0.000000
2026-02-04 01:45+01:00,0.000000
2026-02-04 02:00+01:00,0.000000
2026-02-04 02:15+01:00,0.000000
2026-02-04 02:30+01:00,0.000000
2026-02-04 02:45+01:00,0.000000
2026-02-04 03:00+01:00,0.000000
2026-02-04 03:15+01:00,0.000000
2026-02-04 03:30+01:00,0.000000
2026-02-04 03:45+01:00,0.000000
2026-02-04 04:00+01:00,0.000000
2026-02-04 04:15+01:00,0.000000
2026-02-04 04:30+01:00,0.000000
2026-02-04 04:45+01:00,0.000000
2026-02-04 05:00+01:00,0.000000
2026-02-04 05:15+01:00,2.592232
2026-02-04 05:30+01:00,2.404805
2026-02-04 05:45+01:00,2.607926
2026-02-04 06:00+01:00,2.610826
2026-02-04 06:15+01:00,2.464579
2026-02-04 06:30+01:00,2.686499
2026-02-04 06:45+01:00,2.580551
2026-02-04 07:00+01:00,2.554360
2026-02-04 07:15+01:00,2.355892
2026-02-04 07:30+01:00,2.449722
2026-02-04 07:45+01:00,0.000000
2026-02-04 08:00+01:00,0.000000
2026-02-04 08:15+01:00,0.000000
2026-02-04 08:30+01:00,0.000000
2026-02-04 08:45+01:00,0.000000
2026-02-04 09:00+01:00,0.000000
2026-02-04 09:15+01:00,0.000000
2026-02-04 09:30+01:00,0.000000
2026-02-04 09:45+01:00,0.000000
2026-02-04 10:00+01:00,0.000000
2026-02-04 10:15+01:00,0.000000
2026-02-04 10:30+01:00,0.000000
2026-02-04 10:45+01:00,0.000000
2026-02-04 11:00+01:00,0.000000
2026-02-04 11:15+01:00,0.000000
2026-02-04 11:30+01:00,0.000000
2026-02-04 11:45+01:00,0.000000
2026-02-04 12:00+01:00,0.000000
2026-02-04 12:15+01:00,0.000000
2026-02-04 12:30+01:00,0.000000
2026-02-04 12:45+01:00,0.000000
2026-02-04 13:00+01:00,0.000000
2026-02-04 13:15+01:00,0.000000
2026-02-04 13:30+01:00,0.000000
2026-02-04 13:45+01:00,0.000000
2026-02-04 14:00+01:00,0.000000
2026-02-04 14:15+01:00,0.000000
2026-02-04 14:30+01:00,0.000000
2026-02-04 14:45+01:00,0.000000
2026-02-04 15:00+01:00,0.000000
2026-02-04 15:15+01:00,0.000000
2026-02-04 15:30+01:00,0.000000
2026-02-04 15:45+01:00,0.000000
2026-02-04 16:00+01:00,0.000000
2026-02-04 16:15+01:00,2.662225
2026-02-04 16:30+01:00,2.718876
2026-02-04 16:45+01:00,2.477015
2026-02-04 17:00+01:00,2.355086
2026-02-04 17:15+01:00,2.535018
2026-02-04 17:30+01:00,2.358431
2026-02-04 17:45+01:00,2.312230
2026-02-04 18:00+01:00,2.359473
2026-02-04 18:15+01:00,2.299652
2026-02-04 18:30+01:00,2.475733
2026-02-04 18:45+01:00,2.491265
2026-02-04 19:00+01:00,0.000000
2026-02-04 19:15+01:00,0.000000
2026-02-04 19:30+01:00,0.000000
2026-02-04 19:45+01:00,0.000000
2026-02-04 20:00+01:00,0.000000
2026-02-04 20:15+01:00,2.285978
2026-02-04 20:30+01:00,2.555388
2026-02-04 20:45+01:00,2.564398
2026-02-04 21:00+01:00,2.462904
2026-02-04 21:15+01:00,2.379010
2026-02-04 21:30+01:00,2.343646
2026-02-04 21:45+01:00,2.623336
2026-02-04 22:00+01:00,2.331278
2026-02-04 22:15+01:00,2.404086
2026-02-04 22:30+01:00,
2026-02-04 22:45+01:00,0.000000
2026-02-04 23:00+01:00,0.000000
2026-02-04 23:15+01:00,0.000000
2026-02-04 23:30+01:00,0.000000
2026-02-04 23:45+01:00,0.000000
2026-02-05 00:00+01:00,0.000000
2026-02-05 00:15+01:00,0.000000
2026-02-05 00:30+01:00,0.000000
2026-02-05 00:45+01:00,0.000000
2026-02-05 01:00+01:00,0.000000
2026-02-05 01:15+01:00,0.000000
2026-02-05 01:30+01:00,0.000000
2026-02-05 01:45+01:00,0.000000
2026-02-05 02:00+01:00,0.000000
2026-02-05 02:15+01:00,0.000000
2026-02-05 02:30+01:00,0.000000
2026-02-05 02:45+01:00,
2026-02-05 03:00+01:00,2.447497
2026-02-05 03:15+01:00,2.464009
2026-02-05 03:30+01:00,2.590357
2026-02-05 03:45+01:00,2.333327
2026-02-05 04:00+01:00,2.577678
2026-02-05 04:15+01:00,2.728796
2026-02-05 04:30+01:00,2.495624
2026-02-05 04:45+01:00,2.370724
2026-02-05 05:00+01:00,2.459414
2026-02-05 05:15+01:00,2.257054
2026-02-05 05:30+01:00,2.634722
2026-02-05 05:45+01:00,2.781221
2026-02-05 06:00+01:00,2.536333
2026-02-05 06:15+01:00,2.540507
2026-02-05 06:30+01:00,2.404027
2026-02-05 06:45+01:00,2.458008
2026-02-05 07:00+01:00,2.688332
2026-02-05 07:15+01:00,2.604646
2026-02-05 07:30+01:00,2.524893
2026-02-05 07:45+01:00,0.000000
2026-02-05 08:00+01:00,0.000000
2026-02-05 08:15+01:00,0.000000
2026-02-05 08:30+01:00,0.000000
2026-02-05 08:45+01:00,0.000000
2026-02-05 09:00+01:00,0.000000
2026-02-05 09:15+01:00,0.000000
2026-02-05 09:30+01:00,0.000000
2026-02-05 09:45+01:00,0.000000
2026-02-05 10:00+01:00,0.000000
2026-02-05 10:15+01:00,0.000000
2026-02-05 10:30+01:00,0.000000
2026-02-05 10:45+01:00,0.000000
2026-02-05 11:00+01:00,0.000000
2026-02-05 11:15+01:00,0.000000
2026-02-05 11:30+01:00,0.000000
2026-02-05 11:45+01:00,0.000000
2026-02-05 12:00+01:00,0.000000
2026-02-05 12:15+01:00,0.000000
2026-02-05 12:30+01:00,0.000000
2026-02-05 12:45+01:00,0.000000
2026-02-05 13:00+01:00,0.000000
2026-02-05 13:15+01:00,0.000000
2026-02-05 13:30+01:00,0.000000
2026-02-05 13:45+01:00,0.000000
2026-02-05 14:00+01:00,0.000000
2026-02-05 14:15+01:00,0.000000
2026-02-05 14:30+01:00,2.313615
2026-02-05 14:45+01:00,2.433937
2026-02-05 15:00+01:00,2.535388
2026-02-05 15:15+01:00,2.492165
2026-02-05 15:30+01:00,
2026-02-05 15:45+01:00,2.705257
2026-02-05 16:00+01:00,2.537484
2026-02-05 16:15+01:00,2.497815
2026-02-05 16:30+01:00,2.320771
2026-02-05 16:45+01:00,2.518321
2026-02-05 17:00+01:00,2.349995
2026-02-05 17:15+01:00,0.000000
2026-02-05 17:30+01:00,0.000000
2026-02-05 17:45+01:00,0.000000
2026-02-05 18:00+01:00,
2026-02-05 18:15+01:00,0.000000
2026-02-05 18:30+01:00,0.000000
2026-02-05 18:45+01:00,0.000000
2026-02-05 19:00+01:00,0.000000
2026-02-05 19:15+01:00,0.000000
2026-02-05 19:30+01:00,0.000000
2026-02-05 19:45+01:00,0.000000
2026-02-05 20:00+01:00,0.000000
2026-02-05 20:15+01:00,0.000000
2026-02-05 20:30+01:00,0.000000
2026-02-05 20:45+01:00,
2026-02-05 21:00+01:00,0.000000
2026-02-05 21:15+01:00,0.000000
2026-02-05 21:30+01:00,0.000000
2026-02-05 21:45+01:00,0.000000
2026-02-05 22:00+01:00,0.000000
2026-02-05 22:15+01:00,0.000000
2026-02-05 22:30+01:00,0.000000
2026-02-05 22:45+01:00,0.000000
2026-02-05 23:00+01:00,0.000000
2026-02-05 23:15+01:00,0.000000
2026-02-05 23:30+01:00,0.000000
2026-02-05 23:45+01:00,0.000000
2026-02-06 00:00+01:00,0.000000
2026-02-06 00:15+01:00,0.000000
2026-02-06 00:30+01:00,0.000000
2026-02-06 00:45+01:00,0.000000
2026-02-06 01:00+01:00,0.000000
2026-02-06 01:15+01:00,0.000000
2026-02-06 01:30+01:00,0.000000
2026-02-06 01:45+01:00,0.000000
2026-02-06 02:00+01:00,0.000000
2026-02-06 02:15+01:00,0.000000
2026-02-06 02:30+01:00,0.000000
2026-02-06 02:45+01:00,0.000000
2026-02-06 03:00+01:00,0.000000
2026-02-06 03:15+01:00,0.000000
2026-02-06 03:30+01:00,0.000000
2026-02-06 03:45+01:00,0.000000
2026-02-06 04:00+01:00,0.000000
2026-02-06 04:15+01:00,0.000000
2026-02-06 04:30+01:00,0.000000
2026-02-06 04:45+01:00,0.000000
2026-02-06 05:00+01:00,0.000000
2026-02-06 05:15+01:00,0.000000
2026-02-06 05:30+01:00,0.000000
2026-02-06 05:45+01:00,0.000000
2026-02-06 06:00+01:00,0.000000
2026-02-06 06:15+01:00,0.000000
2026-02-06 06:30+01:00,0.000000
2026-02-06 06:45+01:00,0.000000
2026-02-06 07:00+01:00,0.000000
2026-02-06 07:15+01:00,0.000000
2026-02-06 07:30+01:00,0.000000
2026-02-06 07:45+01:00,0.000000
2026-02-06 08:00+01:00,0.000000
2026-02-06 08:15+01:00,0.000000
2026-02-06 08:30+01:00,0.000000
2026-02-06 08:45+01:00,0.000000
2026-02-06 09:00+01:00,0.000000
2026-02-06 09:15+01:00,0.000000
2026-02-06 09:30+01:00,0.000000
2026-02-06 09:45+01:00,0.000000
2026-02-06 10:00+01:00,0.000000
2026-02-06 10:15+01:00,0.000000
2026-02-06 10:30+01:00,0.000000
2026-02-06 10:45+01:00,0.000000
2026-02-06 11:00+01:00,2.577857
2026-02-06 11:15+01:00,2.711221
2026-02-06 11:30+01:00,2.584725
2026-02-06 11:45+01:00,2.522056
2026-02-06 12:00+01:00,2.672722
2026-02-06 12:15+01:00,2.459588
2026-02-06 12:30+01:00,2.273108
2026-02-06 12:45+01:00,2.594340
2026-02-06 13:00+01:00,2.368631
2026-02-06 13:15+01:00,2.459581
2026-02-06 13:30+01:00,2.291659
2026-02-06 13:45+01:00,2.438183
2026-02-06 14:00+01:00,2.670024
2026-02-06 14:15+01:00,2.584041
2026-02-06 14:30+01:00,
2026-02-06 14:45+01:00,
2026-02-06 15:00+01:00,0.000000
2026-02-06 15:15+01:00,0.000000
2026-02-06 15:30+01:00,0.000000
2026-02-06 15:45+01:00,0.000000
2026-02-06 16:00+01:00,0.000000
2026-02-06 16:15+01:00,0.000000
2026-02-06 16:30+01:00,0.000000
2026-02-06 16:45+01:00,0.000000
2026-02-06 17:00+01:00,0.000000
2026-02-06 17:15+01:00,0.000000
2026-02-06 17:30+01:00,0.000000
2026-02-06 17:45+01:00,0.000000
2026-02-06 18:00+01:00,0.000000
2026-02-06 18:15+01:00,0.000000
2026-02-06 18:30+01:00,0.000000
2026-02-06 18:45+01:00,0.000000
2026-02-06 19:00+01:00,0.000000
2026-02-06 19:15+01:00,0.000000
2026-02-06 19:30+01:00,0.000000
2026-02-06 19:45+01:00,0.000000
2026-02-06 20:00+01:00,0.000000
2026-02-06 20:15+01:00,2.524979
2026-02-06 20:30+01:00,2.362442
2026-02-06 20:45+01:00,2.550073
2026-02-06 21:00+01:00,2.478283
2026-02-06 21:15+01:00,2.316268
2026-02-06 21:30+01:00,2.525100
2026-02-06 21:45+01:00,2.606050
2026-02-06 22:00+01:00,2.344009
2026-02-06 22:15+01:00,2.296843
2026-02-06 22:30+01:00,2.566306
2026-02-06 22:45+01:00,2.493142
2026-02-06 23:00+01:00,2.591330
2026-02-06 23:15+01:00,2.653357
2026-02-06 23:30+01:00,2.385886
2026-02-06 23:45+01:00,2.475460
2026-02-07 00:00+01:00,0.000000
2026-02-07 00:15+01:00,0.000000
2026-02-07 00:30+01:00,0.000000
2026-02-07 00:45+01:00,
2026-02-07 01:00+01:00,0.000000
2026-02-07 01:15+01:00,0.000000
2026-02-07 01:30+01:00,0.000000
2026-02-07 01:45+01:00,0.000000
2026-02-07 02:00+01:00,0.000000
2026-02-07 02:15+01:00,0.000000
2026-02-07 02:30+01:00,0.000000
2026-02-07 02:45+01:00,0.000000
2026-02-07 03:00+01:00,0.000000
2026-02-07 03:15+01:00,0.000000
2026-02-07 03:30+01:00,0.000000
2026-02-07 03:45+01:00,0.000000
2026-02-07 04:00+01:00,0.000000
2026-02-07 04:15+01:00,0.000000
2026-02-07 04:30+01:00,0.000000
2026-02-07 04:45+01:00,0.000000
2026-02-07 05:00+01:00,0.000000
2026-02-07 05:15+01:00,0.000000
2026-02-07 05:30+01:00,0.000000
2026-02-07 05:45+01:00,0.000000
2026-02-07 06:00+01:00,0.000000
2026-02-07 06:15+01:00,0.000000
2026-02-07 06:30+01:00,0.000000
2026-02-07 06:45+01:00,
2026-02-07 07:00+01:00,0.000000
2026-02-07 07:15+01:00,0.000000
2026-02-07 07:30+01:00,0.000000
2026-02-07 07:45+01:00,0.000000
2026-02-07 08:00+01:00,0.000000
2026-02-07 08:15+01:00,0.000000
2026-02-07 08:30+01:00,0.000000
2026-02-07 08:45+01:00,0.000000
2026-02-07 09:00+01:00,0.000000
2026-02-07 09:15+01:00,0.000000
2026-02-07 09:30+01:00,0.000000
2026-02-07 09:45+01:00,0.000000
2026-02-07 10:00+01:00,0.000000
2026-02-07 10:15+01:00,0.000000
2026-02-07 10:30+01:00,2.408935
2026-02-07 10:45+01:00,2.506409
2026-02-07 11:00+01:00,2.372836
2026-02-07 11:15+01:00,2.531142
2026-02-07 11:30+01:00,2.379618
2026-02-07 11:45+01:00,2.451172
2026-02-07 12:00+01:00,2.121980
2026-02-07 12:15+01:00,2.476468
2026-02-07 12:30+01:00,2.376226
2026-02-07 12:45+01:00,2.335002
2026-02-07 13:00+01:00,2.305656
2026-02-07 13:15+01:00,2.391900
2026-02-07 13:30+01:00,2.266610
2026-02-07 13:45+01:00,2.503801
2026-02-07 14:00+01:00,2.395646
2026-02-07 14:15+01:00,0.000000
2026-02-07 14:30+01:00,0.000000
2026-02-07 14:45+01:00,0.000000
2026-02-07 15:00+01:00,0.000000
2026-02-07 15:15+01:00,0.000000
2026-02-07 15:30+01:00,0.000000
2026-02-07 15:45+01:00,0.000000
2026-02-07 16:00+01:00,0.000000
2026-02-07 16:15+01:00,0.000000
2026-02-07 16:30+01:00,0.000000
2026-02-07 16:45+01:00,0.000000
2026-02-07 17:00+01:00,0.000000
2026-02-07 17:15+01:00,0.000000
2026-02-07 17:30+01:00,0.000000
2026-02-07 17:45+01:00,0.000000
2026-02-07 18:00+01:00,0.000000
2026-02-07 18:15+01:00,0.000000
2026-02-07 18:30+01:00,0.000000
2026-02-07 18:45+01:00,0.000000
2026-02-07 19:00+01:00,0.000000
2026-02-07 19:15+01:00,0.000000
2026-02-07 19:30+01:00,0.000000
2026-02-07 19:45+01:00,0.000000
2026-02-07 20:00+01:00,2.623583
2026-02-07 20:15+01:00,2.422812
2026-02-07 20:30+01:00,2.589101
2026-02-07 20:45+01:00,2.445524
2026-02-07 21:00+01:00,2.352254
2026-02-07 21:15+01:00,2.393072
2026-02-07 21:30+01:00,2.345142
2026-02-07 21:45+01:00,2.425570
2026-02-07 22:00+01:00,2.435066
2026-02-07 22:15+01:00,2.431768
2026-02-07 22:30+01:00,2.563464
2026-02-07 22:45+01:00,2.477379
2026-02-07 23:00+01:00,2.382304
2026-02-07 23:15+01:00,2.395501
2026-02-07 23:30+01:00,2.330274
2026-02-07 23:45+01:00,2.268725
2026-02-08 00:00+01:00,0.000000
2026-02-08 00:15+01:00,0.000000
2026-02-08 00:30+01:00,0.000000
2026-02-08 00:45+01:00,0.000000
2026-02-08 01:00+01:00,0.000000
2026-02-08 01:15+01:00,0.000000
2026-02-08 01:30+01:00,0.000000
2026-02-08 01:45+01:00,0.000000
2026-02-08 02:00+01:00,0.000000
2026-02-08 02:15+01:00,0.000000
2026-02-08 02:30+01:00,0.000000
2026-02-08 02:45+01:00,0.000000
2026-02-08 03:00+01:00,0.000000
2026-02-08 03:15+01:00,0.000000
2026-02-08 03:30+01:00,0.000000
2026-02-08 03:45+01:00,0.000000
2026-02-08 04:00+01:00,0.000000
2026-02-08 04:15+01:00,0.000000
2026-02-08 04:30+01:00,0.000000
2026-02-08 04:45+01:00,0.000000
2026-02-08 05:00+01:00,0.000000
2026-02-08 05:15+01:00,0.000000
2026-02-08 05:30+01:00,0.000000
2026-02-08 05:45+01:00,0.000000
2026-02-08 06:00+01:00,0.000000
2026-02-08 06:15+01:00,0.000000
2026-02-08 06:30+01:00,0.000000
2026-02-08 06:45+01:00,0.000000
2026-02-08 07:00+01:00,0.000000
2026-02-08 07:15+01:00,0.000000
2026-02-08 07:30+01:00,0.000000
2026-02-08 07:45+01:00,0.000000
2026-02-08 08:00+01:00,0.000000
2026-02-08 08:15+01:00,0.000000
2026-02-08 08:30+01:00,0.000000
2026-02-08 08:45+01:00,0.000000
2026-02-08 09:00+01:00,0.000000
2026-02-08 09:15+01:00,0.000000
2026-02-08 09:30+01:00,0.000000
2026-02-08 09:45+01:00,0.000000
2026-02-08 10:00+01:00,0.000000
2026-02-08 10:15+01:00,0.000000
2026-02-08 10:30+01:00,0.000000
2026-02-08 10:45+01:00,0.000000
2026-02-08 11:00+01:00,0.000000
2026-02-08 11:15+01:00,0.000000
2026-02-08 11:30+01:00,0.000000
2026-02-08 11:45+01:00,0.000000
2026-02-08 12:00+01:00,0.000000
2026-02-08 12:15+01:00,0.000000
2026-02-08 12:30+01:00,0.000000
2026-02-08 12:45+01:00,0.000000
2026-02-08 13:00+01:00,0.000000
2026-02-08 13:15+01:00,0.000000
2026-02-08 13:30+01:00,0.000000
2026-02-08 13:45+01:00,0.000000
2026-02-08 14:00+01:00,0.000000
2026-02-08 14:15+01:00,0.000000
2026-02-08 14:30+01:00,0.000000
2026-02-08 14:45+01:00,0.000000
2026-02-08 15:00+01:00,0.000000
2026-02-08 15:15+01:00,0.000000
2026-02-08 15:30+01:00,0.000000
2026-02-08 15:45+01:00,2.199527
2026-02-08 16:00+01:00,2.506582
2026-02-08 16:15+01:00,2.454976
2026-02-08 16:30+01:00,2.160097
2026-02-08 16:45+01:00,2.512667
2026-02-08 17:00+01:00,2.280689
2026-02-08 17:15+01:00,2.466122
2026-02-08 17:30+01:00,2.542786
2026-02-08 17:45+01:00,2.537208
2026-02-08 18:00+01:00,2.505197
2026-02-08 18:15+01:00,2.400785
2026-02-08 18:30+01:00,2.119738
2026-02-08 18:45+01:00,2.398360
2026-02-08 19:00+01:00,2.425753
2026-02-08 19:15+01:00,2.295504
2026-02-08 19:30+01:00,2.222170
2026-02-08 19:45+01:00,2.229726
2026-02-08 20:00+01:00,2.422352
2026-02-08 20:15+01:00,2.232355
2026-02-08 20:30+01:00,2.566157
2026-02-08 20:45+01:00,2.693744
2026-02-08 21:00+01:00,2.679085
2026-02-08 21:15+01:00,2.798497
2026-02-08 21:30+01:00,2.649168
2026-02-08 21:45+01:00,2.339283
2026-02-08 22:00+01:00,2.271869
2026-02-08 22:15+01:00,2.349996
2026-02-08 22:30+01:00,2.665026
2026-02-08 22:45+01:00,2.583825
2026-02-08 23:00+01:00,2.480410
2026-02-08 23:15+01:00,2.459755
2026-02-08 23:30+01:00,0.000000
2026-02-08 23:45+01:00,0.000000
2026-02-09 00:00+01:00,0.000000
2026-02-09 00:15+01:00,0.000000
2026-02-09 00:30+01:00,0.000000
2026-02-09 00:45+01:00,0.000000
2026-02-09 01:00+01:00,0.000000
2026-02-09 01:15+01:00,0.000000
2026-02-09 01:30+01:00,0.000000
2026-02-09 01:45+01:00,0.000000
2026-02-09 02:00+01:00,0.000000
2026-02-09 02:15+01:00,0.000000
2026-02-09 02:30+01:00,0.000000
2026-02-09 02:45+01:00,0.000000
2026-02-09 03:00+01:00,0.000000
2026-02-09 03:15+01:00,0.000000
2026-02-09 03:30+01:00,0.000000
2026-02-09 03:45+01:00,0.000000
2026-02-09 04:00+01:00,0.000000
2026-02-09 04:15+01:00,0.000000
2026-02-09 04:30+01:00,0.000000
2026-02-09 04:45+01:00,0.000000
2026-02-09 05:00+01:00,0.000000
2026-02-09 05:15+01:00,0.000000
2026-02-09 05:30+01:00,0.000000
2026-02-09 05:45+01:00,0.000000
2026-02-09 06:00+01:00,0.000000
2026-02-09 06:15+01:00,0.000000
2026-02-09 06:30+01:00,2.546914
2026-02-09 06:45+01:00,2.528837
2026-02-09 07:00+01:00,2.502198
2026-02-09 07:15+01:00,2.307509
2026-02-09 07:30+01:00,2.468257
2026-02-09 07:45+01:00,2.484615
2026-02-09 08:00+01:00,2.556196
2026-02-09 08:15+01:00,2.404171
2026-02-09 08:30+01:00,2.339566
2026-02-09 08:45+01:00,2.374293
2026-02-09 09:00+01:00,2.279940
2026-02-09 09:15+01:00,2.462674
2026-02-09 09:30+01:00,2.488086
2026-02-09 09:45+01:00,2.137887
2026-02-09 10:00+01:00,2.398046
2026-02-09 10:15+01:00,0.000000
2026-02-09 10:30+01:00,0.000000
2026-02-09 10:45+01:00,0.000000
2026-02-09 11:00+01:00,0.000000
2026-02-09 11:15+01:00,
2026-02-09 11:30+01:00,0.000000
2026-02-09 11:45+01:00,2.443843
2026-02-09 12:00+01:00,2.511265
2026-02-09 12:15+01:00,2.529433
2026-02-09 12:30+01:00,2.293644
2026-02-09 12:45+01:00,2.369426
2026-02-09 13:00+01:00,2.286961
2026-02-09 13:15+01:00,2.599012
2026-02-09 13:30+01:00,2.569263
2026-02-09 13:45+01:00,2.521941
2026-02-09 14:00+01:00,2.575580
2026-02-09 14:15+01:00,2.600739
2026-02-09 14:30+01:00,2.301809
2026-02-09 14:45+01:00,2.504588
2026-02-09 15:00+01:00,2.407784
2026-02-09 15:15+01:00,2.348028
2026-02-09 15:30+01:00,2.528467
2026-02-09 15:45+01:00,0.000000
2026-02-09 16:00+01:00,0.000000
2026-02-09 16:15+01:00,
2026-02-09 16:30+01:00,0.000000
2026-02-09 16:45+01:00,0.000000
2026-02-09 17:00+01:00,0.000000
2026-02-09 17:15+01:00,0.000000
2026-02-09 17:30+01:00,0.000000
2026-02-09 17:45+01:00,0.000000
2026-02-09 18:00+01:00,0.000000
2026-02-09 18:15+01:00,0.000000
2026-02-09 18:30+01:00,0.000000
2026-02-09 18:45+01:00,0.000000
2026-02-09 19:00+01:00,0.000000
2026-02-09 19:15+01:00,0.000000
2026-02-09 19:30+01:00,0.000000
2026-02-09 19:45+01:00,0.000000
2026-02-09 20:00+01:00,0.000000
2026-02-09 20:15+01:00,0.000000
2026-02-09 20:30+01:00,0.000000
2026-02-09 20:45+01:00,0.000000
2026-02-09 21:00+01:00,0.000000
2026-02-09 21:15+01:00,0.000000
2026-02-09 21:30+01:00,0.000000
2026-02-09 21:45+01:00,0.000000
2026-02-09 22:00+01:00,0.000000
2026-02-09 22:15+01:00,0.000000
2026-02-09 22:30+01:00,0.000000
2026-02-09 22:45+01:00,0.000000
2026-02-09 23:00+01:00,0.000000
2026-02-09 23:15+01:00,0.000000
2026-02-09 23:30+01:00,0.000000
2026-02-09 23:45+01:00,0.000000
2026-02-10 00:00+01:00,0.000000
2026-02-10 00:15+01:00,0.000000
2026-02-10 00:30+01:00,0.000000
2026-02-10 00:45+01:00,0.000000
2026-02-10 01:00+01:00,0.000000
2026-02-10 01:15+01:00,0.000000
2026-02-10 01:30+01:00,0.000000
2026-02-10 01:45+01:00,0.000000
2026-02-10 02:00+01:00,0.000000
2026-02-10 02:15+01:00,0.000000
2026-02-10 02:30+01:00,0.000000
2026-02-10 02:45+01:00,0.000000
2026-02-10 03:00+01:00,0.000000
2026-02-10 03:15+01:00,0.000000
2026-02-10 03:30+01:00,0.000000
2026-02-10 03:45+01:00,0.000000
2026-02-10 04:00+01:00,0.000000
2026-02-10 04:15+01:00,0.000000
2026-02-10 04:30+01:00,0.000000
2026-02-10 04:45+01:00,0.000000
2026-02-10 05:00+01:00,0.000000
2026-02-10 05:15+01:00,0.000000
2026-02-10 05:30+01:00,0.000000
2026-02-10 05:45+01:00,0.000000
2026-02-10 06:00+01:00,0.000000
2026-02-10 06:15+01:00,0.000000
2026-02-10 06:30+01:00,0.000000
2026-02-10 06:45+01:00,0.000000
2026-02-10 07:00+01:00,0.000000
2026-02-10 07:15+01:00,0.000000
2026-02-10 07:30+01:00,0.000000
2026-02-10 07:45+01:00,2.596625
2026-02-10 08:00+01:00,2.446810
2026-02-10 08:15+01:00,2.420218
2026-02-10 08:30+01:00,2.460255
2026-02-10 08:45+01:00,2.548998
2026-02-10 09:00+01:00,2.672759
2026-02-10 09:15+01:00,2.638220
2026-02-10 09:30+01:00,2.441796
2026-02-10 09:45+01:00,2.523835
2026-02-10 10:00+01:00,2.416467
2026-02-10 10:15+01:00,2.706191
2026-02-10 10:30+01:00,2.549076
2026-02-10 10:45+01:00,2.364849
2026-02-10 11:00+01:00,2.477827
2026-02-10 11:15+01:00,2.595492
2026-02-10 11:30+01:00,2.389232
2026-02-10 11:45+01:00,2.285287
2026-02-10 12:00+01:00,2.535978
2026-02-10 12:15+01:00,2.569073
2026-02-10 12:30+01:00,2.475329
2026-02-10 12:45+01:00,2.486986
2026-02-10 13:00+01:00,2.621835
2026-02-10 13:15+01:00,2.609184
2026-02-10 13:30+01:00,2.405330
2026-02-10 13:45+01:00,2.495103
2026-02-10 14:00+01:00,2.204885
2026-02-10 14:15+01:00,2.507000
2026-02-10 14:30+01:00,
2026-02-10 14:45+01:00,2.492561
2026-02-10 15:00+01:00,2.510999
2026-02-10 15:15+01:00,2.402295
2026-02-10 15:30+01:00,0.000000
2026-02-10 15:45+01:00,0.000000
2026-02-10 16:00+01:00,0.000000
2026-02-10 16:15+01:00,0.000000
2026-02-10 16:30+01:00,0.000000
2026-02-10 16:45+01:00,0.000000
2026-02-10 17:00+01:00,0.000000
2026-02-10 17:15+01:00,0.000000
2026-02-10 17:30+01:00,0.000000
2026-02-10 17:45+01:00,
2026-02-10 18:00+01:00,0.000000
2026-02-10 18:15+01:00,0.000000
2026-02-10 18:30+01:00,0.000000
2026-02-10 18:45+01:00,0.000000
2026-02-10 19:00+01:00,0.000000
2026-02-10 19:15+01:00,0.000000
2026-02-10 19:30+01:00,0.000000
2026-02-10 19:45+01:00,0.000000
2026-02-10 20:00+01:00,0.000000
2026-02-10 20:15+01:00,0.000000
2026-02-10 20:30+01:00,0.000000
2026-02-10 20:45+01:00,0.000000
2026-02-10 21:00+01:00,0.000000
2026-02-10 21:15+01:00,0.000000
2026-02-10 21:30+01:00,0.000000
2026-02-10 21:45+01:00,0.000000
2026-02-10 22:00+01:00,0.000000
2026-02-10 22:15+01:00,0.000000
2026-02-10 22:30+01:00,0.000000
2026-02-10 22:45+01:00,0.000000
2026-02-10 23:00+01:00,0.000000
2026-02-10 23:15+01:00,0.000000
2026-02-10 23:30+01:00,0.000000
2026-02-10 23:45+01:00,0.000000
2026-02-11 00:00+01:00,0.000000
2026-02-11 00:15+01:00,0.000000
2026-02-11 00:30+01:00,0.000000
2026-02-11 00:45+01:00,0.000000
2026-02-11 01:00+01:00,0.000000
2026-02-11 01:15+01:00,0.000000
2026-02-11 01:30+01:00,0.000000
2026-02-11 01:45+01:00,0.000000
2026-02-11 02:00+01:00,0.000000
2026-02-11 02:15+01:00,0.000000
2026-02-11 02:30+01:00,0.000000
2026-02-11 02:45+01:00,0.000000
2026-02-11 03:00+01:00,0.000000
2026-02-11 03:15+01:00,0.000000
2026-02-11 03:30+01:00,0.000000
2026-02-11 03:45+01:00,0.000000
2026-02-11 04:00+01:00,0.000000
2026-02-11 04:15+01:00,0.000000
2026-02-11 04:30+01:00,0.000000
2026-02-11 04:45+01:00,0.000000
2026-02-11 05:00+01:00,0.000000
2026-02-11 05:15+01:00,0.000000
2026-02-11 05:30+01:00,
2026-02-11 05:45+01:00,0.000000
2026-02-11 06:00+01:00,0.000000
2026-02-11 06:15+01:00,0.000000
2026-02-11 06:30+01:00,0.000000
2026-02-11 06:45+01:00,0.000000
2026-02-11 07:00+01:00,0.000000
2026-02-11 07:15+01:00,0.000000
2026-02-11 07:30+01:00,0.000000
2026-02-11 07:45+01:00,0.000000
2026-02-11 08:00+01:00,0.000000
2026-02-11 08:15+01:00,0.000000
2026-02-11 08:30+01:00,0.000000
2026-02-11 08:45+01:00,0.000000
2026-02-11 09:00+01:00,0.000000
2026-02-11 09:15+01:00,0.000000
2026-02-11 09:30+01:00,0.000000
2026-02-11 09:45+01:00,0.000000
2026-02-11 10:00+01:00,0.000000
2026-02-11 10:15+01:00,2.490653
2026-02-11 10:30+01:00,2.310921
2026-02-11 10:45+01:00,2.741721
2026-02-11 11:00+01:00,2.427356
2026-02-11 11:15+01:00,2.438248
2026-02-11 11:30+01:00,2.644552
2026-02-11 11:45+01:00,2.654106
2026-02-11 12:00+01:00,2.433966
2026-02-11 12:15+01:00,2.424808
2026-02-11 12:30+01:00,2.655727
2026-02-11 12:45+01:00,2.383839
2026-02-11 13:00+01:00,2.436771
2026-02-11 13:15+01:00,2.487832
2026-02-11 13:30+01:00,2.414488
2026-02-11 13:45+01:00,2.418136
2026-02-11 14:00+01:00,2.448969
2026-02-11 14:15+01:00,2.617504
2026-02-11 14:30+01:00,2.474613
2026-02-11 14:45+01:00,2.667943
2026-02-11 15:00+01:00,2.501468
2026-02-11 15:15+01:00,2.413225
2026-02-11 15:30+01:00,2.650528
2026-02-11 15:45+01:00,2.730137
2026-02-11 16:00+01:00,2.546776
2026-02-11 16:15+01:00,2.431988
2026-02-11 16:30+01:00,2.574041
2026-02-11 16:45+01:00,2.510372
2026-02-11 17:00+01:00,2.498981
2026-02-11 17:15+01:00,2.485816
2026-02-11 17:30+01:00,2.340627
2026-02-11 17:45+01:00,2.576542
2026-02-11 18:00+01:00,0.000000
2026-02-11 18:15+01:00,0.000000
2026-02-11 18:30+01:00,0.000000
2026-02-11 18:45+01:00,0.000000
2026-02-11 19:00+01:00,0.000000
2026-02-11 19:15+01:00,0.000000
2026-02-11 19:30+01:00,0.000000
2026-02-11 19:45+01:00,
2026-02-11 20:00+01:00,0.000000
2026-02-11 20:15+01:00,0.000000
2026-02-11 20:30+01:00,0.000000
2026-02-11 20:45+01:00,0.000000
2026-02-11 21:00+01:00,0.000000
2026-02-11 21:15+01:00,0.000000
2026-02-11 21:30+01:00,0.000000
2026-02-11 21:45+01:00,0.000000
2026-02-11 22:00+01:00,0.000000
2026-02-11 22:15+01:00,0.000000
2026-02-11 22:30+01:00,0.000000
2026-02-11 22:45+01:00,0.000000
2026-02-11 23:00+01:00,0.000000
2026-02-11 23:15+01:00,0.000000
2026-02-11 23:30+01:00,0.000000
2026-02-11 23:45+01:00,0.000000
2026-02-12 00:00+01:00,0.000000
2026-02-12 00:15+01:00,0.000000
2026-02-12 00:30+01:00,2.551822
2026-02-12 00:45+01:00,2.556453
2026-02-12 01:00+01:00,2.501156
2026-02-12 01:15+01:00,2.444368
2026-02-12 01:30+01:00,2.389110
2026-02-12 01:45+01:00,
2026-02-12 02:00+01:00,2.472027
2026-02-12 02:15+01:00,2.634021
2026-02-12 02:30+01:00,2.193999
2026-02-12 02:45+01:00,2.488615
2026-02-12 03:00+01:00,2.452149
2026-02-12 03:15+01:00,2.304119
2026-02-12 03:30+01:00,2.424859
2026-02-12 03:45+01:00,2.473065
2026-02-12 04:00+01:00,2.175680
2026-02-12 04:15+01:00,2.254953
2026-02-12 04:30+01:00,0.000000
2026-02-12 04:45+01:00,0.000000
2026-02-12 05:00+01:00,0.000000
2026-02-12 05:15+01:00,0.000000
2026-02-12 05:30+01:00,0.000000
2026-02-12 05:45+01:00,0.000000
2026-02-12 06:00+01:00,0.000000
2026-02-12 06:15+01:00,0.000000
2026-02-12 06:30+01:00,0.000000
2026-02-12 06:45+01:00,0.000000
2026-02-12 07:00+01:00,0.000000
2026-02-12 07:15+01:00,0.000000
2026-02-12 07:30+01:00,0.000000
2026-02-12 07:45+01:00,0.000000
2026-02-12 08:00+01:00,0.000000
2026-02-12 08:15+01:00,0.000000
2026-02-12 08:30+01:00,0.000000
2026-02-12 08:45+01:00,0.000000
2026-02-12 09:00+01:00,0.000000
2026-02-12 09:15+01:00,0.000000
2026-02-12 09:30+01:00,0.000000
2026-02-12 09:45+01:00,0.000000
2026-02-12 10:00+01:00,0.000000
2026-02-12 10:15+01:00,0.000000
2026-02-12 10:30+01:00,0.000000
2026-02-12 10:45+01:00,0.000000
2026-02-12 11:00+01:00,0.000000
2026-02-12 11:15+01:00,0.000000
2026-02-12 11:30+01:00,0.000000
2026-02-12 11:45+01:00,0.000000
2026-02-12 12:00+01:00,0.000000
2026-02-12 12:15+01:00,0.000000
2026-02-12 12:30+01:00,0.000000
2026-02-12 12:45+01:00,0.000000
2026-02-12 13:00+01:00,0.000000
2026-02-12 13:15+01:00,0.000000
2026-02-12 13:30+01:00,0.000000
2026-02-12 13:45+01:00,0.000000
2026-02-12 14:00+01:00,0.000000
2026-02-12 14:15+01:00,0.000000
2026-02-12 14:30+01:00,0.000000
2026-02-12 14:45+01:00,0.000000
2026-02-12 15:00+01:00,0.000000
2026-02-12 15:15+01:00,0.000000
2026-02-12 15:30+01:00,0.000000
2026-02-12 15:45+01:00,0.000000
2026-02-12 16:00+01:00,0.000000
2026-02-12 16:15+01:00,0.000000
2026-02-12 16:30+01:00,0.000000
2026-02-12 16:45+01:00,0.000000
2026-02-12 17:00+01:00,0.000000
2026-02-12 17:15+01:00,0.000000
2026-02-12 17:30+01:00,0.000000
2026-02-12 17:45+01:00,0.000000
2026-02-12 18:00+01:00,0.000000
2026-02-12 18:15+01:00,0.000000
2026-02-12 18:30+01:00,0.000000
2026-02-12 18:45+01:00,0.000000
2026-02-12 19:00+01:00,0.000000
2026-02-12 19:15+01:00,0.000000
2026-02-12 19:30+01:00,0.000000
2026-02-12 19:45+01:00,0.000000
2026-02-12 20:00+01:00,0.000000
2026-02-12 20:15+01:00,0.000000
2026-02-12 20:30+01:00,2.347398
2026-02-12 20:45+01:00,2.515759
2026-02-12 21:00+01:00,2.562937
2026-02-12 21:15+01:00,2.587082
2026-02-12 21:30+01:00,2.504589
2026-02-12 21:45+01:00,2.622877
2026-02-12 22:00+01:00,2.581744
2026-02-12 22:15+01:00,2.549490
2026-02-12 22:30+01:00,
2026-02-12 22:45+01:00,2.666743
2026-02-12 23:00+01:00,2.606046
2026-02-12 23:15+01:00,2.258056
2026-02-12 23:30+01:00,2.313427
2026-02-12 23:45+01:00,2.483429
2026-02-13 00:00+01:00,2.459106
2026-02-13 00:15+01:00,0.000000
2026-02-13 00:30+01:00,0.000000
2026-02-13 00:45+01:00,0.000000
2026-02-13 01:00+01:00,2.646726
2026-02-13 01:15+01:00,2.293900
2026-02-13 01:30+01:00,2.684448
2026-02-13 01:45+01:00,2.435591
2026-02-13 02:00+01:00,2.599800
2026-02-13 02:15+01:00,2.506377
2026-02-13 02:30+01:00,2.367673
2026-02-13 02:45+01:00,2.562135
2026-02-13 03:00+01:00,2.478798
2026-02-13 03:15+01:00,2.357276
2026-02-13 03:30+01:00,2.304088
2026-02-13 03:45+01:00,2.447934
2026-02-13 04:00+01:00,2.387036
2026-02-13 04:15+01:00,2.426174
2026-02-13 04:30+01:00,2.553790
2026-02-13 04:45+01:00,2.327847
2026-02-13 05:00+01:00,0.000000
2026-02-13 05:15+01:00,0.000000
2026-02-13 05:30+01:00,0.000000
2026-02-13 05:45+01:00,0.000000
2026-02-13 06:00+01:00,0.000000
2026-02-13 06:15+01:00,0.000000
2026-02-13 06:30+01:00,0.000000
2026-02-13 06:45+01:00,0.000000
2026-02-13 07:00+01:00,0.000000
2026-02-13 07:15+01:00,0.000000
2026-02-13 07:30+01:00,0.000000
2026-02-13 07:45+01:00,0.000000
2026-02-13 08:00+01:00,0.000000
2026-02-13 08:15+01:00,0.000000
2026-02-13 08:30+01:00,0.000000
2026-02-13 08:45+01:00,0.000000
2026-02-13 09:00+01:00,0.000000
2026-02-13 09:15+01:00,0.000000
2026-02-13 09:30+01:00,0.000000
2026-02-13 09:45+01:00,0.000000
2026-02-13 10:00+01:00,0.000000
2026-02-13 10:15+01:00,0.000000
2026-02-13 10:30+01:00,
2026-02-13 10:45+01:00,0.000000
2026-02-13 11:00+01:00,0.000000
2026-02-13 11:15+01:00,0.000000
2026-02-13 11:30+01:00,0.000000
2026-02-13 11:45+01:00,0.000000
2026-02-13 12:00+01:00,0.000000
2026-02-13 12:15+01:00,0.000000
2026-02-13 12:30+01:00,0.000000
2026-02-13 12:45+01:00,0.000000
2026-02-13 13:00+01:00,
2026-02-13 13:15+01:00,2.564044
2026-02-13 13:30+01:00,2.455505
2026-02-13 13:45+01:00,2.352376
2026-02-13 14:00+01:00,2.418983
2026-02-13 14:15+01:00,2.403908
2026-02-13 14:30+01:00,2.327349
2026-02-13 14:45+01:00,2.274291
2026-02-13 15:00+01:00,2.497053
2026-02-13 15:15+01:00,2.484608
2026-02-13 15:30+01:00,2.338949
2026-02-13 15:45+01:00,2.173841
2026-02-13 16:00+01:00,2.348580
2026-02-13 16:15+01:00,2.478926
2026-02-13 16:30+01:00,2.245540
2026-02-13 16:45+01:00,0.000000
2026-02-13 17:00+01:00,0.000000
2026-02-13 17:15+01:00,0.000000
2026-02-13 17:30+01:00,0.000000
2026-02-13 17:45+01:00,0.000000
2026-02-13 18:00+01:00,0.000000
2026-02-13 18:15+01:00,0.000000
2026-02-13 18:30+01:00,0.000000
2026-02-13 18:45+01:00,0.000000
2026-02-13 19:00+01:00,0.000000
2026-02-13 19:15+01:00,0.000000
2026-02-13 19:30+01:00,0.000000
2026-02-13 19:45+01:00,0.000000
2026-02-13 20:00+01:00,0.000000
2026-02-13 20:15+01:00,0.000000
2026-02-13 20:30+01:00,0.000000
2026-02-13 20:45+01:00,0.000000
2026-02-13 21:00+01:00,0.000000
2026-02-13 21:15+01:00,0.000000
2026-02-13 21:30+01:00,0.000000
2026-02-13 21:45+01:00,0.000000
2026-02-13 22:00+01:00,0.000000
2026-02-13 22:15+01:00,0.000000
2026-02-13 22:30+01:00,0.000000
2026-02-13 22:45+01:00,0.000000
2026-02-13 23:00+01:00,0.000000
2026-02-13 23:15+01:00,0.000000
2026-02-13 23:30+01:00,0.000000
2026-02-13 23:45+01:00,0.000000
2026-02-14 00:00+01:00,0.000000
2026-02-14 00:15+01:00,0.000000
2026-02-14 00:30+01:00,0.000000
2026-02-14 00:45+01:00,0.000000
2026-02-14 01:00+01:00,0.000000
2026-02-14 01:15+01:00,0.000000
2026-02-14 01:30+01:00,0.000000
2026-02-14 01:45+01:00,2.320715
2026-02-14 02:00+01:00,2.375869
2026-02-14 02:15+01:00,2.267600
2026-02-14 02:30+01:00,2.498380
2026-02-14 02:45+01:00,2.521447
2026-02-14 03:00+01:00,2.659590
2026-02-14 03:15+01:00,2.427940
2026-02-14 03:30+01:00,2.471629
2026-02-14 03:45+01:00,2.496544
2026-02-14 04:00+01:00,2.428504
2026-02-14 04:15+01:00,2.420416
2026-02-14 04:30+01:00,2.658259
2026-02-14 04:45+01:00,2.258937
2026-02-14 05:00+01:00,2.559604
2026-02-14 05:15+01:00,2.367133
2026-02-14 05:30+01:00,2.603539
2026-02-14 05:45+01:00,2.178437
2026-02-14 06:00+01:00,2.452792
2026-02-14 06:15+01:00,2.541311
2026-02-14 06:30+01:00,2.380398
2026-02-14 06:45+01:00,2.429612
2026-02-14 07:00+01:00,2.329812
2026-02-14 07:15+01:00,
2026-02-14 07:30+01:00,2.575080
2026-02-14 07:45+01:00,2.336598
2026-02-14 08:00+01:00,2.310487
2026-02-14 08:15+01:00,2.330322
2026-02-14 08:30+01:00,2.519797
2026-02-14 08:45+01:00,2.515304
2026-02-14 09:00+01:00,2.598739
2026-02-14 09:15+01:00,2.224529
2026-02-14 09:30+01:00,0.000000
2026-02-14 09:45+01:00,0.000000
2026-02-14 10:00+01:00,0.000000
2026-02-14 10:15+01:00,0.000000
2026-02-14 10:30+01:00,0.000000
2026-02-14 10:45+01:00,0.000000
2026-02-14 11:00+01:00,0.000000
2026-02-14 11:15+01:00,0.000000
2026-02-14 11:30+01:00,0.000000
2026-02-14 11:45+01:00,0.000000
2026-02-14 12:00+01:00,0.000000
2026-02-14 12:15+01:00,0.000000
2026-02-14 12:30+01:00,0.000000
2026-02-14 12:45+01:00,0.000000
2026-02-14 13:00+01:00,0.000000
2026-02-14 13:15+01:00,0.000000
2026-02-14 13:30+01:00,0.000000
2026-02-14 13:45+01:00,
2026-02-14 14:00+01:00,0.000000
2026-02-14 14:15+01:00,0.000000
2026-02-14 14:30+01:00,0.000000
2026-02-14 14:45+01:00,0.000000
2026-02-14 15:00+01:00,0.000000
2026-02-14 15:15+01:00,0.000000
2026-02-14 15:30+01:00,0.000000
2026-02-14 15:45+01:00,0.000000
2026-02-14 16:00+01:00,0.000000
2026-02-14 16:15+01:00,0.000000
2026-02-14 16:30+01:00,0.000000
2026-02-14 16:45+01:00,0.000000
2026-02-14 17:00+01:00,0.000000
2026-02-14 17:15+01:00,0.000000
2026-02-14 17:30+01:00,0.000000
2026-02-14 17:45+01:00,0.000000
2026-02-14 18:00+01:00,0.000000
2026-02-14 18:15+01:00,0.000000
2026-02-14 18:30+01:00,0.000000
2026-02-14 18:45+01:00,0.000000
2026-02-14 19:00+01:00,0.000000
2026-02-14 19:15+01:00,0.000000
2026-02-14 19:30+01:00,0.000000
2026-02-14 19:45+01:00,0.000000
2026-02-14 20:00+01:00,0.000000
2026-02-14 20:15+01:00,0.000000
2026-02-14 20:30+01:00,0.000000
2026-02-14 20:45+01:00,0.000000
2026-02-14 21:00+01:00,0.000000
2026-02-14 21:15+01:00,0.000000
2026-02-14 21:30+01:00,0.000000
2026-02-14 21:45+01:00,0.000000
2026-02-14 22:00+01:00,0.000000
2026-02-14 22:15+01:00,0.000000
2026-02-14 22:30+01:00,0.000000
2026-02-14 22:45+01:00,0.000000
2026-02-14 23:00+01:00,0.000000
2026-02-14 23:15+01:00,0.000000
2026-02-14 23:30+01:00,0.000000
2026-02-14 23:45+01:00,0.000000
2026-02-15 00:00+01:00,0.000000
2026-02-15 00:15+01:00,0.000000
2026-02-15 00:30+01:00,0.000000
2026-02-15 00:45+01:00,0.000000
2026-02-15 01:00+01:00,0.000000
2026-02-15 01:15+01:00,0.000000
2026-02-15 01:30+01:00,0.000000
2026-02-15 01:45+01:00,0.000000
2026-02-15 02:00+01:00,0.000000
2026-02-15 02:15+01:00,0.000000
2026-02-15 02:30+01:00,0.000000
2026-02-15 02:45+01:00,0.000000
2026-02-15 03:00+01:00,0.000000
2026-02-15 03:15+01:00,0.000000
2026-02-15 03:30+01:00,0.000000
2026-02-15 03:45+01:00,0.000000
2026-02-15 04:00+01:00,0.000000
2026-02-15 04:15+01:00,0.000000
2026-02-15 04:30+01:00,0.000000
2026-02-15 04:45+01:00,0.000000
2026-02-15 05:00+01:00,0.000000
2026-02-15 05:15+01:00,0.000000
2026-02-15 05:30+01:00,0.000000
2026-02-15 05:45+01:00,0.000000
2026-02-15 06:00+01:00,0.000000
2026-02-15 06:15+01:00,0.000000
2026-02-15 06:30+01:00,0.000000
2026-02-15 06:45+01:00,0.000000
2026-02-15 07:00+01:00,0.000000
2026-02-15 07:15+01:00,0.000000
2026-02-15 07:30+01:00,0.000000
2026-02-15 07:45+01:00,0.000000
2026-02-15 08:00+01:00,0.000000
2026-02-15 08:15+01:00,0.000000
2026-02-15 08:30+01:00,0.000000
2026-02-15 08:45+01:00,0.000000
2026-02-15 09:00+01:00,0.000000
2026-02-15 09:15+01:00,0.000000
2026-02-15 09:30+01:00,0.000000
2026-02-15 09:45+01:00,0.000000
2026-02-15 10:00+01:00,2.472777
2026-02-15 10:15+01:00,2.306967
2026-02-15 10:30+01:00,2.429584
2026-02-15 10:45+01:00,2.373167
2026-02-15 11:00+01:00,2.434198
2026-02-15 11:15+01:00,2.363342
2026-02-15 11:30+01:00,2.478520
2026-02-15 11:45+01:00,2.280716
2026-02-15 12:00+01:00,2.498883
2026-02-15 12:15+01:00,2.580959
2026-02-15 12:30+01:00,2.345381
2026-02-15 12:45+01:00,2.519055
2026-02-15 13:00+01:00,2.485396
2026-02-15 13:15+01:00,2.492279
2026-02-15 13:30+01:00,2.591963
2026-02-15 13:45+01:00,0.000000
2026-02-15 14:00+01:00,0.000000
2026-02-15 14:15+01:00,0.000000
2026-02-15 14:30+01:00,0.000000
2026-02-15 14:45+01:00,0.000000
2026-02-15 15:00+01:00,0.000000
2026-02-15 15:15+01:00,0.000000
2026-02-15 15:30+01:00,0.000000
2026-02-15 15:45+01:00,0.000000
2026-02-15 16:00+01:00,0.000000
2026-02-15 16:15+01:00,0.000000
2026-02-15 16:30+01:00,0.000000
2026-02-15 16:45+01:00,0.000000
2026-02-15 17:00+01:00,0.000000
2026-02-15 17:15+01:00,0.000000
2026-02-15 17:30+01:00,0.000000
2026-02-15 17:45+01:00,0.000000
2026-02-15 18:00+01:00,0.000000
2026-02-15 18:15+01:00,2.403144
2026-02-15 18:30+01:00,2.440166
2026-02-15 18:45+01:00,2.518319
2026-02-15 19:00+01:00,2.226382
2026-02-15 19:15+01:00,2.676867
2026-02-15 19:30+01:00,2.592140
2026-02-15 19:45+01:00,2.541100
2026-02-15 20:00+01:00,2.369979
2026-02-15 20:15+01:00,2.344334
2026-02-15 20:30+01:00,2.447052
2026-02-15 20:45+01:00,2.646084
2026-02-15 21:00+01:00,2.426747
2026-02-15 21:15+01:00,2.273378
2026-02-15 21:30+01:00,2.281500
2026-02-15 21:45+01:00,2.413696
2026-02-15 22:00+01:00,2.465448
2026-02-15 22:15+01:00,0.000000
2026-02-15 22:30+01:00,0.000000
2026-02-15 22:45+01:00,0.000000
2026-02-15 23:00+01:00,0.000000
2026-02-15 23:15+01:00,0.000000
2026-02-15 23:30+01:00,0.000000
2026-02-15 23:45+01:00,0.000000
2026-02-16 00:00+01:00,0.000000
2026-02-16 00:15+01:00,0.000000
2026-02-16 00:30+01:00,0.000000
2026-02-16 00:45+01:00,0.000000
2026-02-16 01:00+01:00,0.000000
2026-02-16 01:15+01:00,0.000000
2026-02-16 01:30+01:00,0.000000
2026-02-16 01:45+01:00,0.000000
2026-02-16 02:00+01:00,0.000000
2026-02-16 02:15+01:00,0.000000
2026-02-16 02:30+01:00,0.000000
2026-02-16 02:45+01:00,0.000000
2026-02-16 03:00+01:00,0.000000
2026-02-16 03:15+01:00,0.000000
2026-02-16 03:30+01:00,2.179359
2026-02-16 03:45+01:00,2.548851
2026-02-16 04:00+01:00,2.336988
2026-02-16 04:15+01:00,2.498267
2026-02-16 04:30+01:00,2.394043
2026-02-16 04:45+01:00,2.626475
2026-02-16 05:00+01:00,2.399525
2026-02-16 05:15+01:00,2.287865
2026-02-16 05:30+01:00,2.332061
2026-02-16 05:45+01:00,2.407302
2026-02-16 06:00+01:00,2.371191
2026-02-16 06:15+01:00,2.298298
2026-02-16 06:30+01:00,2.409413
2026-02-16 06:45+01:00,2.429288
2026-02-16 07:00+01:00,2.136267
2026-02-16 07:15+01:00,0.000000
2026-02-16 07:30+01:00,0.000000
2026-02-16 07:45+01:00,0.000000
2026-02-16 08:00+01:00,0.000000
2026-02-16 08:15+01:00,0.000000
2026-02-16 08:30+01:00,0.000000
2026-02-16 08:45+01:00,0.000000
2026-02-16 09:00+01:00,0.000000
2026-02-16 09:15+01:00,0.000000
2026-02-16 09:30+01:00,0.000000
2026-02-16 09:45+01:00,0.000000
2026-02-16 10:00+01:00,0.000000
2026-02-16 10:15+01:00,0.000000
2026-02-16 10:30+01:00,0.000000
2026-02-16 10:45+01:00,0.000000
2026-02-16 11:00+01:00,2.178757
2026-02-16 11:15+01:00,2.616025
2026-02-16 11:30+01:00,2.481967
2026-02-16 11:45+01:00,2.430597
2026-02-16 12:00+01:00,2.287027
2026-02-16 12:15+01:00,2.360398
2026-02-16 12:30+01:00,2.378220
2026-02-16 12:45+01:00,2.399856
2026-02-16 13:00+01:00,2.488142
2026-02-16 13:15+01:00,2.456710
2026-02-16 13:30+01:00,2.615070
2026-02-16 13:45+01:00,2.337026
2026-02-16 14:00+01:00,2.538512
2026-02-16 14:15+01:00,2.623554
2026-02-16 14:30+01:00,2.454666
2026-02-16 14:45+01:00,2.362623
2026-02-16 15:00+01:00,0.000000
2026-02-16 15:15+01:00,0.000000
2026-02-16 15:30+01:00,0.000000
2026-02-16 15:45+01:00,0.000000
2026-02-16 16:00+01:00,0.000000
2026-02-16 16:15+01:00,0.000000
2026-02-16 16:30+01:00,0.000000
2026-02-16 16:45+01:00,0.000000
2026-02-16 17:00+01:00,0.000000
2026-02-16 17:15+01:00,0.000000
2026-02-16 17:30+01:00,0.000000
2026-02-16 17:45+01:00,0.000000
2026-02-16 18:00+01:00,0.000000
2026-02-16 18:15+01:00,0.000000
2026-02-16 18:30+01:00,0.000000
2026-02-16 18:45+01:00,0.000000
2026-02-16 19:00+01:00,0.000000
2026-02-16 19:15+01:00,0.000000
2026-02-16 19:30+01:00,0.000000
2026-02-16 19:45+01:00,0.000000
2026-02-16 20:00+01:00,0.000000
2026-02-16 20:15+01:00,0.000000
2026-02-16 20:30+01:00,0.000000
2026-02-16 20:45+01:00,0.000000
2026-02-16 21:00+01:00,0.000000
2026-02-16 21:15+01:00,0.000000
2026-02-16 21:30+01:00,0.000000
2026-02-16 21:45+01:00,0.000000
2026-02-16 22:00+01:00,0.000000
2026-02-16 22:15+01:00,0.000000
2026-02-16 22:30+01:00,0.000000
2026-02-16 22:45+01:00,0.000000
2026-02-16 23:00+01:00,0.000000
2026-02-16 23:15+01:00,0.000000
2026-02-16 23:30+01:00,0.000000
2026-02-16 23:45+01:00,0.000000
2026-02-17 00:00+01:00,0.000000
2026-02-17 00:15+01:00,2.390646
2026-02-17 00:30+01:00,2.656769
2026-02-17 00:45+01:00,2.277618
2026-02-17 01:00+01:00,2.406750
2026-02-17 01:15+01:00,2.230348
2026-02-17 01:30+01:00,2.437215
2026-02-17 01:45+01:00,2.522953
2026-02-17 02:00+01:00,2.425928
2026-02-17 02:15+01:00,2.436374
2026-02-17 02:30+01:00,2.634549
2026-02-17 02:45+01:00,2.410269
2026-02-17 03:00+01:00,2.436844
2026-02-17 03:15+01:00,2.184360
2026-02-17 03:30+01:00,2.157442
2026-02-17 03:45+01:00,2.525600
2026-02-17 04:00+01:00,0.000000
2026-02-17 04:15+01:00,
2026-02-17 04:30+01:00,0.000000
2026-02-17 04:45+01:00,0.000000
2026-02-17 05:00+01:00,0.000000
2026-02-17 05:15+01:00,0.000000
2026-02-17 05:30+01:00,0.000000
2026-02-17 05:45+01:00,0.000000
2026-02-17 06:00+01:00,0.000000
2026-02-17 06:15+01:00,0.000000
2026-02-17 06:30+01:00,0.000000
2026-02-17 06:45+01:00,0.000000
2026-02-17 07:00+01:00,0.000000
2026-02-17 07:15+01:00,0.000000
2026-02-17 07:30+01:00,0.000000
2026-02-17 07:45+01:00,0.000000
2026-02-17 08:00+01:00,0.000000
2026-02-17 08:15+01:00,0.000000
2026-02-17 08:30+01:00,0.000000
2026-02-17 08:45+01:00,0.000000
2026-02-17 09:00+01:00,0.000000
2026-02-17 09:15+01:00,0.000000
2026-02-17 09:30+01:00,0.000000
2026-02-17 09:45+01:00,0.000000
2026-02-17 10:00+01:00,0.000000
2026-02-17 10:15+01:00,2.529751
2026-02-17 10:30+01:00,2.531088
2026-02-17 10:45+01:00,2.552528
2026-02-17 11:00+01:00,2.323666
2026-02-17 11:15+01:00,2.712612
2026-02-17 11:30+01:00,2.616046
2026-02-17 11:45+01:00,2.450341
2026-02-17 12:00+01:00,
2026-02-17 12:15+01:00,2.468472
2026-02-17 12:30+01:00,2.599346
2026-02-17 12:45+01:00,2.563894
2026-02-17 13:00+01:00,2.544911
2026-02-17 13:15+01:00,2.468080
2026-02-17 13:30+01:00,2.550068
2026-02-17 13:45+01:00,2.335437
2026-02-17 14:00+01:00,2.459252
2026-02-17 14:15+01:00,0.000000
2026-02-17 14:30+01:00,0.000000
2026-02-17 14:45+01:00,0.000000
2026-02-17 15:00+01:00,0.000000
2026-02-17 15:15+01:00,0.000000
2026-02-17 15:30+01:00,0.000000
2026-02-17 15:45+01:00,0.000000
2026-02-17 16:00+01:00,0.000000
2026-02-17 16:15+01:00,0.000000
2026-02-17 16:30+01:00,0.000000
2026-02-17 16:45+01:00,0.000000
2026-02-17 17:00+01:00,0.000000
2026-02-17 17:15+01:00,0.000000
2026-02-17 17:30+01:00,0.000000
2026-02-17 17:45+01:00,0.000000
2026-02-17 18:00+01:00,0.000000
2026-02-17 18:15+01:00,
2026-02-17 18:30+01:00,0.000000
2026-02-17 18:45+01:00,0.000000
2026-02-17 19:00+01:00,0.000000
2026-02-17 19:15+01:00,0.000000
2026-02-17 19:30+01:00,0.000000
2026-02-17 19:45+01:00,0.000000
2026-02-17 20:00+01:00,0.000000
2026-02-17 20:15+01:00,0.000000
2026-02-17 20:30+01:00,0.000000
2026-02-17 20:45+01:00,0.000000
2026-02-17 21:00+01:00,0.000000
2026-02-17 21:15+01:00,0.000000
2026-02-17 21:30+01:00,0.000000
2026-02-17 21:45+01:00,0.000000
2026-02-17 22:00+01:00,0.000000
2026-02-17 22:15+01:00,0.000000
2026-02-17 22:30+01:00,0.000000
2026-02-17 22:45+01:00,0.000000
2026-02-17 23:00+01:00,0.000000
2026-02-17 23:15+01:00,0.000000
2026-02-17 23:30+01:00,0.000000
2026-02-17 23:45+01:00,0.000000
2026-02-18 00:00+01:00,0.000000
2026-02-18 00:15+01:00,0.000000
2026-02-18 00:30+01:00,0.000000
2026-02-18 00:45+01:00,0.000000
2026-02-18 01:00+01:00,0.000000
2026-02-18 01:15+01:00,0.000000
2026-02-18 01:30+01:00,0.000000
2026-02-18 01:45+01:00,0.000000
2026-02-18 02:00+01:00,0.000000
2026-02-18 02:15+01:00,0.000000
2026-02-18 02:30+01:00,0.000000
2026-02-18 02:45+01:00,0.000000
2026-02-18 03:00+01:00,0.000000
2026-02-18 03:15+01:00,0.000000
2026-02-18 03:30+01:00,0.000000
2026-02-18 03:45+01:00,0.000000
2026-02-18 04:00+01:00,0.000000
2026-02-18 04:15+01:00,0.000000
2026-02-18 04:30+01:00,0.000000
2026-02-18 04:45+01:00,0.000000
2026-02-18 05:00+01:00,0.000000
2026-02-18 05:15+01:00,0.000000
2026-02-18 05:30+01:00,0.000000
2026-02-18 05:45+01:00,0.000000
2026-02-18 06:00+01:00,0.000000
2026-02-18 06:15+01:00,0.000000
2026-02-18 06:30+01:00,2.451674
2026-02-18 06:45+01:00,2.588215
2026-02-18 07:00+01:00,2.415887
2026-02-18 07:15+01:00,2.353992
2026-02-18 07:30+01:00,2.600550
2026-02-18 07:45+01:00,2.561824
2026-02-18 08:00+01:00,2.390126
2026-02-18 08:15+01:00,2.371902
2026-02-18 08:30+01:00,
2026-02-18 08:45+01:00,
2026-02-18 09:00+01:00,
2026-02-18 09:15+01:00,
2026-02-18 09:30+01:00,
2026-02-18 09:45+01:00,
2026-02-18 10:00+01:00,
2026-02-18 10:15+01:00,
2026-02-18 10:30+01:00,
2026-02-18 10:45+01:00,
2026-02-18 11:00+01:00,
2026-02-18 11:15+01:00,
2026-02-18 11:30+01:00,
2026-02-18 11:45+01:00,
2026-02-18 12:00+01:00,
2026-02-18 12:15+01:00,
2026-02-18 12:30+01:00,
2026-02-18 12:45+01:00,2.318142
2026-02-18 13:00+01:00,2.503114
2026-02-18 13:15+01:00,2.344989
2026-02-18 13:30+01:00,2.554067
2026-02-18 13:45+01:00,2.545572
2026-02-18 14:00+01:00,2.556603
2026-02-18 14:15+01:00,0.000000
2026-02-18 14:30+01:00,0.000000
2026-02-18 14:45+01:00,0.000000
2026-02-18 15:00+01:00,0.000000
2026-02-18 15:15+01:00,0.000000
2026-02-18 15:30+01:00,0.000000
2026-02-18 15:45+01:00,0.000000
2026-02-18 16:00+01:00,0.000000
2026-02-18 16:15+01:00,0.000000
2026-02-18 16:30+01:00,0.000000
2026-02-18 16:45+01:00,0.000000
2026-02-18 17:00+01:00,0.000000
2026-02-18 17:15+01:00,0.000000
2026-02-18 17:30+01:00,0.000000
2026-02-18 17:45+01:00,0.000000
2026-02-18 18:00+01:00,0.000000
2026-02-18 18:15+01:00,0.000000
2026-02-18 18:30+01:00,0.000000
2026-02-18 18:45+01:00,0.000000
2026-02-18 19:00+01:00,0.000000
2026-02-18 19:15+01:00,0.000000
2026-02-18 19:30+01:00,0.000000
2026-02-18 19:45+01:00,0.000000
2026-02-18 20:00+01:00,0.000000
2026-02-18 20:15+01:00,0.000000
2026-02-18 20:30+01:00,0.000000
2026-02-18 20:45+01:00,0.000000
2026-02-18 21:00+01:00,0.000000
2026-02-18 21:15+01:00,0.000000
2026-02-18 21:30+01:00,0.000000
2026-02-18 21:45+01:00,0.000000
2026-02-18 22:00+01:00,0.000000
2026-02-18 22:15+01:00,0.000000
2026-02-18 22:30+01:00,0.000000
2026-02-18 22:45+01:00,0.000000
2026-02-18 23:00+01:00,0.000000
2026-02-18 23:15+01:00,0.000000
2026-02-18 23:30+01:00,0.000000
2026-02-18 23:45+01:00,0.000000
2026-02-19 00:00+01:00,0.000000
2026-02-19 00:15+01:00,0.000000
2026-02-19 00:30+01:00,0.000000
2026-02-19 00:45+01:00,0.000000
2026-02-19 01:00+01:00,0.000000
2026-02-19 01:15+01:00,0.000000
2026-02-19 01:30+01:00,0.000000
2026-02-19 01:45+01:00,0.000000
2026-02-19 02:00+01:00,0.000000
2026-02-19 02:15+01:00,0.000000
2026-02-19 02:30+01:00,0.000000
2026-02-19 02:45+01:00,0.000000
2026-02-19 03:00+01:00,0.000000
2026-02-19 03:15+01:00,0.000000
2026-02-19 03:30+01:00,0.000000
2026-02-19 03:45+01:00,0.000000
2026-02-19 04:00+01:00,0.000000
2026-02-19 04:15+01:00,0.000000
2026-02-19 04:30+01:00,0.000000
2026-02-19 04:45+01:00,0.000000
2026-02-19 05:00+01:00,2.479086
2026-02-19 05:15+01:00,2.455065
2026-02-19 05:30+01:00,2.673130
2026-02-19 05:45+01:00,2.443162
2026-02-19 06:00+01:00,2.626212
2026-02-19 06:15+01:00,2.229801
2026-02-19 06:30+01:00,2.476259
2026-02-19 06:45+01:00,2.281373
2026-02-19 07:00+01:00,2.589246
2026-02-19 07:15+01:00,2.618997
2026-02-19 07:30+01:00,0.000000
2026-02-19 07:45+01:00,0.000000
2026-02-19 08:00+01:00,0.000000
2026-02-19 08:15+01:00,0.000000
2026-02-19 08:30+01:00,0.000000
2026-02-19 08:45+01:00,0.000000
2026-02-19 09:00+01:00,0.000000
2026-02-19 09:15+01:00,0.000000
2026-02-19 09:30+01:00,2.523509
2026-02-19 09:45+01:00,2.394642
2026-02-19 10:00+01:00,2.269358
2026-02-19 10:15+01:00,
2026-02-19 10:30+01:00,2.290408
2026-02-19 10:45+01:00,2.544967
2026-02-19 11:00+01:00,2.625207
2026-02-19 11:15+01:00,2.349195
2026-02-19 11:30+01:00,2.539465
2026-02-19 11:45+01:00,2.376640
2026-02-19 12:00+01:00,0.000000
2026-02-19 12:15+01:00,0.000000
2026-02-19 12:30+01:00,0.000000
2026-02-19 12:45+01:00,0.000000
2026-02-19 13:00+01:00,0.000000
2026-02-19 13:15+01:00,0.000000
2026-02-19 13:30+01:00,0.000000
2026-02-19 13:45+01:00,0.000000
2026-02-19 14:00+01:00,0.000000
2026-02-19 14:15+01:00,0.000000
2026-02-19 14:30+01:00,0.000000
2026-02-19 14:45+01:00,0.000000
2026-02-19 15:00+01:00,0.000000
2026-02-19 15:15+01:00,0.000000
2026-02-19 15:30+01:00,0.000000
2026-02-19 15:45+01:00,0.000000
2026-02-19 16:00+01:00,0.000000
2026-02-19 16:15+01:00,0.000000
2026-02-19 16:30+01:00,0.000000
2026-02-19 16:45+01:00,0.000000
2026-02-19 17:00+01:00,0.000000
2026-02-19 17:15+01:00,0.000000
2026-02-19 17:30+01:00,0.000000
2026-02-19 17:45+01:00,0.000000
2026-02-19 18:00+01:00,2.512901
2026-02-19 18:15+01:00,2.589108
2026-02-19 18:30+01:00,2.595132
2026-02-19 18:45+01:00,2.592815
2026-02-19 19:00+01:00,2.476881
2026-02-19 19:15+01:00,2.496528
2026-02-19 19:30+01:00,2.509189
2026-02-19 19:45+01:00,2.370030
2026-02-19 20:00+01:00,2.392301
2026-02-19 20:15+01:00,2.278469
2026-02-19 20:30+01:00,2.390825
2026-02-19 20:45+01:00,0.000000
2026-02-19 21:00+01:00,0.000000
2026-02-19 21:15+01:00,0.000000
2026-02-19 21:30+01:00,0.000000
2026-02-19 21:45+01:00,0.000000
2026-02-19 22:00+01:00,0.000000
2026-02-19 22:15+01:00,0.000000
2026-02-19 22:30+01:00,0.000000
2026-02-19 22:45+01:00,0.000000
2026-02-19 23:00+01:00,0.000000
2026-02-19 23:15+01:00,0.000000
2026-02-19 23:30+01:00,0.000000
2026-02-19 23:45+01:00,0.000000
2026-02-20 00:00+01:00,0.000000
2026-02-20 00:15+01:00,0.000000
2026-02-20 00:30+01:00,0.000000
2026-02-20 00:45+01:00,2.441445
2026-02-20 01:00+01:00,2.493114
2026-02-20 01:15+01:00,2.323903
2026-02-20 01:30+01:00,2.337843
2026-02-20 01:45+01:00,2.539888
2026-02-20 02:00+01:00,2.609038
2026-02-20 02:15+01:00,2.601493
2026-02-20 02:30+01:00,2.537002
2026-02-20 02:45+01:00,2.378864
2026-02-20 03:00+01:00,2.297990
2026-02-20 03:15+01:00,2.280615
2026-02-20 03:30+01:00,2.481578
2026-02-20 03:45+01:00,2.331144
2026-02-20 04:00+01:00,2.582825
2026-02-20 04:15+01:00,2.512211
2026-02-20 04:30+01:00,2.665627
2026-02-20 04:45+01:00,2.441655
2026-02-20 05:00+01:00,2.245202
2026-02-20 05:15+01:00,2.311904
2026-02-20 05:30+01:00,2.311186
2026-02-20 05:45+01:00,2.516628
2026-02-20 06:00+01:00,2.586418
2026-02-20 06:15+01:00,2.459671
2026-02-20 06:30+01:00,2.154488
2026-02-20 06:45+01:00,2.199526
2026-02-20 07:00+01:00,2.535172
2026-02-20 07:15+01:00,2.486582
2026-02-20 07:30+01:00,2.428995
2026-02-20 07:45+01:00,2.291322
2026-02-20 08:00+01:00,2.762040
2026-02-20 08:15+01:00,2.324349
2026-02-20 08:30+01:00,0.000000
2026-02-20 08:45+01:00,0.000000
2026-02-20 09:00+01:00,0.000000
2026-02-20 09:15+01:00,0.000000
2026-02-20 09:30+01:00,0.000000
2026-02-20 09:45+01:00,0.000000
2026-02-20 10:00+01:00,0.000000
2026-02-20 10:15+01:00,0.000000
2026-02-20 10:30+01:00,0.000000
2026-02-20 10:45+01:00,0.000000
2026-02-20 11:00+01:00,0.000000
2026-02-20 11:15+01:00,0.000000
2026-02-20 11:30+01:00,0.000000
2026-02-20 11:45+01:00,0.000000
2026-02-20 12:00+01:00,0.000000
2026-02-20 12:15+01:00,0.000000
2026-02-20 12:30+01:00,0.000000
2026-02-20 12:45+01:00,0.000000
2026-02-20 13:00+01:00,0.000000
2026-02-20 13:15+01:00,0.000000
2026-02-20 13:30+01:00,0.000000
2026-02-20 13:45+01:00,
2026-02-20 14:00+01:00,0.000000
2026-02-20 14:15+01:00,0.000000
2026-02-20 14:30+01:00,0.000000
2026-02-20 14:45+01:00,0.000000
2026-02-20 15:00+01:00,0.000000
2026-02-20 15:15+01:00,0.000000
2026-02-20 15:30+01:00,0.000000
2026-02-20 15:45+01:00,0.000000
2026-02-20 16:00+01:00,0.000000
2026-02-20 16:15+01:00,0.000000
2026-02-20 16:30+01:00,0.000000
2026-02-20 16:45+01:00,0.000000
2026-02-20 17:00+01:00,0.000000
2026-02-20 17:15+01:00,0.000000
2026-02-20 17:30+01:00,0.000000
2026-02-20 17:45+01:00,0.000000
2026-02-20 18:00+01:00,0.000000
2026-02-20 18:15+01:00,0.000000
2026-02-20 18:30+01:00,0.000000
2026-02-20 18:45+01:00,0.000000
2026-02-20 19:00+01:00,0.000000
2026-02-20 19:15+01:00,0.000000
2026-02-20 19:30+01:00,0.000000
2026-02-20 19:45+01:00,0.000000
2026-02-20 20:00+01:00,0.000000
2026-02-20 20:15+01:00,0.000000
2026-02-20 20:30+01:00,0.000000
2026-02-20 20:45+01:00,0.000000
2026-02-20 21:00+01:00,0.000000
2026-02-20 21:15+01:00,0.000000
2026-02-20 21:30+01:00,0.000000
2026-02-20 21:45+01:00,0.000000
2026-02-20 22:00+01:00,0.000000
2026-02-20 22:15+01:00,0.000000
2026-02-20 22:30+01:00,0.000000
2026-02-20 22:45+01:00,0.000000
2026-02-20 23:00+01:00,0.000000
2026-02-20 23:15+01:00,0.000000
2026-02-20 23:30+01:00,
2026-02-20 23:45+01:00,0.000000
2026-02-21 00:00+01:00,0.000000
2026-02-21 00:15+01:00,0.000000
2026-02-21 00:30+01:00,0.000000
2026-02-21 00:45+01:00,0.000000
2026-02-21 01:00+01:00,0.000000
2026-02-21 01:15+01:00,0.000000
2026-02-21 01:30+01:00,0.000000
2026-02-21 01:45+01:00,0.000000
2026-02-21 02:00+01:00,2.557173
2026-02-21 02:15+01:00,2.395246
2026-02-21 02:30+01:00,2.280211
2026-02-21 02:45+01:00,2.589168
2026-02-21 03:00+01:00,2.568672
2026-02-21 03:15+01:00,2.422702
2026-02-21 03:30+01:00,2.409683
2026-02-21 03:45+01:00,2.792971
2026-02-21 04:00+01:00,2.336954
2026-02-21 04:15+01:00,2.232388
2026-02-21 04:30+01:00,2.423246
2026-02-21 04:45+01:00,2.526936
2026-02-21 05:00+01:00,2.229234
2026-02-21 05:15+01:00,2.297836
2026-02-21 05:30+01:00,2.351297
2026-02-21 05:45+01:00,0.000000
2026-02-21 06:00+01:00,0.000000
2026-02-21 06:15+01:00,0.000000
2026-02-21 06:30+01:00,0.000000
2026-02-21 06:45+01:00,0.000000
2026-02-21 07:00+01:00,0.000000
2026-02-21 07:15+01:00,0.000000
2026-02-21 07:30+01:00,0.000000
2026-02-21 07:45+01:00,0.000000
2026-02-21 08:00+01:00,0.000000
2026-02-21 08:15+01:00,0.000000
2026-02-21 08:30+01:00,0.000000
2026-02-21 08:45+01:00,0.000000
2026-02-21 09:00+01:00,0.000000
2026-02-21 09:15+01:00,0.000000
2026-02-21 09:30+01:00,0.000000
2026-02-21 09:45+01:00,0.000000
2026-02-21 10:00+01:00,0.000000
2026-02-21 10:15+01:00,0.000000
2026-02-21 10:30+01:00,0.000000
2026-02-21 10:45+01:00,0.000000
2026-02-21 11:00+01:00,0.000000
2026-02-21 11:15+01:00,0.000000
2026-02-21 11:30+01:00,0.000000
2026-02-21 11:45+01:00,0.000000
2026-02-21 12:00+01:00,0.000000
2026-02-21 12:15+01:00,0.000000
2026-02-21 12:30+01:00,0.000000
2026-02-21 12:45+01:00,0.000000
2026-02-21 13:00+01:00,0.000000
2026-02-21 13:15+01:00,0.000000
2026-02-21 13:30+01:00,0.000000
2026-02-21 13:45+01:00,0.000000
2026-02-21 14:00+01:00,0.000000
2026-02-21 14:15+01:00,0.000000
2026-02-21 14:30+01:00,0.000000
2026-02-21 14:45+01:00,0.000000
2026-02-21 15:00+01:00,0.000000
2026-02-21 15:15+01:00,0.000000
2026-02-21 15:30+01:00,0.000000
2026-02-21 15:45+01:00,0.000000
2026-02-21 16:00+01:00,0.000000
2026-02-21 16:15+01:00,0.000000
2026-02-21 16:30+01:00,0.000000
2026-02-21 16:45+01:00,0.000000
2026-02-21 17:00+01:00,2.642824
2026-02-21 17:15+01:00,2.587943
2026-02-21 17:30+01:00,2.543048
2026-02-21 17:45+01:00,2.457411
2026-02-21 18:00+01:00,2.802915
2026-02-21 18:15+01:00,2.533897
2026-02-21 18:30+01:00,2.441343
2026-02-21 18:45+01:00,2.515998
2026-02-21 19:00+01:00,2.259020
2026-02-21 19:15+01:00,2.551594
2026-02-21 19:30+01:00,2.639095
2026-02-21 19:45+01:00,2.480942
2026-02-21 20:00+01:00,2.566907
2026-02-21 20:15+01:00,2.278904
2026-02-21 20:30+01:00,2.454358
2026-02-21 20:45+01:00,2.393853
2026-02-21 21:00+01:00,0.000000
2026-02-21 21:15+01:00,0.000000
2026-02-21 21:30+01:00,0.000000
2026-02-21 21:45+01:00,0.000000
2026-02-21 22:00+01:00,0.000000
2026-02-21 22:15+01:00,0.000000
2026-02-21 22:30+01:00,0.000000
2026-02-21 22:45+01:00,0.000000
2026-02-21 23:00+01:00,0.000000
2026-02-21 23:15+01:00,0.000000
2026-02-21 23:30+01:00,0.000000
2026-02-21 23:45+01:00,0.000000
2026-02-22 00:00+01:00,0.000000
2026-02-22 00:15+01:00,0.000000
2026-02-22 00:30+01:00,0.000000
2026-02-22 00:45+01:00,0.000000
2026-02-22 01:00+01:00,0.000000
2026-02-22 01:15+01:00,0.000000
2026-02-22 01:30+01:00,0.000000
2026-02-22 01:45+01:00,0.000000
2026-02-22 02:00+01:00,0.000000
2026-02-22 02:15+01:00,0.000000
2026-02-22 02:30+01:00,0.000000
2026-02-22 02:45+01:00,0.000000
2026-02-22 03:00+01:00,0.000000
2026-02-22 03:15+01:00,0.000000
2026-02-22 03:30+01:00,0.000000
2026-02-22 03:45+01:00,0.000000
2026-02-22 04:00+01:00,0.000000
2026-02-22 04:15+01:00,0.000000
2026-02-22 04:30+01:00,0.000000
2026-02-22 04:45+01:00,2.521668
2026-02-22 05:00+01:00,2.343336
2026-02-22 05:15+01:00,2.294404
2026-02-22 05:30+01:00,2.389320
2026-02-22 05:45+01:00,2.479099
2026-02-22 06:00+01:00,
2026-02-22 06:15+01:00,2.679582
2026-02-22 06:30+01:00,2.418276
2026-02-22 06:45+01:00,2.365137
2026-02-22 07:00+01:00,2.546952
2026-02-22 07:15+01:00,0.000000
2026-02-22 07:30+01:00,0.000000
2026-02-22 07:45+01:00,0.000000
2026-02-22 08:00+01:00,0.000000
2026-02-22 08:15+01:00,0.000000
2026-02-22 08:30+01:00,0.000000
2026-02-22 08:45+01:00,0.000000
2026-02-22 09:00+01:00,0.000000
2026-02-22 09:15+01:00,0.000000
2026-02-22 09:30+01:00,0.000000
2026-02-22 09:45+01:00,0.000000
2026-02-22 10:00+01:00,0.000000
2026-02-22 10:15+01:00,0.000000
2026-02-22 10:30+01:00,0.000000
2026-02-22 10:45+01:00,0.000000
2026-02-22 11:00+01:00,0.000000
2026-02-22 11:15+01:00,0.000000
2026-02-22 11:30+01:00,0.000000
2026-02-22 11:45+01:00,0.000000
2026-02-22 12:00+01:00,0.000000
2026-02-22 12:15+01:00,0.000000
2026-02-22 12:30+01:00,0.000000
2026-02-22 12:45+01:00,0.000000
2026-02-22 13:00+01:00,0.000000
2026-02-22 13:15+01:00,0.000000
2026-02-22 13:30+01:00,0.000000
2026-02-22 13:45+01:00,2.285430
2026-02-22 14:00+01:00,2.329807
2026-02-22 14:15+01:00,2.582884
2026-02-22 14:30+01:00,2.280614
2026-02-22 14:45+01:00,2.498150
2026-02-22 15:00+01:00,2.615452
2026-02-22 15:15+01:00,2.652377
2026-02-22 15:30+01:00,2.604426
2026-02-22 15:45+01:00,2.609886
2026-02-22 16:00+01:00,2.436203
2026-02-22 16:15+01:00,0.000000
2026-02-22 16:30+01:00,0.000000
2026-02-22 16:45+01:00,0.000000
2026-02-22 17:00+01:00,0.000000
2026-02-22 17:15+01:00,0.000000
2026-02-22 17:30+01:00,0.000000
2026-02-22 17:45+01:00,0.000000
2026-02-22 18:00+01:00,0.000000
2026-02-22 18:15+01:00,0.000000
2026-02-22 18:30+01:00,0.000000
2026-02-22 18:45+01:00,0.000000
2026-02-22 19:00+01:00,0.000000
2026-02-22 19:15+01:00,0.000000
2026-02-22 19:30+01:00,0.000000
2026-02-22 19:45+01:00,0.000000
2026-02-22 20:00+01:00,0.000000
2026-02-22 20:15+01:00,2.605250
2026-02-22 20:30+01:00,2.273860
2026-02-22 20:45+01:00,2.177824
2026-02-22 21:00+01:00,2.564439
2026-02-22 21:15+01:00,2.241783
2026-02-22 21:30+01:00,2.284562
2026-02-22 21:45+01:00,2.707126
2026-02-22 22:00+01:00,2.397158
2026-02-22 22:15+01:00,2.398447
2026-02-22 22:30+01:00,2.564733
2026-02-22 22:45+01:00,2.360123
2026-02-22 23:00+01:00,
2026-02-22 23:15+01:00,0.000000
2026-02-22 23:30+01:00,0.000000
2026-02-22 23:45+01:00,0.000000
2026-02-23 00:00+01:00,0.000000
2026-02-23 00:15+01:00,0.000000
2026-02-23 00:30+01:00,0.000000
2026-02-23 00:45+01:00,0.000000
2026-02-23 01:00+01:00,0.000000
2026-02-23 01:15+01:00,0.000000
2026-02-23 01:30+01:00,0.000000
2026-02-23 01:45+01:00,0.000000
2026-02-23 02:00+01:00,0.000000
2026-02-23 02:15+01:00,0.000000
2026-02-23 02:30+01:00,0.000000
2026-02-23 02:45+01:00,0.000000
2026-02-23 03:00+01:00,0.000000
2026-02-23 03:15+01:00,0.000000
2026-02-23 03:30+01:00,0.000000
2026-02-23 03:45+01:00,0.000000
2026-02-23 04:00+01:00,0.000000
2026-02-23 04:15+01:00,0.000000
2026-02-23 04:30+01:00,0.000000
2026-02-23 04:45+01:00,0.000000
2026-02-23 05:00+01:00,0.000000
2026-02-23 05:15+01:00,0.000000
2026-02-23 05:30+01:00,0.000000
2026-02-23 05:45+01:00,0.000000
2026-02-23 06:00+01:00,0.000000
2026-02-23 06:15+01:00,0.000000
2026-02-23 06:30+01:00,0.000000
2026-02-23 06:45+01:00,0.000000
2026-02-23 07:00+01:00,0.000000
2026-02-23 07:15+01:00,0.000000
2026-02-23 07:30+01:00,0.000000
2026-02-23 07:45+01:00,0.000000
2026-02-23 08:00+01:00,0.000000
2026-02-23 08:15+01:00,0.000000
2026-02-23 08:30+01:00,0.000000
2026-02-23 08:45+01:00,0.000000
2026-02-23 09:00+01:00,0.000000
2026-02-23 09:15+01:00,0.000000
2026-02-23 09:30+01:00,0.000000
2026-02-23 09:45+01:00,0.000000
2026-02-23 10:00+01:00,0.000000
2026-02-23 10:15+01:00,0.000000
2026-02-23 10:30+01:00,0.000000
2026-02-23 10:45+01:00,0.000000
2026-02-23 11:00+01:00,0.000000
2026-02-23 11:15+01:00,0.000000
2026-02-23 11:30+01:00,0.000000
2026-02-23 11:45+01:00,0.000000
2026-02-23 12:00+01:00,2.432462
2026-02-23 12:15+01:00,2.294524
2026-02-23 12:30+01:00,
2026-02-23 12:45+01:00,2.486859
2026-02-23 13:00+01:00,2.514029
2026-02-23 13:15+01:00,2.257925
2026-02-23 13:30+01:00,2.364020
2026-02-23 13:45+01:00,2.411086
2026-02-23 14:00+01:00,2.482978
2026-02-23 14:15+01:00,2.643439
2026-02-23 14:30+01:00,2.507291
2026-02-23 14:45+01:00,2.523964
2026-02-23 15:00+01:00,2.456143
2026-02-23 15:15+01:00,2.229242
2026-02-23 15:30+01:00,2.606863
2026-02-23 15:45+01:00,2.545656
2026-02-23 16:00+01:00,2.641749
2026-02-23 16:15+01:00,2.451205
2026-02-23 16:30+01:00,2.491404
2026-02-23 16:45+01:00,2.092592
2026-02-23 17:00+01:00,2.372090
2026-02-23 17:15+01:00,2.231381
2026-02-23 17:30+01:00,2.427990
2026-02-23 17:45+01:00,2.649396
2026-02-23 18:00+01:00,2.640237
2026-02-23 18:15+01:00,2.404489
2026-02-23 18:30+01:00,2.601149
2026-02-23 18:45+01:00,2.338471
2026-02-23 19:00+01:00,2.513388
2026-02-23 19:15+01:00,2.417667
2026-02-23 19:30+01:00,2.628554
2026-02-23 19:45+01:00,0.000000
2026-02-23 20:00+01:00,0.000000
2026-02-23 20:15+01:00,0.000000
2026-02-23 20:30+01:00,0.000000
2026-02-23 20:45+01:00,0.000000
2026-02-23 21:00+01:00,0.000000
2026-02-23 21:15+01:00,0.000000
2026-02-23 21:30+01:00,0.000000
2026-02-23 21:45+01:00,0.000000
2026-02-23 22:00+01:00,0.000000
2026-02-23 22:15+01:00,0.000000
2026-02-23 22:30+01:00,0.000000
2026-02-23 22:45+01:00,0.000000
2026-02-23 23:00+01:00,0.000000
2026-02-23 23:15+01:00,0.000000
2026-02-23 23:30+01:00,0.000000
2026-02-23 23:45+01:00,0.000000
2026-02-24 00:00+01:00,0.000000
2026-02-24 00:15+01:00,0.000000
2026-02-24 00:30+01:00,0.000000
2026-02-24 00:45+01:00,0.000000
2026-02-24 01:00+01:00,0.000000
2026-02-24 01:15+01:00,0.000000
2026-02-24 01:30+01:00,0.000000
2026-02-24 01:45+01:00,0.000000
2026-02-24 02:00+01:00,0.000000
2026-02-24 02:15+01:00,0.000000
2026-02-24 02:30+01:00,0.000000
2026-02-24 02:45+01:00,0.000000
2026-02-24 03:00+01:00,
2026-02-24 03:15+01:00,0.000000
2026-02-24 03:30+01:00,0.000000
2026-02-24 03:45+01:00,0.000000
2026-02-24 04:00+01:00,0.000000
2026-02-24 04:15+01:00,0.000000
2026-02-24 04:30+01:00,0.000000
2026-02-24 04:45+01:00,0.000000
2026-02-24 05:00+01:00,0.000000
2026-02-24 05:15+01:00,0.000000
2026-02-24 05:30+01:00,0.000000
2026-02-24 05:45+01:00,0.000000
2026-02-24 06:00+01:00,0.000000
2026-02-24 06:15+01:00,0.000000
2026-02-24 06:30+01:00,0.000000
2026-02-24 06:45+01:00,0.000000
2026-02-24 07:00+01:00,0.000000
2026-02-24 07:15+01:00,0.000000
2026-02-24 07:30+01:00,0.000000
2026-02-24 07:45+01:00,0.000000
2026-02-24 08:00+01:00,0.000000
2026-02-24 08:15+01:00,0.000000
2026-02-24 08:30+01:00,0.000000
2026-02-24 08:45+01:00,0.000000
2026-02-24 09:00+01:00,0.000000
2026-02-24 09:15+01:00,0.000000
2026-02-24 09:30+01:00,0.000000
2026-02-24 09:45+01:00,0.000000
2026-02-24 10:00+01:00,0.000000
2026-02-24 10:15+01:00,0.000000
2026-02-24 10:30+01:00,0.000000
2026-02-24 10:45+01:00,0.000000
2026-02-24 11:00+01:00,0.000000
2026-02-24 11:15+01:00,0.000000
2026-02-24 11:30+01:00,0.000000
2026-02-24 11:45+01:00,0.000000
2026-02-24 12:00+01:00,0.000000
2026-02-24 12:15+01:00,0.000000
2026-02-24 12:30+01:00,0.000000
2026-02-24 12:45+01:00,0.000000
2026-02-24 13:00+01:00,0.000000
2026-02-24 13:15+01:00,0.000000
2026-02-24 13:30+01:00,0.000000
2026-02-24 13:45+01:00,0.000000
2026-02-24 14:00+01:00,2.533470
2026-02-24 14:15+01:00,2.396227
2026-02-24 14:30+01:00,2.455671
2026-02-24 14:45+01:00,2.573528
2026-02-24 15:00+01:00,2.644539
2026-02-24 15:15+01:00,2.682565
2026-02-24 15:30+01:00,2.381300
2026-02-24 15:45+01:00,2.516773
2026-02-24 16:00+01:00,2.176471
2026-02-24 16:15+01:00,2.379922
2026-02-24 16:30+01:00,2.297991
2026-02-24 16:45+01:00,2.339144
2026-02-24 17:00+01:00,2.442746
2026-02-24 17:15+01:00,2.493866
2026-02-24 17:30+01:00,2.372066
2026-02-24 17:45+01:00,2.370259
2026-02-24 18:00+01:00,2.330971
2026-02-24 18:15+01:00,2.635477
2026-02-24 18:30+01:00,2.341665
2026-02-24 18:45+01:00,2.240573
2026-02-24 19:00+01:00,2.544220
2026-02-24 19:15+01:00,2.563521
2026-02-24 19:30+01:00,2.297103
2026-02-24 19:45+01:00,2.556046
2026-02-24 20:00+01:00,2.597366
2026-02-24 20:15+01:00,2.252181
2026-02-24 20:30+01:00,2.294836
2026-02-24 20:45+01:00,2.523129
2026-02-24 21:00+01:00,2.625513
2026-02-24 21:15+01:00,2.695435
2026-02-24 21:30+01:00,2.708380
2026-02-24 21:45+01:00,0.000000
2026-02-24 22:00+01:00,0.000000
2026-02-24 22:15+01:00,0.000000
2026-02-24 22:30+01:00,0.000000
2026-02-24 22:45+01:00,0.000000
2026-02-24 23:00+01:00,0.000000
2026-02-24 23:15+01:00,0.000000
2026-02-24 23:30+01:00,0.000000
2026-02-24 23:45+01:00,0.000000
2026-02-25 00:00+01:00,0.000000
2026-02-25 00:15+01:00,0.000000
2026-02-25 00:30+01:00,0.000000
2026-02-25 00:45+01:00,0.000000
2026-02-25 01:00+01:00,0.000000
2026-02-25 01:15+01:00,0.000000
2026-02-25 01:30+01:00,2.268203
2026-02-25 01:45+01:00,2.437414
2026-02-25 02:00+01:00,2.354288
2026-02-25 02:15+01:00,2.349875
2026-02-25 02:30+01:00,2.486270
2026-02-25 02:45+01:00,2.471784
2026-02-25 03:00+01:00,2.396001
2026-02-25 03:15+01:00,2.599750
2026-02-25 03:30+01:00,2.590202
2026-02-25 03:45+01:00,2.376095
2026-02-25 04:00+01:00,0.000000
2026-02-25 04:15+01:00,0.000000
2026-02-25 04:30+01:00,0.000000
2026-02-25 04:45+01:00,0.000000
2026-02-25 05:00+01:00,0.000000
2026-02-25 05:15+01:00,0.000000
2026-02-25 05:30+01:00,0.000000
2026-02-25 05:45+01:00,0.000000
2026-02-25 06:00+01:00,0.000000
2026-02-25 06:15+01:00,0.000000
2026-02-25 06:30+01:00,0.000000
2026-02-25 06:45+01:00,0.000000
2026-02-25 07:00+01:00,0.000000
2026-02-25 07:15+01:00,0.000000
2026-02-25 07:30+01:00,0.000000
2026-02-25 07:45+01:00,0.000000
2026-02-25 08:00+01:00,0.000000
2026-02-25 08:15+01:00,0.000000
2026-02-25 08:30+01:00,0.000000
2026-02-25 08:45+01:00,0.000000
2026-02-25 09:00+01:00,0.000000
2026-02-25 09:15+01:00,0.000000
2026-02-25 09:30+01:00,0.000000
2026-02-25 09:45+01:00,0.000000
2026-02-25 10:00+01:00,0.000000
2026-02-25 10:15+01:00,0.000000
2026-02-25 10:30+01:00,0.000000
2026-02-25 10:45+01:00,0.000000
2026-02-25 11:00+01:00,0.000000
2026-02-25 11:15+01:00,0.000000
2026-02-25 11:30+01:00,2.298348
2026-02-25 11:45+01:00,2.526129
2026-02-25 12:00+01:00,2.533398
2026-02-25 12:15+01:00,2.271715
2026-02-25 12:30+01:00,2.380603
2026-02-25 12:45+01:00,2.218055
2026-02-25 13:00+01:00,2.430704
2026-02-25 13:15+01:00,2.400945
2026-02-25 13:30+01:00,2.306888
2026-02-25 13:45+01:00,2.558571
2026-02-25 14:00+01:00,0.000000
2026-02-25 14:15+01:00,0.000000
2026-02-25 14:30+01:00,0.000000
2026-02-25 14:45+01:00,0.000000
2026-02-25 15:00+01:00,0.000000
2026-02-25 15:15+01:00,0.000000
2026-02-25 15:30+01:00,0.000000
2026-02-25 15:45+01:00,0.000000
2026-02-25 16:00+01:00,0.000000
2026-02-25 16:15+01:00,0.000000
2026-02-25 16:30+01:00,0.000000
2026-02-25 16:45+01:00,0.000000
2026-02-25 17:00+01:00,
2026-02-25 17:15+01:00,2.399265
2026-02-25 17:30+01:00,2.698504
2026-02-25 17:45+01:00,2.531424
2026-02-25 18:00+01:00,2.544630
2026-02-25 18:15+01:00,2.239955
2026-02-25 18:30+01:00,2.523845
2026-02-25 18:45+01:00,2.396186
2026-02-25 19:00+01:00,2.527390
2026-02-25 19:15+01:00,2.401392
2026-02-25 19:30+01:00,2.566593
2026-02-25 19:45+01:00,0.000000
2026-02-25 20:00+01:00,0.000000
2026-02-25 20:15+01:00,0.000000
2026-02-25 20:30+01:00,0.000000
2026-02-25 20:45+01:00,0.000000
2026-02-25 21:00+01:00,0.000000
2026-02-25 21:15+01:00,0.000000
2026-02-25 21:30+01:00,0.000000
2026-02-25 21:45+01:00,0.000000
2026-02-25 22:00+01:00,0.000000
2026-02-25 22:15+01:00,0.000000
2026-02-25 22:30+01:00,0.000000
2026-02-25 22:45+01:00,0.000000
2026-02-25 23:00+01:00,0.000000
2026-02-25 23:15+01:00,0.000000
2026-02-25 23:30+01:00,0.000000
2026-02-25 23:45+01:00,0.000000
2026-02-26 00:00+01:00,0.000000
2026-02-26 00:15+01:00,0.000000
2026-02-26 00:30+01:00,0.000000
2026-02-26 00:45+01:00,0.000000
2026-02-26 01:00+01:00,0.000000
2026-02-26 01:15+01:00,0.000000
2026-02-26 01:30+01:00,0.000000
2026-02-26 01:45+01:00,0.000000
2026-02-26 02:00+01:00,0.000000
2026-02-26 02:15+01:00,0.000000
2026-02-26 02:30+01:00,0.000000
2026-02-26 02:45+01:00,0.000000
2026-02-26 03:00+01:00,0.000000
2026-02-26 03:15+01:00,0.000000
2026-02-26 03:30+01:00,0.000000
2026-02-26 03:45+01:00,0.000000
2026-02-26 04:00+01:00,0.000000
2026-02-26 04:15+01:00,2.492371
2026-02-26 04:30+01:00,2.407768
2026-02-26 04:45+01:00,2.540432
2026-02-26 05:00+01:00,2.509233
2026-02-26 05:15+01:00,2.521586
2026-02-26 05:30+01:00,2.346814
2026-02-26 05:45+01:00,12.206818
2026-02-26 06:00+01:00,11.342851
2026-02-26 06:15+01:00,2.562544
2026-02-26 06:30+01:00,2.284245
2026-02-26 06:45+01:00,2.399964
2026-02-26 07:00+01:00,2.480978
2026-02-26 07:15+01:00,2.767686
2026-02-26 07:30+01:00,2.391801
2026-02-26 07:45+01:00,2.368481
2026-02-26 08:00+01:00,2.447758
2026-02-26 08:15+01:00,0.000000
2026-02-26 08:30+01:00,0.000000
2026-02-26 08:45+01:00,0.000000
2026-02-26 09:00+01:00,0.000000
2026-02-26 09:15+01:00,0.000000
2026-02-26 09:30+01:00,0.000000
2026-02-26 09:45+01:00,0.000000
2026-02-26 10:00+01:00,0.000000
2026-02-26 10:15+01:00,0.000000
2026-02-26 10:30+01:00,0.000000
2026-02-26 10:45+01:00,0.000000
2026-02-26 11:00+01:00,0.000000
2026-02-26 11:15+01:00,0.000000
2026-02-26 11:30+01:00,0.000000
2026-02-26 11:45+01:00,0.000000
2026-02-26 12:00+01:00,0.000000
2026-02-26 12:15+01:00,0.000000
2026-02-26 12:30+01:00,0.000000
2026-02-26 12:45+01:00,0.000000
2026-02-26 13:00+01:00,0.000000
2026-02-26 13:15+01:00,0.000000
2026-02-26 13:30+01:00,0.000000
2026-02-26 13:45+01:00,0.000000
2026-02-26 14:00+01:00,0.000000
2026-02-26 14:15+01:00,0.000000
2026-02-26 14:30+01:00,0.000000
2026-02-26 14:45+01:00,0.000000
2026-02-26 15:00+01:00,2.594029
2026-02-26 15:15+01:00,2.403549
2026-02-26 15:30+01:00,2.357805
2026-02-26 15:45+01:00,2.450289
2026-02-26 16:00+01:00,2.667174
2026-02-26 16:15+01:00,2.444243
2026-02-26 16:30+01:00,
2026-02-26 16:45+01:00,2.248982
2026-02-26 17:00+01:00,2.589480
2026-02-26 17:15+01:00,2.581749
2026-02-26 17:30+01:00,2.670746
2026-02-26 17:45+01:00,2.536341
2026-02-26 18:00+01:00,2.520762
2026-02-26 18:15+01:00,2.402093
2026-02-26 18:30+01:00,2.564620
2026-02-26 18:45+01:00,0.000000
2026-02-26 19:00+01:00,0.000000
2026-02-26 19:15+01:00,0.000000
2026-02-26 19:30+01:00,0.000000
2026-02-26 19:45+01:00,0.000000
2026-02-26 20:00+01:00,0.000000
2026-02-26 20:15+01:00,0.000000
2026-02-26 20:30+01:00,0.000000
2026-02-26 20:45+01:00,0.000000
2026-02-26 21:00+01:00,0.000000
2026-02-26 21:15+01:00,0.000000
2026-02-26 21:30+01:00,0.000000
2026-02-26 21:45+01:00,0.000000
2026-02-26 22:00+01:00,0.000000
2026-02-26 22:15+01:00,0.000000
2026-02-26 22:30+01:00,0.000000
2026-02-26 22:45+01:00,0.000000
2026-02-26 23:00+01:00,0.000000
2026-02-26 23:15+01:00,0.000000
2026-02-26 23:30+01:00,0.000000
2026-02-26 23:45+01:00,0.000000
2026-02-27 00:00+01:00,0.000000
2026-02-27 00:15+01:00,0.000000
2026-02-27 00:30+01:00,0.000000
2026-02-27 00:45+01:00,0.000000
2026-02-27 01:00+01:00,0.000000
2026-02-27 01:15+01:00,0.000000
2026-02-27 01:30+01:00,0.000000
2026-02-27 01:45+01:00,0.000000
2026-02-27 02:00+01:00,0.000000
2026-02-27 02:15+01:00,0.000000
2026-02-27 02:30+01:00,0.000000
2026-02-27 02:45+01:00,0.000000
2026-02-27 03:00+01:00,0.000000
2026-02-27 03:15+01:00,0.000000
2026-02-27 03:30+01:00,0.000000
2026-02-27 03:45+01:00,0.000000
2026-02-27 04:00+01:00,0.000000
2026-02-27 04:15+01:00,0.000000
2026-02-27 04:30+01:00,0.000000
2026-02-27 04:45+01:00,2.789462
2026-02-27 05:00+01:00,2.255067
2026-02-27 05:15+01:00,2.489717
2026-02-27 05:30+01:00,2.311152
2026-02-27 05:45+01:00,2.457823
2026-02-27 06:00+01:00,2.394402
2026-02-27 06:15+01:00,2.531954
2026-02-27 06:30+01:00,2.428785
2026-02-27 06:45+01:00,2.410985
2026-02-27 07:00+01:00,2.366402
2026-02-27 07:15+01:00,0.000000
2026-02-27 07:30+01:00,0.000000
2026-02-27 07:45+01:00,0.000000
2026-02-27 08:00+01:00,0.000000
2026-02-27 08:15+01:00,0.000000
2026-02-27 08:30+01:00,0.000000
2026-02-27 08:45+01:00,0.000000
2026-02-27 09:00+01:00,0.000000
2026-02-27 09:15+01:00,0.000000
2026-02-27 09:30+01:00,0.000000
2026-02-27 09:45+01:00,0.000000
2026-02-27 10:00+01:00,0.000000
2026-02-27 10:15+01:00,0.000000
2026-02-27 10:30+01:00,0.000000
2026-02-27 10:45+01:00,2.390234
2026-02-27 11:00+01:00,2.399285
2026-02-27 11:15+01:00,2.420360
2026-02-27 11:30+01:00,2.472248
2026-02-27 11:45+01:00,2.460936
2026-02-27 12:00+01:00,2.721032
2026-02-27 12:15+01:00,2.604370
2026-02-27 12:30+01:00,2.142044
2026-02-27 12:45+01:00,2.393919
2026-02-27 13:00+01:00,2.593076
2026-02-27 13:15+01:00,2.611140
2026-02-27 13:30+01:00,0.000000
2026-02-27 13:45+01:00,0.000000
2026-02-27 14:00+01:00,0.000000
2026-02-27 14:15+01:00,0.000000
2026-02-27 14:30+01:00,0.000000
2026-02-27 14:45+01:00,0.000000
2026-02-27 15:00+01:00,0.000000
2026-02-27 15:15+01:00,0.000000
2026-02-27 15:30+01:00,0.000000
2026-02-27 15:45+01:00,0.000000
2026-02-27 16:00+01:00,0.000000
2026-02-27 16:15+01:00,0.000000
2026-02-27 16:30+01:00,0.000000
2026-02-27 16:45+01:00,0.000000
2026-02-27 17:00+01:00,0.000000
2026-02-27 17:15+01:00,0.000000
2026-02-27 17:30+01:00,0.000000
2026-02-27 17:45+01:00,0.000000
2026-02-27 18:00+01:00,0.000000
2026-02-27 18:15+01:00,0.000000
2026-02-27 18:30+01:00,0.000000
2026-02-27 18:45+01:00,0.000000
2026-02-27 19:00+01:00,0.000000
2026-02-27 19:15+01:00,0.000000
2026-02-27 19:30+01:00,0.000000
2026-02-27 19:45+01:00,0.000000
2026-02-27 20:00+01:00,
2026-02-27 20:15+01:00,2.581657
2026-02-27 20:30+01:00,2.584367
2026-02-27 20:45+01:00,2.402260
2026-02-27 21:00+01:00,2.509913
2026-02-27 21:15+01:00,2.239470
2026-02-27 21:30+01:00,2.457552
2026-02-27 21:45+01:00,2.333370
2026-02-27 22:00+01:00,2.181749
2026-02-27 22:15+01:00,2.414192
2026-02-27 22:30+01:00,2.451243
2026-02-27 22:45+01:00,0.000000
2026-02-27 23:00+01:00,0.000000
2026-02-27 23:15+01:00,0.000000
2026-02-27 23:30+01:00,0.000000
2026-02-27 23:45+01:00,0.000000
2026-02-28 00:00+01:00,0.000000
2026-02-28 00:15+01:00,0.000000
2026-02-28 00:30+01:00,0.000000
2026-02-28 00:45+01:00,0.000000
2026-02-28 01:00+01:00,0.000000
2026-02-28 01:15+01:00,0.000000
2026-02-28 01:30+01:00,0.000000
2026-02-28 01:45+01:00,0.000000
2026-02-28 02:00+01:00,0.000000
2026-02-28 02:15+01:00,0.000000
2026-02-28 02:30+01:00,0.000000
2026-02-28 02:45+01:00,0.000000
2026-02-28 03:00+01:00,0.000000
2026-02-28 03:15+01:00,0.000000
2026-02-28 03:30+01:00,0.000000
2026-02-28 03:45+01:00,0.000000
2026-02-28 04:00+01:00,0.000000
2026-02-28 04:15+01:00,0.000000
2026-02-28 04:30+01:00,2.547649
2026-02-28 04:45+01:00,2.336596
2026-02-28 05:00+01:00,2.665149
2026-02-28 05:15+01:00,2.444280
2026-02-28 05:30+01:00,2.767064
2026-02-28 05:45+01:00,2.487803
2026-02-28 06:00+01:00,2.484555
2026-02-28 06:15+01:00,2.531246
2026-02-28 06:30+01:00,2.670575
2026-02-28 06:45+01:00,2.329787
2026-02-28 07:00+01:00,2.331586
2026-02-28 07:15+01:00,2.800280
2026-02-28 07:30+01:00,2.512420
2026-02-28 07:45+01:00,2.617902
2026-02-28 08:00+01:00,2.569987
2026-02-28 08:15+01:00,2.304178
2026-02-28 08:30+01:00,2.394001
2026-02-28 08:45+01:00,2.519967
2026-02-28 09:00+01:00,2.461814
2026-02-28 09:15+01:00,2.323556
2026-02-28 09:30+01:00,2.364380
2026-02-28 09:45+01:00,2.587172
2026-02-28 10:00+01:00,2.460213
2026-02-28 10:15+01:00,2.327979
2026-02-28 10:30+01:00,2.624535
2026-02-28 10:45+01:00,2.222097
2026-02-28 11:00+01:00,2.614844
2026-02-28 11:15+01:00,2.644836
2026-02-28 11:30+01:00,2.440802
2026-02-28 11:45+01:00,2.655704
2026-02-28 12:00+01:00,2.311209
2026-02-28 12:15+01:00,0.000000
2026-02-28 12:30+01:00,0.000000
2026-02-28 12:45+01:00,0.000000
2026-02-28 13:00+01:00,0.000000
2026-02-28 13:15+01:00,0.000000
2026-02-28 13:30+01:00,0.000000
2026-02-28 13:45+01:00,0.000000
2026-02-28 14:00+01:00,0.000000
2026-02-28 14:15+01:00,0.000000
2026-02-28 14:30+01:00,0.000000
2026-02-28 14:45+01:00,0.000000
2026-02-28 15:00+01:00,0.000000
2026-02-28 15:15+01:00,0.000000
2026-02-28 15:30+01:00,0.000000
2026-02-28 15:45+01:00,0.000000
2026-02-28 16:00+01:00,0.000000
2026-02-28 16:15+01:00,0.000000
2026-02-28 16:30+01:00,0.000000
2026-02-28 16:45+01:00,0.000000
2026-02-28 17:00+01:00,0.000000
2026-02-28 17:15+01:00,0.000000
2026-02-28 17:30+01:00,0.000000
2026-02-28 17:45+01:00,0.000000
2026-02-28 18:00+01:00,0.000000
2026-02-28 18:15+01:00,0.000000
2026-02-28 18:30+01:00,0.000000
2026-02-28 18:45+01:00,
2026-02-28 19:00+01:00,0.000000
2026-02-28 19:15+01:00,0.000000
2026-02-28 19:30+01:00,0.000000
2026-02-28 19:45+01:00,0.000000
2026-02-28 20:00+01:00,0.000000
2026-02-28 20:15+01:00,0.000000
2026-02-28 20:30+01:00,0.000000
2026-02-28 20:45+01:00,0.000000
2026-02-28 21:00+01:00,0.000000
2026-02-28 21:15+01:00,0.000000
2026-02-28 21:30+01:00,0.000000
2026-02-28 21:45+01:00,0.000000
2026-02-28 22:00+01:00,0.000000
2026-02-28 22:15+01:00,0.000000
2026-02-28 22:30+01:00,0.000000
2026-02-28 22:45+01:00,0.000000
2026-02-28 23:00+01:00,0.000000
2026-02-28 23:15+01:00,0.000000
2026-02-28 23:30+01:00,0.000000
2026-02-28 23:45+01:00,0.000000
2026-03-01 00:00+01:00,0.000000
2026-03-01 00:15+01:00,0.000000
2026-03-01 00:30+01:00,0.000000
2026-03-01 00:45+01:00,0.000000
2026-03-01 01:00+01:00,
2026-03-01 01:15+01:00,0.000000
2026-03-01 01:30+01:00,0.000000
2026-03-01 01:45+01:00,0.000000
2026-03-01 02:00+01:00,0.000000
2026-03-01 02:15+01:00,0.000000
2026-03-01 02:30+01:00,0.000000
2026-03-01 02:45+01:00,0.000000
2026-03-01 03:00+01:00,0.000000
2026-03-01 03:15+01:00,0.000000
2026-03-01 03:30+01:00,0.000000
2026-03-01 03:45+01:00,0.000000
2026-03-01 04:00+01:00,0.000000
2026-03-01 04:15+01:00,0.000000
2026-03-01 04:30+01:00,0.000000
2026-03-01 04:45+01:00,0.000000
2026-03-01 05:00+01:00,0.000000
2026-03-01 05:15+01:00,0.000000
2026-03-01 05:30+01:00,0.000000
2026-03-01 05:45+01:00,0.000000
2026-03-01 06:00+01:00,0.000000
2026-03-01 06:15+01:00,0.000000
2026-03-01 06:30+01:00,0.000000
2026-03-01 06:45+01:00,0.000000
2026-03-01 07:00+01:00,0.000000
2026-03-01 07:15+01:00,0.000000
2026-03-01 07:30+01:00,0.000000
2026-03-01 07:45+01:00,0.000000
2026-03-01 08:00+01:00,0.000000
2026-03-01 08:15+01:00,0.000000
2026-03-01 08:30+01:00,0.000000
2026-03-01 08:45+01:00,0.000000
2026-03-01 09:00+01:00,2.613827
2026-03-01 09:15+01:00,2.611854
2026-03-01 09:30+01:00,2.564237
2026-03-01 09:45+01:00,2.659734
2026-03-01 10:00+01:00,2.512558
2026-03-01 10:15+01:00,2.382524
2026-03-01 10:30+01:00,2.506087
2026-03-01 10:45+01:00,2.619368
2026-03-01 11:00+01:00,2.351944
2026-03-01 11:15+01:00,
2026-03-01 11:30+01:00,2.399518
2026-03-01 11:45+01:00,2.364709
2026-03-01 12:00+01:00,2.457091
2026-03-01 12:15+01:00,2.636858
2026-03-01 12:30+01:00,2.651607
2026-03-01 12:45+01:00,2.478548
2026-03-01 13:00+01:00,0.000000
2026-03-01 13:15+01:00,0.000000
2026-03-01 13:30+01:00,0.000000
2026-03-01 13:45+01:00,0.000000
2026-03-01 14:00+01:00,0.000000
2026-03-01 14:15+01:00,0.000000
2026-03-01 14:30+01:00,0.000000
2026-03-01 14:45+01:00,0.000000
2026-03-01 15:00+01:00,0.000000
2026-03-01 15:15+01:00,0.000000
2026-03-01 15:30+01:00,0.000000
2026-03-01 15:45+01:00,0.000000
2026-03-01 16:00+01:00,0.000000
2026-03-01 16:15+01:00,0.000000
2026-03-01 16:30+01:00,0.000000
2026-03-01 16:45+01:00,0.000000
2026-03-01 17:00+01:00,0.000000
2026-03-01 17:15+01:00,0.000000
2026-03-01 17:30+01:00,2.458394
2026-03-01 17:45+01:00,2.476966
2026-03-01 18:00+01:00,2.557794
2026-03-01 18:15+01:00,2.324064
2026-03-01 18:30+01:00,2.371210
2026-03-01 18:45+01:00,2.392819
2026-03-01 19:00+01:00,2.396688
2026-03-01 19:15+01:00,2.395740
2026-03-01 19:30+01:00,2.321789
2026-03-01 19:45+01:00,2.471554
2026-03-01 20:00+01:00,2.294325
2026-03-01 20:15+01:00,2.746735
2026-03-01 20:30+01:00,2.473311
2026-03-01 20:45+01:00,2.407115
2026-03-01 21:00+01:00,2.422638
2026-03-01 21:15+01:00,0.000000
2026-03-01 21:30+01:00,0.000000
2026-03-01 21:45+01:00,0.000000
2026-03-01 22:00+01:00,0.000000
2026-03-01 22:15+01:00,0.000000
2026-03-01 22:30+01:00,0.000000
2026-03-01 22:45+01:00,0.000000
2026-03-01 23:00+01:00,0.000000
2026-03-01 23:15+01:00,0.000000
2026-03-01 23:30+01:00,0.000000
2026-03-01 23:45+01:00,0.000000
2026-03-02 00:00+01:00,0.000000
2026-03-02 00:15+01:00,0.000000
2026-03-02 00:30+01:00,0.000000
2026-03-02 00:45+01:00,0.000000
2026-03-02 01:00+01:00,0.000000
2026-03-02 01:15+01:00,0.000000
2026-03-02 01:30+01:00,0.000000
2026-03-02 01:45+01:00,0.000000
2026-03-02 02:00+01:00,0.000000
2026-03-02 02:15+01:00,0.000000
2026-03-02 02:30+01:00,0.000000
2026-03-02 02:45+01:00,0.000000
2026-03-02 03:00+01:00,0.000000
2026-03-02 03:15+01:00,0.000000
2026-03-02 03:30+01:00,0.000000
2026-03-02 03:45+01:00,2.370521
2026-03-02 04:00+01:00,2.542884
2026-03-02 04:15+01:00,2.166190
2026-03-02 04:30+01:00,2.414038
2026-03-02 04:45+01:00,2.486820
2026-03-02 05:00+01:00,2.435996
2026-03-02 05:15+01:00,2.365997
2026-03-02 05:30+01:00,2.461533
2026-03-02 05:45+01:00,2.415499
2026-03-02 06:00+01:00,2.582329
2026-03-02 06:15+01:00,2.421205
2026-03-02 06:30+01:00,2.512087
2026-03-02 06:45+01:00,2.542348
2026-03-02 07:00+01:00,2.474323
2026-03-02 07:15+01:00,2.456804
2026-03-02 07:30+01:00,2.496050
2026-03-02 07:45+01:00,0.000000
2026-03-02 08:00+01:00,0.000000
2026-03-02 08:15+01:00,0.000000
2026-03-02 08:30+01:00,0.000000
2026-03-02 08:45+01:00,0.000000
2026-03-02 09:00+01:00,
2026-03-02 09:15+01:00,0.000000
2026-03-02 09:30+01:00,0.000000
2026-03-02 09:45+01:00,0.000000
2026-03-02 10:00+01:00,0.000000
2026-03-02 10:15+01:00,0.000000
2026-03-02 10:30+01:00,0.000000
2026-03-02 10:45+01:00,0.000000
2026-03-02 11:00+01:00,0.000000
2026-03-02 11:15+01:00,0.000000
2026-03-02 11:30+01:00,0.000000
2026-03-02 11:45+01:00,0.000000
2026-03-02 12:00+01:00,0.000000
2026-03-02 12:15+01:00,0.000000
2026-03-02 12:30+01:00,0.000000
2026-03-02 12:45+01:00,0.000000
2026-03-02 13:00+01:00,0.000000
2026-03-02 13:15+01:00,0.000000
2026-03-02 13:30+01:00,0.000000
2026-03-02 13:45+01:00,0.000000
2026-03-02 14:00+01:00,0.000000
2026-03-02 14:15+01:00,0.000000
2026-03-02 14:30+01:00,0.000000
2026-03-02 14:45+01:00,0.000000
2026-03-02 15:00+01:00,0.000000
2026-03-02 15:15+01:00,0.000000
2026-03-02 15:30+01:00,2.274292
2026-03-02 15:45+01:00,2.702012
2026-03-02 16:00+01:00,2.456634
2026-03-02 16:15+01:00,2.341035
2026-03-02 16:30+01:00,2.621585
2026-03-02 16:45+01:00,2.443635
2026-03-02 17:00+01:00,2.347678
2026-03-02 17:15+01:00,2.437862
2026-03-02 17:30+01:00,2.314010
2026-03-02 17:45+01:00,2.383447
2026-03-02 18:00+01:00,2.494908
2026-03-02 18:15+01:00,2.568623
2026-03-02 18:30+01:00,2.430895
2026-03-02 18:45+01:00,2.458870
2026-03-02 19:00+01:00,2.540373
2026-03-02 19:15+01:00,0.000000
2026-03-02 19:30+01:00,0.000000
2026-03-02 19:45+01:00,0.000000
2026-03-02 20:00+01:00,0.000000
2026-03-02 20:15+01:00,0.000000
2026-03-02 20:30+01:00,0.000000
2026-03-02 20:45+01:00,0.000000
2026-03-02 21:00+01:00,0.000000
2026-03-02 21:15+01:00,0.000000
2026-03-02 21:30+01:00,0.000000
2026-03-02 21:45+01:00,0.000000
2026-03-02 22:00+01:00,0.000000
2026-03-02 22:15+01:00,0.000000
2026-03-02 22:30+01:00,0.000000
2026-03-02 22:45+01:00,0.000000
2026-03-02 23:00+01:00,0.000000
2026-03-02 23:15+01:00,0.000000
2026-03-02 23:30+01:00,
2026-03-02 23:45+01:00,0.000000
2026-03-03 00:00+01:00,0.000000
2026-03-03 00:15+01:00,0.000000
2026-03-03 00:30+01:00,0.000000
2026-03-03 00:45+01:00,0.000000
2026-03-03 01:00+01:00,0.000000
2026-03-03 01:15+01:00,0.000000
2026-03-03 01:30+01:00,0.000000
2026-03-03 01:45+01:00,0.000000
2026-03-03 02:00+01:00,0.000000
2026-03-03 02:15+01:00,0.000000
2026-03-03 02:30+01:00,0.000000
2026-03-03 02:45+01:00,0.000000
2026-03-03 03:00+01:00,0.000000
2026-03-03 03:15+01:00,0.000000
2026-03-03 03:30+01:00,0.000000
2026-03-03 03:45+01:00,0.000000
2026-03-03 04:00+01:00,2.664157
2026-03-03 04:15+01:00,2.309057
2026-03-03 04:30+01:00,2.470161
2026-03-03 04:45+01:00,2.614583
2026-03-03 05:00+01:00,2.358183
2026-03-03 05:15+01:00,2.515882
2026-03-03 05:30+01:00,2.484908
2026-03-03 05:45+01:00,2.732538
2026-03-03 06:00+01:00,2.525820
2026-03-03 06:15+01:00,2.480712
2026-03-03 06:30+01:00,2.613150
2026-03-03 06:45+01:00,2.389182
2026-03-03 07:00+01:00,2.633310
2026-03-03 07:15+01:00,2.399257
2026-03-03 07:30+01:00,2.433221
2026-03-03 07:45+01:00,2.374976
2026-03-03 08:00+01:00,0.000000
2026-03-03 08:15+01:00,0.000000
2026-03-03 08:30+01:00,0.000000
2026-03-03 08:45+01:00,0.000000
2026-03-03 09:00+01:00,0.000000
2026-03-03 09:15+01:00,0.000000
2026-03-03 09:30+01:00,0.000000
2026-03-03 09:45+01:00,0.000000
2026-03-03 10:00+01:00,0.000000
2026-03-03 10:15+01:00,0.000000
2026-03-03 10:30+01:00,0.000000
2026-03-03 10:45+01:00,0.000000
2026-03-03 11:00+01:00,0.000000
2026-03-03 11:15+01:00,0.000000
2026-03-03 11:30+01:00,0.000000
2026-03-03 11:45+01:00,0.000000
2026-03-03 12:00+01:00,
2026-03-03 12:15+01:00,0.000000
2026-03-03 12:30+01:00,0.000000
2026-03-03 12:45+01:00,0.000000
2026-03-03 13:00+01:00,0.000000
2026-03-03 13:15+01:00,0.000000
2026-03-03 13:30+01:00,0.000000
2026-03-03 13:45+01:00,2.344484
2026-03-03 14:00+01:00,2.450318
2026-03-03 14:15+01:00,2.347536
2026-03-03 14:30+01:00,2.508620
2026-03-03 14:45+01:00,2.321303
2026-03-03 15:00+01:00,2.362712
2026-03-03 15:15+01:00,2.741717
2026-03-03 15:30+01:00,2.263347
2026-03-03 15:45+01:00,2.109510
2026-03-03 16:00+01:00,2.506585
2026-03-03 16:15+01:00,2.587270
2026-03-03 16:30+01:00,2.310234
2026-03-03 16:45+01:00,2.451411
2026-03-03 17:00+01:00,2.600394
2026-03-03 17:15+01:00,2.493192
2026-03-03 17:30+01:00,0.000000
2026-03-03 17:45+01:00,0.000000
2026-03-03 18:00+01:00,0.000000
2026-03-03 18:15+01:00,0.000000
2026-03-03 18:30+01:00,0.000000
2026-03-03 18:45+01:00,0.000000
2026-03-03 19:00+01:00,0.000000
2026-03-03 19:15+01:00,0.000000
2026-03-03 19:30+01:00,0.000000
2026-03-03 19:45+01:00,0.000000
2026-03-03 20:00+01:00,0.000000
2026-03-03 20:15+01:00,0.000000
2026-03-03 20:30+01:00,0.000000
2026-03-03 20:45+01:00,0.000000
2026-03-03 21:00+01:00,0.000000
2026-03-03 21:15+01:00,0.000000
2026-03-03 21:30+01:00,0.000000
2026-03-03 21:45+01:00,0.000000
2026-03-03 22:00+01:00,0.000000
2026-03-03 22:15+01:00,0.000000
2026-03-03 22:30+01:00,0.000000
2026-03-03 22:45+01:00,0.000000
2026-03-03 23:00+01:00,0.000000
2026-03-03 23:15+01:00,0.000000
2026-03-03 23:30+01:00,0.000000
2026-03-03 23:45+01:00,0.000000
2026-03-04 00:00+01:00,0.000000
2026-03-04 00:15+01:00,0.000000
2026-03-04 00:30+01:00,0.000000
2026-03-04 00:45+01:00,0.000000
2026-03-04 01:00+01:00,0.000000
2026-03-04 01:15+01:00,0.000000
2026-03-04 01:30+01:00,0.000000
2026-03-04 01:45+01:00,0.000000
2026-03-04 02:00+01:00,0.000000
2026-03-04 02:15+01:00,0.000000
2026-03-04 02:30+01:00,0.000000
2026-03-04 02:45+01:00,0.000000
2026-03-04 03:00+01:00,0.000000
2026-03-04 03:15+01:00,0.000000
2026-03-04 03:30+01:00,0.000000
2026-03-04 03:45+01:00,0.000000
2026-03-04 04:00+01:00,0.000000
2026-03-04 04:15+01:00,2.698323
2026-03-04 04:30+01:00,2.311101
2026-03-04 04:45+01:00,2.274281
2026-03-04 05:00+01:00,2.454905
2026-03-04 05:15+01:00,2.389136
2026-03-04 05:30+01:00,2.343555
2026-03-04 05:45+01:00,2.549553
2026-03-04 06:00+01:00,2.211203
2026-03-04 06:15+01:00,2.388296
2026-03-04 06:30+01:00,2.375236
2026-03-04 06:45+01:00,2.275193
2026-03-04 07:00+01:00,2.602990
2026-03-04 07:15+01:00,2.438348
2026-03-04 07:30+01:00,2.437963
2026-03-04 07:45+01:00,2.392727
2026-03-04 08:00+01:00,0.000000
2026-03-04 08:15+01:00,0.000000
2026-03-04 08:30+01:00,0.000000
2026-03-04 08:45+01:00,0.000000
2026-03-04 09:00+01:00,
2026-03-04 09:15+01:00,0.000000
2026-03-04 09:30+01:00,0.000000
2026-03-04 09:45+01:00,0.000000
2026-03-04 10:00+01:00,0.000000
2026-03-04 10:15+01:00,0.000000
2026-03-04 10:30+01:00,0.000000
2026-03-04 10:45+01:00,0.000000
2026-03-04 11:00+01:00,0.000000
2026-03-04 11:15+01:00,0.000000
2026-03-04 11:30+01:00,0.000000
2026-03-04 11:45+01:00,0.000000
2026-03-04 12:00+01:00,0.000000
2026-03-04 12:15+01:00,0.000000
2026-03-04 12:30+01:00,0.000000
2026-03-04 12:45+01:00,2.448138
2026-03-04 13:00+01:00,2.291194
2026-03-04 13:15+01:00,2.356470
2026-03-04 13:30+01:00,2.550004
2026-03-04 13:45+01:00,2.423225
2026-03-04 14:00+01:00,2.430639
2026-03-04 14:15+01:00,2.400785
2026-03-04 14:30+01:00,2.310275
2026-03-04 14:45+01:00,2.709509
2026-03-04 15:00+01:00,2.773107
2026-03-04 15:15+01:00,2.520593
2026-03-04 15:30+01:00,2.249709
2026-03-04 15:45+01:00,2.249815
2026-03-04 16:00+01:00,2.419601
2026-03-04 16:15+01:00,2.576284
2026-03-04 16:30+01:00,2.303516
2026-03-04 16:45+01:00,0.000000
2026-03-04 17:00+01:00,0.000000
2026-03-04 17:15+01:00,0.000000
2026-03-04 17:30+01:00,0.000000
2026-03-04 17:45+01:00,0.000000
2026-03-04 18:00+01:00,0.000000
2026-03-04 18:15+01:00,0.000000
2026-03-04 18:30+01:00,0.000000
2026-03-04 18:45+01:00,0.000000
2026-03-04 19:00+01:00,0.000000
2026-03-04 19:15+01:00,0.000000
2026-03-04 19:30+01:00,0.000000
2026-03-04 19:45+01:00,0.000000
2026-03-04 20:00+01:00,0.000000
2026-03-04 20:15+01:00,0.000000
2026-03-04 20:30+01:00,0.000000
2026-03-04 20:45+01:00,0.000000
2026-03-04 21:00+01:00,0.000000
2026-03-04 21:15+01:00,0.000000
2026-03-04 21:30+01:00,0.000000
2026-03-04 21:45+01:00,0.000000
2026-03-04 22:00+01:00,0.000000
2026-03-04 22:15+01:00,0.000000
2026-03-04 22:30+01:00,0.000000
2026-03-04 22:45+01:00,0.000000
2026-03-04 23:00+01:00,0.000000
2026-03-04 23:15+01:00,0.000000
2026-03-04 23:30+01:00,0.000000
2026-03-04 23:45+01:00,0.000000
2026-03-05 00:00+01:00,0.000000
2026-03-05 00:15+01:00,0.000000
2026-03-05 00:30+01:00,0.000000
2026-03-05 00:45+01:00,0.000000
2026-03-05 01:00+01:00,0.000000
2026-03-05 01:15+01:00,0.000000
2026-03-05 01:30+01:00,0.000000
2026-03-05 01:45+01:00,0.000000
2026-03-05 02:00+01:00,0.000000
2026-03-05 02:15+01:00,0.000000
2026-03-05 02:30+01:00,0.000000
2026-03-05 02:45+01:00,0.000000
2026-03-05 03:00+01:00,0.000000
2026-03-05 03:15+01:00,0.000000
2026-03-05 03:30+01:00,0.000000
2026-03-05 03:45+01:00,0.000000
2026-03-05 04:00+01:00,0.000000
2026-03-05 04:15+01:00,0.000000
2026-03-05 04:30+01:00,0.000000
2026-03-05 04:45+01:00,0.000000
2026-03-05 05:00+01:00,0.000000
2026-03-05 05:15+01:00,0.000000
2026-03-05 05:30+01:00,0.000000
2026-03-05 05:45+01:00,0.000000
2026-03-05 06:00+01:00,0.000000
2026-03-05 06:15+01:00,0.000000
2026-03-05 06:30+01:00,0.000000
2026-03-05 06:45+01:00,0.000000
2026-03-05 07:00+01:00,0.000000
2026-03-05 07:15+01:00,0.000000
2026-03-05 07:30+01:00,0.000000
2026-03-05 07:45+01:00,0.000000
2026-03-05 08:00+01:00,0.000000
2026-03-05 08:15+01:00,0.000000
2026-03-05 08:30+01:00,0.000000
2026-03-05 08:45+01:00,0.000000
2026-03-05 09:00+01:00,0.000000
2026-03-05 09:15+01:00,0.000000
2026-03-05 09:30+01:00,0.000000
2026-03-05 09:45+01:00,0.000000
2026-03-05 10:00+01:00,0.000000
2026-03-05 10:15+01:00,0.000000
2026-03-05 10:30+01:00,0.000000
2026-03-05 10:45+01:00,2.536085
2026-03-05 11:00+01:00,2.513123
2026-03-05 11:15+01:00,2.523811
2026-03-05 11:30+01:00,2.656525
2026-03-05 11:45+01:00,2.528182
2026-03-05 12:00+01:00,2.303809
2026-03-05 12:15+01:00,2.464365
2026-03-05 12:30+01:00,2.479646
2026-03-05 12:45+01:00,2.569063
2026-03-05 13:00+01:00,2.504626
2026-03-05 13:15+01:00,2.293919
2026-03-05 13:30+01:00,2.526096
2026-03-05 13:45+01:00,2.564679
2026-03-05 14:00+01:00,2.313098
2026-03-05 14:15+01:00,1.993856
2026-03-05 14:30+01:00,2.512953
2026-03-05 14:45+01:00,0.000000
2026-03-05 15:00+01:00,2.451401
2026-03-05 15:15+01:00,2.271502
2026-03-05 15:30+01:00,2.700896
2026-03-05 15:45+01:00,2.333858
2026-03-05 16:00+01:00,2.394688
2026-03-05 16:15+01:00,2.446711
2026-03-05 16:30+01:00,2.406194
2026-03-05 16:45+01:00,2.532149
2026-03-05 17:00+01:00,2.186138
2026-03-05 17:15+01:00,2.522407
2026-03-05 17:30+01:00,2.354572
2026-03-05 17:45+01:00,2.462951
2026-03-05 18:00+01:00,2.547970
2026-03-05 18:15+01:00,2.601724
2026-03-05 18:30+01:00,2.457106
2026-03-05 18:45+01:00,0.000000
2026-03-05 19:00+01:00,0.000000
2026-03-05 19:15+01:00,0.000000
2026-03-05 19:30+01:00,0.000000
2026-03-05 19:45+01:00,0.000000
2026-03-05 20:00+01:00,0.000000
2026-03-05 20:15+01:00,0.000000
2026-03-05 20:30+01:00,0.000000
2026-03-05 20:45+01:00,0.000000
2026-03-05 21:00+01:00,0.000000
2026-03-05 21:15+01:00,0.000000
2026-03-05 21:30+01:00,0.000000
2026-03-05 21:45+01:00,0.000000
2026-03-05 22:00+01:00,0.000000
2026-03-05 22:15+01:00,0.000000
2026-03-05 22:30+01:00,0.000000
2026-03-05 22:45+01:00,0.000000
2026-03-05 23:00+01:00,0.000000
2026-03-05 23:15+01:00,0.000000
2026-03-05 23:30+01:00,0.000000
2026-03-05 23:45+01:00,0.000000
2026-03-06 00:00+01:00,0.000000
2026-03-06 00:15+01:00,0.000000
2026-03-06 00:30+01:00,0.000000
2026-03-06 00:45+01:00,0.000000
2026-03-06 01:00+01:00,0.000000
2026-03-06 01:15+01:00,0.000000
2026-03-06 01:30+01:00,0.000000
2026-03-06 01:45+01:00,0.000000
2026-03-06 02:00+01:00,0.000000
2026-03-06 02:15+01:00,0.000000
2026-03-06 02:30+01:00,0.000000
2026-03-06 02:45+01:00,2.522299
2026-03-06 03:00+01:00,2.337835
2026-03-06 03:15+01:00,2.528217
2026-03-06 03:30+01:00,2.502146
2026-03-06 03:45+01:00,2.331874
2026-03-06 04:00+01:00,2.394991
2026-03-06 04:15+01:00,2.578990
2026-03-06 04:30+01:00,2.614911
2026-03-06 04:45+01:00,2.360917
2026-03-06 05:00+01:00,2.697306
2026-03-06 05:15+01:00,0.000000
2026-03-06 05:30+01:00,0.000000
2026-03-06 05:45+01:00,0.000000
2026-03-06 06:00+01:00,0.000000
2026-03-06 06:15+01:00,0.000000
2026-03-06 06:30+01:00,0.000000
2026-03-06 06:45+01:00,
2026-03-06 07:00+01:00,0.000000
2026-03-06 07:15+01:00,0.000000
2026-03-06 07:30+01:00,0.000000
2026-03-06 07:45+01:00,0.000000
2026-03-06 08:00+01:00,0.000000
2026-03-06 08:15+01:00,0.000000
2026-03-06 08:30+01:00,0.000000
2026-03-06 08:45+01:00,0.000000
2026-03-06 09:00+01:00,0.000000
2026-03-06 09:15+01:00,0.000000
2026-03-06 09:30+01:00,0.000000
2026-03-06 09:45+01:00,0.000000
2026-03-06 10:00+01:00,0.000000
2026-03-06 10:15+01:00,0.000000
2026-03-06 10:30+01:00,0.000000
2026-03-06 10:45+01:00,0.000000
2026-03-06 11:00+01:00,0.000000
2026-03-06 11:15+01:00,0.000000
2026-03-06 11:30+01:00,0.000000
2026-03-06 11:45+01:00,0.000000
2026-03-06 12:00+01:00,0.000000
2026-03-06 12:15+01:00,0.000000
2026-03-06 12:30+01:00,0.000000
2026-03-06 12:45+01:00,0.000000
2026-03-06 13:00+01:00,0.000000
2026-03-06 13:15+01:00,0.000000
2026-03-06 13:30+01:00,0.000000
2026-03-06 13:45+01:00,0.000000
2026-03-06 14:00+01:00,0.000000
2026-03-06 14:15+01:00,0.000000
2026-03-06 14:30+01:00,0.000000
2026-03-06 14:45+01:00,0.000000
2026-03-06 15:00+01:00,0.000000
2026-03-06 15:15+01:00,0.000000
2026-03-06 15:30+01:00,0.000000
2026-03-06 15:45+01:00,2.523777
2026-03-06 16:00+01:00,2.557262
2026-03-06 16:15+01:00,2.757672
2026-03-06 16:30+01:00,2.343789
2026-03-06 16:45+01:00,2.343006
2026-03-06 17:00+01:00,2.445714
2026-03-06 17:15+01:00,2.456540
2026-03-06 17:30+01:00,2.686761
2026-03-06 17:45+01:00,2.400683
2026-03-06 18:00+01:00,2.419961
2026-03-06 18:15+01:00,2.431507
2026-03-06 18:30+01:00,0.000000
2026-03-06 18:45+01:00,0.000000
2026-03-06 19:00+01:00,0.000000
2026-03-06 19:15+01:00,0.000000
2026-03-06 19:30+01:00,0.000000
2026-03-06 19:45+01:00,0.000000
2026-03-06 20:00+01:00,0.000000
2026-03-06 20:15+01:00,0.000000
2026-03-06 20:30+01:00,0.000000
2026-03-06 20:45+01:00,2.214657
2026-03-06 21:00+01:00,2.488038
2026-03-06 21:15+01:00,2.438277
2026-03-06 21:30+01:00,2.396669
2026-03-06 21:45+01:00,2.265646
2026-03-06 22:00+01:00,2.540861
2026-03-06 22:15+01:00,2.631489
2026-03-06 22:30+01:00,2.348695
2026-03-06 22:45+01:00,2.645811
2026-03-06 23:00+01:00,2.609300
2026-03-06 23:15+01:00,0.000000
2026-03-06 23:30+01:00,0.000000
2026-03-06 23:45+01:00,0.000000
2026-03-07 00:00+01:00,0.000000
2026-03-07 00:15+01:00,0.000000
2026-03-07 00:30+01:00,0.000000
2026-03-07 00:45+01:00,
2026-03-07 01:00+01:00,0.000000
2026-03-07 01:15+01:00,2.392730
2026-03-07 01:30+01:00,2.457445
2026-03-07 01:45+01:00,2.594951
2026-03-07 02:00+01:00,2.302554
2026-03-07 02:15+01:00,2.493522
2026-03-07 02:30+01:00,2.494232
2026-03-07 02:45+01:00,2.165718
2026-03-07 03:00+01:00,2.320226
2026-03-07 03:15+01:00,2.463713
2026-03-07 03:30+01:00,2.416116
2026-03-07 03:45+01:00,2.446167
2026-03-07 04:00+01:00,2.608659
2026-03-07 04:15+01:00,2.536596
2026-03-07 04:30+01:00,2.319591
2026-03-07 04:45+01:00,2.144133
2026-03-07 05:00+01:00,0.000000
2026-03-07 05:15+01:00,0.000000
2026-03-07 05:30+01:00,0.000000
2026-03-07 05:45+01:00,0.000000
2026-03-07 06:00+01:00,0.000000
2026-03-07 06:15+01:00,0.000000
2026-03-07 06:30+01:00,0.000000
2026-03-07 06:45+01:00,0.000000
2026-03-07 07:00+01:00,0.000000
2026-03-07 07:15+01:00,0.000000
2026-03-07 07:30+01:00,0.000000
2026-03-07 07:45+01:00,0.000000
2026-03-07 08:00+01:00,0.000000
2026-03-07 08:15+01:00,0.000000
2026-03-07 08:30+01:00,0.000000
2026-03-07 08:45+01:00,0.000000
2026-03-07 09:00+01:00,0.000000
2026-03-07 09:15+01:00,0.000000
2026-03-07 09:30+01:00,0.000000
2026-03-07 09:45+01:00,0.000000
2026-03-07 10:00+01:00,0.000000
2026-03-07 10:15+01:00,0.000000
2026-03-07 10:30+01:00,0.000000
2026-03-07 10:45+01:00,0.000000
2026-03-07 11:00+01:00,0.000000
2026-03-07 11:15+01:00,0.000000
2026-03-07 11:30+01:00,0.000000
2026-03-07 11:45+01:00,0.000000
2026-03-07 12:00+01:00,0.000000
2026-03-07 12:15+01:00,0.000000
2026-03-07 12:30+01:00,0.000000
2026-03-07 12:45+01:00,0.000000
2026-03-07 13:00+01:00,0.000000
2026-03-07 13:15+01:00,2.313900
2026-03-07 13:30+01:00,2.629884
2026-03-07 13:45+01:00,2.253618
2026-03-07 14:00+01:00,2.429682
2026-03-07 14:15+01:00,2.359127
2026-03-07 14:30+01:00,2.388614
2026-03-07 14:45+01:00,2.402168
2026-03-07 15:00+01:00,2.430818
2026-03-07 15:15+01:00,2.548034
2026-03-07 15:30+01:00,2.648011
2026-03-07 15:45+01:00,2.407625
2026-03-07 16:00+01:00,2.702717
2026-03-07 16:15+01:00,2.551614
2026-03-07 16:30+01:00,2.394271
2026-03-07 16:45+01:00,2.249697
2026-03-07 17:00+01:00,2.711924
2026-03-07 17:15+01:00,0.000000
2026-03-07 17:30+01:00,0.000000
2026-03-07 17:45+01:00,0.000000
2026-03-07 18:00+01:00,0.000000
2026-03-07 18:15+01:00,0.000000
2026-03-07 18:30+01:00,
2026-03-07 18:45+01:00,0.000000
2026-03-07 19:00+01:00,0.000000
2026-03-07 19:15+01:00,0.000000
2026-03-07 19:30+01:00,0.000000
2026-03-07 19:45+01:00,0.000000
2026-03-07 20:00+01:00,0.000000
2026-03-07 20:15+01:00,0.000000
2026-03-07 20:30+01:00,0.000000
2026-03-07 20:45+01:00,0.000000
2026-03-07 21:00+01:00,0.000000
2026-03-07 21:15+01:00,0.000000
2026-03-07 21:30+01:00,0.000000
2026-03-07 21:45+01:00,0.000000
2026-03-07 22:00+01:00,0.000000
2026-03-07 22:15+01:00,0.000000
2026-03-07 22:30+01:00,0.000000
2026-03-07 22:45+01:00,0.000000
2026-03-07 23:00+01:00,0.000000
2026-03-07 23:15+01:00,0.000000
2026-03-07 23:30+01:00,0.000000
2026-03-07 23:45+01:00,0.000000
2026-03-08 00:00+01:00,0.000000
2026-03-08 00:15+01:00,0.000000
2026-03-08 00:30+01:00,0.000000
2026-03-08 00:45+01:00,0.000000
2026-03-08 01:00+01:00,0.000000
2026-03-08 01:15+01:00,0.000000
2026-03-08 01:30+01:00,0.000000
2026-03-08 01:45+01:00,0.000000
2026-03-08 02:00+01:00,0.000000
2026-03-08 02:15+01:00,0.000000
2026-03-08 02:30+01:00,0.000000
2026-03-08 02:45+01:00,0.000000
2026-03-08 03:00+01:00,0.000000
2026-03-08 03:15+01:00,0.000000
2026-03-08 03:30+01:00,0.000000
2026-03-08 03:45+01:00,0.000000
2026-03-08 04:00+01:00,0.000000
2026-03-08 04:15+01:00,0.000000
2026-03-08 04:30+01:00,0.000000
2026-03-08 04:45+01:00,0.000000
2026-03-08 05:00+01:00,0.000000
2026-03-08 05:15+01:00,0.000000
2026-03-08 05:30+01:00,0.000000
2026-03-08 05:45+01:00,0.000000
2026-03-08 06:00+01:00,0.000000
2026-03-08 06:15+01:00,0.000000
2026-03-08 06:30+01:00,0.000000
2026-03-08 06:45+01:00,0.000000
2026-03-08 07:00+01:00,0.000000
2026-03-08 07:15+01:00,0.000000
2026-03-08 07:30+01:00,0.000000
2026-03-08 07:45+01:00,0.000000
2026-03-08 08:00+01:00,0.000000
2026-03-08 08:15+01:00,0.000000
2026-03-08 08:30+01:00,0.000000
2026-03-08 08:45+01:00,0.000000
2026-03-08 09:00+01:00,0.000000
2026-03-08 09:15+01:00,0.000000
2026-03-08 09:30+01:00,0.000000
2026-03-08 09:45+01:00,0.000000
2026-03-08 10:00+01:00,0.000000
2026-03-08 10:15+01:00,2.350782
2026-03-08 10:30+01:00,2.531735
2026-03-08 10:45+01:00,2.516997
2026-03-08 11:00+01:00,2.470745
2026-03-08 11:15+01:00,2.709968
2026-03-08 11:30+01:00,2.439716
2026-03-08 11:45+01:00,2.336990
2026-03-08 12:00+01:00,2.313540
2026-03-08 12:15+01:00,2.557019
2026-03-08 12:30+01:00,2.516433
2026-03-08 12:45+01:00,2.628162
2026-03-08 13:00+01:00,2.524420
2026-03-08 13:15+01:00,2.551989
2026-03-08 13:30+01:00,2.529577
2026-03-08 13:45+01:00,2.785849
2026-03-08 14:00+01:00,2.346934
2026-03-08 14:15+01:00,0.000000
2026-03-08 14:30+01:00,0.000000
2026-03-08 14:45+01:00,0.000000
2026-03-08 15:00+01:00,0.000000
2026-03-08 15:15+01:00,0.000000
2026-03-08 15:30+01:00,0.000000
2026-03-08 15:45+01:00,0.000000
2026-03-08 16:00+01:00,2.535634
2026-03-08 16:15+01:00,2.526926
2026-03-08 16:30+01:00,2.505771
2026-03-08 16:45+01:00,2.372749
2026-03-08 17:00+01:00,2.592734
2026-03-08 17:15+01:00,2.595498
2026-03-08 17:30+01:00,2.484668
2026-03-08 17:45+01:00,2.445760
2026-03-08 18:00+01:00,2.500191
2026-03-08 18:15+01:00,2.353056
2026-03-08 18:30+01:00,2.332587
2026-03-08 18:45+01:00,2.428744
2026-03-08 19:00+01:00,2.157865
2026-03-08 19:15+01:00,2.299327
2026-03-08 19:30+01:00,2.298527
2026-03-08 19:45+01:00,0.000000
2026-03-08 20:00+01:00,0.000000
2026-03-08 20:15+01:00,0.000000
2026-03-08 20:30+01:00,0.000000
2026-03-08 20:45+01:00,0.000000
2026-03-08 21:00+01:00,0.000000
2026-03-08 21:15+01:00,0.000000
2026-03-08 21:30+01:00,0.000000
2026-03-08 21:45+01:00,0.000000
2026-03-08 22:00+01:00,0.000000
2026-03-08 22:15+01:00,0.000000
2026-03-08 22:30+01:00,0.000000
2026-03-08 22:45+01:00,0.000000
2026-03-08 23:00+01:00,0.000000
2026-03-08 23:15+01:00,0.000000
2026-03-08 23:30+01:00,0.000000
2026-03-08 23:45+01:00,0.000000
2026-03-09 00:00+01:00,0.000000
2026-03-09 00:15+01:00,0.000000
2026-03-09 00:30+01:00,0.000000
2026-03-09 00:45+01:00,0.000000
2026-03-09 01:00+01:00,0.000000
2026-03-09 01:15+01:00,0.000000
2026-03-09 01:30+01:00,0.000000
2026-03-09 01:45+01:00,0.000000
2026-03-09 02:00+01:00,0.000000
2026-03-09 02:15+01:00,0.000000
2026-03-09 02:30+01:00,0.000000
2026-03-09 02:45+01:00,0.000000
2026-03-09 03:00+01:00,0.000000
2026-03-09 03:15+01:00,0.000000
2026-03-09 03:30+01:00,2.440180
2026-03-09 03:45+01:00,2.379625
2026-03-09 04:00+01:00,2.459909
2026-03-09 04:15+01:00,2.330556
2026-03-09 04:30+01:00,2.325336
2026-03-09 04:45+01:00,2.381099
2026-03-09 05:00+01:00,2.675285
2026-03-09 05:15+01:00,2.397782
2026-03-09 05:30+01:00,2.329967
2026-03-09 05:45+01:00,2.503423
2026-03-09 06:00+01:00,2.336315
2026-03-09 06:15+01:00,0.000000
2026-03-09 06:30+01:00,0.000000
2026-03-09 06:45+01:00,0.000000
2026-03-09 07:00+01:00,0.000000
2026-03-09 07:15+01:00,0.000000
2026-03-09 07:30+01:00,0.000000
2026-03-09 07:45+01:00,0.000000
2026-03-09 08:00+01:00,0.000000
2026-03-09 08:15+01:00,0.000000
2026-03-09 08:30+01:00,2.545531
2026-03-09 08:45+01:00,2.404910
2026-03-09 09:00+01:00,2.231786
2026-03-09 09:15+01:00,2.327491
2026-03-09 09:30+01:00,2.397131
2026-03-09 09:45+01:00,2.558906
2026-03-09 10:00+01:00,2.610902
2026-03-09 10:15+01:00,2.341813
2026-03-09 10:30+01:00,2.363875
2026-03-09 10:45+01:00,2.532815
2026-03-09 11:00+01:00,0.000000
2026-03-09 11:15+01:00,0.000000
2026-03-09 11:30+01:00,0.000000
2026-03-09 11:45+01:00,0.000000
2026-03-09 12:00+01:00,0.000000
2026-03-09 12:15+01:00,0.000000
2026-03-09 12:30+01:00,0.000000
2026-03-09 12:45+01:00,0.000000
2026-03-09 13:00+01:00,0.000000
2026-03-09 13:15+01:00,0.000000
2026-03-09 13:30+01:00,0.000000
2026-03-09 13:45+01:00,0.000000
2026-03-09 14:00+01:00,0.000000
2026-03-09 14:15+01:00,0.000000
2026-03-09 14:30+01:00,0.000000
2026-03-09 14:45+01:00,0.000000
2026-03-09 15:00+01:00,0.000000
2026-03-09 15:15+01:00,0.000000
2026-03-09 15:30+01:00,0.000000
2026-03-09 15:45+01:00,0.000000
2026-03-09 16:00+01:00,0.000000
2026-03-09 16:15+01:00,2.528180
2026-03-09 16:30+01:00,2.492639
2026-03-09 16:45+01:00,2.568218
2026-03-09 17:00+01:00,2.490867
2026-03-09 17:15+01:00,2.421463
2026-03-09 17:30+01:00,2.469336
2026-03-09 17:45+01:00,2.652159
2026-03-09 18:00+01:00,2.317018
2026-03-09 18:15+01:00,2.562548
2026-03-09 18:30+01:00,2.292781
2026-03-09 18:45+01:00,0.000000
2026-03-09 19:00+01:00,0.000000
2026-03-09 19:15+01:00,0.000000
2026-03-09 19:30+01:00,0.000000
2026-03-09 19:45+01:00,0.000000
2026-03-09 20:00+01:00,0.000000
2026-03-09 20:15+01:00,0.000000
2026-03-09 20:30+01:00,0.000000
2026-03-09 20:45+01:00,0.000000
2026-03-09 21:00+01:00,0.000000
2026-03-09 21:15+01:00,0.000000
2026-03-09 21:30+01:00,0.000000
2026-03-09 21:45+01:00,0.000000
2026-03-09 22:00+01:00,0.000000
2026-03-09 22:15+01:00,0.000000
2026-03-09 22:30+01:00,0.000000
2026-03-09 22:45+01:00,0.000000
2026-03-09 23:00+01:00,0.000000
2026-03-09 23:15+01:00,0.000000
2026-03-09 23:30+01:00,0.000000
2026-03-09 23:45+01:00,0.000000
2026-03-10 00:00+01:00,0.000000
2026-03-10 00:15+01:00,0.000000
2026-03-10 00:30+01:00,0.000000
2026-03-10 00:45+01:00,0.000000
2026-03-10 01:00+01:00,0.000000
2026-03-10 01:15+01:00,0.000000
2026-03-10 01:30+01:00,0.000000
2026-03-10 01:45+01:00,0.000000
2026-03-10 02:00+01:00,0.000000
2026-03-10 02:15+01:00,
2026-03-10 02:30+01:00,0.000000
2026-03-10 02:45+01:00,0.000000
2026-03-10 03:00+01:00,0.000000
2026-03-10 03:15+01:00,0.000000
2026-03-10 03:30+01:00,0.000000
2026-03-10 03:45+01:00,0.000000
2026-03-10 04:00+01:00,0.000000
2026-03-10 04:15+01:00,0.000000
2026-03-10 04:30+01:00,0.000000
2026-03-10 04:45+01:00,0.000000
2026-03-10 05:00+01:00,0.000000
2026-03-10 05:15+01:00,0.000000
2026-03-10 05:30+01:00,0.000000
2026-03-10 05:45+01:00,0.000000
2026-03-10 06:00+01:00,0.000000
2026-03-10 06:15+01:00,0.000000
2026-03-10 06:30+01:00,0.000000
2026-03-10 06:45+01:00,0.000000
2026-03-10 07:00+01:00,0.000000
2026-03-10 07:15+01:00,0.000000
2026-03-10 07:30+01:00,0.000000
2026-03-10 07:45+01:00,0.000000
2026-03-10 08:00+01:00,0.000000
2026-03-10 08:15+01:00,0.000000
2026-03-10 08:30+01:00,0.000000
2026-03-10 08:45+01:00,0.000000
2026-03-10 09:00+01:00,0.000000
2026-03-10 09:15+01:00,0.000000
2026-03-10 09:30+01:00,2.566710
2026-03-10 09:45+01:00,2.495643
2026-03-10 10:00+01:00,2.296653
2026-03-10 10:15+01:00,18.723389
2026-03-10 10:30+01:00,2.300162
2026-03-10 10:45+01:00,2.402845
2026-03-10 11:00+01:00,2.408646
2026-03-10 11:15+01:00,2.633752
2026-03-10 11:30+01:00,2.409374
2026-03-10 11:45+01:00,2.569343
2026-03-10 12:00+01:00,2.683406
2026-03-10 12:15+01:00,0.000000
2026-03-10 12:30+01:00,0.000000
2026-03-10 12:45+01:00,0.000000
2026-03-10 13:00+01:00,0.000000
2026-03-10 13:15+01:00,0.000000
2026-03-10 13:30+01:00,2.348530
2026-03-10 13:45+01:00,2.573125
2026-03-10 14:00+01:00,2.563444
2026-03-10 14:15+01:00,2.449254
2026-03-10 14:30+01:00,2.492771
2026-03-10 14:45+01:00,2.627633
2026-03-10 15:00+01:00,2.701046
2026-03-10 15:15+01:00,2.585081
2026-03-10 15:30+01:00,2.482961
2026-03-10 15:45+01:00,2.361147
2026-03-10 16:00+01:00,0.000000
2026-03-10 16:15+01:00,0.000000
2026-03-10 16:30+01:00,0.000000
2026-03-10 16:45+01:00,0.000000
2026-03-10 17:00+01:00,0.000000
2026-03-10 17:15+01:00,0.000000
2026-03-10 17:30+01:00,0.000000
2026-03-10 17:45+01:00,0.000000
2026-03-10 18:00+01:00,0.000000
2026-03-10 18:15+01:00,0.000000
2026-03-10 18:30+01:00,0.000000
2026-03-10 18:45+01:00,0.000000
2026-03-10 19:00+01:00,0.000000
2026-03-10 19:15+01:00,0.000000
2026-03-10 19:30+01:00,2.296980
2026-03-10 19:45+01:00,2.158488
2026-03-10 20:00+01:00,2.593471
2026-03-10 20:15+01:00,2.374941
2026-03-10 20:30+01:00,2.468297
2026-03-10 20:45+01:00,2.314443
2026-03-10 21:00+01:00,2.359630
2026-03-10 21:15+01:00,2.360869
2026-03-10 21:30+01:00,2.272100
2026-03-10 21:45+01:00,2.356433
2026-03-10 22:00+01:00,0.000000
2026-03-10 22:15+01:00,0.000000
2026-03-10 22:30+01:00,0.000000
2026-03-10 22:45+01:00,0.000000
2026-03-10 23:00+01:00,0.000000
2026-03-10 23:15+01:00,0.000000
2026-03-10 23:30+01:00,0.000000
2026-03-10 23:45+01:00,
2026-03-11 00:00+01:00,0.000000
2026-03-11 00:15+01:00,0.000000
2026-03-11 00:30+01:00,0.000000
2026-03-11 00:45+01:00,0.000000
2026-03-11 01:00+01:00,0.000000
2026-03-11 01:15+01:00,0.000000
2026-03-11 01:30+01:00,0.000000
2026-03-11 01:45+01:00,0.000000
2026-03-11 02:00+01:00,0.000000
2026-03-11 02:15+01:00,0.000000
2026-03-11 02:30+01:00,0.000000
2026-03-11 02:45+01:00,0.000000
2026-03-11 03:00+01:00,0.000000
2026-03-11 03:15+01:00,0.000000
2026-03-11 03:30+01:00,0.000000
2026-03-11 03:45+01:00,0.000000
2026-03-11 04:00+01:00,2.670035
2026-03-11 04:15+01:00,2.313995
2026-03-11 04:30+01:00,2.502333
2026-03-11 04:45+01:00,2.387805
2026-03-11 05:00+01:00,2.591407
2026-03-11 05:15+01:00,2.385644
2026-03-11 05:30+01:00,2.546707
2026-03-11 05:45+01:00,2.226445
2026-03-11 06:00+01:00,2.373967
2026-03-11 06:15+01:00,2.528248
2026-03-11 06:30+01:00,2.491805
2026-03-11 06:45+01:00,2.395351
2026-03-11 07:00+01:00,2.565571
2026-03-11 07:15+01:00,2.616437
2026-03-11 07:30+01:00,2.552687
2026-03-11 07:45+01:00,2.275193
2026-03-11 08:00+01:00,0.000000
2026-03-11 08:15+01:00,0.000000
2026-03-11 08:30+01:00,0.000000
2026-03-11 08:45+01:00,0.000000
2026-03-11 09:00+01:00,0.000000
2026-03-11 09:15+01:00,0.000000
2026-03-11 09:30+01:00,0.000000
2026-03-11 09:45+01:00,0.000000
2026-03-11 10:00+01:00,0.000000
2026-03-11 10:15+01:00,
2026-03-11 10:30+01:00,0.000000
2026-03-11 10:45+01:00,0.000000
2026-03-11 11:00+01:00,0.000000
2026-03-11 11:15+01:00,0.000000
2026-03-11 11:30+01:00,0.000000
2026-03-11 11:45+01:00,0.000000
2026-03-11 12:00+01:00,0.000000
2026-03-11 12:15+01:00,0.000000
2026-03-11 12:30+01:00,0.000000
2026-03-11 12:45+01:00,0.000000
2026-03-11 13:00+01:00,0.000000
2026-03-11 13:15+01:00,0.000000
2026-03-11 13:30+01:00,0.000000
2026-03-11 13:45+01:00,0.000000
2026-03-11 14:00+01:00,0.000000
2026-03-11 14:15+01:00,0.000000
2026-03-11 14:30+01:00,0.000000
2026-03-11 14:45+01:00,0.000000
2026-03-11 15:00+01:00,0.000000
2026-03-11 15:15+01:00,0.000000
2026-03-11 15:30+01:00,0.000000
2026-03-11 15:45+01:00,0.000000
2026-03-11 16:00+01:00,0.000000
2026-03-11 16:15+01:00,0.000000
2026-03-11 16:30+01:00,0.000000
2026-03-11 16:45+01:00,0.000000
2026-03-11 17:00+01:00,0.000000
2026-03-11 17:15+01:00,0.000000
2026-03-11 17:30+01:00,0.000000
2026-03-11 17:45+01:00,0.000000
2026-03-11 18:00+01:00,0.000000
2026-03-11 18:15+01:00,0.000000
2026-03-11 18:30+01:00,0.000000
2026-03-11 18:45+01:00,0.000000
2026-03-11 19:00+01:00,0.000000
2026-03-11 19:15+01:00,0.000000
2026-03-11 19:30+01:00,2.384975
2026-03-11 19:45+01:00,2.640121
2026-03-11 20:00+01:00,2.720926
2026-03-11 20:15+01:00,2.265485
2026-03-11 20:30+01:00,2.247229
2026-03-11 20:45+01:00,2.531683
2026-03-11 21:00+01:00,2.334725
2026-03-11 21:15+01:00,2.314068
2026-03-11 21:30+01:00,2.373166
2026-03-11 21:45+01:00,2.506921
2026-03-11 22:00+01:00,2.613109
2026-03-11 22:15+01:00,2.385264
2026-03-11 22:30+01:00,2.427080
2026-03-11 22:45+01:00,2.562071
2026-03-11 23:00+01:00,2.710627
2026-03-11 23:15+01:00,0.000000
2026-03-11 23:30+01:00,0.000000
2026-03-11 23:45+01:00,0.000000
2026-03-12 00:00+01:00,0.000000
2026-03-12 00:15+01:00,0.000000
2026-03-12 00:30+01:00,0.000000
2026-03-12 00:45+01:00,0.000000
2026-03-12 01:00+01:00,0.000000
2026-03-12 01:15+01:00,0.000000
2026-03-12 01:30+01:00,0.000000
2026-03-12 01:45+01:00,0.000000
2026-03-12 02:00+01:00,0.000000
2026-03-12 02:15+01:00,0.000000
2026-03-12 02:30+01:00,0.000000
2026-03-12 02:45+01:00,0.000000
2026-03-12 03:00+01:00,0.000000
2026-03-12 03:15+01:00,0.000000
2026-03-12 03:30+01:00,0.000000
2026-03-12 03:45+01:00,0.000000
2026-03-12 04:00+01:00,0.000000
2026-03-12 04:15+01:00,0.000000
2026-03-12 04:30+01:00,0.000000
2026-03-12 04:45+01:00,0.000000
2026-03-12 05:00+01:00,0.000000
2026-03-12 05:15+01:00,0.000000
2026-03-12 05:30+01:00,2.555360
2026-03-12 05:45+01:00,2.389281
2026-03-12 06:00+01:00,2.683094
2026-03-12 06:15+01:00,2.705100
2026-03-12 06:30+01:00,2.419726
2026-03-12 06:45+01:00,2.244463
2026-03-12 07:00+01:00,2.331223
2026-03-12 07:15+01:00,2.357387
2026-03-12 07:30+01:00,2.436133
2026-03-12 07:45+01:00,2.451107
2026-03-12 08:00+01:00,2.549105
2026-03-12 08:15+01:00,2.238609
2026-03-12 08:30+01:00,2.184316
2026-03-12 08:45+01:00,2.509944
2026-03-12 09:00+01:00,2.424934
2026-03-12 09:15+01:00,0.000000
2026-03-12 09:30+01:00,0.000000
2026-03-12 09:45+01:00,0.000000
2026-03-12 10:00+01:00,0.000000
2026-03-12 10:15+01:00,2.547099
2026-03-12 10:30+01:00,2.617676
2026-03-12 10:45+01:00,2.468565
2026-03-12 11:00+01:00,2.445826
2026-03-12 11:15+01:00,2.574232
2026-03-12 11:30+01:00,2.403715
2026-03-12 11:45+01:00,2.532676
2026-03-12 12:00+01:00,2.378354
2026-03-12 12:15+01:00,2.451860
2026-03-12 12:30+01:00,2.556772
2026-03-12 12:45+01:00,2.645355
2026-03-12 13:00+01:00,2.527729
2026-03-12 13:15+01:00,2.500186
2026-03-12 13:30+01:00,2.393167
2026-03-12 13:45+01:00,2.477771
2026-03-12 14:00+01:00,2.608246
2026-03-12 14:15+01:00,0.000000
2026-03-12 14:30+01:00,0.000000
2026-03-12 14:45+01:00,0.000000
2026-03-12 15:00+01:00,0.000000
2026-03-12 15:15+01:00,0.000000
2026-03-12 15:30+01:00,0.000000
2026-03-12 15:45+01:00,0.000000
2026-03-12 16:00+01:00,0.000000
2026-03-12 16:15+01:00,0.000000
2026-03-12 16:30+01:00,0.000000
2026-03-12 16:45+01:00,0.000000
2026-03-12 17:00+01:00,0.000000
2026-03-12 17:15+01:00,0.000000
2026-03-12 17:30+01:00,0.000000
2026-03-12 17:45+01:00,0.000000
2026-03-12 18:00+01:00,0.000000
2026-03-12 18:15+01:00,0.000000
2026-03-12 18:30+01:00,0.000000
2026-03-12 18:45+01:00,0.000000
2026-03-12 19:00+01:00,0.000000
2026-03-12 19:15+01:00,0.000000
2026-03-12 19:30+01:00,0.000000
2026-03-12 19:45+01:00,0.000000
2026-03-12 20:00+01:00,0.000000
2026-03-12 20:15+01:00,0.000000
2026-03-12 20:30+01:00,0.000000
2026-03-12 20:45+01:00,0.000000
2026-03-12 21:00+01:00,0.000000
2026-03-12 21:15+01:00,0.000000
2026-03-12 21:30+01:00,0.000000
2026-03-12 21:45+01:00,0.000000
2026-03-12 22:00+01:00,0.000000
2026-03-12 22:15+01:00,0.000000
2026-03-12 22:30+01:00,0.000000
2026-03-12 22:45+01:00,0.000000
2026-03-12 23:00+01:00,0.000000
2026-03-12 23:15+01:00,0.000000
2026-03-12 23:30+01:00,0.000000
2026-03-12 23:45+01:00,0.000000
2026-03-13 00:00+01:00,0.000000
2026-03-13 00:15+01:00,0.000000
2026-03-13 00:30+01:00,0.000000
2026-03-13 00:45+01:00,0.000000
2026-03-13 01:00+01:00,0.000000
2026-03-13 01:15+01:00,0.000000
2026-03-13 01:30+01:00,0.000000
2026-03-13 01:45+01:00,2.511405
2026-03-13 02:00+01:00,2.666553
2026-03-13 02:15+01:00,2.520855
2026-03-13 02:30+01:00,2.536720
2026-03-13 02:45+01:00,2.722361
2026-03-13 03:00+01:00,2.460366
2026-03-13 03:15+01:00,2.522094
2026-03-13 03:30+01:00,2.285847
2026-03-13 03:45+01:00,2.232095
2026-03-13 04:00+01:00,2.387472
2026-03-13 04:15+01:00,2.567624
2026-03-13 04:30+01:00,0.000000
2026-03-13 04:45+01:00,0.000000
2026-03-13 05:00+01:00,0.000000
2026-03-13 05:15+01:00,0.000000
2026-03-13 05:30+01:00,0.000000
2026-03-13 05:45+01:00,0.000000
2026-03-13 06:00+01:00,0.000000
2026-03-13 06:15+01:00,0.000000
2026-03-13 06:30+01:00,0.000000
2026-03-13 06:45+01:00,0.000000
2026-03-13 07:00+01:00,0.000000
2026-03-13 07:15+01:00,0.000000
2026-03-13 07:30+01:00,0.000000
2026-03-13 07:45+01:00,0.000000
2026-03-13 08:00+01:00,0.000000
2026-03-13 08:15+01:00,0.000000
2026-03-13 08:30+01:00,0.000000
2026-03-13 08:45+01:00,0.000000
2026-03-13 09:00+01:00,0.000000
2026-03-13 09:15+01:00,0.000000
2026-03-13 09:30+01:00,0.000000
2026-03-13 09:45+01:00,0.000000
2026-03-13 10:00+01:00,2.283372
2026-03-13 10:15+01:00,2.297577
2026-03-13 10:30+01:00,2.516777
2026-03-13 10:45+01:00,2.407906
2026-03-13 11:00+01:00,2.575250
2026-03-13 11:15+01:00,2.300309
2026-03-13 11:30+01:00,2.709441
2026-03-13 11:45+01:00,2.473395
2026-03-13 12:00+01:00,2.401501
2026-03-13 12:15+01:00,2.376368
2026-03-13 12:30+01:00,0.000000
2026-03-13 12:45+01:00,0.000000
2026-03-13 13:00+01:00,0.000000
2026-03-13 13:15+01:00,0.000000
2026-03-13 13:30+01:00,0.000000
2026-03-13 13:45+01:00,0.000000
2026-03-13 14:00+01:00,0.000000
2026-03-13 14:15+01:00,0.000000
2026-03-13 14:30+01:00,0.000000
2026-03-13 14:45+01:00,
2026-03-13 15:00+01:00,0.000000
2026-03-13 15:15+01:00,0.000000
2026-03-13 15:30+01:00,2.263107
2026-03-13 15:45+01:00,2.430492
2026-03-13 16:00+01:00,2.667341
2026-03-13 16:15+01:00,2.454614
2026-03-13 16:30+01:00,2.553194
2026-03-13 16:45+01:00,2.574617
2026-03-13 17:00+01:00,2.342677
2026-03-13 17:15+01:00,2.295870
2026-03-13 17:30+01:00,2.327975
2026-03-13 17:45+01:00,2.359950
2026-03-13 18:00+01:00,0.000000
2026-03-13 18:15+01:00,0.000000
2026-03-13 18:30+01:00,0.000000
2026-03-13 18:45+01:00,0.000000
2026-03-13 19:00+01:00,0.000000
2026-03-13 19:15+01:00,0.000000
2026-03-13 19:30+01:00,0.000000
2026-03-13 19:45+01:00,0.000000
2026-03-13 20:00+01:00,0.000000
2026-03-13 20:15+01:00,0.000000
2026-03-13 20:30+01:00,0.000000
2026-03-13 20:45+01:00,0.000000
2026-03-13 21:00+01:00,0.000000
2026-03-13 21:15+01:00,0.000000
2026-03-13 21:30+01:00,0.000000
2026-03-13 21:45+01:00,0.000000
2026-03-13 22:00+01:00,0.000000
2026-03-13 22:15+01:00,0.000000
2026-03-13 22:30+01:00,0.000000
2026-03-13 22:45+01:00,0.000000
2026-03-13 23:00+01:00,0.000000
2026-03-13 23:15+01:00,0.000000
2026-03-13 23:30+01:00,0.000000
2026-03-13 23:45+01:00,0.000000
2026-03-14 00:00+01:00,0.000000
2026-03-14 00:15+01:00,0.000000
2026-03-14 00:30+01:00,0.000000
2026-03-14 00:45+01:00,0.000000
2026-03-14 01:00+01:00,0.000000
2026-03-14 01:15+01:00,0.000000
2026-03-14 01:30+01:00,0.000000
2026-03-14 01:45+01:00,0.000000
2026-03-14 02:00+01:00,0.000000
2026-03-14 02:15+01:00,0.000000
2026-03-14 02:30+01:00,0.000000
2026-03-14 02:45+01:00,0.000000
2026-03-14 03:00+01:00,0.000000
2026-03-14 03:15+01:00,0.000000
2026-03-14 03:30+01:00,0.000000
2026-03-14 03:45+01:00,0.000000
2026-03-14 04:00+01:00,0.000000
2026-03-14 04:15+01:00,0.000000
2026-03-14 04:30+01:00,2.604019
2026-03-14 04:45+01:00,2.651161
2026-03-14 05:00+01:00,2.459610
2026-03-14 05:15+01:00,2.459175
2026-03-14 05:30+01:00,2.264746
2026-03-14 05:45+01:00,2.508448
2026-03-14 06:00+01:00,2.454420
2026-03-14 06:15+01:00,2.355154
2026-03-14 06:30+01:00,2.440719
2026-03-14 06:45+01:00,2.492118
2026-03-14 07:00+01:00,2.527728
2026-03-14 07:15+01:00,2.352337
2026-03-14 07:30+01:00,2.308300
2026-03-14 07:45+01:00,2.602610
2026-03-14 08:00+01:00,2.722152
2026-03-14 08:15+01:00,2.385296
2026-03-14 08:30+01:00,2.552843
2026-03-14 08:45+01:00,2.541278
2026-03-14 09:00+01:00,2.427688
2026-03-14 09:15+01:00,2.163631
2026-03-14 09:30+01:00,2.471762
2026-03-14 09:45+01:00,2.450803
2026-03-14 10:00+01:00,2.292867
2026-03-14 10:15+01:00,2.341206
2026-03-14 10:30+01:00,2.430449
2026-03-14 10:45+01:00,2.270149
2026-03-14 11:00+01:00,2.344807
2026-03-14 11:15+01:00,2.354396
2026-03-14 11:30+01:00,2.642592
2026-03-14 11:45+01:00,2.607564
2026-03-14 12:00+01:00,2.503383
2026-03-14 12:15+01:00,0.000000
2026-03-14 12:30+01:00,0.000000
2026-03-14 12:45+01:00,0.000000
2026-03-14 13:00+01:00,0.000000
2026-03-14 13:15+01:00,0.000000
2026-03-14 13:30+01:00,0.000000
2026-03-14 13:45+01:00,0.000000
2026-03-14 14:00+01:00,0.000000
2026-03-14 14:15+01:00,0.000000
2026-03-14 14:30+01:00,0.000000
2026-03-14 14:45+01:00,0.000000
2026-03-14 15:00+01:00,0.000000
2026-03-14 15:15+01:00,0.000000
2026-03-14 15:30+01:00,0.000000
2026-03-14 15:45+01:00,0.000000
2026-03-14 16:00+01:00,0.000000
2026-03-14 16:15+01:00,0.000000
2026-03-14 16:30+01:00,0.000000
2026-03-14 16:45+01:00,0.000000
2026-03-14 17:00+01:00,0.000000
2026-03-14 17:15+01:00,0.000000
2026-03-14 17:30+01:00,0.000000
2026-03-14 17:45+01:00,0.000000
2026-03-14 18:00+01:00,0.000000
2026-03-14 18:15+01:00,0.000000
2026-03-14 18:30+01:00,0.000000
2026-03-14 18:45+01:00,0.000000
2026-03-14 19:00+01:00,0.000000
2026-03-14 19:15+01:00,0.000000
2026-03-14 19:30+01:00,0.000000
2026-03-14 19:45+01:00,0.000000
2026-03-14 20:00+01:00,0.000000
2026-03-14 20:15+01:00,0.000000
2026-03-14 20:30+01:00,0.000000
2026-03-14 20:45+01:00,0.000000
2026-03-14 21:00+01:00,0.000000
2026-03-14 21:15+01:00,0.000000
2026-03-14 21:30+01:00,0.000000
2026-03-14 21:45+01:00,0.000000
2026-03-14 22:00+01:00,0.000000
2026-03-14 22:15+01:00,0.000000
2026-03-14 22:30+01:00,0.000000
2026-03-14 22:45+01:00,0.000000
2026-03-14 23:00+01:00,0.000000
2026-03-14 23:15+01:00,0.000000
2026-03-14 23:30+01:00,0.000000
2026-03-14 23:45+01:00,0.000000
2026-03-15 00:00+01:00,0.000000
2026-03-15 00:15+01:00,0.000000
2026-03-15 00:30+01:00,0.000000
2026-03-15 00:45+01:00,0.000000
2026-03-15 01:00+01:00,0.000000
2026-03-15 01:15+01:00,0.000000
2026-03-15 01:30+01:00,0.000000
2026-03-15 01:45+01:00,0.000000
2026-03-15 02:00+01:00,0.000000
2026-03-15 02:15+01:00,0.000000
2026-03-15 02:30+01:00,0.000000
2026-03-15 02:45+01:00,0.000000
2026-03-15 03:00+01:00,2.248613
2026-03-15 03:15+01:00,2.232519
2026-03-15 03:30+01:00,2.416507
2026-03-15 03:45+01:00,2.303317
2026-03-15 04:00+01:00,2.652553
2026-03-15 04:15+01:00,2.674950
2026-03-15 04:30+01:00,2.558051
2026-03-15 04:45+01:00,2.693640
2026-03-15 05:00+01:00,2.512180
2026-03-15 05:15+01:00,2.312224
2026-03-15 05:30+01:00,2.245657
2026-03-15 05:45+01:00,2.181175
2026-03-15 06:00+01:00,2.526036
2026-03-15 06:15+01:00,2.510302
2026-03-15 06:30+01:00,2.378123
2026-03-15 06:45+01:00,2.612446
2026-03-15 07:00+01:00,0.000000
2026-03-15 07:15+01:00,0.000000
2026-03-15 07:30+01:00,0.000000
2026-03-15 07:45+01:00,0.000000
2026-03-15 08:00+01:00,0.000000
2026-03-15 08:15+01:00,0.000000
2026-03-15 08:30+01:00,0.000000
2026-03-15 08:45+01:00,0.000000
2026-03-15 09:00+01:00,0.000000
2026-03-15 09:15+01:00,0.000000
2026-03-15 09:30+01:00,0.000000
2026-03-15 09:45+01:00,0.000000
2026-03-15 10:00+01:00,0.000000
2026-03-15 10:15+01:00,0.000000
2026-03-15 10:30+01:00,0.000000
2026-03-15 10:45+01:00,0.000000
2026-03-15 11:00+01:00,0.000000
2026-03-15 11:15+01:00,0.000000
2026-03-15 11:30+01:00,
2026-03-15 11:45+01:00,0.000000
2026-03-15 12:00+01:00,0.000000
2026-03-15 12:15+01:00,0.000000
2026-03-15 12:30+01:00,0.000000
2026-03-15 12:45+01:00,0.000000
2026-03-15 13:00+01:00,0.000000
2026-03-15 13:15+01:00,0.000000
2026-03-15 13:30+01:00,0.000000
2026-03-15 13:45+01:00,0.000000
2026-03-15 14:00+01:00,0.000000
2026-03-15 14:15+01:00,0.000000
2026-03-15 14:30+01:00,0.000000
2026-03-15 14:45+01:00,0.000000
2026-03-15 15:00+01:00,0.000000
2026-03-15 15:15+01:00,0.000000
2026-03-15 15:30+01:00,0.000000
2026-03-15 15:45+01:00,0.000000
2026-03-15 16:00+01:00,0.000000
2026-03-15 16:15+01:00,0.000000
2026-03-15 16:30+01:00,0.000000
2026-03-15 16:45+01:00,0.000000
2026-03-15 17:00+01:00,0.000000
2026-03-15 17:15+01:00,0.000000
2026-03-15 17:30+01:00,0.000000
2026-03-15 17:45+01:00,0.000000
2026-03-15 18:00+01:00,0.000000
2026-03-15 18:15+01:00,0.000000
2026-03-15 18:30+01:00,0.000000
2026-03-15 18:45+01:00,0.000000
2026-03-15 19:00+01:00,0.000000
2026-03-15 19:15+01:00,2.355795
2026-03-15 19:30+01:00,2.561795
2026-03-15 19:45+01:00,2.507577
2026-03-15 20:00+01:00,2.361157
2026-03-15 20:15+01:00,2.472633
2026-03-15 20:30+01:00,2.303721
2026-03-15 20:45+01:00,2.501751
2026-03-15 21:00+01:00,2.436145
2026-03-15 21:15+01:00,2.413259
2026-03-15 21:30+01:00,2.381811
2026-03-15 21:45+01:00,2.446005
2026-03-15 22:00+01:00,2.280736
2026-03-15 22:15+01:00,2.567150
2026-03-15 22:30+01:00,2.461164
2026-03-15 22:45+01:00,2.711956
2026-03-15 23:00+01:00,0.000000
2026-03-15 23:15+01:00,0.000000
2026-03-15 23:30+01:00,0.000000
2026-03-15 23:45+01:00,0.000000
2026-03-16 00:00+01:00,0.000000
2026-03-16 00:15+01:00,0.000000
2026-03-16 00:30+01:00,0.000000
2026-03-16 00:45+01:00,0.000000
2026-03-16 01:00+01:00,0.000000
2026-03-16 01:15+01:00,0.000000
2026-03-16 01:30+01:00,0.000000
2026-03-16 01:45+01:00,0.000000
2026-03-16 02:00+01:00,0.000000
2026-03-16 02:15+01:00,0.000000
2026-03-16 02:30+01:00,0.000000
2026-03-16 02:45+01:00,0.000000
2026-03-16 03:00+01:00,0.000000
2026-03-16 03:15+01:00,0.000000
2026-03-16 03:30+01:00,0.000000
2026-03-16 03:45+01:00,0.000000
2026-03-16 04:00+01:00,0.000000
2026-03-16 04:15+01:00,0.000000
2026-03-16 04:30+01:00,0.000000
2026-03-16 04:45+01:00,0.000000
2026-03-16 05:00+01:00,0.000000
2026-03-16 05:15+01:00,0.000000
2026-03-16 05:30+01:00,0.000000
2026-03-16 05:45+01:00,0.000000
2026-03-16 06:00+01:00,0.000000
2026-03-16 06:15+01:00,0.000000
2026-03-16 06:30+01:00,0.000000
2026-03-16 06:45+01:00,0.000000
2026-03-16 07:00+01:00,0.000000
2026-03-16 07:15+01:00,0.000000
2026-03-16 07:30+01:00,0.000000
2026-03-16 07:45+01:00,0.000000
2026-03-16 08:00+01:00,0.000000
2026-03-16 08:15+01:00,0.000000
2026-03-16 08:30+01:00,0.000000
2026-03-16 08:45+01:00,0.000000
2026-03-16 09:00+01:00,0.000000
2026-03-16 09:15+01:00,0.000000
2026-03-16 09:30+01:00,0.000000
2026-03-16 09:45+01:00,0.000000
2026-03-16 10:00+01:00,0.000000
2026-03-16 10:15+01:00,0.000000
2026-03-16 10:30+01:00,0.000000
2026-03-16 10:45+01:00,0.000000
2026-03-16 11:00+01:00,0.000000
2026-03-16 11:15+01:00,0.000000
2026-03-16 11:30+01:00,0.000000
2026-03-16 11:45+01:00,0.000000
2026-03-16 12:00+01:00,2.496637
2026-03-16 12:15+01:00,2.343953
2026-03-16 12:30+01:00,2.151949
2026-03-16 12:45+01:00,2.538144
2026-03-16 13:00+01:00,2.461182
2026-03-16 13:15+01:00,2.302542
2026-03-16 13:30+01:00,2.392182
2026-03-16 13:45+01:00,2.629308
2026-03-16 14:00+01:00,2.472273
2026-03-16 14:15+01:00,2.686300
2026-03-16 14:30+01:00,2.424093
2026-03-16 14:45+01:00,2.514645
2026-03-16 15:00+01:00,2.518421
2026-03-16 15:15+01:00,2.551658
2026-03-16 15:30+01:00,2.329167
2026-03-16 15:45+01:00,2.382218
2026-03-16 16:00+01:00,2.485051
2026-03-16 16:15+01:00,2.437545
2026-03-16 16:30+01:00,2.416332
2026-03-16 16:45+01:00,2.684474
2026-03-16 17:00+01:00,2.427438
2026-03-16 17:15+01:00,2.519582
2026-03-16 17:30+01:00,2.426336
2026-03-16 17:45+01:00,2.407675
2026-03-16 18:00+01:00,2.648447
2026-03-16 18:15+01:00,2.365838
2026-03-16 18:30+01:00,2.373644
2026-03-16 18:45+01:00,2.606042
2026-03-16 19:00+01:00,2.501363
2026-03-16 19:15+01:00,2.454567
2026-03-16 19:30+01:00,2.438793
2026-03-16 19:45+01:00,0.000000
2026-03-16 20:00+01:00,0.000000
2026-03-16 20:15+01:00,0.000000
2026-03-16 20:30+01:00,0.000000
2026-03-16 20:45+01:00,0.000000
2026-03-16 21:00+01:00,0.000000
2026-03-16 21:15+01:00,0.000000
2026-03-16 21:30+01:00,0.000000
2026-03-16 21:45+01:00,0.000000
2026-03-16 22:00+01:00,0.000000
2026-03-16 22:15+01:00,0.000000
2026-03-16 22:30+01:00,0.000000
2026-03-16 22:45+01:00,0.000000
2026-03-16 23:00+01:00,0.000000
2026-03-16 23:15+01:00,0.000000
2026-03-16 23:30+01:00,0.000000
2026-03-16 23:45+01:00,0.000000
2026-03-17 00:00+01:00,0.000000
2026-03-17 00:15+01:00,0.000000
2026-03-17 00:30+01:00,0.000000
2026-03-17 00:45+01:00,0.000000
2026-03-17 01:00+01:00,0.000000
2026-03-17 01:15+01:00,0.000000
2026-03-17 01:30+01:00,0.000000
2026-03-17 01:45+01:00,0.000000
2026-03-17 02:00+01:00,0.000000
2026-03-17 02:15+01:00,0.000000
2026-03-17 02:30+01:00,0.000000
2026-03-17 02:45+01:00,0.000000
2026-03-17 03:00+01:00,0.000000
2026-03-17 03:15+01:00,0.000000
2026-03-17 03:30+01:00,0.000000
2026-03-17 03:45+01:00,0.000000
2026-03-17 04:00+01:00,0.000000
2026-03-17 04:15+01:00,0.000000
2026-03-17 04:30+01:00,0.000000
2026-03-17 04:45+01:00,0.000000
2026-03-17 05:00+01:00,0.000000
2026-03-17 05:15+01:00,0.000000
2026-03-17 05:30+01:00,0.000000
2026-03-17 05:45+01:00,0.000000
2026-03-17 06:00+01:00,0.000000
2026-03-17 06:15+01:00,0.000000
2026-03-17 06:30+01:00,0.000000
2026-03-17 06:45+01:00,0.000000
2026-03-17 07:00+01:00,0.000000
2026-03-17 07:15+01:00,2.383778
2026-03-17 07:30+01:00,2.485396
2026-03-17 07:45+01:00,2.227706
2026-03-17 08:00+01:00,2.444740
2026-03-17 08:15+01:00,2.332496
2026-03-17 08:30+01:00,2.223956
2026-03-17 08:45+01:00,2.360685
2026-03-17 09:00+01:00,2.407334
2026-03-17 09:15+01:00,2.439096
2026-03-17 09:30+01:00,2.311170
2026-03-17 09:45+01:00,2.449499
2026-03-17 10:00+01:00,2.735833
2026-03-17 10:15+01:00,2.652288
2026-03-17 10:30+01:00,2.310843
2026-03-17 10:45+01:00,2.552946
2026-03-17 11:00+01:00,2.341058
2026-03-17 11:15+01:00,0.000000
2026-03-17 11:30+01:00,0.000000
2026-03-17 11:45+01:00,0.000000
2026-03-17 12:00+01:00,0.000000
2026-03-17 12:15+01:00,0.000000
2026-03-17 12:30+01:00,0.000000
2026-03-17 12:45+01:00,0.000000
2026-03-17 13:00+01:00,2.491420
2026-03-17 13:15+01:00,2.524219
2026-03-17 13:30+01:00,2.624387
2026-03-17 13:45+01:00,2.348973
2026-03-17 14:00+01:00,2.371551
2026-03-17 14:15+01:00,2.524218
2026-03-17 14:30+01:00,2.296025
2026-03-17 14:45+01:00,2.544870
2026-03-17 15:00+01:00,2.315307
2026-03-17 15:15+01:00,2.316821
2026-03-17 15:30+01:00,2.508869
2026-03-17 15:45+01:00,2.322323
2026-03-17 16:00+01:00,2.493576
2026-03-17 16:15+01:00,2.507630
2026-03-17 16:30+01:00,2.503796
2026-03-17 16:45+01:00,0.000000
2026-03-17 17:00+01:00,0.000000
2026-03-17 17:15+01:00,0.000000
2026-03-17 17:30+01:00,0.000000
2026-03-17 17:45+01:00,0.000000
2026-03-17 18:00+01:00,0.000000
2026-03-17 18:15+01:00,0.000000
2026-03-17 18:30+01:00,0.000000
2026-03-17 18:45+01:00,0.000000
2026-03-17 19:00+01:00,0.000000
2026-03-17 19:15+01:00,0.000000
2026-03-17 19:30+01:00,
2026-03-17 19:45+01:00,0.000000
2026-03-17 20:00+01:00,0.000000
2026-03-17 20:15+01:00,0.000000
2026-03-17 20:30+01:00,0.000000
2026-03-17 20:45+01:00,0.000000
2026-03-17 21:00+01:00,0.000000
2026-03-17 21:15+01:00,0.000000
2026-03-17 21:30+01:00,0.000000
2026-03-17 21:45+01:00,0.000000
2026-03-17 22:00+01:00,0.000000
2026-03-17 22:15+01:00,0.000000
2026-03-17 22:30+01:00,0.000000
2026-03-17 22:45+01:00,0.000000
2026-03-17 23:00+01:00,0.000000
2026-03-17 23:15+01:00,0.000000
2026-03-17 23:30+01:00,0.000000
2026-03-17 23:45+01:00,0.000000
2026-03-18 00:00+01:00,0.000000
2026-03-18 00:15+01:00,0.000000
2026-03-18 00:30+01:00,0.000000
2026-03-18 00:45+01:00,0.000000
2026-03-18 01:00+01:00,2.396412
2026-03-18 01:15+01:00,2.413474
2026-03-18 01:30+01:00,2.618860
2026-03-18 01:45+01:00,2.443538
2026-03-18 02:00+01:00,2.455884
2026-03-18 02:15+01:00,2.333015
2026-03-18 02:30+01:00,2.584921
2026-03-18 02:45+01:00,2.449067
2026-03-18 03:00+01:00,2.680231
2026-03-18 03:15+01:00,2.619378
2026-03-18 03:30+01:00,2.459085
2026-03-18 03:45+01:00,2.257510
2026-03-18 04:00+01:00,2.409715
2026-03-18 04:15+01:00,2.411109
2026-03-18 04:30+01:00,2.723889
2026-03-18 04:45+01:00,2.732064
2026-03-18 05:00+01:00,2.456282
2026-03-18 05:15+01:00,2.361618
2026-03-18 05:30+01:00,2.542593
2026-03-18 05:45+01:00,2.323642
2026-03-18 06:00+01:00,0.000000
2026-03-18 06:15+01:00,0.000000
2026-03-18 06:30+01:00,0.000000
2026-03-18 06:45+01:00,0.000000
2026-03-18 07:00+01:00,0.000000
2026-03-18 07:15+01:00,0.000000
2026-03-18 07:30+01:00,0.000000
2026-03-18 07:45+01:00,2.411774
2026-03-18 08:00+01:00,2.538855
2026-03-18 08:15+01:00,2.406951
2026-03-18 08:30+01:00,2.273650
2026-03-18 08:45+01:00,2.513161
2026-03-18 09:00+01:00,2.432017
2026-03-18 09:15+01:00,2.426156
2026-03-18 09:30+01:00,2.603735
2026-03-18 09:45+01:00,2.357772
2026-03-18 10:00+01:00,2.541670
2026-03-18 10:15+01:00,2.131441
2026-03-18 10:30+01:00,0.000000
2026-03-18 10:45+01:00,0.000000
2026-03-18 11:00+01:00,0.000000
2026-03-18 11:15+01:00,0.000000
2026-03-18 11:30+01:00,0.000000
2026-03-18 11:45+01:00,0.000000
2026-03-18 12:00+01:00,0.000000
2026-03-18 12:15+01:00,0.000000
2026-03-18 12:30+01:00,0.000000
2026-03-18 12:45+01:00,0.000000
2026-03-18 13:00+01:00,0.000000
2026-03-18 13:15+01:00,0.000000
2026-03-18 13:30+01:00,0.000000
2026-03-18 13:45+01:00,0.000000
2026-03-18 14:00+01:00,0.000000
2026-03-18 14:15+01:00,0.000000
2026-03-18 14:30+01:00,0.000000
2026-03-18 14:45+01:00,0.000000
2026-03-18 15:00+01:00,0.000000
2026-03-18 15:15+01:00,0.000000
2026-03-18 15:30+01:00,0.000000
2026-03-18 15:45+01:00,0.000000
2026-03-18 16:00+01:00,0.000000
2026-03-18 16:15+01:00,0.000000
2026-03-18 16:30+01:00,0.000000
2026-03-18 16:45+01:00,0.000000
2026-03-18 17:00+01:00,0.000000
2026-03-18 17:15+01:00,0.000000
2026-03-18 17:30+01:00,0.000000
2026-03-18 17:45+01:00,0.000000
2026-03-18 18:00+01:00,0.000000
2026-03-18 18:15+01:00,0.000000
2026-03-18 18:30+01:00,0.000000
2026-03-18 18:45+01:00,0.000000
2026-03-18 19:00+01:00,0.000000
2026-03-18 19:15+01:00,0.000000
2026-03-18 19:30+01:00,0.000000
2026-03-18 19:45+01:00,0.000000
2026-03-18 20:00+01:00,0.000000
2026-03-18 20:15+01:00,0.000000
2026-03-18 20:30+01:00,0.000000
2026-03-18 20:45+01:00,0.000000
2026-03-18 21:00+01:00,0.000000
2026-03-18 21:15+01:00,0.000000
2026-03-18 21:30+01:00,0.000000
2026-03-18 21:45+01:00,0.000000
2026-03-18 22:00+01:00,0.000000
2026-03-18 22:15+01:00,0.000000
2026-03-18 22:30+01:00,0.000000
2026-03-18 22:45+01:00,0.000000
2026-03-18 23:00+01:00,0.000000
2026-03-18 23:15+01:00,0.000000
2026-03-18 23:30+01:00,0.000000
2026-03-18 23:45+01:00,0.000000
2026-03-19 00:00+01:00,0.000000
2026-03-19 00:15+01:00,0.000000
2026-03-19 00:30+01:00,0.000000
2026-03-19 00:45+01:00,0.000000
2026-03-19 01:00+01:00,0.000000
2026-03-19 01:15+01:00,0.000000
2026-03-19 01:30+01:00,0.000000
2026-03-19 01:45+01:00,0.000000
2026-03-19 02:00+01:00,0.000000
2026-03-19 02:15+01:00,0.000000
2026-03-19 02:30+01:00,0.000000
2026-03-19 02:45+01:00,0.000000
2026-03-19 03:00+01:00,0.000000
2026-03-19 03:15+01:00,0.000000
2026-03-19 03:30+01:00,0.000000
2026-03-19 03:45+01:00,0.000000
2026-03-19 04:00+01:00,0.000000
2026-03-19 04:15+01:00,0.000000
2026-03-19 04:30+01:00,0.000000
2026-03-19 04:45+01:00,0.000000
2026-03-19 05:00+01:00,0.000000
2026-03-19 05:15+01:00,0.000000
2026-03-19 05:30+01:00,0.000000
2026-03-19 05:45+01:00,0.000000
2026-03-19 06:00+01:00,0.000000
2026-03-19 06:15+01:00,0.000000
2026-03-19 06:30+01:00,0.000000
2026-03-19 06:45+01:00,0.000000
2026-03-19 07:00+01:00,0.000000
2026-03-19 07:15+01:00,0.000000
2026-03-19 07:30+01:00,0.000000
2026-03-19 07:45+01:00,0.000000
2026-03-19 08:00+01:00,0.000000
2026-03-19 08:15+01:00,0.000000
2026-03-19 08:30+01:00,0.000000
2026-03-19 08:45+01:00,0.000000
2026-03-19 09:00+01:00,0.000000
2026-03-19 09:15+01:00,0.000000
2026-03-19 09:30+01:00,0.000000
2026-03-19 09:45+01:00,0.000000
2026-03-19 10:00+01:00,0.000000
2026-03-19 10:15+01:00,0.000000
2026-03-19 10:30+01:00,0.000000
2026-03-19 10:45+01:00,0.000000
2026-03-19 11:00+01:00,0.000000
2026-03-19 11:15+01:00,0.000000
2026-03-19 11:30+01:00,0.000000
2026-03-19 11:45+01:00,0.000000
2026-03-19 12:00+01:00,0.000000
2026-03-19 12:15+01:00,0.000000
2026-03-19 12:30+01:00,0.000000
2026-03-19 12:45+01:00,0.000000
2026-03-19 13:00+01:00,0.000000
2026-03-19 13:15+01:00,0.000000
2026-03-19 13:30+01:00,2.584576
2026-03-19 13:45+01:00,2.422324
2026-03-19 14:00+01:00,2.496060
2026-03-19 14:15+01:00,
2026-03-19 14:30+01:00,2.465295
2026-03-19 14:45+01:00,2.656126
2026-03-19 15:00+01:00,2.700154
2026-03-19 15:15+01:00,2.415002
2026-03-19 15:30+01:00,2.463030
2026-03-19 15:45+01:00,2.463749
2026-03-19 16:00+01:00,2.641098
2026-03-19 16:15+01:00,2.698212
2026-03-19 16:30+01:00,2.499903
2026-03-19 16:45+01:00,2.389819
2026-03-19 17:00+01:00,2.408685
2026-03-19 17:15+01:00,2.549357
2026-03-19 17:30+01:00,2.442203
2026-03-19 17:45+01:00,2.336311
2026-03-19 18:00+01:00,2.468176
2026-03-19 18:15+01:00,2.346173
2026-03-19 18:30+01:00,2.393859
2026-03-19 18:45+01:00,2.764898
2026-03-19 19:00+01:00,2.414095
2026-03-19 19:15+01:00,2.439233
2026-03-19 19:30+01:00,2.103684
2026-03-19 19:45+01:00,2.409451
2026-03-19 20:00+01:00,2.412755
2026-03-19 20:15+01:00,2.336600
2026-03-19 20:30+01:00,2.424131
2026-03-19 20:45+01:00,2.562561
2026-03-19 21:00+01:00,2.280882
2026-03-19 21:15+01:00,0.000000
2026-03-19 21:30+01:00,0.000000
2026-03-19 21:45+01:00,0.000000
2026-03-19 22:00+01:00,0.000000
2026-03-19 22:15+01:00,0.000000
2026-03-19 22:30+01:00,0.000000
2026-03-19 22:45+01:00,0.000000
2026-03-19 23:00+01:00,0.000000
2026-03-19 23:15+01:00,0.000000
2026-03-19 23:30+01:00,0.000000
2026-03-19 23:45+01:00,0.000000
2026-03-20 00:00+01:00,0.000000
2026-03-20 00:15+01:00,0.000000
2026-03-20 00:30+01:00,0.000000
2026-03-20 00:45+01:00,0.000000
2026-03-20 01:00+01:00,0.000000
2026-03-20 01:15+01:00,0.000000
2026-03-20 01:30+01:00,0.000000
2026-03-20 01:45+01:00,0.000000
2026-03-20 02:00+01:00,0.000000
2026-03-20 02:15+01:00,0.000000
2026-03-20 02:30+01:00,0.000000
2026-03-20 02:45+01:00,0.000000
2026-03-20 03:00+01:00,0.000000
2026-03-20 03:15+01:00,0.000000
2026-03-20 03:30+01:00,0.000000
2026-03-20 03:45+01:00,0.000000
2026-03-20 04:00+01:00,0.000000
2026-03-20 04:15+01:00,0.000000
2026-03-20 04:30+01:00,0.000000
2026-03-20 04:45+01:00,0.000000
2026-03-20 05:00+01:00,0.000000
2026-03-20 05:15+01:00,0.000000
2026-03-20 05:30+01:00,0.000000
2026-03-20 05:45+01:00,0.000000
2026-03-20 06:00+01:00,0.000000
2026-03-20 06:15+01:00,0.000000
2026-03-20 06:30+01:00,0.000000
2026-03-20 06:45+01:00,0.000000
2026-03-20 07:00+01:00,0.000000
2026-03-20 07:15+01:00,0.000000
2026-03-20 07:30+01:00,0.000000
2026-03-20 07:45+01:00,0.000000
2026-03-20 08:00+01:00,0.000000
2026-03-20 08:15+01:00,0.000000
2026-03-20 08:30+01:00,0.000000
2026-03-20 08:45+01:00,0.000000
2026-03-20 09:00+01:00,
2026-03-20 09:15+01:00,0.000000
2026-03-20 09:30+01:00,0.000000
2026-03-20 09:45+01:00,0.000000
2026-03-20 10:00+01:00,0.000000
2026-03-20 10:15+01:00,0.000000
2026-03-20 10:30+01:00,0.000000
2026-03-20 10:45+01:00,
2026-03-20 11:00+01:00,2.309885
2026-03-20 11:15+01:00,2.376799
2026-03-20 11:30+01:00,2.177012
2026-03-20 11:45+01:00,2.581840
2026-03-20 12:00+01:00,2.362220
2026-03-20 12:15+01:00,2.295689
2026-03-20 12:30+01:00,2.344990
2026-03-20 12:45+01:00,2.403515
2026-03-20 13:00+01:00,2.301715
2026-03-20 13:15+01:00,2.512837
2026-03-20 13:30+01:00,2.487648
2026-03-20 13:45+01:00,2.354845
2026-03-20 14:00+01:00,2.498758
2026-03-20 14:15+01:00,2.395183
2026-03-20 14:30+01:00,2.362744
2026-03-20 14:45+01:00,2.515235
2026-03-20 15:00+01:00,0.000000
2026-03-20 15:15+01:00,0.000000
2026-03-20 15:30+01:00,0.000000
2026-03-20 15:45+01:00,0.000000
2026-03-20 16:00+01:00,0.000000
2026-03-20 16:15+01:00,0.000000
2026-03-20 16:30+01:00,0.000000
2026-03-20 16:45+01:00,0.000000
2026-03-20 17:00+01:00,2.684701
2026-03-20 17:15+01:00,2.313234
2026-03-20 17:30+01:00,2.552428
2026-03-20 17:45+01:00,2.400848
2026-03-20 18:00+01:00,2.510288
2026-03-20 18:15+01:00,2.529589
2026-03-20 18:30+01:00,2.258520
2026-03-20 18:45+01:00,2.423927
2026-03-20 19:00+01:00,2.420052
2026-03-20 19:15+01:00,2.457061
2026-03-20 19:30+01:00,2.508012
2026-03-20 19:45+01:00,2.442312
2026-03-20 20:00+01:00,2.519231
2026-03-20 20:15+01:00,2.545287
2026-03-20 20:30+01:00,2.270253
2026-03-20 20:45+01:00,0.000000
2026-03-20 21:00+01:00,0.000000
2026-03-20 21:15+01:00,0.000000
2026-03-20 21:30+01:00,0.000000
2026-03-20 21:45+01:00,0.000000
2026-03-20 22:00+01:00,0.000000
2026-03-20 22:15+01:00,0.000000
2026-03-20 22:30+01:00,0.000000
2026-03-20 22:45+01:00,0.000000
2026-03-20 23:00+01:00,0.000000
2026-03-20 23:15+01:00,0.000000
2026-03-20 23:30+01:00,0.000000
2026-03-20 23:45+01:00,0.000000
2026-03-21 00:00+01:00,0.000000
2026-03-21 00:15+01:00,0.000000
2026-03-21 00:30+01:00,0.000000
2026-03-21 00:45+01:00,0.000000
2026-03-21 01:00+01:00,0.000000
2026-03-21 01:15+01:00,2.581450
2026-03-21 01:30+01:00,2.260286
2026-03-21 01:45+01:00,2.615096
2026-03-21 02:00+01:00,2.638917
2026-03-21 02:15+01:00,2.375087
2026-03-21 02:30+01:00,2.451406
2026-03-21 02:45+01:00,2.575920
2026-03-21 03:00+01:00,2.221219
2026-03-21 03:15+01:00,2.552851
2026-03-21 03:30+01:00,2.473744
2026-03-21 03:45+01:00,0.000000
2026-03-21 04:00+01:00,0.000000
2026-03-21 04:15+01:00,0.000000
2026-03-21 04:30+01:00,0.000000
2026-03-21 04:45+01:00,0.000000
2026-03-21 05:00+01:00,0.000000
2026-03-21 05:15+01:00,0.000000
2026-03-21 05:30+01:00,0.000000
2026-03-21 05:45+01:00,0.000000
2026-03-21 06:00+01:00,0.000000
2026-03-21 06:15+01:00,0.000000
2026-03-21 06:30+01:00,0.000000
2026-03-21 06:45+01:00,0.000000
2026-03-21 07:00+01:00,0.000000
2026-03-21 07:15+01:00,0.000000
2026-03-21 07:30+01:00,0.000000
2026-03-21 07:45+01:00,0.000000
2026-03-21 08:00+01:00,0.000000
2026-03-21 08:15+01:00,0.000000
2026-03-21 08:30+01:00,0.000000
2026-03-21 08:45+01:00,0.000000
2026-03-21 09:00+01:00,0.000000
2026-03-21 09:15+01:00,0.000000
2026-03-21 09:30+01:00,
2026-03-21 09:45+01:00,0.000000
2026-03-21 10:00+01:00,0.000000
2026-03-21 10:15+01:00,0.000000
2026-03-21 10:30+01:00,0.000000
2026-03-21 10:45+01:00,0.000000
2026-03-21 11:00+01:00,0.000000
2026-03-21 11:15+01:00,0.000000
2026-03-21 11:30+01:00,0.000000
2026-03-21 11:45+01:00,0.000000
2026-03-21 12:00+01:00,0.000000
2026-03-21 12:15+01:00,0.000000
2026-03-21 12:30+01:00,0.000000
2026-03-21 12:45+01:00,0.000000
2026-03-21 13:00+01:00,0.000000
2026-03-21 13:15+01:00,0.000000
2026-03-21 13:30+01:00,2.565061
2026-03-21 13:45+01:00,2.442727
2026-03-21 14:00+01:00,2.393231
2026-03-21 14:15+01:00,2.521047
2026-03-21 14:30+01:00,2.549152
2026-03-21 14:45+01:00,2.319116
2026-03-21 15:00+01:00,2.578474
2026-03-21 15:15+01:00,2.457056
2026-03-21 15:30+01:00,2.576352
2026-03-21 15:45+01:00,2.610570
2026-03-21 16:00+01:00,0.000000
2026-03-21 16:15+01:00,0.000000
2026-03-21 16:30+01:00,0.000000
2026-03-21 16:45+01:00,0.000000
2026-03-21 17:00+01:00,0.000000
2026-03-21 17:15+01:00,0.000000
2026-03-21 17:30+01:00,0.000000
2026-03-21 17:45+01:00,0.000000
2026-03-21 18:00+01:00,0.000000
2026-03-21 18:15+01:00,0.000000
2026-03-21 18:30+01:00,0.000000
2026-03-21 18:45+01:00,0.000000
2026-03-21 19:00+01:00,0.000000
2026-03-21 19:15+01:00,0.000000
2026-03-21 19:30+01:00,0.000000
2026-03-21 19:45+01:00,0.000000
2026-03-21 20:00+01:00,0.000000
2026-03-21 20:15+01:00,0.000000
2026-03-21 20:30+01:00,2.256591
2026-03-21 20:45+01:00,2.537139
2026-03-21 21:00+01:00,2.543115
2026-03-21 21:15+01:00,2.289777
2026-03-21 21:30+01:00,2.503272
2026-03-21 21:45+01:00,2.324738
2026-03-21 22:00+01:00,2.517746
2026-03-21 22:15+01:00,2.692603
2026-03-21 22:30+01:00,2.507663
2026-03-21 22:45+01:00,2.402240
2026-03-21 23:00+01:00,2.557110
2026-03-21 23:15+01:00,0.000000
2026-03-21 23:30+01:00,0.000000
2026-03-21 23:45+01:00,0.000000
2026-03-22 00:00+01:00,0.000000
2026-03-22 00:15+01:00,0.000000
2026-03-22 00:30+01:00,0.000000
2026-03-22 00:45+01:00,0.000000
2026-03-22 01:00+01:00,0.000000
2026-03-22 01:15+01:00,0.000000
2026-03-22 01:30+01:00,0.000000
2026-03-22 01:45+01:00,0.000000
2026-03-22 02:00+01:00,0.000000
2026-03-22 02:15+01:00,0.000000
2026-03-22 02:30+01:00,0.000000
2026-03-22 02:45+01:00,0.000000
2026-03-22 03:00+01:00,0.000000
2026-03-22 03:15+01:00,0.000000
2026-03-22 03:30+01:00,0.000000
2026-03-22 03:45+01:00,
2026-03-22 04:00+01:00,0.000000
2026-03-22 04:15+01:00,0.000000
2026-03-22 04:30+01:00,0.000000
2026-03-22 04:45+01:00,0.000000
2026-03-22 05:00+01:00,0.000000
2026-03-22 05:15+01:00,0.000000
2026-03-22 05:30+01:00,0.000000
2026-03-22 05:45+01:00,2.257440
2026-03-22 06:00+01:00,2.472131
2026-03-22 06:15+01:00,2.451845
2026-03-22 06:30+01:00,2.470440
2026-03-22 06:45+01:00,2.472600
2026-03-22 07:00+01:00,2.557153
2026-03-22 07:15+01:00,2.462259
2026-03-22 07:30+01:00,2.460760
2026-03-22 07:45+01:00,2.446779
2026-03-22 08:00+01:00,2.386232
2026-03-22 08:15+01:00,2.497264
2026-03-22 08:30+01:00,0.000000
2026-03-22 08:45+01:00,0.000000
2026-03-22 09:00+01:00,0.000000
2026-03-22 09:15+01:00,2.386991
2026-03-22 09:30+01:00,2.537261
2026-03-22 09:45+01:00,2.453973
2026-03-22 10:00+01:00,2.496464
2026-03-22 10:15+01:00,2.406879
2026-03-22 10:30+01:00,2.290517
2026-03-22 10:45+01:00,2.308577
2026-03-22 11:00+01:00,2.488882
2026-03-22 11:15+01:00,2.393896
2026-03-22 11:30+01:00,2.357636
2026-03-22 11:45+01:00,
2026-03-22 12:00+01:00,0.000000
2026-03-22 12:15+01:00,0.000000
2026-03-22 12:30+01:00,0.000000
2026-03-22 12:45+01:00,0.000000
2026-03-22 13:00+01:00,0.000000
2026-03-22 13:15+01:00,0.000000
2026-03-22 13:30+01:00,0.000000
2026-03-22 13:45+01:00,0.000000
2026-03-22 14:00+01:00,0.000000
2026-03-22 14:15+01:00,0.000000
2026-03-22 14:30+01:00,0.000000
2026-03-22 14:45+01:00,0.000000
2026-03-22 15:00+01:00,2.398060
2026-03-22 15:15+01:00,2.301182
2026-03-22 15:30+01:00,2.320320
2026-03-22 15:45+01:00,2.360819
2026-03-22 16:00+01:00,2.702503
2026-03-22 16:15+01:00,2.459353
2026-03-22 16:30+01:00,2.405895
2026-03-22 16:45+01:00,2.403208
2026-03-22 17:00+01:00,2.345907
2026-03-22 17:15+01:00,2.580429
2026-03-22 17:30+01:00,0.000000
2026-03-22 17:45+01:00,0.000000
2026-03-22 18:00+01:00,0.000000
2026-03-22 18:15+01:00,0.000000
2026-03-22 18:30+01:00,0.000000
2026-03-22 18:45+01:00,0.000000
2026-03-22 19:00+01:00,0.000000
2026-03-22 19:15+01:00,0.000000
2026-03-22 19:30+01:00,0.000000
2026-03-22 19:45+01:00,0.000000
2026-03-22 20:00+01:00,0.000000
2026-03-22 20:15+01:00,0.000000
2026-03-22 20:30+01:00,0.000000
2026-03-22 20:45+01:00,0.000000
2026-03-22 21:00+01:00,0.000000
2026-03-22 21:15+01:00,0.000000
2026-03-22 21:30+01:00,0.000000
2026-03-22 21:45+01:00,0.000000
2026-03-22 22:00+01:00,0.000000
2026-03-22 22:15+01:00,0.000000
2026-03-22 22:30+01:00,0.000000
2026-03-22 22:45+01:00,0.000000
2026-03-22 23:00+01:00,0.000000
2026-03-22 23:15+01:00,0.000000
2026-03-22 23:30+01:00,0.000000
2026-03-22 23:45+01:00,0.000000
2026-03-23 00:00+01:00,0.000000
2026-03-23 00:15+01:00,0.000000
2026-03-23 00:30+01:00,0.000000
2026-03-23 00:45+01:00,
2026-03-23 01:00+01:00,0.000000
2026-03-23 01:15+01:00,0.000000
2026-03-23 01:30+01:00,0.000000
2026-03-23 01:45+01:00,0.000000
2026-03-23 02:00+01:00,0.000000
2026-03-23 02:15+01:00,0.000000
2026-03-23 02:30+01:00,0.000000
2026-03-23 02:45+01:00,0.000000
2026-03-23 03:00+01:00,0.000000
2026-03-23 03:15+01:00,0.000000
2026-03-23 03:30+01:00,0.000000
2026-03-23 03:45+01:00,0.000000
2026-03-23 04:00+01:00,0.000000
2026-03-23 04:15+01:00,0.000000
2026-03-23 04:30+01:00,
2026-03-23 04:45+01:00,0.000000
2026-03-23 05:00+01:00,0.000000
2026-03-23 05:15+01:00,0.000000
2026-03-23 05:30+01:00,0.000000
2026-03-23 05:45+01:00,0.000000
2026-03-23 06:00+01:00,0.000000
2026-03-23 06:15+01:00,0.000000
2026-03-23 06:30+01:00,0.000000
2026-03-23 06:45+01:00,0.000000
2026-03-23 07:00+01:00,0.000000
2026-03-23 07:15+01:00,0.000000
2026-03-23 07:30+01:00,0.000000
2026-03-23 07:45+01:00,0.000000
2026-03-23 08:00+01:00,0.000000
2026-03-23 08:15+01:00,0.000000
2026-03-23 08:30+01:00,0.000000
2026-03-23 08:45+01:00,0.000000
2026-03-23 09:00+01:00,0.000000
2026-03-23 09:15+01:00,0.000000
2026-03-23 09:30+01:00,0.000000
2026-03-23 09:45+01:00,0.000000
2026-03-23 10:00+01:00,0.000000
2026-03-23 10:15+01:00,0.000000
2026-03-23 10:30+01:00,
2026-03-23 10:45+01:00,0.000000
2026-03-23 11:00+01:00,0.000000
2026-03-23 11:15+01:00,0.000000
2026-03-23 11:30+01:00,0.000000
2026-03-23 11:45+01:00,0.000000
2026-03-23 12:00+01:00,0.000000
2026-03-23 12:15+01:00,2.194161
2026-03-23 12:30+01:00,2.438387
2026-03-23 12:45+01:00,2.585195
2026-03-23 13:00+01:00,2.548466
2026-03-23 13:15+01:00,2.385538
2026-03-23 13:30+01:00,2.512769
2026-03-23 13:45+01:00,2.469423
2026-03-23 14:00+01:00,2.469664
2026-03-23 14:15+01:00,2.327724
2026-03-23 14:30+01:00,2.589798
2026-03-23 14:45+01:00,2.653449
2026-03-23 15:00+01:00,2.431588
2026-03-23 15:15+01:00,2.608959
2026-03-23 15:30+01:00,2.609313
2026-03-23 15:45+01:00,2.298317
2026-03-23 16:00+01:00,0.000000
2026-03-23 16:15+01:00,0.000000
2026-03-23 16:30+01:00,0.000000
2026-03-23 16:45+01:00,
2026-03-23 17:00+01:00,0.000000
2026-03-23 17:15+01:00,0.000000
2026-03-23 17:30+01:00,0.000000
2026-03-23 17:45+01:00,0.000000
2026-03-23 18:00+01:00,0.000000
2026-03-23 18:15+01:00,0.000000
2026-03-23 18:30+01:00,0.000000
2026-03-23 18:45+01:00,0.000000
2026-03-23 19:00+01:00,2.482125
2026-03-23 19:15+01:00,2.393095
2026-03-23 19:30+01:00,2.499832
2026-03-23 19:45+01:00,2.483193
2026-03-23 20:00+01:00,2.380557
2026-03-23 20:15+01:00,2.583107
2026-03-23 20:30+01:00,2.208402
2026-03-23 20:45+01:00,2.117390
2026-03-23 21:00+01:00,2.404047
2026-03-23 21:15+01:00,2.332340
2026-03-23 21:30+01:00,2.279966
2026-03-23 21:45+01:00,2.445536
2026-03-23 22:00+01:00,2.649498
2026-03-23 22:15+01:00,2.400317
2026-03-23 22:30+01:00,2.662880
2026-03-23 22:45+01:00,2.671826
2026-03-23 23:00+01:00,0.000000
2026-03-23 23:15+01:00,0.000000
2026-03-23 23:30+01:00,0.000000
2026-03-23 23:45+01:00,0.000000
2026-03-24 00:00+01:00,0.000000
2026-03-24 00:15+01:00,0.000000
2026-03-24 00:30+01:00,0.000000
2026-03-24 00:45+01:00,0.000000
2026-03-24 01:00+01:00,0.000000
2026-03-24 01:15+01:00,0.000000
2026-03-24 01:30+01:00,
2026-03-24 01:45+01:00,0.000000
2026-03-24 02:00+01:00,0.000000
2026-03-24 02:15+01:00,0.000000
2026-03-24 02:30+01:00,0.000000
2026-03-24 02:45+01:00,0.000000
2026-03-24 03:00+01:00,0.000000
2026-03-24 03:15+01:00,0.000000
2026-03-24 03:30+01:00,0.000000
2026-03-24 03:45+01:00,0.000000
2026-03-24 04:00+01:00,0.000000
2026-03-24 04:15+01:00,0.000000
2026-03-24 04:30+01:00,0.000000
2026-03-24 04:45+01:00,0.000000
2026-03-24 05:00+01:00,0.000000
2026-03-24 05:15+01:00,0.000000
2026-03-24 05:30+01:00,0.000000
2026-03-24 05:45+01:00,0.000000
2026-03-24 06:00+01:00,0.000000
2026-03-24 06:15+01:00,0.000000
2026-03-24 06:30+01:00,0.000000
2026-03-24 06:45+01:00,0.000000
2026-03-24 07:00+01:00,0.000000
2026-03-24 07:15+01:00,0.000000
2026-03-24 07:30+01:00,0.000000
2026-03-24 07:45+01:00,0.000000
2026-03-24 08:00+01:00,0.000000
2026-03-24 08:15+01:00,0.000000
2026-03-24 08:30+01:00,0.000000
2026-03-24 08:45+01:00,0.000000
2026-03-24 09:00+01:00,0.000000
2026-03-24 09:15+01:00,0.000000
2026-03-24 09:30+01:00,0.000000
2026-03-24 09:45+01:00,0.000000
2026-03-24 10:00+01:00,0.000000
2026-03-24 10:15+01:00,0.000000
2026-03-24 10:30+01:00,0.000000
2026-03-24 10:45+01:00,0.000000
2026-03-24 11:00+01:00,0.000000
2026-03-24 11:15+01:00,0.000000
2026-03-24 11:30+01:00,0.000000
2026-03-24 11:45+01:00,0.000000
2026-03-24 12:00+01:00,0.000000
2026-03-24 12:15+01:00,0.000000
2026-03-24 12:30+01:00,0.000000
2026-03-24 12:45+01:00,0.000000
2026-03-24 13:00+01:00,0.000000
2026-03-24 13:15+01:00,0.000000
2026-03-24 13:30+01:00,0.000000
2026-03-24 13:45+01:00,0.000000
2026-03-24 14:00+01:00,0.000000
2026-03-24 14:15+01:00,0.000000
2026-03-24 14:30+01:00,0.000000
2026-03-24 14:45+01:00,0.000000
2026-03-24 15:00+01:00,2.383093
2026-03-24 15:15+01:00,2.354003
2026-03-24 15:30+01:00,2.504182
2026-03-24 15:45+01:00,2.534411
2026-03-24 16:00+01:00,2.567408
2026-03-24 16:15+01:00,2.601161
2026-03-24 16:30+01:00,2.651682
2026-03-24 16:45+01:00,2.680352
2026-03-24 17:00+01:00,2.433923
2026-03-24 17:15+01:00,2.357545
2026-03-24 17:30+01:00,2.222287
2026-03-24 17:45+01:00,2.458094
2026-03-24 18:00+01:00,2.822360
2026-03-24 18:15+01:00,2.640347
2026-03-24 18:30+01:00,2.678290
2026-03-24 18:45+01:00,2.371054
2026-03-24 19:00+01:00,2.575641
2026-03-24 19:15+01:00,2.442905
2026-03-24 19:30+01:00,2.549126
2026-03-24 19:45+01:00,2.412408
2026-03-24 20:00+01:00,2.562655
2026-03-24 20:15+01:00,2.501290
2026-03-24 20:30+01:00,2.484002
2026-03-24 20:45+01:00,2.463743
2026-03-24 21:00+01:00,2.324832
2026-03-24 21:15+01:00,2.333303
2026-03-24 21:30+01:00,2.436876
2026-03-24 21:45+01:00,2.525859
2026-03-24 22:00+01:00,2.565732
2026-03-24 22:15+01:00,2.264852
2026-03-24 22:30+01:00,2.600930
2026-03-24 22:45+01:00,0.000000
2026-03-24 23:00+01:00,0.000000
2026-03-24 23:15+01:00,0.000000
2026-03-24 23:30+01:00,0.000000
2026-03-24 23:45+01:00,0.000000
2026-03-25 00:00+01:00,0.000000
2026-03-25 00:15+01:00,0.000000
2026-03-25 00:30+01:00,0.000000
2026-03-25 00:45+01:00,0.000000
2026-03-25 01:00+01:00,0.000000
2026-03-25 01:15+01:00,0.000000
2026-03-25 01:30+01:00,0.000000
2026-03-25 01:45+01:00,0.000000
2026-03-25 02:00+01:00,2.567363
2026-03-25 02:15+01:00,2.186151
2026-03-25 02:30+01:00,2.532193
2026-03-25 02:45+01:00,2.521917
2026-03-25 03:00+01:00,2.351522
2026-03-25 03:15+01:00,2.285336
2026-03-25 03:30+01:00,2.285369
2026-03-25 03:45+01:00,2.305134
2026-03-25 04:00+01:00,2.501348
2026-03-25 04:15+01:00,2.470042
2026-03-25 04:30+01:00,2.355928
2026-03-25 04:45+01:00,2.442040
2026-03-25 05:00+01:00,2.317423
2026-03-25 05:15+01:00,2.662235
2026-03-25 05:30+01:00,2.415072
2026-03-25 05:45+01:00,0.000000
2026-03-25 06:00+01:00,0.000000
2026-03-25 06:15+01:00,0.000000
2026-03-25 06:30+01:00,0.000000
2026-03-25 06:45+01:00,0.000000
2026-03-25 07:00+01:00,0.000000
2026-03-25 07:15+01:00,0.000000
2026-03-25 07:30+01:00,0.000000
2026-03-25 07:45+01:00,0.000000
2026-03-25 08:00+01:00,0.000000
2026-03-25 08:15+01:00,0.000000
2026-03-25 08:30+01:00,0.000000
2026-03-25 08:45+01:00,2.243465
2026-03-25 09:00+01:00,2.283710
2026-03-25 09:15+01:00,2.245053
2026-03-25 09:30+01:00,2.429492
2026-03-25 09:45+01:00,2.503619
2026-03-25 10:00+01:00,2.463128
2026-03-25 10:15+01:00,2.544948
2026-03-25 10:30+01:00,2.282732
2026-03-25 10:45+01:00,2.441849
2026-03-25 11:00+01:00,2.428104
2026-03-25 11:15+01:00,2.462232
2026-03-25 11:30+01:00,2.550053
2026-03-25 11:45+01:00,2.532499
2026-03-25 12:00+01:00,2.442502
2026-03-25 12:15+01:00,2.237317
2026-03-25 12:30+01:00,2.649780
2026-03-25 12:45+01:00,0.000000
2026-03-25 13:00+01:00,0.000000
2026-03-25 13:15+01:00,0.000000
2026-03-25 13:30+01:00,0.000000
2026-03-25 13:45+01:00,0.000000
2026-03-25 14:00+01:00,0.000000
2026-03-25 14:15+01:00,0.000000
2026-03-25 14:30+01:00,0.000000
2026-03-25 14:45+01:00,0.000000
2026-03-25 15:00+01:00,0.000000
2026-03-25 15:15+01:00,0.000000
2026-03-25 15:30+01:00,0.000000
2026-03-25 15:45+01:00,0.000000
2026-03-25 16:00+01:00,0.000000
2026-03-25 16:15+01:00,0.000000
2026-03-25 16:30+01:00,0.000000
2026-03-25 16:45+01:00,0.000000
2026-03-25 17:00+01:00,0.000000
2026-03-25 17:15+01:00,0.000000
2026-03-25 17:30+01:00,0.000000
2026-03-25 17:45+01:00,0.000000
2026-03-25 18:00+01:00,0.000000
2026-03-25 18:15+01:00,0.000000
2026-03-25 18:30+01:00,0.000000
2026-03-25 18:45+01:00,0.000000
2026-03-25 19:00+01:00,0.000000
2026-03-25 19:15+01:00,0.000000
2026-03-25 19:30+01:00,0.000000
2026-03-25 19:45+01:00,0.000000
2026-03-25 20:00+01:00,0.000000
2026-03-25 20:15+01:00,0.000000
2026-03-25 20:30+01:00,0.000000
2026-03-25 20:45+01:00,0.000000
2026-03-25 21:00+01:00,0.000000
2026-03-25 21:15+01:00,0.000000
2026-03-25 21:30+01:00,0.000000
2026-03-25 21:45+01:00,0.000000
2026-03-25 22:00+01:00,0.000000
2026-03-25 22:15+01:00,0.000000
2026-03-25 22:30+01:00,0.000000
2026-03-25 22:45+01:00,0.000000
2026-03-25 23:00+01:00,0.000000
2026-03-25 23:15+01:00,0.000000
2026-03-25 23:30+01:00,0.000000
2026-03-25 23:45+01:00,0.000000
2026-03-26 00:00+01:00,0.000000
2026-03-26 00:15+01:00,0.000000
2026-03-26 00:30+01:00,0.000000
2026-03-26 00:45+01:00,0.000000
2026-03-26 01:00+01:00,0.000000
2026-03-26 01:15+01:00,0.000000
2026-03-26 01:30+01:00,0.000000
2026-03-26 01:45+01:00,0.000000
2026-03-26 02:00+01:00,0.000000
2026-03-26 02:15+01:00,0.000000
2026-03-26 02:30+01:00,0.000000
2026-03-26 02:45+01:00,0.000000
2026-03-26 03:00+01:00,0.000000
2026-03-26 03:15+01:00,0.000000
2026-03-26 03:30+01:00,0.000000
2026-03-26 03:45+01:00,0.000000
2026-03-26 04:00+01:00,0.000000
2026-03-26 04:15+01:00,0.000000
2026-03-26 04:30+01:00,0.000000
2026-03-26 04:45+01:00,0.000000
2026-03-26 05:00+01:00,0.000000
2026-03-26 05:15+01:00,0.000000
2026-03-26 05:30+01:00,0.000000
2026-03-26 05:45+01:00,
2026-03-26 06:00+01:00,0.000000
2026-03-26 06:15+01:00,0.000000
2026-03-26 06:30+01:00,0.000000
2026-03-26 06:45+01:00,0.000000
2026-03-26 07:00+01:00,0.000000
2026-03-26 07:15+01:00,0.000000
2026-03-26 07:30+01:00,0.000000
2026-03-26 07:45+01:00,0.000000
2026-03-26 08:00+01:00,0.000000
2026-03-26 08:15+01:00,0.000000
2026-03-26 08:30+01:00,0.000000
2026-03-26 08:45+01:00,0.000000
2026-03-26 09:00+01:00,0.000000
2026-03-26 09:15+01:00,0.000000
2026-03-26 09:30+01:00,0.000000
2026-03-26 09:45+01:00,0.000000
2026-03-26 10:00+01:00,2.691475
2026-03-26 10:15+01:00,2.067051
2026-03-26 10:30+01:00,2.595006
2026-03-26 10:45+01:00,2.583181
2026-03-26 11:00+01:00,2.259628
2026-03-26 11:15+01:00,2.463461
2026-03-26 11:30+01:00,2.089507
2026-03-26 11:45+01:00,2.555982
2026-03-26 12:00+01:00,2.665173
2026-03-26 12:15+01:00,2.338783
2026-03-26 12:30+01:00,2.747630
2026-03-26 12:45+01:00,2.602610
2026-03-26 13:00+01:00,2.479838
2026-03-26 13:15+01:00,2.606941
2026-03-26 13:30+01:00,2.441419
2026-03-26 13:45+01:00,2.475023
2026-03-26 14:00+01:00,0.000000
2026-03-26 14:15+01:00,
2026-03-26 14:30+01:00,0.000000
2026-03-26 14:45+01:00,0.000000
2026-03-26 15:00+01:00,0.000000
2026-03-26 15:15+01:00,0.000000
2026-03-26 15:30+01:00,0.000000
2026-03-26 15:45+01:00,0.000000
2026-03-26 16:00+01:00,0.000000
2026-03-26 16:15+01:00,0.000000
2026-03-26 16:30+01:00,0.000000
2026-03-26 16:45+01:00,0.000000
2026-03-26 17:00+01:00,0.000000
2026-03-26 17:15+01:00,0.000000
2026-03-26 17:30+01:00,0.000000
2026-03-26 17:45+01:00,0.000000
2026-03-26 18:00+01:00,0.000000
2026-03-26 18:15+01:00,0.000000
2026-03-26 18:30+01:00,0.000000
2026-03-26 18:45+01:00,2.219673
2026-03-26 19:00+01:00,2.169334
2026-03-26 19:15+01:00,2.539664
2026-03-26 19:30+01:00,2.529935
2026-03-26 19:45+01:00,2.413251
2026-03-26 20:00+01:00,2.401739
2026-03-26 20:15+01:00,2.602828
2026-03-26 20:30+01:00,2.378704
2026-03-26 20:45+01:00,2.566172
2026-03-26 21:00+01:00,2.443415
2026-03-26 21:15+01:00,2.554497
2026-03-26 21:30+01:00,2.625183
2026-03-26 21:45+01:00,2.297582
2026-03-26 22:00+01:00,2.187916
2026-03-26 22:15+01:00,2.567587
2026-03-26 22:30+01:00,0.000000
2026-03-26 22:45+01:00,0.000000
2026-03-26 23:00+01:00,0.000000
2026-03-26 23:15+01:00,0.000000
2026-03-26 23:30+01:00,0.000000
2026-03-26 23:45+01:00,0.000000
2026-03-27 00:00+01:00,0.000000
2026-03-27 00:15+01:00,0.000000
2026-03-27 00:30+01:00,0.000000
2026-03-27 00:45+01:00,0.000000
2026-03-27 01:00+01:00,0.000000
2026-03-27 01:15+01:00,0.000000
2026-03-27 01:30+01:00,2.280836
2026-03-27 01:45+01:00,2.395747
2026-03-27 02:00+01:00,2.527703
2026-03-27 02:15+01:00,2.333211
2026-03-27 02:30+01:00,2.322734
2026-03-27 02:45+01:00,2.448939
2026-03-27 03:00+01:00,
2026-03-27 03:15+01:00,2.729020
2026-03-27 03:30+01:00,2.433192
2026-03-27 03:45+01:00,2.727113
2026-03-27 04:00+01:00,2.390077
2026-03-27 04:15+01:00,2.396386
2026-03-27 04:30+01:00,2.634422
2026-03-27 04:45+01:00,2.596514
2026-03-27 05:00+01:00,2.424923
2026-03-27 05:15+01:00,2.480407
2026-03-27 05:30+01:00,0.000000
2026-03-27 05:45+01:00,0.000000
2026-03-27 06:00+01:00,0.000000
2026-03-27 06:15+01:00,0.000000
2026-03-27 06:30+01:00,0.000000
2026-03-27 06:45+01:00,0.000000
2026-03-27 07:00+01:00,0.000000
2026-03-27 07:15+01:00,0.000000
2026-03-27 07:30+01:00,0.000000
2026-03-27 07:45+01:00,0.000000
2026-03-27 08:00+01:00,0.000000
2026-03-27 08:15+01:00,0.000000
2026-03-27 08:30+01:00,0.000000
2026-03-27 08:45+01:00,0.000000
2026-03-27 09:00+01:00,0.000000
2026-03-27 09:15+01:00,0.000000
2026-03-27 09:30+01:00,0.000000
2026-03-27 09:45+01:00,0.000000
2026-03-27 10:00+01:00,0.000000
2026-03-27 10:15+01:00,0.000000
2026-03-27 10:30+01:00,0.000000
2026-03-27 10:45+01:00,0.000000
2026-03-27 11:00+01:00,0.000000
2026-03-27 11:15+01:00,0.000000
2026-03-27 11:30+01:00,0.000000
2026-03-27 11:45+01:00,0.000000
2026-03-27 12:00+01:00,0.000000
2026-03-27 12:15+01:00,0.000000
2026-03-27 12:30+01:00,0.000000
2026-03-27 12:45+01:00,0.000000
2026-03-27 13:00+01:00,0.000000
2026-03-27 13:15+01:00,0.000000
2026-03-27 13:30+01:00,0.000000
2026-03-27 13:45+01:00,0.000000
2026-03-27 14:00+01:00,0.000000
2026-03-27 14:15+01:00,0.000000
2026-03-27 14:30+01:00,0.000000
2026-03-27 14:45+01:00,0.000000
2026-03-27 15:00+01:00,0.000000
2026-03-27 15:15+01:00,0.000000
2026-03-27 15:30+01:00,0.000000
2026-03-27 15:45+01:00,0.000000
2026-03-27 16:00+01:00,2.292350
2026-03-27 16:15+01:00,2.744652
2026-03-27 16:30+01:00,2.475649
2026-03-27 16:45+01:00,2.446248
2026-03-27 17:00+01:00,2.533631
2026-03-27 17:15+01:00,2.489973
2026-03-27 17:30+01:00,2.545461
2026-03-27 17:45+01:00,2.306748
2026-03-27 18:00+01:00,2.406047
2026-03-27 18:15+01:00,2.413920
2026-03-27 18:30+01:00,2.557385
2026-03-27 18:45+01:00,2.668525
2026-03-27 19:00+01:00,2.386605
2026-03-27 19:15+01:00,2.316006
2026-03-27 19:30+01:00,2.438275
2026-03-27 19:45+01:00,0.000000
2026-03-27 20:00+01:00,0.000000
2026-03-27 20:15+01:00,0.000000
2026-03-27 20:30+01:00,
2026-03-27 20:45+01:00,0.000000
2026-03-27 21:00+01:00,0.000000
2026-03-27 21:15+01:00,0.000000
2026-03-27 21:30+01:00,0.000000
2026-03-27 21:45+01:00,0.000000
2026-03-27 22:00+01:00,0.000000
2026-03-27 22:15+01:00,0.000000
2026-03-27 22:30+01:00,0.000000
2026-03-27 22:45+01:00,0.000000
2026-03-27 23:00+01:00,0.000000
2026-03-27 23:15+01:00,0.000000
2026-03-27 23:30+01:00,0.000000
2026-03-27 23:45+01:00,0.000000
2026-03-28 00:00+01:00,0.000000
2026-03-28 00:15+01:00,0.000000
2026-03-28 00:30+01:00,0.000000
2026-03-28 00:45+01:00,
2026-03-28 01:00+01:00,0.000000
2026-03-28 01:15+01:00,0.000000
2026-03-28 01:30+01:00,0.000000
2026-03-28 01:45+01:00,0.000000
2026-03-28 02:00+01:00,0.000000
2026-03-28 02:15+01:00,0.000000
2026-03-28 02:30+01:00,0.000000
2026-03-28 02:45+01:00,0.000000
2026-03-28 03:00+01:00,0.000000
2026-03-28 03:15+01:00,0.000000
2026-03-28 03:30+01:00,0.000000
2026-03-28 03:45+01:00,0.000000
2026-03-28 04:00+01:00,0.000000
2026-03-28 04:15+01:00,0.000000
2026-03-28 04:30+01:00,0.000000
2026-03-28 04:45+01:00,0.000000
2026-03-28 05:00+01:00,0.000000
2026-03-28 05:15+01:00,0.000000
2026-03-28 05:30+01:00,0.000000
2026-03-28 05:45+01:00,0.000000
2026-03-28 06:00+01:00,0.000000
2026-03-28 06:15+01:00,0.000000
2026-03-28 06:30+01:00,0.000000
2026-03-28 06:45+01:00,0.000000
2026-03-28 07:00+01:00,0.000000
2026-03-28 07:15+01:00,0.000000
2026-03-28 07:30+01:00,0.000000
2026-03-28 07:45+01:00,0.000000
2026-03-28 08:00+01:00,2.367144
2026-03-28 08:15+01:00,2.574258
2026-03-28 08:30+01:00,2.469562
2026-03-28 08:45+01:00,2.190554
2026-03-28 09:00+01:00,26.599501
2026-03-28 09:15+01:00,2.266375
2026-03-28 09:30+01:00,2.353923
2026-03-28 09:45+01:00,2.404519
2026-03-28 10:00+01:00,2.796691
2026-03-28 10:15+01:00,2.601770
2026-03-28 10:30+01:00,2.460206
2026-03-28 10:45+01:00,2.410731
2026-03-28 11:00+01:00,9.969860
2026-03-28 11:15+01:00,2.490618
2026-03-28 11:30+01:00,2.414744
2026-03-28 11:45+01:00,2.440201
2026-03-28 12:00+01:00,2.282296
2026-03-28 12:15+01:00,2.549827
2026-03-28 12:30+01:00,2.351288
2026-03-28 12:45+01:00,2.460970
2026-03-28 13:00+01:00,
2026-03-28 13:15+01:00,2.237184
2026-03-28 13:30+01:00,2.586612
2026-03-28 13:45+01:00,2.481270
2026-03-28 14:00+01:00,2.599048
2026-03-28 14:15+01:00,2.436348
2026-03-28 14:30+01:00,2.578759
2026-03-28 14:45+01:00,2.581127
2026-03-28 15:00+01:00,2.467453
2026-03-28 15:15+01:00,2.447486
2026-03-28 15:30+01:00,2.341387
2026-03-28 15:45+01:00,0.000000
2026-03-28 16:00+01:00,0.000000
2026-03-28 16:15+01:00,0.000000
2026-03-28 16:30+01:00,0.000000
2026-03-28 16:45+01:00,0.000000
2026-03-28 17:00+01:00,0.000000
2026-03-28 17:15+01:00,0.000000
2026-03-28 17:30+01:00,0.000000
2026-03-28 17:45+01:00,0.000000
2026-03-28 18:00+01:00,0.000000
2026-03-28 18:15+01:00,0.000000
2026-03-28 18:30+01:00,0.000000
2026-03-28 18:45+01:00,0.000000
2026-03-28 19:00+01:00,0.000000
2026-03-28 19:15+01:00,0.000000
2026-03-28 19:30+01:00,0.000000
2026-03-28 19:45+01:00,0.000000
2026-03-28 20:00+01:00,0.000000
2026-03-28 20:15+01:00,0.000000
2026-03-28 20:30+01:00,0.000000
2026-03-28 20:45+01:00,0.000000
2026-03-28 21:00+01:00,0.000000
2026-03-28 21:15+01:00,0.000000
2026-03-28 21:30+01:00,0.000000
2026-03-28 21:45+01:00,0.000000
2026-03-28 22:00+01:00,0.000000
2026-03-28 22:15+01:00,0.000000
2026-03-28 22:30+01:00,0.000000
2026-03-28 22:45+01:00,0.000000
2026-03-28 23:00+01:00,0.000000
2026-03-28 23:15+01:00,0.000000
2026-03-28 23:30+01:00,0.000000
2026-03-28 23:45+01:00,0.000000
2026-03-29 00:00+01:00,0.000000
2026-03-29 00:15+01:00,0.000000
2026-03-29 00:30+01:00,0.000000
2026-03-29 00:45+01:00,0.000000
2026-03-29 01:00+01:00,0.000000
2026-03-29 01:15+01:00,0.000000
2026-03-29 01:30+01:00,0.000000
2026-03-29 01:45+01:00,0.000000
2026-03-29 03:00+02:00,0.000000
2026-03-29 03:15+02:00,0.000000
2026-03-29 03:30+02:00,0.000000
2026-03-29 03:45+02:00,0.000000
2026-03-29 04:00+02:00,0.000000
2026-03-29 04:15+02:00,0.000000
2026-03-29 04:30+02:00,0.000000
2026-03-29 04:45+02:00,0.000000
2026-03-29 05:00+02:00,0.000000
2026-03-29 05:15+02:00,0.000000
2026-03-29 05:30+02:00,0.000000
2026-03-29 05:45+02:00,0.000000
2026-03-29 06:00+02:00,0.000000
2026-03-29 06:15+02:00,0.000000
2026-03-29 06:30+02:00,0.000000
2026-03-29 06:45+02:00,0.000000
2026-03-29 07:00+02:00,0.000000
2026-03-29 07:15+02:00,0.000000
2026-03-29 07:30+02:00,0.000000
2026-03-29 07:45+02:00,0.000000
2026-03-29 08:00+02:00,0.000000
2026-03-29 08:15+02:00,0.000000
2026-03-29 08:30+02:00,0.000000
2026-03-29 08:45+02:00,0.000000
2026-03-29 09:00+02:00,0.000000
2026-03-29 09:15+02:00,0.000000
2026-03-29 09:30+02:00,0.000000
2026-03-29 09:45+02:00,0.000000
2026-03-29 10:00+02:00,0.000000
2026-03-29 10:15+02:00,0.000000
2026-03-29 10:30+02:00,0.000000
2026-03-29 10:45+02:00,0.000000
2026-03-29 11:00+02:00,0.000000
2026-03-29 11:15+02:00,0.000000
2026-03-29 11:30+02:00,0.000000
2026-03-29 11:45+02:00,0.000000
2026-03-29 12:00+02:00,0.000000
2026-03-29 12:15+02:00,0.000000
2026-03-29 12:30+02:00,0.000000
2026-03-29 12:45+02:00,0.000000
2026-03-29 13:00+02:00,0.000000
2026-03-29 13:15+02:00,0.000000
2026-03-29 13:30+02:00,0.000000
2026-03-29 13:45+02:00,0.000000
2026-03-29 14:00+02:00,0.000000
2026-03-29 14:15+02:00,0.000000
2026-03-29 14:30+02:00,0.000000
2026-03-29 14:45+02:00,0.000000
2026-03-29 15:00+02:00,0.000000
2026-03-29 15:15+02:00,0.000000
2026-03-29 15:30+02:00,0.000000
2026-03-29 15:45+02:00,0.000000
2026-03-29 16:00+02:00,0.000000
2026-03-29 16:15+02:00,0.000000
2026-03-29 16:30+02:00,0.000000
2026-03-29 16:45+02:00,2.321405
2026-03-29 17:00+02:00,2.373944
2026-03-29 17:15+02:00,2.623195
2026-03-29 17:30+02:00,2.430830
2026-03-29 17:45+02:00,2.395971
2026-03-29 18:00+02:00,2.466389
2026-03-29 18:15+02:00,2.309309
2026-03-29 18:30+02:00,2.267178
2026-03-29 18:45+02:00,2.437380
2026-03-29 19:00+02:00,2.608781
2026-03-29 19:15+02:00,2.342284
2026-03-29 19:30+02:00,2.410697
2026-03-29 19:45+02:00,2.696818
2026-03-29 20:00+02:00,2.341223
2026-03-29 20:15+02:00,2.440425
2026-03-29 20:30+02:00,2.334911
2026-03-29 20:45+02:00,2.414283
2026-03-29 21:00+02:00,2.324704
2026-03-29 21:15+02:00,2.374628
2026-03-29 21:30+02:00,2.260718
2026-03-29 21:45+02:00,2.504195
2026-03-29 22:00+02:00,2.489229
2026-03-29 22:15+02:00,2.701452
2026-03-29 22:30+02:00,2.617271
2026-03-29 22:45+02:00,2.374563
2026-03-29 23:00+02:00,2.464807
2026-03-29 23:15+02:00,2.601564
2026-03-29 23:30+02:00,2.519604
2026-03-29 23:45+02:00,2.524434
2026-03-30 00:00+02:00,0.000000
2026-03-30 00:15+02:00,0.000000
2026-03-30 00:30+02:00,0.000000
2026-03-30 00:45+02:00,0.000000
2026-03-30 01:00+02:00,0.000000
2026-03-30 01:15+02:00,0.000000
2026-03-30 01:30+02:00,0.000000
2026-03-30 01:45+02:00,0.000000
2026-03-30 02:00+02:00,0.000000
2026-03-30 02:15+02:00,0.000000
2026-03-30 02:30+02:00,0.000000
2026-03-30 02:45+02:00,0.000000
2026-03-30 03:00+02:00,0.000000
2026-03-30 03:15+02:00,0.000000
2026-03-30 03:30+02:00,0.000000
2026-03-30 03:45+02:00,0.000000
2026-03-30 04:00+02:00,0.000000
2026-03-30 04:15+02:00,0.000000
2026-03-30 04:30+02:00,0.000000
2026-03-30 04:45+02:00,0.000000
2026-03-30 05:00+02:00,0.000000
2026-03-30 05:15+02:00,0.000000
2026-03-30 05:30+02:00,0.000000
2026-03-30 05:45+02:00,0.000000
2026-03-30 06:00+02:00,0.000000
2026-03-30 06:15+02:00,0.000000
2026-03-30 06:30+02:00,0.000000
2026-03-30 06:45+02:00,0.000000
2026-03-30 07:00+02:00,0.000000
2026-03-30 07:15+02:00,0.000000
2026-03-30 07:30+02:00,0.000000
2026-03-30 07:45+02:00,0.000000
2026-03-30 08:00+02:00,0.000000
2026-03-30 08:15+02:00,0.000000
2026-03-30 08:30+02:00,0.000000
2026-03-30 08:45+02:00,0.000000
2026-03-30 09:00+02:00,0.000000
2026-03-30 09:15+02:00,0.000000
2026-03-30 09:30+02:00,0.000000
2026-03-30 09:45+02:00,0.000000
2026-03-30 10:00+02:00,0.000000
2026-03-30 10:15+02:00,
2026-03-30 10:30+02:00,0.000000
2026-03-30 10:45+02:00,2.483695
2026-03-30 11:00+02:00,2.321176
2026-03-30 11:15+02:00,2.514467
2026-03-30 11:30+02:00,2.512388
2026-03-30 11:45+02:00,2.449258
2026-03-30 12:00+02:00,2.325545
2026-03-30 12:15+02:00,2.346371
2026-03-30 12:30+02:00,2.564251
2026-03-30 12:45+02:00,2.542212
2026-03-30 13:00+02:00,2.469626
2026-03-30 13:15+02:00,2.384885
2026-03-30 13:30+02:00,2.384044
2026-03-30 13:45+02:00,2.597032
2026-03-30 14:00+02:00,2.655419
2026-03-30 14:15+02:00,2.280797
2026-03-30 14:30+02:00,2.280889
2026-03-30 14:45+02:00,2.470875
2026-03-30 15:00+02:00,2.315124
2026-03-30 15:15+02:00,2.426557
2026-03-30 15:30+02:00,2.438886
2026-03-30 15:45+02:00,2.390243
2026-03-30 16:00+02:00,2.355517
2026-03-30 16:15+02:00,2.407014
2026-03-30 16:30+02:00,2.544151
2026-03-30 16:45+02:00,2.312649
2026-03-30 17:00+02:00,2.609580
2026-03-30 17:15+02:00,2.346722
2026-03-30 17:30+02:00,2.594340
2026-03-30 17:45+02:00,2.301038
2026-03-30 18:00+02:00,2.703192
2026-03-30 18:15+02:00,2.449487
2026-03-30 18:30+02:00,0.000000
2026-03-30 18:45+02:00,0.000000
2026-03-30 19:00+02:00,0.000000
2026-03-30 19:15+02:00,0.000000
2026-03-30 19:30+02:00,0.000000
2026-03-30 19:45+02:00,0.000000
2026-03-30 20:00+02:00,0.000000
2026-03-30 20:15+02:00,0.000000
2026-03-30 20:30+02:00,0.000000
2026-03-30 20:45+02:00,0.000000
2026-03-30 21:00+02:00,0.000000
2026-03-30 21:15+02:00,0.000000
2026-03-30 21:30+02:00,0.000000
2026-03-30 21:45+02:00,0.000000
2026-03-30 22:00+02:00,0.000000
2026-03-30 22:15+02:00,0.000000
2026-03-30 22:30+02:00,0.000000
2026-03-30 22:45+02:00,0.000000
2026-03-30 23:00+02:00,0.000000
2026-03-30 23:15+02:00,0.000000
2026-03-30 23:30+02:00,0.000000
2026-03-30 23:45+02:00,0.000000
2026-03-31 00:00+02:00,0.000000
2026-03-31 00:15+02:00,2.378692
2026-03-31 00:30+02:00,2.384405
2026-03-31 00:45+02:00,2.469943
2026-03-31 01:00+02:00,2.544446
2026-03-31 01:15+02:00,2.511767
2026-03-31 01:30+02:00,2.297214
2026-03-31 01:45+02:00,2.472964
2026-03-31 02:00+02:00,2.614805
2026-03-31 02:15+02:00,2.515993
2026-03-31 02:30+02:00,2.573651
2026-03-31 02:45+02:00,2.505261
2026-03-31 03:00+02:00,2.328380
2026-03-31 03:15+02:00,2.205246
2026-03-31 03:30+02:00,2.601617
2026-03-31 03:45+02:00,2.574564
2026-03-31 04:00+02:00,2.388366
2026-03-31 04:15+02:00,0.000000
2026-03-31 04:30+02:00,0.000000
2026-03-31 04:45+02:00,0.000000
2026-03-31 05:00+02:00,0.000000
2026-03-31 05:15+02:00,0.000000
2026-03-31 05:30+02:00,0.000000
2026-03-31 05:45+02:00,0.000000
2026-03-31 06:00+02:00,0.000000
2026-03-31 06:15+02:00,0.000000
2026-03-31 06:30+02:00,0.000000
2026-03-31 06:45+02:00,0.000000
2026-03-31 07:00+02:00,0.000000
2026-03-31 07:15+02:00,0.000000
2026-03-31 07:30+02:00,0.000000
2026-03-31 07:45+02:00,0.000000
2026-03-31 08:00+02:00,0.000000
2026-03-31 08:15+02:00,0.000000
2026-03-31 08:30+02:00,0.000000
2026-03-31 08:45+02:00,0.000000
2026-03-31 09:00+02:00,0.000000
2026-03-31 09:15+02:00,0.000000
2026-03-31 09:30+02:00,0.000000
2026-03-31 09:45+02:00,0.000000
2026-03-31 10:00+02:00,0.000000
2026-03-31 10:15+02:00,0.000000
2026-03-31 10:30+02:00,0.000000
2026-03-31 10:45+02:00,0.000000
2026-03-31 11:00+02:00,0.000000
2026-03-31 11:15+02:00,0.000000
2026-03-31 11:30+02:00,0.000000
2026-03-31 11:45+02:00,0.000000
2026-03-31 12:00+02:00,0.000000
2026-03-31 12:15+02:00,2.255594
2026-03-31 12:30+02:00,2.589788
2026-03-31 12:45+02:00,2.490483
2026-03-31 13:00+02:00,2.596831
2026-03-31 13:15+02:00,2.637142
2026-03-31 13:30+02:00,2.236702
2026-03-31 13:45+02:00,2.402176
2026-03-31 14:00+02:00,2.458127
2026-03-31 14:15+02:00,2.493312
2026-03-31 14:30+02:00,2.468562
2026-03-31 14:45+02:00,2.326356
2026-03-31 15:00+02:00,2.269265
2026-03-31 15:15+02:00,2.482970
2026-03-31 15:30+02:00,2.595796
2026-03-31 15:45+02:00,2.451441
2026-03-31 16:00+02:00,0.000000
2026-03-31 16:15+02:00,0.000000
2026-03-31 16:30+02:00,0.000000
2026-03-31 16:45+02:00,0.000000
2026-03-31 17:00+02:00,0.000000
2026-03-31 17:15+02:00,0.000000
2026-03-31 17:30+02:00,0.000000
2026-03-31 17:45+02:00,0.000000
2026-03-31 18:00+02:00,0.000000
2026-03-31 18:15+02:00,0.000000
2026-03-31 18:30+02:00,0.000000
2026-03-31 18:45+02:00,0.000000
2026-03-31 19:00+02:00,0.000000
2026-03-31 19:15+02:00,0.000000
2026-03-31 19:30+02:00,0.000000
2026-03-31 19:45+02:00,0.000000
2026-03-31 20:00+02:00,0.000000
2026-03-31 20:15+02:00,0.000000
2026-03-31 20:30+02:00,0.000000
2026-03-31 20:45+02:00,0.000000
2026-03-31 21:00+02:00,0.000000
2026-03-31 21:15+02:00,0.000000
2026-03-31 21:30+02:00,0.000000
2026-03-31 21:45+02:00,0.000000
2026-03-31 22:00+02:00,0.000000
2026-03-31 22:15+02:00,0.000000
2026-03-31 22:30+02:00,0.000000
2026-03-31 22:45+02:00,0.000000
2026-03-31 23:00+02:00,0.000000
2026-03-31 23:15+02:00,0.000000
2026-03-31 23:30+02:00,0.000000
2026-03-31 23:45+02:00,0.000000
2026-04-01 00:00+02:00,0.000000
2026-04-01 00:15+02:00,0.000000
2026-04-01 00:30+02:00,0.000000
2026-04-01 00:45+02:00,0.000000
2026-04-01 01:00+02:00,0.000000
2026-04-01 01:15+02:00,0.000000
2026-04-01 01:30+02:00,0.000000
2026-04-01 01:45+02:00,0.000000
2026-04-01 02:00+02:00,0.000000
2026-04-01 02:15+02:00,0.000000
2026-04-01 02:30+02:00,0.000000
2026-04-01 02:45+02:00,0.000000
2026-04-01 03:00+02:00,0.000000
2026-04-01 03:15+02:00,0.000000
2026-04-01 03:30+02:00,0.000000
2026-04-01 03:45+02:00,0.000000
2026-04-01 04:00+02:00,0.000000
2026-04-01 04:15+02:00,0.000000
2026-04-01 04:30+02:00,0.000000
2026-04-01 04:45+02:00,0.000000
2026-04-01 05:00+02:00,0.000000
2026-04-01 05:15+02:00,
2026-04-01 05:30+02:00,0.000000
2026-04-01 05:45+02:00,0.000000
2026-04-01 06:00+02:00,0.000000
2026-04-01 06:15+02:00,0.000000
2026-04-01 06:30+02:00,0.000000
2026-04-01 06:45+02:00,0.000000
2026-04-01 07:00+02:00,0.000000
2026-04-01 07:15+02:00,0.000000
2026-04-01 07:30+02:00,0.000000
2026-04-01 07:45+02:00,0.000000
2026-04-01 08:00+02:00,0.000000
2026-04-01 08:15+02:00,0.000000
2026-04-01 08:30+02:00,2.532629
2026-04-01 08:45+02:00,2.411092
2026-04-01 09:00+02:00,2.296676
2026-04-01 09:15+02:00,2.242959
2026-04-01 09:30+02:00,2.384375
2026-04-01 09:45+02:00,2.577972
2026-04-01 10:00+02:00,2.651075
2026-04-01 10:15+02:00,2.532635
2026-04-01 10:30+02:00,2.556525
2026-04-01 10:45+02:00,2.437824
2026-04-01 11:00+02:00,2.490222
2026-04-01 11:15+02:00,2.436017
2026-04-01 11:30+02:00,2.531465
2026-04-01 11:45+02:00,2.461689
2026-04-01 12:00+02:00,2.423358
2026-04-01 12:15+02:00,2.495166
2026-04-01 12:30+02:00,2.401386
2026-04-01 12:45+02:00,2.575942
2026-04-01 13:00+02:00,2.563705
2026-04-01 13:15+02:00,2.366122
2026-04-01 13:30+02:00,2.321957
2026-04-01 13:45+02:00,0.000000
2026-04-01 14:00+02:00,0.000000
2026-04-01 14:15+02:00,0.000000
2026-04-01 14:30+02:00,0.000000
2026-04-01 14:45+02:00,0.000000
2026-04-01 15:00+02:00,0.000000
2026-04-01 15:15+02:00,0.000000
2026-04-01 15:30+02:00,0.000000
2026-04-01 15:45+02:00,0.000000
2026-04-01 16:00+02:00,0.000000
2026-04-01 16:15+02:00,0.000000
2026-04-01 16:30+02:00,2.565538
2026-04-01 16:45+02:00,2.416941
2026-04-01 17:00+02:00,2.447134
2026-04-01 17:15+02:00,2.395607
2026-04-01 17:30+02:00,2.410198
2026-04-01 17:45+02:00,2.272921
2026-04-01 18:00+02:00,2.613996
2026-04-01 18:15+02:00,2.633395
2026-04-01 18:30+02:00,2.245342
2026-04-01 18:45+02:00,2.468300
2026-04-01 19:00+02:00,0.000000
2026-04-01 19:15+02:00,0.000000
2026-04-01 19:30+02:00,0.000000
2026-04-01 19:45+02:00,0.000000
2026-04-01 20:00+02:00,0.000000
2026-04-01 20:15+02:00,0.000000
2026-04-01 20:30+02:00,0.000000
2026-04-01 20:45+02:00,0.000000
2026-04-01 21:00+02:00,0.000000
2026-04-01 21:15+02:00,0.000000
2026-04-01 21:30+02:00,0.000000
2026-04-01 21:45+02:00,0.000000
2026-04-01 22:00+02:00,0.000000
2026-04-01 22:15+02:00,0.000000
2026-04-01 22:30+02:00,0.000000
2026-04-01 22:45+02:00,0.000000
2026-04-01 23:00+02:00,0.000000
2026-04-01 23:15+02:00,0.000000
2026-04-01 23:30+02:00,0.000000
2026-04-01 23:45+02:00,0.000000
2026-04-02 00:00+02:00,0.000000
2026-04-02 00:15+02:00,0.000000
2026-04-02 00:30+02:00,0.000000
2026-04-02 00:45+02:00,0.000000
2026-04-02 01:00+02:00,0.000000
2026-04-02 01:15+02:00,0.000000
2026-04-02 01:30+02:00,0.000000
2026-04-02 01:45+02:00,0.000000
2026-04-02 02:00+02:00,0.000000
2026-04-02 02:15+02:00,0.000000
2026-04-02 02:30+02:00,0.000000
2026-04-02 02:45+02:00,0.000000
2026-04-02 03:00+02:00,0.000000
2026-04-02 03:15+02:00,0.000000
2026-04-02 03:30+02:00,0.000000
2026-04-02 03:45+02:00,0.000000
2026-04-02 04:00+02:00,0.000000
2026-04-02 04:15+02:00,0.000000
2026-04-02 04:30+02:00,0.000000
2026-04-02 04:45+02:00,0.000000
2026-04-02 05:00+02:00,0.000000
2026-04-02 05:15+02:00,0.000000
2026-04-02 05:30+02:00,0.000000
2026-04-02 05:45+02:00,0.000000
2026-04-02 06:00+02:00,0.000000
2026-04-02 06:15+02:00,0.000000
2026-04-02 06:30+02:00,0.000000
2026-04-02 06:45+02:00,0.000000
2026-04-02 07:00+02:00,0.000000
2026-04-02 07:15+02:00,0.000000
2026-04-02 07:30+02:00,0.000000
2026-04-02 07:45+02:00,0.000000
2026-04-02 08:00+02:00,0.000000
2026-04-02 08:15+02:00,0.000000
2026-04-02 08:30+02:00,0.000000
2026-04-02 08:45+02:00,0.000000
2026-04-02 09:00+02:00,0.000000
2026-04-02 09:15+02:00,0.000000
2026-04-02 09:30+02:00,0.000000
2026-04-02 09:45+02:00,0.000000
2026-04-02 10:00+02:00,0.000000
2026-04-02 10:15+02:00,2.526137
2026-04-02 10:30+02:00,2.413774
2026-04-02 10:45+02:00,
2026-04-02 11:00+02:00,2.358866
2026-04-02 11:15+02:00,2.384018
2026-04-02 11:30+02:00,2.639945
2026-04-02 11:45+02:00,2.413588
2026-04-02 12:00+02:00,2.381274
2026-04-02 12:15+02:00,2.450318
2026-04-02 12:30+02:00,2.309748
2026-04-02 12:45+02:00,2.537118
2026-04-02 13:00+02:00,0.000000
2026-04-02 13:15+02:00,0.000000
2026-04-02 13:30+02:00,0.000000
2026-04-02 13:45+02:00,0.000000
2026-04-02 14:00+02:00,0.000000
2026-04-02 14:15+02:00,0.000000
2026-04-02 14:30+02:00,0.000000
2026-04-02 14:45+02:00,0.000000
2026-04-02 15:00+02:00,0.000000
2026-04-02 15:15+02:00,0.000000
2026-04-02 15:30+02:00,0.000000
2026-04-02 15:45+02:00,0.000000
2026-04-02 16:00+02:00,2.333755
2026-04-02 16:15+02:00,2.525187
2026-04-02 16:30+02:00,2.472124
2026-04-02 16:45+02:00,2.414888
2026-04-02 17:00+02:00,2.548617
2026-04-02 17:15+02:00,2.489860
2026-04-02 17:30+02:00,2.383691
2026-04-02 17:45+02:00,2.548507
2026-04-02 18:00+02:00,2.486572
2026-04-02 18:15+02:00,2.553968
2026-04-02 18:30+02:00,2.363795
2026-04-02 18:45+02:00,2.482863
2026-04-02 19:00+02:00,2.239028
2026-04-02 19:15+02:00,2.257711
2026-04-02 19:30+02:00,2.420011
2026-04-02 19:45+02:00,2.693968
2026-04-02 20:00+02:00,2.401688
2026-04-02 20:15+02:00,2.596723
2026-04-02 20:30+02:00,2.444318
2026-04-02 20:45+02:00,2.607211
2026-04-02 21:00+02:00,0.000000
2026-04-02 21:15+02:00,0.000000
2026-04-02 21:30+02:00,0.000000
2026-04-02 21:45+02:00,0.000000
2026-04-02 22:00+02:00,0.000000
2026-04-02 22:15+02:00,0.000000
2026-04-02 22:30+02:00,0.000000
2026-04-02 22:45+02:00,0.000000
2026-04-02 23:00+02:00,0.000000
2026-04-02 23:15+02:00,0.000000
2026-04-02 23:30+02:00,
2026-04-02 23:45+02:00,0.000000
2026-04-03 00:00+02:00,0.000000
2026-04-03 00:15+02:00,0.000000
2026-04-03 00:30+02:00,0.000000
2026-04-03 00:45+02:00,2.319479
2026-04-03 01:00+02:00,2.304326
2026-04-03 01:15+02:00,2.508533
2026-04-03 01:30+02:00,2.359945
2026-04-03 01:45+02:00,2.274944
2026-04-03 02:00+02:00,2.562003
2026-04-03 02:15+02:00,2.645601
2026-04-03 02:30+02:00,2.565280
2026-04-03 02:45+02:00,2.689195
2026-04-03 03:00+02:00,2.536530
2026-04-03 03:15+02:00,2.460580
2026-04-03 03:30+02:00,0.000000
2026-04-03 03:45+02:00,0.000000
2026-04-03 04:00+02:00,0.000000
2026-04-03 04:15+02:00,
2026-04-03 04:30+02:00,0.000000
2026-04-03 04:45+02:00,2.562265
2026-04-03 05:00+02:00,2.479220
2026-04-03 05:15+02:00,2.528868
2026-04-03 05:30+02:00,2.495059
2026-04-03 05:45+02:00,2.699667
2026-04-03 06:00+02:00,2.460073
2026-04-03 06:15+02:00,2.371688
2026-04-03 06:30+02:00,2.581475
2026-04-03 06:45+02:00,2.517215
2026-04-03 07:00+02:00,2.297673
2026-04-03 07:15+02:00,0.000000
2026-04-03 07:30+02:00,0.000000
2026-04-03 07:45+02:00,0.000000
2026-04-03 08:00+02:00,0.000000
2026-04-03 08:15+02:00,0.000000
2026-04-03 08:30+02:00,0.000000
2026-04-03 08:45+02:00,0.000000
2026-04-03 09:00+02:00,0.000000
2026-04-03 09:15+02:00,0.000000
2026-04-03 09:30+02:00,0.000000
2026-04-03 09:45+02:00,0.000000
2026-04-03 10:00+02:00,0.000000
2026-04-03 10:15+02:00,0.000000
2026-04-03 10:30+02:00,0.000000
2026-04-03 10:45+02:00,0.000000
2026-04-03 11:00+02:00,0.000000
2026-04-03 11:15+02:00,0.000000
2026-04-03 11:30+02:00,0.000000
2026-04-03 11:45+02:00,0.000000
2026-04-03 12:00+02:00,2.385683
2026-04-03 12:15+02:00,2.650749
2026-04-03 12:30+02:00,2.508006
2026-04-03 12:45+02:00,2.428199
2026-04-03 13:00+02:00,2.603546
2026-04-03 13:15+02:00,2.415602
2026-04-03 13:30+02:00,2.407495
2026-04-03 13:45+02:00,2.365638
2026-04-03 14:00+02:00,2.431504
2026-04-03 14:15+02:00,2.498766
2026-04-03 14:30+02:00,0.000000
2026-04-03 14:45+02:00,0.000000
2026-04-03 15:00+02:00,0.000000
2026-04-03 15:15+02:00,0.000000
2026-04-03 15:30+02:00,0.000000
2026-04-03 15:45+02:00,0.000000
2026-04-03 16:00+02:00,0.000000
2026-04-03 16:15+02:00,0.000000
2026-04-03 16:30+02:00,0.000000
2026-04-03 16:45+02:00,0.000000
2026-04-03 17:00+02:00,0.000000
2026-04-03 17:15+02:00,0.000000
2026-04-03 17:30+02:00,0.000000
2026-04-03 17:45+02:00,0.000000
2026-04-03 18:00+02:00,0.000000
2026-04-03 18:15+02:00,0.000000
2026-04-03 18:30+02:00,0.000000
2026-04-03 18:45+02:00,0.000000
2026-04-03 19:00+02:00,0.000000
2026-04-03 19:15+02:00,0.000000
2026-04-03 19:30+02:00,0.000000
2026-04-03 19:45+02:00,0.000000
2026-04-03 20:00+02:00,0.000000
2026-04-03 20:15+02:00,0.000000
2026-04-03 20:30+02:00,0.000000
2026-04-03 20:45+02:00,0.000000
2026-04-03 21:00+02:00,0.000000
2026-04-03 21:15+02:00,0.000000
2026-04-03 21:30+02:00,0.000000
2026-04-03 21:45+02:00,0.000000
2026-04-03 22:00+02:00,0.000000
2026-04-03 22:15+02:00,0.000000
2026-04-03 22:30+02:00,0.000000
2026-04-03 22:45+02:00,0.000000
2026-04-03 23:00+02:00,0.000000
2026-04-03 23:15+02:00,0.000000
2026-04-03 23:30+02:00,0.000000
2026-04-03 23:45+02:00,0.000000
2026-04-04 00:00+02:00,0.000000
2026-04-04 00:15+02:00,0.000000
2026-04-04 00:30+02:00,0.000000
2026-04-04 00:45+02:00,0.000000
2026-04-04 01:00+02:00,0.000000
2026-04-04 01:15+02:00,0.000000
2026-04-04 01:30+02:00,0.000000
2026-04-04 01:45+02:00,0.000000
2026-04-04 02:00+02:00,0.000000
2026-04-04 02:15+02:00,0.000000
2026-04-04 02:30+02:00,0.000000
2026-04-04 02:45+02:00,0.000000
2026-04-04 03:00+02:00,2.378457
2026-04-04 03:15+02:00,2.445560
2026-04-04 03:30+02:00,2.380001
2026-04-04 03:45+02:00,
2026-04-04 04:00+02:00,2.476434
2026-04-04 04:15+02:00,2.506796
2026-04-04 04:30+02:00,2.590881
2026-04-04 04:45+02:00,2.523172
2026-04-04 05:00+02:00,2.216754
2026-04-04 05:15+02:00,2.661305
2026-04-04 05:30+02:00,2.494618
2026-04-04 05:45+02:00,2.498046
2026-04-04 06:00+02:00,2.397265
2026-04-04 06:15+02:00,2.646055
2026-04-04 06:30+02:00,2.578581
2026-04-04 06:45+02:00,2.401565
2026-04-04 07:00+02:00,2.514705
2026-04-04 07:15+02:00,2.435016
2026-04-04 07:30+02:00,2.581063
2026-04-04 07:45+02:00,2.496594
2026-04-04 08:00+02:00,
2026-04-04 08:15+02:00,2.691923
2026-04-04 08:30+02:00,2.495651
2026-04-04 08:45+02:00,2.553401
2026-04-04 09:00+02:00,2.579292
2026-04-04 09:15+02:00,2.438048
2026-04-04 09:30+02:00,2.471116
2026-04-04 09:45+02:00,2.368912
2026-04-04 10:00+02:00,2.424959
2026-04-04 10:15+02:00,2.475915
2026-04-04 10:30+02:00,2.644067
2026-04-04 10:45+02:00,0.000000
2026-04-04 11:00+02:00,0.000000
2026-04-04 11:15+02:00,0.000000
2026-04-04 11:30+02:00,0.000000
2026-04-04 11:45+02:00,0.000000
2026-04-04 12:00+02:00,0.000000
2026-04-04 12:15+02:00,
2026-04-04 12:30+02:00,0.000000
2026-04-04 12:45+02:00,0.000000
2026-04-04 13:00+02:00,0.000000
2026-04-04 13:15+02:00,0.000000
2026-04-04 13:30+02:00,0.000000
2026-04-04 13:45+02:00,0.000000
2026-04-04 14:00+02:00,0.000000
2026-04-04 14:15+02:00,0.000000
2026-04-04 14:30+02:00,0.000000
2026-04-04 14:45+02:00,0.000000
2026-04-04 15:00+02:00,0.000000
2026-04-04 15:15+02:00,0.000000
2026-04-04 15:30+02:00,0.000000
2026-04-04 15:45+02:00,0.000000
2026-04-04 16:00+02:00,0.000000
2026-04-04 16:15+02:00,0.000000
2026-04-04 16:30+02:00,0.000000
2026-04-04 16:45+02:00,0.000000
2026-04-04 17:00+02:00,0.000000
2026-04-04 17:15+02:00,0.000000
2026-04-04 17:30+02:00,0.000000
2026-04-04 17:45+02:00,0.000000
2026-04-04 18:00+02:00,0.000000
2026-04-04 18:15+02:00,0.000000
2026-04-04 18:30+02:00,0.000000
2026-04-04 18:45+02:00,0.000000
2026-04-04 19:00+02:00,0.000000
2026-04-04 19:15+02:00,0.000000
2026-04-04 19:30+02:00,0.000000
2026-04-04 19:45+02:00,0.000000
2026-04-04 20:00+02:00,0.000000
2026-04-04 20:15+02:00,0.000000
2026-04-04 20:30+02:00,0.000000
2026-04-04 20:45+02:00,0.000000
2026-04-04 21:00+02:00,0.000000
2026-04-04 21:15+02:00,0.000000
2026-04-04 21:30+02:00,0.000000
2026-04-04 21:45+02:00,0.000000
2026-04-04 22:00+02:00,0.000000
2026-04-04 22:15+02:00,0.000000
2026-04-04 22:30+02:00,0.000000
2026-04-04 22:45+02:00,0.000000
2026-04-04 23:00+02:00,0.000000
2026-04-04 23:15+02:00,0.000000
2026-04-04 23:30+02:00,0.000000
2026-04-04 23:45+02:00,0.000000
2026-04-05 00:00+02:00,0.000000
