timestamp,value_kwh
2026-01-05 00:15+01:00,85.658605
2026-01-05 00:30+01:00,73.941580
2026-01-05 00:45+01:00,78.041177
2026-01-05 01:00+01:00,65.216682
2026-01-05 01:15+01:00,71.001515
2026-01-05 01:30+01:00,59.634559
2026-01-05 01:45+01:00,
2026-01-05 02:00+01:00,
2026-01-05 02:15+01:00,77.863248
2026-01-05 02:30+01:00,70.726364
2026-01-05 02:45+01:00,81.699181
2026-01-05 03:00+01:00,66.780954
2026-01-05 03:15+01:00,60.030304
2026-01-05 03:30+01:00,53.991313
2026-01-05 03:45+01:00,
2026-01-05 04:00+01:00,65.020753
2026-01-05 04:15+01:00,76.589968
2026-01-05 04:30+01:00,69.066593
2026-01-05 04:45+01:00,79.810281
2026-01-05 05:00+01:00,61.436626
2026-01-05 05:15+01:00,71.195191
2026-01-05 05:30+01:00,60.350460
2026-01-05 05:45+01:00,72.486974
2026-01-05 06:00+01:00,3.271830
2026-01-05 06:15+01:00,2.797973
2026-01-05 06:30+01:00,
2026-01-05 06:45+01:00,3.808862
2026-01-05 07:00+01:00,30.968163
2026-01-05 07:15+01:00,4.653155
2026-01-05 07:30+01:00,4.702947
2026-01-05 07:45+01:00,43.950371
2026-01-05 08:00+01:00,4.363325
2026-01-05 08:15+01:00,5.121249
2026-01-05 08:30+01:00,3.564026
2026-01-05 08:45+01:00,0.000000
2026-01-05 09:00+01:00,5.324538
2026-01-05 09:15+01:00,36.801247
2026-01-05 09:30+01:00,42.500942
2026-01-05 09:45+01:00,4.573313
2026-01-05 10:00+01:00,4.178838
2026-01-05 10:15+01:00,39.921499
2026-01-05 10:30+01:00,42.670502
2026-01-05 10:45+01:00,44.627987
2026-01-05 11:00+01:00,4.520867
2026-01-05 11:15+01:00,44.014221
2026-01-05 11:30+01:00,2.288880
2026-01-05 11:45+01:00,2.949920
2026-01-05 12:00+01:00,0.000000
2026-01-05 12:15+01:00,5.646607
2026-01-05 12:30+01:00,4.999873
2026-01-05 12:45+01:00,5.521615
2026-01-05 13:00+01:00,4.917673
2026-01-05 13:15+01:00,6.099989
2026-01-05 13:30+01:00,3.819763
2026-01-05 13:45+01:00,
2026-01-05 14:00+01:00,5.117243
2026-01-05 14:15+01:00,2.716544
2026-01-05 14:30+01:00,5.695045
2026-01-05 14:45+01:00,48.004075
2026-01-05 15:00+01:00,4.916474
2026-01-05 15:15+01:00,3.066537
2026-01-05 15:30+01:00,4.186627
2026-01-05 15:45+01:00,6.329538
2026-01-05 16:00+01:00,37.240533
2026-01-05 16:15+01:00,4.918840
2026-01-05 16:30+01:00,5.564671
2026-01-05 16:45+01:00,33.048638
2026-01-05 17:00+01:00,39.550487
2026-01-05 17:15+01:00,39.200843
2026-01-05 17:30+01:00,4.454273
2026-01-05 17:45+01:00,
2026-01-05 18:00+01:00,4.382119
2026-01-05 18:15+01:00,4.907260
2026-01-05 18:30+01:00,5.087670
2026-01-05 18:45+01:00,44.117160
2026-01-05 19:00+01:00,69.260063
2026-01-05 19:15+01:00,69.571565
2026-01-05 19:30+01:00,75.847720
2026-01-05 19:45+01:00,71.242139
2026-01-05 20:00+01:00,72.259697
2026-01-05 20:15+01:00,81.112099
2026-01-05 20:30+01:00,69.862569
2026-01-05 20:45+01:00,67.153418
2026-01-05 21:00+01:00,69.902362
2026-01-05 21:15+01:00,70.971974
2026-01-05 21:30+01:00,80.127338
2026-01-05 21:45+01:00,78.886223
2026-01-05 22:00+01:00,52.874987
2026-01-05 22:15+01:00,58.786966
2026-01-05 22:30+01:00,64.222674
2026-01-05 22:45+01:00,70.297594
2026-01-05 23:00+01:00,80.450599
2026-01-05 23:15+01:00,72.889256
2026-01-05 23:30+01:00,63.056913
2026-01-05 23:45+01:00,76.249290
2026-01-06 00:00+01:00,69.595507
2026-01-06 00:15+01:00,77.246129
2026-01-06 00:30+01:00,67.270322
2026-01-06 00:45+01:00,70.290387
2026-01-06 01:00+01:00,72.433285
2026-01-06 01:15+01:00,75.208203
2026-01-06 01:30+01:00,63.237623
2026-01-06 01:45+01:00,64.277786
2026-01-06 02:00+01:00,67.562463
2026-01-06 02:15+01:00,76.718294
2026-01-06 02:30+01:00,64.610298
2026-01-06 02:45+01:00,60.001853
2026-01-06 03:00+01:00,74.536155
2026-01-06 03:15+01:00,64.456106
2026-01-06 03:30+01:00,71.295360
2026-01-06 03:45+01:00,71.675792
2026-01-06 04:00+01:00,69.368397
2026-01-06 04:15+01:00,70.449785
2026-01-06 04:30+01:00,66.446717
2026-01-06 04:45+01:00,67.587333
2026-01-06 05:00+01:00,73.225416
2026-01-06 05:15+01:00,73.502103
2026-01-06 05:30+01:00,60.163920
2026-01-06 05:45+01:00,67.744913
2026-01-06 06:00+01:00,3.675933
2026-01-06 06:15+01:00,5.023052
2026-01-06 06:30+01:00,4.564126
2026-01-06 06:45+01:00,4.207995
2026-01-06 07:00+01:00,2.410853
2026-01-06 07:15+01:00,2.149645
2026-01-06 07:30+01:00,39.748729
2026-01-06 07:45+01:00,3.813990
2026-01-06 08:00+01:00,0.000000
2026-01-06 08:15+01:00,2.677314
2026-01-06 08:30+01:00,2.810164
2026-01-06 08:45+01:00,4.539109
2026-01-06 09:00+01:00,40.327446
2026-01-06 09:15+01:00,40.483299
2026-01-06 09:30+01:00,40.358287
2026-01-06 09:45+01:00,42.413132
2026-01-06 10:00+01:00,36.032027
2026-01-06 10:15+01:00,37.106902
2026-01-06 10:30+01:00,5.551425
2026-01-06 10:45+01:00,3.622032
2026-01-06 11:00+01:00,43.264128
2026-01-06 11:15+01:00,3.337751
2026-01-06 11:30+01:00,42.467388
2026-01-06 11:45+01:00,4.194296
2026-01-06 12:00+01:00,
2026-01-06 12:15+01:00,4.804718
2026-01-06 12:30+01:00,4.019706
2026-01-06 12:45+01:00,4.879927
2026-01-06 13:00+01:00,35.160424
2026-01-06 13:15+01:00,33.774550
2026-01-06 13:30+01:00,2.295552
2026-01-06 13:45+01:00,6.428969
2026-01-06 14:00+01:00,5.988828
2026-01-06 14:15+01:00,38.454229
2026-01-06 14:30+01:00,38.633668
2026-01-06 14:45+01:00,
2026-01-06 15:00+01:00,
2026-01-06 15:15+01:00,5.311478
2026-01-06 15:30+01:00,4.531047
2026-01-06 15:45+01:00,41.698475
2026-01-06 16:00+01:00,42.334653
2026-01-06 16:15+01:00,48.489350
2026-01-06 16:30+01:00,35.666256
2026-01-06 16:45+01:00,41.739917
2026-01-06 17:00+01:00,3.188022
2026-01-06 17:15+01:00,42.489565
2026-01-06 17:30+01:00,5.984649
2026-01-06 17:45+01:00,4.822105
2026-01-06 18:00+01:00,2.917057
2026-01-06 18:15+01:00,
2026-01-06 18:30+01:00,41.145000
2026-01-06 18:45+01:00,4.806079
2026-01-06 19:00+01:00,58.824578
2026-01-06 19:15+01:00,59.583023
2026-01-06 19:30+01:00,77.187745
2026-01-06 19:45+01:00,73.052292
2026-01-06 20:00+01:00,87.764261
2026-01-06 20:15+01:00,77.754270
2026-01-06 20:30+01:00,67.055267
2026-01-06 20:45+01:00,
2026-01-06 21:00+01:00,66.131206
2026-01-06 21:15+01:00,74.480501
2026-01-06 21:30+01:00,65.412359
2026-01-06 21:45+01:00,68.242384
2026-01-06 22:00+01:00,69.349076
2026-01-06 22:15+01:00,77.174081
2026-01-06 22:30+01:00,62.840204
2026-01-06 22:45+01:00,63.159828
2026-01-06 23:00+01:00,72.408865
2026-01-06 23:15+01:00,72.021426
2026-01-06 23:30+01:00,75.191618
2026-01-06 23:45+01:00,80.850389
2026-01-07 00:00+01:00,57.967800
2026-01-07 00:15+01:00,71.465884
2026-01-07 00:30+01:00,90.354252
2026-01-07 00:45+01:00,75.548025
2026-01-07 01:00+01:00,60.003116
2026-01-07 01:15+01:00,60.262000
2026-01-07 01:30+01:00,76.997251
2026-01-07 01:45+01:00,85.100092
2026-01-07 02:00+01:00,79.547838
2026-01-07 02:15+01:00,63.171536
2026-01-07 02:30+01:00,65.186331
2026-01-07 02:45+01:00,71.728637
2026-01-07 03:00+01:00,67.870904
2026-01-07 03:15+01:00,66.378491
2026-01-07 03:30+01:00,79.087856
2026-01-07 03:45+01:00,57.664593
2026-01-07 04:00+01:00,
2026-01-07 04:15+01:00,75.224446
2026-01-07 04:30+01:00,69.298600
2026-01-07 04:45+01:00,74.125929
2026-01-07 05:00+01:00,80.057582
2026-01-07 05:15+01:00,65.920313
2026-01-07 05:30+01:00,68.915698
2026-01-07 05:45+01:00,74.912020
2026-01-07 06:00+01:00,
2026-01-07 06:15+01:00,37.832912
2026-01-07 06:30+01:00,3.634720
2026-01-07 06:45+01:00,2.271127
2026-01-07 07:00+01:00,4.857214
2026-01-07 07:15+01:00,39.881019
2026-01-07 07:30+01:00,4.479234
2026-01-07 07:45+01:00,41.528247
2026-01-07 08:00+01:00,0.000000
2026-01-07 08:15+01:00,
2026-01-07 08:30+01:00,4.517356
2026-01-07 08:45+01:00,33.482716
2026-01-07 09:00+01:00,38.817786
2026-01-07 09:15+01:00,5.937415
2026-01-07 09:30+01:00,38.710974
2026-01-07 09:45+01:00,1.527338
2026-01-07 10:00+01:00,4.483868
2026-01-07 10:15+01:00,4.194328
2026-01-07 10:30+01:00,4.978496
2026-01-07 10:45+01:00,44.359716
2026-01-07 11:00+01:00,3.981877
2026-01-07 11:15+01:00,36.191768
2026-01-07 11:30+01:00,39.875817
2026-01-07 11:45+01:00,3.440607
2026-01-07 12:00+01:00,4.082711
2026-01-07 12:15+01:00,5.542701
2026-01-07 12:30+01:00,4.764780
2026-01-07 12:45+01:00,32.161850
2026-01-07 13:00+01:00,46.767557
2026-01-07 13:15+01:00,2.782185
2026-01-07 13:30+01:00,4.827567
2026-01-07 13:45+01:00,5.681304
2026-01-07 14:00+01:00,43.365019
2026-01-07 14:15+01:00,39.905072
2026-01-07 14:30+01:00,5.330580
2026-01-07 14:45+01:00,3.682106
2026-01-07 15:00+01:00,
2026-01-07 15:15+01:00,0.000000
2026-01-07 15:30+01:00,5.676981
2026-01-07 15:45+01:00,4.320844
2026-01-07 16:00+01:00,0.000000
2026-01-07 16:15+01:00,37.752711
2026-01-07 16:30+01:00,
2026-01-07 16:45+01:00,4.169084
2026-01-07 17:00+01:00,40.872458
2026-01-07 17:15+01:00,4.632048
2026-01-07 17:30+01:00,3.530366
2026-01-07 17:45+01:00,5.014520
2026-01-07 18:00+01:00,37.558244
2026-01-07 18:15+01:00,39.721352
2026-01-07 18:30+01:00,40.584944
2026-01-07 18:45+01:00,41.109668
2026-01-07 19:00+01:00,74.265397
2026-01-07 19:15+01:00,59.566284
2026-01-07 19:30+01:00,73.012935
2026-01-07 19:45+01:00,61.637084
2026-01-07 20:00+01:00,69.477493
2026-01-07 20:15+01:00,64.161670
2026-01-07 20:30+01:00,69.195538
2026-01-07 20:45+01:00,62.576829
2026-01-07 21:00+01:00,70.926048
2026-01-07 21:15+01:00,74.269672
2026-01-07 21:30+01:00,68.091002
2026-01-07 21:45+01:00,71.566001
2026-01-07 22:00+01:00,68.965559
2026-01-07 22:15+01:00,75.206402
2026-01-07 22:30+01:00,73.588644
2026-01-07 22:45+01:00,68.082182
2026-01-07 23:00+01:00,73.409064
2026-01-07 23:15+01:00,67.367878
2026-01-07 23:30+01:00,64.524169
2026-01-07 23:45+01:00,67.915909
2026-01-08 00:00+01:00,
2026-01-08 00:15+01:00,68.805756
2026-01-08 00:30+01:00,73.587511
2026-01-08 00:45+01:00,67.970315
2026-01-08 01:00+01:00,79.784707
2026-01-08 01:15+01:00,68.348885
2026-01-08 01:30+01:00,66.558066
2026-01-08 01:45+01:00,78.875505
2026-01-08 02:00+01:00,69.190016
2026-01-08 02:15+01:00,66.351268
2026-01-08 02:30+01:00,64.018993
2026-01-08 02:45+01:00,55.429668
2026-01-08 03:00+01:00,63.582099
2026-01-08 03:15+01:00,74.262890
2026-01-08 03:30+01:00,66.028571
2026-01-08 03:45+01:00,70.389811
2026-01-08 04:00+01:00,64.120326
2026-01-08 04:15+01:00,68.552987
2026-01-08 04:30+01:00,80.985873
2026-01-08 04:45+01:00,53.379910
2026-01-08 05:00+01:00,63.825813
2026-01-08 05:15+01:00,63.636499
2026-01-08 05:30+01:00,71.862007
2026-01-08 05:45+01:00,68.503039
2026-01-08 06:00+01:00,3.638898
2026-01-08 06:15+01:00,5.334218
2026-01-08 06:30+01:00,33.674157
2026-01-08 06:45+01:00,45.279492
2026-01-08 07:00+01:00,6.576360
2026-01-08 07:15+01:00,
2026-01-08 07:30+01:00,44.733747
2026-01-08 07:45+01:00,39.951117
2026-01-08 08:00+01:00,2.056384
2026-01-08 08:15+01:00,5.980361
2026-01-08 08:30+01:00,4.338348
2026-01-08 08:45+01:00,35.618137
2026-01-08 09:00+01:00,4.490439
2026-01-08 09:15+01:00,34.485432
2026-01-08 09:30+01:00,39.057321
2026-01-08 09:45+01:00,3.938423
2026-01-08 10:00+01:00,38.020707
2026-01-08 10:15+01:00,3.709605
2026-01-08 10:30+01:00,5.894616
2026-01-08 10:45+01:00,4.357337
2026-01-08 11:00+01:00,4.117410
2026-01-08 11:15+01:00,6.146440
2026-01-08 11:30+01:00,4.511139
2026-01-08 11:45+01:00,42.320196
2026-01-08 12:00+01:00,7.421522
2026-01-08 12:15+01:00,3.778997
2026-01-08 12:30+01:00,4.661896
2026-01-08 12:45+01:00,
2026-01-08 13:00+01:00,4.333200
2026-01-08 13:15+01:00,1.890884
2026-01-08 13:30+01:00,40.366232
2026-01-08 13:45+01:00,
2026-01-08 14:00+01:00,46.656656
2026-01-08 14:15+01:00,43.762319
2026-01-08 14:30+01:00,4.287687
2026-01-08 14:45+01:00,40.244900
2026-01-08 15:00+01:00,3.513511
2026-01-08 15:15+01:00,4.697848
2026-01-08 15:30+01:00,41.030377
2026-01-08 15:45+01:00,1.685035
2026-01-08 16:00+01:00,3.869866
2026-01-08 16:15+01:00,5.642262
2026-01-08 16:30+01:00,5.673854
2026-01-08 16:45+01:00,4.029009
2026-01-08 17:00+01:00,1.599528
2026-01-08 17:15+01:00,4.520113
2026-01-08 17:30+01:00,3.718411
2026-01-08 17:45+01:00,43.232614
2026-01-08 18:00+01:00,5.439828
2026-01-08 18:15+01:00,
2026-01-08 18:30+01:00,4.487873
2026-01-08 18:45+01:00,0.000000
2026-01-08 19:00+01:00,62.317728
2026-01-08 19:15+01:00,56.640652
2026-01-08 19:30+01:00,65.773246
2026-01-08 19:45+01:00,62.415895
2026-01-08 20:00+01:00,72.856496
2026-01-08 20:15+01:00,82.899482
2026-01-08 20:30+01:00,
2026-01-08 20:45+01:00,
2026-01-08 21:00+01:00,75.568140
2026-01-08 21:15+01:00,64.538652
2026-01-08 21:30+01:00,59.850496
2026-01-08 21:45+01:00,67.483644
2026-01-08 22:00+01:00,63.878089
2026-01-08 22:15+01:00,71.661062
2026-01-08 22:30+01:00,78.049710
2026-01-08 22:45+01:00,75.627982
2026-01-08 23:00+01:00,60.541731
2026-01-08 23:15+01:00,57.571202
2026-01-08 23:30+01:00,54.793298
2026-01-08 23:45+01:00,65.881235
2026-01-09 00:00+01:00,56.031356
2026-01-09 00:15+01:00,66.119824
2026-01-09 00:30+01:00,69.085856
2026-01-09 00:45+01:00,
2026-01-09 01:00+01:00,70.590792
2026-01-09 01:15+01:00,64.036166
2026-01-09 01:30+01:00,72.205233
2026-01-09 01:45+01:00,70.174744
2026-01-09 02:00+01:00,57.664423
2026-01-09 02:15+01:00,66.703925
2026-01-09 02:30+01:00,
2026-01-09 02:45+01:00,68.328349
2026-01-09 03:00+01:00,
2026-01-09 03:15+01:00,64.383429
2026-01-09 03:30+01:00,64.547326
2026-01-09 03:45+01:00,76.657526
2026-01-09 04:00+01:00,70.023431
2026-01-09 04:15+01:00,67.947542
2026-01-09 04:30+01:00,73.612240
2026-01-09 04:45+01:00,61.394035
2026-01-09 05:00+01:00,79.826029
2026-01-09 05:15+01:00,72.634417
2026-01-09 05:30+01:00,84.362803
2026-01-09 05:45+01:00,62.280634
2026-01-09 06:00+01:00,34.698756
2026-01-09 06:15+01:00,1.591616
2026-01-09 06:30+01:00,3.278357
2026-01-09 06:45+01:00,2.527009
2026-01-09 07:00+01:00,0.000000
2026-01-09 07:15+01:00,4.772617
2026-01-09 07:30+01:00,4.559740
2026-01-09 07:45+01:00,38.644165
2026-01-09 08:00+01:00,41.660140
2026-01-09 08:15+01:00,36.889724
2026-01-09 08:30+01:00,3.956350
2026-01-09 08:45+01:00,31.338687
2026-01-09 09:00+01:00,3.592058
2026-01-09 09:15+01:00,38.800530
2026-01-09 09:30+01:00,
2026-01-09 09:45+01:00,39.134871
2026-01-09 10:00+01:00,3.239960
2026-01-09 10:15+01:00,0.000000
2026-01-09 10:30+01:00,37.486479
2026-01-09 10:45+01:00,0.000000
2026-01-09 11:00+01:00,5.361530
2026-01-09 11:15+01:00,0.000000
2026-01-09 11:30+01:00,3.352685
2026-01-09 11:45+01:00,41.915832
2026-01-09 12:00+01:00,39.541654
2026-01-09 12:15+01:00,36.387049
2026-01-09 12:30+01:00,5.571650
2026-01-09 12:45+01:00,3.543543
2026-01-09 13:00+01:00,
2026-01-09 13:15+01:00,0.000000
2026-01-09 13:30+01:00,4.205574
2026-01-09 13:45+01:00,3.560082
2026-01-09 14:00+01:00,39.912257
2026-01-09 14:15+01:00,5.508573
2026-01-09 14:30+01:00,4.043131
2026-01-09 14:45+01:00,4.611170
2026-01-09 15:00+01:00,3.493915
2026-01-09 15:15+01:00,0.000000
2026-01-09 15:30+01:00,39.753240
2026-01-09 15:45+01:00,36.542656
2026-01-09 16:00+01:00,40.224692
2026-01-09 16:15+01:00,2.339970
2026-01-09 16:30+01:00,3.909590
2026-01-09 16:45+01:00,44.292907
2026-01-09 17:00+01:00,3.625381
2026-01-09 17:15+01:00,37.626381
2026-01-09 17:30+01:00,4.518233
2026-01-09 17:45+01:00,38.316305
2026-01-09 18:00+01:00,40.714194
2026-01-09 18:15+01:00,3.755613
2026-01-09 18:30+01:00,37.273908
2026-01-09 18:45+01:00,2.752819
2026-01-09 19:00+01:00,70.314953
2026-01-09 19:15+01:00,64.315192
2026-01-09 19:30+01:00,69.413583
2026-01-09 19:45+01:00,74.899666
2026-01-09 20:00+01:00,58.856049
2026-01-09 20:15+01:00,67.439670
2026-01-09 20:30+01:00,74.252565
2026-01-09 20:45+01:00,66.763904
2026-01-09 21:00+01:00,78.835072
2026-01-09 21:15+01:00,59.627944
2026-01-09 21:30+01:00,63.326443
2026-01-09 21:45+01:00,72.995265
2026-01-09 22:00+01:00,68.787408
2026-01-09 22:15+01:00,71.962691
2026-01-09 22:30+01:00,63.972154
2026-01-09 22:45+01:00,72.982317
2026-01-09 23:00+01:00,69.343642
2026-01-09 23:15+01:00,57.335637
2026-01-09 23:30+01:00,86.025614
2026-01-09 23:45+01:00,64.830621
2026-01-10 00:00+01:00,80.108430
2026-01-10 00:15+01:00,71.221248
2026-01-10 00:30+01:00,60.255891
2026-01-10 00:45+01:00,71.011463
2026-01-10 01:00+01:00,64.718848
2026-01-10 01:15+01:00,64.416413
2026-01-10 01:30+01:00,63.721923
2026-01-10 01:45+01:00,78.710530
2026-01-10 02:00+01:00,65.188308
2026-01-10 02:15+01:00,72.147759
2026-01-10 02:30+01:00,70.281159
2026-01-10 02:45+01:00,68.019424
2026-01-10 03:00+01:00,70.584960
2026-01-10 03:15+01:00,63.387248
2026-01-10 03:30+01:00,66.152621
2026-01-10 03:45+01:00,67.413630
2026-01-10 04:00+01:00,63.403493
2026-01-10 04:15+01:00,70.495837
2026-01-10 04:30+01:00,65.849608
2026-01-10 04:45+01:00,63.367819
2026-01-10 05:00+01:00,72.104906
2026-01-10 05:15+01:00,76.378107
2026-01-10 05:30+01:00,
2026-01-10 05:45+01:00,66.968294
2026-01-10 06:00+01:00,3.951029
2026-01-10 06:15+01:00,
2026-01-10 06:30+01:00,4.998135
2026-01-10 06:45+01:00,4.418439
2026-01-10 07:00+01:00,4.191403
2026-01-10 07:15+01:00,4.941564
2026-01-10 07:30+01:00,5.373989
2026-01-10 07:45+01:00,4.191226
2026-01-10 08:00+01:00,3.532185
2026-01-10 08:15+01:00,4.148214
2026-01-10 08:30+01:00,6.103466
2026-01-10 08:45+01:00,4.719563
2026-01-10 09:00+01:00,1.435069
2026-01-10 09:15+01:00,3.278011
2026-01-10 09:30+01:00,
2026-01-10 09:45+01:00,6.607613
2026-01-10 10:00+01:00,2.421679
2026-01-10 10:15+01:00,3.955431
2026-01-10 10:30+01:00,4.030588
2026-01-10 10:45+01:00,3.558430
2026-01-10 11:00+01:00,4.942273
2026-01-10 11:15+01:00,4.069126
2026-01-10 11:30+01:00,4.467446
2026-01-10 11:45+01:00,4.685470
2026-01-10 12:00+01:00,3.688729
2026-01-10 12:15+01:00,3.657118
2026-01-10 12:30+01:00,4.820423
2026-01-10 12:45+01:00,5.751527
2026-01-10 13:00+01:00,0.000000
2026-01-10 13:15+01:00,3.355482
2026-01-10 13:30+01:00,5.666861
2026-01-10 13:45+01:00,0.469907
2026-01-10 14:00+01:00,5.190222
2026-01-10 14:15+01:00,4.632699
2026-01-10 14:30+01:00,5.813641
2026-01-10 14:45+01:00,5.233229
2026-01-10 15:00+01:00,5.318579
2026-01-10 15:15+01:00,4.544613
2026-01-10 15:30+01:00,4.049982
2026-01-10 15:45+01:00,3.895678
2026-01-10 16:00+01:00,2.654791
2026-01-10 16:15+01:00,3.575272
2026-01-10 16:30+01:00,3.829799
2026-01-10 16:45+01:00,3.835764
2026-01-10 17:00+01:00,3.068565
2026-01-10 17:15+01:00,4.049735
2026-01-10 17:30+01:00,5.200764
2026-01-10 17:45+01:00,6.144817
2026-01-10 18:00+01:00,0.000000
2026-01-10 18:15+01:00,3.353507
2026-01-10 18:30+01:00,3.191033
2026-01-10 18:45+01:00,3.360041
2026-01-10 19:00+01:00,70.248475
2026-01-10 19:15+01:00,81.704647
2026-01-10 19:30+01:00,68.027761
2026-01-10 19:45+01:00,62.332254
2026-01-10 20:00+01:00,52.375939
2026-01-10 20:15+01:00,80.751035
2026-01-10 20:30+01:00,69.422419
2026-01-10 20:45+01:00,67.657860
2026-01-10 21:00+01:00,63.276855
2026-01-10 21:15+01:00,72.631063
2026-01-10 21:30+01:00,65.218654
2026-01-10 21:45+01:00,69.048443
2026-01-10 22:00+01:00,
2026-01-10 22:15+01:00,67.446035
2026-01-10 22:30+01:00,68.210962
2026-01-10 22:45+01:00,72.865315
2026-01-10 23:00+01:00,75.994232
2026-01-10 23:15+01:00,62.345390
2026-01-10 23:30+01:00,61.906349
2026-01-10 23:45+01:00,57.442403
2026-01-11 00:00+01:00,70.828454
2026-01-11 00:15+01:00,85.590281
2026-01-11 00:30+01:00,62.422313
2026-01-11 00:45+01:00,
2026-01-11 01:00+01:00,71.588890
2026-01-11 01:15+01:00,76.164783
2026-01-11 01:30+01:00,71.490326
2026-01-11 01:45+01:00,68.858338
2026-01-11 02:00+01:00,71.384414
2026-01-11 02:15+01:00,82.901361
2026-01-11 02:30+01:00,79.325519
2026-01-11 02:45+01:00,77.538600
2026-01-11 03:00+01:00,76.593985
2026-01-11 03:15+01:00,71.719861
2026-01-11 03:30+01:00,57.809817
2026-01-11 03:45+01:00,54.070360
2026-01-11 04:00+01:00,78.078696
2026-01-11 04:15+01:00,73.213453
2026-01-11 04:30+01:00,64.749548
2026-01-11 04:45+01:00,64.006929
2026-01-11 05:00+01:00,73.181702
2026-01-11 05:15+01:00,75.342426
2026-01-11 05:30+01:00,65.704141
2026-01-11 05:45+01:00,65.417244
2026-01-11 06:00+01:00,4.554771
2026-01-11 06:15+01:00,3.878802
2026-01-11 06:30+01:00,3.381677
2026-01-11 06:45+01:00,4.316762
2026-01-11 07:00+01:00,3.743000
2026-01-11 07:15+01:00,1.573732
2026-01-11 07:30+01:00,3.813057
2026-01-11 07:45+01:00,4.669629
2026-01-11 08:00+01:00,4.987449
2026-01-11 08:15+01:00,5.216818
2026-01-11 08:30+01:00,2.512678
2026-01-11 08:45+01:00,0.000000
2026-01-11 09:00+01:00,0.000000
2026-01-11 09:15+01:00,3.850908
2026-01-11 09:30+01:00,3.365209
2026-01-11 09:45+01:00,3.523845
2026-01-11 10:00+01:00,3.393677
2026-01-11 10:15+01:00,3.917352
2026-01-11 10:30+01:00,4.471393
2026-01-11 10:45+01:00,4.758852
2026-01-11 11:00+01:00,
2026-01-11 11:15+01:00,0.000000
2026-01-11 11:30+01:00,4.641854
2026-01-11 11:45+01:00,5.799601
2026-01-11 12:00+01:00,5.355271
2026-01-11 12:15+01:00,3.608162
2026-01-11 12:30+01:00,5.879839
2026-01-11 12:45+01:00,6.384014
2026-01-11 13:00+01:00,4.569902
2026-01-11 13:15+01:00,3.867212
2026-01-11 13:30+01:00,0.000000
2026-01-11 13:45+01:00,5.179095
2026-01-11 14:00+01:00,5.146331
2026-01-11 14:15+01:00,2.828914
2026-01-11 14:30+01:00,4.016820
2026-01-11 14:45+01:00,2.038974
2026-01-11 15:00+01:00,
2026-01-11 15:15+01:00,2.439541
2026-01-11 15:30+01:00,3.658926
2026-01-11 15:45+01:00,3.337117
2026-01-11 16:00+01:00,4.220897
2026-01-11 16:15+01:00,4.758103
2026-01-11 16:30+01:00,5.439510
2026-01-11 16:45+01:00,3.759665
2026-01-11 17:00+01:00,3.826580
2026-01-11 17:15+01:00,4.652800
2026-01-11 17:30+01:00,5.229814
2026-01-11 17:45+01:00,4.554241
2026-01-11 18:00+01:00,5.464218
2026-01-11 18:15+01:00,4.147843
2026-01-11 18:30+01:00,3.846886
2026-01-11 18:45+01:00,4.790371
2026-01-11 19:00+01:00,69.570754
2026-01-11 19:15+01:00,76.867051
2026-01-11 19:30+01:00,63.943530
2026-01-11 19:45+01:00,69.260465
2026-01-11 20:00+01:00,70.886829
2026-01-11 20:15+01:00,70.049997
2026-01-11 20:30+01:00,72.966556
2026-01-11 20:45+01:00,81.646413
2026-01-11 21:00+01:00,73.485105
2026-01-11 21:15+01:00,70.858608
2026-01-11 21:30+01:00,73.704860
2026-01-11 21:45+01:00,56.538317
2026-01-11 22:00+01:00,73.632528
2026-01-11 22:15+01:00,68.631622
2026-01-11 22:30+01:00,71.017644
2026-01-11 22:45+01:00,67.893316
2026-01-11 23:00+01:00,67.438634
2026-01-11 23:15+01:00,69.852608
2026-01-11 23:30+01:00,
2026-01-11 23:45+01:00,68.011701
2026-01-12 00:00+01:00,79.185195
2026-01-12 00:15+01:00,80.902534
2026-01-12 00:30+01:00,70.968726
2026-01-12 00:45+01:00,77.374813
2026-01-12 01:00+01:00,66.317643
2026-01-12 01:15+01:00,60.711100
2026-01-12 01:30+01:00,65.721563
2026-01-12 01:45+01:00,75.202184
2026-01-12 02:00+01:00,
2026-01-12 02:15+01:00,66.849434
2026-01-12 02:30+01:00,56.354892
2026-01-12 02:45+01:00,79.633739
2026-01-12 03:00+01:00,68.403102
2026-01-12 03:15+01:00,78.550533
2026-01-12 03:30+01:00,72.208415
2026-01-12 03:45+01:00,69.605472
2026-01-12 04:00+01:00,73.511481
2026-01-12 04:15+01:00,78.868564
2026-01-12 04:30+01:00,75.120083
2026-01-12 04:45+01:00,
2026-01-12 05:00+01:00,
2026-01-12 05:15+01:00,69.102489
2026-01-12 05:30+01:00,66.864380
2026-01-12 05:45+01:00,
2026-01-12 06:00+01:00,
2026-01-12 06:15+01:00,40.146877
2026-01-12 06:30+01:00,5.359463
2026-01-12 06:45+01:00,41.526326
2026-01-12 07:00+01:00,39.934049
2026-01-12 07:15+01:00,4.164688
2026-01-12 07:30+01:00,
2026-01-12 07:45+01:00,4.282736
2026-01-12 08:00+01:00,41.539747
2026-01-12 08:15+01:00,0.000000
2026-01-12 08:30+01:00,43.203205
2026-01-12 08:45+01:00,3.066558
2026-01-12 09:00+01:00,5.598204
2026-01-12 09:15+01:00,45.019841
2026-01-12 09:30+01:00,32.595846
2026-01-12 09:45+01:00,0.000000
2026-01-12 10:00+01:00,2.869836
2026-01-12 10:15+01:00,45.293969
2026-01-12 10:30+01:00,42.457320
2026-01-12 10:45+01:00,3.871978
2026-01-12 11:00+01:00,43.694519
2026-01-12 11:15+01:00,3.789334
2026-01-12 11:30+01:00,36.907145
2026-01-12 11:45+01:00,3.399717
2026-01-12 12:00+01:00,4.235283
2026-01-12 12:15+01:00,4.606180
2026-01-12 12:30+01:00,5.484002
2026-01-12 12:45+01:00,42.273956
2026-01-12 13:00+01:00,35.419430
2026-01-12 13:15+01:00,46.123950
2026-01-12 13:30+01:00,31.716575
2026-01-12 13:45+01:00,4.198025
2026-01-12 14:00+01:00,5.017281
2026-01-12 14:15+01:00,3.745638
2026-01-12 14:30+01:00,4.704528
2026-01-12 14:45+01:00,3.286303
2026-01-12 15:00+01:00,4.011601
2026-01-12 15:15+01:00,37.872197
2026-01-12 15:30+01:00,2.960549
2026-01-12 15:45+01:00,3.974443
2026-01-12 16:00+01:00,4.829413
2026-01-12 16:15+01:00,45.285552
2026-01-12 16:30+01:00,3.791788
2026-01-12 16:45+01:00,5.845613
2026-01-12 17:00+01:00,35.326207
2026-01-12 17:15+01:00,5.310690
2026-01-12 17:30+01:00,36.045444
2026-01-12 17:45+01:00,3.641205
2026-01-12 18:00+01:00,4.878417
2026-01-12 18:15+01:00,35.427907
2026-01-12 18:30+01:00,4.008273
2026-01-12 18:45+01:00,4.943133
2026-01-12 19:00+01:00,74.119989
2026-01-12 19:15+01:00,70.590647
2026-01-12 19:30+01:00,77.771123
2026-01-12 19:45+01:00,66.496274
2026-01-12 20:00+01:00,67.936397
2026-01-12 20:15+01:00,68.231255
2026-01-12 20:30+01:00,73.110972
2026-01-12 20:45+01:00,72.432178
2026-01-12 21:00+01:00,66.287567
2026-01-12 21:15+01:00,68.091414
2026-01-12 21:30+01:00,66.574401
2026-01-12 21:45+01:00,78.520677
2026-01-12 22:00+01:00,71.271752
2026-01-12 22:15+01:00,66.675253
2026-01-12 22:30+01:00,70.256478
2026-01-12 22:45+01:00,71.106047
2026-01-12 23:00+01:00,48.955127
2026-01-12 23:15+01:00,69.088940
2026-01-12 23:30+01:00,
2026-01-12 23:45+01:00,78.731157
2026-01-13 00:00+01:00,67.756268
2026-01-13 00:15+01:00,62.949307
2026-01-13 00:30+01:00,67.140441
2026-01-13 00:45+01:00,75.490543
2026-01-13 01:00+01:00,80.275257
2026-01-13 01:15+01:00,71.911655
2026-01-13 01:30+01:00,75.272523
2026-01-13 01:45+01:00,75.182590
2026-01-13 02:00+01:00,53.647655
2026-01-13 02:15+01:00,63.818931
2026-01-13 02:30+01:00,68.616408
2026-01-13 02:45+01:00,58.204313
2026-01-13 03:00+01:00,67.702320
2026-01-13 03:15+01:00,60.434194
2026-01-13 03:30+01:00,70.220384
2026-01-13 03:45+01:00,65.432224
2026-01-13 04:00+01:00,73.284643
2026-01-13 04:15+01:00,75.825788
2026-01-13 04:30+01:00,63.997138
2026-01-13 04:45+01:00,74.297043
2026-01-13 05:00+01:00,68.216842
2026-01-13 05:15+01:00,66.137093
2026-01-13 05:30+01:00,71.301254
2026-01-13 05:45+01:00,
2026-01-13 06:00+01:00,3.973314
2026-01-13 06:15+01:00,43.298209
2026-01-13 06:30+01:00,39.089368
2026-01-13 06:45+01:00,3.567173
2026-01-13 07:00+01:00,36.793260
2026-01-13 07:15+01:00,31.422748
2026-01-13 07:30+01:00,4.424717
2026-01-13 07:45+01:00,42.003751
2026-01-13 08:00+01:00,5.024441
2026-01-13 08:15+01:00,4.232608
2026-01-13 08:30+01:00,38.502335
2026-01-13 08:45+01:00,
2026-01-13 09:00+01:00,4.830983
2026-01-13 09:15+01:00,3.899096
2026-01-13 09:30+01:00,3.892567
2026-01-13 09:45+01:00,3.100953
2026-01-13 10:00+01:00,6.134070
2026-01-13 10:15+01:00,38.434322
2026-01-13 10:30+01:00,38.307431
2026-01-13 10:45+01:00,3.745646
2026-01-13 11:00+01:00,6.091324
2026-01-13 11:15+01:00,
2026-01-13 11:30+01:00,4.648427
2026-01-13 11:45+01:00,3.302990
2026-01-13 12:00+01:00,40.578659
2026-01-13 12:15+01:00,0.000000
2026-01-13 12:30+01:00,3.827005
2026-01-13 12:45+01:00,3.577531
2026-01-13 13:00+01:00,37.853192
2026-01-13 13:15+01:00,1.240584
2026-01-13 13:30+01:00,
2026-01-13 13:45+01:00,
2026-01-13 14:00+01:00,
2026-01-13 14:15+01:00,36.505472
2026-01-13 14:30+01:00,3.916286
2026-01-13 14:45+01:00,6.497480
2026-01-13 15:00+01:00,3.611489
2026-01-13 15:15+01:00,33.159917
2026-01-13 15:30+01:00,3.991889
2026-01-13 15:45+01:00,38.138149
2026-01-13 16:00+01:00,4.784580
2026-01-13 16:15+01:00,41.056065
2026-01-13 16:30+01:00,4.615138
2026-01-13 16:45+01:00,42.318748
2026-01-13 17:00+01:00,5.258574
2026-01-13 17:15+01:00,3.745485
2026-01-13 17:30+01:00,5.069127
2026-01-13 17:45+01:00,4.494436
2026-01-13 18:00+01:00,44.689478
2026-01-13 18:15+01:00,45.648199
2026-01-13 18:30+01:00,5.000021
2026-01-13 18:45+01:00,41.040662
2026-01-13 19:00+01:00,59.539350
2026-01-13 19:15+01:00,67.956570
2026-01-13 19:30+01:00,65.215474
2026-01-13 19:45+01:00,76.886980
2026-01-13 20:00+01:00,
2026-01-13 20:15+01:00,69.745776
2026-01-13 20:30+01:00,66.860136
2026-01-13 20:45+01:00,74.151025
2026-01-13 21:00+01:00,64.144945
2026-01-13 21:15+01:00,67.652029
2026-01-13 21:30+01:00,60.275450
2026-01-13 21:45+01:00,78.600275
2026-01-13 22:00+01:00,73.770955
2026-01-13 22:15+01:00,63.364522
2026-01-13 22:30+01:00,65.611557
2026-01-13 22:45+01:00,74.737745
2026-01-13 23:00+01:00,65.826801
2026-01-13 23:15+01:00,69.437761
2026-01-13 23:30+01:00,67.524734
2026-01-13 23:45+01:00,69.833109
2026-01-14 00:00+01:00,71.013826
2026-01-14 00:15+01:00,
2026-01-14 00:30+01:00,64.404953
2026-01-14 00:45+01:00,62.016943
2026-01-14 01:00+01:00,62.215534
2026-01-14 01:15+01:00,56.567733
2026-01-14 01:30+01:00,77.528950
2026-01-14 01:45+01:00,67.261174
2026-01-14 02:00+01:00,63.142054
2026-01-14 02:15+01:00,76.173535
2026-01-14 02:30+01:00,78.210960
2026-01-14 02:45+01:00,67.213233
2026-01-14 03:00+01:00,69.477346
2026-01-14 03:15+01:00,66.570814
2026-01-14 03:30+01:00,68.998740
2026-01-14 03:45+01:00,63.192492
2026-01-14 04:00+01:00,70.835793
2026-01-14 04:15+01:00,64.600546
2026-01-14 04:30+01:00,
2026-01-14 04:45+01:00,61.526746
2026-01-14 05:00+01:00,65.483470
2026-01-14 05:15+01:00,68.266485
2026-01-14 05:30+01:00,79.664305
2026-01-14 05:45+01:00,76.442131
2026-01-14 06:00+01:00,4.157356
2026-01-14 06:15+01:00,3.337721
2026-01-14 06:30+01:00,38.984821
2026-01-14 06:45+01:00,37.634735
2026-01-14 07:00+01:00,3.050437
2026-01-14 07:15+01:00,5.492423
2026-01-14 07:30+01:00,2.349082
2026-01-14 07:45+01:00,4.723098
2026-01-14 08:00+01:00,3.901534
2026-01-14 08:15+01:00,5.281393
2026-01-14 08:30+01:00,5.604277
2026-01-14 08:45+01:00,3.696983
2026-01-14 09:00+01:00,
2026-01-14 09:15+01:00,0.000000
2026-01-14 09:30+01:00,39.416178
2026-01-14 09:45+01:00,3.867025
2026-01-14 10:00+01:00,4.339924
2026-01-14 10:15+01:00,
2026-01-14 10:30+01:00,31.925328
2026-01-14 10:45+01:00,
2026-01-14 11:00+01:00,2.541890
2026-01-14 11:15+01:00,35.844237
2026-01-14 11:30+01:00,
2026-01-14 11:45+01:00,
2026-01-14 12:00+01:00,4.059678
2026-01-14 12:15+01:00,0.000000
2026-01-14 12:30+01:00,4.609583
2026-01-14 12:45+01:00,3.489869
2026-01-14 13:00+01:00,6.612080
2026-01-14 13:15+01:00,6.201067
2026-01-14 13:30+01:00,4.672567
2026-01-14 13:45+01:00,2.379976
2026-01-14 14:00+01:00,2.127346
2026-01-14 14:15+01:00,29.917771
2026-01-14 14:30+01:00,31.624372
2026-01-14 14:45+01:00,3.867487
2026-01-14 15:00+01:00,4.562966
2026-01-14 15:15+01:00,0.000000
2026-01-14 15:30+01:00,4.203403
2026-01-14 15:45+01:00,2.152604
2026-01-14 16:00+01:00,4.966879
2026-01-14 16:15+01:00,3.202225
2026-01-14 16:30+01:00,5.914803
2026-01-14 16:45+01:00,0.000000
2026-01-14 17:00+01:00,40.408920
2026-01-14 17:15+01:00,5.320138
2026-01-14 17:30+01:00,
2026-01-14 17:45+01:00,46.087540
2026-01-14 18:00+01:00,5.576547
2026-01-14 18:15+01:00,6.323396
2026-01-14 18:30+01:00,39.378590
2026-01-14 18:45+01:00,0.000000
2026-01-14 19:00+01:00,71.858818
2026-01-14 19:15+01:00,66.929122
2026-01-14 19:30+01:00,
2026-01-14 19:45+01:00,66.989853
2026-01-14 20:00+01:00,63.453473
2026-01-14 20:15+01:00,75.586658
2026-01-14 20:30+01:00,71.753928
2026-01-14 20:45+01:00,72.512844
2026-01-14 21:00+01:00,67.998090
2026-01-14 21:15+01:00,75.940459
2026-01-14 21:30+01:00,75.757181
2026-01-14 21:45+01:00,78.454650
2026-01-14 22:00+01:00,81.164573
2026-01-14 22:15+01:00,70.275698
2026-01-14 22:30+01:00,65.683128
2026-01-14 22:45+01:00,72.451632
2026-01-14 23:00+01:00,70.975743
2026-01-14 23:15+01:00,62.753662
2026-01-14 23:30+01:00,78.578124
2026-01-14 23:45+01:00,71.304676
2026-01-15 00:00+01:00,78.846193
2026-01-15 00:15+01:00,69.056109
2026-01-15 00:30+01:00,73.002607
2026-01-15 00:45+01:00,68.787803
2026-01-15 01:00+01:00,67.724451
2026-01-15 01:15+01:00,78.434161
2026-01-15 01:30+01:00,69.615751
2026-01-15 01:45+01:00,72.247608
2026-01-15 02:00+01:00,70.577045
2026-01-15 02:15+01:00,66.788467
2026-01-15 02:30+01:00,71.609661
2026-01-15 02:45+01:00,61.645896
2026-01-15 03:00+01:00,68.461819
2026-01-15 03:15+01:00,
2026-01-15 03:30+01:00,64.368057
2026-01-15 03:45+01:00,69.727792
2026-01-15 04:00+01:00,76.378805
2026-01-15 04:15+01:00,69.644781
2026-01-15 04:30+01:00,75.958607
2026-01-15 04:45+01:00,69.378983
2026-01-15 05:00+01:00,68.519358
2026-01-15 05:15+01:00,68.491435
2026-01-15 05:30+01:00,68.206958
2026-01-15 05:45+01:00,64.964619
2026-01-15 06:00+01:00,5.861145
2026-01-15 06:15+01:00,5.095761
2026-01-15 06:30+01:00,
2026-01-15 06:45+01:00,4.505200
2026-01-15 07:00+01:00,4.637474
2026-01-15 07:15+01:00,4.117172
2026-01-15 07:30+01:00,4.665331
2026-01-15 07:45+01:00,4.936248
2026-01-15 08:00+01:00,4.451034
2026-01-15 08:15+01:00,5.017064
2026-01-15 08:30+01:00,37.743013
2026-01-15 08:45+01:00,2.983639
2026-01-15 09:00+01:00,3.376417
2026-01-15 09:15+01:00,40.170697
2026-01-15 09:30+01:00,36.221663
2026-01-15 09:45+01:00,1.883100
2026-01-15 10:00+01:00,43.565338
2026-01-15 10:15+01:00,3.793836
2026-01-15 10:30+01:00,4.016187
2026-01-15 10:45+01:00,44.278533
2026-01-15 11:00+01:00,
2026-01-15 11:15+01:00,
2026-01-15 11:30+01:00,3.766275
2026-01-15 11:45+01:00,40.479505
2026-01-15 12:00+01:00,2.445747
2026-01-15 12:15+01:00,34.075223
2026-01-15 12:30+01:00,37.869229
2026-01-15 12:45+01:00,4.988656
2026-01-15 13:00+01:00,46.028413
2026-01-15 13:15+01:00,38.392252
2026-01-15 13:30+01:00,3.596495
2026-01-15 13:45+01:00,4.317598
2026-01-15 14:00+01:00,2.885194
2026-01-15 14:15+01:00,36.704940
2026-01-15 14:30+01:00,3.803065
2026-01-15 14:45+01:00,3.293698
2026-01-15 15:00+01:00,1.776641
2026-01-15 15:15+01:00,
2026-01-15 15:30+01:00,
2026-01-15 15:45+01:00,
2026-01-15 16:00+01:00,
2026-01-15 16:15+01:00,
2026-01-15 16:30+01:00,
2026-01-15 16:45+01:00,
2026-01-15 17:00+01:00,
2026-01-15 17:15+01:00,
2026-01-15 17:30+01:00,
2026-01-15 17:45+01:00,
2026-01-15 18:00+01:00,39.988358
2026-01-15 18:15+01:00,36.202226
2026-01-15 18:30+01:00,37.043675
2026-01-15 18:45+01:00,34.019434
2026-01-15 19:00+01:00,52.900521
2026-01-15 19:15+01:00,71.813395
2026-01-15 19:30+01:00,76.158975
2026-01-15 19:45+01:00,64.402349
2026-01-15 20:00+01:00,72.010040
2026-01-15 20:15+01:00,63.801471
2026-01-15 20:30+01:00,69.186769
2026-01-15 20:45+01:00,73.055560
2026-01-15 21:00+01:00,65.936636
2026-01-15 21:15+01:00,77.699387
2026-01-15 21:30+01:00,73.078661
2026-01-15 21:45+01:00,78.756566
2026-01-15 22:00+01:00,76.245865
2026-01-15 22:15+01:00,70.892365
2026-01-15 22:30+01:00,61.793776
2026-01-15 22:45+01:00,64.369681
2026-01-15 23:00+01:00,69.272409
2026-01-15 23:15+01:00,68.650296
2026-01-15 23:30+01:00,70.020874
2026-01-15 23:45+01:00,64.979188
2026-01-16 00:00+01:00,67.823835
2026-01-16 00:15+01:00,75.624385
2026-01-16 00:30+01:00,64.382300
2026-01-16 00:45+01:00,66.721362
2026-01-16 01:00+01:00,59.286096
2026-01-16 01:15+01:00,73.879949
2026-01-16 01:30+01:00,58.229570
2026-01-16 01:45+01:00,71.346510
2026-01-16 02:00+01:00,61.671403
2026-01-16 02:15+01:00,61.121237
2026-01-16 02:30+01:00,68.318527
2026-01-16 02:45+01:00,70.805434
2026-01-16 03:00+01:00,58.413789
2026-01-16 03:15+01:00,
2026-01-16 03:30+01:00,74.102504
2026-01-16 03:45+01:00,69.189641
2026-01-16 04:00+01:00,65.902338
2026-01-16 04:15+01:00,67.710706
2026-01-16 04:30+01:00,70.352240
2026-01-16 04:45+01:00,
2026-01-16 05:00+01:00,72.878402
2026-01-16 05:15+01:00,78.691804
2026-01-16 05:30+01:00,59.854196
2026-01-16 05:45+01:00,75.432423
2026-01-16 06:00+01:00,45.943020
2026-01-16 06:15+01:00,3.320335
2026-01-16 06:30+01:00,4.914685
2026-01-16 06:45+01:00,3.527254
2026-01-16 07:00+01:00,35.655489
2026-01-16 07:15+01:00,5.640254
2026-01-16 07:30+01:00,
2026-01-16 07:45+01:00,4.039981
2026-01-16 08:00+01:00,5.534268
2026-01-16 08:15+01:00,3.163352
2026-01-16 08:30+01:00,5.110613
2026-01-16 08:45+01:00,5.009948
2026-01-16 09:00+01:00,42.152431
2026-01-16 09:15+01:00,4.955429
2026-01-16 09:30+01:00,5.813253
2026-01-16 09:45+01:00,43.014569
2026-01-16 10:00+01:00,4.588372
2026-01-16 10:15+01:00,2.751846
2026-01-16 10:30+01:00,6.009325
2026-01-16 10:45+01:00,5.407573
2026-01-16 11:00+01:00,4.665920
2026-01-16 11:15+01:00,4.099256
2026-01-16 11:30+01:00,4.105224
2026-01-16 11:45+01:00,5.979265
2026-01-16 12:00+01:00,40.567014
2026-01-16 12:15+01:00,3.213226
2026-01-16 12:30+01:00,41.623887
2026-01-16 12:45+01:00,5.265713
2026-01-16 13:00+01:00,6.380842
2026-01-16 13:15+01:00,33.708178
2026-01-16 13:30+01:00,3.243292
2026-01-16 13:45+01:00,3.515603
2026-01-16 14:00+01:00,2.595498
2026-01-16 14:15+01:00,5.761754
2026-01-16 14:30+01:00,41.003125
2026-01-16 14:45+01:00,0.000000
2026-01-16 15:00+01:00,4.833053
2026-01-16 15:15+01:00,38.338463
2026-01-16 15:30+01:00,3.639479
2026-01-16 15:45+01:00,42.192169
2026-01-16 16:00+01:00,43.246819
2026-01-16 16:15+01:00,40.960372
2026-01-16 16:30+01:00,5.014406
2026-01-16 16:45+01:00,3.274741
2026-01-16 17:00+01:00,5.756063
2026-01-16 17:15+01:00,44.891365
2026-01-16 17:30+01:00,4.554873
2026-01-16 17:45+01:00,42.006054
2026-01-16 18:00+01:00,39.793034
2026-01-16 18:15+01:00,4.483000
2026-01-16 18:30+01:00,6.538936
2026-01-16 18:45+01:00,37.280726
2026-01-16 19:00+01:00,72.682326
2026-01-16 19:15+01:00,73.487375
2026-01-16 19:30+01:00,
2026-01-16 19:45+01:00,53.832091
2026-01-16 20:00+01:00,68.196113
2026-01-16 20:15+01:00,66.197713
2026-01-16 20:30+01:00,71.215080
2026-01-16 20:45+01:00,71.514944
2026-01-16 21:00+01:00,61.095347
2026-01-16 21:15+01:00,67.606597
2026-01-16 21:30+01:00,68.981990
2026-01-16 21:45+01:00,65.052307
2026-01-16 22:00+01:00,55.011533
2026-01-16 22:15+01:00,83.989750
2026-01-16 22:30+01:00,75.630442
2026-01-16 22:45+01:00,72.640418
2026-01-16 23:00+01:00,70.679282
2026-01-16 23:15+01:00,60.241156
2026-01-16 23:30+01:00,78.144066
2026-01-16 23:45+01:00,78.581613
2026-01-17 00:00+01:00,70.391480
2026-01-17 00:15+01:00,70.924071
2026-01-17 00:30+01:00,73.158569
2026-01-17 00:45+01:00,
2026-01-17 01:00+01:00,72.447759
2026-01-17 01:15+01:00,78.863785
2026-01-17 01:30+01:00,75.903292
2026-01-17 01:45+01:00,62.277004
2026-01-17 02:00+01:00,64.721327
2026-01-17 02:15+01:00,67.336876
2026-01-17 02:30+01:00,76.467297
2026-01-17 02:45+01:00,64.322110
2026-01-17 03:00+01:00,69.698556
2026-01-17 03:15+01:00,57.689483
2026-01-17 03:30+01:00,80.208842
2026-01-17 03:45+01:00,73.974881
2026-01-17 04:00+01:00,64.860471
2026-01-17 04:15+01:00,65.986043
2026-01-17 04:30+01:00,61.904896
2026-01-17 04:45+01:00,88.402846
2026-01-17 05:00+01:00,66.446852
2026-01-17 05:15+01:00,66.233651
2026-01-17 05:30+01:00,80.135040
2026-01-17 05:45+01:00,
2026-01-17 06:00+01:00,4.374084
2026-01-17 06:15+01:00,4.508426
2026-01-17 06:30+01:00,1.961690
2026-01-17 06:45+01:00,5.695416
2026-01-17 07:00+01:00,3.299103
2026-01-17 07:15+01:00,4.403049
2026-01-17 07:30+01:00,3.094856
2026-01-17 07:45+01:00,3.402575
2026-01-17 08:00+01:00,3.490567
2026-01-17 08:15+01:00,2.302766
2026-01-17 08:30+01:00,2.417556
2026-01-17 08:45+01:00,3.563086
2026-01-17 09:00+01:00,0.000000
2026-01-17 09:15+01:00,4.709577
2026-01-17 09:30+01:00,3.883106
2026-01-17 09:45+01:00,4.205437
2026-01-17 10:00+01:00,3.063178
2026-01-17 10:15+01:00,3.779467
2026-01-17 10:30+01:00,4.284329
2026-01-17 10:45+01:00,5.466576
2026-01-17 11:00+01:00,3.704893
2026-01-17 11:15+01:00,2.111301
2026-01-17 11:30+01:00,3.563830
2026-01-17 11:45+01:00,5.112063
2026-01-17 12:00+01:00,5.749624
2026-01-17 12:15+01:00,
2026-01-17 12:30+01:00,4.920015
2026-01-17 12:45+01:00,2.510645
2026-01-17 13:00+01:00,4.162229
2026-01-17 13:15+01:00,3.530491
2026-01-17 13:30+01:00,6.407211
2026-01-17 13:45+01:00,3.447065
2026-01-17 14:00+01:00,4.100471
2026-01-17 14:15+01:00,0.000000
2026-01-17 14:30+01:00,4.604814
2026-01-17 14:45+01:00,0.000000
2026-01-17 15:00+01:00,3.483266
2026-01-17 15:15+01:00,3.242975
2026-01-17 15:30+01:00,5.346860
2026-01-17 15:45+01:00,3.956746
2026-01-17 16:00+01:00,4.622371
2026-01-17 16:15+01:00,3.890247
2026-01-17 16:30+01:00,5.204251
2026-01-17 16:45+01:00,
2026-01-17 17:00+01:00,4.153429
2026-01-17 17:15+01:00,4.862264
2026-01-17 17:30+01:00,4.757349
2026-01-17 17:45+01:00,4.630519
2026-01-17 18:00+01:00,3.858847
2026-01-17 18:15+01:00,4.673541
2026-01-17 18:30+01:00,3.727666
2026-01-17 18:45+01:00,0.000000
2026-01-17 19:00+01:00,74.422644
2026-01-17 19:15+01:00,69.358721
2026-01-17 19:30+01:00,67.646913
2026-01-17 19:45+01:00,61.100705
2026-01-17 20:00+01:00,81.774121
2026-01-17 20:15+01:00,64.585269
2026-01-17 20:30+01:00,66.241686
2026-01-17 20:45+01:00,71.727485
2026-01-17 21:00+01:00,65.680797
2026-01-17 21:15+01:00,66.566869
2026-01-17 21:30+01:00,71.280719
2026-01-17 21:45+01:00,75.842516
2026-01-17 22:00+01:00,68.286377
2026-01-17 22:15+01:00,70.760837
2026-01-17 22:30+01:00,75.182792
2026-01-17 22:45+01:00,66.312539
2026-01-17 23:00+01:00,66.255604
2026-01-17 23:15+01:00,64.153354
2026-01-17 23:30+01:00,62.509873
2026-01-17 23:45+01:00,72.097654
2026-01-18 00:00+01:00,69.904994
2026-01-18 00:15+01:00,56.871416
2026-01-18 00:30+01:00,
2026-01-18 00:45+01:00,67.023593
2026-01-18 01:00+01:00,82.532981
2026-01-18 01:15+01:00,75.456107
2026-01-18 01:30+01:00,69.119832
2026-01-18 01:45+01:00,73.120924
2026-01-18 02:00+01:00,61.851075
2026-01-18 02:15+01:00,68.650805
2026-01-18 02:30+01:00,75.263580
2026-01-18 02:45+01:00,82.534375
2026-01-18 03:00+01:00,68.184540
2026-01-18 03:15+01:00,72.021519
2026-01-18 03:30+01:00,77.900253
2026-01-18 03:45+01:00,73.069798
2026-01-18 04:00+01:00,73.051038
2026-01-18 04:15+01:00,75.634247
2026-01-18 04:30+01:00,69.365593
2026-01-18 04:45+01:00,76.387804
2026-01-18 05:00+01:00,78.991751
2026-01-18 05:15+01:00,72.585026
2026-01-18 05:30+01:00,67.955278
2026-01-18 05:45+01:00,67.780987
2026-01-18 06:00+01:00,5.432014
2026-01-18 06:15+01:00,4.683073
2026-01-18 06:30+01:00,2.656241
2026-01-18 06:45+01:00,0.000000
2026-01-18 07:00+01:00,4.861084
2026-01-18 07:15+01:00,3.181098
2026-01-18 07:30+01:00,0.000000
2026-01-18 07:45+01:00,5.227406
2026-01-18 08:00+01:00,4.732827
2026-01-18 08:15+01:00,4.771942
2026-01-18 08:30+01:00,4.031264
2026-01-18 08:45+01:00,4.241982
2026-01-18 09:00+01:00,3.273404
2026-01-18 09:15+01:00,4.984818
2026-01-18 09:30+01:00,3.063064
2026-01-18 09:45+01:00,5.371820
2026-01-18 10:00+01:00,2.536550
2026-01-18 10:15+01:00,4.129967
2026-01-18 10:30+01:00,4.242783
2026-01-18 10:45+01:00,7.153787
2026-01-18 11:00+01:00,4.288906
2026-01-18 11:15+01:00,3.919329
2026-01-18 11:30+01:00,2.301266
2026-01-18 11:45+01:00,4.209573
2026-01-18 12:00+01:00,4.047988
2026-01-18 12:15+01:00,4.722435
2026-01-18 12:30+01:00,4.856100
2026-01-18 12:45+01:00,
2026-01-18 13:00+01:00,
2026-01-18 13:15+01:00,
2026-01-18 13:30+01:00,
2026-01-18 13:45+01:00,
2026-01-18 14:00+01:00,
2026-01-18 14:15+01:00,
2026-01-18 14:30+01:00,
2026-01-18 14:45+01:00,
2026-01-18 15:00+01:00,
2026-01-18 15:15+01:00,4.012813
2026-01-18 15:30+01:00,4.182902
2026-01-18 15:45+01:00,3.736076
2026-01-18 16:00+01:00,3.532445
2026-01-18 16:15+01:00,4.923456
2026-01-18 16:30+01:00,5.208725
2026-01-18 16:45+01:00,5.761268
2026-01-18 17:00+01:00,5.053560
2026-01-18 17:15+01:00,5.878726
2026-01-18 17:30+01:00,3.274369
2026-01-18 17:45+01:00,4.965182
2026-01-18 18:00+01:00,4.657936
2026-01-18 18:15+01:00,4.246755
2026-01-18 18:30+01:00,2.924590
2026-01-18 18:45+01:00,4.224867
2026-01-18 19:00+01:00,71.178568
2026-01-18 19:15+01:00,75.284362
2026-01-18 19:30+01:00,72.663750
2026-01-18 19:45+01:00,80.734541
2026-01-18 20:00+01:00,78.255070
2026-01-18 20:15+01:00,
2026-01-18 20:30+01:00,
2026-01-18 20:45+01:00,65.163272
2026-01-18 21:00+01:00,67.106776
2026-01-18 21:15+01:00,66.087526
2026-01-18 21:30+01:00,64.937472
2026-01-18 21:45+01:00,65.405733
2026-01-18 22:00+01:00,88.068194
2026-01-18 22:15+01:00,70.090837
2026-01-18 22:30+01:00,66.978146
2026-01-18 22:45+01:00,76.104534
2026-01-18 23:00+01:00,80.217619
2026-01-18 23:15+01:00,75.769843
2026-01-18 23:30+01:00,62.418717
2026-01-18 23:45+01:00,62.678789
2026-01-19 00:00+01:00,81.241860
2026-01-19 00:15+01:00,69.801231
2026-01-19 00:30+01:00,75.101570
2026-01-19 00:45+01:00,80.146373
2026-01-19 01:00+01:00,65.039068
2026-01-19 01:15+01:00,74.208150
2026-01-19 01:30+01:00,
2026-01-19 01:45+01:00,68.872036
2026-01-19 02:00+01:00,67.004038
2026-01-19 02:15+01:00,66.542136
2026-01-19 02:30+01:00,63.132674
2026-01-19 02:45+01:00,72.567069
2026-01-19 03:00+01:00,78.644287
2026-01-19 03:15+01:00,77.097449
2026-01-19 03:30+01:00,70.181407
2026-01-19 03:45+01:00,72.470692
2026-01-19 04:00+01:00,78.818557
2026-01-19 04:15+01:00,87.807659
2026-01-19 04:30+01:00,61.984719
2026-01-19 04:45+01:00,71.988154
2026-01-19 05:00+01:00,68.001050
2026-01-19 05:15+01:00,64.448732
2026-01-19 05:30+01:00,67.541957
2026-01-19 05:45+01:00,
2026-01-19 06:00+01:00,41.236261
2026-01-19 06:15+01:00,3.778483
2026-01-19 06:30+01:00,4.059021
2026-01-19 06:45+01:00,2.512092
2026-01-19 07:00+01:00,4.695670
2026-01-19 07:15+01:00,3.530573
2026-01-19 07:30+01:00,3.238389
2026-01-19 07:45+01:00,3.333367
2026-01-19 08:00+01:00,41.878667
2026-01-19 08:15+01:00,39.492432
2026-01-19 08:30+01:00,37.539023
2026-01-19 08:45+01:00,4.820908
2026-01-19 09:00+01:00,2.684090
2026-01-19 09:15+01:00,0.000000
2026-01-19 09:30+01:00,3.751191
2026-01-19 09:45+01:00,5.266208
2026-01-19 10:00+01:00,4.787829
2026-01-19 10:15+01:00,40.398136
2026-01-19 10:30+01:00,5.096519
2026-01-19 10:45+01:00,29.739371
2026-01-19 11:00+01:00,36.054147
2026-01-19 11:15+01:00,4.623713
2026-01-19 11:30+01:00,4.655925
2026-01-19 11:45+01:00,5.245478
2026-01-19 12:00+01:00,3.992718
2026-01-19 12:15+01:00,4.967222
2026-01-19 12:30+01:00,37.175430
2026-01-19 12:45+01:00,2.648387
2026-01-19 13:00+01:00,3.388639
2026-01-19 13:15+01:00,36.397775
2026-01-19 13:30+01:00,38.001089
2026-01-19 13:45+01:00,39.048398
2026-01-19 14:00+01:00,
2026-01-19 14:15+01:00,4.034050
2026-01-19 14:30+01:00,3.598216
2026-01-19 14:45+01:00,4.830515
2026-01-19 15:00+01:00,3.862544
2026-01-19 15:15+01:00,5.661394
2026-01-19 15:30+01:00,2.650884
2026-01-19 15:45+01:00,35.555550
2026-01-19 16:00+01:00,
2026-01-19 16:15+01:00,45.600415
2026-01-19 16:30+01:00,5.711394
2026-01-19 16:45+01:00,4.624387
2026-01-19 17:00+01:00,2.807323
2026-01-19 17:15+01:00,4.582944
2026-01-19 17:30+01:00,4.358600
2026-01-19 17:45+01:00,38.280106
2026-01-19 18:00+01:00,38.498812
2026-01-19 18:15+01:00,43.675179
2026-01-19 18:30+01:00,42.584939
2026-01-19 18:45+01:00,38.208994
2026-01-19 19:00+01:00,80.581461
2026-01-19 19:15+01:00,69.756484
2026-01-19 19:30+01:00,77.069867
2026-01-19 19:45+01:00,68.364300
2026-01-19 20:00+01:00,74.575894
2026-01-19 20:15+01:00,51.325344
2026-01-19 20:30+01:00,70.757400
2026-01-19 20:45+01:00,64.956132
2026-01-19 21:00+01:00,74.141739
2026-01-19 21:15+01:00,638.878818
2026-01-19 21:30+01:00,52.740709
2026-01-19 21:45+01:00,67.212378
2026-01-19 22:00+01:00,69.830931
2026-01-19 22:15+01:00,71.748117
2026-01-19 22:30+01:00,75.639728
2026-01-19 22:45+01:00,73.338873
2026-01-19 23:00+01:00,63.289245
2026-01-19 23:15+01:00,59.227896
2026-01-19 23:30+01:00,75.654004
2026-01-19 23:45+01:00,68.633548
2026-01-20 00:00+01:00,74.481490
2026-01-20 00:15+01:00,68.406946
2026-01-20 00:30+01:00,73.017926
2026-01-20 00:45+01:00,
2026-01-20 01:00+01:00,73.598741
2026-01-20 01:15+01:00,64.470853
2026-01-20 01:30+01:00,72.023686
2026-01-20 01:45+01:00,77.037067
2026-01-20 02:00+01:00,69.331620
2026-01-20 02:15+01:00,69.315741
2026-01-20 02:30+01:00,65.317787
2026-01-20 02:45+01:00,73.205848
2026-01-20 03:00+01:00,68.195380
2026-01-20 03:15+01:00,64.572302
2026-01-20 03:30+01:00,68.382001
2026-01-20 03:45+01:00,71.455221
2026-01-20 04:00+01:00,60.412890
2026-01-20 04:15+01:00,
2026-01-20 04:30+01:00,74.248321
2026-01-20 04:45+01:00,66.084198
2026-01-20 05:00+01:00,
2026-01-20 05:15+01:00,83.632155
2026-01-20 05:30+01:00,68.781921
2026-01-20 05:45+01:00,70.119763
2026-01-20 06:00+01:00,40.226193
2026-01-20 06:15+01:00,4.398496
2026-01-20 06:30+01:00,2.426424
2026-01-20 06:45+01:00,2.242252
2026-01-20 07:00+01:00,5.232677
2026-01-20 07:15+01:00,4.244483
2026-01-20 07:30+01:00,42.667041
2026-01-20 07:45+01:00,4.795934
2026-01-20 08:00+01:00,2.176008
2026-01-20 08:15+01:00,3.731213
2026-01-20 08:30+01:00,5.464964
2026-01-20 08:45+01:00,42.923322
2026-01-20 09:00+01:00,3.609613
2026-01-20 09:15+01:00,6.235225
2026-01-20 09:30+01:00,5.468730
2026-01-20 09:45+01:00,42.700390
2026-01-20 10:00+01:00,35.794032
2026-01-20 10:15+01:00,2.898438
2026-01-20 10:30+01:00,4.159400
2026-01-20 10:45+01:00,2.182885
2026-01-20 11:00+01:00,44.398601
2026-01-20 11:15+01:00,4.637927
2026-01-20 11:30+01:00,4.023116
2026-01-20 11:45+01:00,42.280858
2026-01-20 12:00+01:00,38.454555
2026-01-20 12:15+01:00,0.000000
2026-01-20 12:30+01:00,4.843208
2026-01-20 12:45+01:00,4.615877
2026-01-20 13:00+01:00,40.573142
2026-01-20 13:15+01:00,
2026-01-20 13:30+01:00,4.391988
2026-01-20 13:45+01:00,2.868193
2026-01-20 14:00+01:00,38.136156
2026-01-20 14:15+01:00,42.000474
2026-01-20 14:30+01:00,32.881585
2026-01-20 14:45+01:00,3.991234
2026-01-20 15:00+01:00,4.123282
2026-01-20 15:15+01:00,0.000000
2026-01-20 15:30+01:00,4.856644
2026-01-20 15:45+01:00,41.768469
2026-01-20 16:00+01:00,38.103413
2026-01-20 16:15+01:00,46.932425
2026-01-20 16:30+01:00,3.749039
2026-01-20 16:45+01:00,3.349819
2026-01-20 17:00+01:00,3.562717
2026-01-20 17:15+01:00,42.366634
2026-01-20 17:30+01:00,4.523670
2026-01-20 17:45+01:00,0.000000
2026-01-20 18:00+01:00,38.097798
2026-01-20 18:15+01:00,41.661787
2026-01-20 18:30+01:00,5.598764
2026-01-20 18:45+01:00,4.056102
2026-01-20 19:00+01:00,67.190282
2026-01-20 19:15+01:00,72.431912
2026-01-20 19:30+01:00,67.399037
2026-01-20 19:45+01:00,63.441323
2026-01-20 20:00+01:00,65.921613
2026-01-20 20:15+01:00,65.923235
2026-01-20 20:30+01:00,68.157997
2026-01-20 20:45+01:00,70.347689
2026-01-20 21:00+01:00,78.620541
2026-01-20 21:15+01:00,68.898361
2026-01-20 21:30+01:00,58.824191
2026-01-20 21:45+01:00,71.293833
2026-01-20 22:00+01:00,359.343084
2026-01-20 22:15+01:00,76.137385
2026-01-20 22:30+01:00,71.788168
2026-01-20 22:45+01:00,74.758822
2026-01-20 23:00+01:00,76.170986
2026-01-20 23:15+01:00,66.433963
2026-01-20 23:30+01:00,83.280887
2026-01-20 23:45+01:00,56.216275
2026-01-21 00:00+01:00,74.052346
2026-01-21 00:15+01:00,70.071638
2026-01-21 00:30+01:00,70.920084
2026-01-21 00:45+01:00,60.033391
2026-01-21 01:00+01:00,68.252734
2026-01-21 01:15+01:00,81.066083
2026-01-21 01:30+01:00,67.989775
2026-01-21 01:45+01:00,71.128005
2026-01-21 02:00+01:00,62.150623
2026-01-21 02:15+01:00,72.447701
2026-01-21 02:30+01:00,57.652979
2026-01-21 02:45+01:00,75.139409
2026-01-21 03:00+01:00,69.379039
2026-01-21 03:15+01:00,64.984337
2026-01-21 03:30+01:00,66.970467
2026-01-21 03:45+01:00,74.775865
2026-01-21 04:00+01:00,71.171163
2026-01-21 04:15+01:00,70.901773
2026-01-21 04:30+01:00,68.718876
2026-01-21 04:45+01:00,78.378720
2026-01-21 05:00+01:00,70.705561
2026-01-21 05:15+01:00,76.057688
2026-01-21 05:30+01:00,55.876029
2026-01-21 05:45+01:00,56.253469
2026-01-21 06:00+01:00,33.237794
2026-01-21 06:15+01:00,39.675051
2026-01-21 06:30+01:00,41.445272
2026-01-21 06:45+01:00,2.007834
2026-01-21 07:00+01:00,42.654646
2026-01-21 07:15+01:00,4.334672
2026-01-21 07:30+01:00,36.329252
2026-01-21 07:45+01:00,5.157991
2026-01-21 08:00+01:00,4.609283
2026-01-21 08:15+01:00,
2026-01-21 08:30+01:00,4.300875
2026-01-21 08:45+01:00,3.792978
2026-01-21 09:00+01:00,43.173884
2026-01-21 09:15+01:00,
2026-01-21 09:30+01:00,2.849925
2026-01-21 09:45+01:00,5.580111
2026-01-21 10:00+01:00,39.471747
2026-01-21 10:15+01:00,3.546691
2026-01-21 10:30+01:00,45.221187
2026-01-21 10:45+01:00,6.088126
2026-01-21 11:00+01:00,5.066347
2026-01-21 11:15+01:00,4.390878
2026-01-21 11:30+01:00,42.223149
2026-01-21 11:45+01:00,3.778317
2026-01-21 12:00+01:00,7.031083
2026-01-21 12:15+01:00,37.408030
2026-01-21 12:30+01:00,42.965370
2026-01-21 12:45+01:00,
2026-01-21 13:00+01:00,40.705451
2026-01-21 13:15+01:00,35.149133
2026-01-21 13:30+01:00,4.937256
2026-01-21 13:45+01:00,41.188462
2026-01-21 14:00+01:00,6.214993
2026-01-21 14:15+01:00,4.814932
2026-01-21 14:30+01:00,2.382368
2026-01-21 14:45+01:00,42.322246
2026-01-21 15:00+01:00,40.262200
2026-01-21 15:15+01:00,3.820266
2026-01-21 15:30+01:00,3.648576
2026-01-21 15:45+01:00,38.801693
2026-01-21 16:00+01:00,41.826783
2026-01-21 16:15+01:00,3.638640
2026-01-21 16:30+01:00,43.011810
2026-01-21 16:45+01:00,2.949030
2026-01-21 17:00+01:00,4.966828
2026-01-21 17:15+01:00,2.818705
2026-01-21 17:30+01:00,4.018839
2026-01-21 17:45+01:00,2.909390
2026-01-21 18:00+01:00,37.643565
2026-01-21 18:15+01:00,5.509963
2026-01-21 18:30+01:00,0.000000
2026-01-21 18:45+01:00,3.874072
2026-01-21 19:00+01:00,
2026-01-21 19:15+01:00,71.903429
2026-01-21 19:30+01:00,82.078512
2026-01-21 19:45+01:00,70.667043
2026-01-21 20:00+01:00,58.396608
2026-01-21 20:15+01:00,73.879888
2026-01-21 20:30+01:00,
2026-01-21 20:45+01:00,81.466069
2026-01-21 21:00+01:00,72.567117
2026-01-21 21:15+01:00,61.320815
2026-01-21 21:30+01:00,68.602954
2026-01-21 21:45+01:00,71.334429
2026-01-21 22:00+01:00,75.535696
2026-01-21 22:15+01:00,72.522148
2026-01-21 22:30+01:00,61.148330
2026-01-21 22:45+01:00,52.455700
2026-01-21 23:00+01:00,66.692854
2026-01-21 23:15+01:00,74.602330
2026-01-21 23:30+01:00,73.367340
2026-01-21 23:45+01:00,
2026-01-22 00:00+01:00,67.484732
2026-01-22 00:15+01:00,62.174396
2026-01-22 00:30+01:00,67.479168
2026-01-22 00:45+01:00,69.331944
2026-01-22 01:00+01:00,67.653942
2026-01-22 01:15+01:00,67.795299
2026-01-22 01:30+01:00,62.788478
2026-01-22 01:45+01:00,75.812450
2026-01-22 02:00+01:00,71.800354
2026-01-22 02:15+01:00,59.401327
2026-01-22 02:30+01:00,64.130447
2026-01-22 02:45+01:00,63.666948
2026-01-22 03:00+01:00,76.043613
2026-01-22 03:15+01:00,79.705418
2026-01-22 03:30+01:00,73.796091
2026-01-22 03:45+01:00,70.658421
2026-01-22 04:00+01:00,68.019918
2026-01-22 04:15+01:00,
2026-01-22 04:30+01:00,74.619581
2026-01-22 04:45+01:00,57.137208
2026-01-22 05:00+01:00,63.353432
2026-01-22 05:15+01:00,60.006046
2026-01-22 05:30+01:00,65.280492
2026-01-22 05:45+01:00,61.934907
2026-01-22 06:00+01:00,3.928907
2026-01-22 06:15+01:00,38.588320
2026-01-22 06:30+01:00,0.000000
2026-01-22 06:45+01:00,5.496924
2026-01-22 07:00+01:00,4.505759
2026-01-22 07:15+01:00,4.767031
2026-01-22 07:30+01:00,4.166250
2026-01-22 07:45+01:00,1.721116
2026-01-22 08:00+01:00,
2026-01-22 08:15+01:00,6.039223
2026-01-22 08:30+01:00,
2026-01-22 08:45+01:00,45.729132
2026-01-22 09:00+01:00,5.439809
2026-01-22 09:15+01:00,42.266019
2026-01-22 09:30+01:00,35.218147
2026-01-22 09:45+01:00,3.735336
2026-01-22 10:00+01:00,3.831064
2026-01-22 10:15+01:00,4.271926
2026-01-22 10:30+01:00,39.221677
2026-01-22 10:45+01:00,4.748286
2026-01-22 11:00+01:00,2.792829
2026-01-22 11:15+01:00,
2026-01-22 11:30+01:00,4.980484
2026-01-22 11:45+01:00,5.051379
2026-01-22 12:00+01:00,6.411790
2026-01-22 12:15+01:00,41.731803
2026-01-22 12:30+01:00,40.337079
2026-01-22 12:45+01:00,45.871358
2026-01-22 13:00+01:00,44.066316
2026-01-22 13:15+01:00,39.986839
2026-01-22 13:30+01:00,43.529696
2026-01-22 13:45+01:00,3.645413
2026-01-22 14:00+01:00,4.365107
2026-01-22 14:15+01:00,36.688830
2026-01-22 14:30+01:00,4.098491
2026-01-22 14:45+01:00,46.051267
2026-01-22 15:00+01:00,36.695955
2026-01-22 15:15+01:00,43.166854
2026-01-22 15:30+01:00,44.160561
2026-01-22 15:45+01:00,39.500839
2026-01-22 16:00+01:00,40.904261
2026-01-22 16:15+01:00,43.046386
2026-01-22 16:30+01:00,38.662532
2026-01-22 16:45+01:00,0.000000
2026-01-22 17:00+01:00,39.191734
2026-01-22 17:15+01:00,3.969580
2026-01-22 17:30+01:00,2.452245
2026-01-22 17:45+01:00,4.708707
2026-01-22 18:00+01:00,3.833738
2026-01-22 18:15+01:00,2.948784
2026-01-22 18:30+01:00,0.000000
2026-01-22 18:45+01:00,39.953816
2026-01-22 19:00+01:00,82.782874
2026-01-22 19:15+01:00,66.452193
2026-01-22 19:30+01:00,62.803906
2026-01-22 19:45+01:00,58.029170
2026-01-22 20:00+01:00,72.556460
2026-01-22 20:15+01:00,
2026-01-22 20:30+01:00,67.597843
2026-01-22 20:45+01:00,64.528347
2026-01-22 21:00+01:00,75.140404
2026-01-22 21:15+01:00,63.568608
2026-01-22 21:30+01:00,68.249250
2026-01-22 21:45+01:00,70.961738
2026-01-22 22:00+01:00,
2026-01-22 22:15+01:00,73.906948
2026-01-22 22:30+01:00,70.917153
2026-01-22 22:45+01:00,65.167323
2026-01-22 23:00+01:00,57.691094
2026-01-22 23:15+01:00,73.497174
2026-01-22 23:30+01:00,52.960590
2026-01-22 23:45+01:00,66.312717
2026-01-23 00:00+01:00,73.623804
2026-01-23 00:15+01:00,73.620128
2026-01-23 00:30+01:00,78.413248
2026-01-23 00:45+01:00,53.800446
2026-01-23 01:00+01:00,70.734547
2026-01-23 01:15+01:00,68.987453
2026-01-23 01:30+01:00,65.283008
2026-01-23 01:45+01:00,85.493431
2026-01-23 02:00+01:00,68.038519
2026-01-23 02:15+01:00,72.218583
2026-01-23 02:30+01:00,84.089486
2026-01-23 02:45+01:00,62.502149
2026-01-23 03:00+01:00,60.391201
2026-01-23 03:15+01:00,60.079192
2026-01-23 03:30+01:00,81.516074
2026-01-23 03:45+01:00,70.209669
2026-01-23 04:00+01:00,63.460141
2026-01-23 04:15+01:00,60.522638
2026-01-23 04:30+01:00,65.422220
2026-01-23 04:45+01:00,84.530623
2026-01-23 05:00+01:00,68.453245
2026-01-23 05:15+01:00,66.165847
2026-01-23 05:30+01:00,74.696568
2026-01-23 05:45+01:00,70.435164
2026-01-23 06:00+01:00,4.986227
2026-01-23 06:15+01:00,3.104004
2026-01-23 06:30+01:00,0.000000
2026-01-23 06:45+01:00,5.272474
2026-01-23 07:00+01:00,6.558997
2026-01-23 07:15+01:00,45.370317
2026-01-23 07:30+01:00,4.213776
2026-01-23 07:45+01:00,5.309786
2026-01-23 08:00+01:00,4.956593
2026-01-23 08:15+01:00,48.311886
2026-01-23 08:30+01:00,3.341455
2026-01-23 08:45+01:00,0.000000
2026-01-23 09:00+01:00,4.080201
2026-01-23 09:15+01:00,3.533308
2026-01-23 09:30+01:00,4.674572
2026-01-23 09:45+01:00,42.982574
2026-01-23 10:00+01:00,3.776584
2026-01-23 10:15+01:00,3.409595
2026-01-23 10:30+01:00,42.449659
2026-01-23 10:45+01:00,
2026-01-23 11:00+01:00,2.741888
2026-01-23 11:15+01:00,40.718510
2026-01-23 11:30+01:00,3.716968
2026-01-23 11:45+01:00,5.542560
2026-01-23 12:00+01:00,42.339012
2026-01-23 12:15+01:00,4.020683
2026-01-23 12:30+01:00,4.172835
2026-01-23 12:45+01:00,4.173710
2026-01-23 13:00+01:00,2.942002
2026-01-23 13:15+01:00,5.902975
2026-01-23 13:30+01:00,3.135200
2026-01-23 13:45+01:00,3.553336
2026-01-23 14:00+01:00,4.216001
2026-01-23 14:15+01:00,37.377358
2026-01-23 14:30+01:00,4.923238
2026-01-23 14:45+01:00,39.928251
2026-01-23 15:00+01:00,0.000000
2026-01-23 15:15+01:00,4.410574
2026-01-23 15:30+01:00,5.066681
2026-01-23 15:45+01:00,39.468394
2026-01-23 16:00+01:00,4.695623
2026-01-23 16:15+01:00,37.508340
2026-01-23 16:30+01:00,39.008328
2026-01-23 16:45+01:00,43.486244
2026-01-23 17:00+01:00,39.560353
2026-01-23 17:15+01:00,32.797390
2026-01-23 17:30+01:00,3.939605
2026-01-23 17:45+01:00,35.504450
2026-01-23 18:00+01:00,4.509962
2026-01-23 18:15+01:00,38.096758
2026-01-23 18:30+01:00,4.446491
2026-01-23 18:45+01:00,32.262000
2026-01-23 19:00+01:00,
2026-01-23 19:15+01:00,59.085576
2026-01-23 19:30+01:00,69.563716
2026-01-23 19:45+01:00,64.433189
2026-01-23 20:00+01:00,65.641100
2026-01-23 20:15+01:00,80.047162
2026-01-23 20:30+01:00,63.685478
2026-01-23 20:45+01:00,66.182875
2026-01-23 21:00+01:00,72.724210
2026-01-23 21:15+01:00,
2026-01-23 21:30+01:00,65.991157
2026-01-23 21:45+01:00,63.690419
2026-01-23 22:00+01:00,68.211143
2026-01-23 22:15+01:00,
2026-01-23 22:30+01:00,79.746019
2026-01-23 22:45+01:00,71.254221
2026-01-23 23:00+01:00,66.854093
2026-01-23 23:15+01:00,69.372164
2026-01-23 23:30+01:00,72.197069
2026-01-23 23:45+01:00,74.633422
2026-01-24 00:00+01:00,82.874749
2026-01-24 00:15+01:00,74.645426
2026-01-24 00:30+01:00,65.675821
2026-01-24 00:45+01:00,63.957090
2026-01-24 01:00+01:00,70.666269
2026-01-24 01:15+01:00,71.773398
2026-01-24 01:30+01:00,71.271074
2026-01-24 01:45+01:00,82.009644
2026-01-24 02:00+01:00,
2026-01-24 02:15+01:00,63.424333
2026-01-24 02:30+01:00,67.525860
2026-01-24 02:45+01:00,83.854215
2026-01-24 03:00+01:00,63.218238
2026-01-24 03:15+01:00,76.229767
2026-01-24 03:30+01:00,55.968275
2026-01-24 03:45+01:00,72.363284
2026-01-24 04:00+01:00,63.895024
2026-01-24 04:15+01:00,63.796858
2026-01-24 04:30+01:00,80.269084
2026-01-24 04:45+01:00,68.224284
2026-01-24 05:00+01:00,73.035479
2026-01-24 05:15+01:00,62.590443
2026-01-24 05:30+01:00,54.168776
2026-01-24 05:45+01:00,71.177400
2026-01-24 06:00+01:00,3.583962
2026-01-24 06:15+01:00,
2026-01-24 06:30+01:00,3.793164
2026-01-24 06:45+01:00,3.343282
2026-01-24 07:00+01:00,4.984261
2026-01-24 07:15+01:00,4.168995
2026-01-24 07:30+01:00,3.831298
2026-01-24 07:45+01:00,5.079438
2026-01-24 08:00+01:00,4.962850
2026-01-24 08:15+01:00,6.155870
2026-01-24 08:30+01:00,2.635286
2026-01-24 08:45+01:00,4.144617
2026-01-24 09:00+01:00,4.262983
2026-01-24 09:15+01:00,5.322702
2026-01-24 09:30+01:00,4.588890
2026-01-24 09:45+01:00,
2026-01-24 10:00+01:00,3.463847
2026-01-24 10:15+01:00,4.483997
2026-01-24 10:30+01:00,4.431505
2026-01-24 10:45+01:00,4.973954
2026-01-24 11:00+01:00,5.449631
2026-01-24 11:15+01:00,4.364660
2026-01-24 11:30+01:00,4.714241
2026-01-24 11:45+01:00,2.809840
2026-01-24 12:00+01:00,2.995463
2026-01-24 12:15+01:00,3.458279
2026-01-24 12:30+01:00,
2026-01-24 12:45+01:00,
2026-01-24 13:00+01:00,4.678481
2026-01-24 13:15+01:00,6.444267
2026-01-24 13:30+01:00,5.054900
2026-01-24 13:45+01:00,4.421145
2026-01-24 14:00+01:00,
2026-01-24 14:15+01:00,4.306515
2026-01-24 14:30+01:00,4.184183
2026-01-24 14:45+01:00,
2026-01-24 15:00+01:00,5.044918
2026-01-24 15:15+01:00,2.706533
2026-01-24 15:30+01:00,5.984645
2026-01-24 15:45+01:00,2.287595
2026-01-24 16:00+01:00,4.971330
2026-01-24 16:15+01:00,3.345028
2026-01-24 16:30+01:00,5.066989
2026-01-24 16:45+01:00,3.451188
2026-01-24 17:00+01:00,3.805876
2026-01-24 17:15+01:00,5.372872
2026-01-24 17:30+01:00,4.897272
2026-01-24 17:45+01:00,0.000000
2026-01-24 18:00+01:00,6.053817
2026-01-24 18:15+01:00,2.899138
2026-01-24 18:30+01:00,2.159303
2026-01-24 18:45+01:00,5.538086
2026-01-24 19:00+01:00,78.749991
2026-01-24 19:15+01:00,71.944417
2026-01-24 19:30+01:00,66.979976
2026-01-24 19:45+01:00,
2026-01-24 20:00+01:00,66.839300
2026-01-24 20:15+01:00,71.363167
2026-01-24 20:30+01:00,73.224486
2026-01-24 20:45+01:00,68.589643
2026-01-24 21:00+01:00,82.429164
2026-01-24 21:15+01:00,65.182368
2026-01-24 21:30+01:00,71.367195
2026-01-24 21:45+01:00,78.403107
2026-01-24 22:00+01:00,80.510621
2026-01-24 22:15+01:00,66.825323
2026-01-24 22:30+01:00,68.123416
2026-01-24 22:45+01:00,72.699939
2026-01-24 23:00+01:00,64.165740
2026-01-24 23:15+01:00,72.265651
2026-01-24 23:30+01:00,68.063892
2026-01-24 23:45+01:00,68.885818
2026-01-25 00:00+01:00,68.634884
2026-01-25 00:15+01:00,70.710688
2026-01-25 00:30+01:00,64.212785
2026-01-25 00:45+01:00,68.620049
2026-01-25 01:00+01:00,50.456009
2026-01-25 01:15+01:00,66.892635
2026-01-25 01:30+01:00,66.964274
2026-01-25 01:45+01:00,68.833418
2026-01-25 02:00+01:00,74.024865
2026-01-25 02:15+01:00,71.238972
2026-01-25 02:30+01:00,57.734948
2026-01-25 02:45+01:00,75.853036
2026-01-25 03:00+01:00,77.297318
2026-01-25 03:15+01:00,67.215276
2026-01-25 03:30+01:00,68.979417
2026-01-25 03:45+01:00,67.183420
2026-01-25 04:00+01:00,55.508751
2026-01-25 04:15+01:00,67.646537
2026-01-25 04:30+01:00,70.701707
2026-01-25 04:45+01:00,75.931345
2026-01-25 05:00+01:00,67.764037
2026-01-25 05:15+01:00,60.652689
2026-01-25 05:30+01:00,71.872269
2026-01-25 05:45+01:00,75.570010
2026-01-25 06:00+01:00,2.122825
2026-01-25 06:15+01:00,4.154222
2026-01-25 06:30+01:00,3.890006
2026-01-25 06:45+01:00,
2026-01-25 07:00+01:00,3.006496
2026-01-25 07:15+01:00,4.383929
2026-01-25 07:30+01:00,5.964221
2026-01-25 07:45+01:00,5.868402
2026-01-25 08:00+01:00,4.569728
2026-01-25 08:15+01:00,3.841488
2026-01-25 08:30+01:00,2.064479
2026-01-25 08:45+01:00,4.422887
2026-01-25 09:00+01:00,4.058179
2026-01-25 09:15+01:00,5.590120
2026-01-25 09:30+01:00,5.305835
2026-01-25 09:45+01:00,3.705308
2026-01-25 10:00+01:00,0.000000
2026-01-25 10:15+01:00,4.717364
2026-01-25 10:30+01:00,3.373903
2026-01-25 10:45+01:00,4.762367
2026-01-25 11:00+01:00,4.669124
2026-01-25 11:15+01:00,6.431909
2026-01-25 11:30+01:00,3.935662
2026-01-25 11:45+01:00,4.677547
2026-01-25 12:00+01:00,3.669474
2026-01-25 12:15+01:00,4.353739
2026-01-25 12:30+01:00,5.064085
2026-01-25 12:45+01:00,5.498645
2026-01-25 13:00+01:00,4.146780
2026-01-25 13:15+01:00,3.885272
2026-01-25 13:30+01:00,4.905319
2026-01-25 13:45+01:00,4.396129
2026-01-25 14:00+01:00,0.000000
2026-01-25 14:15+01:00,4.241584
2026-01-25 14:30+01:00,4.565744
2026-01-25 14:45+01:00,4.349787
2026-01-25 15:00+01:00,4.730466
2026-01-25 15:15+01:00,3.437309
2026-01-25 15:30+01:00,3.043401
2026-01-25 15:45+01:00,3.878777
2026-01-25 16:00+01:00,3.176570
2026-01-25 16:15+01:00,
2026-01-25 16:30+01:00,3.631991
2026-01-25 16:45+01:00,
2026-01-25 17:00+01:00,3.361024
2026-01-25 17:15+01:00,3.519491
2026-01-25 17:30+01:00,3.051601
2026-01-25 17:45+01:00,4.504569
2026-01-25 18:00+01:00,4.732831
2026-01-25 18:15+01:00,2.975846
2026-01-25 18:30+01:00,4.495064
2026-01-25 18:45+01:00,4.595523
2026-01-25 19:00+01:00,59.380943
2026-01-25 19:15+01:00,68.472494
2026-01-25 19:30+01:00,73.808871
2026-01-25 19:45+01:00,58.719112
2026-01-25 20:00+01:00,62.953606
2026-01-25 20:15+01:00,68.286990
2026-01-25 20:30+01:00,62.414487
2026-01-25 20:45+01:00,69.067740
2026-01-25 21:00+01:00,67.173311
2026-01-25 21:15+01:00,73.768369
2026-01-25 21:30+01:00,70.023609
2026-01-25 21:45+01:00,67.755528
2026-01-25 22:00+01:00,75.199066
2026-01-25 22:15+01:00,65.864536
2026-01-25 22:30+01:00,73.106143
2026-01-25 22:45+01:00,78.809716
2026-01-25 23:00+01:00,79.849353
2026-01-25 23:15+01:00,
2026-01-25 23:30+01:00,59.619095
2026-01-25 23:45+01:00,61.178194
2026-01-26 00:00+01:00,56.091903
2026-01-26 00:15+01:00,69.413286
2026-01-26 00:30+01:00,62.585040
2026-01-26 00:45+01:00,62.223167
2026-01-26 01:00+01:00,67.895638
2026-01-26 01:15+01:00,65.440644
2026-01-26 01:30+01:00,69.144992
2026-01-26 01:45+01:00,67.338775
2026-01-26 02:00+01:00,61.848184
2026-01-26 02:15+01:00,68.293247
2026-01-26 02:30+01:00,72.695431
2026-01-26 02:45+01:00,66.258810
2026-01-26 03:00+01:00,78.703140
2026-01-26 03:15+01:00,81.307095
2026-01-26 03:30+01:00,71.240622
2026-01-26 03:45+01:00,63.237690
2026-01-26 04:00+01:00,65.265166
2026-01-26 04:15+01:00,67.409599
2026-01-26 04:30+01:00,70.613350
2026-01-26 04:45+01:00,73.411201
2026-01-26 05:00+01:00,72.491719
2026-01-26 05:15+01:00,60.950493
2026-01-26 05:30+01:00,67.144886
2026-01-26 05:45+01:00,69.087083
2026-01-26 06:00+01:00,3.194401
2026-01-26 06:15+01:00,3.849249
2026-01-26 06:30+01:00,4.265301
2026-01-26 06:45+01:00,5.760480
2026-01-26 07:00+01:00,2.399304
2026-01-26 07:15+01:00,6.104289
2026-01-26 07:30+01:00,3.676572
2026-01-26 07:45+01:00,46.142413
2026-01-26 08:00+01:00,5.396573
2026-01-26 08:15+01:00,44.605665
2026-01-26 08:30+01:00,3.724075
2026-01-26 08:45+01:00,3.799874
2026-01-26 09:00+01:00,
2026-01-26 09:15+01:00,5.706937
2026-01-26 09:30+01:00,
2026-01-26 09:45+01:00,4.081991
2026-01-26 10:00+01:00,41.374598
2026-01-26 10:15+01:00,3.669342
2026-01-26 10:30+01:00,5.127928
2026-01-26 10:45+01:00,33.909639
2026-01-26 11:00+01:00,40.160831
2026-01-26 11:15+01:00,4.778338
2026-01-26 11:30+01:00,5.922679
2026-01-26 11:45+01:00,
2026-01-26 12:00+01:00,5.347255
2026-01-26 12:15+01:00,4.500552
2026-01-26 12:30+01:00,32.300243
2026-01-26 12:45+01:00,41.436081
2026-01-26 13:00+01:00,4.698515
2026-01-26 13:15+01:00,4.959281
2026-01-26 13:30+01:00,4.815202
2026-01-26 13:45+01:00,48.662439
2026-01-26 14:00+01:00,46.145752
2026-01-26 14:15+01:00,48.910510
2026-01-26 14:30+01:00,43.803943
2026-01-26 14:45+01:00,43.896538
2026-01-26 15:00+01:00,44.530344
2026-01-26 15:15+01:00,39.788511
2026-01-26 15:30+01:00,43.693445
2026-01-26 15:45+01:00,5.096108
2026-01-26 16:00+01:00,43.566677
2026-01-26 16:15+01:00,5.932729
2026-01-26 16:30+01:00,3.610064
2026-01-26 16:45+01:00,32.647592
2026-01-26 17:00+01:00,4.945752
2026-01-26 17:15+01:00,43.878891
2026-01-26 17:30+01:00,
2026-01-26 17:45+01:00,4.251775
2026-01-26 18:00+01:00,4.090433
2026-01-26 18:15+01:00,40.135299
2026-01-26 18:30+01:00,3.893340
2026-01-26 18:45+01:00,45.571855
2026-01-26 19:00+01:00,67.152851
2026-01-26 19:15+01:00,64.836548
2026-01-26 19:30+01:00,63.089419
2026-01-26 19:45+01:00,70.159128
2026-01-26 20:00+01:00,51.971939
2026-01-26 20:15+01:00,68.705571
2026-01-26 20:30+01:00,66.974398
2026-01-26 20:45+01:00,71.377491
2026-01-26 21:00+01:00,68.528516
2026-01-26 21:15+01:00,77.256691
2026-01-26 21:30+01:00,75.390753
2026-01-26 21:45+01:00,85.104311
2026-01-26 22:00+01:00,67.097501
2026-01-26 22:15+01:00,67.820262
2026-01-26 22:30+01:00,76.178897
2026-01-26 22:45+01:00,66.399497
2026-01-26 23:00+01:00,67.265032
2026-01-26 23:15+01:00,
2026-01-26 23:30+01:00,65.116326
2026-01-26 23:45+01:00,70.865763
2026-01-27 00:00+01:00,65.438114
2026-01-27 00:15+01:00,64.140235
2026-01-27 00:30+01:00,75.015687
2026-01-27 00:45+01:00,67.204369
2026-01-27 01:00+01:00,64.177870
2026-01-27 01:15+01:00,78.314950
2026-01-27 01:30+01:00,73.220396
2026-01-27 01:45+01:00,62.229862
2026-01-27 02:00+01:00,64.343356
2026-01-27 02:15+01:00,61.219875
2026-01-27 02:30+01:00,79.284768
2026-01-27 02:45+01:00,66.561737
2026-01-27 03:00+01:00,70.671884
2026-01-27 03:15+01:00,76.594252
2026-01-27 03:30+01:00,72.591715
2026-01-27 03:45+01:00,66.322221
2026-01-27 04:00+01:00,59.825510
2026-01-27 04:15+01:00,70.098661
2026-01-27 04:30+01:00,70.398061
2026-01-27 04:45+01:00,71.712648
2026-01-27 05:00+01:00,67.172154
2026-01-27 05:15+01:00,71.351097
2026-01-27 05:30+01:00,72.447844
2026-01-27 05:45+01:00,
2026-01-27 06:00+01:00,0.000000
2026-01-27 06:15+01:00,5.118615
2026-01-27 06:30+01:00,2.029803
2026-01-27 06:45+01:00,3.057955
2026-01-27 07:00+01:00,38.348729
2026-01-27 07:15+01:00,3.544527
2026-01-27 07:30+01:00,33.437039
2026-01-27 07:45+01:00,5.737436
2026-01-27 08:00+01:00,4.570832
2026-01-27 08:15+01:00,36.511253
2026-01-27 08:30+01:00,44.938519
2026-01-27 08:45+01:00,4.323914
2026-01-27 09:00+01:00,3.879038
2026-01-27 09:15+01:00,6.165163
2026-01-27 09:30+01:00,4.201715
2026-01-27 09:45+01:00,0.000000
2026-01-27 10:00+01:00,3.666328
2026-01-27 10:15+01:00,4.701622
2026-01-27 10:30+01:00,5.546104
2026-01-27 10:45+01:00,47.373059
2026-01-27 11:00+01:00,32.977471
2026-01-27 11:15+01:00,4.408076
2026-01-27 11:30+01:00,3.730478
2026-01-27 11:45+01:00,1.874132
2026-01-27 12:00+01:00,3.276426
2026-01-27 12:15+01:00,4.812234
2026-01-27 12:30+01:00,5.479564
2026-01-27 12:45+01:00,35.612586
2026-01-27 13:00+01:00,45.240246
2026-01-27 13:15+01:00,45.813992
2026-01-27 13:30+01:00,4.319407
2026-01-27 13:45+01:00,5.458245
2026-01-27 14:00+01:00,5.077338
2026-01-27 14:15+01:00,46.342753
2026-01-27 14:30+01:00,40.193004
2026-01-27 14:45+01:00,41.225812
2026-01-27 15:00+01:00,40.086180
2026-01-27 15:15+01:00,37.046501
2026-01-27 15:30+01:00,46.156838
2026-01-27 15:45+01:00,4.091013
2026-01-27 16:00+01:00,3.872472
2026-01-27 16:15+01:00,41.344947
2026-01-27 16:30+01:00,42.376719
2026-01-27 16:45+01:00,37.556249
2026-01-27 17:00+01:00,3.169110
2026-01-27 17:15+01:00,4.579674
2026-01-27 17:30+01:00,0.000000
2026-01-27 17:45+01:00,4.344282
2026-01-27 18:00+01:00,39.696005
2026-01-27 18:15+01:00,4.597882
2026-01-27 18:30+01:00,
2026-01-27 18:45+01:00,41.034895
2026-01-27 19:00+01:00,77.451900
2026-01-27 19:15+01:00,67.670917
2026-01-27 19:30+01:00,61.600497
2026-01-27 19:45+01:00,54.731283
2026-01-27 20:00+01:00,78.234416
2026-01-27 20:15+01:00,76.012714
2026-01-27 20:30+01:00,70.844548
2026-01-27 20:45+01:00,75.451898
2026-01-27 21:00+01:00,
2026-01-27 21:15+01:00,58.886802
2026-01-27 21:30+01:00,66.975650
2026-01-27 21:45+01:00,73.064471
2026-01-27 22:00+01:00,75.082461
2026-01-27 22:15+01:00,74.329580
2026-01-27 22:30+01:00,57.646429
2026-01-27 22:45+01:00,62.005780
2026-01-27 23:00+01:00,58.609049
2026-01-27 23:15+01:00,70.858162
2026-01-27 23:30+01:00,72.900383
2026-01-27 23:45+01:00,76.120118
2026-01-28 00:00+01:00,59.400526
2026-01-28 00:15+01:00,74.467945
2026-01-28 00:30+01:00,
2026-01-28 00:45+01:00,73.940599
2026-01-28 01:00+01:00,70.328620
2026-01-28 01:15+01:00,72.602718
2026-01-28 01:30+01:00,65.899744
2026-01-28 01:45+01:00,57.140439
2026-01-28 02:00+01:00,73.448907
2026-01-28 02:15+01:00,73.185081
2026-01-28 02:30+01:00,68.476173
2026-01-28 02:45+01:00,69.795602
2026-01-28 03:00+01:00,72.206148
2026-01-28 03:15+01:00,75.281153
2026-01-28 03:30+01:00,70.324075
2026-01-28 03:45+01:00,60.228458
2026-01-28 04:00+01:00,70.850749
2026-01-28 04:15+01:00,71.012421
2026-01-28 04:30+01:00,
2026-01-28 04:45+01:00,
2026-01-28 05:00+01:00,
2026-01-28 05:15+01:00,
2026-01-28 05:30+01:00,
2026-01-28 05:45+01:00,
2026-01-28 06:00+01:00,
2026-01-28 06:15+01:00,
2026-01-28 06:30+01:00,
2026-01-28 06:45+01:00,
2026-01-28 07:00+01:00,
2026-01-28 07:15+01:00,
2026-01-28 07:30+01:00,
2026-01-28 07:45+01:00,
2026-01-28 08:00+01:00,37.600063
2026-01-28 08:15+01:00,36.603356
2026-01-28 08:30+01:00,5.062908
2026-01-28 08:45+01:00,42.650948
2026-01-28 09:00+01:00,3.233338
2026-01-28 09:15+01:00,42.685913
2026-01-28 09:30+01:00,
2026-01-28 09:45+01:00,5.094556
2026-01-28 10:00+01:00,42.375834
2026-01-28 10:15+01:00,4.797758
2026-01-28 10:30+01:00,4.528111
2026-01-28 10:45+01:00,2.554445
2026-01-28 11:00+01:00,35.057779
2026-01-28 11:15+01:00,31.617855
2026-01-28 11:30+01:00,41.700240
2026-01-28 11:45+01:00,41.620545
2026-01-28 12:00+01:00,4.573632
2026-01-28 12:15+01:00,2.890395
2026-01-28 12:30+01:00,41.218757
2026-01-28 12:45+01:00,40.464985
2026-01-28 13:00+01:00,41.042713
2026-01-28 13:15+01:00,2.501633
2026-01-28 13:30+01:00,3.287694
2026-01-28 13:45+01:00,40.581333
2026-01-28 14:00+01:00,2.192032
2026-01-28 14:15+01:00,0.000000
2026-01-28 14:30+01:00,4.781360
2026-01-28 14:45+01:00,42.472780
2026-01-28 15:00+01:00,41.306594
2026-01-28 15:15+01:00,37.429433
2026-01-28 15:30+01:00,31.181396
2026-01-28 15:45+01:00,39.402362
2026-01-28 16:00+01:00,3.652778
2026-01-28 16:15+01:00,4.428812
2026-01-28 16:30+01:00,39.899935
2026-01-28 16:45+01:00,3.035434
2026-01-28 17:00+01:00,39.129583
2026-01-28 17:15+01:00,40.808343
2026-01-28 17:30+01:00,4.287269
2026-01-28 17:45+01:00,2.381213
2026-01-28 18:00+01:00,6.717362
2026-01-28 18:15+01:00,
2026-01-28 18:30+01:00,37.334237
2026-01-28 18:45+01:00,5.607216
2026-01-28 19:00+01:00,
2026-01-28 19:15+01:00,62.180808
2026-01-28 19:30+01:00,76.260659
2026-01-28 19:45+01:00,62.905510
2026-01-28 20:00+01:00,64.527922
2026-01-28 20:15+01:00,63.183802
2026-01-28 20:30+01:00,69.666017
2026-01-28 20:45+01:00,75.797095
2026-01-28 21:00+01:00,68.419064
2026-01-28 21:15+01:00,63.696811
2026-01-28 21:30+01:00,59.122974
2026-01-28 21:45+01:00,72.531953
2026-01-28 22:00+01:00,71.154755
2026-01-28 22:15+01:00,59.941160
2026-01-28 22:30+01:00,75.336863
2026-01-28 22:45+01:00,65.062503
2026-01-28 23:00+01:00,62.693237
2026-01-28 23:15+01:00,74.392669
2026-01-28 23:30+01:00,78.128884
2026-01-28 23:45+01:00,72.773156
2026-01-29 00:00+01:00,60.550927
2026-01-29 00:15+01:00,69.568599
2026-01-29 00:30+01:00,72.421218
2026-01-29 00:45+01:00,66.103625
2026-01-29 01:00+01:00,75.901675
2026-01-29 01:15+01:00,69.879876
2026-01-29 01:30+01:00,66.080583
2026-01-29 01:45+01:00,67.854737
2026-01-29 02:00+01:00,65.814991
2026-01-29 02:15+01:00,76.012980
2026-01-29 02:30+01:00,78.785223
2026-01-29 02:45+01:00,62.512518
2026-01-29 03:00+01:00,61.004616
2026-01-29 03:15+01:00,73.471344
2026-01-29 03:30+01:00,55.933983
2026-01-29 03:45+01:00,73.313589
2026-01-29 04:00+01:00,72.648804
2026-01-29 04:15+01:00,73.217286
2026-01-29 04:30+01:00,63.581892
2026-01-29 04:45+01:00,67.639185
2026-01-29 05:00+01:00,70.637748
2026-01-29 05:15+01:00,62.652038
2026-01-29 05:30+01:00,68.586072
2026-01-29 05:45+01:00,59.683523
2026-01-29 06:00+01:00,48.137288
2026-01-29 06:15+01:00,5.409981
2026-01-29 06:30+01:00,3.484150
2026-01-29 06:45+01:00,2.513527
2026-01-29 07:00+01:00,5.452037
2026-01-29 07:15+01:00,3.523009
2026-01-29 07:30+01:00,4.254838
2026-01-29 07:45+01:00,43.130605
2026-01-29 08:00+01:00,32.072464
2026-01-29 08:15+01:00,41.401824
2026-01-29 08:30+01:00,5.391695
2026-01-29 08:45+01:00,4.182592
2026-01-29 09:00+01:00,40.874379
2026-01-29 09:15+01:00,39.386210
2026-01-29 09:30+01:00,5.075693
2026-01-29 09:45+01:00,4.033796
2026-01-29 10:00+01:00,5.276078
2026-01-29 10:15+01:00,0.000000
2026-01-29 10:30+01:00,4.958321
2026-01-29 10:45+01:00,46.181210
2026-01-29 11:00+01:00,40.846411
2026-01-29 11:15+01:00,5.551834
2026-01-29 11:30+01:00,37.652185
2026-01-29 11:45+01:00,39.624158
2026-01-29 12:00+01:00,36.276535
2026-01-29 12:15+01:00,5.706765
2026-01-29 12:30+01:00,5.270546
2026-01-29 12:45+01:00,4.571289
2026-01-29 13:00+01:00,5.982175
2026-01-29 13:15+01:00,5.322246
2026-01-29 13:30+01:00,4.033574
2026-01-29 13:45+01:00,4.350387
2026-01-29 14:00+01:00,34.979087
2026-01-29 14:15+01:00,2.970803
2026-01-29 14:30+01:00,5.440915
2026-01-29 14:45+01:00,3.420624
2026-01-29 15:00+01:00,42.725881
2026-01-29 15:15+01:00,49.036866
2026-01-29 15:30+01:00,45.115594
2026-01-29 15:45+01:00,46.074865
2026-01-29 16:00+01:00,2.331923
2026-01-29 16:15+01:00,34.110121
2026-01-29 16:30+01:00,43.134751
2026-01-29 16:45+01:00,3.792915
2026-01-29 17:00+01:00,2.396644
2026-01-29 17:15+01:00,4.960024
2026-01-29 17:30+01:00,38.537727
2026-01-29 17:45+01:00,37.242892
2026-01-29 18:00+01:00,0.000000
2026-01-29 18:15+01:00,36.672226
2026-01-29 18:30+01:00,4.567059
2026-01-29 18:45+01:00,
2026-01-29 19:00+01:00,59.043385
2026-01-29 19:15+01:00,65.877417
2026-01-29 19:30+01:00,
2026-01-29 19:45+01:00,66.282273
2026-01-29 20:00+01:00,61.375276
2026-01-29 20:15+01:00,64.178028
2026-01-29 20:30+01:00,62.351905
2026-01-29 20:45+01:00,56.495140
2026-01-29 21:00+01:00,65.889520
2026-01-29 21:15+01:00,62.783905
2026-01-29 21:30+01:00,70.167572
2026-01-29 21:45+01:00,70.962248
2026-01-29 22:00+01:00,70.769593
2026-01-29 22:15+01:00,74.867369
2026-01-29 22:30+01:00,62.825259
2026-01-29 22:45+01:00,66.782184
2026-01-29 23:00+01:00,71.171485
2026-01-29 23:15+01:00,63.707027
2026-01-29 23:30+01:00,56.016455
2026-01-29 23:45+01:00,70.836077
2026-01-30 00:00+01:00,65.532715
2026-01-30 00:15+01:00,65.153721
2026-01-30 00:30+01:00,67.244553
2026-01-30 00:45+01:00,74.201001
2026-01-30 01:00+01:00,67.363606
2026-01-30 01:15+01:00,73.565767
2026-01-30 01:30+01:00,77.871466
2026-01-30 01:45+01:00,69.378771
2026-01-30 02:00+01:00,91.733246
2026-01-30 02:15+01:00,63.266592
2026-01-30 02:30+01:00,69.296623
2026-01-30 02:45+01:00,64.264453
2026-01-30 03:00+01:00,66.732157
2026-01-30 03:15+01:00,67.206518
2026-01-30 03:30+01:00,64.792040
2026-01-30 03:45+01:00,80.364352
2026-01-30 04:00+01:00,65.343522
2026-01-30 04:15+01:00,70.446380
2026-01-30 04:30+01:00,
2026-01-30 04:45+01:00,74.218416
2026-01-30 05:00+01:00,67.743767
2026-01-30 05:15+01:00,63.844120
2026-01-30 05:30+01:00,74.654126
2026-01-30 05:45+01:00,62.363580
2026-01-30 06:00+01:00,38.006003
2026-01-30 06:15+01:00,5.053138
2026-01-30 06:30+01:00,4.584855
2026-01-30 06:45+01:00,37.983102
2026-01-30 07:00+01:00,39.877864
2026-01-30 07:15+01:00,48.221201
2026-01-30 07:30+01:00,4.723408
2026-01-30 07:45+01:00,3.147410
2026-01-30 08:00+01:00,4.887947
2026-01-30 08:15+01:00,3.799158
2026-01-30 08:30+01:00,6.720944
2026-01-30 08:45+01:00,39.160341
2026-01-30 09:00+01:00,44.464843
2026-01-30 09:15+01:00,3.746438
2026-01-30 09:30+01:00,6.095382
2026-01-30 09:45+01:00,32.473721
2026-01-30 10:00+01:00,5.363427
2026-01-30 10:15+01:00,37.490382
2026-01-30 10:30+01:00,4.121521
2026-01-30 10:45+01:00,2.819814
2026-01-30 11:00+01:00,4.830996
2026-01-30 11:15+01:00,3.239303
2026-01-30 11:30+01:00,50.192261
2026-01-30 11:45+01:00,4.122487
2026-01-30 12:00+01:00,4.583361
2026-01-30 12:15+01:00,3.466952
2026-01-30 12:30+01:00,4.886987
2026-01-30 12:45+01:00,48.562503
2026-01-30 13:00+01:00,5.258595
2026-01-30 13:15+01:00,
2026-01-30 13:30+01:00,43.275839
2026-01-30 13:45+01:00,0.000000
2026-01-30 14:00+01:00,
2026-01-30 14:15+01:00,38.865215
2026-01-30 14:30+01:00,4.154089
2026-01-30 14:45+01:00,7.107192
2026-01-30 15:00+01:00,4.810105
2026-01-30 15:15+01:00,5.541244
2026-01-30 15:30+01:00,3.023915
2026-01-30 15:45+01:00,3.606807
2026-01-30 16:00+01:00,4.673817
2026-01-30 16:15+01:00,34.527821
2026-01-30 16:30+01:00,43.538902
2026-01-30 16:45+01:00,5.283635
2026-01-30 17:00+01:00,46.655052
2026-01-30 17:15+01:00,4.698497
2026-01-30 17:30+01:00,4.374240
2026-01-30 17:45+01:00,3.296007
2026-01-30 18:00+01:00,2.355866
2026-01-30 18:15+01:00,45.481117
2026-01-30 18:30+01:00,3.719783
2026-01-30 18:45+01:00,5.044347
2026-01-30 19:00+01:00,64.575442
2026-01-30 19:15+01:00,70.675613
2026-01-30 19:30+01:00,63.460083
2026-01-30 19:45+01:00,62.523750
2026-01-30 20:00+01:00,64.232239
2026-01-30 20:15+01:00,78.215988
2026-01-30 20:30+01:00,72.426745
2026-01-30 20:45+01:00,70.554729
2026-01-30 21:00+01:00,59.864843
2026-01-30 21:15+01:00,70.521101
2026-01-30 21:30+01:00,72.592578
2026-01-30 21:45+01:00,69.050434
2026-01-30 22:00+01:00,71.235214
2026-01-30 22:15+01:00,74.976807
2026-01-30 22:30+01:00,65.748310
2026-01-30 22:45+01:00,69.578615
2026-01-30 23:00+01:00,70.043103
2026-01-30 23:15+01:00,61.406577
2026-01-30 23:30+01:00,78.834105
2026-01-30 23:45+01:00,68.545395
2026-01-31 00:00+01:00,63.685260
2026-01-31 00:15+01:00,55.387932
2026-01-31 00:30+01:00,74.937403
2026-01-31 00:45+01:00,69.088548
2026-01-31 01:00+01:00,71.944317
2026-01-31 01:15+01:00,75.198318
2026-01-31 01:30+01:00,69.412978
2026-01-31 01:45+01:00,66.369796
2026-01-31 02:00+01:00,
2026-01-31 02:15+01:00,64.937075
2026-01-31 02:30+01:00,73.960249
2026-01-31 02:45+01:00,72.682871
2026-01-31 03:00+01:00,58.425351
2026-01-31 03:15+01:00,65.205336
2026-01-31 03:30+01:00,73.653353
2026-01-31 03:45+01:00,69.016246
2026-01-31 04:00+01:00,67.606453
2026-01-31 04:15+01:00,72.758985
2026-01-31 04:30+01:00,72.862513
2026-01-31 04:45+01:00,70.456855
2026-01-31 05:00+01:00,77.426049
2026-01-31 05:15+01:00,64.056139
2026-01-31 05:30+01:00,71.540139
2026-01-31 05:45+01:00,54.341268
2026-01-31 06:00+01:00,4.799446
2026-01-31 06:15+01:00,6.247832
2026-01-31 06:30+01:00,5.130456
2026-01-31 06:45+01:00,3.891973
2026-01-31 07:00+01:00,3.655654
2026-01-31 07:15+01:00,4.937061
2026-01-31 07:30+01:00,4.947383
2026-01-31 07:45+01:00,
2026-01-31 08:00+01:00,5.663668
2026-01-31 08:15+01:00,7.637084
2026-01-31 08:30+01:00,4.526073
2026-01-31 08:45+01:00,2.995242
2026-01-31 09:00+01:00,4.733365
2026-01-31 09:15+01:00,6.436460
2026-01-31 09:30+01:00,3.661057
2026-01-31 09:45+01:00,4.556369
2026-01-31 10:00+01:00,4.702539
2026-01-31 10:15+01:00,4.073885
2026-01-31 10:30+01:00,5.336616
2026-01-31 10:45+01:00,2.699543
2026-01-31 11:00+01:00,
2026-01-31 11:15+01:00,5.193147
2026-01-31 11:30+01:00,3.880178
2026-01-31 11:45+01:00,3.583136
2026-01-31 12:00+01:00,
2026-01-31 12:15+01:00,
2026-01-31 12:30+01:00,3.382346
2026-01-31 12:45+01:00,3.942949
2026-01-31 13:00+01:00,4.681105
2026-01-31 13:15+01:00,3.997233
2026-01-31 13:30+01:00,0.000000
2026-01-31 13:45+01:00,4.359511
2026-01-31 14:00+01:00,3.186834
2026-01-31 14:15+01:00,3.527804
2026-01-31 14:30+01:00,4.221663
2026-01-31 14:45+01:00,3.668570
2026-01-31 15:00+01:00,0.000000
2026-01-31 15:15+01:00,3.643529
2026-01-31 15:30+01:00,7.160946
2026-01-31 15:45+01:00,4.299708
2026-01-31 16:00+01:00,3.306716
2026-01-31 16:15+01:00,3.374060
2026-01-31 16:30+01:00,4.999639
2026-01-31 16:45+01:00,3.946133
2026-01-31 17:00+01:00,3.652588
2026-01-31 17:15+01:00,5.245047
2026-01-31 17:30+01:00,5.272505
2026-01-31 17:45+01:00,4.316276
2026-01-31 18:00+01:00,3.542918
2026-01-31 18:15+01:00,4.166644
2026-01-31 18:30+01:00,0.000000
2026-01-31 18:45+01:00,3.092693
2026-01-31 19:00+01:00,68.489142
2026-01-31 19:15+01:00,71.138470
2026-01-31 19:30+01:00,61.729479
2026-01-31 19:45+01:00,70.288573
2026-01-31 20:00+01:00,71.375137
2026-01-31 20:15+01:00,
2026-01-31 20:30+01:00,82.985850
2026-01-31 20:45+01:00,83.195799
2026-01-31 21:00+01:00,62.709732
2026-01-31 21:15+01:00,79.782760
2026-01-31 21:30+01:00,66.124325
2026-01-31 21:45+01:00,81.376840
2026-01-31 22:00+01:00,65.974777
2026-01-31 22:15+01:00,75.182181
2026-01-31 22:30+01:00,68.511735
2026-01-31 22:45+01:00,64.755086
2026-01-31 23:00+01:00,66.078822
2026-01-31 23:15+01:00,54.470708
2026-01-31 23:30+01:00,59.626479
2026-01-31 23:45+01:00,71.651320
2026-02-01 00:00+01:00,68.570609
2026-02-01 00:15+01:00,66.431141
2026-02-01 00:30+01:00,71.588440
2026-02-01 00:45+01:00,65.219009
2026-02-01 01:00+01:00,73.024766
2026-02-01 01:15+01:00,
2026-02-01 01:30+01:00,70.256392
2026-02-01 01:45+01:00,62.232899
2026-02-01 02:00+01:00,73.156498
2026-02-01 02:15+01:00,69.174566
2026-02-01 02:30+01:00,68.237904
2026-02-01 02:45+01:00,
2026-02-01 03:00+01:00,63.909342
2026-02-01 03:15+01:00,58.460288
2026-02-01 03:30+01:00,71.219795
2026-02-01 03:45+01:00,82.963778
2026-02-01 04:00+01:00,77.574452
2026-02-01 04:15+01:00,83.212332
2026-02-01 04:30+01:00,79.225920
2026-02-01 04:45+01:00,70.297293
2026-02-01 05:00+01:00,51.316396
2026-02-01 05:15+01:00,68.923284
2026-02-01 05:30+01:00,65.079515
2026-02-01 05:45+01:00,72.930630
2026-02-01 06:00+01:00,3.592345
2026-02-01 06:15+01:00,5.774159
2026-02-01 06:30+01:00,5.352203
2026-02-01 06:45+01:00,5.536835
2026-02-01 07:00+01:00,3.081040
2026-02-01 07:15+01:00,4.574529
2026-02-01 07:30+01:00,3.065232
2026-02-01 07:45+01:00,4.635471
2026-02-01 08:00+01:00,0.000000
2026-02-01 08:15+01:00,2.181191
2026-02-01 08:30+01:00,6.187392
2026-02-01 08:45+01:00,4.431843
2026-02-01 09:00+01:00,0.000000
2026-02-01 09:15+01:00,3.804235
2026-02-01 09:30+01:00,4.195309
2026-02-01 09:45+01:00,4.717033
2026-02-01 10:00+01:00,0.000000
2026-02-01 10:15+01:00,2.844075
2026-02-01 10:30+01:00,4.354451
2026-02-01 10:45+01:00,3.306182
2026-02-01 11:00+01:00,6.114563
2026-02-01 11:15+01:00,0.000000
2026-02-01 11:30+01:00,2.930454
2026-02-01 11:45+01:00,5.505962
2026-02-01 12:00+01:00,4.598557
2026-02-01 12:15+01:00,4.138315
2026-02-01 12:30+01:00,3.812635
2026-02-01 12:45+01:00,4.654181
2026-02-01 13:00+01:00,5.205300
2026-02-01 13:15+01:00,5.244924
2026-02-01 13:30+01:00,5.127471
2026-02-01 13:45+01:00,3.591246
2026-02-01 14:00+01:00,3.305211
2026-02-01 14:15+01:00,3.503017
2026-02-01 14:30+01:00,4.125785
2026-02-01 14:45+01:00,6.095334
2026-02-01 15:00+01:00,4.619284
2026-02-01 15:15+01:00,0.000000
2026-02-01 15:30+01:00,5.250914
2026-02-01 15:45+01:00,5.091187
2026-02-01 16:00+01:00,3.945382
2026-02-01 16:15+01:00,3.304425
2026-02-01 16:30+01:00,3.993859
2026-02-01 16:45+01:00,4.407536
2026-02-01 17:00+01:00,3.789516
2026-02-01 17:15+01:00,3.838808
2026-02-01 17:30+01:00,3.851196
2026-02-01 17:45+01:00,5.143611
2026-02-01 18:00+01:00,
2026-02-01 18:15+01:00,2.930071
2026-02-01 18:30+01:00,4.668565
2026-02-01 18:45+01:00,4.264918
2026-02-01 19:00+01:00,64.530981
2026-02-01 19:15+01:00,71.298803
2026-02-01 19:30+01:00,66.636049
2026-02-01 19:45+01:00,66.493600
2026-02-01 20:00+01:00,63.171633
2026-02-01 20:15+01:00,69.767239
2026-02-01 20:30+01:00,76.082933
2026-02-01 20:45+01:00,54.984813
2026-02-01 21:00+01:00,65.956093
2026-02-01 21:15+01:00,73.659981
2026-02-01 21:30+01:00,69.505822
2026-02-01 21:45+01:00,71.099190
2026-02-01 22:00+01:00,75.820197
2026-02-01 22:15+01:00,70.070763
2026-02-01 22:30+01:00,72.517189
2026-02-01 22:45+01:00,71.344655
2026-02-01 23:00+01:00,80.189748
2026-02-01 23:15+01:00,
2026-02-01 23:30+01:00,54.614054
2026-02-01 23:45+01:00,64.850006
2026-02-02 00:00+01:00,67.863484
2026-02-02 00:15+01:00,55.515103
2026-02-02 00:30+01:00,65.630070
2026-02-02 00:45+01:00,85.995080
2026-02-02 01:00+01:00,73.531014
2026-02-02 01:15+01:00,74.963293
2026-02-02 01:30+01:00,66.491243
2026-02-02 01:45+01:00,61.870306
2026-02-02 02:00+01:00,74.050779
2026-02-02 02:15+01:00,64.163937
2026-02-02 02:30+01:00,66.712020
2026-02-02 02:45+01:00,72.215686
2026-02-02 03:00+01:00,73.483092
2026-02-02 03:15+01:00,66.158188
2026-02-02 03:30+01:00,76.754731
2026-02-02 03:45+01:00,71.834876
2026-02-02 04:00+01:00,75.311718
2026-02-02 04:15+01:00,67.329354
2026-02-02 04:30+01:00,73.635039
2026-02-02 04:45+01:00,81.400345
2026-02-02 05:00+01:00,58.065470
2026-02-02 05:15+01:00,67.579731
2026-02-02 05:30+01:00,58.342805
2026-02-02 05:45+01:00,68.330450
2026-02-02 06:00+01:00,4.737845
2026-02-02 06:15+01:00,3.615816
2026-02-02 06:30+01:00,4.892489
2026-02-02 06:45+01:00,6.137420
2026-02-02 07:00+01:00,4.787096
2026-02-02 07:15+01:00,5.094638
2026-02-02 07:30+01:00,37.068838
2026-02-02 07:45+01:00,4.055519
2026-02-02 08:00+01:00,41.049206
2026-02-02 08:15+01:00,0.000000
2026-02-02 08:30+01:00,36.354276
2026-02-02 08:45+01:00,5.681552
2026-02-02 09:00+01:00,40.657163
2026-02-02 09:15+01:00,3.971318
2026-02-02 09:30+01:00,3.788985
2026-02-02 09:45+01:00,38.470136
2026-02-02 10:00+01:00,4.355045
2026-02-02 10:15+01:00,46.465495
2026-02-02 10:30+01:00,5.307618
2026-02-02 10:45+01:00,4.139994
2026-02-02 11:00+01:00,3.919319
2026-02-02 11:15+01:00,35.387939
2026-02-02 11:30+01:00,39.054464
2026-02-02 11:45+01:00,5.180799
2026-02-02 12:00+01:00,38.915464
2026-02-02 12:15+01:00,
2026-02-02 12:30+01:00,4.823848
2026-02-02 12:45+01:00,3.005328
2026-02-02 13:00+01:00,39.332263
2026-02-02 13:15+01:00,3.994330
2026-02-02 13:30+01:00,43.651664
2026-02-02 13:45+01:00,4.766677
2026-02-02 14:00+01:00,43.052995
2026-02-02 14:15+01:00,40.550086
2026-02-02 14:30+01:00,36.932500
2026-02-02 14:45+01:00,5.024636
2026-02-02 15:00+01:00,6.333595
2026-02-02 15:15+01:00,5.023297
2026-02-02 15:30+01:00,45.029567
2026-02-02 15:45+01:00,40.708142
2026-02-02 16:00+01:00,5.684342
2026-02-02 16:15+01:00,34.165700
2026-02-02 16:30+01:00,3.922760
2026-02-02 16:45+01:00,41.148867
2026-02-02 17:00+01:00,3.254259
2026-02-02 17:15+01:00,4.009338
2026-02-02 17:30+01:00,6.217527
2026-02-02 17:45+01:00,41.007840
2026-02-02 18:00+01:00,42.623977
2026-02-02 18:15+01:00,3.614237
2026-02-02 18:30+01:00,3.314227
2026-02-02 18:45+01:00,0.000000
2026-02-02 19:00+01:00,71.794603
2026-02-02 19:15+01:00,74.354183
2026-02-02 19:30+01:00,83.359233
2026-02-02 19:45+01:00,66.551052
2026-02-02 20:00+01:00,81.458083
2026-02-02 20:15+01:00,69.985371
2026-02-02 20:30+01:00,63.705688
2026-02-02 20:45+01:00,63.988190
2026-02-02 21:00+01:00,76.064663
2026-02-02 21:15+01:00,73.720267
2026-02-02 21:30+01:00,71.949134
2026-02-02 21:45+01:00,73.357891
2026-02-02 22:00+01:00,63.359305
2026-02-02 22:15+01:00,66.036219
2026-02-02 22:30+01:00,75.988565
2026-02-02 22:45+01:00,71.505348
2026-02-02 23:00+01:00,68.831982
2026-02-02 23:15+01:00,72.220905
2026-02-02 23:30+01:00,72.709370
2026-02-02 23:45+01:00,67.034213
2026-02-03 00:00+01:00,65.215644
2026-02-03 00:15+01:00,58.620530
2026-02-03 00:30+01:00,70.464849
2026-02-03 00:45+01:00,69.487026
2026-02-03 01:00+01:00,62.036804
2026-02-03 01:15+01:00,63.871936
2026-02-03 01:30+01:00,71.524336
2026-02-03 01:45+01:00,75.493239
2026-02-03 02:00+01:00,
2026-02-03 02:15+01:00,84.387700
2026-02-03 02:30+01:00,74.007607
2026-02-03 02:45+01:00,68.745605
2026-02-03 03:00+01:00,68.858055
2026-02-03 03:15+01:00,
2026-02-03 03:30+01:00,71.777975
2026-02-03 03:45+01:00,71.097262
2026-02-03 04:00+01:00,68.821298
2026-02-03 04:15+01:00,71.770836
2026-02-03 04:30+01:00,60.889532
2026-02-03 04:45+01:00,72.012667
2026-02-03 05:00+01:00,74.414360
2026-02-03 05:15+01:00,86.655866
2026-02-03 05:30+01:00,76.257125
2026-02-03 05:45+01:00,57.041971
2026-02-03 06:00+01:00,4.178625
2026-02-03 06:15+01:00,46.650591
2026-02-03 06:30+01:00,34.180489
2026-02-03 06:45+01:00,5.020798
2026-02-03 07:00+01:00,48.591794
2026-02-03 07:15+01:00,3.118006
2026-02-03 07:30+01:00,0.000000
2026-02-03 07:45+01:00,0.000000
2026-02-03 08:00+01:00,37.319727
2026-02-03 08:15+01:00,4.338183
2026-02-03 08:30+01:00,44.351765
2026-02-03 08:45+01:00,36.645371
2026-02-03 09:00+01:00,4.543997
2026-02-03 09:15+01:00,43.952802
2026-02-03 09:30+01:00,
2026-02-03 09:45+01:00,41.996699
2026-02-03 10:00+01:00,2.940565
2026-02-03 10:15+01:00,4.352064
2026-02-03 10:30+01:00,5.060490
2026-02-03 10:45+01:00,38.989449
2026-02-03 11:00+01:00,33.968922
2026-02-03 11:15+01:00,2.371370
2026-02-03 11:30+01:00,2.758401
2026-02-03 11:45+01:00,0.000000
2026-02-03 12:00+01:00,3.020902
2026-02-03 12:15+01:00,38.003669
2026-02-03 12:30+01:00,38.219292
2026-02-03 12:45+01:00,4.295197
2026-02-03 13:00+01:00,4.732862
2026-02-03 13:15+01:00,5.593878
2026-02-03 13:30+01:00,45.402900
2026-02-03 13:45+01:00,4.213466
2026-02-03 14:00+01:00,0.000000
2026-02-03 14:15+01:00,44.990751
2026-02-03 14:30+01:00,4.764041
2026-02-03 14:45+01:00,42.416866
2026-02-03 15:00+01:00,40.791875
2026-02-03 15:15+01:00,5.800329
2026-02-03 15:30+01:00,39.836116
2026-02-03 15:45+01:00,3.624482
2026-02-03 16:00+01:00,0.000000
2026-02-03 16:15+01:00,5.764342
2026-02-03 16:30+01:00,39.588908
2026-02-03 16:45+01:00,2.630802
2026-02-03 17:00+01:00,0.000000
2026-02-03 17:15+01:00,41.274258
2026-02-03 17:30+01:00,48.009282
2026-02-03 17:45+01:00,41.086770
2026-02-03 18:00+01:00,33.452257
2026-02-03 18:15+01:00,0.000000
2026-02-03 18:30+01:00,6.174190
2026-02-03 18:45+01:00,3.195389
2026-02-03 19:00+01:00,63.661978
2026-02-03 19:15+01:00,64.054125
2026-02-03 19:30+01:00,72.665738
2026-02-03 19:45+01:00,64.862297
2026-02-03 20:00+01:00,62.943808
2026-02-03 20:15+01:00,77.403532
2026-02-03 20:30+01:00,68.938010
2026-02-03 20:45+01:00,56.181185
2026-02-03 21:00+01:00,69.446907
2026-02-03 21:15+01:00,
2026-02-03 21:30+01:00,69.700718
2026-02-03 21:45+01:00,67.961973
2026-02-03 22:00+01:00,77.205419
2026-02-03 22:15+01:00,73.415651
2026-02-03 22:30+01:00,75.635712
2026-02-03 22:45+01:00,69.107630
2026-02-03 23:00+01:00,81.964977
2026-02-03 23:15+01:00,61.477706
2026-02-03 23:30+01:00,74.293339
2026-02-03 23:45+01:00,66.026975
2026-02-04 00:00+01:00,79.450917
2026-02-04 00:15+01:00,61.068930
2026-02-04 00:30+01:00,65.756659
2026-02-04 00:45+01:00,69.451647
2026-02-04 01:00+01:00,71.995755
2026-02-04 01:15+01:00,65.652531
2026-02-04 01:30+01:00,64.946276
2026-02-04 01:45+01:00,66.930469
2026-02-04 02:00+01:00,74.089126
2026-02-04 02:15+01:00,77.752026
2026-02-04 02:30+01:00,81.027842
2026-02-04 02:45+01:00,70.208792
2026-02-04 03:00+01:00,67.190225
2026-02-04 03:15+01:00,82.877220
2026-02-04 03:30+01:00,82.822512
2026-02-04 03:45+01:00,69.473996
2026-02-04 04:00+01:00,77.579406
2026-02-04 04:15+01:00,47.444953
2026-02-04 04:30+01:00,67.075614
2026-02-04 04:45+01:00,71.799716
2026-02-04 05:00+01:00,71.305007
2026-02-04 05:15+01:00,71.936083
2026-02-04 05:30+01:00,76.628195
2026-02-04 05:45+01:00,76.273938
2026-02-04 06:00+01:00,47.008564
2026-02-04 06:15+01:00,4.167860
2026-02-04 06:30+01:00,3.432745
2026-02-04 06:45+01:00,39.915020
2026-02-04 07:00+01:00,
2026-02-04 07:15+01:00,4.164417
2026-02-04 07:30+01:00,
2026-02-04 07:45+01:00,0.000000
2026-02-04 08:00+01:00,46.268536
2026-02-04 08:15+01:00,44.384296
2026-02-04 08:30+01:00,4.238063
2026-02-04 08:45+01:00,6.775252
2026-02-04 09:00+01:00,5.991432
2026-02-04 09:15+01:00,43.783190
2026-02-04 09:30+01:00,3.805444
2026-02-04 09:45+01:00,4.240631
2026-02-04 10:00+01:00,2.873305
2026-02-04 10:15+01:00,4.983416
2026-02-04 10:30+01:00,4.559813
2026-02-04 10:45+01:00,3.659193
2026-02-04 11:00+01:00,3.564175
2026-02-04 11:15+01:00,35.610617
2026-02-04 11:30+01:00,46.601229
2026-02-04 11:45+01:00,1.757825
2026-02-04 12:00+01:00,4.580732
2026-02-04 12:15+01:00,40.467121
2026-02-04 12:30+01:00,38.261472
2026-02-04 12:45+01:00,37.340173
2026-02-04 13:00+01:00,38.888494
2026-02-04 13:15+01:00,4.228252
2026-02-04 13:30+01:00,37.341159
2026-02-04 13:45+01:00,30.015807
2026-02-04 14:00+01:00,4.630815
2026-02-04 14:15+01:00,42.612245
2026-02-04 14:30+01:00,
2026-02-04 14:45+01:00,
2026-02-04 15:00+01:00,40.837303
2026-02-04 15:15+01:00,3.793419
2026-02-04 15:30+01:00,4.001280
2026-02-04 15:45+01:00,39.749755
2026-02-04 16:00+01:00,37.180400
2026-02-04 16:15+01:00,45.162437
2026-02-04 16:30+01:00,42.435952
2026-02-04 16:45+01:00,
2026-02-04 17:00+01:00,2.992435
2026-02-04 17:15+01:00,42.568575
2026-02-04 17:30+01:00,3.786984
2026-02-04 17:45+01:00,4.173081
2026-02-04 18:00+01:00,4.161256
2026-02-04 18:15+01:00,5.179345
2026-02-04 18:30+01:00,39.691963
2026-02-04 18:45+01:00,38.660502
2026-02-04 19:00+01:00,
2026-02-04 19:15+01:00,58.362988
2026-02-04 19:30+01:00,68.871225
2026-02-04 19:45+01:00,52.326881
2026-02-04 20:00+01:00,77.791294
2026-02-04 20:15+01:00,67.329732
2026-02-04 20:30+01:00,70.307261
2026-02-04 20:45+01:00,72.493487
2026-02-04 21:00+01:00,68.753698
2026-02-04 21:15+01:00,67.544358
2026-02-04 21:30+01:00,61.810703
2026-02-04 21:45+01:00,64.093178
2026-02-04 22:00+01:00,74.545504
2026-02-04 22:15+01:00,66.856378
2026-02-04 22:30+01:00,79.177375
2026-02-04 22:45+01:00,69.523558
2026-02-04 23:00+01:00,72.936214
2026-02-04 23:15+01:00,68.826653
2026-02-04 23:30+01:00,61.596660
2026-02-04 23:45+01:00,71.998190
2026-02-05 00:00+01:00,71.190520
2026-02-05 00:15+01:00,66.730198
2026-02-05 00:30+01:00,72.602385
2026-02-05 00:45+01:00,65.875701
2026-02-05 01:00+01:00,68.559648
2026-02-05 01:15+01:00,65.625806
2026-02-05 01:30+01:00,58.833374
2026-02-05 01:45+01:00,66.593507
2026-02-05 02:00+01:00,61.258824
2026-02-05 02:15+01:00,66.362064
2026-02-05 02:30+01:00,69.891676
2026-02-05 02:45+01:00,56.313772
2026-02-05 03:00+01:00,61.776371
2026-02-05 03:15+01:00,57.647626
2026-02-05 03:30+01:00,59.660435
2026-02-05 03:45+01:00,77.242013
2026-02-05 04:00+01:00,75.768460
2026-02-05 04:15+01:00,62.083396
2026-02-05 04:30+01:00,74.005893
2026-02-05 04:45+01:00,76.214885
2026-02-05 05:00+01:00,75.385591
2026-02-05 05:15+01:00,73.412688
2026-02-05 05:30+01:00,79.171545
2026-02-05 05:45+01:00,
2026-02-05 06:00+01:00,5.016896
2026-02-05 06:15+01:00,39.675046
2026-02-05 06:30+01:00,36.784000
2026-02-05 06:45+01:00,45.647096
2026-02-05 07:00+01:00,5.905668
2026-02-05 07:15+01:00,39.006405
2026-02-05 07:30+01:00,3.703565
2026-02-05 07:45+01:00,4.637586
2026-02-05 08:00+01:00,2.505576
2026-02-05 08:15+01:00,39.065701
2026-02-05 08:30+01:00,4.146300
2026-02-05 08:45+01:00,38.779078
2026-02-05 09:00+01:00,35.166043
2026-02-05 09:15+01:00,0.000000
2026-02-05 09:30+01:00,42.216256
2026-02-05 09:45+01:00,4.913926
2026-02-05 10:00+01:00,4.204533
2026-02-05 10:15+01:00,1.891334
2026-02-05 10:30+01:00,3.717952
2026-02-05 10:45+01:00,5.571989
2026-02-05 11:00+01:00,3.666381
2026-02-05 11:15+01:00,40.091748
2026-02-05 11:30+01:00,3.830156
2026-02-05 11:45+01:00,39.628020
2026-02-05 12:00+01:00,43.880538
2026-02-05 12:15+01:00,43.525663
2026-02-05 12:30+01:00,4.452580
2026-02-05 12:45+01:00,4.841917
2026-02-05 13:00+01:00,4.194367
2026-02-05 13:15+01:00,5.705888
2026-02-05 13:30+01:00,43.568191
2026-02-05 13:45+01:00,4.256047
2026-02-05 14:00+01:00,1.038410
2026-02-05 14:15+01:00,
2026-02-05 14:30+01:00,5.669736
2026-02-05 14:45+01:00,4.454870
2026-02-05 15:00+01:00,
2026-02-05 15:15+01:00,4.471086
2026-02-05 15:30+01:00,4.657059
2026-02-05 15:45+01:00,42.825510
2026-02-05 16:00+01:00,3.484608
2026-02-05 16:15+01:00,46.589097
2026-02-05 16:30+01:00,4.356220
2026-02-05 16:45+01:00,2.530270
2026-02-05 17:00+01:00,40.290755
2026-02-05 17:15+01:00,3.590710
2026-02-05 17:30+01:00,5.621842
2026-02-05 17:45+01:00,46.553150
2026-02-05 18:00+01:00,
2026-02-05 18:15+01:00,43.164762
2026-02-05 18:30+01:00,37.612917
2026-02-05 18:45+01:00,33.266689
2026-02-05 19:00+01:00,62.897080
2026-02-05 19:15+01:00,68.328804
2026-02-05 19:30+01:00,74.653236
2026-02-05 19:45+01:00,79.211316
2026-02-05 20:00+01:00,71.672757
2026-02-05 20:15+01:00,63.001047
2026-02-05 20:30+01:00,76.103569
2026-02-05 20:45+01:00,64.247124
2026-02-05 21:00+01:00,77.492336
2026-02-05 21:15+01:00,56.805246
2026-02-05 21:30+01:00,66.537158
2026-02-05 21:45+01:00,79.524779
2026-02-05 22:00+01:00,68.755847
2026-02-05 22:15+01:00,60.538810
2026-02-05 22:30+01:00,74.363954
2026-02-05 22:45+01:00,64.590025
2026-02-05 23:00+01:00,
2026-02-05 23:15+01:00,54.929769
2026-02-05 23:30+01:00,74.524461
2026-02-05 23:45+01:00,71.175415
2026-02-06 00:00+01:00,
2026-02-06 00:15+01:00,
2026-02-06 00:30+01:00,73.526197
2026-02-06 00:45+01:00,62.632808
2026-02-06 01:00+01:00,81.330911
2026-02-06 01:15+01:00,72.878615
2026-02-06 01:30+01:00,61.664089
2026-02-06 01:45+01:00,61.826513
2026-02-06 02:00+01:00,71.662216
2026-02-06 02:15+01:00,70.739816
2026-02-06 02:30+01:00,70.482823
2026-02-06 02:45+01:00,68.930918
2026-02-06 03:00+01:00,80.667071
2026-02-06 03:15+01:00,63.549054
2026-02-06 03:30+01:00,73.781147
2026-02-06 03:45+01:00,62.529971
2026-02-06 04:00+01:00,66.535300
2026-02-06 04:15+01:00,67.411883
2026-02-06 04:30+01:00,72.667007
2026-02-06 04:45+01:00,64.999316
2026-02-06 05:00+01:00,70.340812
2026-02-06 05:15+01:00,62.166472
2026-02-06 05:30+01:00,70.473909
2026-02-06 05:45+01:00,72.301806
2026-02-06 06:00+01:00,2.556799
2026-02-06 06:15+01:00,4.543649
2026-02-06 06:30+01:00,
2026-02-06 06:45+01:00,3.625920
2026-02-06 07:00+01:00,39.908287
2026-02-06 07:15+01:00,4.358119
2026-02-06 07:30+01:00,3.273782
2026-02-06 07:45+01:00,4.984226
2026-02-06 08:00+01:00,5.940476
2026-02-06 08:15+01:00,4.668992
2026-02-06 08:30+01:00,
2026-02-06 08:45+01:00,40.136520
2026-02-06 09:00+01:00,41.669636
2026-02-06 09:15+01:00,2.926836
2026-02-06 09:30+01:00,5.380846
2026-02-06 09:45+01:00,45.897749
2026-02-06 10:00+01:00,34.528612
2026-02-06 10:15+01:00,2.999745
2026-02-06 10:30+01:00,5.245494
2026-02-06 10:45+01:00,2.935467
2026-02-06 11:00+01:00,40.033817
2026-02-06 11:15+01:00,36.048562
2026-02-06 11:30+01:00,38.511592
2026-02-06 11:45+01:00,3.672056
2026-02-06 12:00+01:00,0.000000
2026-02-06 12:15+01:00,
2026-02-06 12:30+01:00,3.839020
2026-02-06 12:45+01:00,2.640592
2026-02-06 13:00+01:00,40.918410
2026-02-06 13:15+01:00,40.766668
2026-02-06 13:30+01:00,38.733779
2026-02-06 13:45+01:00,0.000000
2026-02-06 14:00+01:00,7.068461
2026-02-06 14:15+01:00,2.202538
2026-02-06 14:30+01:00,4.391502
2026-02-06 14:45+01:00,4.263197
2026-02-06 15:00+01:00,0.000000
2026-02-06 15:15+01:00,33.320696
2026-02-06 15:30+01:00,4.188867
2026-02-06 15:45+01:00,41.160132
2026-02-06 16:00+01:00,39.233111
2026-02-06 16:15+01:00,4.874354
2026-02-06 16:30+01:00,33.984116
2026-02-06 16:45+01:00,40.123670
2026-02-06 17:00+01:00,42.168503
2026-02-06 17:15+01:00,
2026-02-06 17:30+01:00,3.822600
2026-02-06 17:45+01:00,4.610664
2026-02-06 18:00+01:00,35.772000
2026-02-06 18:15+01:00,5.069348
2026-02-06 18:30+01:00,41.306406
2026-02-06 18:45+01:00,37.622481
2026-02-06 19:00+01:00,62.491852
2026-02-06 19:15+01:00,64.217913
2026-02-06 19:30+01:00,68.576425
2026-02-06 19:45+01:00,67.051675
2026-02-06 20:00+01:00,69.823016
2026-02-06 20:15+01:00,
2026-02-06 20:30+01:00,69.012175
2026-02-06 20:45+01:00,
2026-02-06 21:00+01:00,81.597428
2026-02-06 21:15+01:00,69.464583
2026-02-06 21:30+01:00,77.917447
2026-02-06 21:45+01:00,72.677814
2026-02-06 22:00+01:00,70.786362
2026-02-06 22:15+01:00,
2026-02-06 22:30+01:00,77.544085
2026-02-06 22:45+01:00,65.013911
2026-02-06 23:00+01:00,62.870752
2026-02-06 23:15+01:00,65.707943
2026-02-06 23:30+01:00,67.712992
2026-02-06 23:45+01:00,80.613665
2026-02-07 00:00+01:00,68.513598
2026-02-07 00:15+01:00,79.413506
2026-02-07 00:30+01:00,
2026-02-07 00:45+01:00,68.847698
2026-02-07 01:00+01:00,85.144540
2026-02-07 01:15+01:00,58.248028
2026-02-07 01:30+01:00,68.501748
2026-02-07 01:45+01:00,68.081459
2026-02-07 02:00+01:00,65.074940
2026-02-07 02:15+01:00,66.789288
2026-02-07 02:30+01:00,60.955146
2026-02-07 02:45+01:00,73.245738
2026-02-07 03:00+01:00,70.278367
2026-02-07 03:15+01:00,69.743725
2026-02-07 03:30+01:00,61.046623
2026-02-07 03:45+01:00,73.839247
2026-02-07 04:00+01:00,78.725574
2026-02-07 04:15+01:00,63.720691
2026-02-07 04:30+01:00,76.012916
2026-02-07 04:45+01:00,68.652791
2026-02-07 05:00+01:00,63.228871
2026-02-07 05:15+01:00,81.849859
2026-02-07 05:30+01:00,76.545409
2026-02-07 05:45+01:00,70.797454
2026-02-07 06:00+01:00,2.669113
2026-02-07 06:15+01:00,5.456592
2026-02-07 06:30+01:00,
2026-02-07 06:45+01:00,0.000000
2026-02-07 07:00+01:00,3.825608
2026-02-07 07:15+01:00,5.368053
2026-02-07 07:30+01:00,5.262411
2026-02-07 07:45+01:00,2.318470
2026-02-07 08:00+01:00,4.819096
2026-02-07 08:15+01:00,3.194374
2026-02-07 08:30+01:00,4.063523
2026-02-07 08:45+01:00,6.434414
2026-02-07 09:00+01:00,4.342568
2026-02-07 09:15+01:00,4.082415
2026-02-07 09:30+01:00,4.239880
2026-02-07 09:45+01:00,4.098543
2026-02-07 10:00+01:00,4.122180
2026-02-07 10:15+01:00,5.390321
2026-02-07 10:30+01:00,
2026-02-07 10:45+01:00,3.190642
2026-02-07 11:00+01:00,4.183149
2026-02-07 11:15+01:00,4.939385
2026-02-07 11:30+01:00,3.147209
2026-02-07 11:45+01:00,
2026-02-07 12:00+01:00,4.335309
2026-02-07 12:15+01:00,6.192416
2026-02-07 12:30+01:00,2.019777
2026-02-07 12:45+01:00,4.309102
2026-02-07 13:00+01:00,5.030016
2026-02-07 13:15+01:00,4.318281
2026-02-07 13:30+01:00,6.123663
2026-02-07 13:45+01:00,5.217009
2026-02-07 14:00+01:00,4.425982
2026-02-07 14:15+01:00,
2026-02-07 14:30+01:00,6.386683
2026-02-07 14:45+01:00,5.698826
2026-02-07 15:00+01:00,4.427173
2026-02-07 15:15+01:00,3.261438
2026-02-07 15:30+01:00,5.063579
2026-02-07 15:45+01:00,4.302057
2026-02-07 16:00+01:00,4.970299
2026-02-07 16:15+01:00,2.052654
2026-02-07 16:30+01:00,3.659245
2026-02-07 16:45+01:00,6.521783
2026-02-07 17:00+01:00,4.415815
2026-02-07 17:15+01:00,2.255308
2026-02-07 17:30+01:00,0.000000
2026-02-07 17:45+01:00,2.842632
2026-02-07 18:00+01:00,3.613008
2026-02-07 18:15+01:00,3.610529
2026-02-07 18:30+01:00,5.741792
2026-02-07 18:45+01:00,4.033170
2026-02-07 19:00+01:00,65.742418
2026-02-07 19:15+01:00,61.434175
2026-02-07 19:30+01:00,68.112486
2026-02-07 19:45+01:00,72.483144
2026-02-07 20:00+01:00,66.763467
2026-02-07 20:15+01:00,79.593887
2026-02-07 20:30+01:00,72.315157
2026-02-07 20:45+01:00,86.232330
2026-02-07 21:00+01:00,71.127625
2026-02-07 21:15+01:00,66.783760
2026-02-07 21:30+01:00,
2026-02-07 21:45+01:00,84.208505
2026-02-07 22:00+01:00,68.395485
2026-02-07 22:15+01:00,53.804682
2026-02-07 22:30+01:00,58.065571
2026-02-07 22:45+01:00,66.674396
2026-02-07 23:00+01:00,84.843599
2026-02-07 23:15+01:00,75.179341
2026-02-07 23:30+01:00,64.800118
2026-02-07 23:45+01:00,63.414954
2026-02-08 00:00+01:00,68.962133
2026-02-08 00:15+01:00,68.657047
2026-02-08 00:30+01:00,61.811546
2026-02-08 00:45+01:00,69.063245
2026-02-08 01:00+01:00,71.501093
2026-02-08 01:15+01:00,70.234401
2026-02-08 01:30+01:00,76.122482
2026-02-08 01:45+01:00,72.372915
2026-02-08 02:00+01:00,62.602115
2026-02-08 02:15+01:00,76.578682
2026-02-08 02:30+01:00,76.212225
2026-02-08 02:45+01:00,70.330472
2026-02-08 03:00+01:00,66.164953
2026-02-08 03:15+01:00,64.931287
2026-02-08 03:30+01:00,70.205991
2026-02-08 03:45+01:00,74.177238
2026-02-08 04:00+01:00,71.410380
2026-02-08 04:15+01:00,71.329104
2026-02-08 04:30+01:00,64.167193
2026-02-08 04:45+01:00,76.355085
2026-02-08 05:00+01:00,72.730559
2026-02-08 05:15+01:00,69.344020
2026-02-08 05:30+01:00,68.985751
2026-02-08 05:45+01:00,66.937447
2026-02-08 06:00+01:00,5.154266
2026-02-08 06:15+01:00,3.052141
2026-02-08 06:30+01:00,4.698506
2026-02-08 06:45+01:00,3.995989
2026-02-08 07:00+01:00,0.000000
2026-02-08 07:15+01:00,3.541299
2026-02-08 07:30+01:00,5.788002
2026-02-08 07:45+01:00,5.558851
2026-02-08 08:00+01:00,4.020411
2026-02-08 08:15+01:00,2.801314
2026-02-08 08:30+01:00,4.565688
2026-02-08 08:45+01:00,3.967678
2026-02-08 09:00+01:00,
2026-02-08 09:15+01:00,3.636496
2026-02-08 09:30+01:00,6.151233
2026-02-08 09:45+01:00,3.891886
2026-02-08 10:00+01:00,2.980994
2026-02-08 10:15+01:00,6.026899
2026-02-08 10:30+01:00,3.306034
2026-02-08 10:45+01:00,
2026-02-08 11:00+01:00,
2026-02-08 11:15+01:00,3.072204
2026-02-08 11:30+01:00,3.452993
2026-02-08 11:45+01:00,4.419191
2026-02-08 12:00+01:00,2.843803
2026-02-08 12:15+01:00,4.766473
2026-02-08 12:30+01:00,4.366803
2026-02-08 12:45+01:00,3.445752
2026-02-08 13:00+01:00,2.531996
2026-02-08 13:15+01:00,2.880529
2026-02-08 13:30+01:00,4.543103
2026-02-08 13:45+01:00,4.268187
2026-02-08 14:00+01:00,6.255390
2026-02-08 14:15+01:00,5.148844
2026-02-08 14:30+01:00,
2026-02-08 14:45+01:00,5.184842
2026-02-08 15:00+01:00,3.018818
2026-02-08 15:15+01:00,4.581669
2026-02-08 15:30+01:00,3.138027
2026-02-08 15:45+01:00,4.159649
2026-02-08 16:00+01:00,3.445722
2026-02-08 16:15+01:00,
2026-02-08 16:30+01:00,4.926405
2026-02-08 16:45+01:00,3.996135
2026-02-08 17:00+01:00,
2026-02-08 17:15+01:00,4.509617
2026-02-08 17:30+01:00,3.885292
2026-02-08 17:45+01:00,4.831586
2026-02-08 18:00+01:00,2.856944
2026-02-08 18:15+01:00,5.357169
2026-02-08 18:30+01:00,4.541812
2026-02-08 18:45+01:00,6.500122
2026-02-08 19:00+01:00,70.245439
2026-02-08 19:15+01:00,71.550976
2026-02-08 19:30+01:00,74.746045
2026-02-08 19:45+01:00,69.984791
2026-02-08 20:00+01:00,67.402083
2026-02-08 20:15+01:00,72.086991
2026-02-08 20:30+01:00,67.329390
2026-02-08 20:45+01:00,72.437489
2026-02-08 21:00+01:00,75.976090
2026-02-08 21:15+01:00,68.329289
2026-02-08 21:30+01:00,60.264080
2026-02-08 21:45+01:00,
2026-02-08 22:00+01:00,61.834834
2026-02-08 22:15+01:00,66.109153
2026-02-08 22:30+01:00,77.299617
2026-02-08 22:45+01:00,64.546271
2026-02-08 23:00+01:00,68.483804
2026-02-08 23:15+01:00,84.045147
2026-02-08 23:30+01:00,80.674185
2026-02-08 23:45+01:00,73.050124
2026-02-09 00:00+01:00,67.599870
2026-02-09 00:15+01:00,77.821389
2026-02-09 00:30+01:00,68.533804
2026-02-09 00:45+01:00,67.592370
2026-02-09 01:00+01:00,75.785974
2026-02-09 01:15+01:00,77.326292
2026-02-09 01:30+01:00,
2026-02-09 01:45+01:00,82.137722
2026-02-09 02:00+01:00,65.386478
2026-02-09 02:15+01:00,60.299858
2026-02-09 02:30+01:00,61.363453
2026-02-09 02:45+01:00,67.245690
2026-02-09 03:00+01:00,75.892286
2026-02-09 03:15+01:00,68.103450
2026-02-09 03:30+01:00,65.935115
2026-02-09 03:45+01:00,
2026-02-09 04:00+01:00,60.641489
2026-02-09 04:15+01:00,68.338779
2026-02-09 04:30+01:00,57.550885
2026-02-09 04:45+01:00,69.556374
2026-02-09 05:00+01:00,71.772385
2026-02-09 05:15+01:00,68.336943
2026-02-09 05:30+01:00,65.338926
2026-02-09 05:45+01:00,69.780956
2026-02-09 06:00+01:00,4.447141
2026-02-09 06:15+01:00,3.540768
2026-02-09 06:30+01:00,40.380291
2026-02-09 06:45+01:00,39.582700
2026-02-09 07:00+01:00,2.371900
2026-02-09 07:15+01:00,0.000000
2026-02-09 07:30+01:00,6.095871
2026-02-09 07:45+01:00,2.858803
2026-02-09 08:00+01:00,37.137569
2026-02-09 08:15+01:00,39.991564
2026-02-09 08:30+01:00,40.021745
2026-02-09 08:45+01:00,2.646600
2026-02-09 09:00+01:00,3.199464
2026-02-09 09:15+01:00,42.387614
2026-02-09 09:30+01:00,40.381306
2026-02-09 09:45+01:00,3.562370
2026-02-09 10:00+01:00,5.026532
2026-02-09 10:15+01:00,43.371833
2026-02-09 10:30+01:00,35.175343
2026-02-09 10:45+01:00,39.579634
2026-02-09 11:00+01:00,38.796115
2026-02-09 11:15+01:00,1.989393
2026-02-09 11:30+01:00,45.278744
2026-02-09 11:45+01:00,41.231115
2026-02-09 12:00+01:00,1.546599
2026-02-09 12:15+01:00,3.931043
2026-02-09 12:30+01:00,
2026-02-09 12:45+01:00,3.928922
2026-02-09 13:00+01:00,2.020290
2026-02-09 13:15+01:00,37.983297
2026-02-09 13:30+01:00,4.830940
2026-02-09 13:45+01:00,38.107167
2026-02-09 14:00+01:00,40.005495
2026-02-09 14:15+01:00,44.341711
2026-02-09 14:30+01:00,4.494030
2026-02-09 14:45+01:00,4.586408
2026-02-09 15:00+01:00,
2026-02-09 15:15+01:00,45.246215
2026-02-09 15:30+01:00,5.279855
2026-02-09 15:45+01:00,38.231271
2026-02-09 16:00+01:00,40.252183
2026-02-09 16:15+01:00,
2026-02-09 16:30+01:00,41.118132
2026-02-09 16:45+01:00,0.000000
2026-02-09 17:00+01:00,45.402942
2026-02-09 17:15+01:00,2.812006
2026-02-09 17:30+01:00,38.901628
2026-02-09 17:45+01:00,3.839755
2026-02-09 18:00+01:00,0.000000
2026-02-09 18:15+01:00,3.539077
2026-02-09 18:30+01:00,46.259823
2026-02-09 18:45+01:00,0.000000
2026-02-09 19:00+01:00,70.076926
2026-02-09 19:15+01:00,68.291581
2026-02-09 19:30+01:00,74.616974
2026-02-09 19:45+01:00,60.451473
2026-02-09 20:00+01:00,64.002593
2026-02-09 20:15+01:00,58.150534
2026-02-09 20:30+01:00,69.191686
2026-02-09 20:45+01:00,67.199223
2026-02-09 21:00+01:00,58.636751
2026-02-09 21:15+01:00,80.562642
2026-02-09 21:30+01:00,66.860798
2026-02-09 21:45+01:00,61.700891
2026-02-09 22:00+01:00,77.454888
2026-02-09 22:15+01:00,77.572724
2026-02-09 22:30+01:00,77.574001
2026-02-09 22:45+01:00,74.213587
2026-02-09 23:00+01:00,66.305858
2026-02-09 23:15+01:00,63.732923
2026-02-09 23:30+01:00,77.352949
2026-02-09 23:45+01:00,63.750502
2026-02-10 00:00+01:00,77.521387
2026-02-10 00:15+01:00,55.515332
2026-02-10 00:30+01:00,71.467755
2026-02-10 00:45+01:00,75.959129
2026-02-10 01:00+01:00,57.037850
2026-02-10 01:15+01:00,72.229701
2026-02-10 01:30+01:00,60.467105
2026-02-10 01:45+01:00,60.300224
2026-02-10 02:00+01:00,68.750375
2026-02-10 02:15+01:00,76.513794
2026-02-10 02:30+01:00,71.565159
2026-02-10 02:45+01:00,62.840982
2026-02-10 03:00+01:00,70.890358
2026-02-10 03:15+01:00,66.199257
2026-02-10 03:30+01:00,80.667993
2026-02-10 03:45+01:00,76.749364
2026-02-10 04:00+01:00,74.496412
2026-02-10 04:15+01:00,63.293636
2026-02-10 04:30+01:00,
2026-02-10 04:45+01:00,72.180070
2026-02-10 05:00+01:00,65.179344
2026-02-10 05:15+01:00,72.754989
2026-02-10 05:30+01:00,67.607188
2026-02-10 05:45+01:00,65.316430
2026-02-10 06:00+01:00,3.717530
2026-02-10 06:15+01:00,3.889731
2026-02-10 06:30+01:00,3.489279
2026-02-10 06:45+01:00,40.124265
2026-02-10 07:00+01:00,6.350439
2026-02-10 07:15+01:00,2.493347
2026-02-10 07:30+01:00,34.627411
2026-02-10 07:45+01:00,4.870832
2026-02-10 08:00+01:00,3.806092
2026-02-10 08:15+01:00,5.893363
2026-02-10 08:30+01:00,3.479445
2026-02-10 08:45+01:00,3.474655
2026-02-10 09:00+01:00,43.389130
2026-02-10 09:15+01:00,40.634572
2026-02-10 09:30+01:00,2.148908
2026-02-10 09:45+01:00,
2026-02-10 10:00+01:00,33.352612
2026-02-10 10:15+01:00,1.840519
2026-02-10 10:30+01:00,39.151280
2026-02-10 10:45+01:00,34.127956
2026-02-10 11:00+01:00,37.142112
2026-02-10 11:15+01:00,4.238387
2026-02-10 11:30+01:00,6.434581
2026-02-10 11:45+01:00,4.223244
2026-02-10 12:00+01:00,42.319256
2026-02-10 12:15+01:00,1.905920
2026-02-10 12:30+01:00,40.079277
2026-02-10 12:45+01:00,4.514852
2026-02-10 13:00+01:00,4.602050
2026-02-10 13:15+01:00,5.185690
2026-02-10 13:30+01:00,35.831139
2026-02-10 13:45+01:00,
2026-02-10 14:00+01:00,40.233665
2026-02-10 14:15+01:00,44.032345
2026-02-10 14:30+01:00,0.000000
2026-02-10 14:45+01:00,41.547363
2026-02-10 15:00+01:00,43.732239
2026-02-10 15:15+01:00,4.747540
2026-02-10 15:30+01:00,5.225610
2026-02-10 15:45+01:00,37.754405
2026-02-10 16:00+01:00,38.370617
2026-02-10 16:15+01:00,44.185176
2026-02-10 16:30+01:00,44.712474
2026-02-10 16:45+01:00,5.715791
2026-02-10 17:00+01:00,4.673506
2026-02-10 17:15+01:00,2.171430
2026-02-10 17:30+01:00,34.729256
2026-02-10 17:45+01:00,2.729189
2026-02-10 18:00+01:00,32.810392
2026-02-10 18:15+01:00,39.123756
2026-02-10 18:30+01:00,40.583476
2026-02-10 18:45+01:00,41.261297
2026-02-10 19:00+01:00,66.944747
2026-02-10 19:15+01:00,70.226342
2026-02-10 19:30+01:00,62.975365
2026-02-10 19:45+01:00,61.354338
2026-02-10 20:00+01:00,67.677524
2026-02-10 20:15+01:00,68.609141
2026-02-10 20:30+01:00,61.678374
2026-02-10 20:45+01:00,73.630582
2026-02-10 21:00+01:00,76.873950
2026-02-10 21:15+01:00,67.665889
2026-02-10 21:30+01:00,66.894449
2026-02-10 21:45+01:00,53.969008
2026-02-10 22:00+01:00,70.615491
2026-02-10 22:15+01:00,64.859285
2026-02-10 22:30+01:00,68.882199
2026-02-10 22:45+01:00,85.091669
2026-02-10 23:00+01:00,
2026-02-10 23:15+01:00,72.877945
2026-02-10 23:30+01:00,81.682892
2026-02-10 23:45+01:00,70.009662
2026-02-11 00:00+01:00,74.424757
2026-02-11 00:15+01:00,76.292472
2026-02-11 00:30+01:00,
2026-02-11 00:45+01:00,68.629375
2026-02-11 01:00+01:00,58.897832
2026-02-11 01:15+01:00,70.129303
2026-02-11 01:30+01:00,81.534751
2026-02-11 01:45+01:00,
2026-02-11 02:00+01:00,68.500871
2026-02-11 02:15+01:00,76.636770
2026-02-11 02:30+01:00,68.676103
2026-02-11 02:45+01:00,69.327230
2026-02-11 03:00+01:00,70.650072
2026-02-11 03:15+01:00,74.454516
2026-02-11 03:30+01:00,77.365806
2026-02-11 03:45+01:00,68.179646
2026-02-11 04:00+01:00,81.173384
2026-02-11 04:15+01:00,61.359559
2026-02-11 04:30+01:00,71.992662
2026-02-11 04:45+01:00,72.327106
2026-02-11 05:00+01:00,70.144769
2026-02-11 05:15+01:00,71.667816
2026-02-11 05:30+01:00,76.686391
2026-02-11 05:45+01:00,76.994577
2026-02-11 06:00+01:00,4.015639
2026-02-11 06:15+01:00,45.486767
2026-02-11 06:30+01:00,40.298409
2026-02-11 06:45+01:00,4.321756
2026-02-11 07:00+01:00,3.834577
2026-02-11 07:15+01:00,1.665606
2026-02-11 07:30+01:00,
2026-02-11 07:45+01:00,45.216876
2026-02-11 08:00+01:00,3.520765
2026-02-11 08:15+01:00,37.333668
2026-02-11 08:30+01:00,35.885476
2026-02-11 08:45+01:00,4.940131
2026-02-11 09:00+01:00,4.020997
2026-02-11 09:15+01:00,39.718814
2026-02-11 09:30+01:00,2.818000
2026-02-11 09:45+01:00,3.920826
2026-02-11 10:00+01:00,36.934890
2026-02-11 10:15+01:00,2.399763
2026-02-11 10:30+01:00,42.514286
2026-02-11 10:45+01:00,36.926873
2026-02-11 11:00+01:00,49.705745
2026-02-11 11:15+01:00,3.688179
2026-02-11 11:30+01:00,29.549007
2026-02-11 11:45+01:00,36.321054
2026-02-11 12:00+01:00,3.782675
2026-02-11 12:15+01:00,3.502255
2026-02-11 12:30+01:00,40.792591
2026-02-11 12:45+01:00,39.445891
2026-02-11 13:00+01:00,
2026-02-11 13:15+01:00,34.678263
2026-02-11 13:30+01:00,3.310859
2026-02-11 13:45+01:00,5.223756
2026-02-11 14:00+01:00,
2026-02-11 14:15+01:00,3.882377
2026-02-11 14:30+01:00,44.533745
2026-02-11 14:45+01:00,40.424347
2026-02-11 15:00+01:00,39.632791
2026-02-11 15:15+01:00,4.220071
2026-02-11 15:30+01:00,38.220333
2026-02-11 15:45+01:00,35.490889
2026-02-11 16:00+01:00,35.805390
2026-02-11 16:15+01:00,3.317352
2026-02-11 16:30+01:00,46.274021
2026-02-11 16:45+01:00,42.258458
2026-02-11 17:00+01:00,41.462097
2026-02-11 17:15+01:00,1.963673
2026-02-11 17:30+01:00,35.198748
2026-02-11 17:45+01:00,6.120172
2026-02-11 18:00+01:00,4.639022
2026-02-11 18:15+01:00,4.433375
2026-02-11 18:30+01:00,3.789645
2026-02-11 18:45+01:00,0.000000
2026-02-11 19:00+01:00,69.140403
2026-02-11 19:15+01:00,76.000935
2026-02-11 19:30+01:00,
2026-02-11 19:45+01:00,56.912139
2026-02-11 20:00+01:00,77.253831
2026-02-11 20:15+01:00,68.965908
2026-02-11 20:30+01:00,71.780828
2026-02-11 20:45+01:00,75.148996
2026-02-11 21:00+01:00,73.412927
2026-02-11 21:15+01:00,63.518215
2026-02-11 21:30+01:00,74.484109
2026-02-11 21:45+01:00,67.102364
2026-02-11 22:00+01:00,55.038192
2026-02-11 22:15+01:00,82.010466
2026-02-11 22:30+01:00,77.566922
2026-02-11 22:45+01:00,68.872783
2026-02-11 23:00+01:00,
2026-02-11 23:15+01:00,55.827321
2026-02-11 23:30+01:00,59.436903
2026-02-11 23:45+01:00,75.812139
2026-02-12 00:00+01:00,79.506141
2026-02-12 00:15+01:00,
2026-02-12 00:30+01:00,66.052542
2026-02-12 00:45+01:00,62.639132
2026-02-12 01:00+01:00,69.593740
2026-02-12 01:15+01:00,68.335318
2026-02-12 01:30+01:00,70.785585
2026-02-12 01:45+01:00,
2026-02-12 02:00+01:00,73.133010
2026-02-12 02:15+01:00,72.009485
2026-02-12 02:30+01:00,70.861429
2026-02-12 02:45+01:00,72.320057
2026-02-12 03:00+01:00,64.029191
2026-02-12 03:15+01:00,72.983125
2026-02-12 03:30+01:00,
2026-02-12 03:45+01:00,74.452811
2026-02-12 04:00+01:00,69.322814
2026-02-12 04:15+01:00,56.413115
2026-02-12 04:30+01:00,68.913897
2026-02-12 04:45+01:00,61.069118
2026-02-12 05:00+01:00,68.750063
2026-02-12 05:15+01:00,67.741124
2026-02-12 05:30+01:00,73.461810
2026-02-12 05:45+01:00,70.715934
2026-02-12 06:00+01:00,38.477630
2026-02-12 06:15+01:00,5.635069
2026-02-12 06:30+01:00,39.093704
2026-02-12 06:45+01:00,37.761239
2026-02-12 07:00+01:00,44.393528
2026-02-12 07:15+01:00,38.385280
2026-02-12 07:30+01:00,38.077768
2026-02-12 07:45+01:00,4.390655
2026-02-12 08:00+01:00,41.124222
2026-02-12 08:15+01:00,5.122673
2026-02-12 08:30+01:00,4.483965
2026-02-12 08:45+01:00,5.429945
2026-02-12 09:00+01:00,40.775130
2026-02-12 09:15+01:00,4.812228
2026-02-12 09:30+01:00,0.000000
2026-02-12 09:45+01:00,3.854520
2026-02-12 10:00+01:00,
2026-02-12 10:15+01:00,3.177789
2026-02-12 10:30+01:00,4.414966
2026-02-12 10:45+01:00,41.153408
2026-02-12 11:00+01:00,45.781628
2026-02-12 11:15+01:00,
2026-02-12 11:30+01:00,33.768583
2026-02-12 11:45+01:00,0.000000
2026-02-12 12:00+01:00,3.264566
2026-02-12 12:15+01:00,43.453351
2026-02-12 12:30+01:00,43.279453
2026-02-12 12:45+01:00,42.866847
2026-02-12 13:00+01:00,2.797363
2026-02-12 13:15+01:00,4.081798
2026-02-12 13:30+01:00,3.753120
2026-02-12 13:45+01:00,2.806825
2026-02-12 14:00+01:00,3.332541
2026-02-12 14:15+01:00,0.000000
2026-02-12 14:30+01:00,5.226466
2026-02-12 14:45+01:00,5.456095
2026-02-12 15:00+01:00,40.988594
2026-02-12 15:15+01:00,5.203673
2026-02-12 15:30+01:00,0.000000
2026-02-12 15:45+01:00,39.157530
2026-02-12 16:00+01:00,34.664088
2026-02-12 16:15+01:00,37.675342
2026-02-12 16:30+01:00,5.117438
2026-02-12 16:45+01:00,0.000000
2026-02-12 17:00+01:00,4.246594
2026-02-12 17:15+01:00,39.824601
2026-02-12 17:30+01:00,3.602930
2026-02-12 17:45+01:00,4.474632
2026-02-12 18:00+01:00,4.755525
2026-02-12 18:15+01:00,40.130795
2026-02-12 18:30+01:00,33.329056
2026-02-12 18:45+01:00,39.935178
2026-02-12 19:00+01:00,67.032316
2026-02-12 19:15+01:00,72.463519
2026-02-12 19:30+01:00,65.906450
2026-02-12 19:45+01:00,69.426306
2026-02-12 20:00+01:00,73.399318
2026-02-12 20:15+01:00,68.115721
2026-02-12 20:30+01:00,59.741199
2026-02-12 20:45+01:00,69.553174
2026-02-12 21:00+01:00,70.051989
2026-02-12 21:15+01:00,61.239053
2026-02-12 21:30+01:00,71.463955
2026-02-12 21:45+01:00,66.116438
2026-02-12 22:00+01:00,64.625840
2026-02-12 22:15+01:00,61.238090
2026-02-12 22:30+01:00,71.322328
2026-02-12 22:45+01:00,66.207073
2026-02-12 23:00+01:00,78.429531
2026-02-12 23:15+01:00,71.326680
2026-02-12 23:30+01:00,64.183917
2026-02-12 23:45+01:00,63.476588
2026-02-13 00:00+01:00,63.209945
2026-02-13 00:15+01:00,63.084673
2026-02-13 00:30+01:00,70.862380
2026-02-13 00:45+01:00,70.228889
2026-02-13 01:00+01:00,61.458948
2026-02-13 01:15+01:00,62.498380
2026-02-13 01:30+01:00,74.150884
2026-02-13 01:45+01:00,61.036105
2026-02-13 02:00+01:00,67.087384
2026-02-13 02:15+01:00,67.398993
2026-02-13 02:30+01:00,76.517546
2026-02-13 02:45+01:00,66.265660
2026-02-13 03:00+01:00,
2026-02-13 03:15+01:00,62.318269
2026-02-13 03:30+01:00,62.721322
2026-02-13 03:45+01:00,63.017668
2026-02-13 04:00+01:00,69.896819
2026-02-13 04:15+01:00,68.399373
2026-02-13 04:30+01:00,74.350566
2026-02-13 04:45+01:00,68.129069
2026-02-13 05:00+01:00,66.861864
2026-02-13 05:15+01:00,69.263813
2026-02-13 05:30+01:00,74.428204
2026-02-13 05:45+01:00,60.145263
2026-02-13 06:00+01:00,5.976633
2026-02-13 06:15+01:00,6.285860
2026-02-13 06:30+01:00,41.572299
2026-02-13 06:45+01:00,
2026-02-13 07:00+01:00,3.268682
2026-02-13 07:15+01:00,43.883620
2026-02-13 07:30+01:00,6.050152
2026-02-13 07:45+01:00,4.124073
2026-02-13 08:00+01:00,
2026-02-13 08:15+01:00,
2026-02-13 08:30+01:00,
2026-02-13 08:45+01:00,0.000000
2026-02-13 09:00+01:00,36.663456
2026-02-13 09:15+01:00,39.293372
2026-02-13 09:30+01:00,39.652488
2026-02-13 09:45+01:00,4.448267
2026-02-13 10:00+01:00,45.555107
2026-02-13 10:15+01:00,48.329420
2026-02-13 10:30+01:00,35.938573
2026-02-13 10:45+01:00,38.667510
2026-02-13 11:00+01:00,34.932802
2026-02-13 11:15+01:00,
2026-02-13 11:30+01:00,40.368963
2026-02-13 11:45+01:00,2.893694
2026-02-13 12:00+01:00,4.575396
2026-02-13 12:15+01:00,36.989965
2026-02-13 12:30+01:00,43.006966
2026-02-13 12:45+01:00,3.175492
2026-02-13 13:00+01:00,37.670142
2026-02-13 13:15+01:00,41.948825
2026-02-13 13:30+01:00,39.081892
2026-02-13 13:45+01:00,3.006128
2026-02-13 14:00+01:00,4.660040
2026-02-13 14:15+01:00,35.579047
2026-02-13 14:30+01:00,33.924977
2026-02-13 14:45+01:00,3.425350
2026-02-13 15:00+01:00,43.454012
2026-02-13 15:15+01:00,4.945326
2026-02-13 15:30+01:00,4.001251
2026-02-13 15:45+01:00,39.199227
2026-02-13 16:00+01:00,5.343702
2026-02-13 16:15+01:00,4.824128
2026-02-13 16:30+01:00,7.462474
2026-02-13 16:45+01:00,3.865621
2026-02-13 17:00+01:00,4.930410
2026-02-13 17:15+01:00,4.378458
2026-02-13 17:30+01:00,3.243585
2026-02-13 17:45+01:00,3.848093
2026-02-13 18:00+01:00,41.683371
2026-02-13 18:15+01:00,
2026-02-13 18:30+01:00,3.061063
2026-02-13 18:45+01:00,30.380891
2026-02-13 19:00+01:00,68.156428
2026-02-13 19:15+01:00,62.917510
2026-02-13 19:30+01:00,61.614751
2026-02-13 19:45+01:00,64.627312
2026-02-13 20:00+01:00,61.309400
2026-02-13 20:15+01:00,65.401674
2026-02-13 20:30+01:00,74.233177
2026-02-13 20:45+01:00,71.142364
2026-02-13 21:00+01:00,59.483252
2026-02-13 21:15+01:00,69.233741
2026-02-13 21:30+01:00,73.792954
2026-02-13 21:45+01:00,62.797444
2026-02-13 22:00+01:00,65.474923
2026-02-13 22:15+01:00,67.362442
2026-02-13 22:30+01:00,64.390225
2026-02-13 22:45+01:00,74.340981
2026-02-13 23:00+01:00,61.219367
2026-02-13 23:15+01:00,77.825062
2026-02-13 23:30+01:00,66.291283
2026-02-13 23:45+01:00,70.986429
2026-02-14 00:00+01:00,63.598978
2026-02-14 00:15+01:00,65.147310
2026-02-14 00:30+01:00,72.090805
2026-02-14 00:45+01:00,77.583214
2026-02-14 01:00+01:00,78.620127
2026-02-14 01:15+01:00,
2026-02-14 01:30+01:00,69.608103
2026-02-14 01:45+01:00,70.547598
2026-02-14 02:00+01:00,71.344279
2026-02-14 02:15+01:00,67.798439
2026-02-14 02:30+01:00,64.153117
2026-02-14 02:45+01:00,62.011583
2026-02-14 03:00+01:00,64.493810
2026-02-14 03:15+01:00,73.978544
2026-02-14 03:30+01:00,65.866542
2026-02-14 03:45+01:00,66.812271
2026-02-14 04:00+01:00,85.788871
2026-02-14 04:15+01:00,
2026-02-14 04:30+01:00,61.282065
2026-02-14 04:45+01:00,76.417470
2026-02-14 05:00+01:00,63.029051
2026-02-14 05:15+01:00,63.338816
2026-02-14 05:30+01:00,77.308733
2026-02-14 05:45+01:00,74.935958
2026-02-14 06:00+01:00,0.000000
2026-02-14 06:15+01:00,5.051869
2026-02-14 06:30+01:00,3.862216
2026-02-14 06:45+01:00,5.066520
2026-02-14 07:00+01:00,5.688854
2026-02-14 07:15+01:00,4.840603
2026-02-14 07:30+01:00,3.818609
2026-02-14 07:45+01:00,3.531661
2026-02-14 08:00+01:00,0.000000
2026-02-14 08:15+01:00,2.519487
2026-02-14 08:30+01:00,4.148148
2026-02-14 08:45+01:00,3.015777
2026-02-14 09:00+01:00,3.567396
2026-02-14 09:15+01:00,5.376789
2026-02-14 09:30+01:00,4.021175
2026-02-14 09:45+01:00,4.583657
2026-02-14 10:00+01:00,2.698511
2026-02-14 10:15+01:00,5.565180
2026-02-14 10:30+01:00,0.000000
2026-02-14 10:45+01:00,3.595982
2026-02-14 11:00+01:00,4.926271
2026-02-14 11:15+01:00,5.401114
2026-02-14 11:30+01:00,4.209690
2026-02-14 11:45+01:00,5.381881
2026-02-14 12:00+01:00,
2026-02-14 12:15+01:00,2.941933
2026-02-14 12:30+01:00,3.628530
2026-02-14 12:45+01:00,5.384708
2026-02-14 13:00+01:00,4.832221
2026-02-14 13:15+01:00,3.830462
2026-02-14 13:30+01:00,5.644228
2026-02-14 13:45+01:00,3.372684
2026-02-14 14:00+01:00,4.875078
2026-02-14 14:15+01:00,4.637912
2026-02-14 14:30+01:00,3.147562
2026-02-14 14:45+01:00,3.773384
2026-02-14 15:00+01:00,4.807227
2026-02-14 15:15+01:00,3.804388
2026-02-14 15:30+01:00,2.445100
2026-02-14 15:45+01:00,4.615512
2026-02-14 16:00+01:00,5.840269
2026-02-14 16:15+01:00,2.379091
2026-02-14 16:30+01:00,4.082281
2026-02-14 16:45+01:00,4.692941
2026-02-14 17:00+01:00,
2026-02-14 17:15+01:00,0.000000
2026-02-14 17:30+01:00,7.122279
2026-02-14 17:45+01:00,5.386868
2026-02-14 18:00+01:00,6.190263
2026-02-14 18:15+01:00,3.396818
2026-02-14 18:30+01:00,4.827988
2026-02-14 18:45+01:00,0.679157
2026-02-14 19:00+01:00,68.808464
2026-02-14 19:15+01:00,69.806730
2026-02-14 19:30+01:00,
2026-02-14 19:45+01:00,
2026-02-14 20:00+01:00,55.545164
2026-02-14 20:15+01:00,76.320370
2026-02-14 20:30+01:00,78.185614
2026-02-14 20:45+01:00,69.227250
2026-02-14 21:00+01:00,66.646722
2026-02-14 21:15+01:00,63.174288
2026-02-14 21:30+01:00,74.187171
2026-02-14 21:45+01:00,69.279537
2026-02-14 22:00+01:00,64.161996
2026-02-14 22:15+01:00,73.033740
2026-02-14 22:30+01:00,72.676203
2026-02-14 22:45+01:00,67.369651
2026-02-14 23:00+01:00,73.136055
2026-02-14 23:15+01:00,67.550106
2026-02-14 23:30+01:00,63.455297
2026-02-14 23:45+01:00,66.036854
2026-02-15 00:00+01:00,79.219764
2026-02-15 00:15+01:00,
2026-02-15 00:30+01:00,57.360037
2026-02-15 00:45+01:00,60.047719
2026-02-15 01:00+01:00,71.357651
2026-02-15 01:15+01:00,68.788143
2026-02-15 01:30+01:00,64.978869
2026-02-15 01:45+01:00,80.652540
2026-02-15 02:00+01:00,55.826937
2026-02-15 02:15+01:00,59.193066
2026-02-15 02:30+01:00,73.030947
2026-02-15 02:45+01:00,64.420765
2026-02-15 03:00+01:00,68.089738
2026-02-15 03:15+01:00,69.656535
2026-02-15 03:30+01:00,68.894056
2026-02-15 03:45+01:00,66.548766
2026-02-15 04:00+01:00,56.223109
2026-02-15 04:15+01:00,54.779857
2026-02-15 04:30+01:00,69.827866
2026-02-15 04:45+01:00,68.297405
2026-02-15 05:00+01:00,
2026-02-15 05:15+01:00,74.996693
2026-02-15 05:30+01:00,62.139491
2026-02-15 05:45+01:00,60.522187
2026-02-15 06:00+01:00,4.458504
2026-02-15 06:15+01:00,3.924941
2026-02-15 06:30+01:00,3.173600
2026-02-15 06:45+01:00,4.522424
2026-02-15 07:00+01:00,4.940088
2026-02-15 07:15+01:00,5.818417
2026-02-15 07:30+01:00,1.519486
2026-02-15 07:45+01:00,3.299293
2026-02-15 08:00+01:00,4.533933
2026-02-15 08:15+01:00,5.377689
2026-02-15 08:30+01:00,3.080668
2026-02-15 08:45+01:00,5.304889
2026-02-15 09:00+01:00,2.086132
2026-02-15 09:15+01:00,3.237464
2026-02-15 09:30+01:00,5.356112
2026-02-15 09:45+01:00,3.738433
2026-02-15 10:00+01:00,3.861503
2026-02-15 10:15+01:00,4.118538
2026-02-15 10:30+01:00,3.859065
2026-02-15 10:45+01:00,3.826895
2026-02-15 11:00+01:00,1.936534
2026-02-15 11:15+01:00,4.232649
2026-02-15 11:30+01:00,3.774077
2026-02-15 11:45+01:00,0.000000
2026-02-15 12:00+01:00,4.639883
2026-02-15 12:15+01:00,4.911847
2026-02-15 12:30+01:00,4.001314
2026-02-15 12:45+01:00,
2026-02-15 13:00+01:00,
2026-02-15 13:15+01:00,4.610915
2026-02-15 13:30+01:00,2.624695
2026-02-15 13:45+01:00,4.917816
2026-02-15 14:00+01:00,3.753480
2026-02-15 14:15+01:00,4.912874
2026-02-15 14:30+01:00,3.101596
2026-02-15 14:45+01:00,2.570959
2026-02-15 15:00+01:00,4.587420
2026-02-15 15:15+01:00,4.546544
2026-02-15 15:30+01:00,2.736739
2026-02-15 15:45+01:00,4.504702
2026-02-15 16:00+01:00,4.334002
2026-02-15 16:15+01:00,2.758793
2026-02-15 16:30+01:00,3.994106
2026-02-15 16:45+01:00,3.820096
2026-02-15 17:00+01:00,4.076605
2026-02-15 17:15+01:00,4.838528
2026-02-15 17:30+01:00,3.417126
2026-02-15 17:45+01:00,5.016798
2026-02-15 18:00+01:00,4.192414
2026-02-15 18:15+01:00,0.000000
2026-02-15 18:30+01:00,4.259442
2026-02-15 18:45+01:00,2.020540
2026-02-15 19:00+01:00,61.837724
2026-02-15 19:15+01:00,70.232075
2026-02-15 19:30+01:00,69.957995
2026-02-15 19:45+01:00,65.170725
2026-02-15 20:00+01:00,67.025159
2026-02-15 20:15+01:00,67.195888
2026-02-15 20:30+01:00,55.846699
2026-02-15 20:45+01:00,67.289736
2026-02-15 21:00+01:00,68.370938
2026-02-15 21:15+01:00,72.382587
2026-02-15 21:30+01:00,61.482461
2026-02-15 21:45+01:00,73.693285
2026-02-15 22:00+01:00,76.615406
2026-02-15 22:15+01:00,57.586040
2026-02-15 22:30+01:00,72.796931
2026-02-15 22:45+01:00,64.607342
2026-02-15 23:00+01:00,84.587712
2026-02-15 23:15+01:00,64.400950
2026-02-15 23:30+01:00,69.437646
2026-02-15 23:45+01:00,60.000835
2026-02-16 00:00+01:00,
2026-02-16 00:15+01:00,74.439211
2026-02-16 00:30+01:00,67.227480
2026-02-16 00:45+01:00,70.039877
2026-02-16 01:00+01:00,68.526831
2026-02-16 01:15+01:00,68.146385
2026-02-16 01:30+01:00,73.600488
2026-02-16 01:45+01:00,
2026-02-16 02:00+01:00,62.377683
2026-02-16 02:15+01:00,68.992887
2026-02-16 02:30+01:00,74.019408
2026-02-16 02:45+01:00,64.352548
2026-02-16 03:00+01:00,63.113035
2026-02-16 03:15+01:00,75.137457
2026-02-16 03:30+01:00,77.848242
2026-02-16 03:45+01:00,56.089713
2026-02-16 04:00+01:00,64.868964
2026-02-16 04:15+01:00,79.335062
2026-02-16 04:30+01:00,71.451388
2026-02-16 04:45+01:00,67.161725
2026-02-16 05:00+01:00,
2026-02-16 05:15+01:00,68.947304
2026-02-16 05:30+01:00,72.405387
2026-02-16 05:45+01:00,73.360973
2026-02-16 06:00+01:00,
2026-02-16 06:15+01:00,41.607640
2026-02-16 06:30+01:00,35.810818
2026-02-16 06:45+01:00,45.948167
2026-02-16 07:00+01:00,3.886469
2026-02-16 07:15+01:00,41.139138
2026-02-16 07:30+01:00,37.550022
2026-02-16 07:45+01:00,43.709371
2026-02-16 08:00+01:00,4.194993
2026-02-16 08:15+01:00,3.225734
2026-02-16 08:30+01:00,0.000000
2026-02-16 08:45+01:00,44.125740
2026-02-16 09:00+01:00,5.625105
2026-02-16 09:15+01:00,4.128403
2026-02-16 09:30+01:00,3.588085
2026-02-16 09:45+01:00,4.057417
2026-02-16 10:00+01:00,6.105426
2026-02-16 10:15+01:00,3.278670
2026-02-16 10:30+01:00,40.308512
2026-02-16 10:45+01:00,2.808393
2026-02-16 11:00+01:00,6.013971
2026-02-16 11:15+01:00,38.803794
2026-02-16 11:30+01:00,2.288621
2026-02-16 11:45+01:00,38.273031
2026-02-16 12:00+01:00,0.000000
2026-02-16 12:15+01:00,6.406155
2026-02-16 12:30+01:00,43.734961
2026-02-16 12:45+01:00,2.805729
2026-02-16 13:00+01:00,37.232753
2026-02-16 13:15+01:00,44.133739
2026-02-16 13:30+01:00,36.098060
2026-02-16 13:45+01:00,43.729726
2026-02-16 14:00+01:00,43.994826
2026-02-16 14:15+01:00,40.981028
2026-02-16 14:30+01:00,5.299685
2026-02-16 14:45+01:00,2.669942
2026-02-16 15:00+01:00,3.515533
2026-02-16 15:15+01:00,37.378461
2026-02-16 15:30+01:00,39.798766
2026-02-16 15:45+01:00,39.229942
2026-02-16 16:00+01:00,4.081965
2026-02-16 16:15+01:00,43.661763
2026-02-16 16:30+01:00,5.929414
2026-02-16 16:45+01:00,42.190868
2026-02-16 17:00+01:00,41.683892
2026-02-16 17:15+01:00,46.995805
2026-02-16 17:30+01:00,37.496226
2026-02-16 17:45+01:00,5.065024
2026-02-16 18:00+01:00,38.166245
2026-02-16 18:15+01:00,3.112534
2026-02-16 18:30+01:00,5.539338
2026-02-16 18:45+01:00,4.652653
2026-02-16 19:00+01:00,72.771604
2026-02-16 19:15+01:00,73.389914
2026-02-16 19:30+01:00,63.381263
2026-02-16 19:45+01:00,72.397335
2026-02-16 20:00+01:00,68.174508
2026-02-16 20:15+01:00,66.319431
2026-02-16 20:30+01:00,68.864272
2026-02-16 20:45+01:00,56.610713
2026-02-16 21:00+01:00,61.890176
2026-02-16 21:15+01:00,74.672138
2026-02-16 21:30+01:00,
2026-02-16 21:45+01:00,70.966434
2026-02-16 22:00+01:00,69.843314
2026-02-16 22:15+01:00,69.599578
2026-02-16 22:30+01:00,82.487034
2026-02-16 22:45+01:00,79.102527
2026-02-16 23:00+01:00,
2026-02-16 23:15+01:00,56.024492
2026-02-16 23:30+01:00,71.635561
2026-02-16 23:45+01:00,69.245875
2026-02-17 00:00+01:00,77.439249
2026-02-17 00:15+01:00,71.577300
2026-02-17 00:30+01:00,72.070386
2026-02-17 00:45+01:00,60.102033
2026-02-17 01:00+01:00,74.290225
2026-02-17 01:15+01:00,68.405889
2026-02-17 01:30+01:00,65.444208
2026-02-17 01:45+01:00,73.215666
2026-02-17 02:00+01:00,61.960223
2026-02-17 02:15+01:00,67.847373
2026-02-17 02:30+01:00,62.314463
2026-02-17 02:45+01:00,83.159090
2026-02-17 03:00+01:00,75.442228
2026-02-17 03:15+01:00,83.153251
2026-02-17 03:30+01:00,75.061663
2026-02-17 03:45+01:00,74.412532
2026-02-17 04:00+01:00,70.830358
2026-02-17 04:15+01:00,67.790136
2026-02-17 04:30+01:00,71.814267
2026-02-17 04:45+01:00,61.092967
2026-02-17 05:00+01:00,74.669549
2026-02-17 05:15+01:00,74.076471
2026-02-17 05:30+01:00,57.205203
2026-02-17 05:45+01:00,78.744577
2026-02-17 06:00+01:00,37.795506
2026-02-17 06:15+01:00,4.583013
2026-02-17 06:30+01:00,40.356283
2026-02-17 06:45+01:00,3.760176
2026-02-17 07:00+01:00,2.974232
2026-02-17 07:15+01:00,3.704559
2026-02-17 07:30+01:00,35.514138
2026-02-17 07:45+01:00,3.904077
2026-02-17 08:00+01:00,40.046916
2026-02-17 08:15+01:00,3.487434
2026-02-17 08:30+01:00,6.535453
2026-02-17 08:45+01:00,5.257193
2026-02-17 09:00+01:00,5.711943
2026-02-17 09:15+01:00,32.807866
2026-02-17 09:30+01:00,0.000000
2026-02-17 09:45+01:00,41.810792
2026-02-17 10:00+01:00,4.195938
2026-02-17 10:15+01:00,2.995759
2026-02-17 10:30+01:00,40.669333
2026-02-17 10:45+01:00,4.095500
2026-02-17 11:00+01:00,42.242703
2026-02-17 11:15+01:00,1.467488
2026-02-17 11:30+01:00,5.344366
2026-02-17 11:45+01:00,
2026-02-17 12:00+01:00,4.767937
2026-02-17 12:15+01:00,4.531149
2026-02-17 12:30+01:00,4.884739
2026-02-17 12:45+01:00,3.674952
2026-02-17 13:00+01:00,43.436611
2026-02-17 13:15+01:00,4.308559
2026-02-17 13:30+01:00,0.000000
2026-02-17 13:45+01:00,3.547403
2026-02-17 14:00+01:00,4.005975
2026-02-17 14:15+01:00,3.852672
2026-02-17 14:30+01:00,0.000000
2026-02-17 14:45+01:00,40.996805
2026-02-17 15:00+01:00,3.190029
2026-02-17 15:15+01:00,37.236961
2026-02-17 15:30+01:00,5.937129
2026-02-17 15:45+01:00,45.879900
2026-02-17 16:00+01:00,39.406471
2026-02-17 16:15+01:00,
2026-02-17 16:30+01:00,3.085680
2026-02-17 16:45+01:00,46.063758
2026-02-17 17:00+01:00,42.001350
2026-02-17 17:15+01:00,5.363855
2026-02-17 17:30+01:00,5.113406
2026-02-17 17:45+01:00,36.014696
2026-02-17 18:00+01:00,5.029236
2026-02-17 18:15+01:00,46.501403
2026-02-17 18:30+01:00,38.261257
2026-02-17 18:45+01:00,49.690833
2026-02-17 19:00+01:00,70.403568
2026-02-17 19:15+01:00,69.647191
2026-02-17 19:30+01:00,69.891188
2026-02-17 19:45+01:00,69.249929
2026-02-17 20:00+01:00,71.897396
2026-02-17 20:15+01:00,66.381433
2026-02-17 20:30+01:00,69.248696
2026-02-17 20:45+01:00,73.208628
2026-02-17 21:00+01:00,73.763306
2026-02-17 21:15+01:00,62.454546
2026-02-17 21:30+01:00,72.346565
2026-02-17 21:45+01:00,77.217346
2026-02-17 22:00+01:00,75.022625
2026-02-17 22:15+01:00,69.418511
2026-02-17 22:30+01:00,69.769894
2026-02-17 22:45+01:00,73.741574
2026-02-17 23:00+01:00,67.106949
2026-02-17 23:15+01:00,62.007386
2026-02-17 23:30+01:00,61.784059
2026-02-17 23:45+01:00,72.592139
2026-02-18 00:00+01:00,73.060999
2026-02-18 00:15+01:00,66.098172
2026-02-18 00:30+01:00,59.933888
2026-02-18 00:45+01:00,67.459033
2026-02-18 01:00+01:00,69.892695
2026-02-18 01:15+01:00,61.809032
2026-02-18 01:30+01:00,67.718414
2026-02-18 01:45+01:00,61.104108
2026-02-18 02:00+01:00,50.472025
2026-02-18 02:15+01:00,77.622670
2026-02-18 02:30+01:00,84.436223
2026-02-18 02:45+01:00,69.018045
2026-02-18 03:00+01:00,72.294466
2026-02-18 03:15+01:00,72.982638
2026-02-18 03:30+01:00,75.857673
2026-02-18 03:45+01:00,73.983672
2026-02-18 04:00+01:00,70.807243
2026-02-18 04:15+01:00,78.852011
2026-02-18 04:30+01:00,59.665095
2026-02-18 04:45+01:00,69.142376
2026-02-18 05:00+01:00,88.679775
2026-02-18 05:15+01:00,72.368945
2026-02-18 05:30+01:00,72.589336
2026-02-18 05:45+01:00,83.929061
2026-02-18 06:00+01:00,
2026-02-18 06:15+01:00,25.004496
2026-02-18 06:30+01:00,42.104614
2026-02-18 06:45+01:00,5.294629
2026-02-18 07:00+01:00,
2026-02-18 07:15+01:00,3.653038
2026-02-18 07:30+01:00,41.502440
2026-02-18 07:45+01:00,48.223333
2026-02-18 08:00+01:00,4.356934
2026-02-18 08:15+01:00,4.395664
2026-02-18 08:30+01:00,4.180858
2026-02-18 08:45+01:00,1.875224
2026-02-18 09:00+01:00,4.780751
2026-02-18 09:15+01:00,
2026-02-18 09:30+01:00,4.238843
2026-02-18 09:45+01:00,4.699123
2026-02-18 10:00+01:00,40.254828
2026-02-18 10:15+01:00,5.552770
2026-02-18 10:30+01:00,39.388861
2026-02-18 10:45+01:00,4.966053
2026-02-18 11:00+01:00,
2026-02-18 11:15+01:00,5.986923
2026-02-18 11:30+01:00,0.000000
2026-02-18 11:45+01:00,3.915567
2026-02-18 12:00+01:00,0.000000
2026-02-18 12:15+01:00,42.442054
2026-02-18 12:30+01:00,6.003657
2026-02-18 12:45+01:00,33.135018
2026-02-18 13:00+01:00,3.819597
2026-02-18 13:15+01:00,4.528763
2026-02-18 13:30+01:00,4.930470
2026-02-18 13:45+01:00,4.006362
2026-02-18 14:00+01:00,37.066507
2026-02-18 14:15+01:00,5.276200
2026-02-18 14:30+01:00,35.933440
2026-02-18 14:45+01:00,4.205250
2026-02-18 15:00+01:00,4.180717
2026-02-18 15:15+01:00,4.583788
2026-02-18 15:30+01:00,0.000000
2026-02-18 15:45+01:00,2.454567
2026-02-18 16:00+01:00,3.879697
2026-02-18 16:15+01:00,4.782113
2026-02-18 16:30+01:00,5.482516
2026-02-18 16:45+01:00,6.952002
2026-02-18 17:00+01:00,42.632625
2026-02-18 17:15+01:00,44.737439
2026-02-18 17:30+01:00,4.362402
2026-02-18 17:45+01:00,4.669586
2026-02-18 18:00+01:00,4.108787
2026-02-18 18:15+01:00,4.822522
2026-02-18 18:30+01:00,40.119275
2026-02-18 18:45+01:00,34.322287
2026-02-18 19:00+01:00,76.153630
2026-02-18 19:15+01:00,
2026-02-18 19:30+01:00,78.375912
2026-02-18 19:45+01:00,72.420783
2026-02-18 20:00+01:00,74.506686
2026-02-18 20:15+01:00,71.659493
2026-02-18 20:30+01:00,58.516244
2026-02-18 20:45+01:00,70.484409
2026-02-18 21:00+01:00,73.579369
2026-02-18 21:15+01:00,79.178933
2026-02-18 21:30+01:00,70.931693
2026-02-18 21:45+01:00,62.552132
2026-02-18 22:00+01:00,69.536402
2026-02-18 22:15+01:00,48.823772
2026-02-18 22:30+01:00,74.493345
2026-02-18 22:45+01:00,64.227338
2026-02-18 23:00+01:00,69.966434
2026-02-18 23:15+01:00,69.081246
2026-02-18 23:30+01:00,72.809954
2026-02-18 23:45+01:00,75.518406
2026-02-19 00:00+01:00,72.142963
2026-02-19 00:15+01:00,71.854012
2026-02-19 00:30+01:00,72.827410
2026-02-19 00:45+01:00,71.407216
2026-02-19 01:00+01:00,76.438049
2026-02-19 01:15+01:00,74.772687
2026-02-19 01:30+01:00,60.117126
2026-02-19 01:45+01:00,71.374018
2026-02-19 02:00+01:00,59.062777
2026-02-19 02:15+01:00,77.131513
2026-02-19 02:30+01:00,70.992135
2026-02-19 02:45+01:00,59.884204
2026-02-19 03:00+01:00,69.212979
2026-02-19 03:15+01:00,65.671782
2026-02-19 03:30+01:00,80.423278
2026-02-19 03:45+01:00,80.937389
2026-02-19 04:00+01:00,62.271084
2026-02-19 04:15+01:00,57.000071
2026-02-19 04:30+01:00,73.213972
2026-02-19 04:45+01:00,70.775921
2026-02-19 05:00+01:00,65.085802
2026-02-19 05:15+01:00,70.373789
2026-02-19 05:30+01:00,58.716749
2026-02-19 05:45+01:00,78.010949
2026-02-19 06:00+01:00,4.744247
2026-02-19 06:15+01:00,38.882450
2026-02-19 06:30+01:00,3.037988
2026-02-19 06:45+01:00,39.147848
2026-02-19 07:00+01:00,3.592358
2026-02-19 07:15+01:00,43.639142
2026-02-19 07:30+01:00,4.926163
2026-02-19 07:45+01:00,38.266873
2026-02-19 08:00+01:00,4.866290
2026-02-19 08:15+01:00,42.744771
2026-02-19 08:30+01:00,0.000000
2026-02-19 08:45+01:00,35.907309
2026-02-19 09:00+01:00,2.636226
2026-02-19 09:15+01:00,3.618668
2026-02-19 09:30+01:00,4.731320
2026-02-19 09:45+01:00,4.723783
2026-02-19 10:00+01:00,3.484404
2026-02-19 10:15+01:00,39.692233
2026-02-19 10:30+01:00,4.162833
2026-02-19 10:45+01:00,40.799892
2026-02-19 11:00+01:00,39.220169
2026-02-19 11:15+01:00,4.304596
2026-02-19 11:30+01:00,3.489622
2026-02-19 11:45+01:00,44.489289
2026-02-19 12:00+01:00,3.059297
2026-02-19 12:15+01:00,0.000000
2026-02-19 12:30+01:00,4.083682
2026-02-19 12:45+01:00,41.158407
2026-02-19 13:00+01:00,37.698685
2026-02-19 13:15+01:00,4.930089
2026-02-19 13:30+01:00,3.691358
2026-02-19 13:45+01:00,5.391811
2026-02-19 14:00+01:00,38.610003
2026-02-19 14:15+01:00,3.835989
2026-02-19 14:30+01:00,4.226098
2026-02-19 14:45+01:00,3.430056
2026-02-19 15:00+01:00,4.003420
2026-02-19 15:15+01:00,4.356366
2026-02-19 15:30+01:00,5.928987
2026-02-19 15:45+01:00,37.518114
2026-02-19 16:00+01:00,40.650435
2026-02-19 16:15+01:00,3.654069
2026-02-19 16:30+01:00,37.258661
2026-02-19 16:45+01:00,39.587258
2026-02-19 17:00+01:00,5.882938
2026-02-19 17:15+01:00,4.406591
2026-02-19 17:30+01:00,38.982956
2026-02-19 17:45+01:00,3.505564
2026-02-19 18:00+01:00,40.832162
2026-02-19 18:15+01:00,5.474565
2026-02-19 18:30+01:00,0.000000
2026-02-19 18:45+01:00,3.688390
2026-02-19 19:00+01:00,60.706326
2026-02-19 19:15+01:00,74.337495
2026-02-19 19:30+01:00,85.219082
2026-02-19 19:45+01:00,86.431451
2026-02-19 20:00+01:00,64.407296
2026-02-19 20:15+01:00,69.566929
2026-02-19 20:30+01:00,75.511439
2026-02-19 20:45+01:00,69.280353
2026-02-19 21:00+01:00,67.586601
2026-02-19 21:15+01:00,78.638406
2026-02-19 21:30+01:00,65.822633
2026-02-19 21:45+01:00,68.000951
2026-02-19 22:00+01:00,72.596661
2026-02-19 22:15+01:00,63.573801
2026-02-19 22:30+01:00,69.469978
2026-02-19 22:45+01:00,63.794833
2026-02-19 23:00+01:00,69.242620
2026-02-19 23:15+01:00,68.565625
2026-02-19 23:30+01:00,
2026-02-19 23:45+01:00,63.780637
2026-02-20 00:00+01:00,63.408061
2026-02-20 00:15+01:00,68.254620
2026-02-20 00:30+01:00,68.707046
2026-02-20 00:45+01:00,63.819447
2026-02-20 01:00+01:00,81.084452
2026-02-20 01:15+01:00,63.635333
2026-02-20 01:30+01:00,64.708072
2026-02-20 01:45+01:00,63.397990
2026-02-20 02:00+01:00,71.989942
2026-02-20 02:15+01:00,75.917530
2026-02-20 02:30+01:00,59.393943
2026-02-20 02:45+01:00,79.951821
2026-02-20 03:00+01:00,57.835062
2026-02-20 03:15+01:00,76.930620
2026-02-20 03:30+01:00,67.570567
2026-02-20 03:45+01:00,57.743903
2026-02-20 04:00+01:00,78.974896
2026-02-20 04:15+01:00,67.627017
2026-02-20 04:30+01:00,82.332513
2026-02-20 04:45+01:00,
2026-02-20 05:00+01:00,73.791330
2026-02-20 05:15+01:00,64.252264
2026-02-20 05:30+01:00,71.229073
2026-02-20 05:45+01:00,64.135327
2026-02-20 06:00+01:00,40.186525
2026-02-20 06:15+01:00,4.613660
2026-02-20 06:30+01:00,3.282099
2026-02-20 06:45+01:00,42.689222
2026-02-20 07:00+01:00,42.620934
2026-02-20 07:15+01:00,4.264436
2026-02-20 07:30+01:00,42.617251
2026-02-20 07:45+01:00,36.254223
2026-02-20 08:00+01:00,3.695401
2026-02-20 08:15+01:00,
2026-02-20 08:30+01:00,39.667700
2026-02-20 08:45+01:00,41.478494
2026-02-20 09:00+01:00,5.189323
2026-02-20 09:15+01:00,4.226620
2026-02-20 09:30+01:00,37.578130
2026-02-20 09:45+01:00,3.434535
2026-02-20 10:00+01:00,4.502656
2026-02-20 10:15+01:00,5.310792
2026-02-20 10:30+01:00,39.136708
2026-02-20 10:45+01:00,44.038415
2026-02-20 11:00+01:00,0.000000
2026-02-20 11:15+01:00,4.433201
2026-02-20 11:30+01:00,5.630655
2026-02-20 11:45+01:00,3.886723
2026-02-20 12:00+01:00,40.353000
2026-02-20 12:15+01:00,5.783900
2026-02-20 12:30+01:00,3.484392
2026-02-20 12:45+01:00,3.375058
2026-02-20 13:00+01:00,37.163907
2026-02-20 13:15+01:00,
2026-02-20 13:30+01:00,
2026-02-20 13:45+01:00,3.681117
2026-02-20 14:00+01:00,3.997020
2026-02-20 14:15+01:00,5.901649
2026-02-20 14:30+01:00,40.434415
2026-02-20 14:45+01:00,4.403221
2026-02-20 15:00+01:00,4.914491
2026-02-20 15:15+01:00,2.634890
2026-02-20 15:30+01:00,0.776459
2026-02-20 15:45+01:00,3.328833
2026-02-20 16:00+01:00,4.965089
2026-02-20 16:15+01:00,4.327848
2026-02-20 16:30+01:00,3.813359
2026-02-20 16:45+01:00,4.961770
2026-02-20 17:00+01:00,3.519484
2026-02-20 17:15+01:00,2.319858
2026-02-20 17:30+01:00,37.453416
2026-02-20 17:45+01:00,5.311296
2026-02-20 18:00+01:00,4.600523
2026-02-20 18:15+01:00,4.025006
2026-02-20 18:30+01:00,45.431493
2026-02-20 18:45+01:00,
2026-02-20 19:00+01:00,66.665924
2026-02-20 19:15+01:00,68.140181
2026-02-20 19:30+01:00,80.066937
2026-02-20 19:45+01:00,76.338968
2026-02-20 20:00+01:00,70.855916
2026-02-20 20:15+01:00,58.240325
2026-02-20 20:30+01:00,75.752119
2026-02-20 20:45+01:00,66.679110
2026-02-20 21:00+01:00,72.979889
2026-02-20 21:15+01:00,52.505572
2026-02-20 21:30+01:00,74.995468
2026-02-20 21:45+01:00,64.492098
2026-02-20 22:00+01:00,64.248675
2026-02-20 22:15+01:00,73.830104
2026-02-20 22:30+01:00,72.839769
2026-02-20 22:45+01:00,74.846816
2026-02-20 23:00+01:00,
2026-02-20 23:15+01:00,64.257188
2026-02-20 23:30+01:00,72.498555
2026-02-20 23:45+01:00,64.156030
2026-02-21 00:00+01:00,70.673269
2026-02-21 00:15+01:00,71.950453
2026-02-21 00:30+01:00,67.572677
2026-02-21 00:45+01:00,64.722754
2026-02-21 01:00+01:00,65.780630
2026-02-21 01:15+01:00,65.662362
2026-02-21 01:30+01:00,68.976889
2026-02-21 01:45+01:00,71.797890
2026-02-21 02:00+01:00,66.030802
2026-02-21 02:15+01:00,74.950419
2026-02-21 02:30+01:00,66.721225
2026-02-21 02:45+01:00,73.245416
2026-02-21 03:00+01:00,70.215581
2026-02-21 03:15+01:00,67.126857
2026-02-21 03:30+01:00,73.540917
2026-02-21 03:45+01:00,
2026-02-21 04:00+01:00,65.882155
2026-02-21 04:15+01:00,67.361553
2026-02-21 04:30+01:00,64.472823
2026-02-21 04:45+01:00,70.814016
2026-02-21 05:00+01:00,65.388897
2026-02-21 05:15+01:00,71.896596
2026-02-21 05:30+01:00,68.798871
2026-02-21 05:45+01:00,65.707542
2026-02-21 06:00+01:00,3.586282
2026-02-21 06:15+01:00,0.000000
2026-02-21 06:30+01:00,4.183127
2026-02-21 06:45+01:00,3.950165
2026-02-21 07:00+01:00,3.659455
2026-02-21 07:15+01:00,
2026-02-21 07:30+01:00,4.778169
2026-02-21 07:45+01:00,4.165679
2026-02-21 08:00+01:00,
2026-02-21 08:15+01:00,4.240053
2026-02-21 08:30+01:00,4.713022
2026-02-21 08:45+01:00,4.449296
2026-02-21 09:00+01:00,5.143135
2026-02-21 09:15+01:00,4.061074
2026-02-21 09:30+01:00,3.829226
2026-02-21 09:45+01:00,4.329536
2026-02-21 10:00+01:00,4.456991
2026-02-21 10:15+01:00,0.000000
2026-02-21 10:30+01:00,5.911033
2026-02-21 10:45+01:00,3.965021
2026-02-21 11:00+01:00,3.697649
2026-02-21 11:15+01:00,5.179438
2026-02-21 11:30+01:00,2.281266
2026-02-21 11:45+01:00,0.000000
2026-02-21 12:00+01:00,0.000000
2026-02-21 12:15+01:00,5.317374
2026-02-21 12:30+01:00,3.087567
2026-02-21 12:45+01:00,3.734955
2026-02-21 13:00+01:00,0.000000
2026-02-21 13:15+01:00,5.601740
2026-02-21 13:30+01:00,3.483658
2026-02-21 13:45+01:00,2.462705
2026-02-21 14:00+01:00,4.939118
2026-02-21 14:15+01:00,1.051016
2026-02-21 14:30+01:00,7.064505
2026-02-21 14:45+01:00,3.838869
2026-02-21 15:00+01:00,3.923761
2026-02-21 15:15+01:00,2.090363
2026-02-21 15:30+01:00,0.000000
2026-02-21 15:45+01:00,3.336935
2026-02-21 16:00+01:00,3.585660
2026-02-21 16:15+01:00,0.000000
2026-02-21 16:30+01:00,4.099632
2026-02-21 16:45+01:00,5.405654
2026-02-21 17:00+01:00,5.658304
2026-02-21 17:15+01:00,4.697159
2026-02-21 17:30+01:00,0.000000
2026-02-21 17:45+01:00,4.304963
2026-02-21 18:00+01:00,3.029384
2026-02-21 18:15+01:00,
2026-02-21 18:30+01:00,2.875735
2026-02-21 18:45+01:00,4.743383
2026-02-21 19:00+01:00,67.677185
2026-02-21 19:15+01:00,73.867960
2026-02-21 19:30+01:00,68.812158
2026-02-21 19:45+01:00,69.869334
2026-02-21 20:00+01:00,76.207828
2026-02-21 20:15+01:00,61.323685
2026-02-21 20:30+01:00,66.952407
2026-02-21 20:45+01:00,
2026-02-21 21:00+01:00,60.872078
2026-02-21 21:15+01:00,62.190693
2026-02-21 21:30+01:00,70.465385
2026-02-21 21:45+01:00,69.640068
2026-02-21 22:00+01:00,
2026-02-21 22:15+01:00,67.675374
2026-02-21 22:30+01:00,77.008063
2026-02-21 22:45+01:00,74.111370
2026-02-21 23:00+01:00,77.923924
2026-02-21 23:15+01:00,75.228830
2026-02-21 23:30+01:00,63.832932
2026-02-21 23:45+01:00,73.810394
2026-02-22 00:00+01:00,71.337135
2026-02-22 00:15+01:00,76.697678
2026-02-22 00:30+01:00,74.540714
2026-02-22 00:45+01:00,64.630203
2026-02-22 01:00+01:00,71.207253
2026-02-22 01:15+01:00,75.483550
2026-02-22 01:30+01:00,77.085329
2026-02-22 01:45+01:00,74.209907
2026-02-22 02:00+01:00,73.950303
2026-02-22 02:15+01:00,69.053903
2026-02-22 02:30+01:00,67.421906
2026-02-22 02:45+01:00,78.043725
2026-02-22 03:00+01:00,76.325431
2026-02-22 03:15+01:00,70.397305
2026-02-22 03:30+01:00,77.628657
2026-02-22 03:45+01:00,61.074460
2026-02-22 04:00+01:00,69.009353
2026-02-22 04:15+01:00,75.051961
2026-02-22 04:30+01:00,72.354910
2026-02-22 04:45+01:00,77.570356
2026-02-22 05:00+01:00,75.310740
2026-02-22 05:15+01:00,71.518787
2026-02-22 05:30+01:00,68.736604
2026-02-22 05:45+01:00,76.452827
2026-02-22 06:00+01:00,0.000000
2026-02-22 06:15+01:00,4.144941
2026-02-22 06:30+01:00,5.567065
2026-02-22 06:45+01:00,3.704233
2026-02-22 07:00+01:00,0.000000
2026-02-22 07:15+01:00,4.633863
2026-02-22 07:30+01:00,5.071870
2026-02-22 07:45+01:00,2.919612
2026-02-22 08:00+01:00,5.367916
2026-02-22 08:15+01:00,4.476091
2026-02-22 08:30+01:00,0.000000
2026-02-22 08:45+01:00,3.729575
2026-02-22 09:00+01:00,2.399692
2026-02-22 09:15+01:00,5.333051
2026-02-22 09:30+01:00,4.565714
2026-02-22 09:45+01:00,5.587229
2026-02-22 10:00+01:00,4.868172
2026-02-22 10:15+01:00,4.338820
2026-02-22 10:30+01:00,2.077089
2026-02-22 10:45+01:00,4.598513
2026-02-22 11:00+01:00,2.282548
2026-02-22 11:15+01:00,2.992374
2026-02-22 11:30+01:00,5.598956
2026-02-22 11:45+01:00,5.459190
2026-02-22 12:00+01:00,3.494318
2026-02-22 12:15+01:00,4.416497
2026-02-22 12:30+01:00,3.159531
2026-02-22 12:45+01:00,3.421075
2026-02-22 13:00+01:00,3.495920
2026-02-22 13:15+01:00,4.683014
2026-02-22 13:30+01:00,3.762067
2026-02-22 13:45+01:00,4.418337
2026-02-22 14:00+01:00,4.510535
2026-02-22 14:15+01:00,4.360918
2026-02-22 14:30+01:00,1.640839
2026-02-22 14:45+01:00,3.801856
2026-02-22 15:00+01:00,0.000000
2026-02-22 15:15+01:00,3.871481
2026-02-22 15:30+01:00,
2026-02-22 15:45+01:00,5.116066
2026-02-22 16:00+01:00,4.088948
2026-02-22 16:15+01:00,3.951723
2026-02-22 16:30+01:00,5.231100
2026-02-22 16:45+01:00,3.506831
2026-02-22 17:00+01:00,0.000000
2026-02-22 17:15+01:00,5.757465
2026-02-22 17:30+01:00,3.726562
2026-02-22 17:45+01:00,4.853333
2026-02-22 18:00+01:00,4.595455
2026-02-22 18:15+01:00,3.841265
2026-02-22 18:30+01:00,4.730226
2026-02-22 18:45+01:00,5.702921
2026-02-22 19:00+01:00,69.963691
2026-02-22 19:15+01:00,66.831307
2026-02-22 19:30+01:00,
2026-02-22 19:45+01:00,62.974993
2026-02-22 20:00+01:00,66.270144
2026-02-22 20:15+01:00,76.537138
2026-02-22 20:30+01:00,79.271173
2026-02-22 20:45+01:00,67.876889
2026-02-22 21:00+01:00,83.977831
2026-02-22 21:15+01:00,66.340299
2026-02-22 21:30+01:00,64.099562
2026-02-22 21:45+01:00,73.039181
2026-02-22 22:00+01:00,68.539667
2026-02-22 22:15+01:00,67.941689
2026-02-22 22:30+01:00,74.091457
2026-02-22 22:45+01:00,72.415676
2026-02-22 23:00+01:00,76.536496
2026-02-22 23:15+01:00,59.480714
2026-02-22 23:30+01:00,
2026-02-22 23:45+01:00,74.549647
2026-02-23 00:00+01:00,68.746621
2026-02-23 00:15+01:00,75.709190
2026-02-23 00:30+01:00,72.679513
2026-02-23 00:45+01:00,73.224052
2026-02-23 01:00+01:00,66.537170
2026-02-23 01:15+01:00,66.932179
2026-02-23 01:30+01:00,57.949006
2026-02-23 01:45+01:00,72.281575
2026-02-23 02:00+01:00,64.006577
2026-02-23 02:15+01:00,72.131567
2026-02-23 02:30+01:00,64.758067
2026-02-23 02:45+01:00,66.014065
2026-02-23 03:00+01:00,69.659040
2026-02-23 03:15+01:00,64.289957
2026-02-23 03:30+01:00,73.664983
2026-02-23 03:45+01:00,70.090490
2026-02-23 04:00+01:00,76.194010
2026-02-23 04:15+01:00,70.653377
2026-02-23 04:30+01:00,
2026-02-23 04:45+01:00,75.869716
2026-02-23 05:00+01:00,60.854146
2026-02-23 05:15+01:00,59.739427
2026-02-23 05:30+01:00,71.431346
2026-02-23 05:45+01:00,60.509880
2026-02-23 06:00+01:00,30.728448
2026-02-23 06:15+01:00,0.000000
2026-02-23 06:30+01:00,2.843764
2026-02-23 06:45+01:00,4.445510
2026-02-23 07:00+01:00,39.641304
2026-02-23 07:15+01:00,40.210447
2026-02-23 07:30+01:00,
2026-02-23 07:45+01:00,3.394797
2026-02-23 08:00+01:00,0.000000
2026-02-23 08:15+01:00,36.049892
2026-02-23 08:30+01:00,36.526835
2026-02-23 08:45+01:00,39.279821
2026-02-23 09:00+01:00,42.259545
2026-02-23 09:15+01:00,5.217157
2026-02-23 09:30+01:00,5.234683
2026-02-23 09:45+01:00,43.026144
2026-02-23 10:00+01:00,38.174896
2026-02-23 10:15+01:00,
2026-02-23 10:30+01:00,34.229039
2026-02-23 10:45+01:00,3.843329
2026-02-23 11:00+01:00,38.787887
2026-02-23 11:15+01:00,1.706590
2026-02-23 11:30+01:00,3.398102
2026-02-23 11:45+01:00,45.575993
2026-02-23 12:00+01:00,4.865917
2026-02-23 12:15+01:00,37.713990
2026-02-23 12:30+01:00,5.476657
2026-02-23 12:45+01:00,
2026-02-23 13:00+01:00,36.392154
2026-02-23 13:15+01:00,4.250933
2026-02-23 13:30+01:00,43.877991
2026-02-23 13:45+01:00,4.939773
2026-02-23 14:00+01:00,3.501778
2026-02-23 14:15+01:00,4.208209
2026-02-23 14:30+01:00,42.963295
2026-02-23 14:45+01:00,36.999296
2026-02-23 15:00+01:00,40.324641
2026-02-23 15:15+01:00,3.920079
2026-02-23 15:30+01:00,47.463657
2026-02-23 15:45+01:00,4.868690
2026-02-23 16:00+01:00,42.298894
2026-02-23 16:15+01:00,5.064077
2026-02-23 16:30+01:00,
2026-02-23 16:45+01:00,44.290414
2026-02-23 17:00+01:00,45.796759
2026-02-23 17:15+01:00,3.910937
2026-02-23 17:30+01:00,5.639093
2026-02-23 17:45+01:00,
2026-02-23 18:00+01:00,4.214170
2026-02-23 18:15+01:00,
2026-02-23 18:30+01:00,38.595275
2026-02-23 18:45+01:00,5.256734
2026-02-23 19:00+01:00,61.344859
2026-02-23 19:15+01:00,66.042887
2026-02-23 19:30+01:00,73.446664
2026-02-23 19:45+01:00,61.195697
2026-02-23 20:00+01:00,67.092008
2026-02-23 20:15+01:00,67.159964
2026-02-23 20:30+01:00,68.552315
2026-02-23 20:45+01:00,
2026-02-23 21:00+01:00,81.898872
2026-02-23 21:15+01:00,68.028492
2026-02-23 21:30+01:00,48.939753
2026-02-23 21:45+01:00,81.280708
2026-02-23 22:00+01:00,
2026-02-23 22:15+01:00,65.276013
2026-02-23 22:30+01:00,62.133983
2026-02-23 22:45+01:00,63.096347
2026-02-23 23:00+01:00,64.056289
2026-02-23 23:15+01:00,61.615287
2026-02-23 23:30+01:00,
2026-02-23 23:45+01:00,77.729200
2026-02-24 00:00+01:00,71.909366
2026-02-24 00:15+01:00,71.513129
2026-02-24 00:30+01:00,61.119854
2026-02-24 00:45+01:00,72.363222
2026-02-24 01:00+01:00,69.749725
2026-02-24 01:15+01:00,67.185693
2026-02-24 01:30+01:00,78.666823
2026-02-24 01:45+01:00,79.553769
2026-02-24 02:00+01:00,76.638598
2026-02-24 02:15+01:00,64.659499
2026-02-24 02:30+01:00,71.822999
2026-02-24 02:45+01:00,57.090584
2026-02-24 03:00+01:00,70.569256
2026-02-24 03:15+01:00,71.118068
2026-02-24 03:30+01:00,59.078083
2026-02-24 03:45+01:00,70.521735
2026-02-24 04:00+01:00,68.644259
2026-02-24 04:15+01:00,75.588966
2026-02-24 04:30+01:00,81.582144
2026-02-24 04:45+01:00,67.634265
2026-02-24 05:00+01:00,77.228864
2026-02-24 05:15+01:00,64.895720
2026-02-24 05:30+01:00,61.013417
2026-02-24 05:45+01:00,70.720601
2026-02-24 06:00+01:00,
2026-02-24 06:15+01:00,4.418960
2026-02-24 06:30+01:00,4.328003
2026-02-24 06:45+01:00,43.914673
2026-02-24 07:00+01:00,3.265920
2026-02-24 07:15+01:00,4.197758
2026-02-24 07:30+01:00,3.442067
2026-02-24 07:45+01:00,4.185004
2026-02-24 08:00+01:00,3.979194
2026-02-24 08:15+01:00,6.486371
2026-02-24 08:30+01:00,34.726263
2026-02-24 08:45+01:00,3.828021
2026-02-24 09:00+01:00,5.042791
2026-02-24 09:15+01:00,4.204281
2026-02-24 09:30+01:00,0.000000
2026-02-24 09:45+01:00,44.785220
2026-02-24 10:00+01:00,43.547248
2026-02-24 10:15+01:00,39.415733
2026-02-24 10:30+01:00,4.502989
2026-02-24 10:45+01:00,38.832523
2026-02-24 11:00+01:00,3.510471
2026-02-24 11:15+01:00,39.332304
2026-02-24 11:30+01:00,4.379696
2026-02-24 11:45+01:00,6.148738
2026-02-24 12:00+01:00,5.156150
2026-02-24 12:15+01:00,39.022156
2026-02-24 12:30+01:00,44.279093
2026-02-24 12:45+01:00,4.337455
2026-02-24 13:00+01:00,44.338719
2026-02-24 13:15+01:00,37.667351
2026-02-24 13:30+01:00,4.218361
2026-02-24 13:45+01:00,4.868296
2026-02-24 14:00+01:00,5.231188
2026-02-24 14:15+01:00,5.470620
2026-02-24 14:30+01:00,35.929323
2026-02-24 14:45+01:00,3.749207
2026-02-24 15:00+01:00,4.800505
2026-02-24 15:15+01:00,2.000166
2026-02-24 15:30+01:00,3.449074
2026-02-24 15:45+01:00,43.833869
2026-02-24 16:00+01:00,0.000000
2026-02-24 16:15+01:00,39.777435
2026-02-24 16:30+01:00,6.251338
2026-02-24 16:45+01:00,37.914481
2026-02-24 17:00+01:00,0.000000
2026-02-24 17:15+01:00,3.534033
2026-02-24 17:30+01:00,39.875659
2026-02-24 17:45+01:00,38.617361
2026-02-24 18:00+01:00,40.474290
2026-02-24 18:15+01:00,5.542043
2026-02-24 18:30+01:00,4.573973
2026-02-24 18:45+01:00,3.198498
2026-02-24 19:00+01:00,69.379324
2026-02-24 19:15+01:00,69.508064
2026-02-24 19:30+01:00,66.106797
2026-02-24 19:45+01:00,59.940057
2026-02-24 20:00+01:00,68.967726
2026-02-24 20:15+01:00,71.817365
2026-02-24 20:30+01:00,69.982759
2026-02-24 20:45+01:00,67.654684
2026-02-24 21:00+01:00,
2026-02-24 21:15+01:00,
2026-02-24 21:30+01:00,
2026-02-24 21:45+01:00,
2026-02-24 22:00+01:00,
2026-02-24 22:15+01:00,
2026-02-24 22:30+01:00,
2026-02-24 22:45+01:00,
2026-02-24 23:00+01:00,
2026-02-24 23:15+01:00,
2026-02-24 23:30+01:00,
2026-02-24 23:45+01:00,
2026-02-25 00:00+01:00,
2026-02-25 00:15+01:00,
2026-02-25 00:30+01:00,
2026-02-25 00:45+01:00,68.887004
2026-02-25 01:00+01:00,64.893704
2026-02-25 01:15+01:00,69.047236
2026-02-25 01:30+01:00,
2026-02-25 01:45+01:00,74.145241
2026-02-25 02:00+01:00,67.174235
2026-02-25 02:15+01:00,62.629753
2026-02-25 02:30+01:00,
2026-02-25 02:45+01:00,64.890698
2026-02-25 03:00+01:00,73.260031
2026-02-25 03:15+01:00,61.540099
2026-02-25 03:30+01:00,68.968795
2026-02-25 03:45+01:00,72.368655
2026-02-25 04:00+01:00,65.827123
2026-02-25 04:15+01:00,65.381051
2026-02-25 04:30+01:00,68.607542
2026-02-25 04:45+01:00,66.914635
2026-02-25 05:00+01:00,71.186601
2026-02-25 05:15+01:00,72.922707
2026-02-25 05:30+01:00,69.970180
2026-02-25 05:45+01:00,84.240537
2026-02-25 06:00+01:00,4.657399
2026-02-25 06:15+01:00,2.285662
2026-02-25 06:30+01:00,6.106920
2026-02-25 06:45+01:00,39.714827
2026-02-25 07:00+01:00,40.407581
2026-02-25 07:15+01:00,4.996542
2026-02-25 07:30+01:00,4.370272
2026-02-25 07:45+01:00,4.465228
2026-02-25 08:00+01:00,3.705927
2026-02-25 08:15+01:00,
2026-02-25 08:30+01:00,45.552465
2026-02-25 08:45+01:00,4.372604
2026-02-25 09:00+01:00,3.800943
2026-02-25 09:15+01:00,4.178078
2026-02-25 09:30+01:00,4.664580
2026-02-25 09:45+01:00,3.040555
2026-02-25 10:00+01:00,3.799563
2026-02-25 10:15+01:00,4.153424
2026-02-25 10:30+01:00,39.857280
2026-02-25 10:45+01:00,3.888933
2026-02-25 11:00+01:00,2.339097
2026-02-25 11:15+01:00,36.693967
2026-02-25 11:30+01:00,38.459261
2026-02-25 11:45+01:00,46.181687
2026-02-25 12:00+01:00,0.000000
2026-02-25 12:15+01:00,3.846777
2026-02-25 12:30+01:00,43.633899
2026-02-25 12:45+01:00,40.897691
2026-02-25 13:00+01:00,3.591513
2026-02-25 13:15+01:00,46.243744
2026-02-25 13:30+01:00,3.659015
2026-02-25 13:45+01:00,5.517781
2026-02-25 14:00+01:00,5.731166
2026-02-25 14:15+01:00,5.033445
2026-02-25 14:30+01:00,
2026-02-25 14:45+01:00,5.748729
2026-02-25 15:00+01:00,3.998581
2026-02-25 15:15+01:00,
2026-02-25 15:30+01:00,3.595851
2026-02-25 15:45+01:00,46.405701
2026-02-25 16:00+01:00,4.577464
2026-02-25 16:15+01:00,2.351755
2026-02-25 16:30+01:00,4.731299
2026-02-25 16:45+01:00,5.740381
2026-02-25 17:00+01:00,3.553627
2026-02-25 17:15+01:00,4.104937
2026-02-25 17:30+01:00,41.478173
2026-02-25 17:45+01:00,36.852036
2026-02-25 18:00+01:00,38.644556
2026-02-25 18:15+01:00,36.319037
2026-02-25 18:30+01:00,37.161524
2026-02-25 18:45+01:00,0.000000
2026-02-25 19:00+01:00,69.462008
2026-02-25 19:15+01:00,85.403261
2026-02-25 19:30+01:00,64.962745
2026-02-25 19:45+01:00,70.903659
2026-02-25 20:00+01:00,75.726769
2026-02-25 20:15+01:00,73.638211
2026-02-25 20:30+01:00,62.591627
2026-02-25 20:45+01:00,
2026-02-25 21:00+01:00,73.382964
2026-02-25 21:15+01:00,75.095536
2026-02-25 21:30+01:00,72.944129
2026-02-25 21:45+01:00,79.252416
2026-02-25 22:00+01:00,68.419366
2026-02-25 22:15+01:00,60.934475
2026-02-25 22:30+01:00,77.624027
2026-02-25 22:45+01:00,66.617593
2026-02-25 23:00+01:00,68.265589
2026-02-25 23:15+01:00,70.945189
2026-02-25 23:30+01:00,77.069825
2026-02-25 23:45+01:00,62.012565
2026-02-26 00:00+01:00,63.653512
2026-02-26 00:15+01:00,76.612958
2026-02-26 00:30+01:00,76.579345
2026-02-26 00:45+01:00,68.472019
2026-02-26 01:00+01:00,65.625054
2026-02-26 01:15+01:00,
2026-02-26 01:30+01:00,60.734318
2026-02-26 01:45+01:00,77.647076
2026-02-26 02:00+01:00,55.384903
2026-02-26 02:15+01:00,55.629547
2026-02-26 02:30+01:00,58.567480
2026-02-26 02:45+01:00,78.310542
2026-02-26 03:00+01:00,68.847721
2026-02-26 03:15+01:00,82.890783
2026-02-26 03:30+01:00,70.303997
2026-02-26 03:45+01:00,60.801050
2026-02-26 04:00+01:00,54.767491
2026-02-26 04:15+01:00,70.164444
2026-02-26 04:30+01:00,72.746666
2026-02-26 04:45+01:00,80.111360
2026-02-26 05:00+01:00,57.516825
2026-02-26 05:15+01:00,69.828806
2026-02-26 05:30+01:00,65.779660
2026-02-26 05:45+01:00,
2026-02-26 06:00+01:00,33.542466
2026-02-26 06:15+01:00,4.536723
2026-02-26 06:30+01:00,40.325422
2026-02-26 06:45+01:00,4.731608
2026-02-26 07:00+01:00,3.268143
2026-02-26 07:15+01:00,45.649596
2026-02-26 07:30+01:00,41.607478
2026-02-26 07:45+01:00,46.942710
2026-02-26 08:00+01:00,
2026-02-26 08:15+01:00,42.014624
2026-02-26 08:30+01:00,4.198437
2026-02-26 08:45+01:00,40.169249
2026-02-26 09:00+01:00,3.531741
2026-02-26 09:15+01:00,39.869823
2026-02-26 09:30+01:00,3.424992
2026-02-26 09:45+01:00,6.255490
2026-02-26 10:00+01:00,39.452701
2026-02-26 10:15+01:00,4.678953
2026-02-26 10:30+01:00,3.079447
2026-02-26 10:45+01:00,37.770044
2026-02-26 11:00+01:00,37.451757
2026-02-26 11:15+01:00,4.666731
2026-02-26 11:30+01:00,2.551003
2026-02-26 11:45+01:00,4.898036
2026-02-26 12:00+01:00,35.991270
2026-02-26 12:15+01:00,4.683721
2026-02-26 12:30+01:00,36.577387
2026-02-26 12:45+01:00,4.003561
2026-02-26 13:00+01:00,5.452724
2026-02-26 13:15+01:00,4.949154
2026-02-26 13:30+01:00,38.530023
2026-02-26 13:45+01:00,
2026-02-26 14:00+01:00,40.889960
2026-02-26 14:15+01:00,2.938705
2026-02-26 14:30+01:00,3.745968
2026-02-26 14:45+01:00,4.914233
2026-02-26 15:00+01:00,4.365686
2026-02-26 15:15+01:00,3.167178
2026-02-26 15:30+01:00,
2026-02-26 15:45+01:00,38.582409
2026-02-26 16:00+01:00,2.777207
2026-02-26 16:15+01:00,5.494708
2026-02-26 16:30+01:00,42.916416
2026-02-26 16:45+01:00,33.276883
2026-02-26 17:00+01:00,6.401967
2026-02-26 17:15+01:00,
2026-02-26 17:30+01:00,5.757831
2026-02-26 17:45+01:00,49.138603
2026-02-26 18:00+01:00,2.566060
2026-02-26 18:15+01:00,0.000000
2026-02-26 18:30+01:00,42.423387
2026-02-26 18:45+01:00,35.081504
2026-02-26 19:00+01:00,69.592240
2026-02-26 19:15+01:00,59.380435
2026-02-26 19:30+01:00,63.364052
2026-02-26 19:45+01:00,74.443987
2026-02-26 20:00+01:00,65.764894
2026-02-26 20:15+01:00,65.541021
2026-02-26 20:30+01:00,
2026-02-26 20:45+01:00,62.236705
2026-02-26 21:00+01:00,65.832827
2026-02-26 21:15+01:00,74.535277
2026-02-26 21:30+01:00,67.217238
2026-02-26 21:45+01:00,73.922613
2026-02-26 22:00+01:00,73.621343
2026-02-26 22:15+01:00,70.977728
2026-02-26 22:30+01:00,81.890944
2026-02-26 22:45+01:00,68.701716
2026-02-26 23:00+01:00,63.656225
2026-02-26 23:15+01:00,71.899687
2026-02-26 23:30+01:00,67.022113
2026-02-26 23:45+01:00,70.588007
2026-02-27 00:00+01:00,71.400719
2026-02-27 00:15+01:00,63.858801
2026-02-27 00:30+01:00,70.022267
2026-02-27 00:45+01:00,64.200687
2026-02-27 01:00+01:00,84.269892
2026-02-27 01:15+01:00,66.786871
2026-02-27 01:30+01:00,70.283657
2026-02-27 01:45+01:00,
2026-02-27 02:00+01:00,62.124672
2026-02-27 02:15+01:00,72.724838
2026-02-27 02:30+01:00,72.734782
2026-02-27 02:45+01:00,68.773811
2026-02-27 03:00+01:00,77.189133
2026-02-27 03:15+01:00,63.375659
2026-02-27 03:30+01:00,67.165120
2026-02-27 03:45+01:00,56.336307
2026-02-27 04:00+01:00,64.692258
2026-02-27 04:15+01:00,66.169858
2026-02-27 04:30+01:00,66.250766
2026-02-27 04:45+01:00,80.764110
2026-02-27 05:00+01:00,70.590000
2026-02-27 05:15+01:00,80.577865
2026-02-27 05:30+01:00,59.199607
2026-02-27 05:45+01:00,62.249361
2026-02-27 06:00+01:00,38.420290
2026-02-27 06:15+01:00,5.625856
2026-02-27 06:30+01:00,5.639176
2026-02-27 06:45+01:00,36.337230
2026-02-27 07:00+01:00,3.463434
2026-02-27 07:15+01:00,
2026-02-27 07:30+01:00,3.989451
2026-02-27 07:45+01:00,4.314612
2026-02-27 08:00+01:00,4.901818
2026-02-27 08:15+01:00,3.072370
2026-02-27 08:30+01:00,
2026-02-27 08:45+01:00,5.341668
2026-02-27 09:00+01:00,40.731657
2026-02-27 09:15+01:00,4.501540
2026-02-27 09:30+01:00,4.393708
2026-02-27 09:45+01:00,3.682977
2026-02-27 10:00+01:00,4.092451
2026-02-27 10:15+01:00,4.723626
2026-02-27 10:30+01:00,5.110959
2026-02-27 10:45+01:00,4.350143
2026-02-27 11:00+01:00,6.400204
2026-02-27 11:15+01:00,3.811701
2026-02-27 11:30+01:00,4.259895
2026-02-27 11:45+01:00,
2026-02-27 12:00+01:00,3.247755
2026-02-27 12:15+01:00,6.079139
2026-02-27 12:30+01:00,3.696649
2026-02-27 12:45+01:00,44.555260
2026-02-27 13:00+01:00,3.681946
2026-02-27 13:15+01:00,5.398239
2026-02-27 13:30+01:00,0.000000
2026-02-27 13:45+01:00,2.345540
2026-02-27 14:00+01:00,3.857419
2026-02-27 14:15+01:00,0.000000
2026-02-27 14:30+01:00,5.173316
2026-02-27 14:45+01:00,38.264007
2026-02-27 15:00+01:00,2.741290
2026-02-27 15:15+01:00,39.451189
2026-02-27 15:30+01:00,4.672005
2026-02-27 15:45+01:00,37.226517
2026-02-27 16:00+01:00,4.774249
2026-02-27 16:15+01:00,38.379910
2026-02-27 16:30+01:00,3.874100
2026-02-27 16:45+01:00,4.365608
2026-02-27 17:00+01:00,4.230235
2026-02-27 17:15+01:00,4.918272
2026-02-27 17:30+01:00,5.227574
2026-02-27 17:45+01:00,4.655888
2026-02-27 18:00+01:00,4.548524
2026-02-27 18:15+01:00,42.685545
2026-02-27 18:30+01:00,44.398792
2026-02-27 18:45+01:00,0.000000
2026-02-27 19:00+01:00,80.818580
2026-02-27 19:15+01:00,
2026-02-27 19:30+01:00,61.924319
2026-02-27 19:45+01:00,65.913404
2026-02-27 20:00+01:00,57.208628
2026-02-27 20:15+01:00,62.920970
2026-02-27 20:30+01:00,72.296668
2026-02-27 20:45+01:00,
2026-02-27 21:00+01:00,61.031353
2026-02-27 21:15+01:00,68.210570
2026-02-27 21:30+01:00,67.069445
2026-02-27 21:45+01:00,58.216050
2026-02-27 22:00+01:00,
2026-02-27 22:15+01:00,57.331731
2026-02-27 22:30+01:00,74.214694
2026-02-27 22:45+01:00,77.201712
2026-02-27 23:00+01:00,70.689492
2026-02-27 23:15+01:00,71.281734
2026-02-27 23:30+01:00,71.941989
2026-02-27 23:45+01:00,63.887336
2026-02-28 00:00+01:00,72.905794
2026-02-28 00:15+01:00,71.085901
2026-02-28 00:30+01:00,68.669345
2026-02-28 00:45+01:00,66.911185
2026-02-28 01:00+01:00,
2026-02-28 01:15+01:00,73.143148
2026-02-28 01:30+01:00,69.959865
2026-02-28 01:45+01:00,
2026-02-28 02:00+01:00,74.838268
2026-02-28 02:15+01:00,75.157250
2026-02-28 02:30+01:00,71.051982
2026-02-28 02:45+01:00,68.000507
2026-02-28 03:00+01:00,73.193817
2026-02-28 03:15+01:00,76.238265
2026-02-28 03:30+01:00,69.835725
2026-02-28 03:45+01:00,78.192103
2026-02-28 04:00+01:00,63.238514
2026-02-28 04:15+01:00,66.681324
2026-02-28 04:30+01:00,70.152685
2026-02-28 04:45+01:00,68.330971
2026-02-28 05:00+01:00,60.867074
2026-02-28 05:15+01:00,83.347934
2026-02-28 05:30+01:00,72.804961
2026-02-28 05:45+01:00,73.014393
2026-02-28 06:00+01:00,5.265760
2026-02-28 06:15+01:00,2.572726
2026-02-28 06:30+01:00,5.484612
2026-02-28 06:45+01:00,4.094985
2026-02-28 07:00+01:00,3.310986
2026-02-28 07:15+01:00,3.190905
2026-02-28 07:30+01:00,3.909304
2026-02-28 07:45+01:00,4.292729
2026-02-28 08:00+01:00,3.168768
2026-02-28 08:15+01:00,3.988816
2026-02-28 08:30+01:00,4.753967
2026-02-28 08:45+01:00,3.821370
2026-02-28 09:00+01:00,5.385413
2026-02-28 09:15+01:00,4.167583
2026-02-28 09:30+01:00,3.435988
2026-02-28 09:45+01:00,6.559839
2026-02-28 10:00+01:00,4.051038
2026-02-28 10:15+01:00,5.057290
2026-02-28 10:30+01:00,3.901860
2026-02-28 10:45+01:00,5.477840
2026-02-28 11:00+01:00,3.922902
2026-02-28 11:15+01:00,2.944135
2026-02-28 11:30+01:00,4.900220
2026-02-28 11:45+01:00,3.078366
2026-02-28 12:00+01:00,2.463023
2026-02-28 12:15+01:00,5.216114
2026-02-28 12:30+01:00,5.134494
2026-02-28 12:45+01:00,5.908189
2026-02-28 13:00+01:00,
2026-02-28 13:15+01:00,0.000000
2026-02-28 13:30+01:00,
2026-02-28 13:45+01:00,4.142766
2026-02-28 14:00+01:00,3.295173
2026-02-28 14:15+01:00,5.487188
2026-02-28 14:30+01:00,2.701298
2026-02-28 14:45+01:00,2.934261
2026-02-28 15:00+01:00,0.000000
2026-02-28 15:15+01:00,0.000000
2026-02-28 15:30+01:00,2.641739
2026-02-28 15:45+01:00,4.504754
2026-02-28 16:00+01:00,3.425603
2026-02-28 16:15+01:00,4.712799
2026-02-28 16:30+01:00,7.187595
2026-02-28 16:45+01:00,4.275295
2026-02-28 17:00+01:00,5.763405
2026-02-28 17:15+01:00,4.530261
2026-02-28 17:30+01:00,6.660623
2026-02-28 17:45+01:00,3.720955
2026-02-28 18:00+01:00,4.565606
2026-02-28 18:15+01:00,4.354599
2026-02-28 18:30+01:00,
2026-02-28 18:45+01:00,
2026-02-28 19:00+01:00,76.288974
2026-02-28 19:15+01:00,75.644822
2026-02-28 19:30+01:00,79.505281
2026-02-28 19:45+01:00,67.242738
2026-02-28 20:00+01:00,72.013489
2026-02-28 20:15+01:00,66.853537
2026-02-28 20:30+01:00,63.800141
2026-02-28 20:45+01:00,54.844915
2026-02-28 21:00+01:00,
2026-02-28 21:15+01:00,59.468597
2026-02-28 21:30+01:00,64.698293
2026-02-28 21:45+01:00,62.528908
2026-02-28 22:00+01:00,67.889192
2026-02-28 22:15+01:00,65.504621
2026-02-28 22:30+01:00,74.290495
2026-02-28 22:45+01:00,66.281036
2026-02-28 23:00+01:00,78.513516
2026-02-28 23:15+01:00,73.302648
2026-02-28 23:30+01:00,57.617111
2026-02-28 23:45+01:00,70.731312
2026-03-01 00:00+01:00,
2026-03-01 00:15+01:00,74.909492
2026-03-01 00:30+01:00,67.376455
2026-03-01 00:45+01:00,66.264437
2026-03-01 01:00+01:00,67.788340
2026-03-01 01:15+01:00,62.565779
2026-03-01 01:30+01:00,62.886178
2026-03-01 01:45+01:00,66.256589
2026-03-01 02:00+01:00,67.678798
2026-03-01 02:15+01:00,73.885879
2026-03-01 02:30+01:00,74.021849
2026-03-01 02:45+01:00,56.818465
2026-03-01 03:00+01:00,71.637481
2026-03-01 03:15+01:00,66.108042
2026-03-01 03:30+01:00,76.276072
2026-03-01 03:45+01:00,66.628064
2026-03-01 04:00+01:00,72.908348
2026-03-01 04:15+01:00,65.840804
2026-03-01 04:30+01:00,62.987891
2026-03-01 04:45+01:00,65.250288
2026-03-01 05:00+01:00,74.506505
2026-03-01 05:15+01:00,69.647873
2026-03-01 05:30+01:00,57.652327
2026-03-01 05:45+01:00,75.454716
2026-03-01 06:00+01:00,5.145521
2026-03-01 06:15+01:00,6.737523
2026-03-01 06:30+01:00,3.479840
2026-03-01 06:45+01:00,4.811220
2026-03-01 07:00+01:00,3.495394
2026-03-01 07:15+01:00,5.265937
2026-03-01 07:30+01:00,4.958385
2026-03-01 07:45+01:00,
2026-03-01 08:00+01:00,3.749332
2026-03-01 08:15+01:00,3.491160
2026-03-01 08:30+01:00,0.000000
2026-03-01 08:45+01:00,3.863924
2026-03-01 09:00+01:00,3.517793
2026-03-01 09:15+01:00,
2026-03-01 09:30+01:00,0.000000
2026-03-01 09:45+01:00,4.659969
2026-03-01 10:00+01:00,5.385297
2026-03-01 10:15+01:00,4.687500
2026-03-01 10:30+01:00,4.274321
2026-03-01 10:45+01:00,6.654276
2026-03-01 11:00+01:00,4.633351
2026-03-01 11:15+01:00,5.013510
2026-03-01 11:30+01:00,5.099094
2026-03-01 11:45+01:00,
2026-03-01 12:00+01:00,0.000000
2026-03-01 12:15+01:00,
2026-03-01 12:30+01:00,4.603937
2026-03-01 12:45+01:00,0.000000
2026-03-01 13:00+01:00,5.583805
2026-03-01 13:15+01:00,5.815502
2026-03-01 13:30+01:00,4.511303
2026-03-01 13:45+01:00,5.352976
2026-03-01 14:00+01:00,3.191602
2026-03-01 14:15+01:00,2.270441
2026-03-01 14:30+01:00,5.254342
2026-03-01 14:45+01:00,4.002524
2026-03-01 15:00+01:00,3.333547
2026-03-01 15:15+01:00,2.555960
2026-03-01 15:30+01:00,2.213939
2026-03-01 15:45+01:00,
2026-03-01 16:00+01:00,4.300142
2026-03-01 16:15+01:00,5.267754
2026-03-01 16:30+01:00,3.504550
2026-03-01 16:45+01:00,3.622860
2026-03-01 17:00+01:00,6.070663
2026-03-01 17:15+01:00,4.684595
2026-03-01 17:30+01:00,3.817706
2026-03-01 17:45+01:00,3.143044
2026-03-01 18:00+01:00,4.116001
2026-03-01 18:15+01:00,0.000000
2026-03-01 18:30+01:00,4.170525
2026-03-01 18:45+01:00,2.284568
2026-03-01 19:00+01:00,68.142147
2026-03-01 19:15+01:00,70.529889
2026-03-01 19:30+01:00,52.697136
2026-03-01 19:45+01:00,72.888224
2026-03-01 20:00+01:00,60.036016
2026-03-01 20:15+01:00,62.918631
2026-03-01 20:30+01:00,67.155871
2026-03-01 20:45+01:00,69.688468
2026-03-01 21:00+01:00,66.677440
2026-03-01 21:15+01:00,89.087704
2026-03-01 21:30+01:00,78.698467
2026-03-01 21:45+01:00,79.143727
2026-03-01 22:00+01:00,65.891065
2026-03-01 22:15+01:00,63.105460
2026-03-01 22:30+01:00,70.315941
2026-03-01 22:45+01:00,71.658048
2026-03-01 23:00+01:00,57.017579
2026-03-01 23:15+01:00,66.952290
2026-03-01 23:30+01:00,71.795043
2026-03-01 23:45+01:00,76.541022
2026-03-02 00:00+01:00,55.724447
2026-03-02 00:15+01:00,60.283919
2026-03-02 00:30+01:00,71.670024
2026-03-02 00:45+01:00,64.718100
2026-03-02 01:00+01:00,66.441681
2026-03-02 01:15+01:00,69.737011
2026-03-02 01:30+01:00,69.112743
2026-03-02 01:45+01:00,74.802356
2026-03-02 02:00+01:00,56.190404
2026-03-02 02:15+01:00,
2026-03-02 02:30+01:00,69.718963
2026-03-02 02:45+01:00,81.242927
2026-03-02 03:00+01:00,81.629530
2026-03-02 03:15+01:00,64.467240
2026-03-02 03:30+01:00,74.636750
2026-03-02 03:45+01:00,69.908652
2026-03-02 04:00+01:00,65.562079
2026-03-02 04:15+01:00,74.454377
2026-03-02 04:30+01:00,72.137877
2026-03-02 04:45+01:00,
2026-03-02 05:00+01:00,71.911721
2026-03-02 05:15+01:00,73.075190
2026-03-02 05:30+01:00,73.948656
2026-03-02 05:45+01:00,65.015407
2026-03-02 06:00+01:00,38.881238
2026-03-02 06:15+01:00,44.275757
2026-03-02 06:30+01:00,5.273507
2026-03-02 06:45+01:00,4.921631
2026-03-02 07:00+01:00,4.668593
2026-03-02 07:15+01:00,3.379771
2026-03-02 07:30+01:00,45.462605
2026-03-02 07:45+01:00,5.443474
2026-03-02 08:00+01:00,38.470557
2026-03-02 08:15+01:00,2.540893
2026-03-02 08:30+01:00,43.625062
2026-03-02 08:45+01:00,4.641817
2026-03-02 09:00+01:00,0.000000
2026-03-02 09:15+01:00,43.761648
2026-03-02 09:30+01:00,43.762763
2026-03-02 09:45+01:00,47.505413
2026-03-02 10:00+01:00,
2026-03-02 10:15+01:00,3.260431
2026-03-02 10:30+01:00,5.082352
2026-03-02 10:45+01:00,41.640828
2026-03-02 11:00+01:00,3.198046
2026-03-02 11:15+01:00,3.956053
2026-03-02 11:30+01:00,4.224825
2026-03-02 11:45+01:00,
2026-03-02 12:00+01:00,41.265608
2026-03-02 12:15+01:00,4.902551
2026-03-02 12:30+01:00,4.191567
2026-03-02 12:45+01:00,38.708931
2026-03-02 13:00+01:00,4.080939
2026-03-02 13:15+01:00,47.762767
2026-03-02 13:30+01:00,36.057993
2026-03-02 13:45+01:00,42.001672
2026-03-02 14:00+01:00,33.173666
2026-03-02 14:15+01:00,32.874424
2026-03-02 14:30+01:00,43.859911
2026-03-02 14:45+01:00,41.846266
2026-03-02 15:00+01:00,3.694084
2026-03-02 15:15+01:00,4.195138
2026-03-02 15:30+01:00,2.880495
2026-03-02 15:45+01:00,43.030407
2026-03-02 16:00+01:00,4.728898
2026-03-02 16:15+01:00,46.612666
2026-03-02 16:30+01:00,44.222622
2026-03-02 16:45+01:00,3.215693
2026-03-02 17:00+01:00,6.235097
2026-03-02 17:15+01:00,5.005529
2026-03-02 17:30+01:00,5.061670
2026-03-02 17:45+01:00,4.124158
2026-03-02 18:00+01:00,4.801508
2026-03-02 18:15+01:00,4.318950
2026-03-02 18:30+01:00,2.876464
2026-03-02 18:45+01:00,0.000000
2026-03-02 19:00+01:00,70.901786
2026-03-02 19:15+01:00,72.085456
2026-03-02 19:30+01:00,69.472620
2026-03-02 19:45+01:00,70.114515
2026-03-02 20:00+01:00,
2026-03-02 20:15+01:00,62.075423
2026-03-02 20:30+01:00,66.518780
2026-03-02 20:45+01:00,71.529012
2026-03-02 21:00+01:00,77.032857
2026-03-02 21:15+01:00,73.415166
2026-03-02 21:30+01:00,
2026-03-02 21:45+01:00,68.391764
2026-03-02 22:00+01:00,79.517349
2026-03-02 22:15+01:00,
2026-03-02 22:30+01:00,70.146844
2026-03-02 22:45+01:00,80.756743
2026-03-02 23:00+01:00,62.492422
2026-03-02 23:15+01:00,73.565995
2026-03-02 23:30+01:00,71.767746
2026-03-02 23:45+01:00,66.168740
2026-03-03 00:00+01:00,77.866460
2026-03-03 00:15+01:00,83.811576
2026-03-03 00:30+01:00,78.241079
2026-03-03 00:45+01:00,71.124073
2026-03-03 01:00+01:00,82.217123
2026-03-03 01:15+01:00,
2026-03-03 01:30+01:00,69.710558
2026-03-03 01:45+01:00,72.864867
2026-03-03 02:00+01:00,64.363212
2026-03-03 02:15+01:00,70.395151
2026-03-03 02:30+01:00,
2026-03-03 02:45+01:00,70.897297
2026-03-03 03:00+01:00,71.228464
2026-03-03 03:15+01:00,72.066396
2026-03-03 03:30+01:00,69.517311
2026-03-03 03:45+01:00,63.151694
2026-03-03 04:00+01:00,64.692297
2026-03-03 04:15+01:00,66.012599
2026-03-03 04:30+01:00,59.045317
2026-03-03 04:45+01:00,69.939376
2026-03-03 05:00+01:00,75.052350
2026-03-03 05:15+01:00,77.203272
2026-03-03 05:30+01:00,72.535800
2026-03-03 05:45+01:00,71.651311
2026-03-03 06:00+01:00,2.749144
2026-03-03 06:15+01:00,41.013601
2026-03-03 06:30+01:00,
2026-03-03 06:45+01:00,5.683909
2026-03-03 07:00+01:00,5.630205
2026-03-03 07:15+01:00,5.345630
2026-03-03 07:30+01:00,39.202550
2026-03-03 07:45+01:00,3.106878
2026-03-03 08:00+01:00,38.755378
2026-03-03 08:15+01:00,29.483034
2026-03-03 08:30+01:00,4.774701
2026-03-03 08:45+01:00,3.573483
2026-03-03 09:00+01:00,41.793352
2026-03-03 09:15+01:00,40.728121
2026-03-03 09:30+01:00,4.129101
2026-03-03 09:45+01:00,40.232625
2026-03-03 10:00+01:00,43.388340
2026-03-03 10:15+01:00,32.603275
2026-03-03 10:30+01:00,5.214972
2026-03-03 10:45+01:00,7.314929
2026-03-03 11:00+01:00,5.161334
2026-03-03 11:15+01:00,3.636988
2026-03-03 11:30+01:00,3.418107
2026-03-03 11:45+01:00,4.041090
2026-03-03 12:00+01:00,43.140863
2026-03-03 12:15+01:00,43.720237
2026-03-03 12:30+01:00,5.369848
2026-03-03 12:45+01:00,3.131334
2026-03-03 13:00+01:00,3.766911
2026-03-03 13:15+01:00,37.735639
2026-03-03 13:30+01:00,37.041600
2026-03-03 13:45+01:00,6.648152
2026-03-03 14:00+01:00,5.371213
2026-03-03 14:15+01:00,38.197612
2026-03-03 14:30+01:00,43.141131
2026-03-03 14:45+01:00,
2026-03-03 15:00+01:00,4.180904
2026-03-03 15:15+01:00,39.993520
2026-03-03 15:30+01:00,5.761416
2026-03-03 15:45+01:00,4.775939
2026-03-03 16:00+01:00,49.715072
2026-03-03 16:15+01:00,41.520931
2026-03-03 16:30+01:00,3.753664
2026-03-03 16:45+01:00,2.100634
2026-03-03 17:00+01:00,3.615081
2026-03-03 17:15+01:00,6.497603
2026-03-03 17:30+01:00,3.919738
2026-03-03 17:45+01:00,4.447902
2026-03-03 18:00+01:00,5.249015
2026-03-03 18:15+01:00,4.770761
2026-03-03 18:30+01:00,36.654858
2026-03-03 18:45+01:00,4.484253
2026-03-03 19:00+01:00,69.012254
2026-03-03 19:15+01:00,
2026-03-03 19:30+01:00,83.430460
2026-03-03 19:45+01:00,74.743402
2026-03-03 20:00+01:00,65.496522
2026-03-03 20:15+01:00,90.801812
2026-03-03 20:30+01:00,66.324105
2026-03-03 20:45+01:00,59.652212
2026-03-03 21:00+01:00,73.692115
2026-03-03 21:15+01:00,77.277435
2026-03-03 21:30+01:00,84.063200
2026-03-03 21:45+01:00,
2026-03-03 22:00+01:00,74.466923
2026-03-03 22:15+01:00,79.667867
2026-03-03 22:30+01:00,64.076495
2026-03-03 22:45+01:00,66.431764
2026-03-03 23:00+01:00,70.370194
2026-03-03 23:15+01:00,73.692114
2026-03-03 23:30+01:00,66.409274
2026-03-03 23:45+01:00,68.797725
2026-03-04 00:00+01:00,73.207629
2026-03-04 00:15+01:00,61.674102
2026-03-04 00:30+01:00,68.141764
2026-03-04 00:45+01:00,75.830554
2026-03-04 01:00+01:00,75.799116
2026-03-04 01:15+01:00,76.289857
2026-03-04 01:30+01:00,70.781663
2026-03-04 01:45+01:00,81.317165
2026-03-04 02:00+01:00,78.728250
2026-03-04 02:15+01:00,80.413314
2026-03-04 02:30+01:00,
2026-03-04 02:45+01:00,74.785478
2026-03-04 03:00+01:00,66.390998
2026-03-04 03:15+01:00,69.086518
2026-03-04 03:30+01:00,69.197414
2026-03-04 03:45+01:00,72.794384
2026-03-04 04:00+01:00,66.326161
2026-03-04 04:15+01:00,68.583936
2026-03-04 04:30+01:00,59.025245
2026-03-04 04:45+01:00,77.243437
2026-03-04 05:00+01:00,68.532541
2026-03-04 05:15+01:00,66.747615
2026-03-04 05:30+01:00,71.514066
2026-03-04 05:45+01:00,74.655898
2026-03-04 06:00+01:00,3.559909
2026-03-04 06:15+01:00,3.972520
2026-03-04 06:30+01:00,38.857130
2026-03-04 06:45+01:00,4.847076
2026-03-04 07:00+01:00,5.340968
2026-03-04 07:15+01:00,5.362035
2026-03-04 07:30+01:00,37.528340
2026-03-04 07:45+01:00,45.644641
2026-03-04 08:00+01:00,0.000000
2026-03-04 08:15+01:00,38.545014
2026-03-04 08:30+01:00,41.433351
2026-03-04 08:45+01:00,3.820710
2026-03-04 09:00+01:00,6.088910
2026-03-04 09:15+01:00,4.236254
2026-03-04 09:30+01:00,40.705684
2026-03-04 09:45+01:00,3.487004
2026-03-04 10:00+01:00,5.495128
2026-03-04 10:15+01:00,4.612712
2026-03-04 10:30+01:00,5.023353
2026-03-04 10:45+01:00,
2026-03-04 11:00+01:00,2.634440
2026-03-04 11:15+01:00,4.929060
2026-03-04 11:30+01:00,39.646848
2026-03-04 11:45+01:00,3.845712
2026-03-04 12:00+01:00,4.760473
2026-03-04 12:15+01:00,0.000000
2026-03-04 12:30+01:00,39.046220
2026-03-04 12:45+01:00,42.845121
2026-03-04 13:00+01:00,4.016272
2026-03-04 13:15+01:00,5.832624
2026-03-04 13:30+01:00,
2026-03-04 13:45+01:00,0.000000
2026-03-04 14:00+01:00,46.245950
2026-03-04 14:15+01:00,41.833770
2026-03-04 14:30+01:00,33.974753
2026-03-04 14:45+01:00,3.519842
2026-03-04 15:00+01:00,41.631086
2026-03-04 15:15+01:00,3.591571
2026-03-04 15:30+01:00,5.922751
2026-03-04 15:45+01:00,6.001097
2026-03-04 16:00+01:00,4.463502
2026-03-04 16:15+01:00,0.000000
2026-03-04 16:30+01:00,
2026-03-04 16:45+01:00,32.753799
2026-03-04 17:00+01:00,3.843893
2026-03-04 17:15+01:00,38.600286
2026-03-04 17:30+01:00,4.050515
2026-03-04 17:45+01:00,4.337216
2026-03-04 18:00+01:00,3.425816
2026-03-04 18:15+01:00,43.797551
2026-03-04 18:30+01:00,2.920405
2026-03-04 18:45+01:00,5.394834
2026-03-04 19:00+01:00,
2026-03-04 19:15+01:00,86.729136
2026-03-04 19:30+01:00,65.187796
2026-03-04 19:45+01:00,61.478574
2026-03-04 20:00+01:00,70.985964
2026-03-04 20:15+01:00,67.579830
2026-03-04 20:30+01:00,64.829572
2026-03-04 20:45+01:00,65.889465
2026-03-04 21:00+01:00,63.742064
2026-03-04 21:15+01:00,64.616398
2026-03-04 21:30+01:00,67.533780
2026-03-04 21:45+01:00,54.480715
2026-03-04 22:00+01:00,74.575917
2026-03-04 22:15+01:00,75.456909
2026-03-04 22:30+01:00,69.024498
2026-03-04 22:45+01:00,61.927077
2026-03-04 23:00+01:00,
2026-03-04 23:15+01:00,58.514555
2026-03-04 23:30+01:00,79.515171
2026-03-04 23:45+01:00,65.790867
2026-03-05 00:00+01:00,69.196268
2026-03-05 00:15+01:00,63.839058
2026-03-05 00:30+01:00,52.759631
2026-03-05 00:45+01:00,59.551317
2026-03-05 01:00+01:00,71.968079
2026-03-05 01:15+01:00,64.406359
2026-03-05 01:30+01:00,55.789905
2026-03-05 01:45+01:00,72.075100
2026-03-05 02:00+01:00,72.419806
2026-03-05 02:15+01:00,64.772924
2026-03-05 02:30+01:00,65.165580
2026-03-05 02:45+01:00,77.058550
2026-03-05 03:00+01:00,69.427065
2026-03-05 03:15+01:00,75.137479
2026-03-05 03:30+01:00,70.140997
2026-03-05 03:45+01:00,63.492405
2026-03-05 04:00+01:00,77.108603
2026-03-05 04:15+01:00,65.530107
2026-03-05 04:30+01:00,69.424857
2026-03-05 04:45+01:00,60.033013
2026-03-05 05:00+01:00,68.215501
2026-03-05 05:15+01:00,61.384071
2026-03-05 05:30+01:00,79.959257
2026-03-05 05:45+01:00,67.839615
2026-03-05 06:00+01:00,42.389916
2026-03-05 06:15+01:00,0.000000
2026-03-05 06:30+01:00,5.077765
2026-03-05 06:45+01:00,38.285504
2026-03-05 07:00+01:00,3.464195
2026-03-05 07:15+01:00,36.749209
2026-03-05 07:30+01:00,4.508541
2026-03-05 07:45+01:00,0.000000
2026-03-05 08:00+01:00,5.473598
2026-03-05 08:15+01:00,4.827308
2026-03-05 08:30+01:00,45.852166
2026-03-05 08:45+01:00,44.945920
2026-03-05 09:00+01:00,
2026-03-05 09:15+01:00,5.012810
2026-03-05 09:30+01:00,37.575862
2026-03-05 09:45+01:00,2.161036
2026-03-05 10:00+01:00,37.269799
2026-03-05 10:15+01:00,34.110606
2026-03-05 10:30+01:00,4.000423
2026-03-05 10:45+01:00,39.683815
2026-03-05 11:00+01:00,2.662281
2026-03-05 11:15+01:00,3.481618
2026-03-05 11:30+01:00,3.589452
2026-03-05 11:45+01:00,45.712123
2026-03-05 12:00+01:00,4.511505
2026-03-05 12:15+01:00,3.013717
2026-03-05 12:30+01:00,4.820345
2026-03-05 12:45+01:00,5.969905
2026-03-05 13:00+01:00,42.450487
2026-03-05 13:15+01:00,4.115013
2026-03-05 13:30+01:00,43.511216
2026-03-05 13:45+01:00,44.151524
2026-03-05 14:00+01:00,3.853405
2026-03-05 14:15+01:00,5.209951
2026-03-05 14:30+01:00,3.369899
2026-03-05 14:45+01:00,4.680617
2026-03-05 15:00+01:00,4.833232
2026-03-05 15:15+01:00,46.555182
2026-03-05 15:30+01:00,4.230672
2026-03-05 15:45+01:00,6.134983
2026-03-05 16:00+01:00,6.629200
2026-03-05 16:15+01:00,35.800224
2026-03-05 16:30+01:00,35.452659
2026-03-05 16:45+01:00,4.766655
2026-03-05 17:00+01:00,40.099167
2026-03-05 17:15+01:00,43.366485
2026-03-05 17:30+01:00,4.593478
2026-03-05 17:45+01:00,41.853725
2026-03-05 18:00+01:00,3.439404
2026-03-05 18:15+01:00,4.546046
2026-03-05 18:30+01:00,41.941224
2026-03-05 18:45+01:00,
2026-03-05 19:00+01:00,69.514158
2026-03-05 19:15+01:00,58.967607
2026-03-05 19:30+01:00,69.623872
2026-03-05 19:45+01:00,74.649662
2026-03-05 20:00+01:00,69.177467
2026-03-05 20:15+01:00,71.112059
2026-03-05 20:30+01:00,82.304241
2026-03-05 20:45+01:00,76.226148
2026-03-05 21:00+01:00,69.815538
2026-03-05 21:15+01:00,
2026-03-05 21:30+01:00,78.154635
2026-03-05 21:45+01:00,66.504509
2026-03-05 22:00+01:00,67.508979
2026-03-05 22:15+01:00,80.791539
2026-03-05 22:30+01:00,65.092894
2026-03-05 22:45+01:00,69.991583
2026-03-05 23:00+01:00,72.814591
2026-03-05 23:15+01:00,67.919523
2026-03-05 23:30+01:00,86.910141
2026-03-05 23:45+01:00,72.424893
2026-03-06 00:00+01:00,66.407919
2026-03-06 00:15+01:00,77.739983
2026-03-06 00:30+01:00,64.425942
2026-03-06 00:45+01:00,70.830720
2026-03-06 01:00+01:00,66.709677
2026-03-06 01:15+01:00,61.486720
2026-03-06 01:30+01:00,66.598362
2026-03-06 01:45+01:00,57.621149
2026-03-06 02:00+01:00,60.457735
2026-03-06 02:15+01:00,74.957120
2026-03-06 02:30+01:00,64.292146
2026-03-06 02:45+01:00,73.276184
2026-03-06 03:00+01:00,78.424380
2026-03-06 03:15+01:00,69.572948
2026-03-06 03:30+01:00,60.114152
2026-03-06 03:45+01:00,72.034671
2026-03-06 04:00+01:00,66.673074
2026-03-06 04:15+01:00,67.948463
2026-03-06 04:30+01:00,62.490558
2026-03-06 04:45+01:00,63.325941
2026-03-06 05:00+01:00,
2026-03-06 05:15+01:00,69.067700
2026-03-06 05:30+01:00,70.703289
2026-03-06 05:45+01:00,62.718201
2026-03-06 06:00+01:00,3.915656
2026-03-06 06:15+01:00,46.433747
2026-03-06 06:30+01:00,3.320292
2026-03-06 06:45+01:00,41.567971
2026-03-06 07:00+01:00,0.000000
2026-03-06 07:15+01:00,4.036264
2026-03-06 07:30+01:00,4.653536
2026-03-06 07:45+01:00,4.364728
2026-03-06 08:00+01:00,
2026-03-06 08:15+01:00,43.827230
2026-03-06 08:30+01:00,
2026-03-06 08:45+01:00,
2026-03-06 09:00+01:00,46.236042
2026-03-06 09:15+01:00,40.864394
2026-03-06 09:30+01:00,38.748812
2026-03-06 09:45+01:00,36.705083
2026-03-06 10:00+01:00,33.078479
2026-03-06 10:15+01:00,43.872961
2026-03-06 10:30+01:00,3.107437
2026-03-06 10:45+01:00,4.999836
2026-03-06 11:00+01:00,41.228351
2026-03-06 11:15+01:00,3.509228
2026-03-06 11:30+01:00,4.767537
2026-03-06 11:45+01:00,46.115471
2026-03-06 12:00+01:00,5.037405
2026-03-06 12:15+01:00,4.545281
2026-03-06 12:30+01:00,2.070239
2026-03-06 12:45+01:00,4.389817
2026-03-06 13:00+01:00,3.627051
2026-03-06 13:15+01:00,31.043864
2026-03-06 13:30+01:00,
2026-03-06 13:45+01:00,39.698535
2026-03-06 14:00+01:00,3.134809
2026-03-06 14:15+01:00,3.290164
2026-03-06 14:30+01:00,
2026-03-06 14:45+01:00,40.339686
2026-03-06 15:00+01:00,
2026-03-06 15:15+01:00,6.383961
2026-03-06 15:30+01:00,39.223449
2026-03-06 15:45+01:00,42.172643
2026-03-06 16:00+01:00,41.718662
2026-03-06 16:15+01:00,41.808618
2026-03-06 16:30+01:00,40.701329
2026-03-06 16:45+01:00,3.945500
2026-03-06 17:00+01:00,3.276060
2026-03-06 17:15+01:00,6.799887
2026-03-06 17:30+01:00,41.249214
2026-03-06 17:45+01:00,46.673499
2026-03-06 18:00+01:00,
2026-03-06 18:15+01:00,37.692068
2026-03-06 18:30+01:00,1.515266
2026-03-06 18:45+01:00,37.304241
2026-03-06 19:00+01:00,61.035872
2026-03-06 19:15+01:00,69.379475
2026-03-06 19:30+01:00,72.016548
2026-03-06 19:45+01:00,73.389697
2026-03-06 20:00+01:00,62.725577
2026-03-06 20:15+01:00,58.181448
2026-03-06 20:30+01:00,67.514560
2026-03-06 20:45+01:00,71.610123
2026-03-06 21:00+01:00,69.812183
2026-03-06 21:15+01:00,69.215494
2026-03-06 21:30+01:00,64.787376
2026-03-06 21:45+01:00,67.955725
2026-03-06 22:00+01:00,72.036242
2026-03-06 22:15+01:00,57.468252
2026-03-06 22:30+01:00,67.556081
2026-03-06 22:45+01:00,65.630785
2026-03-06 23:00+01:00,74.683711
2026-03-06 23:15+01:00,57.812034
2026-03-06 23:30+01:00,76.094154
2026-03-06 23:45+01:00,67.419822
2026-03-07 00:00+01:00,
2026-03-07 00:15+01:00,78.931838
2026-03-07 00:30+01:00,70.888167
2026-03-07 00:45+01:00,77.832397
2026-03-07 01:00+01:00,68.947851
2026-03-07 01:15+01:00,74.120110
2026-03-07 01:30+01:00,71.657116
2026-03-07 01:45+01:00,79.942153
2026-03-07 02:00+01:00,67.813148
2026-03-07 02:15+01:00,71.167767
2026-03-07 02:30+01:00,60.216373
2026-03-07 02:45+01:00,70.174405
2026-03-07 03:00+01:00,68.077968
2026-03-07 03:15+01:00,68.840994
2026-03-07 03:30+01:00,74.975128
2026-03-07 03:45+01:00,69.390811
2026-03-07 04:00+01:00,70.428433
2026-03-07 04:15+01:00,60.542053
2026-03-07 04:30+01:00,63.478214
2026-03-07 04:45+01:00,77.763857
2026-03-07 05:00+01:00,70.300473
2026-03-07 05:15+01:00,64.554091
2026-03-07 05:30+01:00,59.416465
2026-03-07 05:45+01:00,77.625766
2026-03-07 06:00+01:00,4.233037
2026-03-07 06:15+01:00,3.814213
2026-03-07 06:30+01:00,4.740612
2026-03-07 06:45+01:00,4.677859
2026-03-07 07:00+01:00,3.518682
2026-03-07 07:15+01:00,5.339741
2026-03-07 07:30+01:00,4.928870
2026-03-07 07:45+01:00,4.758763
2026-03-07 08:00+01:00,4.724618
2026-03-07 08:15+01:00,4.790771
2026-03-07 08:30+01:00,
2026-03-07 08:45+01:00,5.228298
2026-03-07 09:00+01:00,5.343899
2026-03-07 09:15+01:00,3.018146
2026-03-07 09:30+01:00,4.368260
2026-03-07 09:45+01:00,4.621203
2026-03-07 10:00+01:00,5.956911
2026-03-07 10:15+01:00,2.814515
2026-03-07 10:30+01:00,4.058892
2026-03-07 10:45+01:00,4.622913
2026-03-07 11:00+01:00,4.291300
2026-03-07 11:15+01:00,4.695838
2026-03-07 11:30+01:00,0.000000
2026-03-07 11:45+01:00,3.820366
2026-03-07 12:00+01:00,4.480142
2026-03-07 12:15+01:00,4.035030
2026-03-07 12:30+01:00,0.000000
2026-03-07 12:45+01:00,2.130839
2026-03-07 13:00+01:00,0.000000
2026-03-07 13:15+01:00,2.841656
2026-03-07 13:30+01:00,5.019029
2026-03-07 13:45+01:00,6.297983
2026-03-07 14:00+01:00,3.282783
2026-03-07 14:15+01:00,4.476284
2026-03-07 14:30+01:00,0.000000
2026-03-07 14:45+01:00,4.612367
2026-03-07 15:00+01:00,2.909296
2026-03-07 15:15+01:00,3.663720
2026-03-07 15:30+01:00,4.087785
2026-03-07 15:45+01:00,5.796615
2026-03-07 16:00+01:00,4.999980
2026-03-07 16:15+01:00,3.432452
2026-03-07 16:30+01:00,4.252983
2026-03-07 16:45+01:00,
2026-03-07 17:00+01:00,3.961159
2026-03-07 17:15+01:00,2.672045
2026-03-07 17:30+01:00,3.159223
2026-03-07 17:45+01:00,4.286028
2026-03-07 18:00+01:00,5.908574
2026-03-07 18:15+01:00,2.865872
2026-03-07 18:30+01:00,3.946978
2026-03-07 18:45+01:00,4.396393
2026-03-07 19:00+01:00,73.438706
2026-03-07 19:15+01:00,61.143164
2026-03-07 19:30+01:00,78.835483
2026-03-07 19:45+01:00,63.919962
2026-03-07 20:00+01:00,70.899175
2026-03-07 20:15+01:00,71.827340
2026-03-07 20:30+01:00,67.122218
2026-03-07 20:45+01:00,65.105166
2026-03-07 21:00+01:00,61.056991
2026-03-07 21:15+01:00,69.515484
2026-03-07 21:30+01:00,72.665003
2026-03-07 21:45+01:00,78.566031
2026-03-07 22:00+01:00,60.471285
2026-03-07 22:15+01:00,65.634048
2026-03-07 22:30+01:00,61.077347
2026-03-07 22:45+01:00,54.279048
2026-03-07 23:00+01:00,67.349070
2026-03-07 23:15+01:00,65.753240
2026-03-07 23:30+01:00,65.100679
2026-03-07 23:45+01:00,74.258342
2026-03-08 00:00+01:00,
2026-03-08 00:15+01:00,
2026-03-08 00:30+01:00,71.393606
2026-03-08 00:45+01:00,67.193137
2026-03-08 01:00+01:00,64.634906
2026-03-08 01:15+01:00,79.968928
2026-03-08 01:30+01:00,71.813811
2026-03-08 01:45+01:00,
2026-03-08 02:00+01:00,78.863556
2026-03-08 02:15+01:00,68.589997
2026-03-08 02:30+01:00,61.711322
2026-03-08 02:45+01:00,73.811533
2026-03-08 03:00+01:00,67.476785
2026-03-08 03:15+01:00,
2026-03-08 03:30+01:00,66.350647
2026-03-08 03:45+01:00,65.702668
2026-03-08 04:00+01:00,69.365634
2026-03-08 04:15+01:00,63.827342
2026-03-08 04:30+01:00,64.027622
2026-03-08 04:45+01:00,
2026-03-08 05:00+01:00,70.235803
2026-03-08 05:15+01:00,64.733051
2026-03-08 05:30+01:00,
2026-03-08 05:45+01:00,80.326242
2026-03-08 06:00+01:00,3.693478
2026-03-08 06:15+01:00,5.788543
2026-03-08 06:30+01:00,4.636198
2026-03-08 06:45+01:00,4.885156
2026-03-08 07:00+01:00,3.824812
2026-03-08 07:15+01:00,5.090279
2026-03-08 07:30+01:00,3.256874
2026-03-08 07:45+01:00,3.427583
2026-03-08 08:00+01:00,4.224875
2026-03-08 08:15+01:00,5.205524
2026-03-08 08:30+01:00,2.998345
2026-03-08 08:45+01:00,4.559942
2026-03-08 09:00+01:00,4.503413
2026-03-08 09:15+01:00,2.537005
2026-03-08 09:30+01:00,6.459100
2026-03-08 09:45+01:00,5.944197
2026-03-08 10:00+01:00,0.000000
2026-03-08 10:15+01:00,5.359339
2026-03-08 10:30+01:00,4.038958
2026-03-08 10:45+01:00,5.147792
2026-03-08 11:00+01:00,0.000000
2026-03-08 11:15+01:00,3.647335
2026-03-08 11:30+01:00,3.976568
2026-03-08 11:45+01:00,3.668345
2026-03-08 12:00+01:00,4.570704
2026-03-08 12:15+01:00,5.262129
2026-03-08 12:30+01:00,2.766719
2026-03-08 12:45+01:00,4.779622
2026-03-08 13:00+01:00,0.000000
2026-03-08 13:15+01:00,6.009210
2026-03-08 13:30+01:00,3.904767
2026-03-08 13:45+01:00,4.999083
2026-03-08 14:00+01:00,4.629624
2026-03-08 14:15+01:00,0.000000
2026-03-08 14:30+01:00,1.359495
2026-03-08 14:45+01:00,3.158849
2026-03-08 15:00+01:00,2.642392
2026-03-08 15:15+01:00,5.125916
2026-03-08 15:30+01:00,4.462363
2026-03-08 15:45+01:00,5.005314
2026-03-08 16:00+01:00,3.810299
2026-03-08 16:15+01:00,4.399330
2026-03-08 16:30+01:00,3.088997
2026-03-08 16:45+01:00,2.615333
2026-03-08 17:00+01:00,3.692949
2026-03-08 17:15+01:00,3.625949
2026-03-08 17:30+01:00,3.179009
2026-03-08 17:45+01:00,4.632109
2026-03-08 18:00+01:00,5.000405
2026-03-08 18:15+01:00,3.931734
2026-03-08 18:30+01:00,3.016955
2026-03-08 18:45+01:00,3.060854
2026-03-08 19:00+01:00,63.073043
2026-03-08 19:15+01:00,68.385451
2026-03-08 19:30+01:00,63.849027
2026-03-08 19:45+01:00,66.517314
2026-03-08 20:00+01:00,74.003087
2026-03-08 20:15+01:00,49.770604
2026-03-08 20:30+01:00,68.149725
2026-03-08 20:45+01:00,76.189666
2026-03-08 21:00+01:00,58.774824
2026-03-08 21:15+01:00,
2026-03-08 21:30+01:00,63.747266
2026-03-08 21:45+01:00,71.902542
2026-03-08 22:00+01:00,69.530915
2026-03-08 22:15+01:00,
2026-03-08 22:30+01:00,75.100757
2026-03-08 22:45+01:00,75.798944
2026-03-08 23:00+01:00,76.832965
2026-03-08 23:15+01:00,61.728442
2026-03-08 23:30+01:00,65.539357
2026-03-08 23:45+01:00,75.896273
2026-03-09 00:00+01:00,73.013276
2026-03-09 00:15+01:00,74.515252
2026-03-09 00:30+01:00,64.981221
2026-03-09 00:45+01:00,68.338868
2026-03-09 01:00+01:00,70.835374
2026-03-09 01:15+01:00,69.770919
2026-03-09 01:30+01:00,71.515511
2026-03-09 01:45+01:00,65.428118
2026-03-09 02:00+01:00,65.416346
2026-03-09 02:15+01:00,84.302010
2026-03-09 02:30+01:00,68.460683
2026-03-09 02:45+01:00,80.187686
2026-03-09 03:00+01:00,70.258240
2026-03-09 03:15+01:00,84.407362
2026-03-09 03:30+01:00,73.557345
2026-03-09 03:45+01:00,
2026-03-09 04:00+01:00,69.113507
2026-03-09 04:15+01:00,69.407358
2026-03-09 04:30+01:00,63.812268
2026-03-09 04:45+01:00,61.785165
2026-03-09 05:00+01:00,60.284625
2026-03-09 05:15+01:00,
2026-03-09 05:30+01:00,80.104493
2026-03-09 05:45+01:00,74.633617
2026-03-09 06:00+01:00,40.740841
2026-03-09 06:15+01:00,0.000000
2026-03-09 06:30+01:00,4.421931
2026-03-09 06:45+01:00,46.118063
2026-03-09 07:00+01:00,40.144933
2026-03-09 07:15+01:00,44.561624
2026-03-09 07:30+01:00,41.334481
2026-03-09 07:45+01:00,37.144658
2026-03-09 08:00+01:00,3.461890
2026-03-09 08:15+01:00,42.630424
2026-03-09 08:30+01:00,50.054254
2026-03-09 08:45+01:00,4.241228
2026-03-09 09:00+01:00,2.859423
2026-03-09 09:15+01:00,0.000000
2026-03-09 09:30+01:00,3.441202
2026-03-09 09:45+01:00,3.604177
2026-03-09 10:00+01:00,35.890411
2026-03-09 10:15+01:00,0.000000
2026-03-09 10:30+01:00,39.201752
2026-03-09 10:45+01:00,3.279622
2026-03-09 11:00+01:00,2.916995
2026-03-09 11:15+01:00,4.750176
2026-03-09 11:30+01:00,3.173570
2026-03-09 11:45+01:00,3.814440
2026-03-09 12:00+01:00,2.169173
2026-03-09 12:15+01:00,3.497763
2026-03-09 12:30+01:00,43.750435
2026-03-09 12:45+01:00,3.155679
2026-03-09 13:00+01:00,42.518400
2026-03-09 13:15+01:00,4.501067
2026-03-09 13:30+01:00,158.131872
2026-03-09 13:45+01:00,19.728543
2026-03-09 14:00+01:00,3.273246
2026-03-09 14:15+01:00,42.879870
2026-03-09 14:30+01:00,0.000000
2026-03-09 14:45+01:00,43.771271
2026-03-09 15:00+01:00,5.096878
2026-03-09 15:15+01:00,33.694363
2026-03-09 15:30+01:00,4.261587
2026-03-09 15:45+01:00,5.144337
2026-03-09 16:00+01:00,4.278614
2026-03-09 16:15+01:00,
2026-03-09 16:30+01:00,3.640865
2026-03-09 16:45+01:00,42.048729
2026-03-09 17:00+01:00,5.673928
2026-03-09 17:15+01:00,32.331012
2026-03-09 17:30+01:00,3.272682
2026-03-09 17:45+01:00,6.000138
2026-03-09 18:00+01:00,3.536333
2026-03-09 18:15+01:00,
2026-03-09 18:30+01:00,42.537201
2026-03-09 18:45+01:00,45.682209
2026-03-09 19:00+01:00,81.260596
2026-03-09 19:15+01:00,73.767851
2026-03-09 19:30+01:00,64.285196
2026-03-09 19:45+01:00,72.789064
2026-03-09 20:00+01:00,63.489871
2026-03-09 20:15+01:00,71.309585
2026-03-09 20:30+01:00,62.325942
2026-03-09 20:45+01:00,72.900859
2026-03-09 21:00+01:00,58.512854
2026-03-09 21:15+01:00,66.295753
2026-03-09 21:30+01:00,73.402285
2026-03-09 21:45+01:00,60.890830
2026-03-09 22:00+01:00,75.835158
2026-03-09 22:15+01:00,74.512532
2026-03-09 22:30+01:00,69.513547
2026-03-09 22:45+01:00,78.534923
2026-03-09 23:00+01:00,70.778794
2026-03-09 23:15+01:00,67.750332
2026-03-09 23:30+01:00,73.977388
2026-03-09 23:45+01:00,68.967705
2026-03-10 00:00+01:00,61.920377
2026-03-10 00:15+01:00,72.555688
2026-03-10 00:30+01:00,78.373366
2026-03-10 00:45+01:00,55.732385
2026-03-10 01:00+01:00,70.720076
2026-03-10 01:15+01:00,64.503751
2026-03-10 01:30+01:00,72.723596
2026-03-10 01:45+01:00,56.755743
2026-03-10 02:00+01:00,65.117075
2026-03-10 02:15+01:00,69.636488
2026-03-10 02:30+01:00,54.496081
2026-03-10 02:45+01:00,72.143593
2026-03-10 03:00+01:00,64.296929
2026-03-10 03:15+01:00,65.963864
2026-03-10 03:30+01:00,76.761247
2026-03-10 03:45+01:00,79.095238
2026-03-10 04:00+01:00,83.002607
2026-03-10 04:15+01:00,70.061516
2026-03-10 04:30+01:00,60.369853
2026-03-10 04:45+01:00,62.500142
2026-03-10 05:00+01:00,66.081731
2026-03-10 05:15+01:00,84.804263
2026-03-10 05:30+01:00,65.383631
2026-03-10 05:45+01:00,67.568798
2026-03-10 06:00+01:00,46.111869
2026-03-10 06:15+01:00,42.416840
2026-03-10 06:30+01:00,38.202467
2026-03-10 06:45+01:00,0.000000
2026-03-10 07:00+01:00,4.316090
2026-03-10 07:15+01:00,3.527802
2026-03-10 07:30+01:00,3.288848
2026-03-10 07:45+01:00,4.881063
2026-03-10 08:00+01:00,0.000000
2026-03-10 08:15+01:00,3.434593
2026-03-10 08:30+01:00,42.616044
2026-03-10 08:45+01:00,38.319897
2026-03-10 09:00+01:00,36.158679
2026-03-10 09:15+01:00,39.963697
2026-03-10 09:30+01:00,44.303405
2026-03-10 09:45+01:00,38.124332
2026-03-10 10:00+01:00,4.130779
2026-03-10 10:15+01:00,4.150496
2026-03-10 10:30+01:00,4.105687
2026-03-10 10:45+01:00,40.651749
2026-03-10 11:00+01:00,36.069774
2026-03-10 11:15+01:00,4.969728
2026-03-10 11:30+01:00,34.292334
2026-03-10 11:45+01:00,48.440203
2026-03-10 12:00+01:00,5.262331
2026-03-10 12:15+01:00,41.377148
2026-03-10 12:30+01:00,30.848316
2026-03-10 12:45+01:00,43.720405
2026-03-10 13:00+01:00,3.085901
2026-03-10 13:15+01:00,4.891734
2026-03-10 13:30+01:00,38.813449
2026-03-10 13:45+01:00,46.734882
2026-03-10 14:00+01:00,4.857495
2026-03-10 14:15+01:00,4.030855
2026-03-10 14:30+01:00,2.549554
2026-03-10 14:45+01:00,37.467870
2026-03-10 15:00+01:00,34.805668
2026-03-10 15:15+01:00,0.000000
2026-03-10 15:30+01:00,3.201458
2026-03-10 15:45+01:00,40.121432
2026-03-10 16:00+01:00,44.852934
2026-03-10 16:15+01:00,4.223614
2026-03-10 16:30+01:00,4.775633
2026-03-10 16:45+01:00,4.767006
2026-03-10 17:00+01:00,36.539934
2026-03-10 17:15+01:00,37.912599
2026-03-10 17:30+01:00,3.514973
2026-03-10 17:45+01:00,3.842397
2026-03-10 18:00+01:00,3.966395
2026-03-10 18:15+01:00,48.305282
2026-03-10 18:30+01:00,4.292868
2026-03-10 18:45+01:00,38.285633
2026-03-10 19:00+01:00,71.212163
2026-03-10 19:15+01:00,80.287840
2026-03-10 19:30+01:00,66.641674
2026-03-10 19:45+01:00,69.926060
2026-03-10 20:00+01:00,66.269865
2026-03-10 20:15+01:00,55.823612
2026-03-10 20:30+01:00,61.713671
2026-03-10 20:45+01:00,64.240851
2026-03-10 21:00+01:00,72.879593
2026-03-10 21:15+01:00,64.488689
2026-03-10 21:30+01:00,77.884632
2026-03-10 21:45+01:00,65.677933
2026-03-10 22:00+01:00,78.312758
2026-03-10 22:15+01:00,72.860395
2026-03-10 22:30+01:00,
2026-03-10 22:45+01:00,65.884925
2026-03-10 23:00+01:00,69.534460
2026-03-10 23:15+01:00,61.073498
2026-03-10 23:30+01:00,68.279066
2026-03-10 23:45+01:00,64.161776
2026-03-11 00:00+01:00,77.546329
2026-03-11 00:15+01:00,
2026-03-11 00:30+01:00,63.347181
2026-03-11 00:45+01:00,72.058080
2026-03-11 01:00+01:00,51.274238
2026-03-11 01:15+01:00,64.005837
2026-03-11 01:30+01:00,60.502225
2026-03-11 01:45+01:00,71.013892
2026-03-11 02:00+01:00,73.232518
2026-03-11 02:15+01:00,79.545853
2026-03-11 02:30+01:00,65.365884
2026-03-11 02:45+01:00,65.696698
2026-03-11 03:00+01:00,63.755258
2026-03-11 03:15+01:00,68.278077
2026-03-11 03:30+01:00,79.834488
2026-03-11 03:45+01:00,66.771501
2026-03-11 04:00+01:00,75.916107
2026-03-11 04:15+01:00,
2026-03-11 04:30+01:00,70.788633
2026-03-11 04:45+01:00,66.607171
2026-03-11 05:00+01:00,60.682779
2026-03-11 05:15+01:00,68.699225
2026-03-11 05:30+01:00,69.760268
2026-03-11 05:45+01:00,68.939342
2026-03-11 06:00+01:00,40.778128
2026-03-11 06:15+01:00,45.355945
2026-03-11 06:30+01:00,41.109296
2026-03-11 06:45+01:00,37.912659
2026-03-11 07:00+01:00,3.713602
2026-03-11 07:15+01:00,4.585985
2026-03-11 07:30+01:00,49.115440
2026-03-11 07:45+01:00,42.865434
2026-03-11 08:00+01:00,41.360238
2026-03-11 08:15+01:00,4.226403
2026-03-11 08:30+01:00,3.251923
2026-03-11 08:45+01:00,5.404208
2026-03-11 09:00+01:00,34.947156
2026-03-11 09:15+01:00,5.990408
2026-03-11 09:30+01:00,39.736655
2026-03-11 09:45+01:00,3.603910
2026-03-11 10:00+01:00,4.691905
2026-03-11 10:15+01:00,37.040046
2026-03-11 10:30+01:00,35.806855
2026-03-11 10:45+01:00,4.600479
2026-03-11 11:00+01:00,4.223299
2026-03-11 11:15+01:00,36.466089
2026-03-11 11:30+01:00,2.372876
2026-03-11 11:45+01:00,38.102406
2026-03-11 12:00+01:00,4.917855
2026-03-11 12:15+01:00,2.751450
2026-03-11 12:30+01:00,
2026-03-11 12:45+01:00,5.379872
2026-03-11 13:00+01:00,42.271816
2026-03-11 13:15+01:00,3.212455
2026-03-11 13:30+01:00,5.529324
2026-03-11 13:45+01:00,44.367273
2026-03-11 14:00+01:00,44.143847
2026-03-11 14:15+01:00,38.940762
2026-03-11 14:30+01:00,39.173035
2026-03-11 14:45+01:00,3.559331
2026-03-11 15:00+01:00,4.665571
2026-03-11 15:15+01:00,42.758152
2026-03-11 15:30+01:00,
2026-03-11 15:45+01:00,2.646340
2026-03-11 16:00+01:00,0.000000
2026-03-11 16:15+01:00,2.225035
2026-03-11 16:30+01:00,36.584950
2026-03-11 16:45+01:00,2.842770
2026-03-11 17:00+01:00,
2026-03-11 17:15+01:00,
2026-03-11 17:30+01:00,36.755716
2026-03-11 17:45+01:00,35.710305
2026-03-11 18:00+01:00,44.426040
2026-03-11 18:15+01:00,44.537183
2026-03-11 18:30+01:00,4.692658
2026-03-11 18:45+01:00,41.088652
2026-03-11 19:00+01:00,71.808921
2026-03-11 19:15+01:00,64.927147
2026-03-11 19:30+01:00,59.043852
2026-03-11 19:45+01:00,81.809678
2026-03-11 20:00+01:00,66.780518
2026-03-11 20:15+01:00,72.336058
2026-03-11 20:30+01:00,63.254552
2026-03-11 20:45+01:00,69.928656
2026-03-11 21:00+01:00,63.738492
2026-03-11 21:15+01:00,75.088119
2026-03-11 21:30+01:00,70.400358
2026-03-11 21:45+01:00,
2026-03-11 22:00+01:00,63.292991
2026-03-11 22:15+01:00,63.097240
2026-03-11 22:30+01:00,75.415534
2026-03-11 22:45+01:00,62.547762
2026-03-11 23:00+01:00,71.305293
2026-03-11 23:15+01:00,69.617888
2026-03-11 23:30+01:00,58.689087
2026-03-11 23:45+01:00,81.084690
2026-03-12 00:00+01:00,57.304714
2026-03-12 00:15+01:00,73.550995
2026-03-12 00:30+01:00,69.595671
2026-03-12 00:45+01:00,70.490142
2026-03-12 01:00+01:00,79.679439
2026-03-12 01:15+01:00,69.306660
2026-03-12 01:30+01:00,68.478553
2026-03-12 01:45+01:00,
2026-03-12 02:00+01:00,73.900687
2026-03-12 02:15+01:00,78.046986
2026-03-12 02:30+01:00,65.537570
2026-03-12 02:45+01:00,67.584138
2026-03-12 03:00+01:00,70.563288
2026-03-12 03:15+01:00,69.939241
2026-03-12 03:30+01:00,71.368119
2026-03-12 03:45+01:00,68.127062
2026-03-12 04:00+01:00,70.616185
2026-03-12 04:15+01:00,73.844910
2026-03-12 04:30+01:00,67.905075
2026-03-12 04:45+01:00,71.167424
2026-03-12 05:00+01:00,67.308412
2026-03-12 05:15+01:00,64.035992
2026-03-12 05:30+01:00,73.835607
2026-03-12 05:45+01:00,72.513298
2026-03-12 06:00+01:00,5.339311
2026-03-12 06:15+01:00,2.239341
2026-03-12 06:30+01:00,43.585366
2026-03-12 06:45+01:00,0.000000
2026-03-12 07:00+01:00,3.586739
2026-03-12 07:15+01:00,3.847984
2026-03-12 07:30+01:00,4.809122
2026-03-12 07:45+01:00,42.660521
2026-03-12 08:00+01:00,
2026-03-12 08:15+01:00,3.450622
2026-03-12 08:30+01:00,49.587245
2026-03-12 08:45+01:00,4.426949
2026-03-12 09:00+01:00,2.621228
2026-03-12 09:15+01:00,0.000000
2026-03-12 09:30+01:00,3.605508
2026-03-12 09:45+01:00,0.000000
2026-03-12 10:00+01:00,0.000000
2026-03-12 10:15+01:00,4.544283
2026-03-12 10:30+01:00,41.439414
2026-03-12 10:45+01:00,5.459009
2026-03-12 11:00+01:00,36.879976
2026-03-12 11:15+01:00,40.399518
2026-03-12 11:30+01:00,6.148284
2026-03-12 11:45+01:00,44.123962
2026-03-12 12:00+01:00,2.638542
2026-03-12 12:15+01:00,4.507155
2026-03-12 12:30+01:00,1.687401
2026-03-12 12:45+01:00,41.856522
2026-03-12 13:00+01:00,5.731402
2026-03-12 13:15+01:00,43.334376
2026-03-12 13:30+01:00,39.983081
2026-03-12 13:45+01:00,5.529805
2026-03-12 14:00+01:00,4.469740
2026-03-12 14:15+01:00,5.739905
2026-03-12 14:30+01:00,34.725797
2026-03-12 14:45+01:00,4.179559
2026-03-12 15:00+01:00,8.419704
2026-03-12 15:15+01:00,3.541069
2026-03-12 15:30+01:00,44.745755
2026-03-12 15:45+01:00,4.158564
2026-03-12 16:00+01:00,5.647520
2026-03-12 16:15+01:00,3.473112
2026-03-12 16:30+01:00,39.687519
2026-03-12 16:45+01:00,35.919630
2026-03-12 17:00+01:00,47.964193
2026-03-12 17:15+01:00,
2026-03-12 17:30+01:00,41.970328
2026-03-12 17:45+01:00,3.945870
2026-03-12 18:00+01:00,3.318067
2026-03-12 18:15+01:00,5.012381
2026-03-12 18:30+01:00,4.067125
2026-03-12 18:45+01:00,41.043850
2026-03-12 19:00+01:00,68.153221
2026-03-12 19:15+01:00,78.859474
2026-03-12 19:30+01:00,
2026-03-12 19:45+01:00,70.023774
2026-03-12 20:00+01:00,
2026-03-12 20:15+01:00,69.121103
2026-03-12 20:30+01:00,60.683801
2026-03-12 20:45+01:00,59.302982
2026-03-12 21:00+01:00,74.029819
2026-03-12 21:15+01:00,
2026-03-12 21:30+01:00,79.313864
2026-03-12 21:45+01:00,59.258685
2026-03-12 22:00+01:00,69.980901
2026-03-12 22:15+01:00,68.112937
2026-03-12 22:30+01:00,72.167231
2026-03-12 22:45+01:00,74.771859
2026-03-12 23:00+01:00,74.686763
2026-03-12 23:15+01:00,66.039190
2026-03-12 23:30+01:00,72.818723
2026-03-12 23:45+01:00,61.324419
2026-03-13 00:00+01:00,73.162137
2026-03-13 00:15+01:00,65.726994
2026-03-13 00:30+01:00,62.736792
2026-03-13 00:45+01:00,67.785627
2026-03-13 01:00+01:00,71.654463
2026-03-13 01:15+01:00,66.994046
2026-03-13 01:30+01:00,71.813924
2026-03-13 01:45+01:00,69.685683
2026-03-13 02:00+01:00,56.741037
2026-03-13 02:15+01:00,61.673012
2026-03-13 02:30+01:00,66.191037
2026-03-13 02:45+01:00,65.466059
2026-03-13 03:00+01:00,64.844820
2026-03-13 03:15+01:00,64.623077
2026-03-13 03:30+01:00,72.745852
2026-03-13 03:45+01:00,69.513997
2026-03-13 04:00+01:00,
2026-03-13 04:15+01:00,68.923862
2026-03-13 04:30+01:00,67.706630
2026-03-13 04:45+01:00,70.964816
2026-03-13 05:00+01:00,69.458295
2026-03-13 05:15+01:00,78.119670
2026-03-13 05:30+01:00,64.510952
2026-03-13 05:45+01:00,70.162585
2026-03-13 06:00+01:00,
2026-03-13 06:15+01:00,
2026-03-13 06:30+01:00,31.403372
2026-03-13 06:45+01:00,3.380421
2026-03-13 07:00+01:00,0.000000
2026-03-13 07:15+01:00,2.987799
2026-03-13 07:30+01:00,5.108967
2026-03-13 07:45+01:00,37.261155
2026-03-13 08:00+01:00,
2026-03-13 08:15+01:00,3.993622
2026-03-13 08:30+01:00,6.026998
2026-03-13 08:45+01:00,5.676853
2026-03-13 09:00+01:00,0.000000
2026-03-13 09:15+01:00,4.027870
2026-03-13 09:30+01:00,2.535320
2026-03-13 09:45+01:00,5.543553
2026-03-13 10:00+01:00,4.423232
2026-03-13 10:15+01:00,3.372755
2026-03-13 10:30+01:00,3.759438
2026-03-13 10:45+01:00,50.262132
2026-03-13 11:00+01:00,41.436318
2026-03-13 11:15+01:00,4.560914
2026-03-13 11:30+01:00,4.572417
2026-03-13 11:45+01:00,5.610460
2026-03-13 12:00+01:00,4.687073
2026-03-13 12:15+01:00,43.620415
2026-03-13 12:30+01:00,4.390626
2026-03-13 12:45+01:00,5.393114
2026-03-13 13:00+01:00,5.435807
2026-03-13 13:15+01:00,2.722959
2026-03-13 13:30+01:00,4.321873
2026-03-13 13:45+01:00,39.536973
2026-03-13 14:00+01:00,40.552018
2026-03-13 14:15+01:00,
2026-03-13 14:30+01:00,5.112448
2026-03-13 14:45+01:00,46.302964
2026-03-13 15:00+01:00,42.441096
2026-03-13 15:15+01:00,3.957875
2026-03-13 15:30+01:00,4.185881
2026-03-13 15:45+01:00,6.049366
2026-03-13 16:00+01:00,4.109302
2026-03-13 16:15+01:00,2.562776
2026-03-13 16:30+01:00,35.639041
2026-03-13 16:45+01:00,46.416519
2026-03-13 17:00+01:00,43.284192
2026-03-13 17:15+01:00,40.683371
2026-03-13 17:30+01:00,3.676780
2026-03-13 17:45+01:00,36.664845
2026-03-13 18:00+01:00,36.249789
2026-03-13 18:15+01:00,4.681834
2026-03-13 18:30+01:00,5.084281
2026-03-13 18:45+01:00,3.230922
2026-03-13 19:00+01:00,65.548002
2026-03-13 19:15+01:00,79.299090
2026-03-13 19:30+01:00,70.390367
2026-03-13 19:45+01:00,73.712716
2026-03-13 20:00+01:00,
2026-03-13 20:15+01:00,71.294470
2026-03-13 20:30+01:00,68.676164
2026-03-13 20:45+01:00,68.807514
2026-03-13 21:00+01:00,63.794110
2026-03-13 21:15+01:00,63.847681
2026-03-13 21:30+01:00,68.864911
2026-03-13 21:45+01:00,70.389886
2026-03-13 22:00+01:00,59.575736
2026-03-13 22:15+01:00,70.988907
2026-03-13 22:30+01:00,74.051137
2026-03-13 22:45+01:00,71.164980
2026-03-13 23:00+01:00,75.139974
2026-03-13 23:15+01:00,74.673875
2026-03-13 23:30+01:00,75.622547
2026-03-13 23:45+01:00,59.982511
2026-03-14 00:00+01:00,71.199039
2026-03-14 00:15+01:00,69.195608
2026-03-14 00:30+01:00,72.512223
2026-03-14 00:45+01:00,61.646076
2026-03-14 01:00+01:00,62.940152
2026-03-14 01:15+01:00,63.996079
2026-03-14 01:30+01:00,71.024545
2026-03-14 01:45+01:00,76.128583
2026-03-14 02:00+01:00,67.524130
2026-03-14 02:15+01:00,71.502119
2026-03-14 02:30+01:00,78.526068
2026-03-14 02:45+01:00,73.674340
2026-03-14 03:00+01:00,74.299927
2026-03-14 03:15+01:00,63.424758
2026-03-14 03:30+01:00,77.094453
2026-03-14 03:45+01:00,80.086083
2026-03-14 04:00+01:00,
2026-03-14 04:15+01:00,63.479251
2026-03-14 04:30+01:00,62.337487
2026-03-14 04:45+01:00,71.176757
2026-03-14 05:00+01:00,86.428091
2026-03-14 05:15+01:00,62.046250
2026-03-14 05:30+01:00,72.041652
2026-03-14 05:45+01:00,69.285045
2026-03-14 06:00+01:00,4.356289
2026-03-14 06:15+01:00,2.780811
2026-03-14 06:30+01:00,2.404630
2026-03-14 06:45+01:00,
2026-03-14 07:00+01:00,4.291708
2026-03-14 07:15+01:00,3.549604
2026-03-14 07:30+01:00,5.276272
2026-03-14 07:45+01:00,4.122604
2026-03-14 08:00+01:00,2.816894
2026-03-14 08:15+01:00,5.066532
2026-03-14 08:30+01:00,2.600740
2026-03-14 08:45+01:00,5.357816
2026-03-14 09:00+01:00,3.895461
2026-03-14 09:15+01:00,4.279398
2026-03-14 09:30+01:00,5.073295
2026-03-14 09:45+01:00,2.307315
2026-03-14 10:00+01:00,4.436784
2026-03-14 10:15+01:00,6.335746
2026-03-14 10:30+01:00,5.777185
2026-03-14 10:45+01:00,4.702653
2026-03-14 11:00+01:00,4.367081
2026-03-14 11:15+01:00,6.249853
2026-03-14 11:30+01:00,5.926096
2026-03-14 11:45+01:00,5.288057
2026-03-14 12:00+01:00,5.644136
2026-03-14 12:15+01:00,4.482235
2026-03-14 12:30+01:00,4.691063
2026-03-14 12:45+01:00,0.000000
2026-03-14 13:00+01:00,3.971462
2026-03-14 13:15+01:00,1.742466
2026-03-14 13:30+01:00,4.443600
2026-03-14 13:45+01:00,4.372130
2026-03-14 14:00+01:00,4.117149
2026-03-14 14:15+01:00,2.117854
2026-03-14 14:30+01:00,3.366345
2026-03-14 14:45+01:00,5.292740
2026-03-14 15:00+01:00,4.285964
2026-03-14 15:15+01:00,2.453800
2026-03-14 15:30+01:00,3.486413
2026-03-14 15:45+01:00,3.930985
2026-03-14 16:00+01:00,6.115811
2026-03-14 16:15+01:00,4.084712
2026-03-14 16:30+01:00,3.169563
2026-03-14 16:45+01:00,
2026-03-14 17:00+01:00,3.770895
2026-03-14 17:15+01:00,4.209072
2026-03-14 17:30+01:00,4.298913
2026-03-14 17:45+01:00,3.183838
2026-03-14 18:00+01:00,4.617956
2026-03-14 18:15+01:00,3.968379
2026-03-14 18:30+01:00,4.379596
2026-03-14 18:45+01:00,2.709483
2026-03-14 19:00+01:00,73.256859
2026-03-14 19:15+01:00,80.814011
2026-03-14 19:30+01:00,72.537127
2026-03-14 19:45+01:00,75.839038
2026-03-14 20:00+01:00,62.237861
2026-03-14 20:15+01:00,61.575456
2026-03-14 20:30+01:00,63.537125
2026-03-14 20:45+01:00,62.527849
2026-03-14 21:00+01:00,63.278915
2026-03-14 21:15+01:00,68.953572
2026-03-14 21:30+01:00,70.138774
2026-03-14 21:45+01:00,70.816992
2026-03-14 22:00+01:00,66.448229
2026-03-14 22:15+01:00,62.752537
2026-03-14 22:30+01:00,
2026-03-14 22:45+01:00,80.078029
2026-03-14 23:00+01:00,82.123565
2026-03-14 23:15+01:00,75.827398
2026-03-14 23:30+01:00,
2026-03-14 23:45+01:00,77.804142
2026-03-15 00:00+01:00,63.362660
2026-03-15 00:15+01:00,72.012669
2026-03-15 00:30+01:00,71.093185
2026-03-15 00:45+01:00,73.370629
2026-03-15 01:00+01:00,75.430027
2026-03-15 01:15+01:00,74.780909
2026-03-15 01:30+01:00,69.792146
2026-03-15 01:45+01:00,375.607472
2026-03-15 02:00+01:00,71.619747
2026-03-15 02:15+01:00,70.574080
2026-03-15 02:30+01:00,60.222070
2026-03-15 02:45+01:00,75.792842
2026-03-15 03:00+01:00,54.430384
2026-03-15 03:15+01:00,69.273930
2026-03-15 03:30+01:00,69.902821
2026-03-15 03:45+01:00,68.601200
2026-03-15 04:00+01:00,65.552559
2026-03-15 04:15+01:00,81.504713
2026-03-15 04:30+01:00,72.439038
2026-03-15 04:45+01:00,61.252826
2026-03-15 05:00+01:00,66.485704
2026-03-15 05:15+01:00,67.920583
2026-03-15 05:30+01:00,70.733134
2026-03-15 05:45+01:00,70.309839
2026-03-15 06:00+01:00,3.190004
2026-03-15 06:15+01:00,5.180976
2026-03-15 06:30+01:00,3.799446
2026-03-15 06:45+01:00,4.641949
2026-03-15 07:00+01:00,0.000000
2026-03-15 07:15+01:00,4.534583
2026-03-15 07:30+01:00,5.863179
2026-03-15 07:45+01:00,
2026-03-15 08:00+01:00,
2026-03-15 08:15+01:00,3.118022
2026-03-15 08:30+01:00,3.936229
2026-03-15 08:45+01:00,2.307599
2026-03-15 09:00+01:00,4.548230
2026-03-15 09:15+01:00,5.563900
2026-03-15 09:30+01:00,3.747812
2026-03-15 09:45+01:00,4.472795
2026-03-15 10:00+01:00,3.592822
2026-03-15 10:15+01:00,5.795841
2026-03-15 10:30+01:00,3.807261
2026-03-15 10:45+01:00,4.575419
2026-03-15 11:00+01:00,
2026-03-15 11:15+01:00,3.127851
2026-03-15 11:30+01:00,4.484963
2026-03-15 11:45+01:00,4.090650
2026-03-15 12:00+01:00,3.330076
2026-03-15 12:15+01:00,0.000000
2026-03-15 12:30+01:00,0.000000
2026-03-15 12:45+01:00,2.539297
2026-03-15 13:00+01:00,
2026-03-15 13:15+01:00,5.329559
2026-03-15 13:30+01:00,
2026-03-15 13:45+01:00,6.941383
2026-03-15 14:00+01:00,2.254773
2026-03-15 14:15+01:00,5.303486
2026-03-15 14:30+01:00,4.989032
2026-03-15 14:45+01:00,2.835663
2026-03-15 15:00+01:00,3.895209
2026-03-15 15:15+01:00,5.154514
2026-03-15 15:30+01:00,3.813428
2026-03-15 15:45+01:00,5.457705
2026-03-15 16:00+01:00,4.069198
2026-03-15 16:15+01:00,2.557682
2026-03-15 16:30+01:00,3.563768
2026-03-15 16:45+01:00,4.332925
2026-03-15 17:00+01:00,3.635907
2026-03-15 17:15+01:00,4.528364
2026-03-15 17:30+01:00,4.302873
2026-03-15 17:45+01:00,3.368897
2026-03-15 18:00+01:00,2.691375
2026-03-15 18:15+01:00,3.837585
2026-03-15 18:30+01:00,3.123910
2026-03-15 18:45+01:00,0.000000
2026-03-15 19:00+01:00,75.359983
2026-03-15 19:15+01:00,62.574675
2026-03-15 19:30+01:00,74.748441
2026-03-15 19:45+01:00,61.681796
2026-03-15 20:00+01:00,72.969279
2026-03-15 20:15+01:00,66.626274
2026-03-15 20:30+01:00,68.654691
2026-03-15 20:45+01:00,69.878013
2026-03-15 21:00+01:00,73.693103
2026-03-15 21:15+01:00,
2026-03-15 21:30+01:00,87.580385
2026-03-15 21:45+01:00,74.358019
2026-03-15 22:00+01:00,79.453719
2026-03-15 22:15+01:00,70.266416
2026-03-15 22:30+01:00,70.113881
2026-03-15 22:45+01:00,59.965208
2026-03-15 23:00+01:00,69.946258
2026-03-15 23:15+01:00,
2026-03-15 23:30+01:00,64.954264
2026-03-15 23:45+01:00,66.201680
2026-03-16 00:00+01:00,71.581349
2026-03-16 00:15+01:00,67.317223
2026-03-16 00:30+01:00,68.117974
2026-03-16 00:45+01:00,70.178892
2026-03-16 01:00+01:00,75.103640
2026-03-16 01:15+01:00,68.107110
2026-03-16 01:30+01:00,73.612571
2026-03-16 01:45+01:00,73.409806
2026-03-16 02:00+01:00,71.701790
2026-03-16 02:15+01:00,69.908326
2026-03-16 02:30+01:00,71.780006
2026-03-16 02:45+01:00,62.878364
2026-03-16 03:00+01:00,72.986066
2026-03-16 03:15+01:00,62.486933
2026-03-16 03:30+01:00,73.866902
2026-03-16 03:45+01:00,72.689506
2026-03-16 04:00+01:00,64.905657
2026-03-16 04:15+01:00,64.708035
2026-03-16 04:30+01:00,65.711550
2026-03-16 04:45+01:00,69.867126
2026-03-16 05:00+01:00,65.682772
2026-03-16 05:15+01:00,67.447470
2026-03-16 05:30+01:00,58.039891
2026-03-16 05:45+01:00,68.289163
2026-03-16 06:00+01:00,37.954865
2026-03-16 06:15+01:00,44.165215
2026-03-16 06:30+01:00,0.000000
2026-03-16 06:45+01:00,40.503945
2026-03-16 07:00+01:00,43.151388
2026-03-16 07:15+01:00,4.577337
2026-03-16 07:30+01:00,41.665259
2026-03-16 07:45+01:00,4.748555
2026-03-16 08:00+01:00,4.474849
2026-03-16 08:15+01:00,41.003361
2026-03-16 08:30+01:00,39.031137
2026-03-16 08:45+01:00,42.191270
2026-03-16 09:00+01:00,4.018693
2026-03-16 09:15+01:00,4.211569
2026-03-16 09:30+01:00,41.974967
2026-03-16 09:45+01:00,3.424593
2026-03-16 10:00+01:00,44.172559
2026-03-16 10:15+01:00,47.553733
2026-03-16 10:30+01:00,33.837336
2026-03-16 10:45+01:00,4.021027
2026-03-16 11:00+01:00,2.406653
2026-03-16 11:15+01:00,
2026-03-16 11:30+01:00,0.000000
2026-03-16 11:45+01:00,4.358384
2026-03-16 12:00+01:00,4.423720
2026-03-16 12:15+01:00,3.794769
2026-03-16 12:30+01:00,5.441091
2026-03-16 12:45+01:00,38.091346
2026-03-16 13:00+01:00,40.360373
2026-03-16 13:15+01:00,46.895986
2026-03-16 13:30+01:00,44.033564
2026-03-16 13:45+01:00,2.693686
2026-03-16 14:00+01:00,44.996453
2026-03-16 14:15+01:00,43.400675
2026-03-16 14:30+01:00,5.499031
2026-03-16 14:45+01:00,5.053174
2026-03-16 15:00+01:00,39.381532
2026-03-16 15:15+01:00,4.078542
2026-03-16 15:30+01:00,2.992756
2026-03-16 15:45+01:00,38.631712
2026-03-16 16:00+01:00,0.000000
2026-03-16 16:15+01:00,4.173914
2026-03-16 16:30+01:00,36.418245
2026-03-16 16:45+01:00,
2026-03-16 17:00+01:00,4.024590
2026-03-16 17:15+01:00,40.057480
2026-03-16 17:30+01:00,5.009954
2026-03-16 17:45+01:00,6.895667
2026-03-16 18:00+01:00,4.662657
2026-03-16 18:15+01:00,41.589006
2026-03-16 18:30+01:00,38.470201
2026-03-16 18:45+01:00,41.846937
2026-03-16 19:00+01:00,78.663221
2026-03-16 19:15+01:00,81.035408
2026-03-16 19:30+01:00,68.864738
2026-03-16 19:45+01:00,
2026-03-16 20:00+01:00,67.290052
2026-03-16 20:15+01:00,65.117938
2026-03-16 20:30+01:00,58.206117
2026-03-16 20:45+01:00,74.244333
2026-03-16 21:00+01:00,70.605378
2026-03-16 21:15+01:00,77.304764
2026-03-16 21:30+01:00,66.265514
2026-03-16 21:45+01:00,76.136729
2026-03-16 22:00+01:00,72.058215
2026-03-16 22:15+01:00,
2026-03-16 22:30+01:00,63.085685
2026-03-16 22:45+01:00,65.146050
2026-03-16 23:00+01:00,69.427691
2026-03-16 23:15+01:00,67.438119
2026-03-16 23:30+01:00,68.791557
2026-03-16 23:45+01:00,68.744396
2026-03-17 00:00+01:00,77.422372
2026-03-17 00:15+01:00,69.017341
2026-03-17 00:30+01:00,
2026-03-17 00:45+01:00,82.635500
2026-03-17 01:00+01:00,67.908905
2026-03-17 01:15+01:00,64.055950
2026-03-17 01:30+01:00,54.129846
2026-03-17 01:45+01:00,69.765303
2026-03-17 02:00+01:00,60.654613
2026-03-17 02:15+01:00,65.854521
2026-03-17 02:30+01:00,69.174589
2026-03-17 02:45+01:00,65.835700
2026-03-17 03:00+01:00,73.215513
2026-03-17 03:15+01:00,74.998358
2026-03-17 03:30+01:00,71.519879
2026-03-17 03:45+01:00,78.155867
2026-03-17 04:00+01:00,58.235034
2026-03-17 04:15+01:00,72.849738
2026-03-17 04:30+01:00,61.145175
2026-03-17 04:45+01:00,68.544473
2026-03-17 05:00+01:00,
2026-03-17 05:15+01:00,78.029646
2026-03-17 05:30+01:00,73.109488
2026-03-17 05:45+01:00,65.915547
2026-03-17 06:00+01:00,39.572058
2026-03-17 06:15+01:00,2.169819
2026-03-17 06:30+01:00,39.619116
2026-03-17 06:45+01:00,40.222171
2026-03-17 07:00+01:00,5.280242
2026-03-17 07:15+01:00,42.877679
2026-03-17 07:30+01:00,36.618370
2026-03-17 07:45+01:00,4.276016
2026-03-17 08:00+01:00,39.266184
2026-03-17 08:15+01:00,44.351186
2026-03-17 08:30+01:00,39.378657
2026-03-17 08:45+01:00,3.796159
2026-03-17 09:00+01:00,0.000000
2026-03-17 09:15+01:00,40.601753
2026-03-17 09:30+01:00,37.566910
2026-03-17 09:45+01:00,
2026-03-17 10:00+01:00,5.109534
2026-03-17 10:15+01:00,4.085867
2026-03-17 10:30+01:00,3.333654
2026-03-17 10:45+01:00,4.506795
2026-03-17 11:00+01:00,
2026-03-17 11:15+01:00,38.289130
2026-03-17 11:30+01:00,44.504488
2026-03-17 11:45+01:00,39.340187
2026-03-17 12:00+01:00,4.043734
2026-03-17 12:15+01:00,40.149394
2026-03-17 12:30+01:00,4.276226
2026-03-17 12:45+01:00,4.310716
2026-03-17 13:00+01:00,38.878330
2026-03-17 13:15+01:00,42.941572
2026-03-17 13:30+01:00,3.254586
2026-03-17 13:45+01:00,
2026-03-17 14:00+01:00,5.961243
2026-03-17 14:15+01:00,4.341534
2026-03-17 14:30+01:00,41.478411
2026-03-17 14:45+01:00,48.457405
2026-03-17 15:00+01:00,2.459423
2026-03-17 15:15+01:00,4.840350
2026-03-17 15:30+01:00,4.552108
2026-03-17 15:45+01:00,42.043315
2026-03-17 16:00+01:00,
2026-03-17 16:15+01:00,21.095333
2026-03-17 16:30+01:00,
2026-03-17 16:45+01:00,3.856509
2026-03-17 17:00+01:00,40.626871
2026-03-17 17:15+01:00,4.749832
2026-03-17 17:30+01:00,32.548595
2026-03-17 17:45+01:00,5.875325
2026-03-17 18:00+01:00,4.294622
2026-03-17 18:15+01:00,4.777990
2026-03-17 18:30+01:00,41.998582
2026-03-17 18:45+01:00,42.715523
2026-03-17 19:00+01:00,62.323176
2026-03-17 19:15+01:00,63.876842
2026-03-17 19:30+01:00,70.645360
2026-03-17 19:45+01:00,77.965417
2026-03-17 20:00+01:00,71.172921
2026-03-17 20:15+01:00,83.722874
2026-03-17 20:30+01:00,65.453248
2026-03-17 20:45+01:00,
2026-03-17 21:00+01:00,66.798439
2026-03-17 21:15+01:00,66.667057
2026-03-17 21:30+01:00,69.024980
2026-03-17 21:45+01:00,71.476423
2026-03-17 22:00+01:00,62.318589
2026-03-17 22:15+01:00,68.107499
2026-03-17 22:30+01:00,71.334717
2026-03-17 22:45+01:00,72.902196
2026-03-17 23:00+01:00,76.537622
2026-03-17 23:15+01:00,64.437939
2026-03-17 23:30+01:00,61.724389
2026-03-17 23:45+01:00,65.492911
2026-03-18 00:00+01:00,65.849635
2026-03-18 00:15+01:00,
2026-03-18 00:30+01:00,78.108811
2026-03-18 00:45+01:00,68.108862
2026-03-18 01:00+01:00,70.025674
2026-03-18 01:15+01:00,61.596218
2026-03-18 01:30+01:00,71.350661
2026-03-18 01:45+01:00,75.902474
2026-03-18 02:00+01:00,72.676289
2026-03-18 02:15+01:00,62.461240
2026-03-18 02:30+01:00,77.113807
2026-03-18 02:45+01:00,75.208184
2026-03-18 03:00+01:00,75.663230
2026-03-18 03:15+01:00,70.353895
2026-03-18 03:30+01:00,
2026-03-18 03:45+01:00,68.496754
2026-03-18 04:00+01:00,69.255740
2026-03-18 04:15+01:00,64.965705
2026-03-18 04:30+01:00,60.424547
2026-03-18 04:45+01:00,75.694331
2026-03-18 05:00+01:00,68.344072
2026-03-18 05:15+01:00,77.511436
2026-03-18 05:30+01:00,76.256831
2026-03-18 05:45+01:00,77.594304
2026-03-18 06:00+01:00,38.472217
2026-03-18 06:15+01:00,4.715654
2026-03-18 06:30+01:00,2.854238
2026-03-18 06:45+01:00,4.617163
2026-03-18 07:00+01:00,43.662422
2026-03-18 07:15+01:00,42.432904
2026-03-18 07:30+01:00,4.354594
2026-03-18 07:45+01:00,2.892200
2026-03-18 08:00+01:00,43.393887
2026-03-18 08:15+01:00,4.818781
2026-03-18 08:30+01:00,5.845837
2026-03-18 08:45+01:00,4.865041
2026-03-18 09:00+01:00,36.894919
2026-03-18 09:15+01:00,33.733410
2026-03-18 09:30+01:00,1.848714
2026-03-18 09:45+01:00,42.136779
2026-03-18 10:00+01:00,34.190212
2026-03-18 10:15+01:00,42.239973
2026-03-18 10:30+01:00,44.696323
2026-03-18 10:45+01:00,3.196142
2026-03-18 11:00+01:00,0.000000
2026-03-18 11:15+01:00,39.259873
2026-03-18 11:30+01:00,41.114712
2026-03-18 11:45+01:00,3.856969
2026-03-18 12:00+01:00,
2026-03-18 12:15+01:00,4.494212
2026-03-18 12:30+01:00,37.737175
2026-03-18 12:45+01:00,5.219484
2026-03-18 13:00+01:00,38.240308
2026-03-18 13:15+01:00,3.371781
2026-03-18 13:30+01:00,5.857445
2026-03-18 13:45+01:00,42.232395
2026-03-18 14:00+01:00,3.922976
2026-03-18 14:15+01:00,47.247759
2026-03-18 14:30+01:00,46.602035
2026-03-18 14:45+01:00,0.000000
2026-03-18 15:00+01:00,4.090323
2026-03-18 15:15+01:00,38.796603
2026-03-18 15:30+01:00,3.913804
2026-03-18 15:45+01:00,0.000000
2026-03-18 16:00+01:00,5.782488
2026-03-18 16:15+01:00,0.000000
2026-03-18 16:30+01:00,4.325968
2026-03-18 16:45+01:00,40.992842
2026-03-18 17:00+01:00,42.015292
2026-03-18 17:15+01:00,30.786616
2026-03-18 17:30+01:00,44.713350
2026-03-18 17:45+01:00,4.162021
2026-03-18 18:00+01:00,4.632771
2026-03-18 18:15+01:00,42.322800
2026-03-18 18:30+01:00,34.891504
2026-03-18 18:45+01:00,3.784916
2026-03-18 19:00+01:00,
2026-03-18 19:15+01:00,59.565730
2026-03-18 19:30+01:00,69.441285
2026-03-18 19:45+01:00,70.568618
2026-03-18 20:00+01:00,
2026-03-18 20:15+01:00,578.560722
2026-03-18 20:30+01:00,54.331258
2026-03-18 20:45+01:00,67.965178
2026-03-18 21:00+01:00,70.594906
2026-03-18 21:15+01:00,71.753784
2026-03-18 21:30+01:00,85.191502
2026-03-18 21:45+01:00,68.457147
2026-03-18 22:00+01:00,71.716865
2026-03-18 22:15+01:00,65.308259
2026-03-18 22:30+01:00,80.258941
2026-03-18 22:45+01:00,69.261157
2026-03-18 23:00+01:00,66.388087
2026-03-18 23:15+01:00,63.251747
2026-03-18 23:30+01:00,68.289317
2026-03-18 23:45+01:00,70.489588
2026-03-19 00:00+01:00,80.028569
2026-03-19 00:15+01:00,69.326025
2026-03-19 00:30+01:00,73.564101
2026-03-19 00:45+01:00,73.957966
2026-03-19 01:00+01:00,68.391208
2026-03-19 01:15+01:00,61.684651
2026-03-19 01:30+01:00,70.827630
2026-03-19 01:45+01:00,64.575953
2026-03-19 02:00+01:00,63.207330
2026-03-19 02:15+01:00,76.974816
2026-03-19 02:30+01:00,62.496712
2026-03-19 02:45+01:00,68.320797
2026-03-19 03:00+01:00,70.395866
2026-03-19 03:15+01:00,70.517378
2026-03-19 03:30+01:00,65.934483
2026-03-19 03:45+01:00,72.023984
2026-03-19 04:00+01:00,63.108177
2026-03-19 04:15+01:00,
2026-03-19 04:30+01:00,71.486194
2026-03-19 04:45+01:00,75.451029
2026-03-19 05:00+01:00,76.251168
2026-03-19 05:15+01:00,76.167092
2026-03-19 05:30+01:00,71.437132
2026-03-19 05:45+01:00,55.507364
2026-03-19 06:00+01:00,42.502523
2026-03-19 06:15+01:00,3.258043
2026-03-19 06:30+01:00,41.885852
2026-03-19 06:45+01:00,4.749153
2026-03-19 07:00+01:00,39.975430
2026-03-19 07:15+01:00,35.390600
2026-03-19 07:30+01:00,3.196600
2026-03-19 07:45+01:00,2.617278
2026-03-19 08:00+01:00,3.986715
2026-03-19 08:15+01:00,
2026-03-19 08:30+01:00,6.764175
2026-03-19 08:45+01:00,2.415704
2026-03-19 09:00+01:00,5.211872
2026-03-19 09:15+01:00,6.040971
2026-03-19 09:30+01:00,38.187021
2026-03-19 09:45+01:00,43.555775
2026-03-19 10:00+01:00,4.629490
2026-03-19 10:15+01:00,42.402005
2026-03-19 10:30+01:00,5.653757
2026-03-19 10:45+01:00,40.565984
2026-03-19 11:00+01:00,0.000000
2026-03-19 11:15+01:00,3.158946
2026-03-19 11:30+01:00,42.205559
2026-03-19 11:45+01:00,37.484828
2026-03-19 12:00+01:00,3.058350
2026-03-19 12:15+01:00,5.433410
2026-03-19 12:30+01:00,3.927262
2026-03-19 12:45+01:00,
2026-03-19 13:00+01:00,3.773481
2026-03-19 13:15+01:00,2.950361
2026-03-19 13:30+01:00,44.044928
2026-03-19 13:45+01:00,
2026-03-19 14:00+01:00,37.505883
2026-03-19 14:15+01:00,4.199904
2026-03-19 14:30+01:00,4.403156
2026-03-19 14:45+01:00,40.308018
2026-03-19 15:00+01:00,40.952198
2026-03-19 15:15+01:00,4.067882
2026-03-19 15:30+01:00,31.736995
2026-03-19 15:45+01:00,35.737471
2026-03-19 16:00+01:00,3.510526
2026-03-19 16:15+01:00,4.536322
2026-03-19 16:30+01:00,44.357180
2026-03-19 16:45+01:00,4.636859
2026-03-19 17:00+01:00,38.603948
2026-03-19 17:15+01:00,42.377908
2026-03-19 17:30+01:00,5.168045
2026-03-19 17:45+01:00,43.441036
2026-03-19 18:00+01:00,3.573997
2026-03-19 18:15+01:00,3.937406
2026-03-19 18:30+01:00,5.891336
2026-03-19 18:45+01:00,3.743771
2026-03-19 19:00+01:00,73.709226
2026-03-19 19:15+01:00,66.996083
2026-03-19 19:30+01:00,63.517324
2026-03-19 19:45+01:00,73.589408
2026-03-19 20:00+01:00,73.208624
2026-03-19 20:15+01:00,59.162532
2026-03-19 20:30+01:00,69.243201
2026-03-19 20:45+01:00,59.145066
2026-03-19 21:00+01:00,79.261186
2026-03-19 21:15+01:00,64.181227
2026-03-19 21:30+01:00,63.304735
2026-03-19 21:45+01:00,57.245827
2026-03-19 22:00+01:00,67.820606
2026-03-19 22:15+01:00,72.319894
2026-03-19 22:30+01:00,68.403008
2026-03-19 22:45+01:00,77.853594
2026-03-19 23:00+01:00,77.393983
2026-03-19 23:15+01:00,67.375041
2026-03-19 23:30+01:00,65.428460
2026-03-19 23:45+01:00,66.970093
2026-03-20 00:00+01:00,83.296305
2026-03-20 00:15+01:00,
2026-03-20 00:30+01:00,
2026-03-20 00:45+01:00,64.741728
2026-03-20 01:00+01:00,64.601838
2026-03-20 01:15+01:00,65.722309
2026-03-20 01:30+01:00,66.213929
2026-03-20 01:45+01:00,74.647668
2026-03-20 02:00+01:00,63.054334
2026-03-20 02:15+01:00,73.453578
2026-03-20 02:30+01:00,69.177442
2026-03-20 02:45+01:00,70.519656
2026-03-20 03:00+01:00,84.514984
2026-03-20 03:15+01:00,63.189097
2026-03-20 03:30+01:00,63.674161
2026-03-20 03:45+01:00,73.069801
2026-03-20 04:00+01:00,64.869374
2026-03-20 04:15+01:00,64.422573
2026-03-20 04:30+01:00,71.436035
2026-03-20 04:45+01:00,80.027889
2026-03-20 05:00+01:00,76.407648
2026-03-20 05:15+01:00,
2026-03-20 05:30+01:00,
2026-03-20 05:45+01:00,68.248950
2026-03-20 06:00+01:00,4.022528
2026-03-20 06:15+01:00,5.125620
2026-03-20 06:30+01:00,3.947039
2026-03-20 06:45+01:00,2.370194
2026-03-20 07:00+01:00,36.987728
2026-03-20 07:15+01:00,0.000000
2026-03-20 07:30+01:00,36.210597
2026-03-20 07:45+01:00,5.670675
2026-03-20 08:00+01:00,4.178779
2026-03-20 08:15+01:00,3.246863
2026-03-20 08:30+01:00,2.225421
2026-03-20 08:45+01:00,3.975438
2026-03-20 09:00+01:00,39.052713
2026-03-20 09:15+01:00,41.866803
2026-03-20 09:30+01:00,42.902367
2026-03-20 09:45+01:00,3.250932
2026-03-20 10:00+01:00,49.280557
2026-03-20 10:15+01:00,3.813404
2026-03-20 10:30+01:00,0.000000
2026-03-20 10:45+01:00,
2026-03-20 11:00+01:00,5.837749
2026-03-20 11:15+01:00,36.987476
2026-03-20 11:30+01:00,
2026-03-20 11:45+01:00,41.655257
2026-03-20 12:00+01:00,40.222347
2026-03-20 12:15+01:00,4.150308
2026-03-20 12:30+01:00,
2026-03-20 12:45+01:00,3.902767
2026-03-20 13:00+01:00,4.192999
2026-03-20 13:15+01:00,0.000000
2026-03-20 13:30+01:00,35.249295
2026-03-20 13:45+01:00,
2026-03-20 14:00+01:00,4.155110
2026-03-20 14:15+01:00,5.441688
2026-03-20 14:30+01:00,42.126319
2026-03-20 14:45+01:00,5.018096
2026-03-20 15:00+01:00,3.945442
2026-03-20 15:15+01:00,3.942995
2026-03-20 15:30+01:00,40.797639
2026-03-20 15:45+01:00,
2026-03-20 16:00+01:00,4.942165
2026-03-20 16:15+01:00,40.330731
2026-03-20 16:30+01:00,0.000000
2026-03-20 16:45+01:00,41.714210
2026-03-20 17:00+01:00,4.904094
2026-03-20 17:15+01:00,5.286014
2026-03-20 17:30+01:00,39.106553
2026-03-20 17:45+01:00,42.648806
2026-03-20 18:00+01:00,35.068254
2026-03-20 18:15+01:00,4.571411
2026-03-20 18:30+01:00,41.491970
2026-03-20 18:45+01:00,3.093405
2026-03-20 19:00+01:00,63.892970
2026-03-20 19:15+01:00,67.580555
2026-03-20 19:30+01:00,70.044469
2026-03-20 19:45+01:00,65.762731
2026-03-20 20:00+01:00,65.499265
2026-03-20 20:15+01:00,68.830529
2026-03-20 20:30+01:00,67.369074
2026-03-20 20:45+01:00,76.404480
2026-03-20 21:00+01:00,67.843804
2026-03-20 21:15+01:00,74.106146
2026-03-20 21:30+01:00,67.793799
2026-03-20 21:45+01:00,74.529334
2026-03-20 22:00+01:00,72.084038
2026-03-20 22:15+01:00,59.359738
2026-03-20 22:30+01:00,74.254258
2026-03-20 22:45+01:00,66.731870
2026-03-20 23:00+01:00,69.029914
2026-03-20 23:15+01:00,79.622122
2026-03-20 23:30+01:00,65.969388
2026-03-20 23:45+01:00,69.149643
2026-03-21 00:00+01:00,76.384457
2026-03-21 00:15+01:00,65.747619
2026-03-21 00:30+01:00,65.515092
2026-03-21 00:45+01:00,75.374090
2026-03-21 01:00+01:00,81.862837
2026-03-21 01:15+01:00,68.462491
2026-03-21 01:30+01:00,72.096626
2026-03-21 01:45+01:00,65.736880
2026-03-21 02:00+01:00,64.977958
2026-03-21 02:15+01:00,67.885491
2026-03-21 02:30+01:00,73.580880
2026-03-21 02:45+01:00,68.477539
2026-03-21 03:00+01:00,70.523933
2026-03-21 03:15+01:00,70.886308
2026-03-21 03:30+01:00,75.627960
2026-03-21 03:45+01:00,63.209112
2026-03-21 04:00+01:00,76.428041
2026-03-21 04:15+01:00,67.887649
2026-03-21 04:30+01:00,
2026-03-21 04:45+01:00,61.881494
2026-03-21 05:00+01:00,57.723962
2026-03-21 05:15+01:00,66.254799
2026-03-21 05:30+01:00,61.634674
2026-03-21 05:45+01:00,
2026-03-21 06:00+01:00,4.329822
2026-03-21 06:15+01:00,4.649760
2026-03-21 06:30+01:00,0.000000
2026-03-21 06:45+01:00,2.589765
2026-03-21 07:00+01:00,0.000000
2026-03-21 07:15+01:00,4.744244
2026-03-21 07:30+01:00,3.506851
2026-03-21 07:45+01:00,0.000000
2026-03-21 08:00+01:00,0.000000
2026-03-21 08:15+01:00,2.472365
2026-03-21 08:30+01:00,6.004150
2026-03-21 08:45+01:00,3.980094
2026-03-21 09:00+01:00,4.861618
2026-03-21 09:15+01:00,4.043309
2026-03-21 09:30+01:00,2.944069
2026-03-21 09:45+01:00,5.265411
2026-03-21 10:00+01:00,4.769868
2026-03-21 10:15+01:00,2.656710
2026-03-21 10:30+01:00,3.718013
2026-03-21 10:45+01:00,6.289445
2026-03-21 11:00+01:00,
2026-03-21 11:15+01:00,3.928651
2026-03-21 11:30+01:00,
2026-03-21 11:45+01:00,0.000000
2026-03-21 12:00+01:00,4.361739
2026-03-21 12:15+01:00,6.025781
2026-03-21 12:30+01:00,5.346316
2026-03-21 12:45+01:00,
2026-03-21 13:00+01:00,5.899881
2026-03-21 13:15+01:00,0.000000
2026-03-21 13:30+01:00,
2026-03-21 13:45+01:00,3.258862
2026-03-21 14:00+01:00,5.000546
2026-03-21 14:15+01:00,5.082110
2026-03-21 14:30+01:00,
2026-03-21 14:45+01:00,4.426324
2026-03-21 15:00+01:00,3.004187
2026-03-21 15:15+01:00,
2026-03-21 15:30+01:00,3.314278
2026-03-21 15:45+01:00,6.088338
2026-03-21 16:00+01:00,3.103937
2026-03-21 16:15+01:00,3.664113
2026-03-21 16:30+01:00,4.432012
2026-03-21 16:45+01:00,3.755509
2026-03-21 17:00+01:00,5.888839
2026-03-21 17:15+01:00,4.994951
2026-03-21 17:30+01:00,4.083517
2026-03-21 17:45+01:00,3.800534
2026-03-21 18:00+01:00,2.114508
2026-03-21 18:15+01:00,3.252941
2026-03-21 18:30+01:00,4.262319
2026-03-21 18:45+01:00,2.093465
2026-03-21 19:00+01:00,73.060276
2026-03-21 19:15+01:00,62.132912
2026-03-21 19:30+01:00,75.591041
2026-03-21 19:45+01:00,62.017388
2026-03-21 20:00+01:00,70.908245
2026-03-21 20:15+01:00,70.687220
2026-03-21 20:30+01:00,72.764143
2026-03-21 20:45+01:00,66.127433
2026-03-21 21:00+01:00,
2026-03-21 21:15+01:00,59.097608
2026-03-21 21:30+01:00,77.495106
2026-03-21 21:45+01:00,58.241494
2026-03-21 22:00+01:00,71.705138
2026-03-21 22:15+01:00,78.437140
2026-03-21 22:30+01:00,69.457216
2026-03-21 22:45+01:00,67.579659
2026-03-21 23:00+01:00,64.821572
2026-03-21 23:15+01:00,69.275506
2026-03-21 23:30+01:00,64.109911
2026-03-21 23:45+01:00,72.879640
2026-03-22 00:00+01:00,80.094357
2026-03-22 00:15+01:00,81.886759
2026-03-22 00:30+01:00,67.452498
2026-03-22 00:45+01:00,65.840202
2026-03-22 01:00+01:00,80.696420
2026-03-22 01:15+01:00,70.301283
2026-03-22 01:30+01:00,69.511963
2026-03-22 01:45+01:00,75.241489
2026-03-22 02:00+01:00,66.855726
2026-03-22 02:15+01:00,70.585189
2026-03-22 02:30+01:00,71.938155
2026-03-22 02:45+01:00,70.679323
2026-03-22 03:00+01:00,64.780858
2026-03-22 03:15+01:00,69.512236
2026-03-22 03:30+01:00,61.424017
2026-03-22 03:45+01:00,74.846034
2026-03-22 04:00+01:00,79.445003
2026-03-22 04:15+01:00,69.547420
2026-03-22 04:30+01:00,67.045914
2026-03-22 04:45+01:00,74.651579
2026-03-22 05:00+01:00,85.681780
2026-03-22 05:15+01:00,68.506177
2026-03-22 05:30+01:00,68.540158
2026-03-22 05:45+01:00,63.438770
2026-03-22 06:00+01:00,3.795146
2026-03-22 06:15+01:00,4.985186
2026-03-22 06:30+01:00,4.109893
2026-03-22 06:45+01:00,21.481822
2026-03-22 07:00+01:00,14.230212
2026-03-22 07:15+01:00,3.379566
2026-03-22 07:30+01:00,3.113496
2026-03-22 07:45+01:00,4.814146
2026-03-22 08:00+01:00,5.784400
2026-03-22 08:15+01:00,4.340968
2026-03-22 08:30+01:00,3.754228
2026-03-22 08:45+01:00,2.524500
2026-03-22 09:00+01:00,5.302339
2026-03-22 09:15+01:00,3.335082
2026-03-22 09:30+01:00,3.672109
2026-03-22 09:45+01:00,2.371115
2026-03-22 10:00+01:00,5.347495
2026-03-22 10:15+01:00,5.096267
2026-03-22 10:30+01:00,4.586159
2026-03-22 10:45+01:00,2.774506
2026-03-22 11:00+01:00,5.952712
2026-03-22 11:15+01:00,3.921625
2026-03-22 11:30+01:00,3.135896
2026-03-22 11:45+01:00,7.159555
2026-03-22 12:00+01:00,5.391924
2026-03-22 12:15+01:00,4.926066
2026-03-22 12:30+01:00,2.697573
2026-03-22 12:45+01:00,4.403879
2026-03-22 13:00+01:00,3.050679
2026-03-22 13:15+01:00,1.742139
2026-03-22 13:30+01:00,3.561352
2026-03-22 13:45+01:00,5.048392
2026-03-22 14:00+01:00,3.326151
2026-03-22 14:15+01:00,3.883400
2026-03-22 14:30+01:00,3.769135
2026-03-22 14:45+01:00,5.423828
2026-03-22 15:00+01:00,
2026-03-22 15:15+01:00,
2026-03-22 15:30+01:00,4.108341
2026-03-22 15:45+01:00,5.600079
2026-03-22 16:00+01:00,4.282048
2026-03-22 16:15+01:00,4.377289
2026-03-22 16:30+01:00,4.248321
2026-03-22 16:45+01:00,3.996905
2026-03-22 17:00+01:00,4.447466
2026-03-22 17:15+01:00,4.396653
2026-03-22 17:30+01:00,6.229983
2026-03-22 17:45+01:00,3.448748
2026-03-22 18:00+01:00,5.912450
2026-03-22 18:15+01:00,0.000000
2026-03-22 18:30+01:00,4.198191
2026-03-22 18:45+01:00,5.240951
2026-03-22 19:00+01:00,69.116060
2026-03-22 19:15+01:00,73.234357
2026-03-22 19:30+01:00,65.650827
2026-03-22 19:45+01:00,61.784133
2026-03-22 20:00+01:00,71.505013
2026-03-22 20:15+01:00,66.565808
2026-03-22 20:30+01:00,72.137679
2026-03-22 20:45+01:00,65.861574
2026-03-22 21:00+01:00,63.064735
2026-03-22 21:15+01:00,73.248810
2026-03-22 21:30+01:00,71.910361
2026-03-22 21:45+01:00,80.669230
2026-03-22 22:00+01:00,80.350722
2026-03-22 22:15+01:00,
2026-03-22 22:30+01:00,73.506664
2026-03-22 22:45+01:00,72.939434
2026-03-22 23:00+01:00,65.850462
2026-03-22 23:15+01:00,73.179754
2026-03-22 23:30+01:00,74.163538
2026-03-22 23:45+01:00,70.443656
2026-03-23 00:00+01:00,90.530660
2026-03-23 00:15+01:00,62.027316
2026-03-23 00:30+01:00,81.749672
2026-03-23 00:45+01:00,68.092579
2026-03-23 01:00+01:00,74.424157
2026-03-23 01:15+01:00,59.804892
2026-03-23 01:30+01:00,63.190840
2026-03-23 01:45+01:00,71.053519
2026-03-23 02:00+01:00,
2026-03-23 02:15+01:00,74.903148
2026-03-23 02:30+01:00,67.306965
2026-03-23 02:45+01:00,69.735629
2026-03-23 03:00+01:00,76.071927
2026-03-23 03:15+01:00,73.923766
2026-03-23 03:30+01:00,60.971285
2026-03-23 03:45+01:00,66.328884
2026-03-23 04:00+01:00,72.023852
2026-03-23 04:15+01:00,77.452790
2026-03-23 04:30+01:00,75.934799
2026-03-23 04:45+01:00,65.948684
2026-03-23 05:00+01:00,76.125064
2026-03-23 05:15+01:00,70.808262
2026-03-23 05:30+01:00,73.384541
2026-03-23 05:45+01:00,79.271755
2026-03-23 06:00+01:00,4.765099
2026-03-23 06:15+01:00,4.259818
2026-03-23 06:30+01:00,4.233540
2026-03-23 06:45+01:00,4.672131
2026-03-23 07:00+01:00,
2026-03-23 07:15+01:00,43.503712
2026-03-23 07:30+01:00,2.647658
2026-03-23 07:45+01:00,0.000000
2026-03-23 08:00+01:00,5.789273
2026-03-23 08:15+01:00,3.334930
2026-03-23 08:30+01:00,4.569496
2026-03-23 08:45+01:00,3.851815
2026-03-23 09:00+01:00,44.261670
2026-03-23 09:15+01:00,39.551467
2026-03-23 09:30+01:00,43.596252
2026-03-23 09:45+01:00,4.123489
2026-03-23 10:00+01:00,39.818478
2026-03-23 10:15+01:00,3.976584
2026-03-23 10:30+01:00,
2026-03-23 10:45+01:00,0.000000
2026-03-23 11:00+01:00,41.321021
2026-03-23 11:15+01:00,0.000000
2026-03-23 11:30+01:00,46.343904
2026-03-23 11:45+01:00,4.614075
2026-03-23 12:00+01:00,4.283060
2026-03-23 12:15+01:00,
2026-03-23 12:30+01:00,5.024228
2026-03-23 12:45+01:00,2.155086
2026-03-23 13:00+01:00,47.557390
2026-03-23 13:15+01:00,4.273303
2026-03-23 13:30+01:00,3.953853
2026-03-23 13:45+01:00,38.728114
2026-03-23 14:00+01:00,3.244128
2026-03-23 14:15+01:00,3.182506
2026-03-23 14:30+01:00,0.000000
2026-03-23 14:45+01:00,7.337226
2026-03-23 15:00+01:00,35.033966
2026-03-23 15:15+01:00,0.000000
2026-03-23 15:30+01:00,42.890532
2026-03-23 15:45+01:00,
2026-03-23 16:00+01:00,4.597570
2026-03-23 16:15+01:00,5.480565
2026-03-23 16:30+01:00,40.230034
2026-03-23 16:45+01:00,41.364596
2026-03-23 17:00+01:00,2.626748
2026-03-23 17:15+01:00,4.293615
2026-03-23 17:30+01:00,40.277493
2026-03-23 17:45+01:00,36.428322
2026-03-23 18:00+01:00,35.956286
2026-03-23 18:15+01:00,4.677056
2026-03-23 18:30+01:00,5.642934
2026-03-23 18:45+01:00,43.056857
2026-03-23 19:00+01:00,69.956081
2026-03-23 19:15+01:00,61.560976
2026-03-23 19:30+01:00,75.926793
2026-03-23 19:45+01:00,64.842457
2026-03-23 20:00+01:00,63.547872
2026-03-23 20:15+01:00,
2026-03-23 20:30+01:00,74.567228
2026-03-23 20:45+01:00,67.439658
2026-03-23 21:00+01:00,70.993319
2026-03-23 21:15+01:00,66.199476
2026-03-23 21:30+01:00,64.261352
2026-03-23 21:45+01:00,72.388393
2026-03-23 22:00+01:00,82.197979
2026-03-23 22:15+01:00,
2026-03-23 22:30+01:00,74.220873
2026-03-23 22:45+01:00,74.723688
2026-03-23 23:00+01:00,62.322571
2026-03-23 23:15+01:00,68.641834
2026-03-23 23:30+01:00,57.378887
2026-03-23 23:45+01:00,81.630453
2026-03-24 00:00+01:00,71.591664
2026-03-24 00:15+01:00,61.684229
2026-03-24 00:30+01:00,71.143255
2026-03-24 00:45+01:00,63.350553
2026-03-24 01:00+01:00,69.576954
2026-03-24 01:15+01:00,64.935278
2026-03-24 01:30+01:00,71.197650
2026-03-24 01:45+01:00,76.707424
2026-03-24 02:00+01:00,68.212838
2026-03-24 02:15+01:00,
2026-03-24 02:30+01:00,64.650093
2026-03-24 02:45+01:00,
2026-03-24 03:00+01:00,75.323213
2026-03-24 03:15+01:00,68.083854
2026-03-24 03:30+01:00,65.481330
2026-03-24 03:45+01:00,65.091749
2026-03-24 04:00+01:00,63.856854
2026-03-24 04:15+01:00,79.186341
2026-03-24 04:30+01:00,61.426079
2026-03-24 04:45+01:00,72.042290
2026-03-24 05:00+01:00,66.275167
2026-03-24 05:15+01:00,61.029439
2026-03-24 05:30+01:00,
2026-03-24 05:45+01:00,57.977578
2026-03-24 06:00+01:00,43.020457
2026-03-24 06:15+01:00,37.127610
2026-03-24 06:30+01:00,5.144536
2026-03-24 06:45+01:00,42.158835
2026-03-24 07:00+01:00,
2026-03-24 07:15+01:00,35.332789
2026-03-24 07:30+01:00,3.877617
2026-03-24 07:45+01:00,2.446964
2026-03-24 08:00+01:00,0.000000
2026-03-24 08:15+01:00,38.995235
2026-03-24 08:30+01:00,45.461282
2026-03-24 08:45+01:00,41.718968
2026-03-24 09:00+01:00,40.755393
2026-03-24 09:15+01:00,41.034043
2026-03-24 09:30+01:00,2.807256
2026-03-24 09:45+01:00,4.326566
2026-03-24 10:00+01:00,3.945453
2026-03-24 10:15+01:00,0.000000
2026-03-24 10:30+01:00,2.859170
2026-03-24 10:45+01:00,39.531645
2026-03-24 11:00+01:00,3.958949
2026-03-24 11:15+01:00,5.066080
2026-03-24 11:30+01:00,37.725478
2026-03-24 11:45+01:00,42.382123
2026-03-24 12:00+01:00,0.000000
2026-03-24 12:15+01:00,
2026-03-24 12:30+01:00,4.871825
2026-03-24 12:45+01:00,2.839619
2026-03-24 13:00+01:00,38.601580
2026-03-24 13:15+01:00,36.381522
2026-03-24 13:30+01:00,35.242860
2026-03-24 13:45+01:00,35.644511
2026-03-24 14:00+01:00,44.170969
2026-03-24 14:15+01:00,3.391187
2026-03-24 14:30+01:00,36.540398
2026-03-24 14:45+01:00,386.871523
2026-03-24 15:00+01:00,40.619745
2026-03-24 15:15+01:00,3.425785
2026-03-24 15:30+01:00,
2026-03-24 15:45+01:00,5.472904
2026-03-24 16:00+01:00,48.930906
2026-03-24 16:15+01:00,0.000000
2026-03-24 16:30+01:00,4.601636
2026-03-24 16:45+01:00,3.202347
2026-03-24 17:00+01:00,4.216650
2026-03-24 17:15+01:00,43.719549
2026-03-24 17:30+01:00,4.581216
2026-03-24 17:45+01:00,42.996296
2026-03-24 18:00+01:00,40.886824
2026-03-24 18:15+01:00,3.611024
2026-03-24 18:30+01:00,42.239843
2026-03-24 18:45+01:00,38.361533
2026-03-24 19:00+01:00,73.473036
2026-03-24 19:15+01:00,
2026-03-24 19:30+01:00,62.007497
2026-03-24 19:45+01:00,86.031361
2026-03-24 20:00+01:00,66.797875
2026-03-24 20:15+01:00,69.511730
2026-03-24 20:30+01:00,69.313956
2026-03-24 20:45+01:00,67.918708
2026-03-24 21:00+01:00,74.487749
2026-03-24 21:15+01:00,73.644492
2026-03-24 21:30+01:00,77.665174
2026-03-24 21:45+01:00,75.654998
2026-03-24 22:00+01:00,75.257746
2026-03-24 22:15+01:00,55.737473
2026-03-24 22:30+01:00,76.646807
2026-03-24 22:45+01:00,61.429716
2026-03-24 23:00+01:00,78.368920
2026-03-24 23:15+01:00,75.938597
2026-03-24 23:30+01:00,61.259466
2026-03-24 23:45+01:00,72.714240
2026-03-25 00:00+01:00,74.095293
2026-03-25 00:15+01:00,
2026-03-25 00:30+01:00,61.839230
2026-03-25 00:45+01:00,77.114902
2026-03-25 01:00+01:00,70.788816
2026-03-25 01:15+01:00,75.656511
2026-03-25 01:30+01:00,65.406421
2026-03-25 01:45+01:00,63.876468
2026-03-25 02:00+01:00,82.348436
2026-03-25 02:15+01:00,74.690694
2026-03-25 02:30+01:00,69.804830
2026-03-25 02:45+01:00,65.343672
2026-03-25 03:00+01:00,77.547421
2026-03-25 03:15+01:00,65.365765
2026-03-25 03:30+01:00,63.327611
2026-03-25 03:45+01:00,74.788035
2026-03-25 04:00+01:00,70.003064
2026-03-25 04:15+01:00,60.800996
2026-03-25 04:30+01:00,64.851001
2026-03-25 04:45+01:00,66.298042
2026-03-25 05:00+01:00,67.294162
2026-03-25 05:15+01:00,68.915776
2026-03-25 05:30+01:00,74.470772
2026-03-25 05:45+01:00,
2026-03-25 06:00+01:00,4.493210
2026-03-25 06:15+01:00,6.823667
2026-03-25 06:30+01:00,6.133873
2026-03-25 06:45+01:00,27.270957
2026-03-25 07:00+01:00,333.402548
2026-03-25 07:15+01:00,4.935706
2026-03-25 07:30+01:00,4.410804
2026-03-25 07:45+01:00,36.706418
2026-03-25 08:00+01:00,38.748185
2026-03-25 08:15+01:00,41.798445
2026-03-25 08:30+01:00,
2026-03-25 08:45+01:00,6.433898
2026-03-25 09:00+01:00,4.743183
2026-03-25 09:15+01:00,36.751322
2026-03-25 09:30+01:00,39.931042
2026-03-25 09:45+01:00,3.475079
2026-03-25 10:00+01:00,6.783142
2026-03-25 10:15+01:00,5.842303
2026-03-25 10:30+01:00,5.139197
2026-03-25 10:45+01:00,5.076183
2026-03-25 11:00+01:00,3.601957
2026-03-25 11:15+01:00,3.221348
2026-03-25 11:30+01:00,40.629501
2026-03-25 11:45+01:00,0.000000
2026-03-25 12:00+01:00,44.631149
2026-03-25 12:15+01:00,37.930506
2026-03-25 12:30+01:00,4.805161
2026-03-25 12:45+01:00,2.778067
2026-03-25 13:00+01:00,43.924319
2026-03-25 13:15+01:00,4.900043
2026-03-25 13:30+01:00,43.741176
2026-03-25 13:45+01:00,5.555804
2026-03-25 14:00+01:00,
2026-03-25 14:15+01:00,4.672224
2026-03-25 14:30+01:00,3.170317
2026-03-25 14:45+01:00,36.547038
2026-03-25 15:00+01:00,3.929505
2026-03-25 15:15+01:00,38.734843
2026-03-25 15:30+01:00,3.777161
2026-03-25 15:45+01:00,3.629604
2026-03-25 16:00+01:00,4.289299
2026-03-25 16:15+01:00,4.104613
2026-03-25 16:30+01:00,4.495751
2026-03-25 16:45+01:00,4.100867
2026-03-25 17:00+01:00,4.712356
2026-03-25 17:15+01:00,4.612288
2026-03-25 17:30+01:00,41.932970
2026-03-25 17:45+01:00,5.110866
2026-03-25 18:00+01:00,3.285335
2026-03-25 18:15+01:00,42.189598
2026-03-25 18:30+01:00,44.326484
2026-03-25 18:45+01:00,39.590656
2026-03-25 19:00+01:00,71.896079
2026-03-25 19:15+01:00,
2026-03-25 19:30+01:00,74.006244
2026-03-25 19:45+01:00,58.771041
2026-03-25 20:00+01:00,74.727571
2026-03-25 20:15+01:00,67.512037
2026-03-25 20:30+01:00,71.291714
2026-03-25 20:45+01:00,65.808120
2026-03-25 21:00+01:00,64.674131
2026-03-25 21:15+01:00,75.308393
2026-03-25 21:30+01:00,70.258600
2026-03-25 21:45+01:00,61.677650
2026-03-25 22:00+01:00,74.626982
2026-03-25 22:15+01:00,71.408839
2026-03-25 22:30+01:00,62.601292
2026-03-25 22:45+01:00,68.587780
2026-03-25 23:00+01:00,64.313678
2026-03-25 23:15+01:00,493.409226
2026-03-25 23:30+01:00,60.069589
2026-03-25 23:45+01:00,70.875972
2026-03-26 00:00+01:00,71.475436
2026-03-26 00:15+01:00,77.102539
2026-03-26 00:30+01:00,71.643057
2026-03-26 00:45+01:00,71.438223
2026-03-26 01:00+01:00,77.684556
2026-03-26 01:15+01:00,67.796842
2026-03-26 01:30+01:00,68.011569
2026-03-26 01:45+01:00,75.424349
2026-03-26 02:00+01:00,72.952086
2026-03-26 02:15+01:00,80.392238
2026-03-26 02:30+01:00,63.241816
2026-03-26 02:45+01:00,
2026-03-26 03:00+01:00,58.617042
2026-03-26 03:15+01:00,73.124266
2026-03-26 03:30+01:00,70.029824
2026-03-26 03:45+01:00,67.950237
2026-03-26 04:00+01:00,76.482151
2026-03-26 04:15+01:00,69.052223
2026-03-26 04:30+01:00,66.258345
2026-03-26 04:45+01:00,70.115995
2026-03-26 05:00+01:00,68.663418
2026-03-26 05:15+01:00,62.992530
2026-03-26 05:30+01:00,77.235959
2026-03-26 05:45+01:00,
2026-03-26 06:00+01:00,3.031152
2026-03-26 06:15+01:00,38.250343
2026-03-26 06:30+01:00,3.366256
2026-03-26 06:45+01:00,
2026-03-26 07:00+01:00,5.731012
2026-03-26 07:15+01:00,2.786336
2026-03-26 07:30+01:00,4.808476
2026-03-26 07:45+01:00,40.306443
2026-03-26 08:00+01:00,47.845622
2026-03-26 08:15+01:00,5.189653
2026-03-26 08:30+01:00,5.447394
2026-03-26 08:45+01:00,0.000000
2026-03-26 09:00+01:00,45.472933
2026-03-26 09:15+01:00,3.312231
2026-03-26 09:30+01:00,3.749556
2026-03-26 09:45+01:00,42.657836
2026-03-26 10:00+01:00,5.100099
2026-03-26 10:15+01:00,0.000000
2026-03-26 10:30+01:00,3.855013
2026-03-26 10:45+01:00,44.632224
2026-03-26 11:00+01:00,2.278958
2026-03-26 11:15+01:00,4.866381
2026-03-26 11:30+01:00,3.525694
2026-03-26 11:45+01:00,49.347364
2026-03-26 12:00+01:00,41.567165
2026-03-26 12:15+01:00,3.375201
2026-03-26 12:30+01:00,
2026-03-26 12:45+01:00,38.502963
2026-03-26 13:00+01:00,4.057539
2026-03-26 13:15+01:00,5.674717
2026-03-26 13:30+01:00,36.868420
2026-03-26 13:45+01:00,36.503188
2026-03-26 14:00+01:00,
2026-03-26 14:15+01:00,39.523804
2026-03-26 14:30+01:00,5.249283
2026-03-26 14:45+01:00,3.275358
2026-03-26 15:00+01:00,5.288509
2026-03-26 15:15+01:00,2.881537
2026-03-26 15:30+01:00,3.458070
2026-03-26 15:45+01:00,0.000000
2026-03-26 16:00+01:00,3.020115
2026-03-26 16:15+01:00,45.580647
2026-03-26 16:30+01:00,40.658067
2026-03-26 16:45+01:00,40.362457
2026-03-26 17:00+01:00,4.348165
2026-03-26 17:15+01:00,3.656061
2026-03-26 17:30+01:00,0.000000
2026-03-26 17:45+01:00,38.979200
2026-03-26 18:00+01:00,5.962912
2026-03-26 18:15+01:00,3.617348
2026-03-26 18:30+01:00,35.841686
2026-03-26 18:45+01:00,3.741205
2026-03-26 19:00+01:00,74.556562
2026-03-26 19:15+01:00,64.808523
2026-03-26 19:30+01:00,56.245365
2026-03-26 19:45+01:00,
2026-03-26 20:00+01:00,68.422546
2026-03-26 20:15+01:00,77.130902
2026-03-26 20:30+01:00,
2026-03-26 20:45+01:00,70.941630
2026-03-26 21:00+01:00,65.822186
2026-03-26 21:15+01:00,
2026-03-26 21:30+01:00,66.348222
2026-03-26 21:45+01:00,65.976500
2026-03-26 22:00+01:00,75.239709
2026-03-26 22:15+01:00,68.942670
2026-03-26 22:30+01:00,73.754325
2026-03-26 22:45+01:00,73.492947
2026-03-26 23:00+01:00,
2026-03-26 23:15+01:00,70.240757
2026-03-26 23:30+01:00,73.477177
2026-03-26 23:45+01:00,
2026-03-27 00:00+01:00,65.180413
2026-03-27 00:15+01:00,63.885723
2026-03-27 00:30+01:00,71.004323
2026-03-27 00:45+01:00,69.688329
2026-03-27 01:00+01:00,62.985041
2026-03-27 01:15+01:00,77.719260
2026-03-27 01:30+01:00,74.873038
2026-03-27 01:45+01:00,71.630795
2026-03-27 02:00+01:00,62.364698
2026-03-27 02:15+01:00,58.104492
2026-03-27 02:30+01:00,66.051004
2026-03-27 02:45+01:00,82.073217
2026-03-27 03:00+01:00,
2026-03-27 03:15+01:00,68.789159
2026-03-27 03:30+01:00,70.019417
2026-03-27 03:45+01:00,73.896048
2026-03-27 04:00+01:00,62.363445
2026-03-27 04:15+01:00,67.859550
2026-03-27 04:30+01:00,80.590232
2026-03-27 04:45+01:00,69.492189
2026-03-27 05:00+01:00,77.959608
2026-03-27 05:15+01:00,
2026-03-27 05:30+01:00,72.669542
2026-03-27 05:45+01:00,73.228087
2026-03-27 06:00+01:00,3.882055
2026-03-27 06:15+01:00,5.548169
2026-03-27 06:30+01:00,38.889256
2026-03-27 06:45+01:00,43.833634
2026-03-27 07:00+01:00,42.269226
2026-03-27 07:15+01:00,41.973172
2026-03-27 07:30+01:00,41.071070
2026-03-27 07:45+01:00,3.112957
2026-03-27 08:00+01:00,3.489101
2026-03-27 08:15+01:00,2.771368
2026-03-27 08:30+01:00,45.052990
2026-03-27 08:45+01:00,5.372736
2026-03-27 09:00+01:00,43.088151
2026-03-27 09:15+01:00,40.857633
2026-03-27 09:30+01:00,5.621996
2026-03-27 09:45+01:00,
2026-03-27 10:00+01:00,36.782111
2026-03-27 10:15+01:00,3.475982
2026-03-27 10:30+01:00,
2026-03-27 10:45+01:00,43.373552
2026-03-27 11:00+01:00,35.414132
2026-03-27 11:15+01:00,4.198450
2026-03-27 11:30+01:00,4.642559
2026-03-27 11:45+01:00,42.502839
2026-03-27 12:00+01:00,2.492636
2026-03-27 12:15+01:00,42.068388
2026-03-27 12:30+01:00,4.269225
2026-03-27 12:45+01:00,4.109359
2026-03-27 13:00+01:00,38.813358
2026-03-27 13:15+01:00,45.349666
2026-03-27 13:30+01:00,2.285629
2026-03-27 13:45+01:00,5.213161
2026-03-27 14:00+01:00,4.811886
2026-03-27 14:15+01:00,3.548571
2026-03-27 14:30+01:00,3.283863
2026-03-27 14:45+01:00,4.185410
2026-03-27 15:00+01:00,41.836266
2026-03-27 15:15+01:00,5.780669
2026-03-27 15:30+01:00,41.226911
2026-03-27 15:45+01:00,6.239494
2026-03-27 16:00+01:00,41.599084
2026-03-27 16:15+01:00,4.201369
2026-03-27 16:30+01:00,5.100698
2026-03-27 16:45+01:00,41.563351
2026-03-27 17:00+01:00,4.836458
2026-03-27 17:15+01:00,2.797349
2026-03-27 17:30+01:00,5.056974
2026-03-27 17:45+01:00,2.914398
2026-03-27 18:00+01:00,5.239158
2026-03-27 18:15+01:00,2.695334
2026-03-27 18:30+01:00,44.658359
2026-03-27 18:45+01:00,41.583469
2026-03-27 19:00+01:00,72.176829
2026-03-27 19:15+01:00,72.793080
2026-03-27 19:30+01:00,69.935164
2026-03-27 19:45+01:00,70.101410
2026-03-27 20:00+01:00,65.673971
2026-03-27 20:15+01:00,71.305884
2026-03-27 20:30+01:00,73.903821
2026-03-27 20:45+01:00,69.724113
2026-03-27 21:00+01:00,
2026-03-27 21:15+01:00,62.707835
2026-03-27 21:30+01:00,62.551029
2026-03-27 21:45+01:00,66.057764
2026-03-27 22:00+01:00,60.387103
2026-03-27 22:15+01:00,64.095894
2026-03-27 22:30+01:00,67.479315
2026-03-27 22:45+01:00,70.092601
2026-03-27 23:00+01:00,66.007369
2026-03-27 23:15+01:00,62.291746
2026-03-27 23:30+01:00,63.268896
2026-03-27 23:45+01:00,68.877600
2026-03-28 00:00+01:00,61.120043
2026-03-28 00:15+01:00,65.767222
2026-03-28 00:30+01:00,60.543578
2026-03-28 00:45+01:00,59.675079
2026-03-28 01:00+01:00,68.675274
2026-03-28 01:15+01:00,54.067385
2026-03-28 01:30+01:00,78.294827
2026-03-28 01:45+01:00,71.870299
2026-03-28 02:00+01:00,64.224847
2026-03-28 02:15+01:00,65.699336
2026-03-28 02:30+01:00,67.661263
2026-03-28 02:45+01:00,54.090389
2026-03-28 03:00+01:00,65.630736
2026-03-28 03:15+01:00,64.146805
2026-03-28 03:30+01:00,77.656754
2026-03-28 03:45+01:00,73.776498
2026-03-28 04:00+01:00,62.978528
2026-03-28 04:15+01:00,66.509228
2026-03-28 04:30+01:00,
2026-03-28 04:45+01:00,72.388635
2026-03-28 05:00+01:00,73.288622
2026-03-28 05:15+01:00,67.279731
2026-03-28 05:30+01:00,78.151555
2026-03-28 05:45+01:00,73.176462
2026-03-28 06:00+01:00,3.118306
2026-03-28 06:15+01:00,2.119645
2026-03-28 06:30+01:00,5.301359
2026-03-28 06:45+01:00,4.200420
2026-03-28 07:00+01:00,
2026-03-28 07:15+01:00,3.502222
2026-03-28 07:30+01:00,4.453477
2026-03-28 07:45+01:00,5.254203
2026-03-28 08:00+01:00,4.250960
2026-03-28 08:15+01:00,4.598257
2026-03-28 08:30+01:00,4.601259
2026-03-28 08:45+01:00,4.181501
2026-03-28 09:00+01:00,0.000000
2026-03-28 09:15+01:00,4.509036
2026-03-28 09:30+01:00,3.501632
2026-03-28 09:45+01:00,4.472329
2026-03-28 10:00+01:00,5.064364
2026-03-28 10:15+01:00,5.613065
2026-03-28 10:30+01:00,5.338171
2026-03-28 10:45+01:00,3.096165
2026-03-28 11:00+01:00,3.809185
2026-03-28 11:15+01:00,0.000000
2026-03-28 11:30+01:00,2.736134
2026-03-28 11:45+01:00,5.792828
2026-03-28 12:00+01:00,4.850175
2026-03-28 12:15+01:00,
2026-03-28 12:30+01:00,5.325029
2026-03-28 12:45+01:00,5.217225
2026-03-28 13:00+01:00,2.280541
2026-03-28 13:15+01:00,1.836757
2026-03-28 13:30+01:00,4.593435
2026-03-28 13:45+01:00,6.438077
2026-03-28 14:00+01:00,4.702627
2026-03-28 14:15+01:00,0.000000
2026-03-28 14:30+01:00,0.000000
2026-03-28 14:45+01:00,3.811320
2026-03-28 15:00+01:00,3.129919
2026-03-28 15:15+01:00,1.583359
2026-03-28 15:30+01:00,
2026-03-28 15:45+01:00,4.132617
2026-03-28 16:00+01:00,5.755398
2026-03-28 16:15+01:00,4.310932
2026-03-28 16:30+01:00,4.190165
2026-03-28 16:45+01:00,5.950153
2026-03-28 17:00+01:00,3.853174
2026-03-28 17:15+01:00,3.336403
2026-03-28 17:30+01:00,4.503210
2026-03-28 17:45+01:00,
2026-03-28 18:00+01:00,0.000000
2026-03-28 18:15+01:00,3.228483
2026-03-28 18:30+01:00,3.367360
2026-03-28 18:45+01:00,4.017161
2026-03-28 19:00+01:00,67.272655
2026-03-28 19:15+01:00,66.919558
2026-03-28 19:30+01:00,71.998713
2026-03-28 19:45+01:00,81.132030
2026-03-28 20:00+01:00,79.999763
2026-03-28 20:15+01:00,70.864761
2026-03-28 20:30+01:00,63.273292
2026-03-28 20:45+01:00,66.395666
2026-03-28 21:00+01:00,76.288015
2026-03-28 21:15+01:00,75.593636
2026-03-28 21:30+01:00,73.910702
2026-03-28 21:45+01:00,70.888582
2026-03-28 22:00+01:00,53.500977
2026-03-28 22:15+01:00,74.132518
2026-03-28 22:30+01:00,
2026-03-28 22:45+01:00,68.429264
2026-03-28 23:00+01:00,64.379330
2026-03-28 23:15+01:00,76.052766
2026-03-28 23:30+01:00,77.938320
2026-03-28 23:45+01:00,73.287679
2026-03-29 00:00+01:00,74.939648
2026-03-29 00:15+01:00,64.039197
2026-03-29 00:30+01:00,69.064340
2026-03-29 00:45+01:00,68.184819
2026-03-29 01:00+01:00,77.022308
2026-03-29 01:15+01:00,60.451961
2026-03-29 01:30+01:00,64.203477
2026-03-29 01:45+01:00,61.159505
2026-03-29 03:00+02:00,75.819475
2026-03-29 03:15+02:00,74.899769
2026-03-29 03:30+02:00,66.939671
2026-03-29 03:45+02:00,
2026-03-29 04:00+02:00,81.611623
2026-03-29 04:15+02:00,64.288845
2026-03-29 04:30+02:00,65.094449
2026-03-29 04:45+02:00,79.854627
2026-03-29 05:00+02:00,62.412710
2026-03-29 05:15+02:00,66.295476
2026-03-29 05:30+02:00,81.473961
2026-03-29 05:45+02:00,71.195451
2026-03-29 06:00+02:00,4.781633
2026-03-29 06:15+02:00,4.272539
2026-03-29 06:30+02:00,2.558772
2026-03-29 06:45+02:00,
2026-03-29 07:00+02:00,
2026-03-29 07:15+02:00,0.000000
2026-03-29 07:30+02:00,3.024376
2026-03-29 07:45+02:00,5.152469
2026-03-29 08:00+02:00,6.544904
2026-03-29 08:15+02:00,
2026-03-29 08:30+02:00,5.054461
2026-03-29 08:45+02:00,0.000000
2026-03-29 09:00+02:00,0.000000
2026-03-29 09:15+02:00,4.702750
2026-03-29 09:30+02:00,5.419065
2026-03-29 09:45+02:00,7.248640
2026-03-29 10:00+02:00,4.730184
2026-03-29 10:15+02:00,4.405825
2026-03-29 10:30+02:00,4.743207
2026-03-29 10:45+02:00,0.000000
2026-03-29 11:00+02:00,6.686235
2026-03-29 11:15+02:00,5.639577
2026-03-29 11:30+02:00,4.217611
2026-03-29 11:45+02:00,3.137703
2026-03-29 12:00+02:00,0.000000
2026-03-29 12:15+02:00,6.022328
2026-03-29 12:30+02:00,4.509426
2026-03-29 12:45+02:00,0.000000
2026-03-29 13:00+02:00,3.978646
2026-03-29 13:15+02:00,5.532174
2026-03-29 13:30+02:00,0.000000
2026-03-29 13:45+02:00,4.876435
2026-03-29 14:00+02:00,3.722999
2026-03-29 14:15+02:00,4.811151
2026-03-29 14:30+02:00,4.570484
2026-03-29 14:45+02:00,3.816002
2026-03-29 15:00+02:00,2.668701
2026-03-29 15:15+02:00,4.104480
2026-03-29 15:30+02:00,3.859164
2026-03-29 15:45+02:00,4.888467
2026-03-29 16:00+02:00,3.906818
2026-03-29 16:15+02:00,
2026-03-29 16:30+02:00,3.960513
2026-03-29 16:45+02:00,3.124924
2026-03-29 17:00+02:00,4.721201
2026-03-29 17:15+02:00,4.947773
2026-03-29 17:30+02:00,4.423058
2026-03-29 17:45+02:00,
2026-03-29 18:00+02:00,5.016748
2026-03-29 18:15+02:00,3.950035
2026-03-29 18:30+02:00,5.736460
2026-03-29 18:45+02:00,1.012407
2026-03-29 19:00+02:00,71.006444
2026-03-29 19:15+02:00,67.886196
2026-03-29 19:30+02:00,76.837491
2026-03-29 19:45+02:00,72.016969
2026-03-29 20:00+02:00,71.992258
2026-03-29 20:15+02:00,65.546694
2026-03-29 20:30+02:00,66.798515
2026-03-29 20:45+02:00,73.112919
2026-03-29 21:00+02:00,69.003935
2026-03-29 21:15+02:00,
2026-03-29 21:30+02:00,70.319624
2026-03-29 21:45+02:00,75.149330
2026-03-29 22:00+02:00,72.904079
2026-03-29 22:15+02:00,77.188966
2026-03-29 22:30+02:00,81.468623
2026-03-29 22:45+02:00,72.420736
2026-03-29 23:00+02:00,70.078917
2026-03-29 23:15+02:00,
2026-03-29 23:30+02:00,68.034343
2026-03-29 23:45+02:00,74.056046
2026-03-30 00:00+02:00,77.453498
2026-03-30 00:15+02:00,74.271718
2026-03-30 00:30+02:00,
2026-03-30 00:45+02:00,65.281106
2026-03-30 01:00+02:00,78.944604
2026-03-30 01:15+02:00,68.845641
2026-03-30 01:30+02:00,79.957329
2026-03-30 01:45+02:00,79.696670
2026-03-30 02:00+02:00,70.380298
2026-03-30 02:15+02:00,76.647079
2026-03-30 02:30+02:00,76.918250
2026-03-30 02:45+02:00,67.588410
2026-03-30 03:00+02:00,71.559816
2026-03-30 03:15+02:00,56.160514
2026-03-30 03:30+02:00,62.334965
2026-03-30 03:45+02:00,78.100190
2026-03-30 04:00+02:00,66.580545
2026-03-30 04:15+02:00,65.232221
2026-03-30 04:30+02:00,69.507490
2026-03-30 04:45+02:00,68.832814
2026-03-30 05:00+02:00,76.872326
2026-03-30 05:15+02:00,
2026-03-30 05:30+02:00,64.881352
2026-03-30 05:45+02:00,71.609194
2026-03-30 06:00+02:00,4.974597
2026-03-30 06:15+02:00,40.483406
2026-03-30 06:30+02:00,42.383459
2026-03-30 06:45+02:00,3.774996
2026-03-30 07:00+02:00,43.897525
2026-03-30 07:15+02:00,40.260915
2026-03-30 07:30+02:00,2.730935
2026-03-30 07:45+02:00,41.856205
2026-03-30 08:00+02:00,5.515469
2026-03-30 08:15+02:00,39.877168
2026-03-30 08:30+02:00,4.699324
2026-03-30 08:45+02:00,44.864595
2026-03-30 09:00+02:00,3.547475
2026-03-30 09:15+02:00,6.547268
2026-03-30 09:30+02:00,3.839205
2026-03-30 09:45+02:00,3.480661
2026-03-30 10:00+02:00,40.008772
2026-03-30 10:15+02:00,0.000000
2026-03-30 10:30+02:00,4.291299
2026-03-30 10:45+02:00,3.802321
2026-03-30 11:00+02:00,38.032126
2026-03-30 11:15+02:00,5.746948
2026-03-30 11:30+02:00,41.426180
2026-03-30 11:45+02:00,4.360213
2026-03-30 12:00+02:00,44.903421
2026-03-30 12:15+02:00,4.191061
2026-03-30 12:30+02:00,2.564546
2026-03-30 12:45+02:00,5.079782
2026-03-30 13:00+02:00,42.987772
2026-03-30 13:15+02:00,49.767295
2026-03-30 13:30+02:00,5.959836
2026-03-30 13:45+02:00,4.167643
2026-03-30 14:00+02:00,4.908796
2026-03-30 14:15+02:00,4.206269
2026-03-30 14:30+02:00,5.057946
2026-03-30 14:45+02:00,41.464433
2026-03-30 15:00+02:00,45.200358
2026-03-30 15:15+02:00,36.419055
2026-03-30 15:30+02:00,43.437058
2026-03-30 15:45+02:00,6.010114
2026-03-30 16:00+02:00,2.290223
2026-03-30 16:15+02:00,37.047615
2026-03-30 16:30+02:00,3.568927
2026-03-30 16:45+02:00,4.793284
2026-03-30 17:00+02:00,1.974501
2026-03-30 17:15+02:00,43.265907
2026-03-30 17:30+02:00,4.513744
2026-03-30 17:45+02:00,43.545415
2026-03-30 18:00+02:00,41.075477
2026-03-30 18:15+02:00,3.583576
2026-03-30 18:30+02:00,0.000000
2026-03-30 18:45+02:00,4.446909
2026-03-30 19:00+02:00,79.605056
2026-03-30 19:15+02:00,72.488727
2026-03-30 19:30+02:00,76.061169
2026-03-30 19:45+02:00,74.619369
2026-03-30 20:00+02:00,67.578604
2026-03-30 20:15+02:00,68.486830
2026-03-30 20:30+02:00,73.537366
2026-03-30 20:45+02:00,74.864871
2026-03-30 21:00+02:00,72.703790
2026-03-30 21:15+02:00,
2026-03-30 21:30+02:00,65.968033
2026-03-30 21:45+02:00,68.963664
2026-03-30 22:00+02:00,73.474512
2026-03-30 22:15+02:00,71.127895
2026-03-30 22:30+02:00,71.029297
2026-03-30 22:45+02:00,69.947561
2026-03-30 23:00+02:00,74.445603
2026-03-30 23:15+02:00,64.762343
2026-03-30 23:30+02:00,
2026-03-30 23:45+02:00,71.613495
2026-03-31 00:00+02:00,
2026-03-31 00:15+02:00,63.273845
2026-03-31 00:30+02:00,56.068049
2026-03-31 00:45+02:00,72.089786
2026-03-31 01:00+02:00,67.357087
2026-03-31 01:15+02:00,68.983969
2026-03-31 01:30+02:00,73.256426
2026-03-31 01:45+02:00,74.247020
2026-03-31 02:00+02:00,63.016115
2026-03-31 02:15+02:00,66.375342
2026-03-31 02:30+02:00,
2026-03-31 02:45+02:00,71.830337
2026-03-31 03:00+02:00,73.661748
2026-03-31 03:15+02:00,70.096592
2026-03-31 03:30+02:00,84.443481
2026-03-31 03:45+02:00,71.152722
2026-03-31 04:00+02:00,59.228533
2026-03-31 04:15+02:00,75.631718
2026-03-31 04:30+02:00,72.261890
2026-03-31 04:45+02:00,65.646353
2026-03-31 05:00+02:00,55.247796
2026-03-31 05:15+02:00,68.789595
2026-03-31 05:30+02:00,67.346154
2026-03-31 05:45+02:00,62.489092
2026-03-31 06:00+02:00,39.979833
2026-03-31 06:15+02:00,30.949570
2026-03-31 06:30+02:00,41.427961
2026-03-31 06:45+02:00,38.432033
2026-03-31 07:00+02:00,5.035207
2026-03-31 07:15+02:00,3.971541
2026-03-31 07:30+02:00,39.394688
2026-03-31 07:45+02:00,42.081592
2026-03-31 08:00+02:00,3.340375
2026-03-31 08:15+02:00,2.942637
2026-03-31 08:30+02:00,35.118690
2026-03-31 08:45+02:00,3.710057
2026-03-31 09:00+02:00,3.150525
2026-03-31 09:15+02:00,
2026-03-31 09:30+02:00,5.248871
2026-03-31 09:45+02:00,4.556793
2026-03-31 10:00+02:00,36.797111
2026-03-31 10:15+02:00,0.000000
2026-03-31 10:30+02:00,4.394513
2026-03-31 10:45+02:00,51.190999
2026-03-31 11:00+02:00,4.661072
2026-03-31 11:15+02:00,5.074506
2026-03-31 11:30+02:00,3.763580
2026-03-31 11:45+02:00,42.130629
2026-03-31 12:00+02:00,3.871873
2026-03-31 12:15+02:00,40.138722
2026-03-31 12:30+02:00,
2026-03-31 12:45+02:00,2.066921
2026-03-31 13:00+02:00,42.100999
2026-03-31 13:15+02:00,41.385051
2026-03-31 13:30+02:00,37.488120
2026-03-31 13:45+02:00,3.810957
2026-03-31 14:00+02:00,6.300330
2026-03-31 14:15+02:00,4.635161
2026-03-31 14:30+02:00,2.701523
2026-03-31 14:45+02:00,44.151660
2026-03-31 15:00+02:00,44.548262
2026-03-31 15:15+02:00,0.000000
2026-03-31 15:30+02:00,5.910996
2026-03-31 15:45+02:00,5.632837
2026-03-31 16:00+02:00,37.486829
2026-03-31 16:15+02:00,3.263026
2026-03-31 16:30+02:00,43.686867
2026-03-31 16:45+02:00,37.900751
2026-03-31 17:00+02:00,41.107543
2026-03-31 17:15+02:00,4.415597
2026-03-31 17:30+02:00,3.166763
2026-03-31 17:45+02:00,
2026-03-31 18:00+02:00,3.133136
2026-03-31 18:15+02:00,3.880927
2026-03-31 18:30+02:00,3.339419
2026-03-31 18:45+02:00,38.594023
2026-03-31 19:00+02:00,
2026-03-31 19:15+02:00,67.149185
2026-03-31 19:30+02:00,73.045437
2026-03-31 19:45+02:00,63.497973
2026-03-31 20:00+02:00,70.260206
2026-03-31 20:15+02:00,
2026-03-31 20:30+02:00,64.540092
2026-03-31 20:45+02:00,67.712060
2026-03-31 21:00+02:00,78.334459
2026-03-31 21:15+02:00,67.590159
2026-03-31 21:30+02:00,62.231209
2026-03-31 21:45+02:00,72.591589
2026-03-31 22:00+02:00,70.110794
2026-03-31 22:15+02:00,73.960954
2026-03-31 22:30+02:00,67.440283
2026-03-31 22:45+02:00,77.272599
2026-03-31 23:00+02:00,69.859772
2026-03-31 23:15+02:00,73.799469
2026-03-31 23:30+02:00,69.240699
2026-03-31 23:45+02:00,68.591911
2026-04-01 00:00+02:00,74.557674
2026-04-01 00:15+02:00,69.812227
2026-04-01 00:30+02:00,70.515608
2026-04-01 00:45+02:00,54.934870
2026-04-01 01:00+02:00,64.461589
2026-04-01 01:15+02:00,68.965922
2026-04-01 01:30+02:00,67.230859
2026-04-01 01:45+02:00,55.446442
2026-04-01 02:00+02:00,66.840115
2026-04-01 02:15+02:00,61.687422
2026-04-01 02:30+02:00,67.673804
2026-04-01 02:45+02:00,69.269228
2026-04-01 03:00+02:00,71.542405
2026-04-01 03:15+02:00,78.574618
2026-04-01 03:30+02:00,75.054996
2026-04-01 03:45+02:00,64.073570
2026-04-01 04:00+02:00,76.731663
2026-04-01 04:15+02:00,74.396173
2026-04-01 04:30+02:00,67.719124
2026-04-01 04:45+02:00,81.120784
2026-04-01 05:00+02:00,67.347880
2026-04-01 05:15+02:00,66.346535
2026-04-01 05:30+02:00,78.340822
2026-04-01 05:45+02:00,70.529301
2026-04-01 06:00+02:00,45.567274
2026-04-01 06:15+02:00,3.309961
2026-04-01 06:30+02:00,38.010931
2026-04-01 06:45+02:00,4.944939
2026-04-01 07:00+02:00,
2026-04-01 07:15+02:00,31.481123
2026-04-01 07:30+02:00,39.176491
2026-04-01 07:45+02:00,42.092050
2026-04-01 08:00+02:00,3.972230
2026-04-01 08:15+02:00,3.827240
2026-04-01 08:30+02:00,4.160532
2026-04-01 08:45+02:00,3.933419
2026-04-01 09:00+02:00,6.387882
2026-04-01 09:15+02:00,1.564543
2026-04-01 09:30+02:00,3.934786
2026-04-01 09:45+02:00,41.927378
2026-04-01 10:00+02:00,32.599261
2026-04-01 10:15+02:00,4.386775
2026-04-01 10:30+02:00,4.386040
2026-04-01 10:45+02:00,39.501968
2026-04-01 11:00+02:00,0.000000
2026-04-01 11:15+02:00,5.296647
2026-04-01 11:30+02:00,39.325757
2026-04-01 11:45+02:00,42.068057
2026-04-01 12:00+02:00,44.262852
2026-04-01 12:15+02:00,42.905853
2026-04-01 12:30+02:00,5.165289
2026-04-01 12:45+02:00,
2026-04-01 13:00+02:00,4.802946
2026-04-01 13:15+02:00,35.717175
2026-04-01 13:30+02:00,3.609895
2026-04-01 13:45+02:00,2.849803
2026-04-01 14:00+02:00,4.295885
2026-04-01 14:15+02:00,3.389610
2026-04-01 14:30+02:00,4.056862
2026-04-01 14:45+02:00,41.724866
2026-04-01 15:00+02:00,4.054316
2026-04-01 15:15+02:00,5.265642
2026-04-01 15:30+02:00,4.040449
2026-04-01 15:45+02:00,43.024649
2026-04-01 16:00+02:00,41.209245
2026-04-01 16:15+02:00,4.551188
2026-04-01 16:30+02:00,40.872565
2026-04-01 16:45+02:00,45.070794
2026-04-01 17:00+02:00,5.902551
2026-04-01 17:15+02:00,4.152679
2026-04-01 17:30+02:00,44.637987
2026-04-01 17:45+02:00,38.828204
2026-04-01 18:00+02:00,5.088428
2026-04-01 18:15+02:00,3.132737
2026-04-01 18:30+02:00,4.358435
2026-04-01 18:45+02:00,6.182503
2026-04-01 19:00+02:00,63.446741
2026-04-01 19:15+02:00,67.800931
2026-04-01 19:30+02:00,79.624767
2026-04-01 19:45+02:00,58.367301
2026-04-01 20:00+02:00,65.116729
2026-04-01 20:15+02:00,61.255452
2026-04-01 20:30+02:00,73.125315
2026-04-01 20:45+02:00,81.916447
2026-04-01 21:00+02:00,77.916058
2026-04-01 21:15+02:00,65.463722
2026-04-01 21:30+02:00,57.275990
2026-04-01 21:45+02:00,69.334342
2026-04-01 22:00+02:00,79.923845
2026-04-01 22:15+02:00,75.569526
2026-04-01 22:30+02:00,75.643147
2026-04-01 22:45+02:00,76.552920
2026-04-01 23:00+02:00,71.648820
2026-04-01 23:15+02:00,68.045662
2026-04-01 23:30+02:00,
2026-04-01 23:45+02:00,80.743472
2026-04-02 00:00+02:00,66.954248
2026-04-02 00:15+02:00,73.025744
2026-04-02 00:30+02:00,63.458630
2026-04-02 00:45+02:00,62.192350
2026-04-02 01:00+02:00,73.078881
2026-04-02 01:15+02:00,74.581161
2026-04-02 01:30+02:00,74.476649
2026-04-02 01:45+02:00,78.187027
2026-04-02 02:00+02:00,62.592813
2026-04-02 02:15+02:00,73.393112
2026-04-02 02:30+02:00,52.088263
2026-04-02 02:45+02:00,63.455603
2026-04-02 03:00+02:00,75.697000
2026-04-02 03:15+02:00,68.196721
2026-04-02 03:30+02:00,68.719168
2026-04-02 03:45+02:00,61.146849
2026-04-02 04:00+02:00,68.528087
2026-04-02 04:15+02:00,73.382307
2026-04-02 04:30+02:00,66.546036
2026-04-02 04:45+02:00,72.407677
2026-04-02 05:00+02:00,73.774837
2026-04-02 05:15+02:00,73.445268
2026-04-02 05:30+02:00,69.283260
2026-04-02 05:45+02:00,65.758411
2026-04-02 06:00+02:00,3.824491
2026-04-02 06:15+02:00,5.091691
2026-04-02 06:30+02:00,3.377316
2026-04-02 06:45+02:00,3.554806
2026-04-02 07:00+02:00,43.493825
2026-04-02 07:15+02:00,2.308975
2026-04-02 07:30+02:00,5.384302
2026-04-02 07:45+02:00,
2026-04-02 08:00+02:00,3.461777
2026-04-02 08:15+02:00,4.597818
2026-04-02 08:30+02:00,2.753017
2026-04-02 08:45+02:00,4.642198
2026-04-02 09:00+02:00,41.304232
2026-04-02 09:15+02:00,
2026-04-02 09:30+02:00,5.361996
2026-04-02 09:45+02:00,3.338025
2026-04-02 10:00+02:00,3.851909
2026-04-02 10:15+02:00,5.257270
2026-04-02 10:30+02:00,3.793976
2026-04-02 10:45+02:00,3.477726
2026-04-02 11:00+02:00,45.107966
2026-04-02 11:15+02:00,45.235655
2026-04-02 11:30+02:00,
2026-04-02 11:45+02:00,40.971436
2026-04-02 12:00+02:00,42.973755
2026-04-02 12:15+02:00,5.105056
2026-04-02 12:30+02:00,0.000000
2026-04-02 12:45+02:00,31.476552
2026-04-02 13:00+02:00,4.370664
2026-04-02 13:15+02:00,35.581614
2026-04-02 13:30+02:00,4.072928
2026-04-02 13:45+02:00,38.547940
2026-04-02 14:00+02:00,4.120234
2026-04-02 14:15+02:00,5.285703
2026-04-02 14:30+02:00,3.578221
2026-04-02 14:45+02:00,4.556119
2026-04-02 15:00+02:00,3.890722
2026-04-02 15:15+02:00,37.361758
2026-04-02 15:30+02:00,36.096818
2026-04-02 15:45+02:00,6.578035
2026-04-02 16:00+02:00,4.419717
2026-04-02 16:15+02:00,44.809229
2026-04-02 16:30+02:00,4.456504
2026-04-02 16:45+02:00,38.033272
2026-04-02 17:00+02:00,36.954211
2026-04-02 17:15+02:00,3.099167
2026-04-02 17:30+02:00,5.191789
2026-04-02 17:45+02:00,42.883025
2026-04-02 18:00+02:00,42.882182
2026-04-02 18:15+02:00,2.927241
2026-04-02 18:30+02:00,
2026-04-02 18:45+02:00,3.028659
2026-04-02 19:00+02:00,69.460029
2026-04-02 19:15+02:00,78.213425
2026-04-02 19:30+02:00,75.441215
2026-04-02 19:45+02:00,66.552405
2026-04-02 20:00+02:00,84.664578
2026-04-02 20:15+02:00,64.330961
2026-04-02 20:30+02:00,74.543355
2026-04-02 20:45+02:00,71.459490
2026-04-02 21:00+02:00,67.684769
2026-04-02 21:15+02:00,78.652640
2026-04-02 21:30+02:00,72.839748
2026-04-02 21:45+02:00,64.118627
2026-04-02 22:00+02:00,63.408798
2026-04-02 22:15+02:00,62.658490
2026-04-02 22:30+02:00,65.974087
2026-04-02 22:45+02:00,
2026-04-02 23:00+02:00,62.151957
2026-04-02 23:15+02:00,68.161066
2026-04-02 23:30+02:00,73.360933
2026-04-02 23:45+02:00,65.359503
2026-04-03 00:00+02:00,65.367404
2026-04-03 00:15+02:00,68.942584
2026-04-03 00:30+02:00,66.944479
2026-04-03 00:45+02:00,
2026-04-03 01:00+02:00,69.836023
2026-04-03 01:15+02:00,
2026-04-03 01:30+02:00,59.872467
2026-04-03 01:45+02:00,65.861233
2026-04-03 02:00+02:00,66.324185
2026-04-03 02:15+02:00,65.646927
2026-04-03 02:30+02:00,75.453280
2026-04-03 02:45+02:00,76.624106
2026-04-03 03:00+02:00,74.967955
2026-04-03 03:15+02:00,72.915840
2026-04-03 03:30+02:00,74.465763
2026-04-03 03:45+02:00,57.454590
2026-04-03 04:00+02:00,57.139413
2026-04-03 04:15+02:00,62.316792
2026-04-03 04:30+02:00,73.634530
2026-04-03 04:45+02:00,69.693904
2026-04-03 05:00+02:00,62.869273
2026-04-03 05:15+02:00,64.922704
2026-04-03 05:30+02:00,56.499656
2026-04-03 05:45+02:00,73.036384
2026-04-03 06:00+02:00,37.144048
2026-04-03 06:15+02:00,1.788930
2026-04-03 06:30+02:00,37.735236
2026-04-03 06:45+02:00,4.048054
2026-04-03 07:00+02:00,41.004911
2026-04-03 07:15+02:00,4.268507
2026-04-03 07:30+02:00,44.725806
2026-04-03 07:45+02:00,2.867994
2026-04-03 08:00+02:00,5.561802
2026-04-03 08:15+02:00,43.497546
2026-04-03 08:30+02:00,4.088234
2026-04-03 08:45+02:00,43.410643
2026-04-03 09:00+02:00,43.104864
2026-04-03 09:15+02:00,4.416155
2026-04-03 09:30+02:00,42.285862
2026-04-03 09:45+02:00,2.708656
2026-04-03 10:00+02:00,3.380586
2026-04-03 10:15+02:00,42.228858
2026-04-03 10:30+02:00,3.471947
2026-04-03 10:45+02:00,2.992441
2026-04-03 11:00+02:00,5.511224
2026-04-03 11:15+02:00,3.228464
2026-04-03 11:30+02:00,37.622961
2026-04-03 11:45+02:00,34.746501
2026-04-03 12:00+02:00,
2026-04-03 12:15+02:00,34.556796
2026-04-03 12:30+02:00,5.358278
2026-04-03 12:45+02:00,3.113188
2026-04-03 13:00+02:00,4.760687
2026-04-03 13:15+02:00,42.148955
2026-04-03 13:30+02:00,4.254961
2026-04-03 13:45+02:00,5.153111
2026-04-03 14:00+02:00,32.818317
2026-04-03 14:15+02:00,3.215100
2026-04-03 14:30+02:00,
2026-04-03 14:45+02:00,5.127079
2026-04-03 15:00+02:00,3.939532
2026-04-03 15:15+02:00,42.463322
2026-04-03 15:30+02:00,36.917329
2026-04-03 15:45+02:00,43.505813
2026-04-03 16:00+02:00,4.790488
2026-04-03 16:15+02:00,4.228313
2026-04-03 16:30+02:00,5.614485
2026-04-03 16:45+02:00,38.185248
2026-04-03 17:00+02:00,42.087997
2026-04-03 17:15+02:00,3.824729
2026-04-03 17:30+02:00,2.902936
2026-04-03 17:45+02:00,5.074962
2026-04-03 18:00+02:00,4.487240
2026-04-03 18:15+02:00,4.834312
2026-04-03 18:30+02:00,49.253931
2026-04-03 18:45+02:00,55.712184
2026-04-03 19:00+02:00,
2026-04-03 19:15+02:00,69.262167
2026-04-03 19:30+02:00,68.242874
2026-04-03 19:45+02:00,73.234042
2026-04-03 20:00+02:00,81.935508
2026-04-03 20:15+02:00,65.702771
2026-04-03 20:30+02:00,67.172633
2026-04-03 20:45+02:00,61.620063
2026-04-03 21:00+02:00,73.070348
2026-04-03 21:15+02:00,65.479528
2026-04-03 21:30+02:00,76.053209
2026-04-03 21:45+02:00,72.367686
2026-04-03 22:00+02:00,83.783646
2026-04-03 22:15+02:00,66.337465
2026-04-03 22:30+02:00,76.465440
2026-04-03 22:45+02:00,
2026-04-03 23:00+02:00,68.542285
2026-04-03 23:15+02:00,74.120713
2026-04-03 23:30+02:00,76.033340
2026-04-03 23:45+02:00,68.138428
2026-04-04 00:00+02:00,73.136764
2026-04-04 00:15+02:00,78.382547
2026-04-04 00:30+02:00,70.742824
2026-04-04 00:45+02:00,90.393961
2026-04-04 01:00+02:00,64.849839
2026-04-04 01:15+02:00,62.925154
2026-04-04 01:30+02:00,57.228181
2026-04-04 01:45+02:00,62.321323
2026-04-04 02:00+02:00,78.713060
2026-04-04 02:15+02:00,76.155266
2026-04-04 02:30+02:00,80.831688
2026-04-04 02:45+02:00,74.573078
2026-04-04 03:00+02:00,75.928722
2026-04-04 03:15+02:00,66.783570
2026-04-04 03:30+02:00,57.834773
2026-04-04 03:45+02:00,62.106506
2026-04-04 04:00+02:00,77.664563
2026-04-04 04:15+02:00,70.438690
2026-04-04 04:30+02:00,63.044457
2026-04-04 04:45+02:00,66.833120
2026-04-04 05:00+02:00,63.853425
2026-04-04 05:15+02:00,75.236238
2026-04-04 05:30+02:00,60.060195
2026-04-04 05:45+02:00,72.748926
2026-04-04 06:00+02:00,3.603755
2026-04-04 06:15+02:00,5.824441
2026-04-04 06:30+02:00,3.014457
2026-04-04 06:45+02:00,4.775430
2026-04-04 07:00+02:00,6.365869
2026-04-04 07:15+02:00,3.715353
2026-04-04 07:30+02:00,5.254791
2026-04-04 07:45+02:00,4.347057
2026-04-04 08:00+02:00,3.749779
2026-04-04 08:15+02:00,
2026-04-04 08:30+02:00,5.233763
2026-04-04 08:45+02:00,4.399179
2026-04-04 09:00+02:00,4.551583
2026-04-04 09:15+02:00,4.864474
2026-04-04 09:30+02:00,3.388129
2026-04-04 09:45+02:00,4.145462
2026-04-04 10:00+02:00,2.961009
2026-04-04 10:15+02:00,2.318658
2026-04-04 10:30+02:00,5.107507
2026-04-04 10:45+02:00,5.464692
2026-04-04 11:00+02:00,4.459960
2026-04-04 11:15+02:00,2.798356
2026-04-04 11:30+02:00,4.530211
2026-04-04 11:45+02:00,5.178684
2026-04-04 12:00+02:00,4.324457
2026-04-04 12:15+02:00,2.817878
2026-04-04 12:30+02:00,3.466495
2026-04-04 12:45+02:00,4.963181
2026-04-04 13:00+02:00,2.928075
2026-04-04 13:15+02:00,6.321814
2026-04-04 13:30+02:00,3.893533
2026-04-04 13:45+02:00,
2026-04-04 14:00+02:00,4.436523
2026-04-04 14:15+02:00,4.222202
2026-04-04 14:30+02:00,3.576258
2026-04-04 14:45+02:00,3.510845
2026-04-04 15:00+02:00,
2026-04-04 15:15+02:00,4.595047
2026-04-04 15:30+02:00,4.458908
2026-04-04 15:45+02:00,0.000000
2026-04-04 16:00+02:00,2.711603
2026-04-04 16:15+02:00,3.205221
2026-04-04 16:30+02:00,3.802973
2026-04-04 16:45+02:00,3.823314
2026-04-04 17:00+02:00,0.000000
2026-04-04 17:15+02:00,
2026-04-04 17:30+02:00,2.825341
2026-04-04 17:45+02:00,4.839997
2026-04-04 18:00+02:00,3.564087
2026-04-04 18:15+02:00,0.000000
2026-04-04 18:30+02:00,
2026-04-04 18:45+02:00,5.865481
2026-04-04 19:00+02:00,71.754848
2026-04-04 19:15+02:00,81.641117
2026-04-04 19:30+02:00,71.831919
2026-04-04 19:45+02:00,65.002874
2026-04-04 20:00+02:00,65.813998
2026-04-04 20:15+02:00,
2026-04-04 20:30+02:00,59.229748
2026-04-04 20:45+02:00,60.675535
2026-04-04 21:00+02:00,61.362689
2026-04-04 21:15+02:00,72.374194
2026-04-04 21:30+02:00,68.224353
2026-04-04 21:45+02:00,67.656219
2026-04-04 22:00+02:00,54.670802
2026-04-04 22:15+02:00,
2026-04-04 22:30+02:00,50.993869
2026-04-04 22:45+02:00,64.950298
2026-04-04 23:00+02:00,
2026-04-04 23:15+02:00,77.777716
2026-04-04 23:30+02:00,67.036294
2026-04-04 23:45+02:00,
2026-04-05 00:00+02:00,60.753444
