timestamp,value_kwh
2026-01-05 00:15+01:00,0.061599
2026-01-05 00:30+01:00,0.063451
2026-01-05 00:45+01:00,0.060182
2026-01-05 01:00+01:00,0.060507
2026-01-05 01:15+01:00,0.054887
2026-01-05 01:30+01:00,0.062026
2026-01-05 01:45+01:00,0.070038
2026-01-05 02:00+01:00,0.067320
2026-01-05 02:15+01:00,0.062642
2026-01-05 02:30+01:00,0.060007
2026-01-05 02:45+01:00,0.052869
2026-01-05 03:00+01:00,0.048728
2026-01-05 03:15+01:00,0.043126
2026-01-05 03:30+01:00,0.064766
2026-01-05 03:45+01:00,0.058645
2026-01-05 04:00+01:00,0.059620
2026-01-05 04:15+01:00,0.046023
2026-01-05 04:30+01:00,0.072456
2026-01-05 04:45+01:00,0.068420
2026-01-05 05:00+01:00,0.061362
2026-01-05 05:15+01:00,0.069035
2026-01-05 05:30+01:00,0.067495
2026-01-05 05:45+01:00,0.068838
2026-01-05 06:00+01:00,0.046240
2026-01-05 06:15+01:00,0.061892
2026-01-05 06:30+01:00,0.069724
2026-01-05 06:45+01:00,0.066474
2026-01-05 07:00+01:00,2.221220
2026-01-05 07:15+01:00,2.612043
2026-01-05 07:30+01:00,2.353435
2026-01-05 07:45+01:00,2.484110
2026-01-05 08:00+01:00,2.495906
2026-01-05 08:15+01:00,2.395133
2026-01-05 08:30+01:00,2.221250
2026-01-05 08:45+01:00,2.553051
2026-01-05 09:00+01:00,2.568230
2026-01-05 09:15+01:00,2.463651
2026-01-05 09:30+01:00,2.190152
2026-01-05 09:45+01:00,2.426639
2026-01-05 10:00+01:00,2.559624
2026-01-05 10:15+01:00,2.476262
2026-01-05 10:30+01:00,2.633925
2026-01-05 10:45+01:00,2.479738
2026-01-05 11:00+01:00,2.736854
2026-01-05 11:15+01:00,2.680401
2026-01-05 11:30+01:00,2.490136
2026-01-05 11:45+01:00,2.559761
2026-01-05 12:00+01:00,2.261897
2026-01-05 12:15+01:00,2.554750
2026-01-05 12:30+01:00,2.640562
2026-01-05 12:45+01:00,2.223630
2026-01-05 13:00+01:00,2.323435
2026-01-05 13:15+01:00,2.648014
2026-01-05 13:30+01:00,2.499811
2026-01-05 13:45+01:00,2.470939
2026-01-05 14:00+01:00,2.433817
2026-01-05 14:15+01:00,2.656304
2026-01-05 14:30+01:00,2.495225
2026-01-05 14:45+01:00,2.270674
2026-01-05 15:00+01:00,2.294301
2026-01-05 15:15+01:00,2.337349
2026-01-05 15:30+01:00,2.573934
2026-01-05 15:45+01:00,2.259481
2026-01-05 16:00+01:00,2.451090
2026-01-05 16:15+01:00,2.739867
2026-01-05 16:30+01:00,2.347143
2026-01-05 16:45+01:00,2.382978
2026-01-05 17:00+01:00,2.396665
2026-01-05 17:15+01:00,2.610981
2026-01-05 17:30+01:00,2.522787
2026-01-05 17:45+01:00,2.331387
2026-01-05 18:00+01:00,0.063611
2026-01-05 18:15+01:00,0.060011
2026-01-05 18:30+01:00,0.058041
2026-01-05 18:45+01:00,0.066166
2026-01-05 19:00+01:00,0.000000
2026-01-05 19:15+01:00,0.060234
2026-01-05 19:30+01:00,0.067286
2026-01-05 19:45+01:00,0.065262
2026-01-05 20:00+01:00,0.056016
2026-01-05 20:15+01:00,0.073584
2026-01-05 20:30+01:00,0.057540
2026-01-05 20:45+01:00,0.059654
2026-01-05 21:00+01:00,
2026-01-05 21:15+01:00,0.062884
2026-01-05 21:30+01:00,0.052980
2026-01-05 21:45+01:00,0.069029
2026-01-05 22:00+01:00,0.070316
2026-01-05 22:15+01:00,0.075893
2026-01-05 22:30+01:00,0.072972
2026-01-05 22:45+01:00,0.048125
2026-01-05 23:00+01:00,0.062351
2026-01-05 23:15+01:00,0.049470
2026-01-05 23:30+01:00,0.050651
2026-01-05 23:45+01:00,0.062574
2026-01-06 00:00+01:00,0.056124
2026-01-06 00:15+01:00,0.061142
2026-01-06 00:30+01:00,
2026-01-06 00:45+01:00,
2026-01-06 01:00+01:00,
2026-01-06 01:15+01:00,
2026-01-06 01:30+01:00,
2026-01-06 01:45+01:00,
2026-01-06 02:00+01:00,
2026-01-06 02:15+01:00,
2026-01-06 02:30+01:00,
2026-01-06 02:45+01:00,
2026-01-06 03:00+01:00,
2026-01-06 03:15+01:00,
2026-01-06 03:30+01:00,
2026-01-06 03:45+01:00,
2026-01-06 04:00+01:00,
2026-01-06 04:15+01:00,
2026-01-06 04:30+01:00,
2026-01-06 04:45+01:00,
2026-01-06 05:00+01:00,
2026-01-06 05:15+01:00,0.055188
2026-01-06 05:30+01:00,0.064229
2026-01-06 05:45+01:00,0.077400
2026-01-06 06:00+01:00,0.067864
2026-01-06 06:15+01:00,0.069504
2026-01-06 06:30+01:00,0.059203
2026-01-06 06:45+01:00,0.067173
2026-01-06 07:00+01:00,2.354936
2026-01-06 07:15+01:00,2.339230
2026-01-06 07:30+01:00,2.166824
2026-01-06 07:45+01:00,2.535594
2026-01-06 08:00+01:00,2.093785
2026-01-06 08:15+01:00,2.341301
2026-01-06 08:30+01:00,2.509134
2026-01-06 08:45+01:00,2.387534
2026-01-06 09:00+01:00,2.346822
2026-01-06 09:15+01:00,2.467199
2026-01-06 09:30+01:00,2.549752
2026-01-06 09:45+01:00,
2026-01-06 10:00+01:00,2.482973
2026-01-06 10:15+01:00,2.429200
2026-01-06 10:30+01:00,
2026-01-06 10:45+01:00,2.429710
2026-01-06 11:00+01:00,2.365879
2026-01-06 11:15+01:00,2.327833
2026-01-06 11:30+01:00,2.217651
2026-01-06 11:45+01:00,2.491328
2026-01-06 12:00+01:00,2.397611
2026-01-06 12:15+01:00,2.339921
2026-01-06 12:30+01:00,2.220608
2026-01-06 12:45+01:00,2.586805
2026-01-06 13:00+01:00,2.484392
2026-01-06 13:15+01:00,2.428108
2026-01-06 13:30+01:00,2.387928
2026-01-06 13:45+01:00,2.834797
2026-01-06 14:00+01:00,2.121656
2026-01-06 14:15+01:00,2.569087
2026-01-06 14:30+01:00,2.206993
2026-01-06 14:45+01:00,2.686964
2026-01-06 15:00+01:00,2.355199
2026-01-06 15:15+01:00,2.330199
2026-01-06 15:30+01:00,2.413098
2026-01-06 15:45+01:00,2.530736
2026-01-06 16:00+01:00,2.477862
2026-01-06 16:15+01:00,2.387925
2026-01-06 16:30+01:00,2.437016
2026-01-06 16:45+01:00,2.310681
2026-01-06 17:00+01:00,2.453677
2026-01-06 17:15+01:00,2.291002
2026-01-06 17:30+01:00,2.417836
2026-01-06 17:45+01:00,2.501834
2026-01-06 18:00+01:00,0.072175
2026-01-06 18:15+01:00,0.052888
2026-01-06 18:30+01:00,0.060924
2026-01-06 18:45+01:00,0.054679
2026-01-06 19:00+01:00,0.059779
2026-01-06 19:15+01:00,0.038340
2026-01-06 19:30+01:00,
2026-01-06 19:45+01:00,0.060551
2026-01-06 20:00+01:00,0.411251
2026-01-06 20:15+01:00,0.059798
2026-01-06 20:30+01:00,0.070534
2026-01-06 20:45+01:00,0.075393
2026-01-06 21:00+01:00,0.075379
2026-01-06 21:15+01:00,0.050900
2026-01-06 21:30+01:00,0.052503
2026-01-06 21:45+01:00,0.070783
2026-01-06 22:00+01:00,0.070600
2026-01-06 22:15+01:00,0.078981
2026-01-06 22:30+01:00,0.070342
2026-01-06 22:45+01:00,0.057351
2026-01-06 23:00+01:00,0.054536
2026-01-06 23:15+01:00,
2026-01-06 23:30+01:00,0.070331
2026-01-06 23:45+01:00,0.064140
2026-01-07 00:00+01:00,0.050952
2026-01-07 00:15+01:00,0.050806
2026-01-07 00:30+01:00,0.076657
2026-01-07 00:45+01:00,0.055530
2026-01-07 01:00+01:00,0.056574
2026-01-07 01:15+01:00,0.078516
2026-01-07 01:30+01:00,0.065305
2026-01-07 01:45+01:00,0.073373
2026-01-07 02:00+01:00,0.074471
2026-01-07 02:15+01:00,0.054124
2026-01-07 02:30+01:00,0.063073
2026-01-07 02:45+01:00,0.064817
2026-01-07 03:00+01:00,0.065752
2026-01-07 03:15+01:00,0.065805
2026-01-07 03:30+01:00,0.063793
2026-01-07 03:45+01:00,0.068424
2026-01-07 04:00+01:00,0.066639
2026-01-07 04:15+01:00,0.072581
2026-01-07 04:30+01:00,0.074801
2026-01-07 04:45+01:00,0.062282
2026-01-07 05:00+01:00,0.068127
2026-01-07 05:15+01:00,0.055032
2026-01-07 05:30+01:00,0.066506
2026-01-07 05:45+01:00,0.068309
2026-01-07 06:00+01:00,0.072391
2026-01-07 06:15+01:00,0.069233
2026-01-07 06:30+01:00,0.065146
2026-01-07 06:45+01:00,0.050826
2026-01-07 07:00+01:00,2.552121
2026-01-07 07:15+01:00,2.383703
2026-01-07 07:30+01:00,2.598502
2026-01-07 07:45+01:00,2.289510
2026-01-07 08:00+01:00,1.933765
2026-01-07 08:15+01:00,2.473682
2026-01-07 08:30+01:00,2.526424
2026-01-07 08:45+01:00,2.470740
2026-01-07 09:00+01:00,2.460411
2026-01-07 09:15+01:00,2.261709
2026-01-07 09:30+01:00,2.278399
2026-01-07 09:45+01:00,2.634516
2026-01-07 10:00+01:00,2.461757
2026-01-07 10:15+01:00,2.271082
2026-01-07 10:30+01:00,2.592061
2026-01-07 10:45+01:00,2.318896
2026-01-07 11:00+01:00,2.384089
2026-01-07 11:15+01:00,2.448234
2026-01-07 11:30+01:00,2.389322
2026-01-07 11:45+01:00,2.327039
2026-01-07 12:00+01:00,2.476868
2026-01-07 12:15+01:00,2.620769
2026-01-07 12:30+01:00,2.167108
2026-01-07 12:45+01:00,2.578633
2026-01-07 13:00+01:00,2.144300
2026-01-07 13:15+01:00,2.601449
2026-01-07 13:30+01:00,2.398583
2026-01-07 13:45+01:00,2.232337
2026-01-07 14:00+01:00,2.328862
2026-01-07 14:15+01:00,2.697021
2026-01-07 14:30+01:00,2.346202
2026-01-07 14:45+01:00,
2026-01-07 15:00+01:00,2.135291
2026-01-07 15:15+01:00,2.405158
2026-01-07 15:30+01:00,2.212806
2026-01-07 15:45+01:00,2.706927
2026-01-07 16:00+01:00,2.452105
2026-01-07 16:15+01:00,2.364591
2026-01-07 16:30+01:00,2.237490
2026-01-07 16:45+01:00,2.487190
2026-01-07 17:00+01:00,2.296373
2026-01-07 17:15+01:00,2.552980
2026-01-07 17:30+01:00,2.347984
2026-01-07 17:45+01:00,2.377183
2026-01-07 18:00+01:00,0.075583
2026-01-07 18:15+01:00,0.054309
2026-01-07 18:30+01:00,0.044078
2026-01-07 18:45+01:00,0.056090
2026-01-07 19:00+01:00,0.000000
2026-01-07 19:15+01:00,0.064530
2026-01-07 19:30+01:00,0.062814
2026-01-07 19:45+01:00,0.068317
2026-01-07 20:00+01:00,0.073690
2026-01-07 20:15+01:00,0.064270
2026-01-07 20:30+01:00,0.075969
2026-01-07 20:45+01:00,0.072449
2026-01-07 21:00+01:00,0.055693
2026-01-07 21:15+01:00,0.055764
2026-01-07 21:30+01:00,0.059977
2026-01-07 21:45+01:00,0.070511
2026-01-07 22:00+01:00,0.070483
2026-01-07 22:15+01:00,0.058698
2026-01-07 22:30+01:00,0.062938
2026-01-07 22:45+01:00,0.067331
2026-01-07 23:00+01:00,0.059310
2026-01-07 23:15+01:00,0.064556
2026-01-07 23:30+01:00,0.058647
2026-01-07 23:45+01:00,0.061026
2026-01-08 00:00+01:00,0.068110
2026-01-08 00:15+01:00,0.080572
2026-01-08 00:30+01:00,0.060972
2026-01-08 00:45+01:00,0.060553
2026-01-08 01:00+01:00,0.048235
2026-01-08 01:15+01:00,0.062934
2026-01-08 01:30+01:00,0.051868
2026-01-08 01:45+01:00,0.058429
2026-01-08 02:00+01:00,0.064417
2026-01-08 02:15+01:00,0.070598
2026-01-08 02:30+01:00,0.056671
2026-01-08 02:45+01:00,0.050185
2026-01-08 03:00+01:00,0.061989
2026-01-08 03:15+01:00,0.068128
2026-01-08 03:30+01:00,0.053107
2026-01-08 03:45+01:00,0.076945
2026-01-08 04:00+01:00,0.063676
2026-01-08 04:15+01:00,0.067979
2026-01-08 04:30+01:00,0.053043
2026-01-08 04:45+01:00,0.081384
2026-01-08 05:00+01:00,0.073860
2026-01-08 05:15+01:00,0.052300
2026-01-08 05:30+01:00,0.064989
2026-01-08 05:45+01:00,0.066449
2026-01-08 06:00+01:00,0.081103
2026-01-08 06:15+01:00,
2026-01-08 06:30+01:00,0.061278
2026-01-08 06:45+01:00,0.057696
2026-01-08 07:00+01:00,2.208774
2026-01-08 07:15+01:00,2.481234
2026-01-08 07:30+01:00,2.467774
2026-01-08 07:45+01:00,2.494486
2026-01-08 08:00+01:00,2.621382
2026-01-08 08:15+01:00,2.210502
2026-01-08 08:30+01:00,2.633338
2026-01-08 08:45+01:00,2.422191
2026-01-08 09:00+01:00,2.313088
2026-01-08 09:15+01:00,2.542704
2026-01-08 09:30+01:00,2.609418
2026-01-08 09:45+01:00,2.504708
2026-01-08 10:00+01:00,2.258921
2026-01-08 10:15+01:00,2.414760
2026-01-08 10:30+01:00,2.230293
2026-01-08 10:45+01:00,2.240927
2026-01-08 11:00+01:00,2.386495
2026-01-08 11:15+01:00,2.436028
2026-01-08 11:30+01:00,2.253595
2026-01-08 11:45+01:00,2.451608
2026-01-08 12:00+01:00,
2026-01-08 12:15+01:00,2.445945
2026-01-08 12:30+01:00,2.094349
2026-01-08 12:45+01:00,
2026-01-08 13:00+01:00,2.288080
2026-01-08 13:15+01:00,2.357567
2026-01-08 13:30+01:00,2.701131
2026-01-08 13:45+01:00,2.373560
2026-01-08 14:00+01:00,2.451362
2026-01-08 14:15+01:00,2.816128
2026-01-08 14:30+01:00,2.352151
2026-01-08 14:45+01:00,2.299227
2026-01-08 15:00+01:00,2.163430
2026-01-08 15:15+01:00,2.379517
2026-01-08 15:30+01:00,2.603286
2026-01-08 15:45+01:00,1.959639
2026-01-08 16:00+01:00,2.607295
2026-01-08 16:15+01:00,2.360343
2026-01-08 16:30+01:00,2.560881
2026-01-08 16:45+01:00,2.477805
2026-01-08 17:00+01:00,2.151143
2026-01-08 17:15+01:00,2.419057
2026-01-08 17:30+01:00,2.436457
2026-01-08 17:45+01:00,2.375457
2026-01-08 18:00+01:00,0.065718
2026-01-08 18:15+01:00,0.062850
2026-01-08 18:30+01:00,0.065651
2026-01-08 18:45+01:00,0.057002
2026-01-08 19:00+01:00,0.055405
2026-01-08 19:15+01:00,0.064765
2026-01-08 19:30+01:00,0.046279
2026-01-08 19:45+01:00,0.061248
2026-01-08 20:00+01:00,0.055535
2026-01-08 20:15+01:00,0.077607
2026-01-08 20:30+01:00,0.074934
2026-01-08 20:45+01:00,0.055880
2026-01-08 21:00+01:00,0.065111
2026-01-08 21:15+01:00,0.074625
2026-01-08 21:30+01:00,0.000000
2026-01-08 21:45+01:00,0.068702
2026-01-08 22:00+01:00,0.068658
2026-01-08 22:15+01:00,0.073607
2026-01-08 22:30+01:00,0.075936
2026-01-08 22:45+01:00,0.047846
2026-01-08 23:00+01:00,0.064900
2026-01-08 23:15+01:00,0.079058
2026-01-08 23:30+01:00,0.069126
2026-01-08 23:45+01:00,0.062072
2026-01-09 00:00+01:00,0.059428
2026-01-09 00:15+01:00,0.390917
2026-01-09 00:30+01:00,0.058749
2026-01-09 00:45+01:00,0.074030
2026-01-09 01:00+01:00,0.063377
2026-01-09 01:15+01:00,0.059033
2026-01-09 01:30+01:00,0.065409
2026-01-09 01:45+01:00,0.055465
2026-01-09 02:00+01:00,0.074800
2026-01-09 02:15+01:00,0.068877
2026-01-09 02:30+01:00,0.056767
2026-01-09 02:45+01:00,0.078700
2026-01-09 03:00+01:00,0.060468
2026-01-09 03:15+01:00,0.075002
2026-01-09 03:30+01:00,0.064280
2026-01-09 03:45+01:00,0.071324
2026-01-09 04:00+01:00,0.046649
2026-01-09 04:15+01:00,0.065356
2026-01-09 04:30+01:00,0.070612
2026-01-09 04:45+01:00,0.045399
2026-01-09 05:00+01:00,0.056703
2026-01-09 05:15+01:00,0.070045
2026-01-09 05:30+01:00,0.060411
2026-01-09 05:45+01:00,0.068963
2026-01-09 06:00+01:00,0.082388
2026-01-09 06:15+01:00,0.074467
2026-01-09 06:30+01:00,0.071297
2026-01-09 06:45+01:00,0.053686
2026-01-09 07:00+01:00,
2026-01-09 07:15+01:00,2.634953
2026-01-09 07:30+01:00,2.533501
2026-01-09 07:45+01:00,2.073321
2026-01-09 08:00+01:00,2.515383
2026-01-09 08:15+01:00,2.350690
2026-01-09 08:30+01:00,2.332795
2026-01-09 08:45+01:00,2.595715
2026-01-09 09:00+01:00,2.432918
2026-01-09 09:15+01:00,2.376029
2026-01-09 09:30+01:00,2.378496
2026-01-09 09:45+01:00,2.302120
2026-01-09 10:00+01:00,2.529542
2026-01-09 10:15+01:00,2.254597
2026-01-09 10:30+01:00,2.449196
2026-01-09 10:45+01:00,2.193358
2026-01-09 11:00+01:00,2.254029
2026-01-09 11:15+01:00,2.682740
2026-01-09 11:30+01:00,2.614174
2026-01-09 11:45+01:00,2.368708
2026-01-09 12:00+01:00,2.139981
2026-01-09 12:15+01:00,
2026-01-09 12:30+01:00,2.416715
2026-01-09 12:45+01:00,2.527789
2026-01-09 13:00+01:00,2.294059
2026-01-09 13:15+01:00,2.205092
2026-01-09 13:30+01:00,2.153179
2026-01-09 13:45+01:00,
2026-01-09 14:00+01:00,
2026-01-09 14:15+01:00,2.442274
2026-01-09 14:30+01:00,2.391681
2026-01-09 14:45+01:00,2.458333
2026-01-09 15:00+01:00,2.469356
2026-01-09 15:15+01:00,2.470127
2026-01-09 15:30+01:00,2.248138
2026-01-09 15:45+01:00,2.279734
2026-01-09 16:00+01:00,2.452151
2026-01-09 16:15+01:00,2.373835
2026-01-09 16:30+01:00,2.643014
2026-01-09 16:45+01:00,2.630222
2026-01-09 17:00+01:00,2.440052
2026-01-09 17:15+01:00,2.301571
2026-01-09 17:30+01:00,2.592185
2026-01-09 17:45+01:00,2.285859
2026-01-09 18:00+01:00,0.054685
2026-01-09 18:15+01:00,0.057829
2026-01-09 18:30+01:00,0.065070
2026-01-09 18:45+01:00,0.061752
2026-01-09 19:00+01:00,0.067448
2026-01-09 19:15+01:00,0.071458
2026-01-09 19:30+01:00,0.061403
2026-01-09 19:45+01:00,0.061017
2026-01-09 20:00+01:00,0.053654
2026-01-09 20:15+01:00,0.061076
2026-01-09 20:30+01:00,0.059641
2026-01-09 20:45+01:00,0.069042
2026-01-09 21:00+01:00,0.069218
2026-01-09 21:15+01:00,0.070104
2026-01-09 21:30+01:00,0.070856
2026-01-09 21:45+01:00,0.057021
2026-01-09 22:00+01:00,0.055904
2026-01-09 22:15+01:00,0.059219
2026-01-09 22:30+01:00,0.075162
2026-01-09 22:45+01:00,0.073654
2026-01-09 23:00+01:00,0.078532
2026-01-09 23:15+01:00,0.061428
2026-01-09 23:30+01:00,0.056234
2026-01-09 23:45+01:00,0.070068
2026-01-10 00:00+01:00,0.069110
2026-01-10 00:15+01:00,0.052832
2026-01-10 00:30+01:00,0.043863
2026-01-10 00:45+01:00,0.000000
2026-01-10 01:00+01:00,0.040044
2026-01-10 01:15+01:00,0.048231
2026-01-10 01:30+01:00,0.048337
2026-01-10 01:45+01:00,0.046581
2026-01-10 02:00+01:00,0.040195
2026-01-10 02:15+01:00,0.039773
2026-01-10 02:30+01:00,0.058478
2026-01-10 02:45+01:00,0.036409
2026-01-10 03:00+01:00,0.054789
2026-01-10 03:15+01:00,
2026-01-10 03:30+01:00,0.039224
2026-01-10 03:45+01:00,0.039979
2026-01-10 04:00+01:00,0.049225
2026-01-10 04:15+01:00,0.050912
2026-01-10 04:30+01:00,0.045908
2026-01-10 04:45+01:00,0.044992
2026-01-10 05:00+01:00,0.043114
2026-01-10 05:15+01:00,0.057979
2026-01-10 05:30+01:00,0.048537
2026-01-10 05:45+01:00,0.046256
2026-01-10 06:00+01:00,0.052581
2026-01-10 06:15+01:00,0.047543
2026-01-10 06:30+01:00,0.056502
2026-01-10 06:45+01:00,0.045170
2026-01-10 07:00+01:00,0.041665
2026-01-10 07:15+01:00,0.044685
2026-01-10 07:30+01:00,0.049439
2026-01-10 07:45+01:00,0.058603
2026-01-10 08:00+01:00,0.043096
2026-01-10 08:15+01:00,0.048213
2026-01-10 08:30+01:00,0.054535
2026-01-10 08:45+01:00,0.050141
2026-01-10 09:00+01:00,0.056883
2026-01-10 09:15+01:00,0.055739
2026-01-10 09:30+01:00,0.030712
2026-01-10 09:45+01:00,0.047275
2026-01-10 10:00+01:00,0.051368
2026-01-10 10:15+01:00,0.065891
2026-01-10 10:30+01:00,0.040197
2026-01-10 10:45+01:00,0.063452
2026-01-10 11:00+01:00,0.028869
2026-01-10 11:15+01:00,0.044403
2026-01-10 11:30+01:00,0.058865
2026-01-10 11:45+01:00,0.044318
2026-01-10 12:00+01:00,0.033816
2026-01-10 12:15+01:00,0.047099
2026-01-10 12:30+01:00,0.049715
2026-01-10 12:45+01:00,0.048182
2026-01-10 13:00+01:00,0.044779
2026-01-10 13:15+01:00,0.044811
2026-01-10 13:30+01:00,0.050281
2026-01-10 13:45+01:00,0.047859
2026-01-10 14:00+01:00,0.048209
2026-01-10 14:15+01:00,0.040310
2026-01-10 14:30+01:00,0.057875
2026-01-10 14:45+01:00,0.050836
2026-01-10 15:00+01:00,0.048199
2026-01-10 15:15+01:00,0.051788
2026-01-10 15:30+01:00,0.051197
2026-01-10 15:45+01:00,0.048879
2026-01-10 16:00+01:00,0.055369
2026-01-10 16:15+01:00,0.041247
2026-01-10 16:30+01:00,0.058892
2026-01-10 16:45+01:00,0.042019
2026-01-10 17:00+01:00,
2026-01-10 17:15+01:00,0.052608
2026-01-10 17:30+01:00,0.046558
2026-01-10 17:45+01:00,0.054695
2026-01-10 18:00+01:00,0.038241
2026-01-10 18:15+01:00,0.052375
2026-01-10 18:30+01:00,0.053992
2026-01-10 18:45+01:00,0.051057
2026-01-10 19:00+01:00,0.056352
2026-01-10 19:15+01:00,0.033038
2026-01-10 19:30+01:00,0.039621
2026-01-10 19:45+01:00,0.049801
2026-01-10 20:00+01:00,0.046185
2026-01-10 20:15+01:00,0.047523
2026-01-10 20:30+01:00,0.040138
2026-01-10 20:45+01:00,0.042610
2026-01-10 21:00+01:00,0.050114
2026-01-10 21:15+01:00,0.047509
2026-01-10 21:30+01:00,0.052284
2026-01-10 21:45+01:00,0.036681
2026-01-10 22:00+01:00,0.053706
2026-01-10 22:15+01:00,0.041535
2026-01-10 22:30+01:00,0.049422
2026-01-10 22:45+01:00,0.047291
2026-01-10 23:00+01:00,0.044557
2026-01-10 23:15+01:00,0.044976
2026-01-10 23:30+01:00,0.047099
2026-01-10 23:45+01:00,0.049790
2026-01-11 00:00+01:00,0.045686
2026-01-11 00:15+01:00,0.036302
2026-01-11 00:30+01:00,0.055288
2026-01-11 00:45+01:00,
2026-01-11 01:00+01:00,0.048826
2026-01-11 01:15+01:00,0.050417
2026-01-11 01:30+01:00,0.051386
2026-01-11 01:45+01:00,0.042763
2026-01-11 02:00+01:00,0.048718
2026-01-11 02:15+01:00,0.045092
2026-01-11 02:30+01:00,0.039982
2026-01-11 02:45+01:00,0.055718
2026-01-11 03:00+01:00,0.048280
2026-01-11 03:15+01:00,0.043398
2026-01-11 03:30+01:00,0.049721
2026-01-11 03:45+01:00,0.050446
2026-01-11 04:00+01:00,0.040141
2026-01-11 04:15+01:00,0.060560
2026-01-11 04:30+01:00,0.053525
2026-01-11 04:45+01:00,0.051896
2026-01-11 05:00+01:00,0.051463
2026-01-11 05:15+01:00,0.034756
2026-01-11 05:30+01:00,0.053001
2026-01-11 05:45+01:00,0.038755
2026-01-11 06:00+01:00,0.052704
2026-01-11 06:15+01:00,0.058313
2026-01-11 06:30+01:00,0.035002
2026-01-11 06:45+01:00,
2026-01-11 07:00+01:00,0.053771
2026-01-11 07:15+01:00,0.037562
2026-01-11 07:30+01:00,0.039516
2026-01-11 07:45+01:00,0.249662
2026-01-11 08:00+01:00,0.282863
2026-01-11 08:15+01:00,0.047248
2026-01-11 08:30+01:00,0.056307
2026-01-11 08:45+01:00,0.051606
2026-01-11 09:00+01:00,0.047452
2026-01-11 09:15+01:00,0.033322
2026-01-11 09:30+01:00,0.046272
2026-01-11 09:45+01:00,0.046751
2026-01-11 10:00+01:00,0.042920
2026-01-11 10:15+01:00,0.056910
2026-01-11 10:30+01:00,0.050482
2026-01-11 10:45+01:00,0.047496
2026-01-11 11:00+01:00,0.041055
2026-01-11 11:15+01:00,0.046292
2026-01-11 11:30+01:00,0.042412
2026-01-11 11:45+01:00,0.049070
2026-01-11 12:00+01:00,0.047775
2026-01-11 12:15+01:00,0.049699
2026-01-11 12:30+01:00,0.046211
2026-01-11 12:45+01:00,0.048381
2026-01-11 13:00+01:00,
2026-01-11 13:15+01:00,0.057643
2026-01-11 13:30+01:00,0.054923
2026-01-11 13:45+01:00,0.045030
2026-01-11 14:00+01:00,0.051949
2026-01-11 14:15+01:00,0.045933
2026-01-11 14:30+01:00,0.040673
2026-01-11 14:45+01:00,0.030003
2026-01-11 15:00+01:00,0.045347
2026-01-11 15:15+01:00,0.048428
2026-01-11 15:30+01:00,0.049399
2026-01-11 15:45+01:00,0.047281
2026-01-11 16:00+01:00,0.058553
2026-01-11 16:15+01:00,0.056916
2026-01-11 16:30+01:00,0.042512
2026-01-11 16:45+01:00,0.044122
2026-01-11 17:00+01:00,0.049349
2026-01-11 17:15+01:00,0.044132
2026-01-11 17:30+01:00,0.052289
2026-01-11 17:45+01:00,0.036335
2026-01-11 18:00+01:00,0.000000
2026-01-11 18:15+01:00,0.054604
2026-01-11 18:30+01:00,0.056585
2026-01-11 18:45+01:00,0.041631
2026-01-11 19:00+01:00,0.038896
2026-01-11 19:15+01:00,0.047437
2026-01-11 19:30+01:00,0.052573
2026-01-11 19:45+01:00,0.044995
2026-01-11 20:00+01:00,0.046530
2026-01-11 20:15+01:00,0.053314
2026-01-11 20:30+01:00,0.059604
2026-01-11 20:45+01:00,0.051447
2026-01-11 21:00+01:00,0.052895
2026-01-11 21:15+01:00,0.054490
2026-01-11 21:30+01:00,0.044166
2026-01-11 21:45+01:00,0.038009
2026-01-11 22:00+01:00,0.044071
2026-01-11 22:15+01:00,0.051985
2026-01-11 22:30+01:00,0.048258
2026-01-11 22:45+01:00,0.041458
2026-01-11 23:00+01:00,0.048336
2026-01-11 23:15+01:00,0.060845
2026-01-11 23:30+01:00,0.044372
2026-01-11 23:45+01:00,0.054035
2026-01-12 00:00+01:00,0.040648
2026-01-12 00:15+01:00,0.061541
2026-01-12 00:30+01:00,0.050444
2026-01-12 00:45+01:00,0.075049
2026-01-12 01:00+01:00,0.046325
2026-01-12 01:15+01:00,0.061297
2026-01-12 01:30+01:00,0.068874
2026-01-12 01:45+01:00,0.077792
2026-01-12 02:00+01:00,0.064647
2026-01-12 02:15+01:00,0.062211
2026-01-12 02:30+01:00,0.072085
2026-01-12 02:45+01:00,0.067290
2026-01-12 03:00+01:00,0.066159
2026-01-12 03:15+01:00,0.068162
2026-01-12 03:30+01:00,0.057950
2026-01-12 03:45+01:00,0.068994
2026-01-12 04:00+01:00,0.076181
2026-01-12 04:15+01:00,0.057748
2026-01-12 04:30+01:00,0.060693
2026-01-12 04:45+01:00,0.070291
2026-01-12 05:00+01:00,0.073985
2026-01-12 05:15+01:00,0.058152
2026-01-12 05:30+01:00,0.057650
2026-01-12 05:45+01:00,0.064752
2026-01-12 06:00+01:00,0.057740
2026-01-12 06:15+01:00,0.060559
2026-01-12 06:30+01:00,0.060469
2026-01-12 06:45+01:00,0.071440
2026-01-12 07:00+01:00,2.149280
2026-01-12 07:15+01:00,2.492453
2026-01-12 07:30+01:00,2.702119
2026-01-12 07:45+01:00,2.427483
2026-01-12 08:00+01:00,2.201826
2026-01-12 08:15+01:00,2.605438
2026-01-12 08:30+01:00,2.290827
2026-01-12 08:45+01:00,2.471801
2026-01-12 09:00+01:00,2.562318
2026-01-12 09:15+01:00,2.443207
2026-01-12 09:30+01:00,2.340062
2026-01-12 09:45+01:00,2.303871
2026-01-12 10:00+01:00,2.419432
2026-01-12 10:15+01:00,2.483197
2026-01-12 10:30+01:00,2.355006
2026-01-12 10:45+01:00,2.272591
2026-01-12 11:00+01:00,2.604758
2026-01-12 11:15+01:00,2.524166
2026-01-12 11:30+01:00,1.792695
2026-01-12 11:45+01:00,2.319784
2026-01-12 12:00+01:00,2.554535
2026-01-12 12:15+01:00,2.182831
2026-01-12 12:30+01:00,2.506697
2026-01-12 12:45+01:00,2.587131
2026-01-12 13:00+01:00,2.329908
2026-01-12 13:15+01:00,2.436376
2026-01-12 13:30+01:00,2.463899
2026-01-12 13:45+01:00,2.412805
2026-01-12 14:00+01:00,2.402245
2026-01-12 14:15+01:00,2.445670
2026-01-12 14:30+01:00,2.326733
2026-01-12 14:45+01:00,2.346757
2026-01-12 15:00+01:00,2.253732
2026-01-12 15:15+01:00,2.230446
2026-01-12 15:30+01:00,2.399721
2026-01-12 15:45+01:00,2.474177
2026-01-12 16:00+01:00,
2026-01-12 16:15+01:00,2.370419
2026-01-12 16:30+01:00,2.450933
2026-01-12 16:45+01:00,2.281981
2026-01-12 17:00+01:00,2.485045
2026-01-12 17:15+01:00,2.482537
2026-01-12 17:30+01:00,2.425501
2026-01-12 17:45+01:00,2.462554
2026-01-12 18:00+01:00,0.072611
2026-01-12 18:15+01:00,0.055556
2026-01-12 18:30+01:00,0.074622
2026-01-12 18:45+01:00,0.078303
2026-01-12 19:00+01:00,0.065718
2026-01-12 19:15+01:00,0.058731
2026-01-12 19:30+01:00,0.052926
2026-01-12 19:45+01:00,0.066904
2026-01-12 20:00+01:00,0.058508
2026-01-12 20:15+01:00,0.063323
2026-01-12 20:30+01:00,0.055746
2026-01-12 20:45+01:00,0.072404
2026-01-12 21:00+01:00,0.056204
2026-01-12 21:15+01:00,0.067473
2026-01-12 21:30+01:00,0.057434
2026-01-12 21:45+01:00,0.060991
2026-01-12 22:00+01:00,0.063723
2026-01-12 22:15+01:00,0.064926
2026-01-12 22:30+01:00,0.060155
2026-01-12 22:45+01:00,0.066517
2026-01-12 23:00+01:00,0.070443
2026-01-12 23:15+01:00,0.062612
2026-01-12 23:30+01:00,0.055687
2026-01-12 23:45+01:00,0.060543
2026-01-13 00:00+01:00,0.080025
2026-01-13 00:15+01:00,0.062800
2026-01-13 00:30+01:00,0.057996
2026-01-13 00:45+01:00,0.057004
2026-01-13 01:00+01:00,0.065255
2026-01-13 01:15+01:00,0.064105
2026-01-13 01:30+01:00,0.077814
2026-01-13 01:45+01:00,0.064109
2026-01-13 02:00+01:00,0.072473
2026-01-13 02:15+01:00,0.061278
2026-01-13 02:30+01:00,0.059060
2026-01-13 02:45+01:00,0.057044
2026-01-13 03:00+01:00,
2026-01-13 03:15+01:00,0.065096
2026-01-13 03:30+01:00,0.063486
2026-01-13 03:45+01:00,0.071447
2026-01-13 04:00+01:00,0.060850
2026-01-13 04:15+01:00,0.063295
2026-01-13 04:30+01:00,0.063311
2026-01-13 04:45+01:00,0.068300
2026-01-13 05:00+01:00,0.065211
2026-01-13 05:15+01:00,0.073546
2026-01-13 05:30+01:00,0.078442
2026-01-13 05:45+01:00,0.071386
2026-01-13 06:00+01:00,0.080245
2026-01-13 06:15+01:00,0.061488
2026-01-13 06:30+01:00,0.079598
2026-01-13 06:45+01:00,0.052071
2026-01-13 07:00+01:00,2.262006
2026-01-13 07:15+01:00,2.451177
2026-01-13 07:30+01:00,2.298561
2026-01-13 07:45+01:00,2.025530
2026-01-13 08:00+01:00,2.338516
2026-01-13 08:15+01:00,2.404967
2026-01-13 08:30+01:00,2.417711
2026-01-13 08:45+01:00,2.405943
2026-01-13 09:00+01:00,2.322772
2026-01-13 09:15+01:00,2.434104
2026-01-13 09:30+01:00,2.589374
2026-01-13 09:45+01:00,2.346815
2026-01-13 10:00+01:00,
2026-01-13 10:15+01:00,2.258638
2026-01-13 10:30+01:00,2.698108
2026-01-13 10:45+01:00,2.627942
2026-01-13 11:00+01:00,2.304770
2026-01-13 11:15+01:00,2.287779
2026-01-13 11:30+01:00,2.133888
2026-01-13 11:45+01:00,2.518617
2026-01-13 12:00+01:00,2.188589
2026-01-13 12:15+01:00,2.304445
2026-01-13 12:30+01:00,2.622674
2026-01-13 12:45+01:00,2.346507
2026-01-13 13:00+01:00,2.250592
2026-01-13 13:15+01:00,2.404014
2026-01-13 13:30+01:00,2.313997
2026-01-13 13:45+01:00,2.299202
2026-01-13 14:00+01:00,2.449597
2026-01-13 14:15+01:00,2.277186
2026-01-13 14:30+01:00,2.298104
2026-01-13 14:45+01:00,2.564335
2026-01-13 15:00+01:00,2.333501
2026-01-13 15:15+01:00,2.367897
2026-01-13 15:30+01:00,2.334044
2026-01-13 15:45+01:00,2.365176
2026-01-13 16:00+01:00,2.817217
2026-01-13 16:15+01:00,2.384709
2026-01-13 16:30+01:00,2.252701
2026-01-13 16:45+01:00,2.498434
2026-01-13 17:00+01:00,2.198339
2026-01-13 17:15+01:00,2.558090
2026-01-13 17:30+01:00,2.487721
2026-01-13 17:45+01:00,2.495352
2026-01-13 18:00+01:00,0.060931
2026-01-13 18:15+01:00,0.077227
2026-01-13 18:30+01:00,0.072516
2026-01-13 18:45+01:00,
2026-01-13 19:00+01:00,0.068412
2026-01-13 19:15+01:00,0.072073
2026-01-13 19:30+01:00,0.076982
2026-01-13 19:45+01:00,0.043641
2026-01-13 20:00+01:00,0.058371
2026-01-13 20:15+01:00,0.071555
2026-01-13 20:30+01:00,0.055285
2026-01-13 20:45+01:00,0.069442
2026-01-13 21:00+01:00,0.070887
2026-01-13 21:15+01:00,0.068772
2026-01-13 21:30+01:00,0.060168
2026-01-13 21:45+01:00,0.063084
2026-01-13 22:00+01:00,0.069343
2026-01-13 22:15+01:00,0.227272
2026-01-13 22:30+01:00,0.292140
2026-01-13 22:45+01:00,0.064034
2026-01-13 23:00+01:00,0.048535
2026-01-13 23:15+01:00,0.065562
2026-01-13 23:30+01:00,0.000000
2026-01-13 23:45+01:00,0.053102
2026-01-14 00:00+01:00,0.077063
2026-01-14 00:15+01:00,0.065785
2026-01-14 00:30+01:00,0.058626
2026-01-14 00:45+01:00,0.055460
2026-01-14 01:00+01:00,0.066789
2026-01-14 01:15+01:00,0.064326
2026-01-14 01:30+01:00,0.057197
2026-01-14 01:45+01:00,0.065383
2026-01-14 02:00+01:00,0.054689
2026-01-14 02:15+01:00,0.051353
2026-01-14 02:30+01:00,0.051051
2026-01-14 02:45+01:00,0.064393
2026-01-14 03:00+01:00,0.076135
2026-01-14 03:15+01:00,0.049140
2026-01-14 03:30+01:00,0.053082
2026-01-14 03:45+01:00,0.066460
2026-01-14 04:00+01:00,0.059432
2026-01-14 04:15+01:00,0.072829
2026-01-14 04:30+01:00,0.067492
2026-01-14 04:45+01:00,0.063950
2026-01-14 05:00+01:00,0.074772
2026-01-14 05:15+01:00,0.055194
2026-01-14 05:30+01:00,0.069010
2026-01-14 05:45+01:00,0.060973
2026-01-14 06:00+01:00,
2026-01-14 06:15+01:00,0.083015
2026-01-14 06:30+01:00,0.057339
2026-01-14 06:45+01:00,0.064699
2026-01-14 07:00+01:00,2.379071
2026-01-14 07:15+01:00,2.348570
2026-01-14 07:30+01:00,2.537411
2026-01-14 07:45+01:00,2.293534
2026-01-14 08:00+01:00,2.397689
2026-01-14 08:15+01:00,2.168588
2026-01-14 08:30+01:00,2.418820
2026-01-14 08:45+01:00,2.396987
2026-01-14 09:00+01:00,2.682022
2026-01-14 09:15+01:00,2.320478
2026-01-14 09:30+01:00,2.444783
2026-01-14 09:45+01:00,2.362140
2026-01-14 10:00+01:00,2.768879
2026-01-14 10:15+01:00,2.319788
2026-01-14 10:30+01:00,2.744293
2026-01-14 10:45+01:00,2.306027
2026-01-14 11:00+01:00,2.739817
2026-01-14 11:15+01:00,2.239230
2026-01-14 11:30+01:00,2.508323
2026-01-14 11:45+01:00,2.413067
2026-01-14 12:00+01:00,2.479946
2026-01-14 12:15+01:00,2.537153
2026-01-14 12:30+01:00,2.333628
2026-01-14 12:45+01:00,
2026-01-14 13:00+01:00,2.632943
2026-01-14 13:15+01:00,2.357221
2026-01-14 13:30+01:00,2.369518
2026-01-14 13:45+01:00,2.783702
2026-01-14 14:00+01:00,2.700438
2026-01-14 14:15+01:00,2.453034
2026-01-14 14:30+01:00,2.186309
2026-01-14 14:45+01:00,2.617691
2026-01-14 15:00+01:00,2.338929
2026-01-14 15:15+01:00,2.463187
2026-01-14 15:30+01:00,2.531399
2026-01-14 15:45+01:00,2.361925
2026-01-14 16:00+01:00,2.445250
2026-01-14 16:15+01:00,2.396642
2026-01-14 16:30+01:00,2.268724
2026-01-14 16:45+01:00,2.615169
2026-01-14 17:00+01:00,2.211546
2026-01-14 17:15+01:00,2.500979
2026-01-14 17:30+01:00,
2026-01-14 17:45+01:00,2.508700
2026-01-14 18:00+01:00,0.066378
2026-01-14 18:15+01:00,0.058291
2026-01-14 18:30+01:00,0.053072
2026-01-14 18:45+01:00,0.092408
2026-01-14 19:00+01:00,0.053511
2026-01-14 19:15+01:00,0.056337
2026-01-14 19:30+01:00,0.071379
2026-01-14 19:45+01:00,
2026-01-14 20:00+01:00,0.063401
2026-01-14 20:15+01:00,0.056798
2026-01-14 20:30+01:00,0.051322
2026-01-14 20:45+01:00,0.056375
2026-01-14 21:00+01:00,0.060536
2026-01-14 21:15+01:00,0.048472
2026-01-14 21:30+01:00,0.078216
2026-01-14 21:45+01:00,0.044327
2026-01-14 22:00+01:00,0.064029
2026-01-14 22:15+01:00,0.060390
2026-01-14 22:30+01:00,0.065848
2026-01-14 22:45+01:00,0.045332
2026-01-14 23:00+01:00,0.059462
2026-01-14 23:15+01:00,0.070588
2026-01-14 23:30+01:00,0.055793
2026-01-14 23:45+01:00,0.066608
2026-01-15 00:00+01:00,0.060861
2026-01-15 00:15+01:00,0.071376
2026-01-15 00:30+01:00,0.060864
2026-01-15 00:45+01:00,0.056994
2026-01-15 01:00+01:00,0.051686
2026-01-15 01:15+01:00,0.055324
2026-01-15 01:30+01:00,0.061653
2026-01-15 01:45+01:00,0.056798
2026-01-15 02:00+01:00,0.046969
2026-01-15 02:15+01:00,0.068462
2026-01-15 02:30+01:00,0.052784
2026-01-15 02:45+01:00,0.057375
2026-01-15 03:00+01:00,0.050498
2026-01-15 03:15+01:00,0.055913
2026-01-15 03:30+01:00,0.077370
2026-01-15 03:45+01:00,0.080934
2026-01-15 04:00+01:00,0.059299
2026-01-15 04:15+01:00,0.056047
2026-01-15 04:30+01:00,0.057384
2026-01-15 04:45+01:00,0.073964
2026-01-15 05:00+01:00,0.072329
2026-01-15 05:15+01:00,0.068801
2026-01-15 05:30+01:00,0.073649
2026-01-15 05:45+01:00,0.074938
2026-01-15 06:00+01:00,0.072372
2026-01-15 06:15+01:00,0.065200
2026-01-15 06:30+01:00,0.063825
2026-01-15 06:45+01:00,0.057929
2026-01-15 07:00+01:00,2.564390
2026-01-15 07:15+01:00,2.487231
2026-01-15 07:30+01:00,2.479151
2026-01-15 07:45+01:00,2.371772
2026-01-15 08:00+01:00,2.234304
2026-01-15 08:15+01:00,2.575358
2026-01-15 08:30+01:00,1.950080
2026-01-15 08:45+01:00,2.637043
2026-01-15 09:00+01:00,2.387020
2026-01-15 09:15+01:00,2.619960
2026-01-15 09:30+01:00,2.460747
2026-01-15 09:45+01:00,2.337452
2026-01-15 10:00+01:00,2.254130
2026-01-15 10:15+01:00,2.340371
2026-01-15 10:30+01:00,2.400815
2026-01-15 10:45+01:00,2.336093
2026-01-15 11:00+01:00,2.321728
2026-01-15 11:15+01:00,
2026-01-15 11:30+01:00,2.332243
2026-01-15 11:45+01:00,2.278389
2026-01-15 12:00+01:00,2.524843
2026-01-15 12:15+01:00,2.350202
2026-01-15 12:30+01:00,2.177249
2026-01-15 12:45+01:00,2.290945
2026-01-15 13:00+01:00,2.450961
2026-01-15 13:15+01:00,2.497369
2026-01-15 13:30+01:00,2.100434
2026-01-15 13:45+01:00,2.433034
2026-01-15 14:00+01:00,2.597155
2026-01-15 14:15+01:00,2.528973
2026-01-15 14:30+01:00,2.486237
2026-01-15 14:45+01:00,2.480121
2026-01-15 15:00+01:00,2.371904
2026-01-15 15:15+01:00,2.406417
2026-01-15 15:30+01:00,2.438889
2026-01-15 15:45+01:00,2.363746
2026-01-15 16:00+01:00,
2026-01-15 16:15+01:00,2.510574
2026-01-15 16:30+01:00,2.163465
2026-01-15 16:45+01:00,2.361798
2026-01-15 17:00+01:00,2.279493
2026-01-15 17:15+01:00,2.254818
2026-01-15 17:30+01:00,2.452697
2026-01-15 17:45+01:00,2.292191
2026-01-15 18:00+01:00,0.051722
2026-01-15 18:15+01:00,0.067373
2026-01-15 18:30+01:00,0.061562
2026-01-15 18:45+01:00,0.059406
2026-01-15 19:00+01:00,0.049874
2026-01-15 19:15+01:00,0.076370
2026-01-15 19:30+01:00,0.073325
2026-01-15 19:45+01:00,
2026-01-15 20:00+01:00,0.061700
2026-01-15 20:15+01:00,0.047260
2026-01-15 20:30+01:00,0.063510
2026-01-15 20:45+01:00,0.070680
2026-01-15 21:00+01:00,0.061291
2026-01-15 21:15+01:00,0.053239
2026-01-15 21:30+01:00,0.063138
2026-01-15 21:45+01:00,0.060128
2026-01-15 22:00+01:00,0.058380
2026-01-15 22:15+01:00,
2026-01-15 22:30+01:00,0.075140
2026-01-15 22:45+01:00,0.071670
2026-01-15 23:00+01:00,0.051991
2026-01-15 23:15+01:00,0.061986
2026-01-15 23:30+01:00,0.060016
2026-01-15 23:45+01:00,0.059809
2026-01-16 00:00+01:00,0.058954
2026-01-16 00:15+01:00,0.082299
2026-01-16 00:30+01:00,0.064791
2026-01-16 00:45+01:00,0.058491
2026-01-16 01:00+01:00,0.061000
2026-01-16 01:15+01:00,0.069688
2026-01-16 01:30+01:00,0.059766
2026-01-16 01:45+01:00,0.060563
2026-01-16 02:00+01:00,0.054343
2026-01-16 02:15+01:00,0.064361
2026-01-16 02:30+01:00,0.067456
2026-01-16 02:45+01:00,0.059972
2026-01-16 03:00+01:00,0.062568
2026-01-16 03:15+01:00,
2026-01-16 03:30+01:00,0.069771
2026-01-16 03:45+01:00,0.065455
2026-01-16 04:00+01:00,0.074857
2026-01-16 04:15+01:00,0.048151
2026-01-16 04:30+01:00,0.076351
2026-01-16 04:45+01:00,0.044623
2026-01-16 05:00+01:00,0.063528
2026-01-16 05:15+01:00,0.059022
2026-01-16 05:30+01:00,0.061555
2026-01-16 05:45+01:00,0.062422
2026-01-16 06:00+01:00,0.062844
2026-01-16 06:15+01:00,0.079602
2026-01-16 06:30+01:00,0.056560
2026-01-16 06:45+01:00,0.063059
2026-01-16 07:00+01:00,2.226667
2026-01-16 07:15+01:00,2.557419
2026-01-16 07:30+01:00,2.271785
2026-01-16 07:45+01:00,2.402577
2026-01-16 08:00+01:00,2.414441
2026-01-16 08:15+01:00,
2026-01-16 08:30+01:00,2.701691
2026-01-16 08:45+01:00,2.416053
2026-01-16 09:00+01:00,2.301880
2026-01-16 09:15+01:00,2.174821
2026-01-16 09:30+01:00,2.494210
2026-01-16 09:45+01:00,2.459889
2026-01-16 10:00+01:00,2.113001
2026-01-16 10:15+01:00,2.461819
2026-01-16 10:30+01:00,2.360698
2026-01-16 10:45+01:00,2.288187
2026-01-16 11:00+01:00,2.590060
2026-01-16 11:15+01:00,2.449450
2026-01-16 11:30+01:00,2.295551
2026-01-16 11:45+01:00,2.426883
2026-01-16 12:00+01:00,2.379749
2026-01-16 12:15+01:00,2.420671
2026-01-16 12:30+01:00,2.403941
2026-01-16 12:45+01:00,2.406961
2026-01-16 13:00+01:00,2.400338
2026-01-16 13:15+01:00,2.402866
2026-01-16 13:30+01:00,2.372819
2026-01-16 13:45+01:00,2.431519
2026-01-16 14:00+01:00,2.331974
2026-01-16 14:15+01:00,2.343144
2026-01-16 14:30+01:00,2.435342
2026-01-16 14:45+01:00,2.496547
2026-01-16 15:00+01:00,2.347362
2026-01-16 15:15+01:00,2.519112
2026-01-16 15:30+01:00,2.592330
2026-01-16 15:45+01:00,2.279005
2026-01-16 16:00+01:00,2.433150
2026-01-16 16:15+01:00,2.621214
2026-01-16 16:30+01:00,2.229668
2026-01-16 16:45+01:00,
2026-01-16 17:00+01:00,2.185875
2026-01-16 17:15+01:00,2.473779
2026-01-16 17:30+01:00,
2026-01-16 17:45+01:00,2.422135
2026-01-16 18:00+01:00,0.070418
2026-01-16 18:15+01:00,0.053558
2026-01-16 18:30+01:00,0.052660
2026-01-16 18:45+01:00,0.067653
2026-01-16 19:00+01:00,0.059777
2026-01-16 19:15+01:00,0.082711
2026-01-16 19:30+01:00,0.073516
2026-01-16 19:45+01:00,0.051281
2026-01-16 20:00+01:00,0.070880
2026-01-16 20:15+01:00,0.078334
2026-01-16 20:30+01:00,0.072325
2026-01-16 20:45+01:00,0.049974
2026-01-16 21:00+01:00,0.064188
2026-01-16 21:15+01:00,0.056707
2026-01-16 21:30+01:00,0.061934
2026-01-16 21:45+01:00,0.046998
2026-01-16 22:00+01:00,0.045084
2026-01-16 22:15+01:00,0.059553
2026-01-16 22:30+01:00,0.059137
2026-01-16 22:45+01:00,0.061054
2026-01-16 23:00+01:00,
2026-01-16 23:15+01:00,0.063950
2026-01-16 23:30+01:00,0.061777
2026-01-16 23:45+01:00,0.050611
2026-01-17 00:00+01:00,0.066039
2026-01-17 00:15+01:00,0.047356
2026-01-17 00:30+01:00,0.060008
2026-01-17 00:45+01:00,0.047447
2026-01-17 01:00+01:00,0.043631
2026-01-17 01:15+01:00,0.042178
2026-01-17 01:30+01:00,0.043009
2026-01-17 01:45+01:00,0.052019
2026-01-17 02:00+01:00,0.050570
2026-01-17 02:15+01:00,0.047574
2026-01-17 02:30+01:00,0.044931
2026-01-17 02:45+01:00,0.060235
2026-01-17 03:00+01:00,0.000000
2026-01-17 03:15+01:00,0.052383
2026-01-17 03:30+01:00,0.049032
2026-01-17 03:45+01:00,0.039453
2026-01-17 04:00+01:00,0.052159
2026-01-17 04:15+01:00,0.052916
2026-01-17 04:30+01:00,0.063136
2026-01-17 04:45+01:00,0.050415
2026-01-17 05:00+01:00,0.057360
2026-01-17 05:15+01:00,0.050102
2026-01-17 05:30+01:00,0.056294
2026-01-17 05:45+01:00,0.056421
2026-01-17 06:00+01:00,0.053564
2026-01-17 06:15+01:00,0.051460
2026-01-17 06:30+01:00,0.054770
2026-01-17 06:45+01:00,0.057580
2026-01-17 07:00+01:00,0.045070
2026-01-17 07:15+01:00,0.044172
2026-01-17 07:30+01:00,0.036303
2026-01-17 07:45+01:00,0.058403
2026-01-17 08:00+01:00,0.047566
2026-01-17 08:15+01:00,0.058332
2026-01-17 08:30+01:00,0.057258
2026-01-17 08:45+01:00,0.047652
2026-01-17 09:00+01:00,0.050938
2026-01-17 09:15+01:00,0.047855
2026-01-17 09:30+01:00,0.056457
2026-01-17 09:45+01:00,0.042663
2026-01-17 10:00+01:00,0.039903
2026-01-17 10:15+01:00,0.049775
2026-01-17 10:30+01:00,0.050622
2026-01-17 10:45+01:00,0.044998
2026-01-17 11:00+01:00,0.053408
2026-01-17 11:15+01:00,0.043789
2026-01-17 11:30+01:00,0.050468
2026-01-17 11:45+01:00,0.050199
2026-01-17 12:00+01:00,0.045237
2026-01-17 12:15+01:00,0.036574
2026-01-17 12:30+01:00,0.042195
2026-01-17 12:45+01:00,0.040939
2026-01-17 13:00+01:00,0.046677
2026-01-17 13:15+01:00,0.040661
2026-01-17 13:30+01:00,0.045701
2026-01-17 13:45+01:00,0.051269
2026-01-17 14:00+01:00,0.057438
2026-01-17 14:15+01:00,0.043176
2026-01-17 14:30+01:00,0.049396
2026-01-17 14:45+01:00,0.044264
2026-01-17 15:00+01:00,0.053197
2026-01-17 15:15+01:00,0.058421
2026-01-17 15:30+01:00,0.047760
2026-01-17 15:45+01:00,0.045787
2026-01-17 16:00+01:00,0.044854
2026-01-17 16:15+01:00,0.051195
2026-01-17 16:30+01:00,0.044627
2026-01-17 16:45+01:00,0.050029
2026-01-17 17:00+01:00,0.045716
2026-01-17 17:15+01:00,0.044333
2026-01-17 17:30+01:00,0.051390
2026-01-17 17:45+01:00,0.045089
2026-01-17 18:00+01:00,0.045411
2026-01-17 18:15+01:00,
2026-01-17 18:30+01:00,0.058824
2026-01-17 18:45+01:00,0.038786
2026-01-17 19:00+01:00,0.046465
2026-01-17 19:15+01:00,0.052548
2026-01-17 19:30+01:00,0.039212
2026-01-17 19:45+01:00,0.055910
2026-01-17 20:00+01:00,0.049163
2026-01-17 20:15+01:00,0.044264
2026-01-17 20:30+01:00,0.048235
2026-01-17 20:45+01:00,0.039405
2026-01-17 21:00+01:00,0.051941
2026-01-17 21:15+01:00,0.050000
2026-01-17 21:30+01:00,0.040734
2026-01-17 21:45+01:00,0.045389
2026-01-17 22:00+01:00,0.055818
2026-01-17 22:15+01:00,0.050133
2026-01-17 22:30+01:00,0.049057
2026-01-17 22:45+01:00,0.040350
2026-01-17 23:00+01:00,0.046659
2026-01-17 23:15+01:00,0.050414
2026-01-17 23:30+01:00,0.037974
2026-01-17 23:45+01:00,0.044354
2026-01-18 00:00+01:00,0.039021
2026-01-18 00:15+01:00,0.044159
2026-01-18 00:30+01:00,0.038303
2026-01-18 00:45+01:00,0.051901
2026-01-18 01:00+01:00,0.039123
2026-01-18 01:15+01:00,0.052003
2026-01-18 01:30+01:00,0.051157
2026-01-18 01:45+01:00,0.057436
2026-01-18 02:00+01:00,0.041553
2026-01-18 02:15+01:00,0.040257
2026-01-18 02:30+01:00,0.056420
2026-01-18 02:45+01:00,0.053060
2026-01-18 03:00+01:00,0.050058
2026-01-18 03:15+01:00,0.052294
2026-01-18 03:30+01:00,0.043829
2026-01-18 03:45+01:00,0.048409
2026-01-18 04:00+01:00,0.054971
2026-01-18 04:15+01:00,0.043440
2026-01-18 04:30+01:00,
2026-01-18 04:45+01:00,0.056069
2026-01-18 05:00+01:00,0.039315
2026-01-18 05:15+01:00,0.058536
2026-01-18 05:30+01:00,0.052231
2026-01-18 05:45+01:00,0.050806
2026-01-18 06:00+01:00,0.050038
2026-01-18 06:15+01:00,0.044285
2026-01-18 06:30+01:00,0.035136
2026-01-18 06:45+01:00,0.044603
2026-01-18 07:00+01:00,0.039375
2026-01-18 07:15+01:00,0.036488
2026-01-18 07:30+01:00,0.048800
2026-01-18 07:45+01:00,0.055896
2026-01-18 08:00+01:00,0.057801
2026-01-18 08:15+01:00,0.049962
2026-01-18 08:30+01:00,0.049478
2026-01-18 08:45+01:00,0.046005
2026-01-18 09:00+01:00,0.048924
2026-01-18 09:15+01:00,0.052884
2026-01-18 09:30+01:00,0.036624
2026-01-18 09:45+01:00,0.052992
2026-01-18 10:00+01:00,0.040147
2026-01-18 10:15+01:00,0.049509
2026-01-18 10:30+01:00,0.038422
2026-01-18 10:45+01:00,0.066394
2026-01-18 11:00+01:00,0.059741
2026-01-18 11:15+01:00,0.055525
2026-01-18 11:30+01:00,0.053213
2026-01-18 11:45+01:00,0.049974
2026-01-18 12:00+01:00,0.051205
2026-01-18 12:15+01:00,0.053892
2026-01-18 12:30+01:00,0.049296
2026-01-18 12:45+01:00,0.058914
2026-01-18 13:00+01:00,0.049064
2026-01-18 13:15+01:00,0.048997
2026-01-18 13:30+01:00,0.041502
2026-01-18 13:45+01:00,0.052651
2026-01-18 14:00+01:00,0.051485
2026-01-18 14:15+01:00,0.054625
2026-01-18 14:30+01:00,0.000000
2026-01-18 14:45+01:00,0.042189
2026-01-18 15:00+01:00,0.049258
2026-01-18 15:15+01:00,0.043406
2026-01-18 15:30+01:00,0.057904
2026-01-18 15:45+01:00,
2026-01-18 16:00+01:00,0.058442
2026-01-18 16:15+01:00,0.036312
2026-01-18 16:30+01:00,0.050342
2026-01-18 16:45+01:00,0.049643
2026-01-18 17:00+01:00,0.043186
2026-01-18 17:15+01:00,0.044285
2026-01-18 17:30+01:00,0.041522
2026-01-18 17:45+01:00,0.041793
2026-01-18 18:00+01:00,0.046403
2026-01-18 18:15+01:00,0.046434
2026-01-18 18:30+01:00,0.054856
2026-01-18 18:45+01:00,0.044983
2026-01-18 19:00+01:00,0.054442
2026-01-18 19:15+01:00,0.048874
2026-01-18 19:30+01:00,0.051816
2026-01-18 19:45+01:00,0.053257
2026-01-18 20:00+01:00,0.059260
2026-01-18 20:15+01:00,0.047082
2026-01-18 20:30+01:00,0.040658
2026-01-18 20:45+01:00,0.044786
2026-01-18 21:00+01:00,0.046060
2026-01-18 21:15+01:00,0.052495
2026-01-18 21:30+01:00,0.044115
2026-01-18 21:45+01:00,0.057718
2026-01-18 22:00+01:00,0.044631
2026-01-18 22:15+01:00,0.000000
2026-01-18 22:30+01:00,0.034400
2026-01-18 22:45+01:00,0.046862
2026-01-18 23:00+01:00,0.049797
2026-01-18 23:15+01:00,0.042221
2026-01-18 23:30+01:00,0.053268
2026-01-18 23:45+01:00,0.049574
2026-01-19 00:00+01:00,0.057222
2026-01-19 00:15+01:00,0.063608
2026-01-19 00:30+01:00,0.068046
2026-01-19 00:45+01:00,0.064574
2026-01-19 01:00+01:00,0.069913
2026-01-19 01:15+01:00,0.082031
2026-01-19 01:30+01:00,0.050602
2026-01-19 01:45+01:00,0.056079
2026-01-19 02:00+01:00,0.068510
2026-01-19 02:15+01:00,0.066318
2026-01-19 02:30+01:00,0.076263
2026-01-19 02:45+01:00,0.051482
2026-01-19 03:00+01:00,0.068478
2026-01-19 03:15+01:00,0.058047
2026-01-19 03:30+01:00,0.061804
2026-01-19 03:45+01:00,0.073982
2026-01-19 04:00+01:00,0.065788
2026-01-19 04:15+01:00,0.077978
2026-01-19 04:30+01:00,0.077849
2026-01-19 04:45+01:00,0.075675
2026-01-19 05:00+01:00,0.075153
2026-01-19 05:15+01:00,0.069727
2026-01-19 05:30+01:00,0.058131
2026-01-19 05:45+01:00,0.061135
2026-01-19 06:00+01:00,0.059040
2026-01-19 06:15+01:00,0.056227
2026-01-19 06:30+01:00,0.059381
2026-01-19 06:45+01:00,0.065454
2026-01-19 07:00+01:00,2.323071
2026-01-19 07:15+01:00,2.510912
2026-01-19 07:30+01:00,2.222190
2026-01-19 07:45+01:00,
2026-01-19 08:00+01:00,2.722857
2026-01-19 08:15+01:00,2.507179
2026-01-19 08:30+01:00,2.297375
2026-01-19 08:45+01:00,2.426252
2026-01-19 09:00+01:00,
2026-01-19 09:15+01:00,2.136239
2026-01-19 09:30+01:00,2.442622
2026-01-19 09:45+01:00,2.391530
2026-01-19 10:00+01:00,2.545972
2026-01-19 10:15+01:00,2.574073
2026-01-19 10:30+01:00,2.411440
2026-01-19 10:45+01:00,2.563638
2026-01-19 11:00+01:00,2.470232
2026-01-19 11:15+01:00,2.700907
2026-01-19 11:30+01:00,2.319790
2026-01-19 11:45+01:00,2.147505
2026-01-19 12:00+01:00,2.361298
2026-01-19 12:15+01:00,
2026-01-19 12:30+01:00,2.322345
2026-01-19 12:45+01:00,2.342041
2026-01-19 13:00+01:00,2.502608
2026-01-19 13:15+01:00,2.427477
2026-01-19 13:30+01:00,2.470252
2026-01-19 13:45+01:00,2.520778
2026-01-19 14:00+01:00,2.537615
2026-01-19 14:15+01:00,2.542051
2026-01-19 14:30+01:00,2.579983
2026-01-19 14:45+01:00,2.200223
2026-01-19 15:00+01:00,2.333092
2026-01-19 15:15+01:00,2.367643
2026-01-19 15:30+01:00,2.037975
2026-01-19 15:45+01:00,2.659726
2026-01-19 16:00+01:00,2.189604
2026-01-19 16:15+01:00,2.159077
2026-01-19 16:30+01:00,2.412954
2026-01-19 16:45+01:00,2.267475
2026-01-19 17:00+01:00,2.613258
2026-01-19 17:15+01:00,2.532270
2026-01-19 17:30+01:00,2.540488
2026-01-19 17:45+01:00,2.166945
2026-01-19 18:00+01:00,0.048989
2026-01-19 18:15+01:00,0.053641
2026-01-19 18:30+01:00,0.057151
2026-01-19 18:45+01:00,0.071100
2026-01-19 19:00+01:00,0.050840
2026-01-19 19:15+01:00,0.057556
2026-01-19 19:30+01:00,0.064275
2026-01-19 19:45+01:00,0.082055
2026-01-19 20:00+01:00,0.066569
2026-01-19 20:15+01:00,0.050196
2026-01-19 20:30+01:00,0.050432
2026-01-19 20:45+01:00,0.071906
2026-01-19 21:00+01:00,0.063881
2026-01-19 21:15+01:00,0.060255
2026-01-19 21:30+01:00,0.063627
2026-01-19 21:45+01:00,0.057206
2026-01-19 22:00+01:00,0.057481
2026-01-19 22:15+01:00,0.060474
2026-01-19 22:30+01:00,0.068066
2026-01-19 22:45+01:00,0.680192
2026-01-19 23:00+01:00,0.480824
2026-01-19 23:15+01:00,0.087203
2026-01-19 23:30+01:00,0.083124
2026-01-19 23:45+01:00,0.052668
2026-01-20 00:00+01:00,0.053792
2026-01-20 00:15+01:00,0.058567
2026-01-20 00:30+01:00,0.064885
2026-01-20 00:45+01:00,0.055047
2026-01-20 01:00+01:00,0.062187
2026-01-20 01:15+01:00,0.065321
2026-01-20 01:30+01:00,0.058680
2026-01-20 01:45+01:00,0.052537
2026-01-20 02:00+01:00,0.059418
2026-01-20 02:15+01:00,0.077859
2026-01-20 02:30+01:00,0.071083
2026-01-20 02:45+01:00,0.060271
2026-01-20 03:00+01:00,0.052255
2026-01-20 03:15+01:00,0.067486
2026-01-20 03:30+01:00,0.071589
2026-01-20 03:45+01:00,0.056879
2026-01-20 04:00+01:00,0.064720
2026-01-20 04:15+01:00,0.071940
2026-01-20 04:30+01:00,0.055667
2026-01-20 04:45+01:00,0.058425
2026-01-20 05:00+01:00,0.064703
2026-01-20 05:15+01:00,0.060286
2026-01-20 05:30+01:00,0.054923
2026-01-20 05:45+01:00,0.052071
2026-01-20 06:00+01:00,0.055343
2026-01-20 06:15+01:00,0.077357
2026-01-20 06:30+01:00,0.062440
2026-01-20 06:45+01:00,0.069353
2026-01-20 07:00+01:00,2.556302
2026-01-20 07:15+01:00,2.319517
2026-01-20 07:30+01:00,2.363893
2026-01-20 07:45+01:00,2.641545
2026-01-20 08:00+01:00,2.276401
2026-01-20 08:15+01:00,2.497852
2026-01-20 08:30+01:00,2.308945
2026-01-20 08:45+01:00,2.426479
2026-01-20 09:00+01:00,2.154541
2026-01-20 09:15+01:00,2.601702
2026-01-20 09:30+01:00,
2026-01-20 09:45+01:00,2.523205
2026-01-20 10:00+01:00,2.469459
2026-01-20 10:15+01:00,2.288289
2026-01-20 10:30+01:00,2.529364
2026-01-20 10:45+01:00,2.482525
2026-01-20 11:00+01:00,2.384147
2026-01-20 11:15+01:00,2.467092
2026-01-20 11:30+01:00,2.374700
2026-01-20 11:45+01:00,2.691440
2026-01-20 12:00+01:00,2.613499
2026-01-20 12:15+01:00,2.263571
2026-01-20 12:30+01:00,2.430813
2026-01-20 12:45+01:00,2.526752
2026-01-20 13:00+01:00,2.547710
2026-01-20 13:15+01:00,2.481401
2026-01-20 13:30+01:00,2.601703
2026-01-20 13:45+01:00,2.396185
2026-01-20 14:00+01:00,2.425474
2026-01-20 14:15+01:00,2.354095
2026-01-20 14:30+01:00,2.252849
2026-01-20 14:45+01:00,2.628790
2026-01-20 15:00+01:00,2.272954
2026-01-20 15:15+01:00,2.396308
2026-01-20 15:30+01:00,2.519490
2026-01-20 15:45+01:00,2.229566
2026-01-20 16:00+01:00,2.338280
2026-01-20 16:15+01:00,
2026-01-20 16:30+01:00,2.649456
2026-01-20 16:45+01:00,2.528752
2026-01-20 17:00+01:00,2.529553
2026-01-20 17:15+01:00,2.458661
2026-01-20 17:30+01:00,2.465610
2026-01-20 17:45+01:00,2.457699
2026-01-20 18:00+01:00,0.073835
2026-01-20 18:15+01:00,0.065804
2026-01-20 18:30+01:00,0.078536
2026-01-20 18:45+01:00,0.057030
2026-01-20 19:00+01:00,0.063747
2026-01-20 19:15+01:00,0.046929
2026-01-20 19:30+01:00,0.075783
2026-01-20 19:45+01:00,0.057026
2026-01-20 20:00+01:00,0.055699
2026-01-20 20:15+01:00,0.075943
2026-01-20 20:30+01:00,0.082629
2026-01-20 20:45+01:00,0.057169
2026-01-20 21:00+01:00,0.072570
2026-01-20 21:15+01:00,0.058742
2026-01-20 21:30+01:00,0.059875
2026-01-20 21:45+01:00,0.060270
2026-01-20 22:00+01:00,0.062360
2026-01-20 22:15+01:00,
2026-01-20 22:30+01:00,0.076936
2026-01-20 22:45+01:00,0.058835
2026-01-20 23:00+01:00,0.071067
2026-01-20 23:15+01:00,0.051108
2026-01-20 23:30+01:00,0.060088
2026-01-20 23:45+01:00,0.067602
2026-01-21 00:00+01:00,0.069146
2026-01-21 00:15+01:00,0.081866
2026-01-21 00:30+01:00,0.070501
2026-01-21 00:45+01:00,0.064362
2026-01-21 01:00+01:00,0.073788
2026-01-21 01:15+01:00,0.062050
2026-01-21 01:30+01:00,0.060657
2026-01-21 01:45+01:00,0.057067
2026-01-21 02:00+01:00,0.063707
2026-01-21 02:15+01:00,0.073548
2026-01-21 02:30+01:00,0.060493
2026-01-21 02:45+01:00,0.041405
2026-01-21 03:00+01:00,0.063682
2026-01-21 03:15+01:00,0.063795
2026-01-21 03:30+01:00,0.085237
2026-01-21 03:45+01:00,0.062317
2026-01-21 04:00+01:00,0.077187
2026-01-21 04:15+01:00,0.070326
2026-01-21 04:30+01:00,0.077916
2026-01-21 04:45+01:00,0.060641
2026-01-21 05:00+01:00,0.067562
2026-01-21 05:15+01:00,0.067548
2026-01-21 05:30+01:00,0.056993
2026-01-21 05:45+01:00,0.061220
2026-01-21 06:00+01:00,0.061961
2026-01-21 06:15+01:00,0.060855
2026-01-21 06:30+01:00,0.060599
2026-01-21 06:45+01:00,
2026-01-21 07:00+01:00,2.283883
2026-01-21 07:15+01:00,2.705848
2026-01-21 07:30+01:00,2.375551
2026-01-21 07:45+01:00,2.278928
2026-01-21 08:00+01:00,2.184708
2026-01-21 08:15+01:00,2.449072
2026-01-21 08:30+01:00,2.653330
2026-01-21 08:45+01:00,2.344352
2026-01-21 09:00+01:00,2.413622
2026-01-21 09:15+01:00,2.634811
2026-01-21 09:30+01:00,2.312798
2026-01-21 09:45+01:00,2.481541
2026-01-21 10:00+01:00,2.516241
2026-01-21 10:15+01:00,2.339364
2026-01-21 10:30+01:00,2.567625
2026-01-21 10:45+01:00,2.653876
2026-01-21 11:00+01:00,2.511316
2026-01-21 11:15+01:00,2.357475
2026-01-21 11:30+01:00,2.480447
2026-01-21 11:45+01:00,2.431333
2026-01-21 12:00+01:00,2.346049
2026-01-21 12:15+01:00,2.532788
2026-01-21 12:30+01:00,2.325686
2026-01-21 12:45+01:00,2.633023
2026-01-21 13:00+01:00,2.647175
2026-01-21 13:15+01:00,2.751074
2026-01-21 13:30+01:00,2.436324
2026-01-21 13:45+01:00,2.162450
2026-01-21 14:00+01:00,2.478590
2026-01-21 14:15+01:00,2.455411
2026-01-21 14:30+01:00,2.473677
2026-01-21 14:45+01:00,2.301378
2026-01-21 15:00+01:00,2.351200
2026-01-21 15:15+01:00,2.311212
2026-01-21 15:30+01:00,2.287020
2026-01-21 15:45+01:00,2.753180
2026-01-21 16:00+01:00,2.272216
2026-01-21 16:15+01:00,2.247164
2026-01-21 16:30+01:00,2.504912
2026-01-21 16:45+01:00,2.497141
2026-01-21 17:00+01:00,2.398561
2026-01-21 17:15+01:00,2.428582
2026-01-21 17:30+01:00,2.428372
2026-01-21 17:45+01:00,2.410935
2026-01-21 18:00+01:00,0.075635
2026-01-21 18:15+01:00,0.063011
2026-01-21 18:30+01:00,0.066188
2026-01-21 18:45+01:00,0.070460
2026-01-21 19:00+01:00,0.065603
2026-01-21 19:15+01:00,0.062111
2026-01-21 19:30+01:00,0.073091
2026-01-21 19:45+01:00,0.072437
2026-01-21 20:00+01:00,0.064049
2026-01-21 20:15+01:00,0.076991
2026-01-21 20:30+01:00,0.058712
2026-01-21 20:45+01:00,0.072879
2026-01-21 21:00+01:00,0.058612
2026-01-21 21:15+01:00,0.094821
2026-01-21 21:30+01:00,
2026-01-21 21:45+01:00,0.070883
2026-01-21 22:00+01:00,0.076148
2026-01-21 22:15+01:00,0.000000
2026-01-21 22:30+01:00,0.061280
2026-01-21 22:45+01:00,0.063027
2026-01-21 23:00+01:00,0.063290
2026-01-21 23:15+01:00,0.081123
2026-01-21 23:30+01:00,0.064645
2026-01-21 23:45+01:00,0.051260
2026-01-22 00:00+01:00,0.077443
2026-01-22 00:15+01:00,0.057779
2026-01-22 00:30+01:00,0.069153
2026-01-22 00:45+01:00,0.066291
2026-01-22 01:00+01:00,0.073223
2026-01-22 01:15+01:00,0.058248
2026-01-22 01:30+01:00,0.072911
2026-01-22 01:45+01:00,0.057958
2026-01-22 02:00+01:00,0.061940
2026-01-22 02:15+01:00,0.057186
2026-01-22 02:30+01:00,0.067615
2026-01-22 02:45+01:00,0.051385
2026-01-22 03:00+01:00,0.061667
2026-01-22 03:15+01:00,0.061980
2026-01-22 03:30+01:00,0.064023
2026-01-22 03:45+01:00,0.076779
2026-01-22 04:00+01:00,0.056136
2026-01-22 04:15+01:00,0.067331
2026-01-22 04:30+01:00,0.058566
2026-01-22 04:45+01:00,0.061750
2026-01-22 05:00+01:00,0.066301
2026-01-22 05:15+01:00,0.056007
2026-01-22 05:30+01:00,0.073566
2026-01-22 05:45+01:00,0.076234
2026-01-22 06:00+01:00,0.073110
2026-01-22 06:15+01:00,0.060571
2026-01-22 06:30+01:00,0.057497
2026-01-22 06:45+01:00,0.063281
2026-01-22 07:00+01:00,2.606127
2026-01-22 07:15+01:00,2.264852
2026-01-22 07:30+01:00,2.411950
2026-01-22 07:45+01:00,2.331489
2026-01-22 08:00+01:00,2.552271
2026-01-22 08:15+01:00,2.364108
2026-01-22 08:30+01:00,2.288789
2026-01-22 08:45+01:00,2.515842
2026-01-22 09:00+01:00,2.670343
2026-01-22 09:15+01:00,2.424669
2026-01-22 09:30+01:00,2.663280
2026-01-22 09:45+01:00,2.437790
2026-01-22 10:00+01:00,2.237296
2026-01-22 10:15+01:00,2.577569
2026-01-22 10:30+01:00,2.438765
2026-01-22 10:45+01:00,2.244519
2026-01-22 11:00+01:00,2.310298
2026-01-22 11:15+01:00,2.222243
2026-01-22 11:30+01:00,2.257584
2026-01-22 11:45+01:00,2.553887
2026-01-22 12:00+01:00,2.124896
2026-01-22 12:15+01:00,2.456993
2026-01-22 12:30+01:00,2.428702
2026-01-22 12:45+01:00,2.484812
2026-01-22 13:00+01:00,2.251754
2026-01-22 13:15+01:00,2.303249
2026-01-22 13:30+01:00,
2026-01-22 13:45+01:00,2.399425
2026-01-22 14:00+01:00,2.410889
2026-01-22 14:15+01:00,2.364204
2026-01-22 14:30+01:00,2.486370
2026-01-22 14:45+01:00,2.300361
2026-01-22 15:00+01:00,2.221020
2026-01-22 15:15+01:00,2.282966
2026-01-22 15:30+01:00,2.248850
2026-01-22 15:45+01:00,2.184990
2026-01-22 16:00+01:00,2.720837
2026-01-22 16:15+01:00,2.345263
2026-01-22 16:30+01:00,2.258363
2026-01-22 16:45+01:00,2.382081
2026-01-22 17:00+01:00,2.484506
2026-01-22 17:15+01:00,2.419440
2026-01-22 17:30+01:00,2.423635
2026-01-22 17:45+01:00,2.310743
2026-01-22 18:00+01:00,0.051545
2026-01-22 18:15+01:00,0.064324
2026-01-22 18:30+01:00,0.070318
2026-01-22 18:45+01:00,0.049680
2026-01-22 19:00+01:00,0.058305
2026-01-22 19:15+01:00,0.067065
2026-01-22 19:30+01:00,0.065667
2026-01-22 19:45+01:00,0.053143
2026-01-22 20:00+01:00,0.046544
2026-01-22 20:15+01:00,0.041430
2026-01-22 20:30+01:00,0.059341
2026-01-22 20:45+01:00,0.065851
2026-01-22 21:00+01:00,0.056389
2026-01-22 21:15+01:00,0.057702
2026-01-22 21:30+01:00,0.059227
2026-01-22 21:45+01:00,0.067562
2026-01-22 22:00+01:00,0.059199
2026-01-22 22:15+01:00,0.062263
2026-01-22 22:30+01:00,0.000000
2026-01-22 22:45+01:00,0.058970
2026-01-22 23:00+01:00,0.057474
2026-01-22 23:15+01:00,0.078236
2026-01-22 23:30+01:00,0.085328
2026-01-22 23:45+01:00,0.072996
2026-01-23 00:00+01:00,0.064271
2026-01-23 00:15+01:00,0.059519
2026-01-23 00:30+01:00,0.050420
2026-01-23 00:45+01:00,0.069142
2026-01-23 01:00+01:00,0.080479
2026-01-23 01:15+01:00,0.069796
2026-01-23 01:30+01:00,0.061652
2026-01-23 01:45+01:00,0.064666
2026-01-23 02:00+01:00,0.058573
2026-01-23 02:15+01:00,0.061315
2026-01-23 02:30+01:00,0.063133
2026-01-23 02:45+01:00,0.053678
2026-01-23 03:00+01:00,0.052442
2026-01-23 03:15+01:00,0.062214
2026-01-23 03:30+01:00,0.060433
2026-01-23 03:45+01:00,0.074057
2026-01-23 04:00+01:00,0.064929
2026-01-23 04:15+01:00,0.050858
2026-01-23 04:30+01:00,0.067431
2026-01-23 04:45+01:00,0.066170
2026-01-23 05:00+01:00,0.064654
2026-01-23 05:15+01:00,0.074571
2026-01-23 05:30+01:00,0.066105
2026-01-23 05:45+01:00,0.059917
2026-01-23 06:00+01:00,0.067448
2026-01-23 06:15+01:00,0.061481
2026-01-23 06:30+01:00,0.066177
2026-01-23 06:45+01:00,0.053835
2026-01-23 07:00+01:00,2.611305
2026-01-23 07:15+01:00,2.373152
2026-01-23 07:30+01:00,2.572263
2026-01-23 07:45+01:00,2.234528
2026-01-23 08:00+01:00,2.213198
2026-01-23 08:15+01:00,2.543336
2026-01-23 08:30+01:00,2.256016
2026-01-23 08:45+01:00,2.405682
2026-01-23 09:00+01:00,2.328404
2026-01-23 09:15+01:00,2.111220
2026-01-23 09:30+01:00,2.273759
2026-01-23 09:45+01:00,2.543503
2026-01-23 10:00+01:00,2.305699
2026-01-23 10:15+01:00,2.277762
2026-01-23 10:30+01:00,2.647990
2026-01-23 10:45+01:00,2.356769
2026-01-23 11:00+01:00,2.360361
2026-01-23 11:15+01:00,2.442894
2026-01-23 11:30+01:00,2.735718
2026-01-23 11:45+01:00,2.448266
2026-01-23 12:00+01:00,
2026-01-23 12:15+01:00,2.473538
2026-01-23 12:30+01:00,2.569478
2026-01-23 12:45+01:00,2.496721
2026-01-23 13:00+01:00,2.510545
2026-01-23 13:15+01:00,2.652478
2026-01-23 13:30+01:00,2.420375
2026-01-23 13:45+01:00,2.537239
2026-01-23 14:00+01:00,2.653881
2026-01-23 14:15+01:00,2.605448
2026-01-23 14:30+01:00,2.329852
2026-01-23 14:45+01:00,2.672726
2026-01-23 15:00+01:00,2.687121
2026-01-23 15:15+01:00,2.713757
2026-01-23 15:30+01:00,2.481192
2026-01-23 15:45+01:00,2.406205
2026-01-23 16:00+01:00,2.398728
2026-01-23 16:15+01:00,2.546028
2026-01-23 16:30+01:00,2.429807
2026-01-23 16:45+01:00,2.275951
2026-01-23 17:00+01:00,2.715180
2026-01-23 17:15+01:00,2.367062
2026-01-23 17:30+01:00,2.188515
2026-01-23 17:45+01:00,2.391318
2026-01-23 18:00+01:00,0.068237
2026-01-23 18:15+01:00,0.086199
2026-01-23 18:30+01:00,0.053612
2026-01-23 18:45+01:00,0.062519
2026-01-23 19:00+01:00,0.058634
2026-01-23 19:15+01:00,0.057178
2026-01-23 19:30+01:00,0.070587
2026-01-23 19:45+01:00,0.068538
2026-01-23 20:00+01:00,0.068360
2026-01-23 20:15+01:00,0.069399
2026-01-23 20:30+01:00,0.073837
2026-01-23 20:45+01:00,0.000000
2026-01-23 21:00+01:00,0.063024
2026-01-23 21:15+01:00,0.059790
2026-01-23 21:30+01:00,0.058692
2026-01-23 21:45+01:00,0.073252
2026-01-23 22:00+01:00,0.042630
2026-01-23 22:15+01:00,0.051824
2026-01-23 22:30+01:00,0.074183
2026-01-23 22:45+01:00,0.050933
2026-01-23 23:00+01:00,0.059454
2026-01-23 23:15+01:00,0.068910
2026-01-23 23:30+01:00,0.070911
2026-01-23 23:45+01:00,0.055396
2026-01-24 00:00+01:00,0.064889
2026-01-24 00:15+01:00,0.053589
2026-01-24 00:30+01:00,0.051817
2026-01-24 00:45+01:00,0.055860
2026-01-24 01:00+01:00,0.051378
2026-01-24 01:15+01:00,0.045237
2026-01-24 01:30+01:00,0.058359
2026-01-24 01:45+01:00,0.067489
2026-01-24 02:00+01:00,0.050550
2026-01-24 02:15+01:00,0.041279
2026-01-24 02:30+01:00,
2026-01-24 02:45+01:00,0.052145
2026-01-24 03:00+01:00,0.049831
2026-01-24 03:15+01:00,0.049885
2026-01-24 03:30+01:00,0.047256
2026-01-24 03:45+01:00,0.000000
2026-01-24 04:00+01:00,0.051440
2026-01-24 04:15+01:00,0.046140
2026-01-24 04:30+01:00,0.043295
2026-01-24 04:45+01:00,0.043428
2026-01-24 05:00+01:00,0.043143
2026-01-24 05:15+01:00,0.049850
2026-01-24 05:30+01:00,0.036267
2026-01-24 05:45+01:00,0.055219
2026-01-24 06:00+01:00,0.044005
2026-01-24 06:15+01:00,0.045876
2026-01-24 06:30+01:00,0.038921
2026-01-24 06:45+01:00,0.049459
2026-01-24 07:00+01:00,0.044266
2026-01-24 07:15+01:00,0.057675
2026-01-24 07:30+01:00,0.050736
2026-01-24 07:45+01:00,0.052623
2026-01-24 08:00+01:00,0.051729
2026-01-24 08:15+01:00,0.042115
2026-01-24 08:30+01:00,0.050774
2026-01-24 08:45+01:00,0.051779
2026-01-24 09:00+01:00,0.054610
2026-01-24 09:15+01:00,0.046777
2026-01-24 09:30+01:00,0.048712
2026-01-24 09:45+01:00,0.055100
2026-01-24 10:00+01:00,0.045661
2026-01-24 10:15+01:00,0.056752
2026-01-24 10:30+01:00,0.041835
2026-01-24 10:45+01:00,0.043570
2026-01-24 11:00+01:00,0.034685
2026-01-24 11:15+01:00,0.061754
2026-01-24 11:30+01:00,0.035938
2026-01-24 11:45+01:00,0.053298
2026-01-24 12:00+01:00,0.043181
2026-01-24 12:15+01:00,0.040449
2026-01-24 12:30+01:00,0.055345
2026-01-24 12:45+01:00,0.054617
2026-01-24 13:00+01:00,0.049106
2026-01-24 13:15+01:00,0.052895
2026-01-24 13:30+01:00,0.035543
2026-01-24 13:45+01:00,0.057781
2026-01-24 14:00+01:00,0.063745
2026-01-24 14:15+01:00,0.041741
2026-01-24 14:30+01:00,0.044412
2026-01-24 14:45+01:00,0.034547
2026-01-24 15:00+01:00,0.049413
2026-01-24 15:15+01:00,0.042052
2026-01-24 15:30+01:00,
2026-01-24 15:45+01:00,0.051238
2026-01-24 16:00+01:00,0.053210
2026-01-24 16:15+01:00,0.056966
2026-01-24 16:30+01:00,0.052423
2026-01-24 16:45+01:00,0.050893
2026-01-24 17:00+01:00,0.052054
2026-01-24 17:15+01:00,0.050292
2026-01-24 17:30+01:00,0.050784
2026-01-24 17:45+01:00,0.042939
2026-01-24 18:00+01:00,0.000000
2026-01-24 18:15+01:00,0.041010
2026-01-24 18:30+01:00,0.039233
2026-01-24 18:45+01:00,0.374188
2026-01-24 19:00+01:00,0.341108
2026-01-24 19:15+01:00,0.056639
2026-01-24 19:30+01:00,0.046772
2026-01-24 19:45+01:00,0.053059
2026-01-24 20:00+01:00,0.041883
2026-01-24 20:15+01:00,0.042097
2026-01-24 20:30+01:00,0.052327
2026-01-24 20:45+01:00,0.053647
2026-01-24 21:00+01:00,0.048544
2026-01-24 21:15+01:00,0.040710
2026-01-24 21:30+01:00,0.048154
2026-01-24 21:45+01:00,0.048382
2026-01-24 22:00+01:00,0.358775
2026-01-24 22:15+01:00,0.298944
2026-01-24 22:30+01:00,0.039103
2026-01-24 22:45+01:00,0.048477
2026-01-24 23:00+01:00,
2026-01-24 23:15+01:00,0.054070
2026-01-24 23:30+01:00,0.047911
2026-01-24 23:45+01:00,0.047480
2026-01-25 00:00+01:00,0.041789
2026-01-25 00:15+01:00,0.055056
2026-01-25 00:30+01:00,0.048695
2026-01-25 00:45+01:00,0.046863
2026-01-25 01:00+01:00,0.058501
2026-01-25 01:15+01:00,0.057592
2026-01-25 01:30+01:00,0.053179
2026-01-25 01:45+01:00,0.056747
2026-01-25 02:00+01:00,0.049092
2026-01-25 02:15+01:00,0.048884
2026-01-25 02:30+01:00,0.048916
2026-01-25 02:45+01:00,
2026-01-25 03:00+01:00,0.044843
2026-01-25 03:15+01:00,0.045489
2026-01-25 03:30+01:00,0.052804
2026-01-25 03:45+01:00,0.044965
2026-01-25 04:00+01:00,0.055525
2026-01-25 04:15+01:00,0.047116
2026-01-25 04:30+01:00,0.047225
2026-01-25 04:45+01:00,0.057139
2026-01-25 05:00+01:00,0.047356
2026-01-25 05:15+01:00,0.039651
2026-01-25 05:30+01:00,0.040711
2026-01-25 05:45+01:00,0.051095
2026-01-25 06:00+01:00,0.050841
2026-01-25 06:15+01:00,0.044371
2026-01-25 06:30+01:00,0.049786
2026-01-25 06:45+01:00,0.038760
2026-01-25 07:00+01:00,0.044786
2026-01-25 07:15+01:00,0.042920
2026-01-25 07:30+01:00,0.047084
2026-01-25 07:45+01:00,0.039535
2026-01-25 08:00+01:00,
2026-01-25 08:15+01:00,0.043580
2026-01-25 08:30+01:00,0.048574
2026-01-25 08:45+01:00,0.047650
2026-01-25 09:00+01:00,0.052777
2026-01-25 09:15+01:00,0.046596
2026-01-25 09:30+01:00,0.045512
2026-01-25 09:45+01:00,0.050693
2026-01-25 10:00+01:00,0.042182
2026-01-25 10:15+01:00,0.042094
2026-01-25 10:30+01:00,0.045484
2026-01-25 10:45+01:00,0.043638
2026-01-25 11:00+01:00,0.045253
2026-01-25 11:15+01:00,0.052001
2026-01-25 11:30+01:00,0.058012
2026-01-25 11:45+01:00,0.056408
2026-01-25 12:00+01:00,0.055124
2026-01-25 12:15+01:00,0.052732
2026-01-25 12:30+01:00,0.046807
2026-01-25 12:45+01:00,0.051844
2026-01-25 13:00+01:00,0.045265
2026-01-25 13:15+01:00,0.050608
2026-01-25 13:30+01:00,0.050143
2026-01-25 13:45+01:00,0.044159
2026-01-25 14:00+01:00,0.040308
2026-01-25 14:15+01:00,0.039190
2026-01-25 14:30+01:00,0.050014
2026-01-25 14:45+01:00,0.047232
2026-01-25 15:00+01:00,0.049704
2026-01-25 15:15+01:00,0.045336
2026-01-25 15:30+01:00,0.046585
2026-01-25 15:45+01:00,0.047044
2026-01-25 16:00+01:00,0.042488
2026-01-25 16:15+01:00,0.048648
2026-01-25 16:30+01:00,0.043755
2026-01-25 16:45+01:00,0.047157
2026-01-25 17:00+01:00,0.045338
2026-01-25 17:15+01:00,0.038379
2026-01-25 17:30+01:00,0.044709
2026-01-25 17:45+01:00,0.045428
2026-01-25 18:00+01:00,0.064652
2026-01-25 18:15+01:00,0.058938
2026-01-25 18:30+01:00,0.061816
2026-01-25 18:45+01:00,0.053389
2026-01-25 19:00+01:00,0.047971
2026-01-25 19:15+01:00,0.050934
2026-01-25 19:30+01:00,0.041040
2026-01-25 19:45+01:00,0.044909
2026-01-25 20:00+01:00,0.057573
2026-01-25 20:15+01:00,0.050403
2026-01-25 20:30+01:00,0.060638
2026-01-25 20:45+01:00,0.035396
2026-01-25 21:00+01:00,0.044917
2026-01-25 21:15+01:00,0.048632
2026-01-25 21:30+01:00,0.034170
2026-01-25 21:45+01:00,0.051433
2026-01-25 22:00+01:00,0.046844
2026-01-25 22:15+01:00,0.047849
2026-01-25 22:30+01:00,0.046128
2026-01-25 22:45+01:00,0.052033
2026-01-25 23:00+01:00,0.046773
2026-01-25 23:15+01:00,
2026-01-25 23:30+01:00,0.038475
2026-01-25 23:45+01:00,0.050726
2026-01-26 00:00+01:00,0.046461
2026-01-26 00:15+01:00,0.070807
2026-01-26 00:30+01:00,0.057926
2026-01-26 00:45+01:00,0.068817
2026-01-26 01:00+01:00,0.069709
2026-01-26 01:15+01:00,0.046250
2026-01-26 01:30+01:00,0.060130
2026-01-26 01:45+01:00,0.061541
2026-01-26 02:00+01:00,0.068074
2026-01-26 02:15+01:00,0.074078
2026-01-26 02:30+01:00,0.060924
2026-01-26 02:45+01:00,0.063612
2026-01-26 03:00+01:00,0.059213
2026-01-26 03:15+01:00,0.048451
2026-01-26 03:30+01:00,0.072251
2026-01-26 03:45+01:00,0.062458
2026-01-26 04:00+01:00,
2026-01-26 04:15+01:00,0.056779
2026-01-26 04:30+01:00,0.060216
2026-01-26 04:45+01:00,0.063330
2026-01-26 05:00+01:00,0.073936
2026-01-26 05:15+01:00,0.062533
2026-01-26 05:30+01:00,
2026-01-26 05:45+01:00,0.062600
2026-01-26 06:00+01:00,0.058828
2026-01-26 06:15+01:00,0.055423
2026-01-26 06:30+01:00,0.076525
2026-01-26 06:45+01:00,0.062740
2026-01-26 07:00+01:00,17.711104
2026-01-26 07:15+01:00,2.232846
2026-01-26 07:30+01:00,2.560962
2026-01-26 07:45+01:00,2.370407
2026-01-26 08:00+01:00,2.609586
2026-01-26 08:15+01:00,2.609476
2026-01-26 08:30+01:00,2.378284
2026-01-26 08:45+01:00,2.546256
2026-01-26 09:00+01:00,2.449697
2026-01-26 09:15+01:00,2.477266
2026-01-26 09:30+01:00,2.361096
2026-01-26 09:45+01:00,2.404210
2026-01-26 10:00+01:00,
2026-01-26 10:15+01:00,2.151746
2026-01-26 10:30+01:00,2.579042
2026-01-26 10:45+01:00,2.517174
2026-01-26 11:00+01:00,
2026-01-26 11:15+01:00,2.561987
2026-01-26 11:30+01:00,2.615039
2026-01-26 11:45+01:00,2.361384
2026-01-26 12:00+01:00,2.474295
2026-01-26 12:15+01:00,2.453477
2026-01-26 12:30+01:00,2.481848
2026-01-26 12:45+01:00,
2026-01-26 13:00+01:00,2.694476
2026-01-26 13:15+01:00,2.316992
2026-01-26 13:30+01:00,2.416639
2026-01-26 13:45+01:00,2.309047
2026-01-26 14:00+01:00,2.442477
2026-01-26 14:15+01:00,2.571965
2026-01-26 14:30+01:00,2.288823
2026-01-26 14:45+01:00,2.403972
2026-01-26 15:00+01:00,2.265836
2026-01-26 15:15+01:00,2.417305
2026-01-26 15:30+01:00,2.249640
2026-01-26 15:45+01:00,2.625657
2026-01-26 16:00+01:00,2.489228
2026-01-26 16:15+01:00,2.534560
2026-01-26 16:30+01:00,2.766151
2026-01-26 16:45+01:00,2.482712
2026-01-26 17:00+01:00,2.450328
2026-01-26 17:15+01:00,2.337112
2026-01-26 17:30+01:00,2.261126
2026-01-26 17:45+01:00,2.349250
2026-01-26 18:00+01:00,0.057962
2026-01-26 18:15+01:00,0.060834
2026-01-26 18:30+01:00,0.071391
2026-01-26 18:45+01:00,0.041751
2026-01-26 19:00+01:00,0.046332
2026-01-26 19:15+01:00,0.069265
2026-01-26 19:30+01:00,0.050624
2026-01-26 19:45+01:00,0.057132
2026-01-26 20:00+01:00,0.064987
2026-01-26 20:15+01:00,0.054658
2026-01-26 20:30+01:00,0.064072
2026-01-26 20:45+01:00,0.081651
2026-01-26 21:00+01:00,0.066641
2026-01-26 21:15+01:00,0.063772
2026-01-26 21:30+01:00,0.040120
2026-01-26 21:45+01:00,0.056516
2026-01-26 22:00+01:00,0.056593
2026-01-26 22:15+01:00,0.057345
2026-01-26 22:30+01:00,0.064482
2026-01-26 22:45+01:00,0.065407
2026-01-26 23:00+01:00,0.074780
2026-01-26 23:15+01:00,0.064045
2026-01-26 23:30+01:00,0.061972
2026-01-26 23:45+01:00,0.051257
2026-01-27 00:00+01:00,0.062909
2026-01-27 00:15+01:00,0.064523
2026-01-27 00:30+01:00,0.057898
2026-01-27 00:45+01:00,0.066950
2026-01-27 01:00+01:00,0.044781
2026-01-27 01:15+01:00,0.069215
2026-01-27 01:30+01:00,0.078177
2026-01-27 01:45+01:00,0.074214
2026-01-27 02:00+01:00,0.065214
2026-01-27 02:15+01:00,0.044697
2026-01-27 02:30+01:00,
2026-01-27 02:45+01:00,0.056935
2026-01-27 03:00+01:00,0.070501
2026-01-27 03:15+01:00,0.071091
2026-01-27 03:30+01:00,0.073685
2026-01-27 03:45+01:00,0.071944
2026-01-27 04:00+01:00,0.059838
2026-01-27 04:15+01:00,0.064454
2026-01-27 04:30+01:00,0.047594
2026-01-27 04:45+01:00,0.060135
2026-01-27 05:00+01:00,0.068207
2026-01-27 05:15+01:00,
2026-01-27 05:30+01:00,0.063617
2026-01-27 05:45+01:00,0.053355
2026-01-27 06:00+01:00,0.064575
2026-01-27 06:15+01:00,0.075357
2026-01-27 06:30+01:00,
2026-01-27 06:45+01:00,0.059538
2026-01-27 07:00+01:00,2.412807
2026-01-27 07:15+01:00,2.357882
2026-01-27 07:30+01:00,2.291940
2026-01-27 07:45+01:00,2.517264
2026-01-27 08:00+01:00,2.262352
2026-01-27 08:15+01:00,2.443190
2026-01-27 08:30+01:00,2.219386
2026-01-27 08:45+01:00,2.282940
2026-01-27 09:00+01:00,2.394972
2026-01-27 09:15+01:00,2.691041
2026-01-27 09:30+01:00,2.403921
2026-01-27 09:45+01:00,2.560036
2026-01-27 10:00+01:00,2.528301
2026-01-27 10:15+01:00,2.506873
2026-01-27 10:30+01:00,2.334269
2026-01-27 10:45+01:00,2.375902
2026-01-27 11:00+01:00,2.339842
2026-01-27 11:15+01:00,2.281420
2026-01-27 11:30+01:00,2.444830
2026-01-27 11:45+01:00,2.612447
2026-01-27 12:00+01:00,2.237707
2026-01-27 12:15+01:00,2.576828
2026-01-27 12:30+01:00,2.553666
2026-01-27 12:45+01:00,2.492693
2026-01-27 13:00+01:00,2.333330
2026-01-27 13:15+01:00,2.536619
2026-01-27 13:30+01:00,2.165231
2026-01-27 13:45+01:00,2.356825
2026-01-27 14:00+01:00,2.314230
2026-01-27 14:15+01:00,2.650341
2026-01-27 14:30+01:00,2.407831
2026-01-27 14:45+01:00,2.470888
2026-01-27 15:00+01:00,2.421690
2026-01-27 15:15+01:00,2.365036
2026-01-27 15:30+01:00,2.665888
2026-01-27 15:45+01:00,2.469575
2026-01-27 16:00+01:00,2.518652
2026-01-27 16:15+01:00,2.535581
2026-01-27 16:30+01:00,2.591498
2026-01-27 16:45+01:00,2.499455
2026-01-27 17:00+01:00,2.396172
2026-01-27 17:15+01:00,2.224555
2026-01-27 17:30+01:00,2.584177
2026-01-27 17:45+01:00,2.299123
2026-01-27 18:00+01:00,0.072324
2026-01-27 18:15+01:00,0.062463
2026-01-27 18:30+01:00,0.052274
2026-01-27 18:45+01:00,0.061016
2026-01-27 19:00+01:00,0.071426
2026-01-27 19:15+01:00,0.066993
2026-01-27 19:30+01:00,0.043096
2026-01-27 19:45+01:00,0.057237
2026-01-27 20:00+01:00,0.070512
2026-01-27 20:15+01:00,0.083647
2026-01-27 20:30+01:00,0.058956
2026-01-27 20:45+01:00,0.054302
2026-01-27 21:00+01:00,
2026-01-27 21:15+01:00,0.062024
2026-01-27 21:30+01:00,0.070410
2026-01-27 21:45+01:00,0.050384
2026-01-27 22:00+01:00,0.067823
2026-01-27 22:15+01:00,0.066896
2026-01-27 22:30+01:00,0.050720
2026-01-27 22:45+01:00,0.069628
2026-01-27 23:00+01:00,0.074810
2026-01-27 23:15+01:00,0.074328
2026-01-27 23:30+01:00,0.000000
2026-01-27 23:45+01:00,0.046334
2026-01-28 00:00+01:00,0.061615
2026-01-28 00:15+01:00,0.067454
2026-01-28 00:30+01:00,0.073648
2026-01-28 00:45+01:00,0.078765
2026-01-28 01:00+01:00,0.062867
2026-01-28 01:15+01:00,0.050817
2026-01-28 01:30+01:00,
2026-01-28 01:45+01:00,0.052992
2026-01-28 02:00+01:00,0.071089
2026-01-28 02:15+01:00,0.084076
2026-01-28 02:30+01:00,0.075543
2026-01-28 02:45+01:00,
2026-01-28 03:00+01:00,0.046845
2026-01-28 03:15+01:00,0.074847
2026-01-28 03:30+01:00,0.070838
2026-01-28 03:45+01:00,0.075314
2026-01-28 04:00+01:00,0.067546
2026-01-28 04:15+01:00,0.049433
2026-01-28 04:30+01:00,0.055281
2026-01-28 04:45+01:00,0.038470
2026-01-28 05:00+01:00,0.064169
2026-01-28 05:15+01:00,0.058862
2026-01-28 05:30+01:00,0.058052
2026-01-28 05:45+01:00,0.060775
2026-01-28 06:00+01:00,0.062006
2026-01-28 06:15+01:00,0.054197
2026-01-28 06:30+01:00,0.055144
2026-01-28 06:45+01:00,0.062870
2026-01-28 07:00+01:00,2.313655
2026-01-28 07:15+01:00,2.484427
2026-01-28 07:30+01:00,2.528040
2026-01-28 07:45+01:00,2.453485
2026-01-28 08:00+01:00,2.349240
2026-01-28 08:15+01:00,2.284286
2026-01-28 08:30+01:00,2.526918
2026-01-28 08:45+01:00,2.635993
2026-01-28 09:00+01:00,2.333910
2026-01-28 09:15+01:00,2.305741
2026-01-28 09:30+01:00,2.232336
2026-01-28 09:45+01:00,2.310176
2026-01-28 10:00+01:00,2.291028
2026-01-28 10:15+01:00,2.460478
2026-01-28 10:30+01:00,2.349583
2026-01-28 10:45+01:00,2.438576
2026-01-28 11:00+01:00,2.587607
2026-01-28 11:15+01:00,2.333551
2026-01-28 11:30+01:00,2.305930
2026-01-28 11:45+01:00,2.455358
2026-01-28 12:00+01:00,2.444222
2026-01-28 12:15+01:00,2.364711
2026-01-28 12:30+01:00,2.458980
2026-01-28 12:45+01:00,2.381930
2026-01-28 13:00+01:00,2.249460
2026-01-28 13:15+01:00,2.831924
2026-01-28 13:30+01:00,
2026-01-28 13:45+01:00,2.631386
2026-01-28 14:00+01:00,2.372540
2026-01-28 14:15+01:00,2.420852
2026-01-28 14:30+01:00,2.563145
2026-01-28 14:45+01:00,2.314952
2026-01-28 15:00+01:00,2.716285
2026-01-28 15:15+01:00,2.327588
2026-01-28 15:30+01:00,2.423614
2026-01-28 15:45+01:00,2.460763
2026-01-28 16:00+01:00,2.761951
2026-01-28 16:15+01:00,2.265238
2026-01-28 16:30+01:00,2.406342
2026-01-28 16:45+01:00,2.507258
2026-01-28 17:00+01:00,2.352512
2026-01-28 17:15+01:00,2.161283
2026-01-28 17:30+01:00,2.160156
2026-01-28 17:45+01:00,2.268245
2026-01-28 18:00+01:00,0.080745
2026-01-28 18:15+01:00,0.066032
2026-01-28 18:30+01:00,0.074407
2026-01-28 18:45+01:00,0.067595
2026-01-28 19:00+01:00,0.061077
2026-01-28 19:15+01:00,0.046007
2026-01-28 19:30+01:00,0.066929
2026-01-28 19:45+01:00,0.071728
2026-01-28 20:00+01:00,0.068989
2026-01-28 20:15+01:00,0.069775
2026-01-28 20:30+01:00,0.053758
2026-01-28 20:45+01:00,0.047985
2026-01-28 21:00+01:00,0.053656
2026-01-28 21:15+01:00,0.065069
2026-01-28 21:30+01:00,0.067239
2026-01-28 21:45+01:00,0.070268
2026-01-28 22:00+01:00,0.077295
2026-01-28 22:15+01:00,0.059775
2026-01-28 22:30+01:00,0.074981
2026-01-28 22:45+01:00,0.051473
2026-01-28 23:00+01:00,0.054608
2026-01-28 23:15+01:00,0.066988
2026-01-28 23:30+01:00,0.056125
2026-01-28 23:45+01:00,0.071712
2026-01-29 00:00+01:00,0.071237
2026-01-29 00:15+01:00,0.059103
2026-01-29 00:30+01:00,0.060969
2026-01-29 00:45+01:00,0.067857
2026-01-29 01:00+01:00,0.058321
2026-01-29 01:15+01:00,0.065880
2026-01-29 01:30+01:00,0.054982
2026-01-29 01:45+01:00,0.075063
2026-01-29 02:00+01:00,0.055035
2026-01-29 02:15+01:00,0.071918
2026-01-29 02:30+01:00,0.060111
2026-01-29 02:45+01:00,0.073293
2026-01-29 03:00+01:00,0.063684
2026-01-29 03:15+01:00,0.070425
2026-01-29 03:30+01:00,0.083550
2026-01-29 03:45+01:00,0.069018
2026-01-29 04:00+01:00,0.057914
2026-01-29 04:15+01:00,0.056357
2026-01-29 04:30+01:00,0.072059
2026-01-29 04:45+01:00,0.060863
2026-01-29 05:00+01:00,0.058870
2026-01-29 05:15+01:00,0.060992
2026-01-29 05:30+01:00,0.054069
2026-01-29 05:45+01:00,0.057392
2026-01-29 06:00+01:00,
2026-01-29 06:15+01:00,
2026-01-29 06:30+01:00,0.076098
2026-01-29 06:45+01:00,0.084517
2026-01-29 07:00+01:00,2.158517
2026-01-29 07:15+01:00,2.577495
2026-01-29 07:30+01:00,2.312120
2026-01-29 07:45+01:00,2.338322
2026-01-29 08:00+01:00,2.545508
2026-01-29 08:15+01:00,2.303755
2026-01-29 08:30+01:00,2.381251
2026-01-29 08:45+01:00,2.543523
2026-01-29 09:00+01:00,2.485120
2026-01-29 09:15+01:00,2.431577
2026-01-29 09:30+01:00,2.578137
2026-01-29 09:45+01:00,2.400393
2026-01-29 10:00+01:00,2.526299
2026-01-29 10:15+01:00,2.515571
2026-01-29 10:30+01:00,2.460926
2026-01-29 10:45+01:00,2.396667
2026-01-29 11:00+01:00,2.358102
2026-01-29 11:15+01:00,2.435471
2026-01-29 11:30+01:00,2.323277
2026-01-29 11:45+01:00,2.398614
2026-01-29 12:00+01:00,2.459552
2026-01-29 12:15+01:00,2.241167
2026-01-29 12:30+01:00,2.213692
2026-01-29 12:45+01:00,2.535384
2026-01-29 13:00+01:00,2.240242
2026-01-29 13:15+01:00,2.479550
2026-01-29 13:30+01:00,2.382510
2026-01-29 13:45+01:00,
2026-01-29 14:00+01:00,2.550537
2026-01-29 14:15+01:00,2.476838
2026-01-29 14:30+01:00,
2026-01-29 14:45+01:00,2.481439
2026-01-29 15:00+01:00,2.414736
2026-01-29 15:15+01:00,2.174868
2026-01-29 15:30+01:00,2.579535
2026-01-29 15:45+01:00,2.341058
2026-01-29 16:00+01:00,2.697584
2026-01-29 16:15+01:00,2.446732
2026-01-29 16:30+01:00,2.451826
2026-01-29 16:45+01:00,2.301222
2026-01-29 17:00+01:00,2.471873
2026-01-29 17:15+01:00,2.646498
2026-01-29 17:30+01:00,2.281593
2026-01-29 17:45+01:00,2.113971
2026-01-29 18:00+01:00,
2026-01-29 18:15+01:00,0.046011
2026-01-29 18:30+01:00,0.055440
2026-01-29 18:45+01:00,0.077837
2026-01-29 19:00+01:00,0.057762
2026-01-29 19:15+01:00,0.049100
2026-01-29 19:30+01:00,
2026-01-29 19:45+01:00,0.050509
2026-01-29 20:00+01:00,0.065102
2026-01-29 20:15+01:00,0.078914
2026-01-29 20:30+01:00,0.071818
2026-01-29 20:45+01:00,0.069345
2026-01-29 21:00+01:00,0.053818
2026-01-29 21:15+01:00,0.077232
2026-01-29 21:30+01:00,0.066617
2026-01-29 21:45+01:00,
2026-01-29 22:00+01:00,0.042983
2026-01-29 22:15+01:00,0.062836
2026-01-29 22:30+01:00,0.070124
2026-01-29 22:45+01:00,
2026-01-29 23:00+01:00,0.071773
2026-01-29 23:15+01:00,0.062075
2026-01-29 23:30+01:00,0.061226
2026-01-29 23:45+01:00,0.061471
2026-01-30 00:00+01:00,0.054572
2026-01-30 00:15+01:00,0.071980
2026-01-30 00:30+01:00,0.053101
2026-01-30 00:45+01:00,0.067347
2026-01-30 01:00+01:00,0.066162
2026-01-30 01:15+01:00,0.055354
2026-01-30 01:30+01:00,0.060267
2026-01-30 01:45+01:00,
2026-01-30 02:00+01:00,0.070398
2026-01-30 02:15+01:00,0.071782
2026-01-30 02:30+01:00,0.056558
2026-01-30 02:45+01:00,0.069422
2026-01-30 03:00+01:00,0.069565
2026-01-30 03:15+01:00,0.071654
2026-01-30 03:30+01:00,0.053361
2026-01-30 03:45+01:00,0.043685
2026-01-30 04:00+01:00,0.065510
2026-01-30 04:15+01:00,0.089749
2026-01-30 04:30+01:00,0.055394
2026-01-30 04:45+01:00,
2026-01-30 05:00+01:00,
2026-01-30 05:15+01:00,0.073797
2026-01-30 05:30+01:00,0.050252
2026-01-30 05:45+01:00,0.059468
2026-01-30 06:00+01:00,0.062650
2026-01-30 06:15+01:00,0.068903
2026-01-30 06:30+01:00,0.069405
2026-01-30 06:45+01:00,0.071008
2026-01-30 07:00+01:00,2.312103
2026-01-30 07:15+01:00,2.433887
2026-01-30 07:30+01:00,2.596226
2026-01-30 07:45+01:00,2.530187
2026-01-30 08:00+01:00,2.424006
2026-01-30 08:15+01:00,2.390906
2026-01-30 08:30+01:00,
2026-01-30 08:45+01:00,2.482739
2026-01-30 09:00+01:00,2.601706
2026-01-30 09:15+01:00,2.350698
2026-01-30 09:30+01:00,2.388396
2026-01-30 09:45+01:00,2.249726
2026-01-30 10:00+01:00,2.570801
2026-01-30 10:15+01:00,2.412146
2026-01-30 10:30+01:00,2.490566
2026-01-30 10:45+01:00,2.422042
2026-01-30 11:00+01:00,2.464385
2026-01-30 11:15+01:00,2.584922
2026-01-30 11:30+01:00,2.241998
2026-01-30 11:45+01:00,2.054024
2026-01-30 12:00+01:00,2.576648
2026-01-30 12:15+01:00,2.256113
2026-01-30 12:30+01:00,2.183703
2026-01-30 12:45+01:00,2.501719
2026-01-30 13:00+01:00,2.426058
2026-01-30 13:15+01:00,2.312398
2026-01-30 13:30+01:00,2.333182
2026-01-30 13:45+01:00,2.388826
2026-01-30 14:00+01:00,2.453818
2026-01-30 14:15+01:00,2.510804
2026-01-30 14:30+01:00,2.436671
2026-01-30 14:45+01:00,2.490054
2026-01-30 15:00+01:00,2.251869
2026-01-30 15:15+01:00,2.350046
2026-01-30 15:30+01:00,2.372394
2026-01-30 15:45+01:00,2.323821
2026-01-30 16:00+01:00,2.328212
2026-01-30 16:15+01:00,2.362012
2026-01-30 16:30+01:00,2.181257
2026-01-30 16:45+01:00,2.438577
2026-01-30 17:00+01:00,2.277719
2026-01-30 17:15+01:00,2.403817
2026-01-30 17:30+01:00,2.347867
2026-01-30 17:45+01:00,2.658680
2026-01-30 18:00+01:00,0.000000
2026-01-30 18:15+01:00,0.074002
2026-01-30 18:30+01:00,0.056473
2026-01-30 18:45+01:00,0.070207
2026-01-30 19:00+01:00,0.059590
2026-01-30 19:15+01:00,0.059251
2026-01-30 19:30+01:00,0.072344
2026-01-30 19:45+01:00,0.057501
2026-01-30 20:00+01:00,0.063495
2026-01-30 20:15+01:00,0.057732
2026-01-30 20:30+01:00,0.070996
2026-01-30 20:45+01:00,0.057885
2026-01-30 21:00+01:00,0.072217
2026-01-30 21:15+01:00,0.068273
2026-01-30 21:30+01:00,0.067182
2026-01-30 21:45+01:00,
2026-01-30 22:00+01:00,0.070401
2026-01-30 22:15+01:00,0.055023
2026-01-30 22:30+01:00,0.061344
2026-01-30 22:45+01:00,0.047433
2026-01-30 23:00+01:00,
2026-01-30 23:15+01:00,0.051792
2026-01-30 23:30+01:00,0.051370
2026-01-30 23:45+01:00,
2026-01-31 00:00+01:00,0.062189
2026-01-31 00:15+01:00,0.047266
2026-01-31 00:30+01:00,0.036100
2026-01-31 00:45+01:00,0.051388
2026-01-31 01:00+01:00,0.060985
2026-01-31 01:15+01:00,0.059250
2026-01-31 01:30+01:00,0.050766
2026-01-31 01:45+01:00,0.047909
2026-01-31 02:00+01:00,0.041992
2026-01-31 02:15+01:00,0.050731
2026-01-31 02:30+01:00,0.043299
2026-01-31 02:45+01:00,0.050937
2026-01-31 03:00+01:00,0.043699
2026-01-31 03:15+01:00,0.050394
2026-01-31 03:30+01:00,0.051223
2026-01-31 03:45+01:00,0.047015
2026-01-31 04:00+01:00,0.048421
2026-01-31 04:15+01:00,0.042036
2026-01-31 04:30+01:00,0.036952
2026-01-31 04:45+01:00,0.049835
2026-01-31 05:00+01:00,0.047565
2026-01-31 05:15+01:00,0.040773
2026-01-31 05:30+01:00,0.049563
2026-01-31 05:45+01:00,0.041831
2026-01-31 06:00+01:00,0.044317
2026-01-31 06:15+01:00,0.052492
2026-01-31 06:30+01:00,0.038263
2026-01-31 06:45+01:00,0.055554
2026-01-31 07:00+01:00,0.057519
2026-01-31 07:15+01:00,0.048577
2026-01-31 07:30+01:00,0.047983
2026-01-31 07:45+01:00,0.043433
2026-01-31 08:00+01:00,0.046641
2026-01-31 08:15+01:00,0.055840
2026-01-31 08:30+01:00,0.060323
2026-01-31 08:45+01:00,0.056489
2026-01-31 09:00+01:00,0.051452
2026-01-31 09:15+01:00,0.054781
2026-01-31 09:30+01:00,0.041514
2026-01-31 09:45+01:00,0.031691
2026-01-31 10:00+01:00,0.035857
2026-01-31 10:15+01:00,0.043484
2026-01-31 10:30+01:00,
2026-01-31 10:45+01:00,0.055292
2026-01-31 11:00+01:00,0.040996
2026-01-31 11:15+01:00,0.041472
2026-01-31 11:30+01:00,
2026-01-31 11:45+01:00,0.051933
2026-01-31 12:00+01:00,0.048894
2026-01-31 12:15+01:00,0.056324
2026-01-31 12:30+01:00,0.055152
2026-01-31 12:45+01:00,0.043144
2026-01-31 13:00+01:00,0.053781
2026-01-31 13:15+01:00,0.046125
2026-01-31 13:30+01:00,0.047870
2026-01-31 13:45+01:00,0.045289
2026-01-31 14:00+01:00,0.047448
2026-01-31 14:15+01:00,0.048266
2026-01-31 14:30+01:00,0.044189
2026-01-31 14:45+01:00,0.049440
2026-01-31 15:00+01:00,0.040687
2026-01-31 15:15+01:00,0.055772
2026-01-31 15:30+01:00,0.043091
2026-01-31 15:45+01:00,0.053603
2026-01-31 16:00+01:00,0.052704
2026-01-31 16:15+01:00,0.054562
2026-01-31 16:30+01:00,0.051415
2026-01-31 16:45+01:00,0.048807
2026-01-31 17:00+01:00,0.052766
2026-01-31 17:15+01:00,0.052724
2026-01-31 17:30+01:00,0.055068
2026-01-31 17:45+01:00,0.061901
2026-01-31 18:00+01:00,0.033930
2026-01-31 18:15+01:00,0.051936
2026-01-31 18:30+01:00,0.053001
2026-01-31 18:45+01:00,0.056861
2026-01-31 19:00+01:00,0.037249
2026-01-31 19:15+01:00,0.043849
2026-01-31 19:30+01:00,0.047258
2026-01-31 19:45+01:00,0.046303
2026-01-31 20:00+01:00,0.046053
2026-01-31 20:15+01:00,0.047500
2026-01-31 20:30+01:00,0.065682
2026-01-31 20:45+01:00,0.051780
2026-01-31 21:00+01:00,0.050183
2026-01-31 21:15+01:00,0.060513
2026-01-31 21:30+01:00,0.040077
2026-01-31 21:45+01:00,0.049219
2026-01-31 22:00+01:00,0.052189
2026-01-31 22:15+01:00,0.047322
2026-01-31 22:30+01:00,0.048807
2026-01-31 22:45+01:00,0.047489
2026-01-31 23:00+01:00,0.055100
2026-01-31 23:15+01:00,0.047334
2026-01-31 23:30+01:00,0.058810
2026-01-31 23:45+01:00,0.050808
2026-02-01 00:00+01:00,0.046366
2026-02-01 00:15+01:00,0.041008
2026-02-01 00:30+01:00,0.052245
2026-02-01 00:45+01:00,0.053139
2026-02-01 01:00+01:00,0.053887
2026-02-01 01:15+01:00,0.049843
2026-02-01 01:30+01:00,0.050767
2026-02-01 01:45+01:00,0.056336
2026-02-01 02:00+01:00,0.044775
2026-02-01 02:15+01:00,0.050081
2026-02-01 02:30+01:00,0.055105
2026-02-01 02:45+01:00,0.051488
2026-02-01 03:00+01:00,0.000000
2026-02-01 03:15+01:00,0.043116
2026-02-01 03:30+01:00,0.035277
2026-02-01 03:45+01:00,
2026-02-01 04:00+01:00,0.055371
2026-02-01 04:15+01:00,0.046762
2026-02-01 04:30+01:00,0.048056
2026-02-01 04:45+01:00,0.043408
2026-02-01 05:00+01:00,0.042302
2026-02-01 05:15+01:00,0.053817
2026-02-01 05:30+01:00,0.037949
2026-02-01 05:45+01:00,
2026-02-01 06:00+01:00,0.034231
2026-02-01 06:15+01:00,0.041382
2026-02-01 06:30+01:00,0.052802
2026-02-01 06:45+01:00,0.042824
2026-02-01 07:00+01:00,0.054980
2026-02-01 07:15+01:00,0.041805
2026-02-01 07:30+01:00,0.045915
2026-02-01 07:45+01:00,0.049999
2026-02-01 08:00+01:00,0.049671
2026-02-01 08:15+01:00,0.043113
2026-02-01 08:30+01:00,0.052720
2026-02-01 08:45+01:00,0.047529
2026-02-01 09:00+01:00,0.000000
2026-02-01 09:15+01:00,0.047800
2026-02-01 09:30+01:00,0.047978
2026-02-01 09:45+01:00,0.051233
2026-02-01 10:00+01:00,0.046901
2026-02-01 10:15+01:00,0.042381
2026-02-01 10:30+01:00,0.053895
2026-02-01 10:45+01:00,0.049727
2026-02-01 11:00+01:00,0.049007
2026-02-01 11:15+01:00,0.047780
2026-02-01 11:30+01:00,0.053352
2026-02-01 11:45+01:00,
2026-02-01 12:00+01:00,0.065865
2026-02-01 12:15+01:00,0.047867
2026-02-01 12:30+01:00,0.052218
2026-02-01 12:45+01:00,0.038517
2026-02-01 13:00+01:00,0.047324
2026-02-01 13:15+01:00,0.059917
2026-02-01 13:30+01:00,0.043583
2026-02-01 13:45+01:00,0.057866
2026-02-01 14:00+01:00,0.060100
2026-02-01 14:15+01:00,0.045936
2026-02-01 14:30+01:00,0.047429
2026-02-01 14:45+01:00,0.038565
2026-02-01 15:00+01:00,0.045918
2026-02-01 15:15+01:00,0.044749
2026-02-01 15:30+01:00,0.039240
2026-02-01 15:45+01:00,0.049533
2026-02-01 16:00+01:00,0.036994
2026-02-01 16:15+01:00,0.048066
2026-02-01 16:30+01:00,0.040194
2026-02-01 16:45+01:00,0.056831
2026-02-01 17:00+01:00,0.053849
2026-02-01 17:15+01:00,0.050602
2026-02-01 17:30+01:00,0.055930
2026-02-01 17:45+01:00,0.046330
2026-02-01 18:00+01:00,0.047610
2026-02-01 18:15+01:00,0.044628
2026-02-01 18:30+01:00,0.042145
2026-02-01 18:45+01:00,0.043599
2026-02-01 19:00+01:00,0.049526
2026-02-01 19:15+01:00,0.048920
2026-02-01 19:30+01:00,0.052752
2026-02-01 19:45+01:00,0.046781
2026-02-01 20:00+01:00,0.053989
2026-02-01 20:15+01:00,0.042059
2026-02-01 20:30+01:00,0.050335
2026-02-01 20:45+01:00,0.050444
2026-02-01 21:00+01:00,0.041272
2026-02-01 21:15+01:00,0.042333
2026-02-01 21:30+01:00,0.044237
2026-02-01 21:45+01:00,0.043958
2026-02-01 22:00+01:00,0.043364
2026-02-01 22:15+01:00,0.039758
2026-02-01 22:30+01:00,0.046563
2026-02-01 22:45+01:00,0.047293
2026-02-01 23:00+01:00,0.060007
2026-02-01 23:15+01:00,0.058276
2026-02-01 23:30+01:00,0.044120
2026-02-01 23:45+01:00,0.036873
2026-02-02 00:00+01:00,0.047450
2026-02-02 00:15+01:00,0.071269
2026-02-02 00:30+01:00,0.065813
2026-02-02 00:45+01:00,0.068528
2026-02-02 01:00+01:00,0.066305
2026-02-02 01:15+01:00,0.059768
2026-02-02 01:30+01:00,0.045624
2026-02-02 01:45+01:00,0.062993
2026-02-02 02:00+01:00,0.062369
2026-02-02 02:15+01:00,0.059284
2026-02-02 02:30+01:00,0.078481
2026-02-02 02:45+01:00,0.057280
2026-02-02 03:00+01:00,0.055984
2026-02-02 03:15+01:00,0.062745
2026-02-02 03:30+01:00,0.073887
2026-02-02 03:45+01:00,0.049993
2026-02-02 04:00+01:00,0.065250
2026-02-02 04:15+01:00,0.085414
2026-02-02 04:30+01:00,
2026-02-02 04:45+01:00,0.067811
2026-02-02 05:00+01:00,0.068343
2026-02-02 05:15+01:00,0.062006
2026-02-02 05:30+01:00,0.057728
2026-02-02 05:45+01:00,0.066240
2026-02-02 06:00+01:00,0.060938
2026-02-02 06:15+01:00,0.069576
2026-02-02 06:30+01:00,0.060356
2026-02-02 06:45+01:00,0.061428
2026-02-02 07:00+01:00,
2026-02-02 07:15+01:00,2.399617
2026-02-02 07:30+01:00,2.469271
2026-02-02 07:45+01:00,2.952604
2026-02-02 08:00+01:00,2.471343
2026-02-02 08:15+01:00,2.441104
2026-02-02 08:30+01:00,2.607906
2026-02-02 08:45+01:00,2.351596
2026-02-02 09:00+01:00,2.411476
2026-02-02 09:15+01:00,2.250513
2026-02-02 09:30+01:00,2.361119
2026-02-02 09:45+01:00,2.351611
2026-02-02 10:00+01:00,2.412777
2026-02-02 10:15+01:00,2.523851
2026-02-02 10:30+01:00,2.383275
2026-02-02 10:45+01:00,2.352223
2026-02-02 11:00+01:00,2.163581
2026-02-02 11:15+01:00,2.138816
2026-02-02 11:30+01:00,2.647923
2026-02-02 11:45+01:00,2.451253
2026-02-02 12:00+01:00,2.129020
2026-02-02 12:15+01:00,2.039466
2026-02-02 12:30+01:00,2.533653
2026-02-02 12:45+01:00,2.555787
2026-02-02 13:00+01:00,2.431606
2026-02-02 13:15+01:00,2.403060
2026-02-02 13:30+01:00,2.396037
2026-02-02 13:45+01:00,2.279422
2026-02-02 14:00+01:00,2.291185
2026-02-02 14:15+01:00,2.709961
2026-02-02 14:30+01:00,2.599700
2026-02-02 14:45+01:00,2.360766
2026-02-02 15:00+01:00,2.377033
2026-02-02 15:15+01:00,2.203283
2026-02-02 15:30+01:00,2.432546
2026-02-02 15:45+01:00,2.200450
2026-02-02 16:00+01:00,2.539717
2026-02-02 16:15+01:00,2.465524
2026-02-02 16:30+01:00,2.253265
2026-02-02 16:45+01:00,2.571206
2026-02-02 17:00+01:00,2.349361
2026-02-02 17:15+01:00,2.296468
2026-02-02 17:30+01:00,2.259395
2026-02-02 17:45+01:00,2.866804
2026-02-02 18:00+01:00,0.070649
2026-02-02 18:15+01:00,0.063917
2026-02-02 18:30+01:00,0.066146
2026-02-02 18:45+01:00,0.000000
2026-02-02 19:00+01:00,0.054530
2026-02-02 19:15+01:00,0.051375
2026-02-02 19:30+01:00,0.072226
2026-02-02 19:45+01:00,0.066045
2026-02-02 20:00+01:00,0.065881
2026-02-02 20:15+01:00,0.070184
2026-02-02 20:30+01:00,0.069327
2026-02-02 20:45+01:00,0.058890
2026-02-02 21:00+01:00,0.078709
2026-02-02 21:15+01:00,0.065251
2026-02-02 21:30+01:00,0.062945
2026-02-02 21:45+01:00,0.057647
2026-02-02 22:00+01:00,0.057988
2026-02-02 22:15+01:00,0.052805
2026-02-02 22:30+01:00,0.058818
2026-02-02 22:45+01:00,0.064899
2026-02-02 23:00+01:00,
2026-02-02 23:15+01:00,0.077475
2026-02-02 23:30+01:00,0.057402
2026-02-02 23:45+01:00,0.068286
2026-02-03 00:00+01:00,0.052782
2026-02-03 00:15+01:00,0.054669
2026-02-03 00:30+01:00,0.086310
2026-02-03 00:45+01:00,0.056321
2026-02-03 01:00+01:00,0.064103
2026-02-03 01:15+01:00,0.058113
2026-02-03 01:30+01:00,0.072588
2026-02-03 01:45+01:00,0.059954
2026-02-03 02:00+01:00,0.046403
2026-02-03 02:15+01:00,0.056517
2026-02-03 02:30+01:00,0.051346
2026-02-03 02:45+01:00,0.066211
2026-02-03 03:00+01:00,0.069489
2026-02-03 03:15+01:00,0.060881
2026-02-03 03:30+01:00,0.066028
2026-02-03 03:45+01:00,0.051321
2026-02-03 04:00+01:00,0.063368
2026-02-03 04:15+01:00,0.062211
2026-02-03 04:30+01:00,0.065185
2026-02-03 04:45+01:00,0.071479
2026-02-03 05:00+01:00,
2026-02-03 05:15+01:00,0.053114
2026-02-03 05:30+01:00,0.064989
2026-02-03 05:45+01:00,0.053882
2026-02-03 06:00+01:00,0.069117
2026-02-03 06:15+01:00,0.074440
2026-02-03 06:30+01:00,0.059510
2026-02-03 06:45+01:00,0.068590
2026-02-03 07:00+01:00,2.421576
2026-02-03 07:15+01:00,2.294468
2026-02-03 07:30+01:00,2.218441
2026-02-03 07:45+01:00,2.363359
2026-02-03 08:00+01:00,2.362762
2026-02-03 08:15+01:00,2.256920
2026-02-03 08:30+01:00,2.446692
2026-02-03 08:45+01:00,2.696813
2026-02-03 09:00+01:00,2.500791
2026-02-03 09:15+01:00,2.330019
2026-02-03 09:30+01:00,2.494984
2026-02-03 09:45+01:00,2.493053
2026-02-03 10:00+01:00,2.451729
2026-02-03 10:15+01:00,2.602800
2026-02-03 10:30+01:00,2.450291
2026-02-03 10:45+01:00,2.727692
2026-02-03 11:00+01:00,2.455824
2026-02-03 11:15+01:00,2.625604
2026-02-03 11:30+01:00,2.596356
2026-02-03 11:45+01:00,2.373777
2026-02-03 12:00+01:00,2.455054
2026-02-03 12:15+01:00,2.304564
2026-02-03 12:30+01:00,2.473224
2026-02-03 12:45+01:00,2.238794
2026-02-03 13:00+01:00,2.436572
2026-02-03 13:15+01:00,2.374888
2026-02-03 13:30+01:00,2.309229
2026-02-03 13:45+01:00,2.254420
2026-02-03 14:00+01:00,2.206808
2026-02-03 14:15+01:00,2.502305
2026-02-03 14:30+01:00,2.121512
2026-02-03 14:45+01:00,2.335266
2026-02-03 15:00+01:00,2.525744
2026-02-03 15:15+01:00,
2026-02-03 15:30+01:00,2.370507
2026-02-03 15:45+01:00,2.197723
2026-02-03 16:00+01:00,2.525564
2026-02-03 16:15+01:00,2.234184
2026-02-03 16:30+01:00,
2026-02-03 16:45+01:00,2.636793
2026-02-03 17:00+01:00,2.386944
2026-02-03 17:15+01:00,2.419577
2026-02-03 17:30+01:00,2.420941
2026-02-03 17:45+01:00,2.319661
2026-02-03 18:00+01:00,0.062409
2026-02-03 18:15+01:00,0.053859
2026-02-03 18:30+01:00,0.058500
2026-02-03 18:45+01:00,0.066758
2026-02-03 19:00+01:00,0.062359
2026-02-03 19:15+01:00,0.060726
2026-02-03 19:30+01:00,0.068782
2026-02-03 19:45+01:00,0.069805
2026-02-03 20:00+01:00,0.058161
2026-02-03 20:15+01:00,0.065470
2026-02-03 20:30+01:00,0.058948
2026-02-03 20:45+01:00,0.069939
2026-02-03 21:00+01:00,0.060157
2026-02-03 21:15+01:00,0.073480
2026-02-03 21:30+01:00,0.073647
2026-02-03 21:45+01:00,
2026-02-03 22:00+01:00,0.070785
2026-02-03 22:15+01:00,
2026-02-03 22:30+01:00,0.055426
2026-02-03 22:45+01:00,0.053538
2026-02-03 23:00+01:00,0.071874
2026-02-03 23:15+01:00,0.052381
2026-02-03 23:30+01:00,0.067509
2026-02-03 23:45+01:00,0.061020
2026-02-04 00:00+01:00,0.047711
2026-02-04 00:15+01:00,0.076683
2026-02-04 00:30+01:00,0.065251
2026-02-04 00:45+01:00,0.052779
2026-02-04 01:00+01:00,0.067826
2026-02-04 01:15+01:00,0.067326
2026-02-04 01:30+01:00,0.068264
2026-02-04 01:45+01:00,0.081387
2026-02-04 02:00+01:00,
2026-02-04 02:15+01:00,0.041503
2026-02-04 02:30+01:00,0.068151
2026-02-04 02:45+01:00,0.073003
2026-02-04 03:00+01:00,0.056698
2026-02-04 03:15+01:00,0.059034
2026-02-04 03:30+01:00,0.052285
2026-02-04 03:45+01:00,0.058881
2026-02-04 04:00+01:00,0.067320
2026-02-04 04:15+01:00,0.066145
2026-02-04 04:30+01:00,0.053172
2026-02-04 04:45+01:00,0.065158
2026-02-04 05:00+01:00,0.075273
2026-02-04 05:15+01:00,0.083561
2026-02-04 05:30+01:00,0.058084
2026-02-04 05:45+01:00,0.079904
2026-02-04 06:00+01:00,0.048282
2026-02-04 06:15+01:00,0.053819
2026-02-04 06:30+01:00,
2026-02-04 06:45+01:00,0.069775
2026-02-04 07:00+01:00,2.489725
2026-02-04 07:15+01:00,2.349255
2026-02-04 07:30+01:00,2.223784
2026-02-04 07:45+01:00,2.435062
2026-02-04 08:00+01:00,2.234367
2026-02-04 08:15+01:00,2.350228
2026-02-04 08:30+01:00,2.352581
2026-02-04 08:45+01:00,2.306123
2026-02-04 09:00+01:00,2.674702
2026-02-04 09:15+01:00,2.423971
2026-02-04 09:30+01:00,2.551549
2026-02-04 09:45+01:00,2.157880
2026-02-04 10:00+01:00,2.440757
2026-02-04 10:15+01:00,2.365338
2026-02-04 10:30+01:00,2.083008
2026-02-04 10:45+01:00,2.400389
2026-02-04 11:00+01:00,2.442653
2026-02-04 11:15+01:00,2.332544
2026-02-04 11:30+01:00,2.612776
2026-02-04 11:45+01:00,2.312296
2026-02-04 12:00+01:00,2.606610
2026-02-04 12:15+01:00,2.167613
2026-02-04 12:30+01:00,2.265728
2026-02-04 12:45+01:00,2.267858
2026-02-04 13:00+01:00,2.499043
2026-02-04 13:15+01:00,2.725553
2026-02-04 13:30+01:00,2.203249
2026-02-04 13:45+01:00,2.643901
2026-02-04 14:00+01:00,2.254996
2026-02-04 14:15+01:00,2.040989
2026-02-04 14:30+01:00,2.736524
2026-02-04 14:45+01:00,2.286648
2026-02-04 15:00+01:00,2.389667
2026-02-04 15:15+01:00,
2026-02-04 15:30+01:00,2.447406
2026-02-04 15:45+01:00,2.291841
2026-02-04 16:00+01:00,2.218686
2026-02-04 16:15+01:00,2.415362
2026-02-04 16:30+01:00,2.429831
2026-02-04 16:45+01:00,2.442768
2026-02-04 17:00+01:00,2.228044
2026-02-04 17:15+01:00,2.270140
2026-02-04 17:30+01:00,2.198629
2026-02-04 17:45+01:00,2.428874
2026-02-04 18:00+01:00,0.067027
2026-02-04 18:15+01:00,0.060081
2026-02-04 18:30+01:00,0.071129
2026-02-04 18:45+01:00,0.065233
2026-02-04 19:00+01:00,0.054158
2026-02-04 19:15+01:00,0.049943
2026-02-04 19:30+01:00,0.056886
2026-02-04 19:45+01:00,0.074824
2026-02-04 20:00+01:00,0.062315
2026-02-04 20:15+01:00,0.048422
2026-02-04 20:30+01:00,0.060932
2026-02-04 20:45+01:00,0.062639
2026-02-04 21:00+01:00,0.059200
2026-02-04 21:15+01:00,0.058743
2026-02-04 21:30+01:00,0.060089
2026-02-04 21:45+01:00,0.060075
2026-02-04 22:00+01:00,0.069064
2026-02-04 22:15+01:00,0.079897
2026-02-04 22:30+01:00,0.056448
2026-02-04 22:45+01:00,0.062474
2026-02-04 23:00+01:00,0.062478
2026-02-04 23:15+01:00,0.077723
2026-02-04 23:30+01:00,0.076816
2026-02-04 23:45+01:00,
2026-02-05 00:00+01:00,0.048183
2026-02-05 00:15+01:00,
2026-02-05 00:30+01:00,0.068975
2026-02-05 00:45+01:00,0.077995
2026-02-05 01:00+01:00,0.064931
2026-02-05 01:15+01:00,0.070402
2026-02-05 01:30+01:00,0.053663
2026-02-05 01:45+01:00,0.069675
2026-02-05 02:00+01:00,0.055442
2026-02-05 02:15+01:00,0.085585
2026-02-05 02:30+01:00,0.047833
2026-02-05 02:45+01:00,0.063043
2026-02-05 03:00+01:00,0.068305
2026-02-05 03:15+01:00,0.072253
2026-02-05 03:30+01:00,0.079113
2026-02-05 03:45+01:00,0.067668
2026-02-05 04:00+01:00,0.061914
2026-02-05 04:15+01:00,0.073326
2026-02-05 04:30+01:00,0.070704
2026-02-05 04:45+01:00,0.081318
2026-02-05 05:00+01:00,0.056726
2026-02-05 05:15+01:00,0.046693
2026-02-05 05:30+01:00,0.074620
2026-02-05 05:45+01:00,0.074229
2026-02-05 06:00+01:00,0.061520
2026-02-05 06:15+01:00,0.066644
2026-02-05 06:30+01:00,0.062543
2026-02-05 06:45+01:00,0.066124
2026-02-05 07:00+01:00,2.445982
2026-02-05 07:15+01:00,2.236378
2026-02-05 07:30+01:00,2.441148
2026-02-05 07:45+01:00,2.357345
2026-02-05 08:00+01:00,2.552004
2026-02-05 08:15+01:00,2.590575
2026-02-05 08:30+01:00,2.393957
2026-02-05 08:45+01:00,2.677035
2026-02-05 09:00+01:00,2.472244
2026-02-05 09:15+01:00,2.388717
2026-02-05 09:30+01:00,2.131151
2026-02-05 09:45+01:00,2.353406
2026-02-05 10:00+01:00,
2026-02-05 10:15+01:00,2.595837
2026-02-05 10:30+01:00,2.634115
2026-02-05 10:45+01:00,2.396693
2026-02-05 11:00+01:00,2.304589
2026-02-05 11:15+01:00,2.529507
2026-02-05 11:30+01:00,2.368505
2026-02-05 11:45+01:00,2.335440
2026-02-05 12:00+01:00,2.209949
2026-02-05 12:15+01:00,
2026-02-05 12:30+01:00,2.320600
2026-02-05 12:45+01:00,2.631588
2026-02-05 13:00+01:00,2.424114
2026-02-05 13:15+01:00,13.686947
2026-02-05 13:30+01:00,13.551545
2026-02-05 13:45+01:00,2.354266
2026-02-05 14:00+01:00,2.465313
2026-02-05 14:15+01:00,2.633934
2026-02-05 14:30+01:00,2.581451
2026-02-05 14:45+01:00,2.324538
2026-02-05 15:00+01:00,2.083141
2026-02-05 15:15+01:00,2.255662
2026-02-05 15:30+01:00,2.731784
2026-02-05 15:45+01:00,2.539585
2026-02-05 16:00+01:00,2.601378
2026-02-05 16:15+01:00,2.320057
2026-02-05 16:30+01:00,2.552906
2026-02-05 16:45+01:00,2.539917
2026-02-05 17:00+01:00,2.188913
2026-02-05 17:15+01:00,2.477862
2026-02-05 17:30+01:00,2.668851
2026-02-05 17:45+01:00,2.386498
2026-02-05 18:00+01:00,0.066534
2026-02-05 18:15+01:00,0.062187
2026-02-05 18:30+01:00,0.069853
2026-02-05 18:45+01:00,0.056787
2026-02-05 19:00+01:00,0.065324
2026-02-05 19:15+01:00,0.067033
2026-02-05 19:30+01:00,0.060794
2026-02-05 19:45+01:00,0.071356
2026-02-05 20:00+01:00,0.069737
2026-02-05 20:15+01:00,0.079225
2026-02-05 20:30+01:00,0.060871
2026-02-05 20:45+01:00,0.071601
2026-02-05 21:00+01:00,0.075491
2026-02-05 21:15+01:00,0.053870
2026-02-05 21:30+01:00,0.062643
2026-02-05 21:45+01:00,0.066083
2026-02-05 22:00+01:00,0.067887
2026-02-05 22:15+01:00,0.060002
2026-02-05 22:30+01:00,0.057792
2026-02-05 22:45+01:00,0.066576
2026-02-05 23:00+01:00,0.084079
2026-02-05 23:15+01:00,0.087635
2026-02-05 23:30+01:00,0.063980
2026-02-05 23:45+01:00,0.000000
2026-02-06 00:00+01:00,0.049292
2026-02-06 00:15+01:00,0.061504
2026-02-06 00:30+01:00,0.056786
2026-02-06 00:45+01:00,0.071229
2026-02-06 01:00+01:00,0.062050
2026-02-06 01:15+01:00,0.069299
2026-02-06 01:30+01:00,0.060716
2026-02-06 01:45+01:00,0.065461
2026-02-06 02:00+01:00,0.066172
2026-02-06 02:15+01:00,0.063856
2026-02-06 02:30+01:00,0.056564
2026-02-06 02:45+01:00,0.067540
2026-02-06 03:00+01:00,0.058336
2026-02-06 03:15+01:00,0.060408
2026-02-06 03:30+01:00,0.053926
2026-02-06 03:45+01:00,0.068872
2026-02-06 04:00+01:00,0.046956
2026-02-06 04:15+01:00,0.060789
2026-02-06 04:30+01:00,0.063319
2026-02-06 04:45+01:00,0.067266
2026-02-06 05:00+01:00,0.066466
2026-02-06 05:15+01:00,0.046941
2026-02-06 05:30+01:00,0.063235
2026-02-06 05:45+01:00,0.063289
2026-02-06 06:00+01:00,0.057925
2026-02-06 06:15+01:00,0.063028
2026-02-06 06:30+01:00,0.079057
2026-02-06 06:45+01:00,0.051502
2026-02-06 07:00+01:00,2.647486
2026-02-06 07:15+01:00,2.350132
2026-02-06 07:30+01:00,2.531031
2026-02-06 07:45+01:00,2.562987
2026-02-06 08:00+01:00,
2026-02-06 08:15+01:00,2.493226
2026-02-06 08:30+01:00,2.096904
2026-02-06 08:45+01:00,2.338882
2026-02-06 09:00+01:00,2.472712
2026-02-06 09:15+01:00,2.476834
2026-02-06 09:30+01:00,2.547333
2026-02-06 09:45+01:00,2.424855
2026-02-06 10:00+01:00,2.243938
2026-02-06 10:15+01:00,2.109043
2026-02-06 10:30+01:00,2.463020
2026-02-06 10:45+01:00,2.286063
2026-02-06 11:00+01:00,
2026-02-06 11:15+01:00,2.391312
2026-02-06 11:30+01:00,2.313149
2026-02-06 11:45+01:00,2.324117
2026-02-06 12:00+01:00,2.341142
2026-02-06 12:15+01:00,
2026-02-06 12:30+01:00,2.517855
2026-02-06 12:45+01:00,2.334953
2026-02-06 13:00+01:00,2.563397
2026-02-06 13:15+01:00,2.530372
2026-02-06 13:30+01:00,2.082285
2026-02-06 13:45+01:00,2.583405
2026-02-06 14:00+01:00,2.444588
2026-02-06 14:15+01:00,2.326325
2026-02-06 14:30+01:00,2.507163
2026-02-06 14:45+01:00,2.324241
2026-02-06 15:00+01:00,2.593886
2026-02-06 15:15+01:00,2.591809
2026-02-06 15:30+01:00,2.307118
2026-02-06 15:45+01:00,2.435731
2026-02-06 16:00+01:00,2.441531
2026-02-06 16:15+01:00,2.452084
2026-02-06 16:30+01:00,2.523944
2026-02-06 16:45+01:00,2.515258
2026-02-06 17:00+01:00,2.540140
2026-02-06 17:15+01:00,2.426212
2026-02-06 17:30+01:00,2.263378
2026-02-06 17:45+01:00,2.383588
2026-02-06 18:00+01:00,0.062696
2026-02-06 18:15+01:00,0.048840
2026-02-06 18:30+01:00,0.055582
2026-02-06 18:45+01:00,0.065717
2026-02-06 19:00+01:00,0.066758
2026-02-06 19:15+01:00,0.050249
2026-02-06 19:30+01:00,0.074244
2026-02-06 19:45+01:00,0.066993
2026-02-06 20:00+01:00,0.048155
2026-02-06 20:15+01:00,0.091550
2026-02-06 20:30+01:00,0.065862
2026-02-06 20:45+01:00,0.063546
2026-02-06 21:00+01:00,0.073384
2026-02-06 21:15+01:00,0.068970
2026-02-06 21:30+01:00,0.063968
2026-02-06 21:45+01:00,0.075055
2026-02-06 22:00+01:00,0.075823
2026-02-06 22:15+01:00,0.061499
2026-02-06 22:30+01:00,0.061865
2026-02-06 22:45+01:00,
2026-02-06 23:00+01:00,0.068111
2026-02-06 23:15+01:00,0.052581
2026-02-06 23:30+01:00,0.068409
2026-02-06 23:45+01:00,0.056195
2026-02-07 00:00+01:00,0.062738
2026-02-07 00:15+01:00,0.046326
2026-02-07 00:30+01:00,0.037265
2026-02-07 00:45+01:00,0.048395
2026-02-07 01:00+01:00,0.046208
2026-02-07 01:15+01:00,0.029323
2026-02-07 01:30+01:00,0.041154
2026-02-07 01:45+01:00,0.043660
2026-02-07 02:00+01:00,0.052766
2026-02-07 02:15+01:00,0.040309
2026-02-07 02:30+01:00,0.042121
2026-02-07 02:45+01:00,0.048635
2026-02-07 03:00+01:00,0.041392
2026-02-07 03:15+01:00,0.058790
2026-02-07 03:30+01:00,0.053721
2026-02-07 03:45+01:00,0.046115
2026-02-07 04:00+01:00,0.063001
2026-02-07 04:15+01:00,0.041995
2026-02-07 04:30+01:00,0.050234
2026-02-07 04:45+01:00,0.055348
2026-02-07 05:00+01:00,0.048062
2026-02-07 05:15+01:00,0.049367
2026-02-07 05:30+01:00,0.049588
2026-02-07 05:45+01:00,0.052385
2026-02-07 06:00+01:00,
2026-02-07 06:15+01:00,0.000000
2026-02-07 06:30+01:00,0.050737
2026-02-07 06:45+01:00,0.048754
2026-02-07 07:00+01:00,0.042175
2026-02-07 07:15+01:00,0.044371
2026-02-07 07:30+01:00,0.048423
2026-02-07 07:45+01:00,0.049045
2026-02-07 08:00+01:00,0.046931
2026-02-07 08:15+01:00,0.044874
2026-02-07 08:30+01:00,0.060709
2026-02-07 08:45+01:00,0.027015
2026-02-07 09:00+01:00,0.049532
2026-02-07 09:15+01:00,0.054627
2026-02-07 09:30+01:00,0.045192
2026-02-07 09:45+01:00,0.043621
2026-02-07 10:00+01:00,0.051666
2026-02-07 10:15+01:00,0.053268
2026-02-07 10:30+01:00,0.057553
2026-02-07 10:45+01:00,0.056304
2026-02-07 11:00+01:00,0.050615
2026-02-07 11:15+01:00,0.037407
2026-02-07 11:30+01:00,0.040680
2026-02-07 11:45+01:00,0.050745
2026-02-07 12:00+01:00,0.046768
2026-02-07 12:15+01:00,0.046089
2026-02-07 12:30+01:00,0.049307
2026-02-07 12:45+01:00,0.052218
2026-02-07 13:00+01:00,0.042394
2026-02-07 13:15+01:00,0.050565
2026-02-07 13:30+01:00,0.048349
2026-02-07 13:45+01:00,0.044347
2026-02-07 14:00+01:00,0.044637
2026-02-07 14:15+01:00,0.040142
2026-02-07 14:30+01:00,0.050885
2026-02-07 14:45+01:00,0.038485
2026-02-07 15:00+01:00,0.050225
2026-02-07 15:15+01:00,0.053432
2026-02-07 15:30+01:00,0.051772
2026-02-07 15:45+01:00,0.049074
2026-02-07 16:00+01:00,0.057115
2026-02-07 16:15+01:00,0.042247
2026-02-07 16:30+01:00,0.047859
2026-02-07 16:45+01:00,0.027779
2026-02-07 17:00+01:00,0.048423
2026-02-07 17:15+01:00,0.046402
2026-02-07 17:30+01:00,0.050474
2026-02-07 17:45+01:00,0.031399
2026-02-07 18:00+01:00,0.051989
2026-02-07 18:15+01:00,0.049562
2026-02-07 18:30+01:00,0.061421
2026-02-07 18:45+01:00,0.051256
2026-02-07 19:00+01:00,0.044059
2026-02-07 19:15+01:00,0.044965
2026-02-07 19:30+01:00,0.045440
2026-02-07 19:45+01:00,0.036089
2026-02-07 20:00+01:00,0.049137
2026-02-07 20:15+01:00,0.049745
2026-02-07 20:30+01:00,0.000000
2026-02-07 20:45+01:00,0.054895
2026-02-07 21:00+01:00,0.043975
2026-02-07 21:15+01:00,0.057160
2026-02-07 21:30+01:00,0.044512
2026-02-07 21:45+01:00,0.046164
2026-02-07 22:00+01:00,0.052246
2026-02-07 22:15+01:00,0.044501
2026-02-07 22:30+01:00,0.043839
2026-02-07 22:45+01:00,0.039945
2026-02-07 23:00+01:00,0.050888
2026-02-07 23:15+01:00,0.041666
2026-02-07 23:30+01:00,0.057279
2026-02-07 23:45+01:00,0.052213
2026-02-08 00:00+01:00,0.047771
2026-02-08 00:15+01:00,0.032525
2026-02-08 00:30+01:00,0.041281
2026-02-08 00:45+01:00,0.053760
2026-02-08 01:00+01:00,0.045060
2026-02-08 01:15+01:00,0.046980
2026-02-08 01:30+01:00,0.050017
2026-02-08 01:45+01:00,0.059108
2026-02-08 02:00+01:00,0.039750
2026-02-08 02:15+01:00,0.052232
2026-02-08 02:30+01:00,0.049442
2026-02-08 02:45+01:00,0.046528
2026-02-08 03:00+01:00,0.050163
2026-02-08 03:15+01:00,0.041120
2026-02-08 03:30+01:00,0.053211
2026-02-08 03:45+01:00,0.052575
2026-02-08 04:00+01:00,0.048135
2026-02-08 04:15+01:00,0.047893
2026-02-08 04:30+01:00,0.054967
2026-02-08 04:45+01:00,0.047383
2026-02-08 05:00+01:00,0.048114
2026-02-08 05:15+01:00,0.059161
2026-02-08 05:30+01:00,0.034680
2026-02-08 05:45+01:00,0.055149
2026-02-08 06:00+01:00,0.052495
2026-02-08 06:15+01:00,0.052496
2026-02-08 06:30+01:00,0.049881
2026-02-08 06:45+01:00,0.040982
2026-02-08 07:00+01:00,0.049875
2026-02-08 07:15+01:00,0.056113
2026-02-08 07:30+01:00,0.048534
2026-02-08 07:45+01:00,0.050605
2026-02-08 08:00+01:00,0.033351
2026-02-08 08:15+01:00,0.045199
2026-02-08 08:30+01:00,
2026-02-08 08:45+01:00,0.047394
2026-02-08 09:00+01:00,0.043163
2026-02-08 09:15+01:00,0.046433
2026-02-08 09:30+01:00,0.044178
2026-02-08 09:45+01:00,0.041562
2026-02-08 10:00+01:00,0.050262
2026-02-08 10:15+01:00,0.042646
2026-02-08 10:30+01:00,0.048144
2026-02-08 10:45+01:00,0.054678
2026-02-08 11:00+01:00,0.043633
2026-02-08 11:15+01:00,0.044231
2026-02-08 11:30+01:00,0.037929
2026-02-08 11:45+01:00,0.049385
2026-02-08 12:00+01:00,0.052873
2026-02-08 12:15+01:00,0.043844
2026-02-08 12:30+01:00,0.047272
2026-02-08 12:45+01:00,0.059274
2026-02-08 13:00+01:00,0.050136
2026-02-08 13:15+01:00,0.041382
2026-02-08 13:30+01:00,0.047155
2026-02-08 13:45+01:00,0.045317
2026-02-08 14:00+01:00,0.049027
2026-02-08 14:15+01:00,0.033825
2026-02-08 14:30+01:00,0.041306
2026-02-08 14:45+01:00,0.047864
2026-02-08 15:00+01:00,0.061574
2026-02-08 15:15+01:00,0.041053
2026-02-08 15:30+01:00,0.045260
2026-02-08 15:45+01:00,0.060603
2026-02-08 16:00+01:00,0.053146
2026-02-08 16:15+01:00,0.051163
2026-02-08 16:30+01:00,0.047045
2026-02-08 16:45+01:00,0.039909
2026-02-08 17:00+01:00,0.052727
2026-02-08 17:15+01:00,0.036928
2026-02-08 17:30+01:00,0.050152
2026-02-08 17:45+01:00,0.047768
2026-02-08 18:00+01:00,0.055938
2026-02-08 18:15+01:00,0.051045
2026-02-08 18:30+01:00,0.046823
2026-02-08 18:45+01:00,0.052356
2026-02-08 19:00+01:00,0.040018
2026-02-08 19:15+01:00,0.056061
2026-02-08 19:30+01:00,0.054227
2026-02-08 19:45+01:00,0.046608
2026-02-08 20:00+01:00,0.030799
2026-02-08 20:15+01:00,0.043069
2026-02-08 20:30+01:00,0.059172
2026-02-08 20:45+01:00,0.047748
2026-02-08 21:00+01:00,0.048556
2026-02-08 21:15+01:00,0.058088
2026-02-08 21:30+01:00,0.043101
2026-02-08 21:45+01:00,0.044161
2026-02-08 22:00+01:00,0.060545
2026-02-08 22:15+01:00,0.043699
2026-02-08 22:30+01:00,0.049703
2026-02-08 22:45+01:00,0.053904
2026-02-08 23:00+01:00,0.058170
2026-02-08 23:15+01:00,0.062842
2026-02-08 23:30+01:00,0.052960
2026-02-08 23:45+01:00,0.050980
2026-02-09 00:00+01:00,0.051720
2026-02-09 00:15+01:00,0.053537
2026-02-09 00:30+01:00,0.054359
2026-02-09 00:45+01:00,0.069222
2026-02-09 01:00+01:00,0.061659
2026-02-09 01:15+01:00,0.066837
2026-02-09 01:30+01:00,0.078569
2026-02-09 01:45+01:00,0.051902
2026-02-09 02:00+01:00,0.070847
2026-02-09 02:15+01:00,0.068475
2026-02-09 02:30+01:00,0.076094
2026-02-09 02:45+01:00,0.047799
2026-02-09 03:00+01:00,0.064610
2026-02-09 03:15+01:00,0.061360
2026-02-09 03:30+01:00,0.066119
2026-02-09 03:45+01:00,0.073012
2026-02-09 04:00+01:00,0.067827
2026-02-09 04:15+01:00,0.061326
2026-02-09 04:30+01:00,0.050561
2026-02-09 04:45+01:00,0.059156
2026-02-09 05:00+01:00,0.071744
2026-02-09 05:15+01:00,0.066945
2026-02-09 05:30+01:00,0.066178
2026-02-09 05:45+01:00,0.064091
2026-02-09 06:00+01:00,0.064151
2026-02-09 06:15+01:00,0.075294
2026-02-09 06:30+01:00,0.055508
2026-02-09 06:45+01:00,0.060491
2026-02-09 07:00+01:00,2.116814
2026-02-09 07:15+01:00,2.244826
2026-02-09 07:30+01:00,2.355585
2026-02-09 07:45+01:00,2.442344
2026-02-09 08:00+01:00,
2026-02-09 08:15+01:00,2.428413
2026-02-09 08:30+01:00,2.359945
2026-02-09 08:45+01:00,2.355266
2026-02-09 09:00+01:00,2.251830
2026-02-09 09:15+01:00,2.352093
2026-02-09 09:30+01:00,2.277085
2026-02-09 09:45+01:00,2.492825
2026-02-09 10:00+01:00,2.612694
2026-02-09 10:15+01:00,2.449109
2026-02-09 10:30+01:00,2.453042
2026-02-09 10:45+01:00,2.464418
2026-02-09 11:00+01:00,2.336273
2026-02-09 11:15+01:00,2.382126
2026-02-09 11:30+01:00,2.431457
2026-02-09 11:45+01:00,2.453011
2026-02-09 12:00+01:00,2.390580
2026-02-09 12:15+01:00,2.459905
2026-02-09 12:30+01:00,2.200616
2026-02-09 12:45+01:00,2.558123
2026-02-09 13:00+01:00,2.514545
2026-02-09 13:15+01:00,2.709762
2026-02-09 13:30+01:00,2.476872
2026-02-09 13:45+01:00,2.300031
2026-02-09 14:00+01:00,2.581866
2026-02-09 14:15+01:00,
2026-02-09 14:30+01:00,2.382931
2026-02-09 14:45+01:00,2.477536
2026-02-09 15:00+01:00,2.485431
2026-02-09 15:15+01:00,2.635492
2026-02-09 15:30+01:00,2.285327
2026-02-09 15:45+01:00,2.356155
2026-02-09 16:00+01:00,
2026-02-09 16:15+01:00,2.293391
2026-02-09 16:30+01:00,2.257608
2026-02-09 16:45+01:00,2.273334
2026-02-09 17:00+01:00,2.341540
2026-02-09 17:15+01:00,2.637650
2026-02-09 17:30+01:00,2.266088
2026-02-09 17:45+01:00,2.608388
2026-02-09 18:00+01:00,0.073456
2026-02-09 18:15+01:00,0.067176
2026-02-09 18:30+01:00,0.056558
2026-02-09 18:45+01:00,0.325236
2026-02-09 19:00+01:00,0.288383
2026-02-09 19:15+01:00,0.058560
2026-02-09 19:30+01:00,0.072779
2026-02-09 19:45+01:00,
2026-02-09 20:00+01:00,0.048030
2026-02-09 20:15+01:00,0.061078
2026-02-09 20:30+01:00,0.054075
2026-02-09 20:45+01:00,0.063457
2026-02-09 21:00+01:00,0.064192
2026-02-09 21:15+01:00,0.059567
2026-02-09 21:30+01:00,0.069358
2026-02-09 21:45+01:00,0.075583
2026-02-09 22:00+01:00,0.061034
2026-02-09 22:15+01:00,0.060650
2026-02-09 22:30+01:00,0.074232
2026-02-09 22:45+01:00,0.065883
2026-02-09 23:00+01:00,0.066907
2026-02-09 23:15+01:00,0.053629
2026-02-09 23:30+01:00,0.074074
2026-02-09 23:45+01:00,0.066640
2026-02-10 00:00+01:00,0.047088
2026-02-10 00:15+01:00,0.062707
2026-02-10 00:30+01:00,0.061067
2026-02-10 00:45+01:00,0.049188
2026-02-10 01:00+01:00,0.049442
2026-02-10 01:15+01:00,0.062363
2026-02-10 01:30+01:00,0.067323
2026-02-10 01:45+01:00,0.062932
2026-02-10 02:00+01:00,0.056216
2026-02-10 02:15+01:00,0.067436
2026-02-10 02:30+01:00,0.052990
2026-02-10 02:45+01:00,0.066451
2026-02-10 03:00+01:00,0.073599
2026-02-10 03:15+01:00,0.059574
2026-02-10 03:30+01:00,0.054306
2026-02-10 03:45+01:00,0.074984
2026-02-10 04:00+01:00,0.073186
2026-02-10 04:15+01:00,0.077378
2026-02-10 04:30+01:00,0.060710
2026-02-10 04:45+01:00,0.066951
2026-02-10 05:00+01:00,0.049103
2026-02-10 05:15+01:00,0.059301
2026-02-10 05:30+01:00,0.073064
2026-02-10 05:45+01:00,0.059827
2026-02-10 06:00+01:00,0.067574
2026-02-10 06:15+01:00,0.067848
2026-02-10 06:30+01:00,0.076422
2026-02-10 06:45+01:00,0.070641
2026-02-10 07:00+01:00,2.444612
2026-02-10 07:15+01:00,2.381690
2026-02-10 07:30+01:00,2.484485
2026-02-10 07:45+01:00,2.148187
2026-02-10 08:00+01:00,2.394153
2026-02-10 08:15+01:00,2.242855
2026-02-10 08:30+01:00,2.350681
2026-02-10 08:45+01:00,2.267469
2026-02-10 09:00+01:00,2.248936
2026-02-10 09:15+01:00,2.418256
2026-02-10 09:30+01:00,2.387868
2026-02-10 09:45+01:00,2.373401
2026-02-10 10:00+01:00,2.362199
2026-02-10 10:15+01:00,2.551253
2026-02-10 10:30+01:00,2.173439
2026-02-10 10:45+01:00,2.348650
2026-02-10 11:00+01:00,2.792199
2026-02-10 11:15+01:00,2.354952
2026-02-10 11:30+01:00,2.295392
2026-02-10 11:45+01:00,2.348131
2026-02-10 12:00+01:00,2.510052
2026-02-10 12:15+01:00,2.543151
2026-02-10 12:30+01:00,2.159227
2026-02-10 12:45+01:00,
2026-02-10 13:00+01:00,2.424667
2026-02-10 13:15+01:00,2.279026
2026-02-10 13:30+01:00,2.455318
2026-02-10 13:45+01:00,2.396189
2026-02-10 14:00+01:00,2.808828
2026-02-10 14:15+01:00,2.327926
2026-02-10 14:30+01:00,2.759522
2026-02-10 14:45+01:00,2.242800
2026-02-10 15:00+01:00,2.584347
2026-02-10 15:15+01:00,2.412402
2026-02-10 15:30+01:00,2.358472
2026-02-10 15:45+01:00,2.324333
2026-02-10 16:00+01:00,2.546770
2026-02-10 16:15+01:00,2.624400
2026-02-10 16:30+01:00,2.655687
2026-02-10 16:45+01:00,2.547491
2026-02-10 17:00+01:00,2.368944
2026-02-10 17:15+01:00,2.446442
2026-02-10 17:30+01:00,2.050084
2026-02-10 17:45+01:00,2.310906
2026-02-10 18:00+01:00,0.063932
2026-02-10 18:15+01:00,0.066055
2026-02-10 18:30+01:00,0.055248
2026-02-10 18:45+01:00,0.061048
2026-02-10 19:00+01:00,0.079108
2026-02-10 19:15+01:00,0.071213
2026-02-10 19:30+01:00,0.066319
2026-02-10 19:45+01:00,0.073115
2026-02-10 20:00+01:00,0.071987
2026-02-10 20:15+01:00,0.074395
2026-02-10 20:30+01:00,0.055345
2026-02-10 20:45+01:00,
2026-02-10 21:00+01:00,
2026-02-10 21:15+01:00,0.060983
2026-02-10 21:30+01:00,0.050629
2026-02-10 21:45+01:00,0.073902
2026-02-10 22:00+01:00,0.069963
2026-02-10 22:15+01:00,0.044658
2026-02-10 22:30+01:00,0.066833
2026-02-10 22:45+01:00,0.080792
2026-02-10 23:00+01:00,0.063997
2026-02-10 23:15+01:00,0.070851
2026-02-10 23:30+01:00,0.072627
2026-02-10 23:45+01:00,0.069894
2026-02-11 00:00+01:00,0.057805
2026-02-11 00:15+01:00,0.076825
2026-02-11 00:30+01:00,0.070387
2026-02-11 00:45+01:00,0.056972
2026-02-11 01:00+01:00,0.059874
2026-02-11 01:15+01:00,0.086524
2026-02-11 01:30+01:00,0.081116
2026-02-11 01:45+01:00,0.064089
2026-02-11 02:00+01:00,0.070431
2026-02-11 02:15+01:00,0.069414
2026-02-11 02:30+01:00,0.062475
2026-02-11 02:45+01:00,0.080666
2026-02-11 03:00+01:00,0.059620
2026-02-11 03:15+01:00,0.061414
2026-02-11 03:30+01:00,0.067564
2026-02-11 03:45+01:00,0.072977
2026-02-11 04:00+01:00,0.055236
2026-02-11 04:15+01:00,0.061170
2026-02-11 04:30+01:00,0.065570
2026-02-11 04:45+01:00,0.051620
2026-02-11 05:00+01:00,0.064213
2026-02-11 05:15+01:00,0.076396
2026-02-11 05:30+01:00,0.067601
2026-02-11 05:45+01:00,0.075457
2026-02-11 06:00+01:00,0.068294
2026-02-11 06:15+01:00,0.073394
2026-02-11 06:30+01:00,0.054310
2026-02-11 06:45+01:00,0.000000
2026-02-11 07:00+01:00,2.457705
2026-02-11 07:15+01:00,2.355125
2026-02-11 07:30+01:00,2.463261
2026-02-11 07:45+01:00,2.332181
2026-02-11 08:00+01:00,2.473003
2026-02-11 08:15+01:00,2.290540
2026-02-11 08:30+01:00,2.410373
2026-02-11 08:45+01:00,2.520912
2026-02-11 09:00+01:00,2.155360
2026-02-11 09:15+01:00,2.638461
2026-02-11 09:30+01:00,2.099668
2026-02-11 09:45+01:00,2.556279
2026-02-11 10:00+01:00,2.579348
2026-02-11 10:15+01:00,2.427638
2026-02-11 10:30+01:00,2.458829
2026-02-11 10:45+01:00,2.658779
2026-02-11 11:00+01:00,2.510970
2026-02-11 11:15+01:00,2.271239
2026-02-11 11:30+01:00,2.537007
2026-02-11 11:45+01:00,2.358876
2026-02-11 12:00+01:00,2.225863
2026-02-11 12:15+01:00,2.517773
2026-02-11 12:30+01:00,2.387316
2026-02-11 12:45+01:00,2.536749
2026-02-11 13:00+01:00,2.421154
2026-02-11 13:15+01:00,2.362714
2026-02-11 13:30+01:00,2.271405
2026-02-11 13:45+01:00,
2026-02-11 14:00+01:00,2.256819
2026-02-11 14:15+01:00,2.232118
2026-02-11 14:30+01:00,2.456052
2026-02-11 14:45+01:00,2.628652
2026-02-11 15:00+01:00,2.590007
2026-02-11 15:15+01:00,2.453579
2026-02-11 15:30+01:00,2.596284
2026-02-11 15:45+01:00,2.493552
2026-02-11 16:00+01:00,2.511659
2026-02-11 16:15+01:00,2.685773
2026-02-11 16:30+01:00,2.354951
2026-02-11 16:45+01:00,2.577472
2026-02-11 17:00+01:00,2.583360
2026-02-11 17:15+01:00,2.185155
2026-02-11 17:30+01:00,2.833443
2026-02-11 17:45+01:00,2.327187
2026-02-11 18:00+01:00,0.051097
2026-02-11 18:15+01:00,0.070183
2026-02-11 18:30+01:00,0.073167
2026-02-11 18:45+01:00,0.063573
2026-02-11 19:00+01:00,0.080920
2026-02-11 19:15+01:00,0.055806
2026-02-11 19:30+01:00,0.071727
2026-02-11 19:45+01:00,0.064461
2026-02-11 20:00+01:00,0.071179
2026-02-11 20:15+01:00,
2026-02-11 20:30+01:00,0.057315
2026-02-11 20:45+01:00,0.060814
2026-02-11 21:00+01:00,0.066883
2026-02-11 21:15+01:00,
2026-02-11 21:30+01:00,0.075977
2026-02-11 21:45+01:00,0.060585
2026-02-11 22:00+01:00,0.061652
2026-02-11 22:15+01:00,0.070342
2026-02-11 22:30+01:00,0.071522
2026-02-11 22:45+01:00,0.065512
2026-02-11 23:00+01:00,0.056893
2026-02-11 23:15+01:00,0.060758
2026-02-11 23:30+01:00,0.056587
2026-02-11 23:45+01:00,0.063955
2026-02-12 00:00+01:00,0.043171
2026-02-12 00:15+01:00,0.058803
2026-02-12 00:30+01:00,0.064522
2026-02-12 00:45+01:00,0.064677
2026-02-12 01:00+01:00,0.075853
2026-02-12 01:15+01:00,0.071907
2026-02-12 01:30+01:00,0.064571
2026-02-12 01:45+01:00,0.069192
2026-02-12 02:00+01:00,0.053619
2026-02-12 02:15+01:00,0.085737
2026-02-12 02:30+01:00,0.062595
2026-02-12 02:45+01:00,0.065258
2026-02-12 03:00+01:00,0.056612
2026-02-12 03:15+01:00,0.056798
2026-02-12 03:30+01:00,0.048875
2026-02-12 03:45+01:00,0.045253
2026-02-12 04:00+01:00,0.069785
2026-02-12 04:15+01:00,0.045648
2026-02-12 04:30+01:00,0.061227
2026-02-12 04:45+01:00,0.068422
2026-02-12 05:00+01:00,0.059563
2026-02-12 05:15+01:00,0.045639
2026-02-12 05:30+01:00,0.063350
2026-02-12 05:45+01:00,0.058468
2026-02-12 06:00+01:00,0.062770
2026-02-12 06:15+01:00,
2026-02-12 06:30+01:00,0.072725
2026-02-12 06:45+01:00,0.074895
2026-02-12 07:00+01:00,2.363646
2026-02-12 07:15+01:00,2.537154
2026-02-12 07:30+01:00,2.672813
2026-02-12 07:45+01:00,2.302158
2026-02-12 08:00+01:00,2.394015
2026-02-12 08:15+01:00,2.384566
2026-02-12 08:30+01:00,2.245016
2026-02-12 08:45+01:00,2.411674
2026-02-12 09:00+01:00,2.243700
2026-02-12 09:15+01:00,2.392781
2026-02-12 09:30+01:00,2.439287
2026-02-12 09:45+01:00,2.278412
2026-02-12 10:00+01:00,2.483484
2026-02-12 10:15+01:00,2.314729
2026-02-12 10:30+01:00,2.445237
2026-02-12 10:45+01:00,2.407083
2026-02-12 11:00+01:00,2.691772
2026-02-12 11:15+01:00,2.497101
2026-02-12 11:30+01:00,2.402544
2026-02-12 11:45+01:00,2.421365
2026-02-12 12:00+01:00,2.389942
2026-02-12 12:15+01:00,2.379673
2026-02-12 12:30+01:00,2.476319
2026-02-12 12:45+01:00,2.380918
2026-02-12 13:00+01:00,2.339452
2026-02-12 13:15+01:00,2.303932
2026-02-12 13:30+01:00,2.403453
2026-02-12 13:45+01:00,2.432657
2026-02-12 14:00+01:00,2.085657
2026-02-12 14:15+01:00,2.600575
2026-02-12 14:30+01:00,2.468499
2026-02-12 14:45+01:00,2.402754
2026-02-12 15:00+01:00,
2026-02-12 15:15+01:00,2.290035
2026-02-12 15:30+01:00,2.459211
2026-02-12 15:45+01:00,2.268813
2026-02-12 16:00+01:00,2.440825
2026-02-12 16:15+01:00,2.360828
2026-02-12 16:30+01:00,2.288801
2026-02-12 16:45+01:00,2.378898
2026-02-12 17:00+01:00,2.328682
2026-02-12 17:15+01:00,2.383021
2026-02-12 17:30+01:00,2.501027
2026-02-12 17:45+01:00,2.422825
2026-02-12 18:00+01:00,0.062685
2026-02-12 18:15+01:00,0.055216
2026-02-12 18:30+01:00,0.075465
2026-02-12 18:45+01:00,0.055087
2026-02-12 19:00+01:00,0.065243
2026-02-12 19:15+01:00,0.070899
2026-02-12 19:30+01:00,0.062353
2026-02-12 19:45+01:00,0.047215
2026-02-12 20:00+01:00,0.071580
2026-02-12 20:15+01:00,
2026-02-12 20:30+01:00,0.074965
2026-02-12 20:45+01:00,0.060042
2026-02-12 21:00+01:00,0.062613
2026-02-12 21:15+01:00,0.064049
2026-02-12 21:30+01:00,0.062246
2026-02-12 21:45+01:00,0.066581
2026-02-12 22:00+01:00,0.057295
2026-02-12 22:15+01:00,0.063292
2026-02-12 22:30+01:00,0.072783
2026-02-12 22:45+01:00,0.000000
2026-02-12 23:00+01:00,0.060722
2026-02-12 23:15+01:00,0.069320
2026-02-12 23:30+01:00,0.060876
2026-02-12 23:45+01:00,0.063826
2026-02-13 00:00+01:00,0.063981
2026-02-13 00:15+01:00,0.069741
2026-02-13 00:30+01:00,0.070845
2026-02-13 00:45+01:00,0.062278
2026-02-13 01:00+01:00,0.000000
2026-02-13 01:15+01:00,0.068700
2026-02-13 01:30+01:00,0.065767
2026-02-13 01:45+01:00,0.056349
2026-02-13 02:00+01:00,0.062733
2026-02-13 02:15+01:00,0.057280
2026-02-13 02:30+01:00,0.067881
2026-02-13 02:45+01:00,0.058965
2026-02-13 03:00+01:00,0.061546
2026-02-13 03:15+01:00,0.066017
2026-02-13 03:30+01:00,0.077356
2026-02-13 03:45+01:00,0.071881
2026-02-13 04:00+01:00,0.061189
2026-02-13 04:15+01:00,0.071162
2026-02-13 04:30+01:00,0.057985
2026-02-13 04:45+01:00,0.066272
2026-02-13 05:00+01:00,0.060694
2026-02-13 05:15+01:00,0.065816
2026-02-13 05:30+01:00,0.065527
2026-02-13 05:45+01:00,0.058236
2026-02-13 06:00+01:00,0.074490
2026-02-13 06:15+01:00,0.042734
2026-02-13 06:30+01:00,0.074616
2026-02-13 06:45+01:00,0.054585
2026-02-13 07:00+01:00,2.440432
2026-02-13 07:15+01:00,2.257632
2026-02-13 07:30+01:00,2.483077
2026-02-13 07:45+01:00,2.479332
2026-02-13 08:00+01:00,2.129103
2026-02-13 08:15+01:00,2.291896
2026-02-13 08:30+01:00,2.295535
2026-02-13 08:45+01:00,2.564970
2026-02-13 09:00+01:00,2.508249
2026-02-13 09:15+01:00,2.432509
2026-02-13 09:30+01:00,2.574523
2026-02-13 09:45+01:00,2.517539
2026-02-13 10:00+01:00,2.108606
2026-02-13 10:15+01:00,2.385735
2026-02-13 10:30+01:00,2.336448
2026-02-13 10:45+01:00,2.471460
2026-02-13 11:00+01:00,2.407921
2026-02-13 11:15+01:00,2.451372
2026-02-13 11:30+01:00,2.226293
2026-02-13 11:45+01:00,2.533174
2026-02-13 12:00+01:00,2.367267
2026-02-13 12:15+01:00,2.305918
2026-02-13 12:30+01:00,2.471332
2026-02-13 12:45+01:00,2.335509
2026-02-13 13:00+01:00,2.215057
2026-02-13 13:15+01:00,2.381396
2026-02-13 13:30+01:00,2.274388
2026-02-13 13:45+01:00,2.402296
2026-02-13 14:00+01:00,2.492236
2026-02-13 14:15+01:00,2.353087
2026-02-13 14:30+01:00,2.352255
2026-02-13 14:45+01:00,2.473829
2026-02-13 15:00+01:00,2.391126
2026-02-13 15:15+01:00,2.405795
2026-02-13 15:30+01:00,2.475307
2026-02-13 15:45+01:00,2.345591
2026-02-13 16:00+01:00,2.531659
2026-02-13 16:15+01:00,2.350683
2026-02-13 16:30+01:00,
2026-02-13 16:45+01:00,2.521156
2026-02-13 17:00+01:00,2.544452
2026-02-13 17:15+01:00,2.241497
2026-02-13 17:30+01:00,2.413173
2026-02-13 17:45+01:00,2.546076
2026-02-13 18:00+01:00,0.073353
2026-02-13 18:15+01:00,0.056891
2026-02-13 18:30+01:00,0.058589
2026-02-13 18:45+01:00,0.047451
2026-02-13 19:00+01:00,0.055847
2026-02-13 19:15+01:00,0.052109
2026-02-13 19:30+01:00,0.049924
2026-02-13 19:45+01:00,0.070437
2026-02-13 20:00+01:00,0.051100
2026-02-13 20:15+01:00,0.071529
2026-02-13 20:30+01:00,0.071740
2026-02-13 20:45+01:00,0.059279
2026-02-13 21:00+01:00,0.051004
2026-02-13 21:15+01:00,0.055011
2026-02-13 21:30+01:00,0.062402
2026-02-13 21:45+01:00,0.053585
2026-02-13 22:00+01:00,0.063579
2026-02-13 22:15+01:00,0.055261
2026-02-13 22:30+01:00,0.044608
2026-02-13 22:45+01:00,0.058001
2026-02-13 23:00+01:00,0.065387
2026-02-13 23:15+01:00,0.052854
2026-02-13 23:30+01:00,0.070025
2026-02-13 23:45+01:00,0.082227
2026-02-14 00:00+01:00,0.063887
2026-02-14 00:15+01:00,0.041536
2026-02-14 00:30+01:00,0.038056
2026-02-14 00:45+01:00,0.040263
2026-02-14 01:00+01:00,0.050045
2026-02-14 01:15+01:00,0.049731
2026-02-14 01:30+01:00,0.050185
2026-02-14 01:45+01:00,0.044712
2026-02-14 02:00+01:00,0.045619
2026-02-14 02:15+01:00,0.045749
2026-02-14 02:30+01:00,0.055570
2026-02-14 02:45+01:00,0.045289
2026-02-14 03:00+01:00,0.052445
2026-02-14 03:15+01:00,0.057464
2026-02-14 03:30+01:00,0.053001
2026-02-14 03:45+01:00,0.052934
2026-02-14 04:00+01:00,0.051872
2026-02-14 04:15+01:00,0.047766
2026-02-14 04:30+01:00,0.059308
2026-02-14 04:45+01:00,0.046145
2026-02-14 05:00+01:00,
2026-02-14 05:15+01:00,0.048986
2026-02-14 05:30+01:00,0.056768
2026-02-14 05:45+01:00,0.046899
2026-02-14 06:00+01:00,0.050428
2026-02-14 06:15+01:00,0.051024
2026-02-14 06:30+01:00,0.049176
2026-02-14 06:45+01:00,0.050701
2026-02-14 07:00+01:00,0.051315
2026-02-14 07:15+01:00,0.045593
2026-02-14 07:30+01:00,0.042270
2026-02-14 07:45+01:00,0.050460
2026-02-14 08:00+01:00,0.053628
2026-02-14 08:15+01:00,0.046600
2026-02-14 08:30+01:00,0.045807
2026-02-14 08:45+01:00,0.042216
2026-02-14 09:00+01:00,0.048950
2026-02-14 09:15+01:00,0.050947
2026-02-14 09:30+01:00,0.056663
2026-02-14 09:45+01:00,0.049395
2026-02-14 10:00+01:00,0.048123
2026-02-14 10:15+01:00,0.036101
2026-02-14 10:30+01:00,0.055245
2026-02-14 10:45+01:00,0.045449
2026-02-14 11:00+01:00,0.060222
2026-02-14 11:15+01:00,0.052799
2026-02-14 11:30+01:00,0.047793
2026-02-14 11:45+01:00,0.050804
2026-02-14 12:00+01:00,0.040454
2026-02-14 12:15+01:00,0.052223
2026-02-14 12:30+01:00,0.053461
2026-02-14 12:45+01:00,0.057032
2026-02-14 13:00+01:00,0.051037
2026-02-14 13:15+01:00,0.044405
2026-02-14 13:30+01:00,0.059076
2026-02-14 13:45+01:00,0.036434
2026-02-14 14:00+01:00,0.050260
2026-02-14 14:15+01:00,0.046076
2026-02-14 14:30+01:00,0.042000
2026-02-14 14:45+01:00,0.053965
2026-02-14 15:00+01:00,0.062272
2026-02-14 15:15+01:00,0.051208
2026-02-14 15:30+01:00,0.047247
2026-02-14 15:45+01:00,0.049275
2026-02-14 16:00+01:00,0.046161
2026-02-14 16:15+01:00,0.057986
2026-02-14 16:30+01:00,0.048115
2026-02-14 16:45+01:00,0.046337
2026-02-14 17:00+01:00,0.062503
2026-02-14 17:15+01:00,0.048707
2026-02-14 17:30+01:00,0.043876
2026-02-14 17:45+01:00,0.051007
2026-02-14 18:00+01:00,0.047102
2026-02-14 18:15+01:00,0.052797
2026-02-14 18:30+01:00,0.060627
2026-02-14 18:45+01:00,0.048909
2026-02-14 19:00+01:00,0.054308
2026-02-14 19:15+01:00,0.045620
2026-02-14 19:30+01:00,0.049992
2026-02-14 19:45+01:00,0.063353
2026-02-14 20:00+01:00,0.063256
2026-02-14 20:15+01:00,0.056407
2026-02-14 20:30+01:00,0.051217
2026-02-14 20:45+01:00,0.052612
2026-02-14 21:00+01:00,0.056605
2026-02-14 21:15+01:00,0.053657
2026-02-14 21:30+01:00,0.064527
2026-02-14 21:45+01:00,0.044044
2026-02-14 22:00+01:00,0.051524
2026-02-14 22:15+01:00,0.061837
2026-02-14 22:30+01:00,0.038077
2026-02-14 22:45+01:00,0.054257
2026-02-14 23:00+01:00,0.037561
2026-02-14 23:15+01:00,0.062549
2026-02-14 23:30+01:00,0.053495
2026-02-14 23:45+01:00,0.055897
2026-02-15 00:00+01:00,0.000000
2026-02-15 00:15+01:00,0.061896
2026-02-15 00:30+01:00,0.048963
2026-02-15 00:45+01:00,0.046609
2026-02-15 01:00+01:00,0.042496
2026-02-15 01:15+01:00,0.052429
2026-02-15 01:30+01:00,0.043531
2026-02-15 01:45+01:00,0.054552
2026-02-15 02:00+01:00,0.049525
2026-02-15 02:15+01:00,0.040364
2026-02-15 02:30+01:00,0.051644
2026-02-15 02:45+01:00,
2026-02-15 03:00+01:00,0.046126
2026-02-15 03:15+01:00,0.044815
2026-02-15 03:30+01:00,0.050447
2026-02-15 03:45+01:00,0.049630
2026-02-15 04:00+01:00,0.043644
2026-02-15 04:15+01:00,0.040445
2026-02-15 04:30+01:00,0.048934
2026-02-15 04:45+01:00,0.040056
2026-02-15 05:00+01:00,0.042968
2026-02-15 05:15+01:00,0.051241
2026-02-15 05:30+01:00,0.048747
2026-02-15 05:45+01:00,0.056353
2026-02-15 06:00+01:00,0.043080
2026-02-15 06:15+01:00,0.043770
2026-02-15 06:30+01:00,0.037100
2026-02-15 06:45+01:00,0.000000
2026-02-15 07:00+01:00,0.036556
2026-02-15 07:15+01:00,0.042634
2026-02-15 07:30+01:00,0.049201
2026-02-15 07:45+01:00,0.060849
2026-02-15 08:00+01:00,0.043116
2026-02-15 08:15+01:00,0.038254
2026-02-15 08:30+01:00,0.049307
2026-02-15 08:45+01:00,0.049707
2026-02-15 09:00+01:00,0.040350
2026-02-15 09:15+01:00,0.044803
2026-02-15 09:30+01:00,0.043931
2026-02-15 09:45+01:00,0.050185
2026-02-15 10:00+01:00,0.042799
2026-02-15 10:15+01:00,0.046992
2026-02-15 10:30+01:00,0.049962
2026-02-15 10:45+01:00,0.049561
2026-02-15 11:00+01:00,
2026-02-15 11:15+01:00,0.056347
2026-02-15 11:30+01:00,0.043685
2026-02-15 11:45+01:00,0.044995
2026-02-15 12:00+01:00,0.046681
2026-02-15 12:15+01:00,0.059438
2026-02-15 12:30+01:00,0.046555
2026-02-15 12:45+01:00,0.043321
2026-02-15 13:00+01:00,0.045200
2026-02-15 13:15+01:00,0.055917
2026-02-15 13:30+01:00,0.051265
2026-02-15 13:45+01:00,0.052516
2026-02-15 14:00+01:00,0.054715
2026-02-15 14:15+01:00,0.054965
2026-02-15 14:30+01:00,0.051051
2026-02-15 14:45+01:00,0.057254
2026-02-15 15:00+01:00,0.050022
2026-02-15 15:15+01:00,0.050872
2026-02-15 15:30+01:00,0.055950
2026-02-15 15:45+01:00,0.046461
2026-02-15 16:00+01:00,0.044036
2026-02-15 16:15+01:00,0.042613
2026-02-15 16:30+01:00,0.040347
2026-02-15 16:45+01:00,0.049257
2026-02-15 17:00+01:00,
2026-02-15 17:15+01:00,0.053829
2026-02-15 17:30+01:00,0.049954
2026-02-15 17:45+01:00,0.063162
2026-02-15 18:00+01:00,0.039516
2026-02-15 18:15+01:00,0.054139
2026-02-15 18:30+01:00,0.055209
2026-02-15 18:45+01:00,0.048070
2026-02-15 19:00+01:00,0.046385
2026-02-15 19:15+01:00,0.053853
2026-02-15 19:30+01:00,0.040084
2026-02-15 19:45+01:00,0.049690
2026-02-15 20:00+01:00,0.051768
2026-02-15 20:15+01:00,0.049011
2026-02-15 20:30+01:00,0.045435
2026-02-15 20:45+01:00,0.065294
2026-02-15 21:00+01:00,0.048275
2026-02-15 21:15+01:00,0.038879
2026-02-15 21:30+01:00,0.049727
2026-02-15 21:45+01:00,0.044426
2026-02-15 22:00+01:00,0.028956
2026-02-15 22:15+01:00,0.062232
2026-02-15 22:30+01:00,0.036113
2026-02-15 22:45+01:00,0.036464
2026-02-15 23:00+01:00,0.045734
2026-02-15 23:15+01:00,0.052772
2026-02-15 23:30+01:00,0.047070
2026-02-15 23:45+01:00,0.055802
2026-02-16 00:00+01:00,0.043996
2026-02-16 00:15+01:00,0.058073
2026-02-16 00:30+01:00,0.058599
2026-02-16 00:45+01:00,0.058648
2026-02-16 01:00+01:00,0.060622
2026-02-16 01:15+01:00,0.050967
2026-02-16 01:30+01:00,0.077824
2026-02-16 01:45+01:00,0.063639
2026-02-16 02:00+01:00,0.048383
2026-02-16 02:15+01:00,0.074230
2026-02-16 02:30+01:00,0.074038
2026-02-16 02:45+01:00,0.066109
2026-02-16 03:00+01:00,0.064504
2026-02-16 03:15+01:00,0.057389
2026-02-16 03:30+01:00,0.063188
2026-02-16 03:45+01:00,0.059508
2026-02-16 04:00+01:00,0.065019
2026-02-16 04:15+01:00,0.061556
2026-02-16 04:30+01:00,0.063920
2026-02-16 04:45+01:00,0.071500
2026-02-16 05:00+01:00,0.079735
2026-02-16 05:15+01:00,0.048436
2026-02-16 05:30+01:00,0.080728
2026-02-16 05:45+01:00,0.051199
2026-02-16 06:00+01:00,0.060534
2026-02-16 06:15+01:00,0.071489
2026-02-16 06:30+01:00,0.069227
2026-02-16 06:45+01:00,0.060508
2026-02-16 07:00+01:00,2.361330
2026-02-16 07:15+01:00,2.455022
2026-02-16 07:30+01:00,2.650947
2026-02-16 07:45+01:00,2.633437
2026-02-16 08:00+01:00,2.388583
2026-02-16 08:15+01:00,2.602000
2026-02-16 08:30+01:00,2.220389
2026-02-16 08:45+01:00,2.508231
2026-02-16 09:00+01:00,
2026-02-16 09:15+01:00,
2026-02-16 09:30+01:00,2.403981
2026-02-16 09:45+01:00,2.496782
2026-02-16 10:00+01:00,2.230045
2026-02-16 10:15+01:00,2.587862
2026-02-16 10:30+01:00,2.739279
2026-02-16 10:45+01:00,2.385312
2026-02-16 11:00+01:00,2.644798
2026-02-16 11:15+01:00,2.292673
2026-02-16 11:30+01:00,2.393757
2026-02-16 11:45+01:00,2.267879
2026-02-16 12:00+01:00,2.452735
2026-02-16 12:15+01:00,2.492540
2026-02-16 12:30+01:00,2.362543
2026-02-16 12:45+01:00,2.460758
2026-02-16 13:00+01:00,2.533092
2026-02-16 13:15+01:00,2.268192
2026-02-16 13:30+01:00,2.427854
2026-02-16 13:45+01:00,2.393888
2026-02-16 14:00+01:00,
2026-02-16 14:15+01:00,2.340977
2026-02-16 14:30+01:00,2.301364
2026-02-16 14:45+01:00,2.462925
2026-02-16 15:00+01:00,2.166906
2026-02-16 15:15+01:00,2.522237
2026-02-16 15:30+01:00,2.413338
2026-02-16 15:45+01:00,2.499424
2026-02-16 16:00+01:00,
2026-02-16 16:15+01:00,2.405402
2026-02-16 16:30+01:00,2.639994
2026-02-16 16:45+01:00,2.234700
2026-02-16 17:00+01:00,2.221483
2026-02-16 17:15+01:00,2.458079
2026-02-16 17:30+01:00,2.311499
2026-02-16 17:45+01:00,2.424886
2026-02-16 18:00+01:00,0.068429
2026-02-16 18:15+01:00,0.064314
2026-02-16 18:30+01:00,0.061813
2026-02-16 18:45+01:00,0.059171
2026-02-16 19:00+01:00,0.047035
2026-02-16 19:15+01:00,0.052266
2026-02-16 19:30+01:00,0.057070
2026-02-16 19:45+01:00,0.063837
2026-02-16 20:00+01:00,0.058817
2026-02-16 20:15+01:00,0.055531
2026-02-16 20:30+01:00,0.059818
2026-02-16 20:45+01:00,0.056147
2026-02-16 21:00+01:00,0.065679
2026-02-16 21:15+01:00,0.055533
2026-02-16 21:30+01:00,0.071260
2026-02-16 21:45+01:00,0.066433
2026-02-16 22:00+01:00,0.059161
2026-02-16 22:15+01:00,0.075328
2026-02-16 22:30+01:00,0.065282
2026-02-16 22:45+01:00,
2026-02-16 23:00+01:00,0.073767
2026-02-16 23:15+01:00,0.062391
2026-02-16 23:30+01:00,0.058271
2026-02-16 23:45+01:00,0.057783
2026-02-17 00:00+01:00,0.072266
2026-02-17 00:15+01:00,0.067339
2026-02-17 00:30+01:00,0.062807
2026-02-17 00:45+01:00,0.075964
2026-02-17 01:00+01:00,
2026-02-17 01:15+01:00,0.061374
2026-02-17 01:30+01:00,0.048724
2026-02-17 01:45+01:00,0.067531
2026-02-17 02:00+01:00,0.058683
2026-02-17 02:15+01:00,0.062259
2026-02-17 02:30+01:00,0.063884
2026-02-17 02:45+01:00,0.072689
2026-02-17 03:00+01:00,0.055499
2026-02-17 03:15+01:00,0.068752
2026-02-17 03:30+01:00,0.066968
2026-02-17 03:45+01:00,0.076816
2026-02-17 04:00+01:00,0.067305
2026-02-17 04:15+01:00,0.059222
2026-02-17 04:30+01:00,0.073289
2026-02-17 04:45+01:00,0.071553
2026-02-17 05:00+01:00,0.070741
2026-02-17 05:15+01:00,0.064523
2026-02-17 05:30+01:00,0.068517
2026-02-17 05:45+01:00,0.065804
2026-02-17 06:00+01:00,0.054756
2026-02-17 06:15+01:00,0.063033
2026-02-17 06:30+01:00,0.054056
2026-02-17 06:45+01:00,0.071057
2026-02-17 07:00+01:00,2.363420
2026-02-17 07:15+01:00,2.449722
2026-02-17 07:30+01:00,2.592494
2026-02-17 07:45+01:00,2.324100
2026-02-17 08:00+01:00,2.521845
2026-02-17 08:15+01:00,2.530095
2026-02-17 08:30+01:00,2.559723
2026-02-17 08:45+01:00,2.241293
2026-02-17 09:00+01:00,2.268969
2026-02-17 09:15+01:00,2.433129
2026-02-17 09:30+01:00,2.508308
2026-02-17 09:45+01:00,2.258410
2026-02-17 10:00+01:00,2.408700
2026-02-17 10:15+01:00,2.337136
2026-02-17 10:30+01:00,2.353400
2026-02-17 10:45+01:00,2.283509
2026-02-17 11:00+01:00,2.443268
2026-02-17 11:15+01:00,2.422727
2026-02-17 11:30+01:00,2.317156
2026-02-17 11:45+01:00,2.237808
2026-02-17 12:00+01:00,2.533089
2026-02-17 12:15+01:00,2.387008
2026-02-17 12:30+01:00,
2026-02-17 12:45+01:00,2.414137
2026-02-17 13:00+01:00,2.279422
2026-02-17 13:15+01:00,2.421131
2026-02-17 13:30+01:00,2.322673
2026-02-17 13:45+01:00,2.624216
2026-02-17 14:00+01:00,2.427538
2026-02-17 14:15+01:00,2.557793
2026-02-17 14:30+01:00,2.177318
2026-02-17 14:45+01:00,2.486245
2026-02-17 15:00+01:00,2.458739
2026-02-17 15:15+01:00,2.457155
2026-02-17 15:30+01:00,2.334062
2026-02-17 15:45+01:00,2.354684
2026-02-17 16:00+01:00,2.350709
2026-02-17 16:15+01:00,2.497506
2026-02-17 16:30+01:00,2.305091
2026-02-17 16:45+01:00,2.343014
2026-02-17 17:00+01:00,2.337574
2026-02-17 17:15+01:00,2.256166
2026-02-17 17:30+01:00,2.461598
2026-02-17 17:45+01:00,2.267046
2026-02-17 18:00+01:00,0.072825
2026-02-17 18:15+01:00,0.000000
2026-02-17 18:30+01:00,0.074736
2026-02-17 18:45+01:00,0.049181
2026-02-17 19:00+01:00,0.075885
2026-02-17 19:15+01:00,0.069998
2026-02-17 19:30+01:00,
2026-02-17 19:45+01:00,0.065935
2026-02-17 20:00+01:00,0.066358
2026-02-17 20:15+01:00,
2026-02-17 20:30+01:00,0.070100
2026-02-17 20:45+01:00,0.074237
2026-02-17 21:00+01:00,0.045535
2026-02-17 21:15+01:00,0.077039
2026-02-17 21:30+01:00,0.065678
2026-02-17 21:45+01:00,0.071432
2026-02-17 22:00+01:00,0.050641
2026-02-17 22:15+01:00,0.054210
2026-02-17 22:30+01:00,0.057549
2026-02-17 22:45+01:00,0.064660
2026-02-17 23:00+01:00,0.067775
2026-02-17 23:15+01:00,0.073705
2026-02-17 23:30+01:00,0.062950
2026-02-17 23:45+01:00,0.055535
2026-02-18 00:00+01:00,0.051350
2026-02-18 00:15+01:00,0.069012
2026-02-18 00:30+01:00,0.076815
2026-02-18 00:45+01:00,
2026-02-18 01:00+01:00,0.066469
2026-02-18 01:15+01:00,0.057330
2026-02-18 01:30+01:00,0.075090
2026-02-18 01:45+01:00,0.079222
2026-02-18 02:00+01:00,0.062823
2026-02-18 02:15+01:00,0.047373
2026-02-18 02:30+01:00,0.062171
2026-02-18 02:45+01:00,0.054354
2026-02-18 03:00+01:00,0.060503
2026-02-18 03:15+01:00,0.061771
2026-02-18 03:30+01:00,0.060207
2026-02-18 03:45+01:00,0.060336
2026-02-18 04:00+01:00,0.063424
2026-02-18 04:15+01:00,0.070803
2026-02-18 04:30+01:00,0.070454
2026-02-18 04:45+01:00,0.068824
2026-02-18 05:00+01:00,0.063882
2026-02-18 05:15+01:00,0.065791
2026-02-18 05:30+01:00,0.066545
2026-02-18 05:45+01:00,0.054149
2026-02-18 06:00+01:00,0.070071
2026-02-18 06:15+01:00,0.097508
2026-02-18 06:30+01:00,0.069760
2026-02-18 06:45+01:00,0.061207
2026-02-18 07:00+01:00,2.100479
2026-02-18 07:15+01:00,2.484842
2026-02-18 07:30+01:00,2.270648
2026-02-18 07:45+01:00,2.461062
2026-02-18 08:00+01:00,2.372602
2026-02-18 08:15+01:00,2.518146
2026-02-18 08:30+01:00,2.316816
2026-02-18 08:45+01:00,2.496748
2026-02-18 09:00+01:00,
2026-02-18 09:15+01:00,2.586401
2026-02-18 09:30+01:00,2.433484
2026-02-18 09:45+01:00,2.260294
2026-02-18 10:00+01:00,
2026-02-18 10:15+01:00,2.364011
2026-02-18 10:30+01:00,2.262533
2026-02-18 10:45+01:00,2.264731
2026-02-18 11:00+01:00,2.552840
2026-02-18 11:15+01:00,2.344203
2026-02-18 11:30+01:00,2.427323
2026-02-18 11:45+01:00,1.941204
2026-02-18 12:00+01:00,2.305343
2026-02-18 12:15+01:00,2.398174
2026-02-18 12:30+01:00,2.373885
2026-02-18 12:45+01:00,2.481005
2026-02-18 13:00+01:00,2.636647
2026-02-18 13:15+01:00,2.527980
2026-02-18 13:30+01:00,2.231490
2026-02-18 13:45+01:00,2.572176
2026-02-18 14:00+01:00,2.382102
2026-02-18 14:15+01:00,2.592709
2026-02-18 14:30+01:00,2.589595
2026-02-18 14:45+01:00,2.213144
2026-02-18 15:00+01:00,2.027805
2026-02-18 15:15+01:00,2.516166
2026-02-18 15:30+01:00,2.390445
2026-02-18 15:45+01:00,2.476871
2026-02-18 16:00+01:00,2.274093
2026-02-18 16:15+01:00,2.542848
2026-02-18 16:30+01:00,2.464726
2026-02-18 16:45+01:00,2.380497
2026-02-18 17:00+01:00,2.420590
2026-02-18 17:15+01:00,2.503443
2026-02-18 17:30+01:00,2.720337
2026-02-18 17:45+01:00,2.419434
2026-02-18 18:00+01:00,0.075510
2026-02-18 18:15+01:00,0.062797
2026-02-18 18:30+01:00,0.060229
2026-02-18 18:45+01:00,0.053492
2026-02-18 19:00+01:00,0.077550
2026-02-18 19:15+01:00,0.058637
2026-02-18 19:30+01:00,0.066067
2026-02-18 19:45+01:00,
2026-02-18 20:00+01:00,0.065443
2026-02-18 20:15+01:00,0.061413
2026-02-18 20:30+01:00,0.048500
2026-02-18 20:45+01:00,0.067055
2026-02-18 21:00+01:00,0.054261
2026-02-18 21:15+01:00,0.055023
2026-02-18 21:30+01:00,0.056396
2026-02-18 21:45+01:00,0.062421
2026-02-18 22:00+01:00,0.056682
2026-02-18 22:15+01:00,0.063430
2026-02-18 22:30+01:00,0.070302
2026-02-18 22:45+01:00,0.058152
2026-02-18 23:00+01:00,0.069344
2026-02-18 23:15+01:00,0.077660
2026-02-18 23:30+01:00,0.053375
2026-02-18 23:45+01:00,0.073940
2026-02-19 00:00+01:00,0.058055
2026-02-19 00:15+01:00,0.068739
2026-02-19 00:30+01:00,0.074809
2026-02-19 00:45+01:00,0.049268
2026-02-19 01:00+01:00,0.055083
2026-02-19 01:15+01:00,0.071093
2026-02-19 01:30+01:00,0.056778
2026-02-19 01:45+01:00,0.067419
2026-02-19 02:00+01:00,0.072906
2026-02-19 02:15+01:00,0.068685
2026-02-19 02:30+01:00,0.051368
2026-02-19 02:45+01:00,0.056579
2026-02-19 03:00+01:00,0.063578
2026-02-19 03:15+01:00,0.060559
2026-02-19 03:30+01:00,0.067676
2026-02-19 03:45+01:00,0.059662
2026-02-19 04:00+01:00,0.058238
2026-02-19 04:15+01:00,0.054942
2026-02-19 04:30+01:00,0.069209
2026-02-19 04:45+01:00,0.072754
2026-02-19 05:00+01:00,0.059458
2026-02-19 05:15+01:00,0.065914
2026-02-19 05:30+01:00,0.076009
2026-02-19 05:45+01:00,0.062447
2026-02-19 06:00+01:00,0.070664
2026-02-19 06:15+01:00,0.055694
2026-02-19 06:30+01:00,0.071190
2026-02-19 06:45+01:00,0.060459
2026-02-19 07:00+01:00,2.529997
2026-02-19 07:15+01:00,2.254473
2026-02-19 07:30+01:00,2.590062
2026-02-19 07:45+01:00,2.593378
2026-02-19 08:00+01:00,2.356371
2026-02-19 08:15+01:00,2.323646
2026-02-19 08:30+01:00,2.439099
2026-02-19 08:45+01:00,2.542359
2026-02-19 09:00+01:00,2.409988
2026-02-19 09:15+01:00,2.488862
2026-02-19 09:30+01:00,2.454352
2026-02-19 09:45+01:00,2.217365
2026-02-19 10:00+01:00,2.588473
2026-02-19 10:15+01:00,2.699531
2026-02-19 10:30+01:00,2.558546
2026-02-19 10:45+01:00,2.370411
2026-02-19 11:00+01:00,2.518961
2026-02-19 11:15+01:00,2.358132
2026-02-19 11:30+01:00,2.306584
2026-02-19 11:45+01:00,2.684615
2026-02-19 12:00+01:00,2.431077
2026-02-19 12:15+01:00,2.455203
2026-02-19 12:30+01:00,
2026-02-19 12:45+01:00,2.459290
2026-02-19 13:00+01:00,1.973156
2026-02-19 13:15+01:00,
2026-02-19 13:30+01:00,2.281619
2026-02-19 13:45+01:00,2.486881
2026-02-19 14:00+01:00,2.527381
2026-02-19 14:15+01:00,2.400532
2026-02-19 14:30+01:00,2.480250
2026-02-19 14:45+01:00,2.492835
2026-02-19 15:00+01:00,2.256759
2026-02-19 15:15+01:00,2.335859
2026-02-19 15:30+01:00,2.474913
2026-02-19 15:45+01:00,2.372665
2026-02-19 16:00+01:00,2.649696
2026-02-19 16:15+01:00,2.236903
2026-02-19 16:30+01:00,2.352012
2026-02-19 16:45+01:00,2.493147
2026-02-19 17:00+01:00,2.452623
2026-02-19 17:15+01:00,2.204548
2026-02-19 17:30+01:00,2.867421
2026-02-19 17:45+01:00,2.204094
2026-02-19 18:00+01:00,0.061837
2026-02-19 18:15+01:00,0.076057
2026-02-19 18:30+01:00,0.056965
2026-02-19 18:45+01:00,0.066799
2026-02-19 19:00+01:00,0.071330
2026-02-19 19:15+01:00,0.054600
2026-02-19 19:30+01:00,0.058201
2026-02-19 19:45+01:00,0.049782
2026-02-19 20:00+01:00,0.060741
2026-02-19 20:15+01:00,0.056733
2026-02-19 20:30+01:00,0.059130
2026-02-19 20:45+01:00,0.077073
2026-02-19 21:00+01:00,0.073319
2026-02-19 21:15+01:00,0.065175
2026-02-19 21:30+01:00,0.055474
2026-02-19 21:45+01:00,0.051338
2026-02-19 22:00+01:00,0.071984
2026-02-19 22:15+01:00,0.066562
2026-02-19 22:30+01:00,0.071741
2026-02-19 22:45+01:00,0.072780
2026-02-19 23:00+01:00,0.079859
2026-02-19 23:15+01:00,0.053646
2026-02-19 23:30+01:00,0.074172
2026-02-19 23:45+01:00,0.059530
2026-02-20 00:00+01:00,0.065626
2026-02-20 00:15+01:00,0.076581
2026-02-20 00:30+01:00,0.059515
2026-02-20 00:45+01:00,0.064531
2026-02-20 01:00+01:00,
2026-02-20 01:15+01:00,0.058061
2026-02-20 01:30+01:00,0.045535
2026-02-20 01:45+01:00,0.052540
2026-02-20 02:00+01:00,0.060758
2026-02-20 02:15+01:00,0.074952
2026-02-20 02:30+01:00,0.072206
2026-02-20 02:45+01:00,
2026-02-20 03:00+01:00,0.071715
2026-02-20 03:15+01:00,0.072081
2026-02-20 03:30+01:00,0.048396
2026-02-20 03:45+01:00,0.058370
2026-02-20 04:00+01:00,0.057956
2026-02-20 04:15+01:00,0.070938
2026-02-20 04:30+01:00,0.038751
2026-02-20 04:45+01:00,0.075643
2026-02-20 05:00+01:00,0.077878
2026-02-20 05:15+01:00,0.056152
2026-02-20 05:30+01:00,0.748995
2026-02-20 05:45+01:00,0.057795
2026-02-20 06:00+01:00,0.057265
2026-02-20 06:15+01:00,0.065369
2026-02-20 06:30+01:00,0.061548
2026-02-20 06:45+01:00,0.057994
2026-02-20 07:00+01:00,2.585409
2026-02-20 07:15+01:00,2.397258
2026-02-20 07:30+01:00,2.328303
2026-02-20 07:45+01:00,2.705998
2026-02-20 08:00+01:00,2.525162
2026-02-20 08:15+01:00,2.377115
2026-02-20 08:30+01:00,2.236705
2026-02-20 08:45+01:00,2.548117
2026-02-20 09:00+01:00,2.184999
2026-02-20 09:15+01:00,2.436686
2026-02-20 09:30+01:00,2.393670
2026-02-20 09:45+01:00,2.201421
2026-02-20 10:00+01:00,2.605993
2026-02-20 10:15+01:00,2.619342
2026-02-20 10:30+01:00,2.626784
2026-02-20 10:45+01:00,2.321571
2026-02-20 11:00+01:00,2.747756
2026-02-20 11:15+01:00,2.338128
2026-02-20 11:30+01:00,2.419022
2026-02-20 11:45+01:00,2.470517
2026-02-20 12:00+01:00,2.643310
2026-02-20 12:15+01:00,2.246636
2026-02-20 12:30+01:00,2.139384
2026-02-20 12:45+01:00,2.434126
2026-02-20 13:00+01:00,2.398573
2026-02-20 13:15+01:00,2.107869
2026-02-20 13:30+01:00,2.299226
2026-02-20 13:45+01:00,2.255864
2026-02-20 14:00+01:00,2.545585
2026-02-20 14:15+01:00,2.578549
2026-02-20 14:30+01:00,2.297742
2026-02-20 14:45+01:00,2.379595
2026-02-20 15:00+01:00,2.562534
2026-02-20 15:15+01:00,2.317930
2026-02-20 15:30+01:00,2.500706
2026-02-20 15:45+01:00,2.597749
2026-02-20 16:00+01:00,2.693068
2026-02-20 16:15+01:00,2.672313
2026-02-20 16:30+01:00,2.306649
2026-02-20 16:45+01:00,2.282142
2026-02-20 17:00+01:00,2.482185
2026-02-20 17:15+01:00,2.757060
2026-02-20 17:30+01:00,2.559597
2026-02-20 17:45+01:00,2.438709
2026-02-20 18:00+01:00,0.089016
2026-02-20 18:15+01:00,0.050270
2026-02-20 18:30+01:00,0.088442
2026-02-20 18:45+01:00,0.062555
2026-02-20 19:00+01:00,0.071109
2026-02-20 19:15+01:00,0.065932
2026-02-20 19:30+01:00,0.060343
2026-02-20 19:45+01:00,0.062228
2026-02-20 20:00+01:00,0.061545
2026-02-20 20:15+01:00,0.065870
2026-02-20 20:30+01:00,0.080923
2026-02-20 20:45+01:00,0.059128
2026-02-20 21:00+01:00,0.080268
2026-02-20 21:15+01:00,0.048687
2026-02-20 21:30+01:00,0.056535
2026-02-20 21:45+01:00,0.052205
2026-02-20 22:00+01:00,0.056520
2026-02-20 22:15+01:00,0.076404
2026-02-20 22:30+01:00,0.071356
2026-02-20 22:45+01:00,0.056386
2026-02-20 23:00+01:00,0.071932
2026-02-20 23:15+01:00,0.070205
2026-02-20 23:30+01:00,0.062759
2026-02-20 23:45+01:00,0.060047
2026-02-21 00:00+01:00,0.056808
2026-02-21 00:15+01:00,0.051466
2026-02-21 00:30+01:00,0.046257
2026-02-21 00:45+01:00,0.060389
2026-02-21 01:00+01:00,0.040286
2026-02-21 01:15+01:00,0.043733
2026-02-21 01:30+01:00,0.047241
2026-02-21 01:45+01:00,0.058846
2026-02-21 02:00+01:00,0.043428
2026-02-21 02:15+01:00,0.057856
2026-02-21 02:30+01:00,0.045379
2026-02-21 02:45+01:00,0.041307
2026-02-21 03:00+01:00,0.050848
2026-02-21 03:15+01:00,0.037522
2026-02-21 03:30+01:00,0.056894
2026-02-21 03:45+01:00,
2026-02-21 04:00+01:00,
2026-02-21 04:15+01:00,
2026-02-21 04:30+01:00,0.052489
2026-02-21 04:45+01:00,
2026-02-21 05:00+01:00,0.060093
2026-02-21 05:15+01:00,0.048039
2026-02-21 05:30+01:00,0.055127
2026-02-21 05:45+01:00,0.049839
2026-02-21 06:00+01:00,0.059947
2026-02-21 06:15+01:00,0.054776
2026-02-21 06:30+01:00,0.040396
2026-02-21 06:45+01:00,0.044465
2026-02-21 07:00+01:00,0.049051
2026-02-21 07:15+01:00,0.044891
2026-02-21 07:30+01:00,0.038048
2026-02-21 07:45+01:00,0.052317
2026-02-21 08:00+01:00,0.056141
2026-02-21 08:15+01:00,0.059475
2026-02-21 08:30+01:00,0.041719
2026-02-21 08:45+01:00,0.042645
2026-02-21 09:00+01:00,0.047479
2026-02-21 09:15+01:00,0.050197
2026-02-21 09:30+01:00,0.058203
2026-02-21 09:45+01:00,0.047228
2026-02-21 10:00+01:00,0.044830
2026-02-21 10:15+01:00,0.046392
2026-02-21 10:30+01:00,0.061262
2026-02-21 10:45+01:00,0.051031
2026-02-21 11:00+01:00,0.048711
2026-02-21 11:15+01:00,0.044420
2026-02-21 11:30+01:00,0.042562
2026-02-21 11:45+01:00,0.051322
2026-02-21 12:00+01:00,0.041107
2026-02-21 12:15+01:00,0.061331
2026-02-21 12:30+01:00,0.044959
2026-02-21 12:45+01:00,0.051795
2026-02-21 13:00+01:00,0.044279
2026-02-21 13:15+01:00,0.047372
2026-02-21 13:30+01:00,0.048949
2026-02-21 13:45+01:00,0.054369
2026-02-21 14:00+01:00,0.049689
2026-02-21 14:15+01:00,0.043224
2026-02-21 14:30+01:00,0.045711
2026-02-21 14:45+01:00,0.051817
2026-02-21 15:00+01:00,0.050431
2026-02-21 15:15+01:00,0.036980
2026-02-21 15:30+01:00,0.037786
2026-02-21 15:45+01:00,0.043199
2026-02-21 16:00+01:00,0.062869
2026-02-21 16:15+01:00,0.050554
2026-02-21 16:30+01:00,0.045444
2026-02-21 16:45+01:00,0.031739
2026-02-21 17:00+01:00,0.046877
2026-02-21 17:15+01:00,0.044427
2026-02-21 17:30+01:00,0.054173
2026-02-21 17:45+01:00,0.060357
2026-02-21 18:00+01:00,0.048435
2026-02-21 18:15+01:00,0.043825
2026-02-21 18:30+01:00,0.039962
2026-02-21 18:45+01:00,
2026-02-21 19:00+01:00,0.051463
2026-02-21 19:15+01:00,0.036685
2026-02-21 19:30+01:00,0.039640
2026-02-21 19:45+01:00,0.049517
2026-02-21 20:00+01:00,0.050594
2026-02-21 20:15+01:00,0.054698
2026-02-21 20:30+01:00,0.052478
2026-02-21 20:45+01:00,
2026-02-21 21:00+01:00,0.045921
2026-02-21 21:15+01:00,0.051132
2026-02-21 21:30+01:00,0.044803
2026-02-21 21:45+01:00,0.044756
2026-02-21 22:00+01:00,0.043073
2026-02-21 22:15+01:00,0.037044
2026-02-21 22:30+01:00,0.040116
2026-02-21 22:45+01:00,0.046296
2026-02-21 23:00+01:00,0.051959
2026-02-21 23:15+01:00,0.049010
2026-02-21 23:30+01:00,0.048071
2026-02-21 23:45+01:00,0.046905
2026-02-22 00:00+01:00,0.050148
2026-02-22 00:15+01:00,0.048032
2026-02-22 00:30+01:00,0.045723
2026-02-22 00:45+01:00,0.037083
2026-02-22 01:00+01:00,0.045054
2026-02-22 01:15+01:00,0.053023
2026-02-22 01:30+01:00,0.039908
2026-02-22 01:45+01:00,0.000000
2026-02-22 02:00+01:00,0.050218
2026-02-22 02:15+01:00,0.058235
2026-02-22 02:30+01:00,0.048831
2026-02-22 02:45+01:00,0.044233
2026-02-22 03:00+01:00,0.058491
2026-02-22 03:15+01:00,0.060878
2026-02-22 03:30+01:00,0.048768
2026-02-22 03:45+01:00,0.053871
2026-02-22 04:00+01:00,0.038150
2026-02-22 04:15+01:00,0.049215
2026-02-22 04:30+01:00,0.046872
2026-02-22 04:45+01:00,0.047496
2026-02-22 05:00+01:00,0.051481
2026-02-22 05:15+01:00,
2026-02-22 05:30+01:00,0.052357
2026-02-22 05:45+01:00,0.053392
2026-02-22 06:00+01:00,0.052761
2026-02-22 06:15+01:00,0.041042
2026-02-22 06:30+01:00,0.067041
2026-02-22 06:45+01:00,0.047257
2026-02-22 07:00+01:00,0.046885
2026-02-22 07:15+01:00,0.044485
2026-02-22 07:30+01:00,0.052406
2026-02-22 07:45+01:00,0.049823
2026-02-22 08:00+01:00,0.054183
2026-02-22 08:15+01:00,0.059778
2026-02-22 08:30+01:00,0.042134
2026-02-22 08:45+01:00,0.039989
2026-02-22 09:00+01:00,0.046966
2026-02-22 09:15+01:00,0.068806
2026-02-22 09:30+01:00,0.051595
2026-02-22 09:45+01:00,0.048846
2026-02-22 10:00+01:00,0.044283
2026-02-22 10:15+01:00,0.049779
2026-02-22 10:30+01:00,0.051688
2026-02-22 10:45+01:00,0.043356
2026-02-22 11:00+01:00,0.041886
2026-02-22 11:15+01:00,0.048590
2026-02-22 11:30+01:00,0.048057
2026-02-22 11:45+01:00,0.000000
2026-02-22 12:00+01:00,0.051952
2026-02-22 12:15+01:00,0.047245
2026-02-22 12:30+01:00,
2026-02-22 12:45+01:00,0.039772
2026-02-22 13:00+01:00,0.055679
2026-02-22 13:15+01:00,0.046200
2026-02-22 13:30+01:00,0.047967
2026-02-22 13:45+01:00,0.052648
2026-02-22 14:00+01:00,0.062074
2026-02-22 14:15+01:00,
2026-02-22 14:30+01:00,0.048193
2026-02-22 14:45+01:00,0.052556
2026-02-22 15:00+01:00,0.040805
2026-02-22 15:15+01:00,0.058711
2026-02-22 15:30+01:00,0.049342
2026-02-22 15:45+01:00,0.047449
2026-02-22 16:00+01:00,0.048997
2026-02-22 16:15+01:00,0.043923
2026-02-22 16:30+01:00,0.042450
2026-02-22 16:45+01:00,0.049633
2026-02-22 17:00+01:00,0.051505
2026-02-22 17:15+01:00,0.050122
2026-02-22 17:30+01:00,0.057659
2026-02-22 17:45+01:00,0.054987
2026-02-22 18:00+01:00,0.046785
2026-02-22 18:15+01:00,0.058806
2026-02-22 18:30+01:00,0.050948
2026-02-22 18:45+01:00,0.044910
2026-02-22 19:00+01:00,0.043575
2026-02-22 19:15+01:00,0.052063
2026-02-22 19:30+01:00,0.043537
2026-02-22 19:45+01:00,0.055388
2026-02-22 20:00+01:00,0.052885
2026-02-22 20:15+01:00,0.049832
2026-02-22 20:30+01:00,0.046019
2026-02-22 20:45+01:00,0.042430
2026-02-22 21:00+01:00,0.039708
2026-02-22 21:15+01:00,0.043466
2026-02-22 21:30+01:00,0.051874
2026-02-22 21:45+01:00,0.053933
2026-02-22 22:00+01:00,0.045850
2026-02-22 22:15+01:00,0.043713
2026-02-22 22:30+01:00,0.045547
2026-02-22 22:45+01:00,0.045749
2026-02-22 23:00+01:00,0.044238
2026-02-22 23:15+01:00,0.052185
2026-02-22 23:30+01:00,0.047609
2026-02-22 23:45+01:00,0.045157
2026-02-23 00:00+01:00,0.051690
2026-02-23 00:15+01:00,0.075220
2026-02-23 00:30+01:00,0.075310
2026-02-23 00:45+01:00,0.061600
2026-02-23 01:00+01:00,0.063281
2026-02-23 01:15+01:00,0.070492
2026-02-23 01:30+01:00,0.046532
2026-02-23 01:45+01:00,0.061699
2026-02-23 02:00+01:00,0.071510
2026-02-23 02:15+01:00,0.071649
2026-02-23 02:30+01:00,0.064115
2026-02-23 02:45+01:00,0.058935
2026-02-23 03:00+01:00,0.056871
2026-02-23 03:15+01:00,0.048253
2026-02-23 03:30+01:00,0.039248
2026-02-23 03:45+01:00,0.074357
2026-02-23 04:00+01:00,0.055702
2026-02-23 04:15+01:00,0.073754
2026-02-23 04:30+01:00,0.055056
2026-02-23 04:45+01:00,0.066112
2026-02-23 05:00+01:00,0.060708
2026-02-23 05:15+01:00,0.071957
2026-02-23 05:30+01:00,0.071114
2026-02-23 05:45+01:00,
2026-02-23 06:00+01:00,
2026-02-23 06:15+01:00,
2026-02-23 06:30+01:00,
2026-02-23 06:45+01:00,
2026-02-23 07:00+01:00,
2026-02-23 07:15+01:00,
2026-02-23 07:30+01:00,
2026-02-23 07:45+01:00,
2026-02-23 08:00+01:00,
2026-02-23 08:15+01:00,
2026-02-23 08:30+01:00,2.269748
2026-02-23 08:45+01:00,2.512648
2026-02-23 09:00+01:00,2.390395
2026-02-23 09:15+01:00,2.504836
2026-02-23 09:30+01:00,2.579251
2026-02-23 09:45+01:00,2.501847
2026-02-23 10:00+01:00,2.572941
2026-02-23 10:15+01:00,2.266260
2026-02-23 10:30+01:00,2.398221
2026-02-23 10:45+01:00,2.567001
2026-02-23 11:00+01:00,2.191643
2026-02-23 11:15+01:00,2.443044
2026-02-23 11:30+01:00,2.331485
2026-02-23 11:45+01:00,2.402839
2026-02-23 12:00+01:00,2.431373
2026-02-23 12:15+01:00,2.563358
2026-02-23 12:30+01:00,2.659386
2026-02-23 12:45+01:00,2.609894
2026-02-23 13:00+01:00,
2026-02-23 13:15+01:00,2.395750
2026-02-23 13:30+01:00,2.424232
2026-02-23 13:45+01:00,2.299370
2026-02-23 14:00+01:00,2.597265
2026-02-23 14:15+01:00,2.448140
2026-02-23 14:30+01:00,2.224995
2026-02-23 14:45+01:00,2.556639
2026-02-23 15:00+01:00,2.521455
2026-02-23 15:15+01:00,2.406805
2026-02-23 15:30+01:00,2.417133
2026-02-23 15:45+01:00,2.197621
2026-02-23 16:00+01:00,2.209462
2026-02-23 16:15+01:00,2.496231
2026-02-23 16:30+01:00,2.386830
2026-02-23 16:45+01:00,2.431761
2026-02-23 17:00+01:00,2.401863
2026-02-23 17:15+01:00,2.257959
2026-02-23 17:30+01:00,2.559426
2026-02-23 17:45+01:00,2.618449
2026-02-23 18:00+01:00,0.060171
2026-02-23 18:15+01:00,0.071525
2026-02-23 18:30+01:00,0.075768
2026-02-23 18:45+01:00,0.085940
2026-02-23 19:00+01:00,0.061809
2026-02-23 19:15+01:00,0.065627
2026-02-23 19:30+01:00,0.068431
2026-02-23 19:45+01:00,0.070978
2026-02-23 20:00+01:00,0.077817
2026-02-23 20:15+01:00,0.067883
2026-02-23 20:30+01:00,0.058731
2026-02-23 20:45+01:00,0.063119
2026-02-23 21:00+01:00,0.072611
2026-02-23 21:15+01:00,0.045427
2026-02-23 21:30+01:00,0.062455
2026-02-23 21:45+01:00,0.047507
2026-02-23 22:00+01:00,0.070424
2026-02-23 22:15+01:00,0.073467
2026-02-23 22:30+01:00,0.072962
2026-02-23 22:45+01:00,0.061761
2026-02-23 23:00+01:00,0.057653
2026-02-23 23:15+01:00,0.064308
2026-02-23 23:30+01:00,0.065760
2026-02-23 23:45+01:00,0.063865
2026-02-24 00:00+01:00,0.063127
2026-02-24 00:15+01:00,0.079379
2026-02-24 00:30+01:00,0.057779
2026-02-24 00:45+01:00,0.074122
2026-02-24 01:00+01:00,0.051298
2026-02-24 01:15+01:00,0.063590
2026-02-24 01:30+01:00,0.056843
2026-02-24 01:45+01:00,0.052205
2026-02-24 02:00+01:00,0.063723
2026-02-24 02:15+01:00,0.057705
2026-02-24 02:30+01:00,0.072249
2026-02-24 02:45+01:00,0.052400
2026-02-24 03:00+01:00,0.031354
2026-02-24 03:15+01:00,0.066900
2026-02-24 03:30+01:00,0.062952
2026-02-24 03:45+01:00,0.064567
2026-02-24 04:00+01:00,0.059271
2026-02-24 04:15+01:00,0.061700
2026-02-24 04:30+01:00,0.076863
2026-02-24 04:45+01:00,0.075097
2026-02-24 05:00+01:00,0.072324
2026-02-24 05:15+01:00,0.059157
2026-02-24 05:30+01:00,0.053226
2026-02-24 05:45+01:00,0.068967
2026-02-24 06:00+01:00,0.056598
2026-02-24 06:15+01:00,0.054479
2026-02-24 06:30+01:00,0.064202
2026-02-24 06:45+01:00,0.068648
2026-02-24 07:00+01:00,2.409767
2026-02-24 07:15+01:00,2.316294
2026-02-24 07:30+01:00,2.449293
2026-02-24 07:45+01:00,2.150654
2026-02-24 08:00+01:00,2.364175
2026-02-24 08:15+01:00,2.517721
2026-02-24 08:30+01:00,2.244308
2026-02-24 08:45+01:00,2.411004
2026-02-24 09:00+01:00,
2026-02-24 09:15+01:00,2.351034
2026-02-24 09:30+01:00,2.406990
2026-02-24 09:45+01:00,2.646248
2026-02-24 10:00+01:00,2.223765
2026-02-24 10:15+01:00,2.561064
2026-02-24 10:30+01:00,2.251243
2026-02-24 10:45+01:00,2.378841
2026-02-24 11:00+01:00,2.262982
2026-02-24 11:15+01:00,2.213775
2026-02-24 11:30+01:00,2.245976
2026-02-24 11:45+01:00,2.278845
2026-02-24 12:00+01:00,2.352787
2026-02-24 12:15+01:00,2.451999
2026-02-24 12:30+01:00,
2026-02-24 12:45+01:00,2.397513
2026-02-24 13:00+01:00,2.442171
2026-02-24 13:15+01:00,2.187301
2026-02-24 13:30+01:00,2.560240
2026-02-24 13:45+01:00,2.594472
2026-02-24 14:00+01:00,2.347124
2026-02-24 14:15+01:00,2.189408
2026-02-24 14:30+01:00,2.407110
2026-02-24 14:45+01:00,2.252676
2026-02-24 15:00+01:00,
2026-02-24 15:15+01:00,2.576721
2026-02-24 15:30+01:00,2.436701
2026-02-24 15:45+01:00,2.341280
2026-02-24 16:00+01:00,2.372228
2026-02-24 16:15+01:00,2.175561
2026-02-24 16:30+01:00,2.561906
2026-02-24 16:45+01:00,2.530644
2026-02-24 17:00+01:00,2.265871
2026-02-24 17:15+01:00,2.524668
2026-02-24 17:30+01:00,2.297470
2026-02-24 17:45+01:00,2.261163
2026-02-24 18:00+01:00,0.063354
2026-02-24 18:15+01:00,0.068431
2026-02-24 18:30+01:00,0.052555
2026-02-24 18:45+01:00,0.072424
2026-02-24 19:00+01:00,0.067686
2026-02-24 19:15+01:00,0.061415
2026-02-24 19:30+01:00,0.052791
2026-02-24 19:45+01:00,0.066224
2026-02-24 20:00+01:00,0.056950
2026-02-24 20:15+01:00,0.073002
2026-02-24 20:30+01:00,0.059242
2026-02-24 20:45+01:00,0.064382
2026-02-24 21:00+01:00,0.059831
2026-02-24 21:15+01:00,0.065820
2026-02-24 21:30+01:00,0.052048
2026-02-24 21:45+01:00,0.074351
2026-02-24 22:00+01:00,0.065356
2026-02-24 22:15+01:00,0.075282
2026-02-24 22:30+01:00,0.063754
2026-02-24 22:45+01:00,0.062414
2026-02-24 23:00+01:00,0.073873
2026-02-24 23:15+01:00,0.073973
2026-02-24 23:30+01:00,0.057985
2026-02-24 23:45+01:00,0.058398
2026-02-25 00:00+01:00,0.061431
2026-02-25 00:15+01:00,0.042519
2026-02-25 00:30+01:00,0.059967
2026-02-25 00:45+01:00,0.055230
2026-02-25 01:00+01:00,0.061821
2026-02-25 01:15+01:00,0.057650
2026-02-25 01:30+01:00,0.071556
2026-02-25 01:45+01:00,0.072692
2026-02-25 02:00+01:00,0.076641
2026-02-25 02:15+01:00,0.064406
2026-02-25 02:30+01:00,0.059220
2026-02-25 02:45+01:00,0.063214
2026-02-25 03:00+01:00,0.081049
2026-02-25 03:15+01:00,0.058562
2026-02-25 03:30+01:00,0.063794
2026-02-25 03:45+01:00,0.063594
2026-02-25 04:00+01:00,0.070467
2026-02-25 04:15+01:00,
2026-02-25 04:30+01:00,0.069751
2026-02-25 04:45+01:00,0.056717
2026-02-25 05:00+01:00,0.061069
2026-02-25 05:15+01:00,0.062118
2026-02-25 05:30+01:00,0.062192
2026-02-25 05:45+01:00,0.060619
2026-02-25 06:00+01:00,0.069727
2026-02-25 06:15+01:00,0.064663
2026-02-25 06:30+01:00,0.068287
2026-02-25 06:45+01:00,0.059898
2026-02-25 07:00+01:00,2.761689
2026-02-25 07:15+01:00,2.438366
2026-02-25 07:30+01:00,2.279804
2026-02-25 07:45+01:00,2.667857
2026-02-25 08:00+01:00,
2026-02-25 08:15+01:00,2.585751
2026-02-25 08:30+01:00,2.340493
2026-02-25 08:45+01:00,2.403450
2026-02-25 09:00+01:00,2.226001
2026-02-25 09:15+01:00,2.475869
2026-02-25 09:30+01:00,2.577215
2026-02-25 09:45+01:00,2.530130
2026-02-25 10:00+01:00,2.630818
2026-02-25 10:15+01:00,2.749073
2026-02-25 10:30+01:00,2.523024
2026-02-25 10:45+01:00,2.456106
2026-02-25 11:00+01:00,2.407488
2026-02-25 11:15+01:00,2.393979
2026-02-25 11:30+01:00,2.349883
2026-02-25 11:45+01:00,2.495449
2026-02-25 12:00+01:00,2.546056
2026-02-25 12:15+01:00,2.558339
2026-02-25 12:30+01:00,2.397227
2026-02-25 12:45+01:00,2.411708
2026-02-25 13:00+01:00,2.650987
2026-02-25 13:15+01:00,2.015205
2026-02-25 13:30+01:00,
2026-02-25 13:45+01:00,2.315991
2026-02-25 14:00+01:00,2.443279
2026-02-25 14:15+01:00,2.519483
2026-02-25 14:30+01:00,2.309005
2026-02-25 14:45+01:00,
2026-02-25 15:00+01:00,2.276756
2026-02-25 15:15+01:00,2.364978
2026-02-25 15:30+01:00,2.402480
2026-02-25 15:45+01:00,2.191363
2026-02-25 16:00+01:00,2.831129
2026-02-25 16:15+01:00,2.567192
2026-02-25 16:30+01:00,2.270038
2026-02-25 16:45+01:00,2.387941
2026-02-25 17:00+01:00,2.358018
2026-02-25 17:15+01:00,2.416538
2026-02-25 17:30+01:00,2.388527
2026-02-25 17:45+01:00,2.110112
2026-02-25 18:00+01:00,0.059902
2026-02-25 18:15+01:00,0.053790
2026-02-25 18:30+01:00,0.060803
2026-02-25 18:45+01:00,0.071775
2026-02-25 19:00+01:00,0.062618
2026-02-25 19:15+01:00,
2026-02-25 19:30+01:00,0.056176
2026-02-25 19:45+01:00,0.071021
2026-02-25 20:00+01:00,0.054004
2026-02-25 20:15+01:00,0.059623
2026-02-25 20:30+01:00,0.055127
2026-02-25 20:45+01:00,0.058241
2026-02-25 21:00+01:00,0.077119
2026-02-25 21:15+01:00,0.064881
2026-02-25 21:30+01:00,0.053260
2026-02-25 21:45+01:00,0.062745
2026-02-25 22:00+01:00,0.062044
2026-02-25 22:15+01:00,0.068775
2026-02-25 22:30+01:00,0.062219
2026-02-25 22:45+01:00,0.069049
2026-02-25 23:00+01:00,0.066474
2026-02-25 23:15+01:00,0.071054
2026-02-25 23:30+01:00,0.068104
2026-02-25 23:45+01:00,0.059407
2026-02-26 00:00+01:00,0.055812
2026-02-26 00:15+01:00,0.068728
2026-02-26 00:30+01:00,0.065188
2026-02-26 00:45+01:00,0.075347
2026-02-26 01:00+01:00,0.064752
2026-02-26 01:15+01:00,0.066119
2026-02-26 01:30+01:00,0.064588
2026-02-26 01:45+01:00,0.057177
2026-02-26 02:00+01:00,0.063042
2026-02-26 02:15+01:00,0.068248
2026-02-26 02:30+01:00,0.075420
2026-02-26 02:45+01:00,0.064924
2026-02-26 03:00+01:00,0.067803
2026-02-26 03:15+01:00,
2026-02-26 03:30+01:00,0.057142
2026-02-26 03:45+01:00,0.064748
2026-02-26 04:00+01:00,0.070413
2026-02-26 04:15+01:00,0.067778
2026-02-26 04:30+01:00,0.064610
2026-02-26 04:45+01:00,0.072506
2026-02-26 05:00+01:00,0.048022
2026-02-26 05:15+01:00,0.068372
2026-02-26 05:30+01:00,0.049694
2026-02-26 05:45+01:00,0.058225
2026-02-26 06:00+01:00,0.058496
2026-02-26 06:15+01:00,0.048414
2026-02-26 06:30+01:00,0.062655
2026-02-26 06:45+01:00,0.068177
2026-02-26 07:00+01:00,2.321053
2026-02-26 07:15+01:00,2.455767
2026-02-26 07:30+01:00,2.522593
2026-02-26 07:45+01:00,2.352309
2026-02-26 08:00+01:00,2.443501
2026-02-26 08:15+01:00,2.456320
2026-02-26 08:30+01:00,2.301511
2026-02-26 08:45+01:00,2.364416
2026-02-26 09:00+01:00,2.234929
2026-02-26 09:15+01:00,2.560586
2026-02-26 09:30+01:00,2.528156
2026-02-26 09:45+01:00,2.335309
2026-02-26 10:00+01:00,2.432868
2026-02-26 10:15+01:00,2.439888
2026-02-26 10:30+01:00,2.384744
2026-02-26 10:45+01:00,2.348878
2026-02-26 11:00+01:00,2.308679
2026-02-26 11:15+01:00,2.677717
2026-02-26 11:30+01:00,2.214088
2026-02-26 11:45+01:00,2.498037
2026-02-26 12:00+01:00,2.522794
2026-02-26 12:15+01:00,2.425207
2026-02-26 12:30+01:00,2.323892
2026-02-26 12:45+01:00,2.363165
2026-02-26 13:00+01:00,2.614524
2026-02-26 13:15+01:00,2.328045
2026-02-26 13:30+01:00,2.313812
2026-02-26 13:45+01:00,2.143570
2026-02-26 14:00+01:00,2.479986
2026-02-26 14:15+01:00,2.670451
2026-02-26 14:30+01:00,2.321087
2026-02-26 14:45+01:00,2.538340
2026-02-26 15:00+01:00,2.542466
2026-02-26 15:15+01:00,2.319135
2026-02-26 15:30+01:00,2.423719
2026-02-26 15:45+01:00,2.502388
2026-02-26 16:00+01:00,2.477934
2026-02-26 16:15+01:00,2.298354
2026-02-26 16:30+01:00,
2026-02-26 16:45+01:00,2.306920
2026-02-26 17:00+01:00,2.192450
2026-02-26 17:15+01:00,2.668097
2026-02-26 17:30+01:00,2.408045
2026-02-26 17:45+01:00,2.429322
2026-02-26 18:00+01:00,0.066209
2026-02-26 18:15+01:00,0.062709
2026-02-26 18:30+01:00,0.059691
2026-02-26 18:45+01:00,0.064495
2026-02-26 19:00+01:00,0.064840
2026-02-26 19:15+01:00,0.055476
2026-02-26 19:30+01:00,0.053949
2026-02-26 19:45+01:00,0.063653
2026-02-26 20:00+01:00,0.063215
2026-02-26 20:15+01:00,0.060041
2026-02-26 20:30+01:00,0.420961
2026-02-26 20:45+01:00,0.066204
2026-02-26 21:00+01:00,0.073312
2026-02-26 21:15+01:00,0.074689
2026-02-26 21:30+01:00,0.061475
2026-02-26 21:45+01:00,0.080217
2026-02-26 22:00+01:00,0.067117
2026-02-26 22:15+01:00,0.071896
2026-02-26 22:30+01:00,0.040604
2026-02-26 22:45+01:00,0.042035
2026-02-26 23:00+01:00,0.070434
2026-02-26 23:15+01:00,0.066045
2026-02-26 23:30+01:00,0.056902
2026-02-26 23:45+01:00,0.059923
2026-02-27 00:00+01:00,0.045024
2026-02-27 00:15+01:00,0.068163
2026-02-27 00:30+01:00,0.066132
2026-02-27 00:45+01:00,0.073304
2026-02-27 01:00+01:00,0.048240
2026-02-27 01:15+01:00,0.048989
2026-02-27 01:30+01:00,0.074681
2026-02-27 01:45+01:00,0.064778
2026-02-27 02:00+01:00,0.054638
2026-02-27 02:15+01:00,0.056164
2026-02-27 02:30+01:00,0.055419
2026-02-27 02:45+01:00,0.077225
2026-02-27 03:00+01:00,0.062875
2026-02-27 03:15+01:00,0.070814
2026-02-27 03:30+01:00,0.064139
2026-02-27 03:45+01:00,
2026-02-27 04:00+01:00,0.000000
2026-02-27 04:15+01:00,0.067968
2026-02-27 04:30+01:00,0.078186
2026-02-27 04:45+01:00,0.072001
2026-02-27 05:00+01:00,0.073454
2026-02-27 05:15+01:00,0.074180
2026-02-27 05:30+01:00,0.074115
2026-02-27 05:45+01:00,0.069056
2026-02-27 06:00+01:00,0.073146
2026-02-27 06:15+01:00,0.058097
2026-02-27 06:30+01:00,0.061725
2026-02-27 06:45+01:00,0.072272
2026-02-27 07:00+01:00,2.475955
2026-02-27 07:15+01:00,2.328812
2026-02-27 07:30+01:00,2.454127
2026-02-27 07:45+01:00,2.312301
2026-02-27 08:00+01:00,2.430080
2026-02-27 08:15+01:00,2.400878
2026-02-27 08:30+01:00,2.339459
2026-02-27 08:45+01:00,2.553718
2026-02-27 09:00+01:00,2.450500
2026-02-27 09:15+01:00,2.490151
2026-02-27 09:30+01:00,2.496710
2026-02-27 09:45+01:00,2.396835
2026-02-27 10:00+01:00,2.420111
2026-02-27 10:15+01:00,2.151083
2026-02-27 10:30+01:00,2.226924
2026-02-27 10:45+01:00,2.206276
2026-02-27 11:00+01:00,2.331269
2026-02-27 11:15+01:00,2.356575
2026-02-27 11:30+01:00,2.427768
2026-02-27 11:45+01:00,2.406416
2026-02-27 12:00+01:00,2.486065
2026-02-27 12:15+01:00,2.428668
2026-02-27 12:30+01:00,2.474806
2026-02-27 12:45+01:00,2.406225
2026-02-27 13:00+01:00,2.630683
2026-02-27 13:15+01:00,2.172119
2026-02-27 13:30+01:00,2.483582
2026-02-27 13:45+01:00,2.579307
2026-02-27 14:00+01:00,2.555232
2026-02-27 14:15+01:00,2.314100
2026-02-27 14:30+01:00,2.469063
2026-02-27 14:45+01:00,2.385147
2026-02-27 15:00+01:00,2.413641
2026-02-27 15:15+01:00,2.471348
2026-02-27 15:30+01:00,2.481755
2026-02-27 15:45+01:00,2.124290
2026-02-27 16:00+01:00,2.353129
2026-02-27 16:15+01:00,2.408614
2026-02-27 16:30+01:00,2.453223
2026-02-27 16:45+01:00,2.423344
2026-02-27 17:00+01:00,2.463999
2026-02-27 17:15+01:00,2.670439
2026-02-27 17:30+01:00,2.452223
2026-02-27 17:45+01:00,2.635315
2026-02-27 18:00+01:00,0.058121
2026-02-27 18:15+01:00,0.067662
2026-02-27 18:30+01:00,0.070825
2026-02-27 18:45+01:00,0.076568
2026-02-27 19:00+01:00,0.065504
2026-02-27 19:15+01:00,0.072746
2026-02-27 19:30+01:00,
2026-02-27 19:45+01:00,
2026-02-27 20:00+01:00,0.073447
2026-02-27 20:15+01:00,0.076370
2026-02-27 20:30+01:00,0.068820
2026-02-27 20:45+01:00,0.069973
2026-02-27 21:00+01:00,0.079986
2026-02-27 21:15+01:00,0.074835
2026-02-27 21:30+01:00,0.061975
2026-02-27 21:45+01:00,0.062773
2026-02-27 22:00+01:00,0.067581
2026-02-27 22:15+01:00,0.051767
2026-02-27 22:30+01:00,0.071793
2026-02-27 22:45+01:00,0.059319
2026-02-27 23:00+01:00,0.067558
2026-02-27 23:15+01:00,0.061515
2026-02-27 23:30+01:00,0.055252
2026-02-27 23:45+01:00,0.068648
2026-02-28 00:00+01:00,0.050967
2026-02-28 00:15+01:00,0.047753
2026-02-28 00:30+01:00,0.056923
2026-02-28 00:45+01:00,0.053661
2026-02-28 01:00+01:00,0.056912
2026-02-28 01:15+01:00,0.040236
2026-02-28 01:30+01:00,0.053237
2026-02-28 01:45+01:00,0.042007
2026-02-28 02:00+01:00,0.051976
2026-02-28 02:15+01:00,0.039527
2026-02-28 02:30+01:00,0.320954
2026-02-28 02:45+01:00,0.240738
2026-02-28 03:00+01:00,0.049938
2026-02-28 03:15+01:00,0.035192
2026-02-28 03:30+01:00,0.047869
2026-02-28 03:45+01:00,0.057805
2026-02-28 04:00+01:00,0.051735
2026-02-28 04:15+01:00,0.041165
2026-02-28 04:30+01:00,0.053693
2026-02-28 04:45+01:00,0.061336
2026-02-28 05:00+01:00,0.046023
2026-02-28 05:15+01:00,0.049956
2026-02-28 05:30+01:00,0.053728
2026-02-28 05:45+01:00,0.053228
2026-02-28 06:00+01:00,0.040586
2026-02-28 06:15+01:00,0.033610
2026-02-28 06:30+01:00,0.059755
2026-02-28 06:45+01:00,0.044491
2026-02-28 07:00+01:00,0.037508
2026-02-28 07:15+01:00,0.043434
2026-02-28 07:30+01:00,0.048953
2026-02-28 07:45+01:00,0.041782
2026-02-28 08:00+01:00,0.055296
2026-02-28 08:15+01:00,0.051807
2026-02-28 08:30+01:00,0.054943
2026-02-28 08:45+01:00,0.041097
2026-02-28 09:00+01:00,0.054376
2026-02-28 09:15+01:00,0.046316
2026-02-28 09:30+01:00,0.053787
2026-02-28 09:45+01:00,0.040661
2026-02-28 10:00+01:00,0.055732
2026-02-28 10:15+01:00,0.051671
2026-02-28 10:30+01:00,0.048931
2026-02-28 10:45+01:00,0.051505
2026-02-28 11:00+01:00,0.039772
2026-02-28 11:15+01:00,0.054015
2026-02-28 11:30+01:00,0.037553
2026-02-28 11:45+01:00,0.044112
2026-02-28 12:00+01:00,0.042842
2026-02-28 12:15+01:00,0.049304
2026-02-28 12:30+01:00,0.044421
2026-02-28 12:45+01:00,0.052161
2026-02-28 13:00+01:00,0.047554
2026-02-28 13:15+01:00,0.055895
2026-02-28 13:30+01:00,0.056660
2026-02-28 13:45+01:00,0.063396
2026-02-28 14:00+01:00,0.042609
2026-02-28 14:15+01:00,0.042781
2026-02-28 14:30+01:00,0.050000
2026-02-28 14:45+01:00,0.036972
2026-02-28 15:00+01:00,0.034962
2026-02-28 15:15+01:00,0.045937
2026-02-28 15:30+01:00,0.043037
2026-02-28 15:45+01:00,0.048185
2026-02-28 16:00+01:00,0.045765
2026-02-28 16:15+01:00,0.053259
2026-02-28 16:30+01:00,0.050109
2026-02-28 16:45+01:00,
2026-02-28 17:00+01:00,0.060365
2026-02-28 17:15+01:00,0.052623
2026-02-28 17:30+01:00,0.046509
2026-02-28 17:45+01:00,0.040953
2026-02-28 18:00+01:00,0.049996
2026-02-28 18:15+01:00,0.060242
2026-02-28 18:30+01:00,0.041657
2026-02-28 18:45+01:00,0.053094
2026-02-28 19:00+01:00,0.046950
2026-02-28 19:15+01:00,0.046507
2026-02-28 19:30+01:00,
2026-02-28 19:45+01:00,0.035649
2026-02-28 20:00+01:00,0.053430
2026-02-28 20:15+01:00,0.050081
2026-02-28 20:30+01:00,0.040520
2026-02-28 20:45+01:00,0.052613
2026-02-28 21:00+01:00,0.054091
2026-02-28 21:15+01:00,0.054863
2026-02-28 21:30+01:00,0.046643
2026-02-28 21:45+01:00,0.054128
2026-02-28 22:00+01:00,0.049911
2026-02-28 22:15+01:00,0.046885
2026-02-28 22:30+01:00,0.043200
2026-02-28 22:45+01:00,0.044828
2026-02-28 23:00+01:00,
2026-02-28 23:15+01:00,0.058682
2026-02-28 23:30+01:00,0.046049
2026-02-28 23:45+01:00,0.043420
2026-03-01 00:00+01:00,0.037456
2026-03-01 00:15+01:00,0.043375
2026-03-01 00:30+01:00,0.041158
2026-03-01 00:45+01:00,0.052536
2026-03-01 01:00+01:00,0.050502
2026-03-01 01:15+01:00,0.045677
2026-03-01 01:30+01:00,
2026-03-01 01:45+01:00,0.036177
2026-03-01 02:00+01:00,0.056851
2026-03-01 02:15+01:00,0.040113
2026-03-01 02:30+01:00,0.041131
2026-03-01 02:45+01:00,0.123830
2026-03-01 03:00+01:00,0.048617
2026-03-01 03:15+01:00,0.047355
2026-03-01 03:30+01:00,0.050039
2026-03-01 03:45+01:00,0.049037
2026-03-01 04:00+01:00,0.050156
2026-03-01 04:15+01:00,0.051747
2026-03-01 04:30+01:00,0.044593
2026-03-01 04:45+01:00,0.055939
2026-03-01 05:00+01:00,0.060118
2026-03-01 05:15+01:00,0.052347
2026-03-01 05:30+01:00,0.049895
2026-03-01 05:45+01:00,0.045931
2026-03-01 06:00+01:00,0.057650
2026-03-01 06:15+01:00,0.038313
2026-03-01 06:30+01:00,0.055231
2026-03-01 06:45+01:00,0.054965
2026-03-01 07:00+01:00,0.044858
2026-03-01 07:15+01:00,0.041868
2026-03-01 07:30+01:00,0.044041
2026-03-01 07:45+01:00,0.047037
2026-03-01 08:00+01:00,0.049648
2026-03-01 08:15+01:00,
2026-03-01 08:30+01:00,
2026-03-01 08:45+01:00,0.054814
2026-03-01 09:00+01:00,0.045822
2026-03-01 09:15+01:00,
2026-03-01 09:30+01:00,0.056110
2026-03-01 09:45+01:00,0.046538
2026-03-01 10:00+01:00,0.054058
2026-03-01 10:15+01:00,0.056904
2026-03-01 10:30+01:00,0.042164
2026-03-01 10:45+01:00,0.037319
2026-03-01 11:00+01:00,0.054029
2026-03-01 11:15+01:00,0.048284
2026-03-01 11:30+01:00,0.000000
2026-03-01 11:45+01:00,
2026-03-01 12:00+01:00,0.040940
2026-03-01 12:15+01:00,0.066404
2026-03-01 12:30+01:00,0.051136
2026-03-01 12:45+01:00,0.054409
2026-03-01 13:00+01:00,0.059174
2026-03-01 13:15+01:00,0.052795
2026-03-01 13:30+01:00,0.041603
2026-03-01 13:45+01:00,0.037135
2026-03-01 14:00+01:00,0.052824
2026-03-01 14:15+01:00,0.040822
2026-03-01 14:30+01:00,0.059180
2026-03-01 14:45+01:00,0.044201
2026-03-01 15:00+01:00,0.044158
2026-03-01 15:15+01:00,0.046364
2026-03-01 15:30+01:00,0.043175
2026-03-01 15:45+01:00,0.050373
2026-03-01 16:00+01:00,0.050603
2026-03-01 16:15+01:00,
2026-03-01 16:30+01:00,0.056958
2026-03-01 16:45+01:00,0.049400
2026-03-01 17:00+01:00,0.049930
2026-03-01 17:15+01:00,0.035484
2026-03-01 17:30+01:00,0.058292
2026-03-01 17:45+01:00,0.050938
2026-03-01 18:00+01:00,0.054010
2026-03-01 18:15+01:00,0.049834
2026-03-01 18:30+01:00,0.055794
2026-03-01 18:45+01:00,0.036415
2026-03-01 19:00+01:00,0.054643
2026-03-01 19:15+01:00,0.040189
2026-03-01 19:30+01:00,0.037667
2026-03-01 19:45+01:00,0.034959
2026-03-01 20:00+01:00,0.042399
2026-03-01 20:15+01:00,0.053572
2026-03-01 20:30+01:00,0.057624
2026-03-01 20:45+01:00,0.036599
2026-03-01 21:00+01:00,0.046673
2026-03-01 21:15+01:00,0.049836
2026-03-01 21:30+01:00,0.052526
2026-03-01 21:45+01:00,0.050701
2026-03-01 22:00+01:00,0.050680
2026-03-01 22:15+01:00,0.038024
2026-03-01 22:30+01:00,0.044610
2026-03-01 22:45+01:00,0.046169
2026-03-01 23:00+01:00,0.055019
2026-03-01 23:15+01:00,0.050143
2026-03-01 23:30+01:00,0.041899
2026-03-01 23:45+01:00,0.048732
2026-03-02 00:00+01:00,0.058110
2026-03-02 00:15+01:00,0.057381
2026-03-02 00:30+01:00,0.064257
2026-03-02 00:45+01:00,0.053852
2026-03-02 01:00+01:00,0.059555
2026-03-02 01:15+01:00,0.058981
2026-03-02 01:30+01:00,0.071956
2026-03-02 01:45+01:00,
2026-03-02 02:00+01:00,0.062821
2026-03-02 02:15+01:00,0.047840
2026-03-02 02:30+01:00,0.055907
2026-03-02 02:45+01:00,0.062011
2026-03-02 03:00+01:00,0.055003
2026-03-02 03:15+01:00,0.060680
2026-03-02 03:30+01:00,0.065626
2026-03-02 03:45+01:00,0.070361
2026-03-02 04:00+01:00,0.066399
2026-03-02 04:15+01:00,0.066650
2026-03-02 04:30+01:00,0.052171
2026-03-02 04:45+01:00,0.065145
2026-03-02 05:00+01:00,0.074408
2026-03-02 05:15+01:00,0.052401
2026-03-02 05:30+01:00,0.072366
2026-03-02 05:45+01:00,0.056644
2026-03-02 06:00+01:00,0.048899
2026-03-02 06:15+01:00,0.062623
2026-03-02 06:30+01:00,0.057408
2026-03-02 06:45+01:00,0.069168
2026-03-02 07:00+01:00,
2026-03-02 07:15+01:00,2.138331
2026-03-02 07:30+01:00,2.433344
2026-03-02 07:45+01:00,2.234412
2026-03-02 08:00+01:00,2.247442
2026-03-02 08:15+01:00,2.341985
2026-03-02 08:30+01:00,2.218266
2026-03-02 08:45+01:00,2.252180
2026-03-02 09:00+01:00,2.490425
2026-03-02 09:15+01:00,2.568948
2026-03-02 09:30+01:00,2.476155
2026-03-02 09:45+01:00,2.203881
2026-03-02 10:00+01:00,7.481866
2026-03-02 10:15+01:00,2.475732
2026-03-02 10:30+01:00,2.481957
2026-03-02 10:45+01:00,2.508545
2026-03-02 11:00+01:00,2.629834
2026-03-02 11:15+01:00,2.195041
2026-03-02 11:30+01:00,2.584791
2026-03-02 11:45+01:00,2.226255
2026-03-02 12:00+01:00,2.544285
2026-03-02 12:15+01:00,2.546858
2026-03-02 12:30+01:00,2.443291
2026-03-02 12:45+01:00,2.497471
2026-03-02 13:00+01:00,2.274754
2026-03-02 13:15+01:00,2.368250
2026-03-02 13:30+01:00,2.401760
2026-03-02 13:45+01:00,2.553827
2026-03-02 14:00+01:00,2.261557
2026-03-02 14:15+01:00,2.355833
2026-03-02 14:30+01:00,2.349150
2026-03-02 14:45+01:00,2.827911
2026-03-02 15:00+01:00,2.524757
2026-03-02 15:15+01:00,2.386648
2026-03-02 15:30+01:00,2.661284
2026-03-02 15:45+01:00,2.301365
2026-03-02 16:00+01:00,2.365074
2026-03-02 16:15+01:00,2.269766
2026-03-02 16:30+01:00,2.480329
2026-03-02 16:45+01:00,2.616377
2026-03-02 17:00+01:00,2.460260
2026-03-02 17:15+01:00,2.251361
2026-03-02 17:30+01:00,2.286816
2026-03-02 17:45+01:00,2.316149
2026-03-02 18:00+01:00,0.059027
2026-03-02 18:15+01:00,0.074277
2026-03-02 18:30+01:00,0.058083
2026-03-02 18:45+01:00,0.068325
2026-03-02 19:00+01:00,0.071439
2026-03-02 19:15+01:00,0.068194
2026-03-02 19:30+01:00,0.064741
2026-03-02 19:45+01:00,0.071139
2026-03-02 20:00+01:00,0.059831
2026-03-02 20:15+01:00,0.045725
2026-03-02 20:30+01:00,0.064270
2026-03-02 20:45+01:00,0.066025
2026-03-02 21:00+01:00,0.064870
2026-03-02 21:15+01:00,0.068696
2026-03-02 21:30+01:00,0.047085
2026-03-02 21:45+01:00,0.069289
2026-03-02 22:00+01:00,0.061849
2026-03-02 22:15+01:00,0.078361
2026-03-02 22:30+01:00,0.068190
2026-03-02 22:45+01:00,0.051822
2026-03-02 23:00+01:00,0.073929
2026-03-02 23:15+01:00,0.070598
2026-03-02 23:30+01:00,0.067743
2026-03-02 23:45+01:00,0.068127
2026-03-03 00:00+01:00,0.065492
2026-03-03 00:15+01:00,0.062703
2026-03-03 00:30+01:00,0.074782
2026-03-03 00:45+01:00,0.070055
2026-03-03 01:00+01:00,0.062008
2026-03-03 01:15+01:00,0.060269
2026-03-03 01:30+01:00,0.054468
2026-03-03 01:45+01:00,0.068863
2026-03-03 02:00+01:00,
2026-03-03 02:15+01:00,0.056427
2026-03-03 02:30+01:00,0.061263
2026-03-03 02:45+01:00,0.067565
2026-03-03 03:00+01:00,0.071476
2026-03-03 03:15+01:00,0.065084
2026-03-03 03:30+01:00,0.064702
2026-03-03 03:45+01:00,0.070900
2026-03-03 04:00+01:00,0.061929
2026-03-03 04:15+01:00,0.068958
2026-03-03 04:30+01:00,0.069213
2026-03-03 04:45+01:00,0.059554
2026-03-03 05:00+01:00,0.063192
2026-03-03 05:15+01:00,0.093551
2026-03-03 05:30+01:00,0.053814
2026-03-03 05:45+01:00,0.057096
2026-03-03 06:00+01:00,0.058692
2026-03-03 06:15+01:00,0.073872
2026-03-03 06:30+01:00,0.062970
2026-03-03 06:45+01:00,0.063344
2026-03-03 07:00+01:00,2.325757
2026-03-03 07:15+01:00,2.256909
2026-03-03 07:30+01:00,2.437588
2026-03-03 07:45+01:00,2.360863
2026-03-03 08:00+01:00,2.632355
2026-03-03 08:15+01:00,2.283549
2026-03-03 08:30+01:00,2.524726
2026-03-03 08:45+01:00,2.770243
2026-03-03 09:00+01:00,2.533421
2026-03-03 09:15+01:00,2.375298
2026-03-03 09:30+01:00,2.324830
2026-03-03 09:45+01:00,2.431313
2026-03-03 10:00+01:00,2.553590
2026-03-03 10:15+01:00,2.182561
2026-03-03 10:30+01:00,2.473656
2026-03-03 10:45+01:00,2.275412
2026-03-03 11:00+01:00,2.549284
2026-03-03 11:15+01:00,2.526594
2026-03-03 11:30+01:00,2.397829
2026-03-03 11:45+01:00,2.351448
2026-03-03 12:00+01:00,2.355953
2026-03-03 12:15+01:00,2.295302
2026-03-03 12:30+01:00,2.394050
2026-03-03 12:45+01:00,2.278114
2026-03-03 13:00+01:00,2.408096
2026-03-03 13:15+01:00,2.385696
2026-03-03 13:30+01:00,2.391488
2026-03-03 13:45+01:00,2.482034
2026-03-03 14:00+01:00,2.359236
2026-03-03 14:15+01:00,2.432962
2026-03-03 14:30+01:00,2.972629
2026-03-03 14:45+01:00,2.400659
2026-03-03 15:00+01:00,2.608464
2026-03-03 15:15+01:00,2.422728
2026-03-03 15:30+01:00,16.621742
2026-03-03 15:45+01:00,2.613440
2026-03-03 16:00+01:00,2.650437
2026-03-03 16:15+01:00,2.357325
2026-03-03 16:30+01:00,2.276553
2026-03-03 16:45+01:00,2.510590
2026-03-03 17:00+01:00,2.471334
2026-03-03 17:15+01:00,2.494096
2026-03-03 17:30+01:00,2.394712
2026-03-03 17:45+01:00,2.290932
2026-03-03 18:00+01:00,0.042639
2026-03-03 18:15+01:00,0.076199
2026-03-03 18:30+01:00,0.063518
2026-03-03 18:45+01:00,0.067980
2026-03-03 19:00+01:00,0.070652
2026-03-03 19:15+01:00,0.066346
2026-03-03 19:30+01:00,0.083338
2026-03-03 19:45+01:00,0.074408
2026-03-03 20:00+01:00,0.069940
2026-03-03 20:15+01:00,0.058454
2026-03-03 20:30+01:00,0.055589
2026-03-03 20:45+01:00,0.071213
2026-03-03 21:00+01:00,0.087286
2026-03-03 21:15+01:00,0.066670
2026-03-03 21:30+01:00,0.074226
2026-03-03 21:45+01:00,
2026-03-03 22:00+01:00,0.057546
2026-03-03 22:15+01:00,0.062753
2026-03-03 22:30+01:00,0.075417
2026-03-03 22:45+01:00,0.068878
2026-03-03 23:00+01:00,0.056093
2026-03-03 23:15+01:00,0.062009
2026-03-03 23:30+01:00,0.063009
2026-03-03 23:45+01:00,0.059231
2026-03-04 00:00+01:00,0.063938
2026-03-04 00:15+01:00,0.052708
2026-03-04 00:30+01:00,0.057817
2026-03-04 00:45+01:00,0.057934
2026-03-04 01:00+01:00,0.044882
2026-03-04 01:15+01:00,0.075290
2026-03-04 01:30+01:00,0.073587
2026-03-04 01:45+01:00,0.061686
2026-03-04 02:00+01:00,0.070969
2026-03-04 02:15+01:00,0.068172
2026-03-04 02:30+01:00,0.069893
2026-03-04 02:45+01:00,0.064281
2026-03-04 03:00+01:00,0.049706
2026-03-04 03:15+01:00,0.075103
2026-03-04 03:30+01:00,0.063598
2026-03-04 03:45+01:00,0.059923
2026-03-04 04:00+01:00,0.059808
2026-03-04 04:15+01:00,0.070147
2026-03-04 04:30+01:00,0.000000
2026-03-04 04:45+01:00,0.055235
2026-03-04 05:00+01:00,0.056420
2026-03-04 05:15+01:00,0.065190
2026-03-04 05:30+01:00,0.063921
2026-03-04 05:45+01:00,0.051283
2026-03-04 06:00+01:00,0.060736
2026-03-04 06:15+01:00,0.066548
2026-03-04 06:30+01:00,0.061396
2026-03-04 06:45+01:00,0.066737
2026-03-04 07:00+01:00,2.507048
2026-03-04 07:15+01:00,2.652998
2026-03-04 07:30+01:00,
2026-03-04 07:45+01:00,2.600302
2026-03-04 08:00+01:00,2.351786
2026-03-04 08:15+01:00,2.522951
2026-03-04 08:30+01:00,2.363169
2026-03-04 08:45+01:00,2.353743
2026-03-04 09:00+01:00,2.326883
2026-03-04 09:15+01:00,2.310889
2026-03-04 09:30+01:00,2.375501
2026-03-04 09:45+01:00,2.322754
2026-03-04 10:00+01:00,2.515149
2026-03-04 10:15+01:00,2.585248
2026-03-04 10:30+01:00,2.544291
2026-03-04 10:45+01:00,2.267341
2026-03-04 11:00+01:00,2.612282
2026-03-04 11:15+01:00,2.413010
2026-03-04 11:30+01:00,2.536542
2026-03-04 11:45+01:00,2.554212
2026-03-04 12:00+01:00,2.210274
2026-03-04 12:15+01:00,2.071611
2026-03-04 12:30+01:00,2.164797
2026-03-04 12:45+01:00,2.261569
2026-03-04 13:00+01:00,2.428892
2026-03-04 13:15+01:00,2.516936
2026-03-04 13:30+01:00,2.398601
2026-03-04 13:45+01:00,2.413311
2026-03-04 14:00+01:00,2.126381
2026-03-04 14:15+01:00,2.657071
2026-03-04 14:30+01:00,2.396481
2026-03-04 14:45+01:00,2.298099
2026-03-04 15:00+01:00,2.239828
2026-03-04 15:15+01:00,2.416265
2026-03-04 15:30+01:00,2.441105
2026-03-04 15:45+01:00,2.406631
2026-03-04 16:00+01:00,2.348973
2026-03-04 16:15+01:00,2.574655
2026-03-04 16:30+01:00,2.477893
2026-03-04 16:45+01:00,2.554115
2026-03-04 17:00+01:00,2.338295
2026-03-04 17:15+01:00,2.530850
2026-03-04 17:30+01:00,2.347516
2026-03-04 17:45+01:00,2.353669
2026-03-04 18:00+01:00,0.087675
2026-03-04 18:15+01:00,0.049754
2026-03-04 18:30+01:00,0.066234
2026-03-04 18:45+01:00,0.066888
2026-03-04 19:00+01:00,0.060300
2026-03-04 19:15+01:00,0.070835
2026-03-04 19:30+01:00,0.070918
2026-03-04 19:45+01:00,0.061498
2026-03-04 20:00+01:00,0.060946
2026-03-04 20:15+01:00,0.063598
2026-03-04 20:30+01:00,0.059727
2026-03-04 20:45+01:00,0.051390
2026-03-04 21:00+01:00,0.061635
2026-03-04 21:15+01:00,0.063729
2026-03-04 21:30+01:00,0.049023
2026-03-04 21:45+01:00,0.057152
2026-03-04 22:00+01:00,0.060854
2026-03-04 22:15+01:00,0.078552
2026-03-04 22:30+01:00,0.063181
2026-03-04 22:45+01:00,
2026-03-04 23:00+01:00,0.068196
2026-03-04 23:15+01:00,0.059416
2026-03-04 23:30+01:00,0.077181
2026-03-04 23:45+01:00,0.078551
2026-03-05 00:00+01:00,0.086314
2026-03-05 00:15+01:00,0.060373
2026-03-05 00:30+01:00,
2026-03-05 00:45+01:00,0.067639
2026-03-05 01:00+01:00,0.059842
2026-03-05 01:15+01:00,0.051459
2026-03-05 01:30+01:00,0.056792
2026-03-05 01:45+01:00,0.077950
2026-03-05 02:00+01:00,0.000000
2026-03-05 02:15+01:00,0.058547
2026-03-05 02:30+01:00,0.071761
2026-03-05 02:45+01:00,0.000000
2026-03-05 03:00+01:00,0.070397
2026-03-05 03:15+01:00,0.051466
2026-03-05 03:30+01:00,0.063167
2026-03-05 03:45+01:00,0.062162
2026-03-05 04:00+01:00,0.072808
2026-03-05 04:15+01:00,0.055663
2026-03-05 04:30+01:00,
2026-03-05 04:45+01:00,0.054553
2026-03-05 05:00+01:00,0.063863
2026-03-05 05:15+01:00,0.069796
2026-03-05 05:30+01:00,0.059318
2026-03-05 05:45+01:00,0.066921
2026-03-05 06:00+01:00,0.073117
2026-03-05 06:15+01:00,0.055728
2026-03-05 06:30+01:00,0.069023
2026-03-05 06:45+01:00,0.066661
2026-03-05 07:00+01:00,2.405935
2026-03-05 07:15+01:00,2.427278
2026-03-05 07:30+01:00,2.429474
2026-03-05 07:45+01:00,2.522170
2026-03-05 08:00+01:00,2.629083
2026-03-05 08:15+01:00,2.200794
2026-03-05 08:30+01:00,2.353096
2026-03-05 08:45+01:00,2.418334
2026-03-05 09:00+01:00,2.555464
2026-03-05 09:15+01:00,2.213355
2026-03-05 09:30+01:00,2.293795
2026-03-05 09:45+01:00,2.161439
2026-03-05 10:00+01:00,2.417450
2026-03-05 10:15+01:00,2.238281
2026-03-05 10:30+01:00,2.384088
2026-03-05 10:45+01:00,2.390704
2026-03-05 11:00+01:00,2.416156
2026-03-05 11:15+01:00,2.497989
2026-03-05 11:30+01:00,2.648093
2026-03-05 11:45+01:00,2.458760
2026-03-05 12:00+01:00,2.465731
2026-03-05 12:15+01:00,2.494348
2026-03-05 12:30+01:00,
2026-03-05 12:45+01:00,2.351066
2026-03-05 13:00+01:00,2.239332
2026-03-05 13:15+01:00,2.340480
2026-03-05 13:30+01:00,2.248974
2026-03-05 13:45+01:00,2.174512
2026-03-05 14:00+01:00,2.447120
2026-03-05 14:15+01:00,2.476303
2026-03-05 14:30+01:00,2.634184
2026-03-05 14:45+01:00,2.601435
2026-03-05 15:00+01:00,2.540553
2026-03-05 15:15+01:00,2.229199
2026-03-05 15:30+01:00,2.509776
2026-03-05 15:45+01:00,2.257225
2026-03-05 16:00+01:00,2.742167
2026-03-05 16:15+01:00,2.448643
2026-03-05 16:30+01:00,2.472535
2026-03-05 16:45+01:00,2.411098
2026-03-05 17:00+01:00,2.440670
2026-03-05 17:15+01:00,2.350347
2026-03-05 17:30+01:00,2.451049
2026-03-05 17:45+01:00,2.706116
2026-03-05 18:00+01:00,0.064707
2026-03-05 18:15+01:00,0.072424
2026-03-05 18:30+01:00,0.056764
2026-03-05 18:45+01:00,0.064075
2026-03-05 19:00+01:00,0.056351
2026-03-05 19:15+01:00,0.053587
2026-03-05 19:30+01:00,0.000000
2026-03-05 19:45+01:00,0.060408
2026-03-05 20:00+01:00,0.056985
2026-03-05 20:15+01:00,0.056580
2026-03-05 20:30+01:00,0.045812
2026-03-05 20:45+01:00,0.058484
2026-03-05 21:00+01:00,0.049875
2026-03-05 21:15+01:00,0.065823
2026-03-05 21:30+01:00,0.071114
2026-03-05 21:45+01:00,0.048926
2026-03-05 22:00+01:00,0.073196
2026-03-05 22:15+01:00,0.063596
2026-03-05 22:30+01:00,0.068191
2026-03-05 22:45+01:00,0.057783
2026-03-05 23:00+01:00,0.070434
2026-03-05 23:15+01:00,0.063944
2026-03-05 23:30+01:00,0.057561
2026-03-05 23:45+01:00,0.055980
2026-03-06 00:00+01:00,0.052943
2026-03-06 00:15+01:00,0.070798
2026-03-06 00:30+01:00,0.067554
2026-03-06 00:45+01:00,0.051284
2026-03-06 01:00+01:00,0.046940
2026-03-06 01:15+01:00,0.066005
2026-03-06 01:30+01:00,0.061528
2026-03-06 01:45+01:00,0.070955
2026-03-06 02:00+01:00,0.075819
2026-03-06 02:15+01:00,
2026-03-06 02:30+01:00,0.064474
2026-03-06 02:45+01:00,0.068737
2026-03-06 03:00+01:00,0.072955
2026-03-06 03:15+01:00,0.060067
2026-03-06 03:30+01:00,0.063362
2026-03-06 03:45+01:00,0.056296
2026-03-06 04:00+01:00,
2026-03-06 04:15+01:00,0.050709
2026-03-06 04:30+01:00,
2026-03-06 04:45+01:00,0.052033
2026-03-06 05:00+01:00,0.066635
2026-03-06 05:15+01:00,0.061104
2026-03-06 05:30+01:00,0.048195
2026-03-06 05:45+01:00,
2026-03-06 06:00+01:00,0.061614
2026-03-06 06:15+01:00,0.070685
2026-03-06 06:30+01:00,0.066187
2026-03-06 06:45+01:00,0.076756
2026-03-06 07:00+01:00,2.237273
2026-03-06 07:15+01:00,2.578271
2026-03-06 07:30+01:00,
2026-03-06 07:45+01:00,2.275667
2026-03-06 08:00+01:00,2.475501
2026-03-06 08:15+01:00,2.481252
2026-03-06 08:30+01:00,
2026-03-06 08:45+01:00,2.583392
2026-03-06 09:00+01:00,2.429736
2026-03-06 09:15+01:00,2.458329
2026-03-06 09:30+01:00,
2026-03-06 09:45+01:00,2.331587
2026-03-06 10:00+01:00,2.217665
2026-03-06 10:15+01:00,2.390023
2026-03-06 10:30+01:00,2.572970
2026-03-06 10:45+01:00,2.724959
2026-03-06 11:00+01:00,2.448761
2026-03-06 11:15+01:00,2.459598
2026-03-06 11:30+01:00,2.310717
2026-03-06 11:45+01:00,2.391337
2026-03-06 12:00+01:00,2.529853
2026-03-06 12:15+01:00,2.291429
2026-03-06 12:30+01:00,2.280058
2026-03-06 12:45+01:00,2.347895
2026-03-06 13:00+01:00,2.450933
2026-03-06 13:15+01:00,2.350461
2026-03-06 13:30+01:00,2.542745
2026-03-06 13:45+01:00,2.359136
2026-03-06 14:00+01:00,2.467433
2026-03-06 14:15+01:00,2.297739
2026-03-06 14:30+01:00,2.483873
2026-03-06 14:45+01:00,2.625092
2026-03-06 15:00+01:00,2.365559
2026-03-06 15:15+01:00,2.509391
2026-03-06 15:30+01:00,2.434780
2026-03-06 15:45+01:00,2.322536
2026-03-06 16:00+01:00,2.546618
2026-03-06 16:15+01:00,2.252182
2026-03-06 16:30+01:00,2.274012
2026-03-06 16:45+01:00,2.574556
2026-03-06 17:00+01:00,
2026-03-06 17:15+01:00,2.295706
2026-03-06 17:30+01:00,2.380212
2026-03-06 17:45+01:00,2.566014
2026-03-06 18:00+01:00,0.069792
2026-03-06 18:15+01:00,0.073970
2026-03-06 18:30+01:00,0.059214
2026-03-06 18:45+01:00,0.057796
2026-03-06 19:00+01:00,0.075193
2026-03-06 19:15+01:00,0.063283
2026-03-06 19:30+01:00,0.078225
2026-03-06 19:45+01:00,0.067182
2026-03-06 20:00+01:00,0.063562
2026-03-06 20:15+01:00,0.042514
2026-03-06 20:30+01:00,0.071983
2026-03-06 20:45+01:00,0.079124
2026-03-06 21:00+01:00,0.069977
2026-03-06 21:15+01:00,0.074509
2026-03-06 21:30+01:00,0.056531
2026-03-06 21:45+01:00,
2026-03-06 22:00+01:00,0.062565
2026-03-06 22:15+01:00,0.062747
2026-03-06 22:30+01:00,0.065013
2026-03-06 22:45+01:00,0.063079
2026-03-06 23:00+01:00,
2026-03-06 23:15+01:00,0.062885
2026-03-06 23:30+01:00,0.075177
2026-03-06 23:45+01:00,0.062877
2026-03-07 00:00+01:00,0.063676
2026-03-07 00:15+01:00,0.033318
2026-03-07 00:30+01:00,0.050847
2026-03-07 00:45+01:00,0.044388
2026-03-07 01:00+01:00,0.052578
2026-03-07 01:15+01:00,0.057934
2026-03-07 01:30+01:00,0.063584
2026-03-07 01:45+01:00,0.053613
2026-03-07 02:00+01:00,0.039076
2026-03-07 02:15+01:00,
2026-03-07 02:30+01:00,0.033093
2026-03-07 02:45+01:00,0.045015
2026-03-07 03:00+01:00,0.045605
2026-03-07 03:15+01:00,0.047257
2026-03-07 03:30+01:00,0.052597
2026-03-07 03:45+01:00,0.053140
2026-03-07 04:00+01:00,0.045722
2026-03-07 04:15+01:00,0.052656
2026-03-07 04:30+01:00,0.047270
2026-03-07 04:45+01:00,0.048337
2026-03-07 05:00+01:00,0.035207
2026-03-07 05:15+01:00,0.061017
2026-03-07 05:30+01:00,0.048698
2026-03-07 05:45+01:00,0.046352
2026-03-07 06:00+01:00,0.053677
2026-03-07 06:15+01:00,0.048808
2026-03-07 06:30+01:00,0.048059
2026-03-07 06:45+01:00,0.045587
2026-03-07 07:00+01:00,0.043914
2026-03-07 07:15+01:00,0.050953
2026-03-07 07:30+01:00,0.052007
2026-03-07 07:45+01:00,0.052118
2026-03-07 08:00+01:00,0.036052
2026-03-07 08:15+01:00,0.048819
2026-03-07 08:30+01:00,0.044630
2026-03-07 08:45+01:00,0.052183
2026-03-07 09:00+01:00,0.052764
2026-03-07 09:15+01:00,0.058449
2026-03-07 09:30+01:00,0.046787
2026-03-07 09:45+01:00,0.050435
2026-03-07 10:00+01:00,0.045516
2026-03-07 10:15+01:00,0.056510
2026-03-07 10:30+01:00,0.045457
2026-03-07 10:45+01:00,0.052406
2026-03-07 11:00+01:00,0.060029
2026-03-07 11:15+01:00,0.040640
2026-03-07 11:30+01:00,0.039016
2026-03-07 11:45+01:00,0.047840
2026-03-07 12:00+01:00,
2026-03-07 12:15+01:00,0.048255
2026-03-07 12:30+01:00,0.036314
2026-03-07 12:45+01:00,0.050651
2026-03-07 13:00+01:00,0.049832
2026-03-07 13:15+01:00,0.056584
2026-03-07 13:30+01:00,0.035974
2026-03-07 13:45+01:00,0.049042
2026-03-07 14:00+01:00,0.053559
2026-03-07 14:15+01:00,0.049586
2026-03-07 14:30+01:00,0.055784
2026-03-07 14:45+01:00,0.048094
2026-03-07 15:00+01:00,0.048700
2026-03-07 15:15+01:00,0.050298
2026-03-07 15:30+01:00,0.041308
2026-03-07 15:45+01:00,0.054749
2026-03-07 16:00+01:00,0.046722
2026-03-07 16:15+01:00,0.050950
2026-03-07 16:30+01:00,0.042932
2026-03-07 16:45+01:00,0.048307
2026-03-07 17:00+01:00,0.049738
2026-03-07 17:15+01:00,0.045317
2026-03-07 17:30+01:00,0.056004
2026-03-07 17:45+01:00,0.045959
2026-03-07 18:00+01:00,
2026-03-07 18:15+01:00,0.050555
2026-03-07 18:30+01:00,0.035836
2026-03-07 18:45+01:00,0.057106
2026-03-07 19:00+01:00,0.045275
2026-03-07 19:15+01:00,0.052417
2026-03-07 19:30+01:00,0.057843
2026-03-07 19:45+01:00,0.045248
2026-03-07 20:00+01:00,0.046638
2026-03-07 20:15+01:00,0.055425
2026-03-07 20:30+01:00,0.040332
2026-03-07 20:45+01:00,0.035886
2026-03-07 21:00+01:00,0.044878
2026-03-07 21:15+01:00,0.046495
2026-03-07 21:30+01:00,0.052670
2026-03-07 21:45+01:00,0.043532
2026-03-07 22:00+01:00,0.048903
2026-03-07 22:15+01:00,0.051723
2026-03-07 22:30+01:00,0.051683
2026-03-07 22:45+01:00,0.039728
2026-03-07 23:00+01:00,0.054371
2026-03-07 23:15+01:00,0.051115
2026-03-07 23:30+01:00,0.041567
2026-03-07 23:45+01:00,0.038984
2026-03-08 00:00+01:00,0.051911
2026-03-08 00:15+01:00,0.056264
2026-03-08 00:30+01:00,0.410707
2026-03-08 00:45+01:00,0.065328
2026-03-08 01:00+01:00,0.042820
2026-03-08 01:15+01:00,0.053143
2026-03-08 01:30+01:00,0.047223
2026-03-08 01:45+01:00,0.057167
2026-03-08 02:00+01:00,0.036321
2026-03-08 02:15+01:00,0.043524
2026-03-08 02:30+01:00,0.052965
2026-03-08 02:45+01:00,0.054060
2026-03-08 03:00+01:00,0.047480
2026-03-08 03:15+01:00,0.052116
2026-03-08 03:30+01:00,0.044045
2026-03-08 03:45+01:00,0.055292
2026-03-08 04:00+01:00,0.053768
2026-03-08 04:15+01:00,0.052180
2026-03-08 04:30+01:00,0.065044
2026-03-08 04:45+01:00,0.051660
2026-03-08 05:00+01:00,0.041034
2026-03-08 05:15+01:00,0.050361
2026-03-08 05:30+01:00,0.043012
2026-03-08 05:45+01:00,0.048016
2026-03-08 06:00+01:00,0.047084
2026-03-08 06:15+01:00,0.054007
2026-03-08 06:30+01:00,0.000000
2026-03-08 06:45+01:00,0.048192
2026-03-08 07:00+01:00,0.054644
2026-03-08 07:15+01:00,0.055104
2026-03-08 07:30+01:00,0.055802
2026-03-08 07:45+01:00,0.061762
2026-03-08 08:00+01:00,0.041181
2026-03-08 08:15+01:00,
2026-03-08 08:30+01:00,0.032869
2026-03-08 08:45+01:00,0.051410
2026-03-08 09:00+01:00,0.056487
2026-03-08 09:15+01:00,0.035280
2026-03-08 09:30+01:00,0.043703
2026-03-08 09:45+01:00,0.051732
2026-03-08 10:00+01:00,0.043932
2026-03-08 10:15+01:00,0.041323
2026-03-08 10:30+01:00,
2026-03-08 10:45+01:00,0.050044
2026-03-08 11:00+01:00,0.055939
2026-03-08 11:15+01:00,0.060369
2026-03-08 11:30+01:00,0.044311
2026-03-08 11:45+01:00,0.041632
2026-03-08 12:00+01:00,0.050615
2026-03-08 12:15+01:00,0.045276
2026-03-08 12:30+01:00,0.040286
2026-03-08 12:45+01:00,0.041830
2026-03-08 13:00+01:00,0.045455
2026-03-08 13:15+01:00,0.054714
2026-03-08 13:30+01:00,0.035957
2026-03-08 13:45+01:00,0.038102
2026-03-08 14:00+01:00,0.058073
2026-03-08 14:15+01:00,0.058285
2026-03-08 14:30+01:00,0.058344
2026-03-08 14:45+01:00,0.050151
2026-03-08 15:00+01:00,0.048270
2026-03-08 15:15+01:00,0.050209
2026-03-08 15:30+01:00,0.046983
2026-03-08 15:45+01:00,0.054780
2026-03-08 16:00+01:00,0.039060
2026-03-08 16:15+01:00,0.045002
2026-03-08 16:30+01:00,0.051703
2026-03-08 16:45+01:00,0.043950
2026-03-08 17:00+01:00,0.040990
2026-03-08 17:15+01:00,0.043154
2026-03-08 17:30+01:00,0.050604
2026-03-08 17:45+01:00,0.054097
2026-03-08 18:00+01:00,0.057122
2026-03-08 18:15+01:00,0.062893
2026-03-08 18:30+01:00,0.045018
2026-03-08 18:45+01:00,0.055691
2026-03-08 19:00+01:00,0.059592
2026-03-08 19:15+01:00,0.050958
2026-03-08 19:30+01:00,0.054785
2026-03-08 19:45+01:00,0.038291
2026-03-08 20:00+01:00,0.041902
2026-03-08 20:15+01:00,0.051806
2026-03-08 20:30+01:00,0.034579
2026-03-08 20:45+01:00,0.051344
2026-03-08 21:00+01:00,0.050260
2026-03-08 21:15+01:00,0.042868
2026-03-08 21:30+01:00,0.048133
2026-03-08 21:45+01:00,0.051819
2026-03-08 22:00+01:00,0.057203
2026-03-08 22:15+01:00,0.052350
2026-03-08 22:30+01:00,0.052836
2026-03-08 22:45+01:00,0.039483
2026-03-08 23:00+01:00,0.045064
2026-03-08 23:15+01:00,0.045884
2026-03-08 23:30+01:00,0.047788
2026-03-08 23:45+01:00,0.046416
2026-03-09 00:00+01:00,0.053159
2026-03-09 00:15+01:00,0.074339
2026-03-09 00:30+01:00,0.070425
2026-03-09 00:45+01:00,0.081677
2026-03-09 01:00+01:00,0.062300
2026-03-09 01:15+01:00,0.066012
2026-03-09 01:30+01:00,0.067749
2026-03-09 01:45+01:00,0.057845
2026-03-09 02:00+01:00,0.062767
2026-03-09 02:15+01:00,0.063664
2026-03-09 02:30+01:00,0.067576
2026-03-09 02:45+01:00,0.073244
2026-03-09 03:00+01:00,0.061831
2026-03-09 03:15+01:00,0.062431
2026-03-09 03:30+01:00,0.072488
2026-03-09 03:45+01:00,0.075471
2026-03-09 04:00+01:00,0.072558
2026-03-09 04:15+01:00,0.055046
2026-03-09 04:30+01:00,0.076271
2026-03-09 04:45+01:00,0.074561
2026-03-09 05:00+01:00,0.065778
2026-03-09 05:15+01:00,0.071036
2026-03-09 05:30+01:00,0.069273
2026-03-09 05:45+01:00,0.063271
2026-03-09 06:00+01:00,0.066999
2026-03-09 06:15+01:00,
2026-03-09 06:30+01:00,0.054849
2026-03-09 06:45+01:00,0.066964
2026-03-09 07:00+01:00,2.460132
2026-03-09 07:15+01:00,2.290413
2026-03-09 07:30+01:00,2.579564
2026-03-09 07:45+01:00,2.753188
2026-03-09 08:00+01:00,2.663876
2026-03-09 08:15+01:00,2.621778
2026-03-09 08:30+01:00,2.390690
2026-03-09 08:45+01:00,2.254689
2026-03-09 09:00+01:00,2.336258
2026-03-09 09:15+01:00,2.507052
2026-03-09 09:30+01:00,2.370949
2026-03-09 09:45+01:00,2.294556
2026-03-09 10:00+01:00,2.202614
2026-03-09 10:15+01:00,2.548169
2026-03-09 10:30+01:00,2.589535
2026-03-09 10:45+01:00,
2026-03-09 11:00+01:00,2.380731
2026-03-09 11:15+01:00,2.630766
2026-03-09 11:30+01:00,2.349370
2026-03-09 11:45+01:00,2.603248
2026-03-09 12:00+01:00,2.315990
2026-03-09 12:15+01:00,2.506622
2026-03-09 12:30+01:00,2.243581
2026-03-09 12:45+01:00,2.241201
2026-03-09 13:00+01:00,2.466232
2026-03-09 13:15+01:00,2.346253
2026-03-09 13:30+01:00,2.506716
2026-03-09 13:45+01:00,2.360065
2026-03-09 14:00+01:00,2.610888
2026-03-09 14:15+01:00,2.702510
2026-03-09 14:30+01:00,2.303757
2026-03-09 14:45+01:00,2.281692
2026-03-09 15:00+01:00,2.417439
2026-03-09 15:15+01:00,2.523879
2026-03-09 15:30+01:00,2.409800
2026-03-09 15:45+01:00,2.158940
2026-03-09 16:00+01:00,2.033163
2026-03-09 16:15+01:00,
2026-03-09 16:30+01:00,2.459325
2026-03-09 16:45+01:00,2.674070
2026-03-09 17:00+01:00,
2026-03-09 17:15+01:00,2.617762
2026-03-09 17:30+01:00,2.388768
2026-03-09 17:45+01:00,2.558722
2026-03-09 18:00+01:00,0.060378
2026-03-09 18:15+01:00,0.066849
2026-03-09 18:30+01:00,0.062297
2026-03-09 18:45+01:00,0.076384
2026-03-09 19:00+01:00,0.068530
2026-03-09 19:15+01:00,0.074427
2026-03-09 19:30+01:00,0.082263
2026-03-09 19:45+01:00,0.067693
2026-03-09 20:00+01:00,0.064480
2026-03-09 20:15+01:00,0.063357
2026-03-09 20:30+01:00,0.052201
2026-03-09 20:45+01:00,0.076164
2026-03-09 21:00+01:00,0.195735
2026-03-09 21:15+01:00,0.085740
2026-03-09 21:30+01:00,
2026-03-09 21:45+01:00,0.071634
2026-03-09 22:00+01:00,0.060872
2026-03-09 22:15+01:00,0.072609
2026-03-09 22:30+01:00,0.064073
2026-03-09 22:45+01:00,0.061205
2026-03-09 23:00+01:00,0.062869
2026-03-09 23:15+01:00,0.089846
2026-03-09 23:30+01:00,0.050199
2026-03-09 23:45+01:00,0.053503
2026-03-10 00:00+01:00,0.047904
2026-03-10 00:15+01:00,0.049457
2026-03-10 00:30+01:00,0.074437
2026-03-10 00:45+01:00,0.050401
2026-03-10 01:00+01:00,0.074738
2026-03-10 01:15+01:00,0.067389
2026-03-10 01:30+01:00,0.053813
2026-03-10 01:45+01:00,0.071044
2026-03-10 02:00+01:00,0.078629
2026-03-10 02:15+01:00,0.063115
2026-03-10 02:30+01:00,0.072613
2026-03-10 02:45+01:00,0.050188
2026-03-10 03:00+01:00,
2026-03-10 03:15+01:00,0.068326
2026-03-10 03:30+01:00,0.083352
2026-03-10 03:45+01:00,0.069366
2026-03-10 04:00+01:00,0.066562
2026-03-10 04:15+01:00,0.065423
2026-03-10 04:30+01:00,0.070651
2026-03-10 04:45+01:00,0.060967
2026-03-10 05:00+01:00,0.055639
2026-03-10 05:15+01:00,0.067484
2026-03-10 05:30+01:00,
2026-03-10 05:45+01:00,0.074984
2026-03-10 06:00+01:00,0.059645
2026-03-10 06:15+01:00,0.063773
2026-03-10 06:30+01:00,0.074206
2026-03-10 06:45+01:00,0.059995
2026-03-10 07:00+01:00,2.444593
2026-03-10 07:15+01:00,2.591826
2026-03-10 07:30+01:00,2.062385
2026-03-10 07:45+01:00,
2026-03-10 08:00+01:00,2.311146
2026-03-10 08:15+01:00,2.490428
2026-03-10 08:30+01:00,2.345338
2026-03-10 08:45+01:00,2.162159
2026-03-10 09:00+01:00,2.296747
2026-03-10 09:15+01:00,2.406778
2026-03-10 09:30+01:00,2.671499
2026-03-10 09:45+01:00,2.251190
2026-03-10 10:00+01:00,2.552237
2026-03-10 10:15+01:00,2.239608
2026-03-10 10:30+01:00,2.340719
2026-03-10 10:45+01:00,2.558403
2026-03-10 11:00+01:00,2.478301
2026-03-10 11:15+01:00,2.268470
2026-03-10 11:30+01:00,2.276863
2026-03-10 11:45+01:00,2.494862
2026-03-10 12:00+01:00,2.447031
2026-03-10 12:15+01:00,2.268833
2026-03-10 12:30+01:00,2.400705
2026-03-10 12:45+01:00,2.702456
2026-03-10 13:00+01:00,2.676377
2026-03-10 13:15+01:00,2.338845
2026-03-10 13:30+01:00,2.473142
2026-03-10 13:45+01:00,2.695486
2026-03-10 14:00+01:00,2.499268
2026-03-10 14:15+01:00,2.531779
2026-03-10 14:30+01:00,2.300270
2026-03-10 14:45+01:00,2.384253
2026-03-10 15:00+01:00,2.321423
2026-03-10 15:15+01:00,
2026-03-10 15:30+01:00,2.592675
2026-03-10 15:45+01:00,2.486507
2026-03-10 16:00+01:00,2.454782
2026-03-10 16:15+01:00,2.406378
2026-03-10 16:30+01:00,2.258526
2026-03-10 16:45+01:00,2.589650
2026-03-10 17:00+01:00,2.314107
2026-03-10 17:15+01:00,2.532433
2026-03-10 17:30+01:00,2.525452
2026-03-10 17:45+01:00,2.609570
2026-03-10 18:00+01:00,0.054145
2026-03-10 18:15+01:00,0.078219
2026-03-10 18:30+01:00,0.056858
2026-03-10 18:45+01:00,
2026-03-10 19:00+01:00,0.063209
2026-03-10 19:15+01:00,0.319553
2026-03-10 19:30+01:00,0.344739
2026-03-10 19:45+01:00,0.068651
2026-03-10 20:00+01:00,0.073164
2026-03-10 20:15+01:00,0.074437
2026-03-10 20:30+01:00,0.074542
2026-03-10 20:45+01:00,0.047404
2026-03-10 21:00+01:00,0.055950
2026-03-10 21:15+01:00,0.067560
2026-03-10 21:30+01:00,0.074257
2026-03-10 21:45+01:00,0.000000
2026-03-10 22:00+01:00,0.055022
2026-03-10 22:15+01:00,0.082567
2026-03-10 22:30+01:00,0.053358
2026-03-10 22:45+01:00,0.060933
2026-03-10 23:00+01:00,
2026-03-10 23:15+01:00,0.072623
2026-03-10 23:30+01:00,0.067200
2026-03-10 23:45+01:00,0.069122
2026-03-11 00:00+01:00,0.070500
2026-03-11 00:15+01:00,0.065944
2026-03-11 00:30+01:00,0.076065
2026-03-11 00:45+01:00,0.066113
2026-03-11 01:00+01:00,0.058128
2026-03-11 01:15+01:00,0.068082
2026-03-11 01:30+01:00,0.050293
2026-03-11 01:45+01:00,0.071668
2026-03-11 02:00+01:00,0.072872
2026-03-11 02:15+01:00,0.052527
2026-03-11 02:30+01:00,0.057773
2026-03-11 02:45+01:00,0.051699
2026-03-11 03:00+01:00,0.059650
2026-03-11 03:15+01:00,0.060555
2026-03-11 03:30+01:00,0.057974
2026-03-11 03:45+01:00,0.052646
2026-03-11 04:00+01:00,0.073815
2026-03-11 04:15+01:00,
2026-03-11 04:30+01:00,0.046603
2026-03-11 04:45+01:00,0.061920
2026-03-11 05:00+01:00,0.065774
2026-03-11 05:15+01:00,0.050159
2026-03-11 05:30+01:00,0.064230
2026-03-11 05:45+01:00,0.055555
2026-03-11 06:00+01:00,0.063599
2026-03-11 06:15+01:00,0.046850
2026-03-11 06:30+01:00,0.044221
2026-03-11 06:45+01:00,0.070268
2026-03-11 07:00+01:00,2.532115
2026-03-11 07:15+01:00,2.370915
2026-03-11 07:30+01:00,2.403831
2026-03-11 07:45+01:00,2.380664
2026-03-11 08:00+01:00,2.629697
2026-03-11 08:15+01:00,2.491873
2026-03-11 08:30+01:00,2.275647
2026-03-11 08:45+01:00,
2026-03-11 09:00+01:00,2.636100
2026-03-11 09:15+01:00,2.265670
2026-03-11 09:30+01:00,2.477085
2026-03-11 09:45+01:00,2.325232
2026-03-11 10:00+01:00,2.362215
2026-03-11 10:15+01:00,2.400395
2026-03-11 10:30+01:00,2.481174
2026-03-11 10:45+01:00,2.397551
2026-03-11 11:00+01:00,2.533115
2026-03-11 11:15+01:00,2.519554
2026-03-11 11:30+01:00,2.097371
2026-03-11 11:45+01:00,2.236391
2026-03-11 12:00+01:00,2.364211
2026-03-11 12:15+01:00,2.470610
2026-03-11 12:30+01:00,2.438438
2026-03-11 12:45+01:00,2.332339
2026-03-11 13:00+01:00,2.369382
2026-03-11 13:15+01:00,2.530688
2026-03-11 13:30+01:00,2.311554
2026-03-11 13:45+01:00,2.492418
2026-03-11 14:00+01:00,2.263631
2026-03-11 14:15+01:00,2.382256
2026-03-11 14:30+01:00,2.461448
2026-03-11 14:45+01:00,2.640086
2026-03-11 15:00+01:00,2.058845
2026-03-11 15:15+01:00,2.379211
2026-03-11 15:30+01:00,2.244332
2026-03-11 15:45+01:00,2.425411
2026-03-11 16:00+01:00,2.423925
2026-03-11 16:15+01:00,2.323522
2026-03-11 16:30+01:00,
2026-03-11 16:45+01:00,2.568869
2026-03-11 17:00+01:00,2.448914
2026-03-11 17:15+01:00,2.325895
2026-03-11 17:30+01:00,2.366068
2026-03-11 17:45+01:00,2.320218
2026-03-11 18:00+01:00,0.051345
2026-03-11 18:15+01:00,0.054452
2026-03-11 18:30+01:00,0.047332
2026-03-11 18:45+01:00,0.052316
2026-03-11 19:00+01:00,0.053052
2026-03-11 19:15+01:00,0.063507
2026-03-11 19:30+01:00,0.067353
2026-03-11 19:45+01:00,0.044668
2026-03-11 20:00+01:00,0.077858
2026-03-11 20:15+01:00,0.059904
2026-03-11 20:30+01:00,0.059900
2026-03-11 20:45+01:00,0.060515
2026-03-11 21:00+01:00,0.075173
2026-03-11 21:15+01:00,0.067861
2026-03-11 21:30+01:00,0.066529
2026-03-11 21:45+01:00,0.060153
2026-03-11 22:00+01:00,0.068783
2026-03-11 22:15+01:00,0.067840
2026-03-11 22:30+01:00,0.059175
2026-03-11 22:45+01:00,0.069941
2026-03-11 23:00+01:00,0.057119
2026-03-11 23:15+01:00,0.049330
2026-03-11 23:30+01:00,0.055274
2026-03-11 23:45+01:00,0.078141
2026-03-12 00:00+01:00,
2026-03-12 00:15+01:00,0.056734
2026-03-12 00:30+01:00,0.072477
2026-03-12 00:45+01:00,0.066971
2026-03-12 01:00+01:00,0.049539
2026-03-12 01:15+01:00,0.057775
2026-03-12 01:30+01:00,0.056278
2026-03-12 01:45+01:00,0.055067
2026-03-12 02:00+01:00,0.055896
2026-03-12 02:15+01:00,
2026-03-12 02:30+01:00,0.066218
2026-03-12 02:45+01:00,0.055790
2026-03-12 03:00+01:00,0.065516
2026-03-12 03:15+01:00,0.081509
2026-03-12 03:30+01:00,0.051753
2026-03-12 03:45+01:00,0.061278
2026-03-12 04:00+01:00,0.074795
2026-03-12 04:15+01:00,0.056808
2026-03-12 04:30+01:00,0.066015
2026-03-12 04:45+01:00,0.078017
2026-03-12 05:00+01:00,0.054057
2026-03-12 05:15+01:00,0.055429
2026-03-12 05:30+01:00,0.072042
2026-03-12 05:45+01:00,0.069725
2026-03-12 06:00+01:00,0.062477
2026-03-12 06:15+01:00,0.075505
2026-03-12 06:30+01:00,0.064136
2026-03-12 06:45+01:00,0.064534
2026-03-12 07:00+01:00,2.538354
2026-03-12 07:15+01:00,2.345019
2026-03-12 07:30+01:00,2.330978
2026-03-12 07:45+01:00,2.508468
2026-03-12 08:00+01:00,2.742955
2026-03-12 08:15+01:00,2.288538
2026-03-12 08:30+01:00,2.310394
2026-03-12 08:45+01:00,2.386671
2026-03-12 09:00+01:00,2.315651
2026-03-12 09:15+01:00,2.358795
2026-03-12 09:30+01:00,2.295880
2026-03-12 09:45+01:00,2.330296
2026-03-12 10:00+01:00,2.498570
2026-03-12 10:15+01:00,2.322392
2026-03-12 10:30+01:00,2.059510
2026-03-12 10:45+01:00,2.171356
2026-03-12 11:00+01:00,2.343244
2026-03-12 11:15+01:00,2.630112
2026-03-12 11:30+01:00,2.399988
2026-03-12 11:45+01:00,2.390335
2026-03-12 12:00+01:00,2.490617
2026-03-12 12:15+01:00,2.277211
2026-03-12 12:30+01:00,2.451589
2026-03-12 12:45+01:00,2.319729
2026-03-12 13:00+01:00,2.400061
2026-03-12 13:15+01:00,2.469809
2026-03-12 13:30+01:00,2.543667
2026-03-12 13:45+01:00,2.433285
2026-03-12 14:00+01:00,2.567573
2026-03-12 14:15+01:00,2.374809
2026-03-12 14:30+01:00,2.439627
2026-03-12 14:45+01:00,2.553141
2026-03-12 15:00+01:00,2.343743
2026-03-12 15:15+01:00,2.517626
2026-03-12 15:30+01:00,2.173438
2026-03-12 15:45+01:00,2.518683
2026-03-12 16:00+01:00,2.498651
2026-03-12 16:15+01:00,2.378420
2026-03-12 16:30+01:00,2.809294
2026-03-12 16:45+01:00,2.335739
2026-03-12 17:00+01:00,2.531120
2026-03-12 17:15+01:00,2.294115
2026-03-12 17:30+01:00,2.404177
2026-03-12 17:45+01:00,2.034943
2026-03-12 18:00+01:00,0.064422
2026-03-12 18:15+01:00,0.068706
2026-03-12 18:30+01:00,0.080805
2026-03-12 18:45+01:00,0.068097
2026-03-12 19:00+01:00,0.044996
2026-03-12 19:15+01:00,0.074119
2026-03-12 19:30+01:00,0.059781
2026-03-12 19:45+01:00,0.057726
2026-03-12 20:00+01:00,0.057087
2026-03-12 20:15+01:00,0.062034
2026-03-12 20:30+01:00,0.058836
2026-03-12 20:45+01:00,0.074902
2026-03-12 21:00+01:00,0.000000
2026-03-12 21:15+01:00,0.056083
2026-03-12 21:30+01:00,0.057417
2026-03-12 21:45+01:00,0.061387
2026-03-12 22:00+01:00,0.065682
2026-03-12 22:15+01:00,0.065709
2026-03-12 22:30+01:00,0.072941
2026-03-12 22:45+01:00,0.065128
2026-03-12 23:00+01:00,0.066768
2026-03-12 23:15+01:00,0.064449
2026-03-12 23:30+01:00,0.063164
2026-03-12 23:45+01:00,0.050787
2026-03-13 00:00+01:00,0.058945
2026-03-13 00:15+01:00,0.060411
2026-03-13 00:30+01:00,0.077096
2026-03-13 00:45+01:00,0.070006
2026-03-13 01:00+01:00,0.058264
2026-03-13 01:15+01:00,0.069884
2026-03-13 01:30+01:00,0.066488
2026-03-13 01:45+01:00,0.064294
2026-03-13 02:00+01:00,0.055209
2026-03-13 02:15+01:00,0.057653
2026-03-13 02:30+01:00,0.057657
2026-03-13 02:45+01:00,0.061241
2026-03-13 03:00+01:00,0.055913
2026-03-13 03:15+01:00,0.063324
2026-03-13 03:30+01:00,0.058634
2026-03-13 03:45+01:00,0.064177
2026-03-13 04:00+01:00,0.059792
2026-03-13 04:15+01:00,0.058843
2026-03-13 04:30+01:00,0.062311
2026-03-13 04:45+01:00,0.073968
2026-03-13 05:00+01:00,0.062063
2026-03-13 05:15+01:00,0.053966
2026-03-13 05:30+01:00,0.064847
2026-03-13 05:45+01:00,0.067641
2026-03-13 06:00+01:00,0.076089
2026-03-13 06:15+01:00,0.073632
2026-03-13 06:30+01:00,0.060570
2026-03-13 06:45+01:00,0.058297
2026-03-13 07:00+01:00,2.323777
2026-03-13 07:15+01:00,2.332316
2026-03-13 07:30+01:00,2.459538
2026-03-13 07:45+01:00,2.561308
2026-03-13 08:00+01:00,2.279889
2026-03-13 08:15+01:00,2.408541
2026-03-13 08:30+01:00,2.313499
2026-03-13 08:45+01:00,2.730073
2026-03-13 09:00+01:00,2.407091
2026-03-13 09:15+01:00,2.555765
2026-03-13 09:30+01:00,2.368199
2026-03-13 09:45+01:00,2.365419
2026-03-13 10:00+01:00,
2026-03-13 10:15+01:00,2.498991
2026-03-13 10:30+01:00,2.175881
2026-03-13 10:45+01:00,2.621162
2026-03-13 11:00+01:00,2.285114
2026-03-13 11:15+01:00,2.393881
2026-03-13 11:30+01:00,2.540110
2026-03-13 11:45+01:00,2.543782
2026-03-13 12:00+01:00,2.332610
2026-03-13 12:15+01:00,2.481420
2026-03-13 12:30+01:00,2.225296
2026-03-13 12:45+01:00,2.404513
2026-03-13 13:00+01:00,2.366902
2026-03-13 13:15+01:00,
2026-03-13 13:30+01:00,2.257618
2026-03-13 13:45+01:00,2.530007
2026-03-13 14:00+01:00,2.465938
2026-03-13 14:15+01:00,2.181796
2026-03-13 14:30+01:00,2.253998
2026-03-13 14:45+01:00,2.428709
2026-03-13 15:00+01:00,2.502102
2026-03-13 15:15+01:00,2.391312
2026-03-13 15:30+01:00,2.725532
2026-03-13 15:45+01:00,2.362643
2026-03-13 16:00+01:00,2.523315
2026-03-13 16:15+01:00,2.369297
2026-03-13 16:30+01:00,2.300806
2026-03-13 16:45+01:00,
2026-03-13 17:00+01:00,2.362074
2026-03-13 17:15+01:00,
2026-03-13 17:30+01:00,2.370482
2026-03-13 17:45+01:00,2.295788
2026-03-13 18:00+01:00,0.066550
2026-03-13 18:15+01:00,0.055101
2026-03-13 18:30+01:00,0.052791
2026-03-13 18:45+01:00,0.067531
2026-03-13 19:00+01:00,0.064203
2026-03-13 19:15+01:00,0.057931
2026-03-13 19:30+01:00,0.057541
2026-03-13 19:45+01:00,0.063443
2026-03-13 20:00+01:00,0.070741
2026-03-13 20:15+01:00,0.066511
2026-03-13 20:30+01:00,
2026-03-13 20:45+01:00,0.064059
2026-03-13 21:00+01:00,0.084211
2026-03-13 21:15+01:00,0.059226
2026-03-13 21:30+01:00,
2026-03-13 21:45+01:00,0.080503
2026-03-13 22:00+01:00,0.072759
2026-03-13 22:15+01:00,0.044176
2026-03-13 22:30+01:00,0.064617
2026-03-13 22:45+01:00,0.058791
2026-03-13 23:00+01:00,0.059004
2026-03-13 23:15+01:00,0.060764
2026-03-13 23:30+01:00,0.046856
2026-03-13 23:45+01:00,0.058553
2026-03-14 00:00+01:00,0.061141
2026-03-14 00:15+01:00,0.045842
2026-03-14 00:30+01:00,0.045449
2026-03-14 00:45+01:00,0.052577
2026-03-14 01:00+01:00,0.054012
2026-03-14 01:15+01:00,0.047235
2026-03-14 01:30+01:00,0.044994
2026-03-14 01:45+01:00,0.045751
2026-03-14 02:00+01:00,0.053263
2026-03-14 02:15+01:00,0.053322
2026-03-14 02:30+01:00,0.059873
2026-03-14 02:45+01:00,0.038558
2026-03-14 03:00+01:00,0.048627
2026-03-14 03:15+01:00,0.049321
2026-03-14 03:30+01:00,0.050968
2026-03-14 03:45+01:00,0.055821
2026-03-14 04:00+01:00,0.040275
2026-03-14 04:15+01:00,0.043191
2026-03-14 04:30+01:00,0.046698
2026-03-14 04:45+01:00,0.037540
2026-03-14 05:00+01:00,0.058515
2026-03-14 05:15+01:00,0.059164
2026-03-14 05:30+01:00,0.048962
2026-03-14 05:45+01:00,0.044913
2026-03-14 06:00+01:00,0.042913
2026-03-14 06:15+01:00,0.045567
2026-03-14 06:30+01:00,0.040361
2026-03-14 06:45+01:00,0.051274
2026-03-14 07:00+01:00,0.040154
2026-03-14 07:15+01:00,0.052732
2026-03-14 07:30+01:00,0.052163
2026-03-14 07:45+01:00,0.040259
2026-03-14 08:00+01:00,0.047392
2026-03-14 08:15+01:00,0.045597
2026-03-14 08:30+01:00,0.041500
2026-03-14 08:45+01:00,0.055060
2026-03-14 09:00+01:00,0.049855
2026-03-14 09:15+01:00,0.054410
2026-03-14 09:30+01:00,0.000000
2026-03-14 09:45+01:00,0.051520
2026-03-14 10:00+01:00,0.060681
2026-03-14 10:15+01:00,0.055103
2026-03-14 10:30+01:00,0.041192
2026-03-14 10:45+01:00,0.043622
2026-03-14 11:00+01:00,0.041933
2026-03-14 11:15+01:00,0.038625
2026-03-14 11:30+01:00,0.052856
2026-03-14 11:45+01:00,0.052146
2026-03-14 12:00+01:00,
2026-03-14 12:15+01:00,0.047783
2026-03-14 12:30+01:00,0.000000
2026-03-14 12:45+01:00,0.050969
2026-03-14 13:00+01:00,0.049828
2026-03-14 13:15+01:00,0.053210
2026-03-14 13:30+01:00,0.047806
2026-03-14 13:45+01:00,0.050878
2026-03-14 14:00+01:00,0.050450
2026-03-14 14:15+01:00,0.041801
2026-03-14 14:30+01:00,0.048908
2026-03-14 14:45+01:00,0.043806
2026-03-14 15:00+01:00,0.047969
2026-03-14 15:15+01:00,0.038325
2026-03-14 15:30+01:00,0.049298
2026-03-14 15:45+01:00,0.048404
2026-03-14 16:00+01:00,
2026-03-14 16:15+01:00,0.061538
2026-03-14 16:30+01:00,
2026-03-14 16:45+01:00,0.056912
2026-03-14 17:00+01:00,0.042738
2026-03-14 17:15+01:00,0.056978
2026-03-14 17:30+01:00,0.042605
2026-03-14 17:45+01:00,0.056377
2026-03-14 18:00+01:00,0.044885
2026-03-14 18:15+01:00,0.051790
2026-03-14 18:30+01:00,0.047684
2026-03-14 18:45+01:00,0.047553
2026-03-14 19:00+01:00,0.039424
2026-03-14 19:15+01:00,0.036713
2026-03-14 19:30+01:00,0.040190
2026-03-14 19:45+01:00,0.041482
2026-03-14 20:00+01:00,0.053333
2026-03-14 20:15+01:00,0.056071
2026-03-14 20:30+01:00,0.052132
2026-03-14 20:45+01:00,0.053222
2026-03-14 21:00+01:00,0.044508
2026-03-14 21:15+01:00,0.058310
2026-03-14 21:30+01:00,0.046288
2026-03-14 21:45+01:00,0.057661
2026-03-14 22:00+01:00,0.054242
2026-03-14 22:15+01:00,0.063414
2026-03-14 22:30+01:00,0.033416
2026-03-14 22:45+01:00,0.047309
2026-03-14 23:00+01:00,0.042034
2026-03-14 23:15+01:00,0.040561
2026-03-14 23:30+01:00,0.049960
2026-03-14 23:45+01:00,
2026-03-15 00:00+01:00,0.058131
2026-03-15 00:15+01:00,0.050617
2026-03-15 00:30+01:00,0.032392
2026-03-15 00:45+01:00,0.056832
2026-03-15 01:00+01:00,0.041092
2026-03-15 01:15+01:00,0.050779
2026-03-15 01:30+01:00,0.047509
2026-03-15 01:45+01:00,0.059835
2026-03-15 02:00+01:00,0.044871
2026-03-15 02:15+01:00,0.037811
2026-03-15 02:30+01:00,0.044973
2026-03-15 02:45+01:00,0.052312
2026-03-15 03:00+01:00,0.035198
2026-03-15 03:15+01:00,0.047908
2026-03-15 03:30+01:00,0.055189
2026-03-15 03:45+01:00,0.044406
2026-03-15 04:00+01:00,0.050226
2026-03-15 04:15+01:00,0.051207
2026-03-15 04:30+01:00,0.042526
2026-03-15 04:45+01:00,0.053685
2026-03-15 05:00+01:00,0.036052
2026-03-15 05:15+01:00,0.056060
2026-03-15 05:30+01:00,0.046495
2026-03-15 05:45+01:00,0.042950
2026-03-15 06:00+01:00,0.053947
2026-03-15 06:15+01:00,0.056894
2026-03-15 06:30+01:00,0.055822
2026-03-15 06:45+01:00,0.051927
2026-03-15 07:00+01:00,0.045504
2026-03-15 07:15+01:00,0.049673
2026-03-15 07:30+01:00,0.042580
2026-03-15 07:45+01:00,0.060021
2026-03-15 08:00+01:00,0.061397
2026-03-15 08:15+01:00,0.048448
2026-03-15 08:30+01:00,0.047066
2026-03-15 08:45+01:00,0.042981
2026-03-15 09:00+01:00,0.037753
2026-03-15 09:15+01:00,0.041527
2026-03-15 09:30+01:00,0.041790
2026-03-15 09:45+01:00,0.045327
2026-03-15 10:00+01:00,0.041321
2026-03-15 10:15+01:00,
2026-03-15 10:30+01:00,0.030726
2026-03-15 10:45+01:00,0.053941
2026-03-15 11:00+01:00,
2026-03-15 11:15+01:00,0.049199
2026-03-15 11:30+01:00,0.037278
2026-03-15 11:45+01:00,
2026-03-15 12:00+01:00,0.048504
2026-03-15 12:15+01:00,0.049536
2026-03-15 12:30+01:00,0.060186
2026-03-15 12:45+01:00,0.045429
2026-03-15 13:00+01:00,0.043838
2026-03-15 13:15+01:00,0.046898
2026-03-15 13:30+01:00,0.042816
2026-03-15 13:45+01:00,0.049036
2026-03-15 14:00+01:00,0.055785
2026-03-15 14:15+01:00,0.052109
2026-03-15 14:30+01:00,0.036285
2026-03-15 14:45+01:00,0.043479
2026-03-15 15:00+01:00,0.043244
2026-03-15 15:15+01:00,0.046441
2026-03-15 15:30+01:00,0.049447
2026-03-15 15:45+01:00,0.047684
2026-03-15 16:00+01:00,0.052790
2026-03-15 16:15+01:00,0.047499
2026-03-15 16:30+01:00,0.055223
2026-03-15 16:45+01:00,0.049263
2026-03-15 17:00+01:00,0.046358
2026-03-15 17:15+01:00,0.050940
2026-03-15 17:30+01:00,0.048328
2026-03-15 17:45+01:00,0.046242
2026-03-15 18:00+01:00,0.056451
2026-03-15 18:15+01:00,0.057027
2026-03-15 18:30+01:00,0.058358
2026-03-15 18:45+01:00,0.047801
2026-03-15 19:00+01:00,0.053445
2026-03-15 19:15+01:00,0.055618
2026-03-15 19:30+01:00,0.065743
2026-03-15 19:45+01:00,0.041139
2026-03-15 20:00+01:00,0.046456
2026-03-15 20:15+01:00,0.050357
2026-03-15 20:30+01:00,0.000000
2026-03-15 20:45+01:00,0.051088
2026-03-15 21:00+01:00,0.052027
2026-03-15 21:15+01:00,0.048709
2026-03-15 21:30+01:00,0.045376
2026-03-15 21:45+01:00,
2026-03-15 22:00+01:00,0.058099
2026-03-15 22:15+01:00,0.043738
2026-03-15 22:30+01:00,0.038019
2026-03-15 22:45+01:00,0.048464
2026-03-15 23:00+01:00,0.035815
2026-03-15 23:15+01:00,0.049702
2026-03-15 23:30+01:00,0.050834
2026-03-15 23:45+01:00,0.053409
2026-03-16 00:00+01:00,0.046036
2026-03-16 00:15+01:00,0.072321
2026-03-16 00:30+01:00,0.056155
2026-03-16 00:45+01:00,0.058814
2026-03-16 01:00+01:00,0.068436
2026-03-16 01:15+01:00,0.052320
2026-03-16 01:30+01:00,0.082627
2026-03-16 01:45+01:00,0.066435
2026-03-16 02:00+01:00,0.054039
2026-03-16 02:15+01:00,0.046983
2026-03-16 02:30+01:00,0.059522
2026-03-16 02:45+01:00,0.069751
2026-03-16 03:00+01:00,0.062889
2026-03-16 03:15+01:00,0.051417
2026-03-16 03:30+01:00,0.070336
2026-03-16 03:45+01:00,0.062899
2026-03-16 04:00+01:00,0.063523
2026-03-16 04:15+01:00,0.061847
2026-03-16 04:30+01:00,0.056272
2026-03-16 04:45+01:00,0.069140
2026-03-16 05:00+01:00,0.053888
2026-03-16 05:15+01:00,0.062164
2026-03-16 05:30+01:00,0.060857
2026-03-16 05:45+01:00,0.060699
2026-03-16 06:00+01:00,0.069511
2026-03-16 06:15+01:00,0.079592
2026-03-16 06:30+01:00,0.064756
2026-03-16 06:45+01:00,0.064246
2026-03-16 07:00+01:00,
2026-03-16 07:15+01:00,2.302213
2026-03-16 07:30+01:00,2.468723
2026-03-16 07:45+01:00,2.641435
2026-03-16 08:00+01:00,2.320105
2026-03-16 08:15+01:00,2.384195
2026-03-16 08:30+01:00,2.563375
2026-03-16 08:45+01:00,2.463706
2026-03-16 09:00+01:00,2.828114
2026-03-16 09:15+01:00,2.316016
2026-03-16 09:30+01:00,2.749247
2026-03-16 09:45+01:00,2.423188
2026-03-16 10:00+01:00,2.370851
2026-03-16 10:15+01:00,2.679028
2026-03-16 10:30+01:00,2.652267
2026-03-16 10:45+01:00,2.332232
2026-03-16 11:00+01:00,2.394693
2026-03-16 11:15+01:00,2.606951
2026-03-16 11:30+01:00,2.247761
2026-03-16 11:45+01:00,2.379368
2026-03-16 12:00+01:00,2.376205
2026-03-16 12:15+01:00,2.323958
2026-03-16 12:30+01:00,1.985518
2026-03-16 12:45+01:00,2.006875
2026-03-16 13:00+01:00,2.302264
2026-03-16 13:15+01:00,2.238023
2026-03-16 13:30+01:00,2.448042
2026-03-16 13:45+01:00,2.084569
2026-03-16 14:00+01:00,2.258720
2026-03-16 14:15+01:00,2.376101
2026-03-16 14:30+01:00,2.304565
2026-03-16 14:45+01:00,2.713943
2026-03-16 15:00+01:00,2.580669
2026-03-16 15:15+01:00,2.235903
2026-03-16 15:30+01:00,2.287634
2026-03-16 15:45+01:00,2.592371
2026-03-16 16:00+01:00,2.193753
2026-03-16 16:15+01:00,2.451127
2026-03-16 16:30+01:00,2.458017
2026-03-16 16:45+01:00,2.409468
2026-03-16 17:00+01:00,2.763875
2026-03-16 17:15+01:00,2.183155
2026-03-16 17:30+01:00,2.341739
2026-03-16 17:45+01:00,2.572472
2026-03-16 18:00+01:00,0.049647
2026-03-16 18:15+01:00,0.060002
2026-03-16 18:30+01:00,0.050920
2026-03-16 18:45+01:00,0.072591
2026-03-16 19:00+01:00,0.074590
2026-03-16 19:15+01:00,0.062259
2026-03-16 19:30+01:00,0.073918
2026-03-16 19:45+01:00,0.071992
2026-03-16 20:00+01:00,0.050525
2026-03-16 20:15+01:00,0.063924
2026-03-16 20:30+01:00,0.074741
2026-03-16 20:45+01:00,0.058783
2026-03-16 21:00+01:00,0.058297
2026-03-16 21:15+01:00,0.074880
2026-03-16 21:30+01:00,0.069342
2026-03-16 21:45+01:00,0.066704
2026-03-16 22:00+01:00,0.067798
2026-03-16 22:15+01:00,0.054239
2026-03-16 22:30+01:00,0.059339
2026-03-16 22:45+01:00,0.053066
2026-03-16 23:00+01:00,0.065467
2026-03-16 23:15+01:00,0.077261
2026-03-16 23:30+01:00,0.059007
2026-03-16 23:45+01:00,0.063848
2026-03-17 00:00+01:00,0.057288
2026-03-17 00:15+01:00,0.304665
2026-03-17 00:30+01:00,0.061439
2026-03-17 00:45+01:00,0.056560
2026-03-17 01:00+01:00,0.067326
2026-03-17 01:15+01:00,0.054979
2026-03-17 01:30+01:00,0.056496
2026-03-17 01:45+01:00,
2026-03-17 02:00+01:00,0.062302
2026-03-17 02:15+01:00,0.052942
2026-03-17 02:30+01:00,0.059072
2026-03-17 02:45+01:00,
2026-03-17 03:00+01:00,0.078582
2026-03-17 03:15+01:00,0.072705
2026-03-17 03:30+01:00,0.063848
2026-03-17 03:45+01:00,0.066716
2026-03-17 04:00+01:00,0.056150
2026-03-17 04:15+01:00,0.076311
2026-03-17 04:30+01:00,0.060048
2026-03-17 04:45+01:00,0.055764
2026-03-17 05:00+01:00,0.056628
2026-03-17 05:15+01:00,0.054831
2026-03-17 05:30+01:00,0.064616
2026-03-17 05:45+01:00,0.066826
2026-03-17 06:00+01:00,0.069022
2026-03-17 06:15+01:00,0.059350
2026-03-17 06:30+01:00,0.064106
2026-03-17 06:45+01:00,0.057519
2026-03-17 07:00+01:00,2.615994
2026-03-17 07:15+01:00,
2026-03-17 07:30+01:00,2.458716
2026-03-17 07:45+01:00,2.405952
2026-03-17 08:00+01:00,2.437121
2026-03-17 08:15+01:00,2.277259
2026-03-17 08:30+01:00,2.353703
2026-03-17 08:45+01:00,2.374781
2026-03-17 09:00+01:00,2.272896
2026-03-17 09:15+01:00,2.624973
2026-03-17 09:30+01:00,2.394024
2026-03-17 09:45+01:00,2.524059
2026-03-17 10:00+01:00,2.432369
2026-03-17 10:15+01:00,2.374649
2026-03-17 10:30+01:00,2.434309
2026-03-17 10:45+01:00,2.312302
2026-03-17 11:00+01:00,2.418104
2026-03-17 11:15+01:00,2.585157
2026-03-17 11:30+01:00,2.106666
2026-03-17 11:45+01:00,2.440642
2026-03-17 12:00+01:00,2.365934
2026-03-17 12:15+01:00,2.087224
2026-03-17 12:30+01:00,2.212127
2026-03-17 12:45+01:00,2.426723
2026-03-17 13:00+01:00,2.247134
2026-03-17 13:15+01:00,2.530703
2026-03-17 13:30+01:00,2.298825
2026-03-17 13:45+01:00,2.362021
2026-03-17 14:00+01:00,2.449182
2026-03-17 14:15+01:00,2.421117
2026-03-17 14:30+01:00,2.266080
2026-03-17 14:45+01:00,2.552252
2026-03-17 15:00+01:00,2.576494
2026-03-17 15:15+01:00,2.490295
2026-03-17 15:30+01:00,2.547664
2026-03-17 15:45+01:00,2.314986
2026-03-17 16:00+01:00,2.233185
2026-03-17 16:15+01:00,2.342336
2026-03-17 16:30+01:00,2.213027
2026-03-17 16:45+01:00,2.334483
2026-03-17 17:00+01:00,2.462553
2026-03-17 17:15+01:00,2.477388
2026-03-17 17:30+01:00,2.429625
2026-03-17 17:45+01:00,2.695689
2026-03-17 18:00+01:00,0.060160
2026-03-17 18:15+01:00,0.064373
2026-03-17 18:30+01:00,0.064219
2026-03-17 18:45+01:00,0.061939
2026-03-17 19:00+01:00,0.054274
2026-03-17 19:15+01:00,0.052119
2026-03-17 19:30+01:00,0.053801
2026-03-17 19:45+01:00,0.077021
2026-03-17 20:00+01:00,
2026-03-17 20:15+01:00,0.061654
2026-03-17 20:30+01:00,0.055621
2026-03-17 20:45+01:00,0.066876
2026-03-17 21:00+01:00,0.054770
2026-03-17 21:15+01:00,0.061710
2026-03-17 21:30+01:00,0.066264
2026-03-17 21:45+01:00,0.068512
2026-03-17 22:00+01:00,0.067913
2026-03-17 22:15+01:00,0.065323
2026-03-17 22:30+01:00,
2026-03-17 22:45+01:00,0.065134
2026-03-17 23:00+01:00,0.064069
2026-03-17 23:15+01:00,0.068918
2026-03-17 23:30+01:00,0.069168
2026-03-17 23:45+01:00,0.074536
2026-03-18 00:00+01:00,0.077276
2026-03-18 00:15+01:00,0.076845
2026-03-18 00:30+01:00,0.065560
2026-03-18 00:45+01:00,0.071122
2026-03-18 01:00+01:00,0.052309
2026-03-18 01:15+01:00,0.055140
2026-03-18 01:30+01:00,0.059034
2026-03-18 01:45+01:00,0.057349
2026-03-18 02:00+01:00,0.065829
2026-03-18 02:15+01:00,0.060739
2026-03-18 02:30+01:00,0.064911
2026-03-18 02:45+01:00,0.075767
2026-03-18 03:00+01:00,0.069663
2026-03-18 03:15+01:00,0.058026
2026-03-18 03:30+01:00,0.054649
2026-03-18 03:45+01:00,0.074637
2026-03-18 04:00+01:00,0.064819
2026-03-18 04:15+01:00,0.071530
2026-03-18 04:30+01:00,0.053884
2026-03-18 04:45+01:00,0.070732
2026-03-18 05:00+01:00,0.075861
2026-03-18 05:15+01:00,0.068351
2026-03-18 05:30+01:00,0.057747
2026-03-18 05:45+01:00,0.072240
2026-03-18 06:00+01:00,0.055736
2026-03-18 06:15+01:00,0.055170
2026-03-18 06:30+01:00,0.061751
2026-03-18 06:45+01:00,0.064467
2026-03-18 07:00+01:00,2.308805
2026-03-18 07:15+01:00,2.371035
2026-03-18 07:30+01:00,2.438827
2026-03-18 07:45+01:00,2.230729
2026-03-18 08:00+01:00,2.503676
2026-03-18 08:15+01:00,2.590365
2026-03-18 08:30+01:00,2.509849
2026-03-18 08:45+01:00,2.294048
2026-03-18 09:00+01:00,2.243670
2026-03-18 09:15+01:00,2.310521
2026-03-18 09:30+01:00,2.141360
2026-03-18 09:45+01:00,
2026-03-18 10:00+01:00,2.229794
2026-03-18 10:15+01:00,2.700958
2026-03-18 10:30+01:00,2.456235
2026-03-18 10:45+01:00,2.449654
2026-03-18 11:00+01:00,2.526403
2026-03-18 11:15+01:00,2.440797
2026-03-18 11:30+01:00,2.574527
2026-03-18 11:45+01:00,2.562308
2026-03-18 12:00+01:00,2.294654
2026-03-18 12:15+01:00,2.422106
2026-03-18 12:30+01:00,2.315818
2026-03-18 12:45+01:00,2.556500
2026-03-18 13:00+01:00,2.389122
2026-03-18 13:15+01:00,2.308070
2026-03-18 13:30+01:00,2.297844
2026-03-18 13:45+01:00,2.533268
2026-03-18 14:00+01:00,2.251450
2026-03-18 14:15+01:00,2.187903
2026-03-18 14:30+01:00,2.421213
2026-03-18 14:45+01:00,2.394027
2026-03-18 15:00+01:00,2.338590
2026-03-18 15:15+01:00,2.238037
2026-03-18 15:30+01:00,2.685028
2026-03-18 15:45+01:00,2.282069
2026-03-18 16:00+01:00,2.430690
2026-03-18 16:15+01:00,2.618003
2026-03-18 16:30+01:00,2.189240
2026-03-18 16:45+01:00,2.153462
2026-03-18 17:00+01:00,2.556391
2026-03-18 17:15+01:00,2.471469
2026-03-18 17:30+01:00,2.287668
2026-03-18 17:45+01:00,2.295455
2026-03-18 18:00+01:00,0.075405
2026-03-18 18:15+01:00,0.054822
2026-03-18 18:30+01:00,0.079484
2026-03-18 18:45+01:00,0.062289
2026-03-18 19:00+01:00,0.065607
2026-03-18 19:15+01:00,0.055055
2026-03-18 19:30+01:00,0.049930
2026-03-18 19:45+01:00,0.055858
2026-03-18 20:00+01:00,0.060082
2026-03-18 20:15+01:00,0.059859
2026-03-18 20:30+01:00,0.068873
2026-03-18 20:45+01:00,0.046269
2026-03-18 21:00+01:00,0.054697
2026-03-18 21:15+01:00,0.060955
2026-03-18 21:30+01:00,0.061929
2026-03-18 21:45+01:00,0.067410
2026-03-18 22:00+01:00,0.060538
2026-03-18 22:15+01:00,0.082115
2026-03-18 22:30+01:00,0.066649
2026-03-18 22:45+01:00,0.074890
2026-03-18 23:00+01:00,0.075939
2026-03-18 23:15+01:00,0.061415
2026-03-18 23:30+01:00,0.051569
2026-03-18 23:45+01:00,0.068480
2026-03-19 00:00+01:00,0.063919
2026-03-19 00:15+01:00,0.069212
2026-03-19 00:30+01:00,0.070779
2026-03-19 00:45+01:00,0.074410
2026-03-19 01:00+01:00,0.049844
2026-03-19 01:15+01:00,0.055552
2026-03-19 01:30+01:00,0.066351
2026-03-19 01:45+01:00,0.077116
2026-03-19 02:00+01:00,0.062247
2026-03-19 02:15+01:00,0.061975
2026-03-19 02:30+01:00,0.049896
2026-03-19 02:45+01:00,0.060083
2026-03-19 03:00+01:00,0.068211
2026-03-19 03:15+01:00,0.051582
2026-03-19 03:30+01:00,0.051212
2026-03-19 03:45+01:00,0.066258
2026-03-19 04:00+01:00,0.055164
2026-03-19 04:15+01:00,0.066528
2026-03-19 04:30+01:00,0.062508
2026-03-19 04:45+01:00,0.051684
2026-03-19 05:00+01:00,0.079157
2026-03-19 05:15+01:00,0.070825
2026-03-19 05:30+01:00,0.063584
2026-03-19 05:45+01:00,0.063758
2026-03-19 06:00+01:00,0.070217
2026-03-19 06:15+01:00,0.054773
2026-03-19 06:30+01:00,0.053345
2026-03-19 06:45+01:00,0.054166
2026-03-19 07:00+01:00,2.599999
2026-03-19 07:15+01:00,2.470132
2026-03-19 07:30+01:00,2.474414
2026-03-19 07:45+01:00,2.322650
2026-03-19 08:00+01:00,2.248249
2026-03-19 08:15+01:00,2.456704
2026-03-19 08:30+01:00,2.561216
2026-03-19 08:45+01:00,2.414542
2026-03-19 09:00+01:00,2.473049
2026-03-19 09:15+01:00,2.244318
2026-03-19 09:30+01:00,2.600793
2026-03-19 09:45+01:00,2.306996
2026-03-19 10:00+01:00,2.397371
2026-03-19 10:15+01:00,2.440787
2026-03-19 10:30+01:00,2.325986
2026-03-19 10:45+01:00,2.185927
2026-03-19 11:00+01:00,2.277758
2026-03-19 11:15+01:00,2.386244
2026-03-19 11:30+01:00,2.379579
2026-03-19 11:45+01:00,2.249443
2026-03-19 12:00+01:00,2.542241
2026-03-19 12:15+01:00,2.463784
2026-03-19 12:30+01:00,2.376936
2026-03-19 12:45+01:00,2.349042
2026-03-19 13:00+01:00,2.322925
2026-03-19 13:15+01:00,2.115382
2026-03-19 13:30+01:00,2.194910
2026-03-19 13:45+01:00,2.282084
2026-03-19 14:00+01:00,2.823477
2026-03-19 14:15+01:00,2.564984
2026-03-19 14:30+01:00,2.438183
2026-03-19 14:45+01:00,2.620527
2026-03-19 15:00+01:00,2.218515
2026-03-19 15:15+01:00,2.318884
2026-03-19 15:30+01:00,2.295931
2026-03-19 15:45+01:00,2.347509
2026-03-19 16:00+01:00,2.617757
2026-03-19 16:15+01:00,2.280657
2026-03-19 16:30+01:00,2.397826
2026-03-19 16:45+01:00,2.231844
2026-03-19 17:00+01:00,
2026-03-19 17:15+01:00,2.444865
2026-03-19 17:30+01:00,2.215355
2026-03-19 17:45+01:00,2.304646
2026-03-19 18:00+01:00,0.054997
2026-03-19 18:15+01:00,
2026-03-19 18:30+01:00,0.076130
2026-03-19 18:45+01:00,0.061772
2026-03-19 19:00+01:00,0.056735
2026-03-19 19:15+01:00,0.061011
2026-03-19 19:30+01:00,0.063368
2026-03-19 19:45+01:00,0.069322
2026-03-19 20:00+01:00,0.551935
2026-03-19 20:15+01:00,0.063374
2026-03-19 20:30+01:00,0.063461
2026-03-19 20:45+01:00,
2026-03-19 21:00+01:00,0.060420
2026-03-19 21:15+01:00,0.080078
2026-03-19 21:30+01:00,0.000000
2026-03-19 21:45+01:00,0.067940
2026-03-19 22:00+01:00,0.049430
2026-03-19 22:15+01:00,0.070078
2026-03-19 22:30+01:00,0.057106
2026-03-19 22:45+01:00,0.062156
2026-03-19 23:00+01:00,0.068719
2026-03-19 23:15+01:00,0.066616
2026-03-19 23:30+01:00,0.054655
2026-03-19 23:45+01:00,0.070191
2026-03-20 00:00+01:00,0.074228
2026-03-20 00:15+01:00,0.055796
2026-03-20 00:30+01:00,0.059321
2026-03-20 00:45+01:00,0.059793
2026-03-20 01:00+01:00,0.000000
2026-03-20 01:15+01:00,0.070524
2026-03-20 01:30+01:00,0.064068
2026-03-20 01:45+01:00,0.068781
2026-03-20 02:00+01:00,0.061928
2026-03-20 02:15+01:00,0.063634
2026-03-20 02:30+01:00,0.056035
2026-03-20 02:45+01:00,0.059449
2026-03-20 03:00+01:00,0.065587
2026-03-20 03:15+01:00,0.064145
2026-03-20 03:30+01:00,0.056069
2026-03-20 03:45+01:00,0.075698
2026-03-20 04:00+01:00,0.056445
2026-03-20 04:15+01:00,0.048624
2026-03-20 04:30+01:00,0.068512
2026-03-20 04:45+01:00,0.060789
2026-03-20 05:00+01:00,0.066481
2026-03-20 05:15+01:00,0.056461
2026-03-20 05:30+01:00,0.056173
2026-03-20 05:45+01:00,0.063511
2026-03-20 06:00+01:00,0.070469
2026-03-20 06:15+01:00,0.073740
2026-03-20 06:30+01:00,0.073897
2026-03-20 06:45+01:00,0.063006
2026-03-20 07:00+01:00,2.664909
2026-03-20 07:15+01:00,2.448056
2026-03-20 07:30+01:00,2.516790
2026-03-20 07:45+01:00,2.497001
2026-03-20 08:00+01:00,2.446502
2026-03-20 08:15+01:00,2.684125
2026-03-20 08:30+01:00,2.570057
2026-03-20 08:45+01:00,
2026-03-20 09:00+01:00,2.511011
2026-03-20 09:15+01:00,2.541333
2026-03-20 09:30+01:00,2.564131
2026-03-20 09:45+01:00,2.373313
2026-03-20 10:00+01:00,2.195542
2026-03-20 10:15+01:00,2.495299
2026-03-20 10:30+01:00,2.327031
2026-03-20 10:45+01:00,2.291070
2026-03-20 11:00+01:00,2.387221
2026-03-20 11:15+01:00,2.577626
2026-03-20 11:30+01:00,2.436533
2026-03-20 11:45+01:00,2.411747
2026-03-20 12:00+01:00,2.361403
2026-03-20 12:15+01:00,2.291461
2026-03-20 12:30+01:00,2.452187
2026-03-20 12:45+01:00,2.515237
2026-03-20 13:00+01:00,2.536799
2026-03-20 13:15+01:00,2.461188
2026-03-20 13:30+01:00,2.233088
2026-03-20 13:45+01:00,2.599872
2026-03-20 14:00+01:00,2.487603
2026-03-20 14:15+01:00,2.384457
2026-03-20 14:30+01:00,2.367631
2026-03-20 14:45+01:00,2.528957
2026-03-20 15:00+01:00,2.370536
2026-03-20 15:15+01:00,2.223547
2026-03-20 15:30+01:00,2.442497
2026-03-20 15:45+01:00,2.573488
2026-03-20 16:00+01:00,2.503674
2026-03-20 16:15+01:00,
2026-03-20 16:30+01:00,2.207623
2026-03-20 16:45+01:00,2.326119
2026-03-20 17:00+01:00,2.456988
2026-03-20 17:15+01:00,2.276171
2026-03-20 17:30+01:00,2.475325
2026-03-20 17:45+01:00,2.411639
2026-03-20 18:00+01:00,0.074465
2026-03-20 18:15+01:00,0.056229
2026-03-20 18:30+01:00,0.057865
2026-03-20 18:45+01:00,0.071183
2026-03-20 19:00+01:00,0.059418
2026-03-20 19:15+01:00,0.082513
2026-03-20 19:30+01:00,0.060101
2026-03-20 19:45+01:00,0.053756
2026-03-20 20:00+01:00,0.067773
2026-03-20 20:15+01:00,0.066260
2026-03-20 20:30+01:00,0.051584
2026-03-20 20:45+01:00,0.059437
2026-03-20 21:00+01:00,0.054793
2026-03-20 21:15+01:00,0.060799
2026-03-20 21:30+01:00,0.065237
2026-03-20 21:45+01:00,0.048864
2026-03-20 22:00+01:00,0.076039
2026-03-20 22:15+01:00,0.074028
2026-03-20 22:30+01:00,0.071323
2026-03-20 22:45+01:00,0.074070
2026-03-20 23:00+01:00,
2026-03-20 23:15+01:00,0.071427
2026-03-20 23:30+01:00,0.076313
2026-03-20 23:45+01:00,0.081015
2026-03-21 00:00+01:00,
2026-03-21 00:15+01:00,0.043816
2026-03-21 00:30+01:00,0.042098
2026-03-21 00:45+01:00,0.046090
2026-03-21 01:00+01:00,0.038043
2026-03-21 01:15+01:00,0.050087
2026-03-21 01:30+01:00,0.048511
2026-03-21 01:45+01:00,0.050419
2026-03-21 02:00+01:00,0.048113
2026-03-21 02:15+01:00,0.000000
2026-03-21 02:30+01:00,0.053963
2026-03-21 02:45+01:00,0.042596
2026-03-21 03:00+01:00,0.049890
2026-03-21 03:15+01:00,0.052921
2026-03-21 03:30+01:00,0.050060
2026-03-21 03:45+01:00,0.044628
2026-03-21 04:00+01:00,0.044748
2026-03-21 04:15+01:00,0.034482
2026-03-21 04:30+01:00,0.036357
2026-03-21 04:45+01:00,0.051119
2026-03-21 05:00+01:00,0.000000
2026-03-21 05:15+01:00,0.045776
2026-03-21 05:30+01:00,0.042241
2026-03-21 05:45+01:00,0.047822
2026-03-21 06:00+01:00,0.056191
2026-03-21 06:15+01:00,0.046547
2026-03-21 06:30+01:00,0.046641
2026-03-21 06:45+01:00,0.050651
2026-03-21 07:00+01:00,0.043644
2026-03-21 07:15+01:00,0.041810
2026-03-21 07:30+01:00,0.047787
2026-03-21 07:45+01:00,0.051815
2026-03-21 08:00+01:00,0.057502
2026-03-21 08:15+01:00,
2026-03-21 08:30+01:00,
2026-03-21 08:45+01:00,0.050153
2026-03-21 09:00+01:00,0.039784
2026-03-21 09:15+01:00,0.054884
2026-03-21 09:30+01:00,0.045882
2026-03-21 09:45+01:00,0.048025
2026-03-21 10:00+01:00,0.060521
2026-03-21 10:15+01:00,0.056371
2026-03-21 10:30+01:00,0.040738
2026-03-21 10:45+01:00,0.050454
2026-03-21 11:00+01:00,0.045542
2026-03-21 11:15+01:00,0.049750
2026-03-21 11:30+01:00,0.047233
2026-03-21 11:45+01:00,0.050900
2026-03-21 12:00+01:00,0.047455
2026-03-21 12:15+01:00,0.058110
2026-03-21 12:30+01:00,0.048301
2026-03-21 12:45+01:00,0.050281
2026-03-21 13:00+01:00,0.050043
2026-03-21 13:15+01:00,0.058556
2026-03-21 13:30+01:00,0.049881
2026-03-21 13:45+01:00,0.041416
2026-03-21 14:00+01:00,0.060347
2026-03-21 14:15+01:00,0.048906
2026-03-21 14:30+01:00,0.040163
2026-03-21 14:45+01:00,0.040826
2026-03-21 15:00+01:00,0.053386
2026-03-21 15:15+01:00,0.047543
2026-03-21 15:30+01:00,0.050285
2026-03-21 15:45+01:00,0.039495
2026-03-21 16:00+01:00,0.048552
2026-03-21 16:15+01:00,0.049517
2026-03-21 16:30+01:00,0.042368
2026-03-21 16:45+01:00,0.038943
2026-03-21 17:00+01:00,0.045615
2026-03-21 17:15+01:00,0.055739
2026-03-21 17:30+01:00,0.046579
2026-03-21 17:45+01:00,0.038091
2026-03-21 18:00+01:00,0.057281
2026-03-21 18:15+01:00,0.046631
2026-03-21 18:30+01:00,0.050079
2026-03-21 18:45+01:00,0.053683
2026-03-21 19:00+01:00,0.043982
2026-03-21 19:15+01:00,0.047259
2026-03-21 19:30+01:00,0.045722
2026-03-21 19:45+01:00,0.046687
2026-03-21 20:00+01:00,0.056277
2026-03-21 20:15+01:00,
2026-03-21 20:30+01:00,0.050184
2026-03-21 20:45+01:00,0.052551
2026-03-21 21:00+01:00,0.048828
2026-03-21 21:15+01:00,0.045116
2026-03-21 21:30+01:00,0.050889
2026-03-21 21:45+01:00,0.045989
2026-03-21 22:00+01:00,0.049797
2026-03-21 22:15+01:00,0.041237
2026-03-21 22:30+01:00,0.038115
2026-03-21 22:45+01:00,0.046315
2026-03-21 23:00+01:00,0.058936
2026-03-21 23:15+01:00,0.051126
2026-03-21 23:30+01:00,0.048844
2026-03-21 23:45+01:00,0.050005
2026-03-22 00:00+01:00,0.056192
2026-03-22 00:15+01:00,0.041585
2026-03-22 00:30+01:00,0.044768
2026-03-22 00:45+01:00,0.044274
2026-03-22 01:00+01:00,0.039129
2026-03-22 01:15+01:00,0.049934
2026-03-22 01:30+01:00,0.057157
2026-03-22 01:45+01:00,0.050720
2026-03-22 02:00+01:00,0.043373
2026-03-22 02:15+01:00,0.054572
2026-03-22 02:30+01:00,0.043109
2026-03-22 02:45+01:00,0.056039
2026-03-22 03:00+01:00,0.053706
2026-03-22 03:15+01:00,0.050974
2026-03-22 03:30+01:00,0.053566
2026-03-22 03:45+01:00,
2026-03-22 04:00+01:00,0.037828
2026-03-22 04:15+01:00,0.056715
2026-03-22 04:30+01:00,0.032937
2026-03-22 04:45+01:00,0.046278
2026-03-22 05:00+01:00,0.046742
2026-03-22 05:15+01:00,0.052751
2026-03-22 05:30+01:00,0.048945
2026-03-22 05:45+01:00,0.046489
2026-03-22 06:00+01:00,0.060216
2026-03-22 06:15+01:00,0.044134
2026-03-22 06:30+01:00,0.036106
2026-03-22 06:45+01:00,0.048849
2026-03-22 07:00+01:00,0.050015
2026-03-22 07:15+01:00,0.051144
2026-03-22 07:30+01:00,0.050582
2026-03-22 07:45+01:00,0.047536
2026-03-22 08:00+01:00,0.053818
2026-03-22 08:15+01:00,0.486327
2026-03-22 08:30+01:00,0.038038
2026-03-22 08:45+01:00,0.037132
2026-03-22 09:00+01:00,0.044552
2026-03-22 09:15+01:00,0.052789
2026-03-22 09:30+01:00,0.048332
2026-03-22 09:45+01:00,0.060411
2026-03-22 10:00+01:00,0.000000
2026-03-22 10:15+01:00,0.051190
2026-03-22 10:30+01:00,0.066652
2026-03-22 10:45+01:00,0.047990
2026-03-22 11:00+01:00,0.041271
2026-03-22 11:15+01:00,0.055577
2026-03-22 11:30+01:00,0.063099
2026-03-22 11:45+01:00,0.042463
2026-03-22 12:00+01:00,0.050195
2026-03-22 12:15+01:00,0.055337
2026-03-22 12:30+01:00,0.069257
2026-03-22 12:45+01:00,0.050528
2026-03-22 13:00+01:00,0.046832
2026-03-22 13:15+01:00,0.041850
2026-03-22 13:30+01:00,0.042818
2026-03-22 13:45+01:00,0.046825
2026-03-22 14:00+01:00,0.052244
2026-03-22 14:15+01:00,0.036402
2026-03-22 14:30+01:00,0.051532
2026-03-22 14:45+01:00,0.040480
2026-03-22 15:00+01:00,0.050351
2026-03-22 15:15+01:00,
2026-03-22 15:30+01:00,0.028902
2026-03-22 15:45+01:00,0.046374
2026-03-22 16:00+01:00,0.048678
2026-03-22 16:15+01:00,0.059898
2026-03-22 16:30+01:00,0.047102
2026-03-22 16:45+01:00,0.036761
2026-03-22 17:00+01:00,0.046172
2026-03-22 17:15+01:00,0.050563
2026-03-22 17:30+01:00,0.046625
2026-03-22 17:45+01:00,0.045460
2026-03-22 18:00+01:00,0.049321
2026-03-22 18:15+01:00,0.057708
2026-03-22 18:30+01:00,0.053488
2026-03-22 18:45+01:00,0.046709
2026-03-22 19:00+01:00,0.053600
2026-03-22 19:15+01:00,0.044339
2026-03-22 19:30+01:00,0.053857
2026-03-22 19:45+01:00,0.055256
2026-03-22 20:00+01:00,0.054475
2026-03-22 20:15+01:00,0.056775
2026-03-22 20:30+01:00,0.059955
2026-03-22 20:45+01:00,0.060944
2026-03-22 21:00+01:00,0.051480
2026-03-22 21:15+01:00,0.041874
2026-03-22 21:30+01:00,0.055680
2026-03-22 21:45+01:00,0.050257
2026-03-22 22:00+01:00,0.047653
2026-03-22 22:15+01:00,0.046111
2026-03-22 22:30+01:00,0.043102
2026-03-22 22:45+01:00,0.053376
2026-03-22 23:00+01:00,0.038418
2026-03-22 23:15+01:00,
2026-03-22 23:30+01:00,0.054906
2026-03-22 23:45+01:00,0.031184
2026-03-23 00:00+01:00,0.045393
2026-03-23 00:15+01:00,0.052985
2026-03-23 00:30+01:00,0.077347
2026-03-23 00:45+01:00,0.076200
2026-03-23 01:00+01:00,0.068333
2026-03-23 01:15+01:00,0.063766
2026-03-23 01:30+01:00,0.063564
2026-03-23 01:45+01:00,0.061494
2026-03-23 02:00+01:00,0.060729
2026-03-23 02:15+01:00,0.076664
2026-03-23 02:30+01:00,0.055436
2026-03-23 02:45+01:00,0.052849
2026-03-23 03:00+01:00,0.077637
2026-03-23 03:15+01:00,0.067017
2026-03-23 03:30+01:00,0.060467
2026-03-23 03:45+01:00,0.065543
2026-03-23 04:00+01:00,0.064933
2026-03-23 04:15+01:00,0.063343
2026-03-23 04:30+01:00,0.065000
2026-03-23 04:45+01:00,0.043487
2026-03-23 05:00+01:00,0.062049
2026-03-23 05:15+01:00,0.067977
2026-03-23 05:30+01:00,0.066206
2026-03-23 05:45+01:00,
2026-03-23 06:00+01:00,0.049494
2026-03-23 06:15+01:00,0.057655
2026-03-23 06:30+01:00,0.061163
2026-03-23 06:45+01:00,0.062158
2026-03-23 07:00+01:00,2.405296
2026-03-23 07:15+01:00,2.189326
2026-03-23 07:30+01:00,2.545266
2026-03-23 07:45+01:00,2.101623
2026-03-23 08:00+01:00,2.276578
2026-03-23 08:15+01:00,2.428287
2026-03-23 08:30+01:00,2.522091
2026-03-23 08:45+01:00,2.620636
2026-03-23 09:00+01:00,2.308229
2026-03-23 09:15+01:00,2.430510
2026-03-23 09:30+01:00,2.119762
2026-03-23 09:45+01:00,2.314090
2026-03-23 10:00+01:00,2.394723
2026-03-23 10:15+01:00,2.364803
2026-03-23 10:30+01:00,2.167554
2026-03-23 10:45+01:00,2.464473
2026-03-23 11:00+01:00,2.393411
2026-03-23 11:15+01:00,2.616422
2026-03-23 11:30+01:00,2.469499
2026-03-23 11:45+01:00,2.298455
2026-03-23 12:00+01:00,
2026-03-23 12:15+01:00,2.623044
2026-03-23 12:30+01:00,2.477323
2026-03-23 12:45+01:00,2.351972
2026-03-23 13:00+01:00,2.331077
2026-03-23 13:15+01:00,2.383755
2026-03-23 13:30+01:00,2.363498
2026-03-23 13:45+01:00,2.368971
2026-03-23 14:00+01:00,2.147298
2026-03-23 14:15+01:00,2.270540
2026-03-23 14:30+01:00,2.408032
2026-03-23 14:45+01:00,
2026-03-23 15:00+01:00,2.287722
2026-03-23 15:15+01:00,2.459860
2026-03-23 15:30+01:00,2.332231
2026-03-23 15:45+01:00,2.493074
2026-03-23 16:00+01:00,2.320441
2026-03-23 16:15+01:00,2.526405
2026-03-23 16:30+01:00,2.492487
2026-03-23 16:45+01:00,2.522835
2026-03-23 17:00+01:00,2.527363
2026-03-23 17:15+01:00,2.452677
2026-03-23 17:30+01:00,2.316862
2026-03-23 17:45+01:00,2.519988
2026-03-23 18:00+01:00,0.062885
2026-03-23 18:15+01:00,0.061082
2026-03-23 18:30+01:00,0.070370
2026-03-23 18:45+01:00,0.065768
2026-03-23 19:00+01:00,0.070940
2026-03-23 19:15+01:00,0.060768
2026-03-23 19:30+01:00,0.068964
2026-03-23 19:45+01:00,0.058764
2026-03-23 20:00+01:00,0.066645
2026-03-23 20:15+01:00,0.060477
2026-03-23 20:30+01:00,0.076830
2026-03-23 20:45+01:00,0.074022
2026-03-23 21:00+01:00,0.069965
2026-03-23 21:15+01:00,0.059651
2026-03-23 21:30+01:00,0.064751
2026-03-23 21:45+01:00,0.081886
2026-03-23 22:00+01:00,0.059668
2026-03-23 22:15+01:00,0.068976
2026-03-23 22:30+01:00,0.060359
2026-03-23 22:45+01:00,0.063664
2026-03-23 23:00+01:00,0.073477
2026-03-23 23:15+01:00,0.065228
2026-03-23 23:30+01:00,0.047625
2026-03-23 23:45+01:00,0.071015
2026-03-24 00:00+01:00,0.062920
2026-03-24 00:15+01:00,0.089639
2026-03-24 00:30+01:00,0.055102
2026-03-24 00:45+01:00,0.066552
2026-03-24 01:00+01:00,0.044815
2026-03-24 01:15+01:00,0.077238
2026-03-24 01:30+01:00,0.060432
2026-03-24 01:45+01:00,
2026-03-24 02:00+01:00,0.067346
2026-03-24 02:15+01:00,0.082359
2026-03-24 02:30+01:00,0.064208
2026-03-24 02:45+01:00,0.062563
2026-03-24 03:00+01:00,0.072578
2026-03-24 03:15+01:00,0.064650
2026-03-24 03:30+01:00,0.066450
2026-03-24 03:45+01:00,0.068049
2026-03-24 04:00+01:00,0.062180
2026-03-24 04:15+01:00,0.055352
2026-03-24 04:30+01:00,0.050565
2026-03-24 04:45+01:00,0.057847
2026-03-24 05:00+01:00,0.059775
2026-03-24 05:15+01:00,0.067297
2026-03-24 05:30+01:00,0.088367
2026-03-24 05:45+01:00,0.070890
2026-03-24 06:00+01:00,0.064889
2026-03-24 06:15+01:00,0.067478
2026-03-24 06:30+01:00,0.075789
2026-03-24 06:45+01:00,0.058948
2026-03-24 07:00+01:00,2.759211
2026-03-24 07:15+01:00,2.387175
2026-03-24 07:30+01:00,2.480236
2026-03-24 07:45+01:00,2.258029
2026-03-24 08:00+01:00,2.609022
2026-03-24 08:15+01:00,2.317020
2026-03-24 08:30+01:00,2.396528
2026-03-24 08:45+01:00,2.372632
2026-03-24 09:00+01:00,2.327219
2026-03-24 09:15+01:00,2.478054
2026-03-24 09:30+01:00,2.399158
2026-03-24 09:45+01:00,2.371741
2026-03-24 10:00+01:00,2.374718
2026-03-24 10:15+01:00,2.370982
2026-03-24 10:30+01:00,2.333903
2026-03-24 10:45+01:00,2.350793
2026-03-24 11:00+01:00,2.445509
2026-03-24 11:15+01:00,
2026-03-24 11:30+01:00,2.505638
2026-03-24 11:45+01:00,2.386224
2026-03-24 12:00+01:00,2.537497
2026-03-24 12:15+01:00,2.335837
2026-03-24 12:30+01:00,2.278817
2026-03-24 12:45+01:00,2.463476
2026-03-24 13:00+01:00,2.344543
2026-03-24 13:15+01:00,
2026-03-24 13:30+01:00,2.356181
2026-03-24 13:45+01:00,2.403512
2026-03-24 14:00+01:00,2.397817
2026-03-24 14:15+01:00,2.435213
2026-03-24 14:30+01:00,2.367426
2026-03-24 14:45+01:00,2.542363
2026-03-24 15:00+01:00,2.608389
2026-03-24 15:15+01:00,2.746702
2026-03-24 15:30+01:00,2.580551
2026-03-24 15:45+01:00,2.427394
2026-03-24 16:00+01:00,2.597813
2026-03-24 16:15+01:00,2.317623
2026-03-24 16:30+01:00,
2026-03-24 16:45+01:00,
2026-03-24 17:00+01:00,
2026-03-24 17:15+01:00,
2026-03-24 17:30+01:00,
2026-03-24 17:45+01:00,
2026-03-24 18:00+01:00,
2026-03-24 18:15+01:00,
2026-03-24 18:30+01:00,
2026-03-24 18:45+01:00,
2026-03-24 19:00+01:00,
2026-03-24 19:15+01:00,
2026-03-24 19:30+01:00,
2026-03-24 19:45+01:00,
2026-03-24 20:00+01:00,
2026-03-24 20:15+01:00,
2026-03-24 20:30+01:00,
2026-03-24 20:45+01:00,
2026-03-24 21:00+01:00,
2026-03-24 21:15+01:00,
2026-03-24 21:30+01:00,
2026-03-24 21:45+01:00,
2026-03-24 22:00+01:00,
2026-03-24 22:15+01:00,
2026-03-24 22:30+01:00,
2026-03-24 22:45+01:00,0.062612
2026-03-24 23:00+01:00,0.067023
2026-03-24 23:15+01:00,0.063908
2026-03-24 23:30+01:00,0.061333
2026-03-24 23:45+01:00,0.056158
2026-03-25 00:00+01:00,0.062976
2026-03-25 00:15+01:00,0.067089
2026-03-25 00:30+01:00,0.057374
2026-03-25 00:45+01:00,0.062326
2026-03-25 01:00+01:00,0.048833
2026-03-25 01:15+01:00,0.075418
2026-03-25 01:30+01:00,0.065442
2026-03-25 01:45+01:00,0.069020
2026-03-25 02:00+01:00,0.056692
2026-03-25 02:15+01:00,0.065939
2026-03-25 02:30+01:00,0.068283
2026-03-25 02:45+01:00,0.045002
2026-03-25 03:00+01:00,0.056239
2026-03-25 03:15+01:00,0.062674
2026-03-25 03:30+01:00,0.043113
2026-03-25 03:45+01:00,0.062427
2026-03-25 04:00+01:00,0.063780
2026-03-25 04:15+01:00,0.062972
2026-03-25 04:30+01:00,0.061487
2026-03-25 04:45+01:00,0.000000
2026-03-25 05:00+01:00,0.065979
2026-03-25 05:15+01:00,0.073357
2026-03-25 05:30+01:00,0.066504
2026-03-25 05:45+01:00,0.059897
2026-03-25 06:00+01:00,
2026-03-25 06:15+01:00,0.057133
2026-03-25 06:30+01:00,0.063787
2026-03-25 06:45+01:00,0.070004
2026-03-25 07:00+01:00,2.154429
2026-03-25 07:15+01:00,2.438146
2026-03-25 07:30+01:00,2.611649
2026-03-25 07:45+01:00,2.340170
2026-03-25 08:00+01:00,2.506212
2026-03-25 08:15+01:00,2.352774
2026-03-25 08:30+01:00,2.223881
2026-03-25 08:45+01:00,2.495907
2026-03-25 09:00+01:00,2.331708
2026-03-25 09:15+01:00,2.495211
2026-03-25 09:30+01:00,2.259523
2026-03-25 09:45+01:00,2.454991
2026-03-25 10:00+01:00,2.163177
2026-03-25 10:15+01:00,2.334788
2026-03-25 10:30+01:00,2.341797
2026-03-25 10:45+01:00,2.465104
2026-03-25 11:00+01:00,2.285128
2026-03-25 11:15+01:00,2.283504
2026-03-25 11:30+01:00,2.343093
2026-03-25 11:45+01:00,2.426747
2026-03-25 12:00+01:00,
2026-03-25 12:15+01:00,2.423891
2026-03-25 12:30+01:00,2.228875
2026-03-25 12:45+01:00,2.536471
2026-03-25 13:00+01:00,2.504493
2026-03-25 13:15+01:00,2.260441
2026-03-25 13:30+01:00,2.691379
2026-03-25 13:45+01:00,2.430348
2026-03-25 14:00+01:00,2.645635
2026-03-25 14:15+01:00,2.198658
2026-03-25 14:30+01:00,2.439104
2026-03-25 14:45+01:00,2.637912
2026-03-25 15:00+01:00,2.291530
2026-03-25 15:15+01:00,2.218155
2026-03-25 15:30+01:00,2.408534
2026-03-25 15:45+01:00,2.474822
2026-03-25 16:00+01:00,2.441490
2026-03-25 16:15+01:00,2.243599
2026-03-25 16:30+01:00,2.618729
2026-03-25 16:45+01:00,2.625194
2026-03-25 17:00+01:00,2.517706
2026-03-25 17:15+01:00,2.479041
2026-03-25 17:30+01:00,2.172683
2026-03-25 17:45+01:00,2.234016
2026-03-25 18:00+01:00,0.071593
2026-03-25 18:15+01:00,0.051414
2026-03-25 18:30+01:00,0.066869
2026-03-25 18:45+01:00,0.055275
2026-03-25 19:00+01:00,0.077454
2026-03-25 19:15+01:00,0.061998
2026-03-25 19:30+01:00,0.059149
2026-03-25 19:45+01:00,0.080518
2026-03-25 20:00+01:00,0.052260
2026-03-25 20:15+01:00,0.060657
2026-03-25 20:30+01:00,0.059050
2026-03-25 20:45+01:00,0.064358
2026-03-25 21:00+01:00,0.068133
2026-03-25 21:15+01:00,0.000000
2026-03-25 21:30+01:00,0.060920
2026-03-25 21:45+01:00,0.063090
2026-03-25 22:00+01:00,0.064829
2026-03-25 22:15+01:00,0.058172
2026-03-25 22:30+01:00,0.058472
2026-03-25 22:45+01:00,0.068893
2026-03-25 23:00+01:00,0.048601
2026-03-25 23:15+01:00,0.063736
2026-03-25 23:30+01:00,0.074874
2026-03-25 23:45+01:00,0.062356
2026-03-26 00:00+01:00,0.063474
2026-03-26 00:15+01:00,0.070168
2026-03-26 00:30+01:00,0.063106
2026-03-26 00:45+01:00,0.060654
2026-03-26 01:00+01:00,0.058709
2026-03-26 01:15+01:00,0.075631
2026-03-26 01:30+01:00,0.066835
2026-03-26 01:45+01:00,0.071261
2026-03-26 02:00+01:00,0.057814
2026-03-26 02:15+01:00,0.063329
2026-03-26 02:30+01:00,0.050547
2026-03-26 02:45+01:00,0.062824
2026-03-26 03:00+01:00,0.066250
2026-03-26 03:15+01:00,0.073964
2026-03-26 03:30+01:00,0.068027
2026-03-26 03:45+01:00,0.062240
2026-03-26 04:00+01:00,0.062719
2026-03-26 04:15+01:00,0.057248
2026-03-26 04:30+01:00,0.057074
2026-03-26 04:45+01:00,0.065539
2026-03-26 05:00+01:00,0.048183
2026-03-26 05:15+01:00,0.066747
2026-03-26 05:30+01:00,0.047892
2026-03-26 05:45+01:00,0.062916
2026-03-26 06:00+01:00,0.060283
2026-03-26 06:15+01:00,0.062398
2026-03-26 06:30+01:00,0.062210
2026-03-26 06:45+01:00,
2026-03-26 07:00+01:00,2.282201
2026-03-26 07:15+01:00,2.191166
2026-03-26 07:30+01:00,2.451992
2026-03-26 07:45+01:00,2.366525
2026-03-26 08:00+01:00,2.336707
2026-03-26 08:15+01:00,2.333858
2026-03-26 08:30+01:00,2.705125
2026-03-26 08:45+01:00,2.513136
2026-03-26 09:00+01:00,2.454784
2026-03-26 09:15+01:00,2.474863
2026-03-26 09:30+01:00,2.361386
2026-03-26 09:45+01:00,2.542547
2026-03-26 10:00+01:00,2.674940
2026-03-26 10:15+01:00,2.067696
2026-03-26 10:30+01:00,2.552798
2026-03-26 10:45+01:00,2.389719
2026-03-26 11:00+01:00,2.418070
2026-03-26 11:15+01:00,2.385370
2026-03-26 11:30+01:00,
2026-03-26 11:45+01:00,2.521422
2026-03-26 12:00+01:00,2.429777
2026-03-26 12:15+01:00,2.226430
2026-03-26 12:30+01:00,2.483974
2026-03-26 12:45+01:00,2.408146
2026-03-26 13:00+01:00,2.218020
2026-03-26 13:15+01:00,2.560887
2026-03-26 13:30+01:00,2.376206
2026-03-26 13:45+01:00,2.329045
2026-03-26 14:00+01:00,2.373301
2026-03-26 14:15+01:00,2.124544
2026-03-26 14:30+01:00,2.408381
2026-03-26 14:45+01:00,2.362438
2026-03-26 15:00+01:00,2.516692
2026-03-26 15:15+01:00,2.661134
2026-03-26 15:30+01:00,2.772988
2026-03-26 15:45+01:00,2.393352
2026-03-26 16:00+01:00,2.397070
2026-03-26 16:15+01:00,2.494260
2026-03-26 16:30+01:00,2.523453
2026-03-26 16:45+01:00,2.472323
2026-03-26 17:00+01:00,
2026-03-26 17:15+01:00,2.138354
2026-03-26 17:30+01:00,2.242000
2026-03-26 17:45+01:00,2.517208
2026-03-26 18:00+01:00,0.056934
2026-03-26 18:15+01:00,0.070512
2026-03-26 18:30+01:00,0.066183
2026-03-26 18:45+01:00,0.064423
2026-03-26 19:00+01:00,0.082350
2026-03-26 19:15+01:00,0.076701
2026-03-26 19:30+01:00,0.064629
2026-03-26 19:45+01:00,0.062450
2026-03-26 20:00+01:00,0.073137
2026-03-26 20:15+01:00,0.069417
2026-03-26 20:30+01:00,0.060493
2026-03-26 20:45+01:00,0.063990
2026-03-26 21:00+01:00,0.061177
2026-03-26 21:15+01:00,0.062400
2026-03-26 21:30+01:00,0.049911
2026-03-26 21:45+01:00,0.070247
2026-03-26 22:00+01:00,0.055432
2026-03-26 22:15+01:00,0.057153
2026-03-26 22:30+01:00,0.068547
2026-03-26 22:45+01:00,0.068098
2026-03-26 23:00+01:00,0.078869
2026-03-26 23:15+01:00,0.053195
2026-03-26 23:30+01:00,0.069832
2026-03-26 23:45+01:00,0.070273
2026-03-27 00:00+01:00,0.067668
2026-03-27 00:15+01:00,0.076398
2026-03-27 00:30+01:00,0.064235
2026-03-27 00:45+01:00,0.073344
2026-03-27 01:00+01:00,0.070709
2026-03-27 01:15+01:00,0.067256
2026-03-27 01:30+01:00,0.068250
2026-03-27 01:45+01:00,0.059497
2026-03-27 02:00+01:00,0.075803
2026-03-27 02:15+01:00,0.055001
2026-03-27 02:30+01:00,0.069800
2026-03-27 02:45+01:00,0.070667
2026-03-27 03:00+01:00,0.070331
2026-03-27 03:15+01:00,0.061770
2026-03-27 03:30+01:00,0.074807
2026-03-27 03:45+01:00,0.053414
2026-03-27 04:00+01:00,0.059320
2026-03-27 04:15+01:00,0.062214
2026-03-27 04:30+01:00,0.059759
2026-03-27 04:45+01:00,0.059964
2026-03-27 05:00+01:00,
2026-03-27 05:15+01:00,0.560711
2026-03-27 05:30+01:00,0.646699
2026-03-27 05:45+01:00,0.062419
2026-03-27 06:00+01:00,0.064963
2026-03-27 06:15+01:00,0.075219
2026-03-27 06:30+01:00,0.062906
2026-03-27 06:45+01:00,0.058695
2026-03-27 07:00+01:00,2.656217
2026-03-27 07:15+01:00,2.534787
2026-03-27 07:30+01:00,2.555617
2026-03-27 07:45+01:00,2.545919
2026-03-27 08:00+01:00,2.519903
2026-03-27 08:15+01:00,2.547564
2026-03-27 08:30+01:00,2.678058
2026-03-27 08:45+01:00,2.479108
2026-03-27 09:00+01:00,2.510218
2026-03-27 09:15+01:00,2.511991
2026-03-27 09:30+01:00,2.363985
2026-03-27 09:45+01:00,
2026-03-27 10:00+01:00,2.434226
2026-03-27 10:15+01:00,2.452122
2026-03-27 10:30+01:00,2.253944
2026-03-27 10:45+01:00,2.170695
2026-03-27 11:00+01:00,2.502742
2026-03-27 11:15+01:00,2.337406
2026-03-27 11:30+01:00,2.482452
2026-03-27 11:45+01:00,2.254076
2026-03-27 12:00+01:00,2.463759
2026-03-27 12:15+01:00,2.643899
2026-03-27 12:30+01:00,2.408272
2026-03-27 12:45+01:00,2.475316
2026-03-27 13:00+01:00,2.167680
2026-03-27 13:15+01:00,2.472567
2026-03-27 13:30+01:00,2.308807
2026-03-27 13:45+01:00,2.383227
2026-03-27 14:00+01:00,2.224915
2026-03-27 14:15+01:00,2.282859
2026-03-27 14:30+01:00,2.329585
2026-03-27 14:45+01:00,2.374263
2026-03-27 15:00+01:00,2.321107
2026-03-27 15:15+01:00,
2026-03-27 15:30+01:00,2.676447
2026-03-27 15:45+01:00,
2026-03-27 16:00+01:00,2.607784
2026-03-27 16:15+01:00,2.362887
2026-03-27 16:30+01:00,2.413116
2026-03-27 16:45+01:00,2.341174
2026-03-27 17:00+01:00,2.377816
2026-03-27 17:15+01:00,2.263905
2026-03-27 17:30+01:00,2.261466
2026-03-27 17:45+01:00,2.528668
2026-03-27 18:00+01:00,0.061029
2026-03-27 18:15+01:00,0.047331
2026-03-27 18:30+01:00,0.076615
2026-03-27 18:45+01:00,0.051184
2026-03-27 19:00+01:00,
2026-03-27 19:15+01:00,
2026-03-27 19:30+01:00,0.062382
2026-03-27 19:45+01:00,0.067099
2026-03-27 20:00+01:00,
2026-03-27 20:15+01:00,0.049093
2026-03-27 20:30+01:00,0.069624
2026-03-27 20:45+01:00,
2026-03-27 21:00+01:00,0.064852
2026-03-27 21:15+01:00,0.056084
2026-03-27 21:30+01:00,0.070971
2026-03-27 21:45+01:00,0.061953
2026-03-27 22:00+01:00,0.070824
2026-03-27 22:15+01:00,0.049728
2026-03-27 22:30+01:00,0.065211
2026-03-27 22:45+01:00,0.060903
2026-03-27 23:00+01:00,0.059709
2026-03-27 23:15+01:00,0.062248
2026-03-27 23:30+01:00,0.046349
2026-03-27 23:45+01:00,0.058998
2026-03-28 00:00+01:00,0.061488
2026-03-28 00:15+01:00,0.048235
2026-03-28 00:30+01:00,0.059419
2026-03-28 00:45+01:00,0.055928
2026-03-28 01:00+01:00,0.044772
2026-03-28 01:15+01:00,0.050595
2026-03-28 01:30+01:00,0.048701
2026-03-28 01:45+01:00,0.057220
2026-03-28 02:00+01:00,0.058303
2026-03-28 02:15+01:00,0.037918
2026-03-28 02:30+01:00,0.052901
2026-03-28 02:45+01:00,0.052947
2026-03-28 03:00+01:00,0.056284
2026-03-28 03:15+01:00,0.041225
2026-03-28 03:30+01:00,0.042266
2026-03-28 03:45+01:00,0.063312
2026-03-28 04:00+01:00,0.044569
2026-03-28 04:15+01:00,0.044856
2026-03-28 04:30+01:00,0.049811
2026-03-28 04:45+01:00,0.050894
2026-03-28 05:00+01:00,0.035818
2026-03-28 05:15+01:00,0.037272
2026-03-28 05:30+01:00,0.052327
2026-03-28 05:45+01:00,0.041725
2026-03-28 06:00+01:00,0.049810
2026-03-28 06:15+01:00,0.044142
2026-03-28 06:30+01:00,0.048401
2026-03-28 06:45+01:00,0.050686
2026-03-28 07:00+01:00,0.055101
2026-03-28 07:15+01:00,0.056765
2026-03-28 07:30+01:00,0.040256
2026-03-28 07:45+01:00,0.047311
2026-03-28 08:00+01:00,0.039734
2026-03-28 08:15+01:00,0.058307
2026-03-28 08:30+01:00,0.047748
2026-03-28 08:45+01:00,0.046538
2026-03-28 09:00+01:00,0.059581
2026-03-28 09:15+01:00,0.040929
2026-03-28 09:30+01:00,0.315855
2026-03-28 09:45+01:00,0.343786
2026-03-28 10:00+01:00,0.030847
2026-03-28 10:15+01:00,0.058011
2026-03-28 10:30+01:00,0.046873
2026-03-28 10:45+01:00,0.046706
2026-03-28 11:00+01:00,0.043281
2026-03-28 11:15+01:00,0.046015
2026-03-28 11:30+01:00,0.041685
2026-03-28 11:45+01:00,0.052651
2026-03-28 12:00+01:00,0.053836
2026-03-28 12:15+01:00,0.044870
2026-03-28 12:30+01:00,0.054672
2026-03-28 12:45+01:00,0.050255
2026-03-28 13:00+01:00,0.040804
2026-03-28 13:15+01:00,0.046304
2026-03-28 13:30+01:00,0.046471
2026-03-28 13:45+01:00,0.051474
2026-03-28 14:00+01:00,0.037050
2026-03-28 14:15+01:00,0.043610
2026-03-28 14:30+01:00,0.056522
2026-03-28 14:45+01:00,0.043914
2026-03-28 15:00+01:00,0.043716
2026-03-28 15:15+01:00,0.054314
2026-03-28 15:30+01:00,0.053296
2026-03-28 15:45+01:00,0.062310
2026-03-28 16:00+01:00,0.038971
2026-03-28 16:15+01:00,0.055434
2026-03-28 16:30+01:00,0.041595
2026-03-28 16:45+01:00,0.048937
2026-03-28 17:00+01:00,0.043928
2026-03-28 17:15+01:00,0.046223
2026-03-28 17:30+01:00,0.039735
2026-03-28 17:45+01:00,0.042075
2026-03-28 18:00+01:00,0.051425
2026-03-28 18:15+01:00,0.039092
2026-03-28 18:30+01:00,0.036426
2026-03-28 18:45+01:00,
2026-03-28 19:00+01:00,0.056898
2026-03-28 19:15+01:00,0.042487
2026-03-28 19:30+01:00,0.048350
2026-03-28 19:45+01:00,0.037348
2026-03-28 20:00+01:00,0.054090
2026-03-28 20:15+01:00,0.056494
2026-03-28 20:30+01:00,0.049995
2026-03-28 20:45+01:00,0.051487
2026-03-28 21:00+01:00,0.051038
2026-03-28 21:15+01:00,0.048734
2026-03-28 21:30+01:00,0.045072
2026-03-28 21:45+01:00,0.063364
2026-03-28 22:00+01:00,
2026-03-28 22:15+01:00,0.049965
2026-03-28 22:30+01:00,0.038914
2026-03-28 22:45+01:00,0.053443
2026-03-28 23:00+01:00,0.048143
2026-03-28 23:15+01:00,0.051246
2026-03-28 23:30+01:00,0.050021
2026-03-28 23:45+01:00,0.048723
2026-03-29 00:00+01:00,0.052267
2026-03-29 00:15+01:00,0.041731
2026-03-29 00:30+01:00,0.061522
2026-03-29 00:45+01:00,0.058263
2026-03-29 01:00+01:00,0.054004
2026-03-29 01:15+01:00,0.050238
2026-03-29 01:30+01:00,0.061149
2026-03-29 01:45+01:00,0.036543
2026-03-29 03:00+02:00,0.033511
2026-03-29 03:15+02:00,0.043982
2026-03-29 03:30+02:00,0.049670
2026-03-29 03:45+02:00,0.036124
2026-03-29 04:00+02:00,0.035013
2026-03-29 04:15+02:00,0.048823
2026-03-29 04:30+02:00,0.000000
2026-03-29 04:45+02:00,0.053788
2026-03-29 05:00+02:00,0.049020
2026-03-29 05:15+02:00,0.048515
2026-03-29 05:30+02:00,0.047881
2026-03-29 05:45+02:00,0.051656
2026-03-29 06:00+02:00,0.051074
2026-03-29 06:15+02:00,0.050830
2026-03-29 06:30+02:00,0.046096
2026-03-29 06:45+02:00,0.040465
2026-03-29 07:00+02:00,0.048285
2026-03-29 07:15+02:00,0.049329
2026-03-29 07:30+02:00,0.056982
2026-03-29 07:45+02:00,0.040284
2026-03-29 08:00+02:00,0.046547
2026-03-29 08:15+02:00,0.058123
2026-03-29 08:30+02:00,0.054432
2026-03-29 08:45+02:00,0.050711
2026-03-29 09:00+02:00,0.043328
2026-03-29 09:15+02:00,0.048562
2026-03-29 09:30+02:00,0.043923
2026-03-29 09:45+02:00,0.051022
2026-03-29 10:00+02:00,0.044775
2026-03-29 10:15+02:00,0.054430
2026-03-29 10:30+02:00,0.060848
2026-03-29 10:45+02:00,0.047567
2026-03-29 11:00+02:00,0.050844
2026-03-29 11:15+02:00,0.059302
2026-03-29 11:30+02:00,0.048785
2026-03-29 11:45+02:00,0.052381
2026-03-29 12:00+02:00,0.052581
2026-03-29 12:15+02:00,0.040992
2026-03-29 12:30+02:00,0.050153
2026-03-29 12:45+02:00,0.049964
2026-03-29 13:00+02:00,0.050039
2026-03-29 13:15+02:00,0.000000
2026-03-29 13:30+02:00,0.050740
2026-03-29 13:45+02:00,0.053156
2026-03-29 14:00+02:00,
2026-03-29 14:15+02:00,0.046397
2026-03-29 14:30+02:00,0.041476
2026-03-29 14:45+02:00,0.038642
2026-03-29 15:00+02:00,0.051963
2026-03-29 15:15+02:00,0.044106
2026-03-29 15:30+02:00,0.047251
2026-03-29 15:45+02:00,0.047741
2026-03-29 16:00+02:00,0.049470
2026-03-29 16:15+02:00,0.046721
2026-03-29 16:30+02:00,0.046329
2026-03-29 16:45+02:00,0.049251
2026-03-29 17:00+02:00,0.040406
2026-03-29 17:15+02:00,0.044252
2026-03-29 17:30+02:00,0.045967
2026-03-29 17:45+02:00,0.038699
2026-03-29 18:00+02:00,0.042711
2026-03-29 18:15+02:00,0.043127
2026-03-29 18:30+02:00,0.055440
2026-03-29 18:45+02:00,0.052557
2026-03-29 19:00+02:00,0.052263
2026-03-29 19:15+02:00,0.049109
2026-03-29 19:30+02:00,0.050458
2026-03-29 19:45+02:00,0.040532
2026-03-29 20:00+02:00,0.046764
2026-03-29 20:15+02:00,0.034429
2026-03-29 20:30+02:00,0.054334
2026-03-29 20:45+02:00,0.041569
2026-03-29 21:00+02:00,0.048240
2026-03-29 21:15+02:00,0.050859
2026-03-29 21:30+02:00,0.037495
2026-03-29 21:45+02:00,0.045419
2026-03-29 22:00+02:00,0.058602
2026-03-29 22:15+02:00,0.049004
2026-03-29 22:30+02:00,
2026-03-29 22:45+02:00,0.054341
2026-03-29 23:00+02:00,0.044567
2026-03-29 23:15+02:00,0.040026
2026-03-29 23:30+02:00,0.048825
2026-03-29 23:45+02:00,0.045156
2026-03-30 00:00+02:00,0.054984
2026-03-30 00:15+02:00,0.060099
2026-03-30 00:30+02:00,0.076395
2026-03-30 00:45+02:00,0.053108
2026-03-30 01:00+02:00,0.060662
2026-03-30 01:15+02:00,0.066512
2026-03-30 01:30+02:00,0.062413
2026-03-30 01:45+02:00,0.053235
2026-03-30 02:00+02:00,0.063423
2026-03-30 02:15+02:00,0.069789
2026-03-30 02:30+02:00,0.068984
2026-03-30 02:45+02:00,0.065391
2026-03-30 03:00+02:00,0.069494
2026-03-30 03:15+02:00,0.061637
2026-03-30 03:30+02:00,0.068738
2026-03-30 03:45+02:00,
2026-03-30 04:00+02:00,0.077241
2026-03-30 04:15+02:00,0.079978
2026-03-30 04:30+02:00,0.075367
2026-03-30 04:45+02:00,0.066690
2026-03-30 05:00+02:00,0.059447
2026-03-30 05:15+02:00,0.056599
2026-03-30 05:30+02:00,0.072725
2026-03-30 05:45+02:00,0.050058
2026-03-30 06:00+02:00,0.068201
2026-03-30 06:15+02:00,0.078918
2026-03-30 06:30+02:00,0.071101
2026-03-30 06:45+02:00,0.064397
2026-03-30 07:00+02:00,2.377724
2026-03-30 07:15+02:00,2.517383
2026-03-30 07:30+02:00,2.424252
2026-03-30 07:45+02:00,2.398711
2026-03-30 08:00+02:00,2.408550
2026-03-30 08:15+02:00,2.502468
2026-03-30 08:30+02:00,2.171480
2026-03-30 08:45+02:00,2.348109
2026-03-30 09:00+02:00,2.294527
2026-03-30 09:15+02:00,2.292151
2026-03-30 09:30+02:00,2.390162
2026-03-30 09:45+02:00,2.389101
2026-03-30 10:00+02:00,2.546420
2026-03-30 10:15+02:00,2.597484
2026-03-30 10:30+02:00,
2026-03-30 10:45+02:00,2.456427
2026-03-30 11:00+02:00,2.445367
2026-03-30 11:15+02:00,2.482619
2026-03-30 11:30+02:00,2.343767
2026-03-30 11:45+02:00,2.270033
2026-03-30 12:00+02:00,2.450558
2026-03-30 12:15+02:00,2.589595
2026-03-30 12:30+02:00,2.835853
2026-03-30 12:45+02:00,2.452458
2026-03-30 13:00+02:00,2.353331
2026-03-30 13:15+02:00,2.478889
2026-03-30 13:30+02:00,2.251464
2026-03-30 13:45+02:00,2.601992
2026-03-30 14:00+02:00,2.303008
2026-03-30 14:15+02:00,2.355722
2026-03-30 14:30+02:00,2.289889
2026-03-30 14:45+02:00,2.435521
2026-03-30 15:00+02:00,2.204896
2026-03-30 15:15+02:00,2.673588
2026-03-30 15:30+02:00,2.304582
2026-03-30 15:45+02:00,2.348542
2026-03-30 16:00+02:00,2.681214
2026-03-30 16:15+02:00,2.333715
2026-03-30 16:30+02:00,2.136432
2026-03-30 16:45+02:00,2.264424
2026-03-30 17:00+02:00,2.617134
2026-03-30 17:15+02:00,2.355307
2026-03-30 17:30+02:00,2.519910
2026-03-30 17:45+02:00,2.387249
2026-03-30 18:00+02:00,0.055956
2026-03-30 18:15+02:00,0.078486
2026-03-30 18:30+02:00,0.073981
2026-03-30 18:45+02:00,0.047348
2026-03-30 19:00+02:00,0.071205
2026-03-30 19:15+02:00,0.050955
2026-03-30 19:30+02:00,0.064374
2026-03-30 19:45+02:00,0.067872
2026-03-30 20:00+02:00,0.045364
2026-03-30 20:15+02:00,0.062698
2026-03-30 20:30+02:00,0.052805
2026-03-30 20:45+02:00,0.070530
2026-03-30 21:00+02:00,0.072796
2026-03-30 21:15+02:00,0.066314
2026-03-30 21:30+02:00,0.073617
2026-03-30 21:45+02:00,0.050565
2026-03-30 22:00+02:00,0.071338
2026-03-30 22:15+02:00,0.059335
2026-03-30 22:30+02:00,0.060353
2026-03-30 22:45+02:00,0.067169
2026-03-30 23:00+02:00,0.048233
2026-03-30 23:15+02:00,0.060078
2026-03-30 23:30+02:00,
2026-03-30 23:45+02:00,0.064922
2026-03-31 00:00+02:00,0.056166
2026-03-31 00:15+02:00,0.077760
2026-03-31 00:30+02:00,0.066247
2026-03-31 00:45+02:00,0.063364
2026-03-31 01:00+02:00,0.052507
2026-03-31 01:15+02:00,0.000000
2026-03-31 01:30+02:00,0.068666
2026-03-31 01:45+02:00,0.057577
2026-03-31 02:00+02:00,0.061250
2026-03-31 02:15+02:00,0.055916
2026-03-31 02:30+02:00,0.068237
2026-03-31 02:45+02:00,0.076742
2026-03-31 03:00+02:00,0.082031
2026-03-31 03:15+02:00,0.065371
2026-03-31 03:30+02:00,0.069668
2026-03-31 03:45+02:00,0.057885
2026-03-31 04:00+02:00,0.055440
2026-03-31 04:15+02:00,0.070174
2026-03-31 04:30+02:00,0.050672
2026-03-31 04:45+02:00,0.063719
2026-03-31 05:00+02:00,0.043513
2026-03-31 05:15+02:00,0.066162
2026-03-31 05:30+02:00,0.063115
2026-03-31 05:45+02:00,0.067385
2026-03-31 06:00+02:00,0.059492
2026-03-31 06:15+02:00,0.060554
2026-03-31 06:30+02:00,0.064189
2026-03-31 06:45+02:00,0.066936
2026-03-31 07:00+02:00,2.481211
2026-03-31 07:15+02:00,2.440794
2026-03-31 07:30+02:00,2.302167
2026-03-31 07:45+02:00,2.481779
2026-03-31 08:00+02:00,2.577283
2026-03-31 08:15+02:00,2.218175
2026-03-31 08:30+02:00,2.444783
2026-03-31 08:45+02:00,
2026-03-31 09:00+02:00,2.446346
2026-03-31 09:15+02:00,2.332520
2026-03-31 09:30+02:00,2.150507
2026-03-31 09:45+02:00,2.304677
2026-03-31 10:00+02:00,
2026-03-31 10:15+02:00,
2026-03-31 10:30+02:00,2.384226
2026-03-31 10:45+02:00,2.516340
2026-03-31 11:00+02:00,2.151443
2026-03-31 11:15+02:00,2.406163
2026-03-31 11:30+02:00,2.317503
2026-03-31 11:45+02:00,2.465978
2026-03-31 12:00+02:00,2.567723
2026-03-31 12:15+02:00,2.314503
2026-03-31 12:30+02:00,2.294817
2026-03-31 12:45+02:00,2.544123
2026-03-31 13:00+02:00,2.312809
2026-03-31 13:15+02:00,1.906356
2026-03-31 13:30+02:00,
2026-03-31 13:45+02:00,2.398682
2026-03-31 14:00+02:00,2.558320
2026-03-31 14:15+02:00,2.327109
2026-03-31 14:30+02:00,2.439636
2026-03-31 14:45+02:00,2.317072
2026-03-31 15:00+02:00,2.505874
2026-03-31 15:15+02:00,2.476070
2026-03-31 15:30+02:00,2.282253
2026-03-31 15:45+02:00,2.587488
2026-03-31 16:00+02:00,2.489248
2026-03-31 16:15+02:00,2.428652
2026-03-31 16:30+02:00,2.289675
2026-03-31 16:45+02:00,2.345950
2026-03-31 17:00+02:00,2.298389
2026-03-31 17:15+02:00,2.441335
2026-03-31 17:30+02:00,2.252238
2026-03-31 17:45+02:00,2.419090
2026-03-31 18:00+02:00,0.067889
2026-03-31 18:15+02:00,0.064052
2026-03-31 18:30+02:00,0.076371
2026-03-31 18:45+02:00,0.069907
2026-03-31 19:00+02:00,0.063324
2026-03-31 19:15+02:00,0.075003
2026-03-31 19:30+02:00,0.059153
2026-03-31 19:45+02:00,0.067498
2026-03-31 20:00+02:00,0.063800
2026-03-31 20:15+02:00,0.062795
2026-03-31 20:30+02:00,0.060788
2026-03-31 20:45+02:00,0.063610
2026-03-31 21:00+02:00,0.063027
2026-03-31 21:15+02:00,0.057681
2026-03-31 21:30+02:00,0.052074
2026-03-31 21:45+02:00,0.055701
2026-03-31 22:00+02:00,0.063609
2026-03-31 22:15+02:00,0.067170
2026-03-31 22:30+02:00,0.061951
2026-03-31 22:45+02:00,0.000000
2026-03-31 23:00+02:00,0.071732
2026-03-31 23:15+02:00,0.063595
2026-03-31 23:30+02:00,0.065388
2026-03-31 23:45+02:00,0.058415
2026-04-01 00:00+02:00,0.047723
2026-04-01 00:15+02:00,0.056532
2026-04-01 00:30+02:00,0.057157
2026-04-01 00:45+02:00,0.043419
2026-04-01 01:00+02:00,0.062587
2026-04-01 01:15+02:00,0.054912
2026-04-01 01:30+02:00,0.081831
2026-04-01 01:45+02:00,0.068462
2026-04-01 02:00+02:00,0.069473
2026-04-01 02:15+02:00,0.049203
2026-04-01 02:30+02:00,0.066928
2026-04-01 02:45+02:00,0.064879
2026-04-01 03:00+02:00,0.061776
2026-04-01 03:15+02:00,0.078632
2026-04-01 03:30+02:00,0.056690
2026-04-01 03:45+02:00,0.063802
2026-04-01 04:00+02:00,0.045875
2026-04-01 04:15+02:00,0.057784
2026-04-01 04:30+02:00,0.046660
2026-04-01 04:45+02:00,0.081884
2026-04-01 05:00+02:00,0.071310
2026-04-01 05:15+02:00,0.064654
2026-04-01 05:30+02:00,0.072972
2026-04-01 05:45+02:00,0.050377
2026-04-01 06:00+02:00,0.079145
2026-04-01 06:15+02:00,0.071413
2026-04-01 06:30+02:00,0.076754
2026-04-01 06:45+02:00,0.070853
2026-04-01 07:00+02:00,2.506258
2026-04-01 07:15+02:00,2.450470
2026-04-01 07:30+02:00,2.351953
2026-04-01 07:45+02:00,2.177413
2026-04-01 08:00+02:00,2.534189
2026-04-01 08:15+02:00,2.356608
2026-04-01 08:30+02:00,2.348615
2026-04-01 08:45+02:00,2.528606
2026-04-01 09:00+02:00,2.565116
2026-04-01 09:15+02:00,2.354092
2026-04-01 09:30+02:00,2.394284
2026-04-01 09:45+02:00,2.288787
2026-04-01 10:00+02:00,2.296090
2026-04-01 10:15+02:00,2.325941
2026-04-01 10:30+02:00,2.316693
2026-04-01 10:45+02:00,2.422692
2026-04-01 11:00+02:00,2.439223
2026-04-01 11:15+02:00,
2026-04-01 11:30+02:00,2.372071
2026-04-01 11:45+02:00,2.554647
2026-04-01 12:00+02:00,2.361406
2026-04-01 12:15+02:00,2.295396
2026-04-01 12:30+02:00,2.611582
2026-04-01 12:45+02:00,
2026-04-01 13:00+02:00,2.456112
2026-04-01 13:15+02:00,2.327271
2026-04-01 13:30+02:00,2.551100
2026-04-01 13:45+02:00,2.695746
2026-04-01 14:00+02:00,2.570593
2026-04-01 14:15+02:00,2.544169
2026-04-01 14:30+02:00,2.482843
2026-04-01 14:45+02:00,2.582723
2026-04-01 15:00+02:00,2.430661
2026-04-01 15:15+02:00,2.195099
2026-04-01 15:30+02:00,2.320750
2026-04-01 15:45+02:00,2.240482
2026-04-01 16:00+02:00,2.435325
2026-04-01 16:15+02:00,2.346036
2026-04-01 16:30+02:00,2.417424
2026-04-01 16:45+02:00,2.401287
2026-04-01 17:00+02:00,2.370972
2026-04-01 17:15+02:00,2.507419
2026-04-01 17:30+02:00,2.533110
2026-04-01 17:45+02:00,2.564922
2026-04-01 18:00+02:00,
2026-04-01 18:15+02:00,0.061712
2026-04-01 18:30+02:00,0.058038
2026-04-01 18:45+02:00,0.071541
2026-04-01 19:00+02:00,0.061634
2026-04-01 19:15+02:00,0.045298
2026-04-01 19:30+02:00,0.060636
2026-04-01 19:45+02:00,0.065180
2026-04-01 20:00+02:00,0.071334
2026-04-01 20:15+02:00,0.075326
2026-04-01 20:30+02:00,0.067657
2026-04-01 20:45+02:00,0.067932
2026-04-01 21:00+02:00,0.070070
2026-04-01 21:15+02:00,0.057284
2026-04-01 21:30+02:00,0.060657
2026-04-01 21:45+02:00,0.071920
2026-04-01 22:00+02:00,0.059734
2026-04-01 22:15+02:00,0.069371
2026-04-01 22:30+02:00,0.070507
2026-04-01 22:45+02:00,0.071957
2026-04-01 23:00+02:00,0.068787
2026-04-01 23:15+02:00,0.051545
2026-04-01 23:30+02:00,0.066634
2026-04-01 23:45+02:00,0.054441
2026-04-02 00:00+02:00,0.060170
2026-04-02 00:15+02:00,0.062865
2026-04-02 00:30+02:00,0.068986
2026-04-02 00:45+02:00,0.058944
2026-04-02 01:00+02:00,0.072746
2026-04-02 01:15+02:00,0.068083
2026-04-02 01:30+02:00,0.062413
2026-04-02 01:45+02:00,0.084689
2026-04-02 02:00+02:00,0.083158
2026-04-02 02:15+02:00,0.058407
2026-04-02 02:30+02:00,0.052967
2026-04-02 02:45+02:00,0.060487
2026-04-02 03:00+02:00,0.058751
2026-04-02 03:15+02:00,0.054841
2026-04-02 03:30+02:00,0.059789
2026-04-02 03:45+02:00,0.048219
2026-04-02 04:00+02:00,0.064880
2026-04-02 04:15+02:00,0.058494
2026-04-02 04:30+02:00,0.068846
2026-04-02 04:45+02:00,0.070408
2026-04-02 05:00+02:00,0.074935
2026-04-02 05:15+02:00,0.063936
2026-04-02 05:30+02:00,0.073118
2026-04-02 05:45+02:00,0.074292
2026-04-02 06:00+02:00,0.068228
2026-04-02 06:15+02:00,
2026-04-02 06:30+02:00,0.061807
2026-04-02 06:45+02:00,0.053315
2026-04-02 07:00+02:00,2.632007
2026-04-02 07:15+02:00,2.469657
2026-04-02 07:30+02:00,2.377128
2026-04-02 07:45+02:00,2.200968
2026-04-02 08:00+02:00,2.553362
2026-04-02 08:15+02:00,2.414205
2026-04-02 08:30+02:00,2.540338
2026-04-02 08:45+02:00,2.481083
2026-04-02 09:00+02:00,2.659301
2026-04-02 09:15+02:00,2.542083
2026-04-02 09:30+02:00,2.235096
2026-04-02 09:45+02:00,2.322795
2026-04-02 10:00+02:00,2.750766
2026-04-02 10:15+02:00,2.326806
2026-04-02 10:30+02:00,2.471738
2026-04-02 10:45+02:00,2.203138
2026-04-02 11:00+02:00,2.226878
2026-04-02 11:15+02:00,2.494740
2026-04-02 11:30+02:00,2.378778
2026-04-02 11:45+02:00,2.465974
2026-04-02 12:00+02:00,2.475351
2026-04-02 12:15+02:00,2.601359
2026-04-02 12:30+02:00,2.380275
2026-04-02 12:45+02:00,2.568361
2026-04-02 13:00+02:00,2.521223
2026-04-02 13:15+02:00,2.174027
2026-04-02 13:30+02:00,2.255952
2026-04-02 13:45+02:00,2.361404
2026-04-02 14:00+02:00,2.633347
2026-04-02 14:15+02:00,2.439241
2026-04-02 14:30+02:00,2.447777
2026-04-02 14:45+02:00,2.359586
2026-04-02 15:00+02:00,2.191118
2026-04-02 15:15+02:00,2.193028
2026-04-02 15:30+02:00,2.234250
2026-04-02 15:45+02:00,2.419840
2026-04-02 16:00+02:00,2.063432
2026-04-02 16:15+02:00,2.450057
2026-04-02 16:30+02:00,2.162445
2026-04-02 16:45+02:00,2.146224
2026-04-02 17:00+02:00,
2026-04-02 17:15+02:00,2.094555
2026-04-02 17:30+02:00,2.324367
2026-04-02 17:45+02:00,
2026-04-02 18:00+02:00,
2026-04-02 18:15+02:00,0.060849
2026-04-02 18:30+02:00,0.057481
2026-04-02 18:45+02:00,0.052131
2026-04-02 19:00+02:00,0.064469
2026-04-02 19:15+02:00,0.064796
2026-04-02 19:30+02:00,0.047942
2026-04-02 19:45+02:00,0.088944
2026-04-02 20:00+02:00,0.054538
2026-04-02 20:15+02:00,0.050248
2026-04-02 20:30+02:00,0.074588
2026-04-02 20:45+02:00,0.055736
2026-04-02 21:00+02:00,0.063333
2026-04-02 21:15+02:00,0.054891
2026-04-02 21:30+02:00,0.074469
2026-04-02 21:45+02:00,0.059422
2026-04-02 22:00+02:00,0.064247
2026-04-02 22:15+02:00,0.058123
2026-04-02 22:30+02:00,0.070007
2026-04-02 22:45+02:00,0.062913
2026-04-02 23:00+02:00,0.060150
2026-04-02 23:15+02:00,0.065892
2026-04-02 23:30+02:00,0.063303
2026-04-02 23:45+02:00,0.065494
2026-04-03 00:00+02:00,0.065081
2026-04-03 00:15+02:00,0.069578
2026-04-03 00:30+02:00,0.057067
2026-04-03 00:45+02:00,0.060802
2026-04-03 01:00+02:00,0.065989
2026-04-03 01:15+02:00,0.056922
2026-04-03 01:30+02:00,0.043990
2026-04-03 01:45+02:00,0.050946
2026-04-03 02:00+02:00,0.067960
2026-04-03 02:15+02:00,0.061680
2026-04-03 02:30+02:00,0.051543
2026-04-03 02:45+02:00,0.047221
2026-04-03 03:00+02:00,0.054128
2026-04-03 03:15+02:00,0.069888
2026-04-03 03:30+02:00,0.058859
2026-04-03 03:45+02:00,0.058731
2026-04-03 04:00+02:00,0.060016
2026-04-03 04:15+02:00,0.041961
2026-04-03 04:30+02:00,0.000000
2026-04-03 04:45+02:00,0.054808
2026-04-03 05:00+02:00,0.077746
2026-04-03 05:15+02:00,0.044819
2026-04-03 05:30+02:00,0.073336
2026-04-03 05:45+02:00,0.058183
2026-04-03 06:00+02:00,0.074128
2026-04-03 06:15+02:00,0.064599
2026-04-03 06:30+02:00,0.072947
2026-04-03 06:45+02:00,0.058462
2026-04-03 07:00+02:00,2.487429
2026-04-03 07:15+02:00,2.473662
2026-04-03 07:30+02:00,2.485975
2026-04-03 07:45+02:00,2.235604
2026-04-03 08:00+02:00,2.460862
2026-04-03 08:15+02:00,2.534526
2026-04-03 08:30+02:00,2.474181
2026-04-03 08:45+02:00,2.254707
2026-04-03 09:00+02:00,2.388610
2026-04-03 09:15+02:00,2.429238
2026-04-03 09:30+02:00,2.471924
2026-04-03 09:45+02:00,2.291324
2026-04-03 10:00+02:00,2.495158
2026-04-03 10:15+02:00,2.218768
2026-04-03 10:30+02:00,2.656039
2026-04-03 10:45+02:00,
2026-04-03 11:00+02:00,2.444076
2026-04-03 11:15+02:00,2.169861
2026-04-03 11:30+02:00,2.359590
2026-04-03 11:45+02:00,2.345218
2026-04-03 12:00+02:00,2.526615
2026-04-03 12:15+02:00,2.369621
2026-04-03 12:30+02:00,2.549395
2026-04-03 12:45+02:00,2.717150
2026-04-03 13:00+02:00,2.525876
2026-04-03 13:15+02:00,2.285667
2026-04-03 13:30+02:00,2.472293
2026-04-03 13:45+02:00,2.505459
2026-04-03 14:00+02:00,2.433776
2026-04-03 14:15+02:00,2.221947
2026-04-03 14:30+02:00,2.365157
2026-04-03 14:45+02:00,2.475725
2026-04-03 15:00+02:00,2.721835
2026-04-03 15:15+02:00,2.382510
2026-04-03 15:30+02:00,2.609152
2026-04-03 15:45+02:00,2.341637
2026-04-03 16:00+02:00,2.540645
2026-04-03 16:15+02:00,2.371802
2026-04-03 16:30+02:00,2.309985
2026-04-03 16:45+02:00,2.444783
2026-04-03 17:00+02:00,2.592304
2026-04-03 17:15+02:00,2.576792
2026-04-03 17:30+02:00,2.525548
2026-04-03 17:45+02:00,2.461693
2026-04-03 18:00+02:00,0.069810
2026-04-03 18:15+02:00,0.085186
2026-04-03 18:30+02:00,0.059721
2026-04-03 18:45+02:00,0.058452
2026-04-03 19:00+02:00,0.081195
2026-04-03 19:15+02:00,0.064479
2026-04-03 19:30+02:00,0.079445
2026-04-03 19:45+02:00,0.060857
2026-04-03 20:00+02:00,0.080829
2026-04-03 20:15+02:00,0.059040
2026-04-03 20:30+02:00,0.059817
2026-04-03 20:45+02:00,0.081039
2026-04-03 21:00+02:00,
2026-04-03 21:15+02:00,0.051156
2026-04-03 21:30+02:00,0.048452
2026-04-03 21:45+02:00,0.069157
2026-04-03 22:00+02:00,0.039432
2026-04-03 22:15+02:00,0.063759
2026-04-03 22:30+02:00,0.057667
2026-04-03 22:45+02:00,0.060294
2026-04-03 23:00+02:00,0.076484
2026-04-03 23:15+02:00,0.058152
2026-04-03 23:30+02:00,0.064237
2026-04-03 23:45+02:00,0.067204
2026-04-04 00:00+02:00,0.072512
2026-04-04 00:15+02:00,0.057020
2026-04-04 00:30+02:00,0.051360
2026-04-04 00:45+02:00,0.049085
2026-04-04 01:00+02:00,0.060948
2026-04-04 01:15+02:00,0.030878
2026-04-04 01:30+02:00,0.039589
2026-04-04 01:45+02:00,0.057217
2026-04-04 02:00+02:00,0.042898
2026-04-04 02:15+02:00,0.041826
2026-04-04 02:30+02:00,0.055385
2026-04-04 02:45+02:00,0.056678
2026-04-04 03:00+02:00,0.038991
2026-04-04 03:15+02:00,0.052210
2026-04-04 03:30+02:00,0.046060
2026-04-04 03:45+02:00,0.044548
2026-04-04 04:00+02:00,0.052736
2026-04-04 04:15+02:00,0.054358
2026-04-04 04:30+02:00,0.036495
2026-04-04 04:45+02:00,0.052392
2026-04-04 05:00+02:00,0.040507
2026-04-04 05:15+02:00,0.033383
2026-04-04 05:30+02:00,0.053043
2026-04-04 05:45+02:00,0.055730
2026-04-04 06:00+02:00,0.047435
2026-04-04 06:15+02:00,0.052329
2026-04-04 06:30+02:00,0.049039
2026-04-04 06:45+02:00,0.044387
2026-04-04 07:00+02:00,0.047200
2026-04-04 07:15+02:00,0.041011
2026-04-04 07:30+02:00,0.054575
2026-04-04 07:45+02:00,0.064475
2026-04-04 08:00+02:00,0.052257
2026-04-04 08:15+02:00,0.059611
2026-04-04 08:30+02:00,0.058588
2026-04-04 08:45+02:00,0.034032
2026-04-04 09:00+02:00,0.052582
2026-04-04 09:15+02:00,0.033938
2026-04-04 09:30+02:00,0.049405
2026-04-04 09:45+02:00,0.038182
2026-04-04 10:00+02:00,0.048935
2026-04-04 10:15+02:00,0.060322
2026-04-04 10:30+02:00,0.035832
2026-04-04 10:45+02:00,0.043776
2026-04-04 11:00+02:00,0.037668
2026-04-04 11:15+02:00,0.054650
2026-04-04 11:30+02:00,0.050876
2026-04-04 11:45+02:00,0.051073
2026-04-04 12:00+02:00,0.052554
2026-04-04 12:15+02:00,0.057647
2026-04-04 12:30+02:00,0.048038
2026-04-04 12:45+02:00,0.044541
2026-04-04 13:00+02:00,0.041970
2026-04-04 13:15+02:00,0.049075
2026-04-04 13:30+02:00,0.047997
2026-04-04 13:45+02:00,0.052495
2026-04-04 14:00+02:00,0.049240
2026-04-04 14:15+02:00,0.056026
2026-04-04 14:30+02:00,0.042772
2026-04-04 14:45+02:00,0.044529
2026-04-04 15:00+02:00,0.039416
2026-04-04 15:15+02:00,0.045825
2026-04-04 15:30+02:00,0.056099
2026-04-04 15:45+02:00,0.049494
2026-04-04 16:00+02:00,0.042503
2026-04-04 16:15+02:00,0.044994
2026-04-04 16:30+02:00,0.047415
2026-04-04 16:45+02:00,0.053019
2026-04-04 17:00+02:00,0.059575
2026-04-04 17:15+02:00,0.044435
2026-04-04 17:30+02:00,0.037705
2026-04-04 17:45+02:00,0.047977
2026-04-04 18:00+02:00,0.044430
2026-04-04 18:15+02:00,0.043223
2026-04-04 18:30+02:00,0.049637
2026-04-04 18:45+02:00,0.045334
2026-04-04 19:00+02:00,0.047964
2026-04-04 19:15+02:00,0.056930
2026-04-04 19:30+02:00,0.029432
2026-04-04 19:45+02:00,0.046284
2026-04-04 20:00+02:00,0.048096
2026-04-04 20:15+02:00,0.039966
2026-04-04 20:30+02:00,0.053803
2026-04-04 20:45+02:00,0.052048
2026-04-04 21:00+02:00,0.061195
2026-04-04 21:15+02:00,0.039393
2026-04-04 21:30+02:00,0.044766
2026-04-04 21:45+02:00,0.046399
2026-04-04 22:00+02:00,0.040755
2026-04-04 22:15+02:00,0.045323
2026-04-04 22:30+02:00,0.047597
2026-04-04 22:45+02:00,0.057326
2026-04-04 23:00+02:00,0.042533
2026-04-04 23:15+02:00,0.050731
2026-04-04 23:30+02:00,0.050141
2026-04-04 23:45+02:00,0.054264
2026-04-05 00:00+02:00,0.041835
