timestamp,value_kwh
2026-01-05 00:15+01:00,0.002266
2026-01-05 00:30+01:00,0.002441
2026-01-05 00:45+01:00,0.002773
2026-01-05 01:00+01:00,0.002034
2026-01-05 01:15+01:00,0.003344
2026-01-05 01:30+01:00,0.001883
2026-01-05 01:45+01:00,0.000000
2026-01-05 02:00+01:00,0.002919
2026-01-05 02:15+01:00,0.002127
2026-01-05 02:30+01:00,0.002466
2026-01-05 02:45+01:00,0.001599
2026-01-05 03:00+01:00,0.002301
2026-01-05 03:15+01:00,0.002329
2026-01-05 03:30+01:00,0.002202
2026-01-05 03:45+01:00,0.002203
2026-01-05 04:00+01:00,0.002911
2026-01-05 04:15+01:00,0.002802
2026-01-05 04:30+01:00,0.002406
2026-01-05 04:45+01:00,0.001498
2026-01-05 05:00+01:00,0.002713
2026-01-05 05:15+01:00,0.003555
2026-01-05 05:30+01:00,0.001659
2026-01-05 05:45+01:00,0.002434
2026-01-05 06:00+01:00,0.002946
2026-01-05 06:15+01:00,0.001786
2026-01-05 06:30+01:00,0.002426
2026-01-05 06:45+01:00,0.002561
2026-01-05 07:00+01:00,0.146294
2026-01-05 07:15+01:00,0.127139
2026-01-05 07:30+01:00,0.121281
2026-01-05 07:45+01:00,0.157391
2026-01-05 08:00+01:00,0.127155
2026-01-05 08:15+01:00,0.127212
2026-01-05 08:30+01:00,0.153235
2026-01-05 08:45+01:00,0.123579
2026-01-05 09:00+01:00,0.149143
2026-01-05 09:15+01:00,0.133703
2026-01-05 09:30+01:00,0.139706
2026-01-05 09:45+01:00,0.121977
2026-01-05 10:00+01:00,0.119457
2026-01-05 10:15+01:00,0.095106
2026-01-05 10:30+01:00,0.128658
2026-01-05 10:45+01:00,
2026-01-05 11:00+01:00,0.116302
2026-01-05 11:15+01:00,0.130097
2026-01-05 11:30+01:00,0.119989
2026-01-05 11:45+01:00,0.141902
2026-01-05 12:00+01:00,0.121845
2026-01-05 12:15+01:00,0.133639
2026-01-05 12:30+01:00,0.131516
2026-01-05 12:45+01:00,0.140254
2026-01-05 13:00+01:00,0.140420
2026-01-05 13:15+01:00,0.099687
2026-01-05 13:30+01:00,0.105449
2026-01-05 13:45+01:00,0.142232
2026-01-05 14:00+01:00,0.139548
2026-01-05 14:15+01:00,0.141568
2026-01-05 14:30+01:00,0.130225
2026-01-05 14:45+01:00,0.143112
2026-01-05 15:00+01:00,0.085061
2026-01-05 15:15+01:00,0.113083
2026-01-05 15:30+01:00,0.147567
2026-01-05 15:45+01:00,0.137435
2026-01-05 16:00+01:00,0.113823
2026-01-05 16:15+01:00,0.101591
2026-01-05 16:30+01:00,0.099899
2026-01-05 16:45+01:00,0.098527
2026-01-05 17:00+01:00,0.122078
2026-01-05 17:15+01:00,0.145893
2026-01-05 17:30+01:00,0.104167
2026-01-05 17:45+01:00,0.135045
2026-01-05 18:00+01:00,0.002415
2026-01-05 18:15+01:00,0.002861
2026-01-05 18:30+01:00,0.000000
2026-01-05 18:45+01:00,0.002841
2026-01-05 19:00+01:00,0.002003
2026-01-05 19:15+01:00,0.002589
2026-01-05 19:30+01:00,0.003191
2026-01-05 19:45+01:00,0.003268
2026-01-05 20:00+01:00,0.002813
2026-01-05 20:15+01:00,0.003441
2026-01-05 20:30+01:00,0.002955
2026-01-05 20:45+01:00,0.001803
2026-01-05 21:00+01:00,0.002737
2026-01-05 21:15+01:00,0.002139
2026-01-05 21:30+01:00,0.001710
2026-01-05 21:45+01:00,0.002923
2026-01-05 22:00+01:00,0.003570
2026-01-05 22:15+01:00,0.002245
2026-01-05 22:30+01:00,0.003153
2026-01-05 22:45+01:00,0.001604
2026-01-05 23:00+01:00,0.002728
2026-01-05 23:15+01:00,0.002630
2026-01-05 23:30+01:00,0.003154
2026-01-05 23:45+01:00,0.002395
2026-01-06 00:00+01:00,0.002031
2026-01-06 00:15+01:00,0.003092
2026-01-06 00:30+01:00,0.002758
2026-01-06 00:45+01:00,0.002760
2026-01-06 01:00+01:00,0.003127
2026-01-06 01:15+01:00,0.002063
2026-01-06 01:30+01:00,0.002812
2026-01-06 01:45+01:00,0.002295
2026-01-06 02:00+01:00,0.002654
2026-01-06 02:15+01:00,0.002447
2026-01-06 02:30+01:00,0.002665
2026-01-06 02:45+01:00,0.003640
2026-01-06 03:00+01:00,0.003219
2026-01-06 03:15+01:00,0.002951
2026-01-06 03:30+01:00,0.001782
2026-01-06 03:45+01:00,0.003667
2026-01-06 04:00+01:00,0.001255
2026-01-06 04:15+01:00,0.000000
2026-01-06 04:30+01:00,0.002682
2026-01-06 04:45+01:00,0.001948
2026-01-06 05:00+01:00,0.000000
2026-01-06 05:15+01:00,0.001727
2026-01-06 05:30+01:00,0.002420
2026-01-06 05:45+01:00,0.002988
2026-01-06 06:00+01:00,0.002827
2026-01-06 06:15+01:00,0.003878
2026-01-06 06:30+01:00,0.002335
2026-01-06 06:45+01:00,0.000000
2026-01-06 07:00+01:00,0.145485
2026-01-06 07:15+01:00,0.126616
2026-01-06 07:30+01:00,0.123466
2026-01-06 07:45+01:00,0.104120
2026-01-06 08:00+01:00,0.126271
2026-01-06 08:15+01:00,0.151016
2026-01-06 08:30+01:00,0.137255
2026-01-06 08:45+01:00,0.129237
2026-01-06 09:00+01:00,0.130299
2026-01-06 09:15+01:00,0.136947
2026-01-06 09:30+01:00,0.130735
2026-01-06 09:45+01:00,0.082553
2026-01-06 10:00+01:00,0.130597
2026-01-06 10:15+01:00,0.149173
2026-01-06 10:30+01:00,0.140078
2026-01-06 10:45+01:00,0.128562
2026-01-06 11:00+01:00,0.122023
2026-01-06 11:15+01:00,0.136615
2026-01-06 11:30+01:00,0.131995
2026-01-06 11:45+01:00,0.124941
2026-01-06 12:00+01:00,0.159406
2026-01-06 12:15+01:00,0.118857
2026-01-06 12:30+01:00,0.154653
2026-01-06 12:45+01:00,0.129387
2026-01-06 13:00+01:00,0.151397
2026-01-06 13:15+01:00,0.114246
2026-01-06 13:30+01:00,0.119059
2026-01-06 13:45+01:00,0.147375
2026-01-06 14:00+01:00,0.139509
2026-01-06 14:15+01:00,0.162474
2026-01-06 14:30+01:00,0.137462
2026-01-06 14:45+01:00,0.120390
2026-01-06 15:00+01:00,0.166172
2026-01-06 15:15+01:00,0.129526
2026-01-06 15:30+01:00,0.110290
2026-01-06 15:45+01:00,0.129894
2026-01-06 16:00+01:00,0.118321
2026-01-06 16:15+01:00,0.122622
2026-01-06 16:30+01:00,0.124597
2026-01-06 16:45+01:00,0.148903
2026-01-06 17:00+01:00,0.127293
2026-01-06 17:15+01:00,0.135003
2026-01-06 17:30+01:00,0.128490
2026-01-06 17:45+01:00,0.118624
2026-01-06 18:00+01:00,0.002328
2026-01-06 18:15+01:00,0.003228
2026-01-06 18:30+01:00,0.019624
2026-01-06 18:45+01:00,0.003105
2026-01-06 19:00+01:00,0.001773
2026-01-06 19:15+01:00,0.002818
2026-01-06 19:30+01:00,0.000000
2026-01-06 19:45+01:00,0.003204
2026-01-06 20:00+01:00,0.002633
2026-01-06 20:15+01:00,0.002561
2026-01-06 20:30+01:00,0.000000
2026-01-06 20:45+01:00,0.002560
2026-01-06 21:00+01:00,0.002834
2026-01-06 21:15+01:00,0.002371
2026-01-06 21:30+01:00,
2026-01-06 21:45+01:00,0.002069
2026-01-06 22:00+01:00,0.000000
2026-01-06 22:15+01:00,0.002754
2026-01-06 22:30+01:00,0.000000
2026-01-06 22:45+01:00,0.002991
2026-01-06 23:00+01:00,0.002988
2026-01-06 23:15+01:00,0.002043
2026-01-06 23:30+01:00,0.001911
2026-01-06 23:45+01:00,0.002919
2026-01-07 00:00+01:00,0.002040
2026-01-07 00:15+01:00,0.002673
2026-01-07 00:30+01:00,0.003018
2026-01-07 00:45+01:00,0.001647
2026-01-07 01:00+01:00,0.003058
2026-01-07 01:15+01:00,0.003625
2026-01-07 01:30+01:00,0.003064
2026-01-07 01:45+01:00,0.003401
2026-01-07 02:00+01:00,0.001228
2026-01-07 02:15+01:00,0.000000
2026-01-07 02:30+01:00,0.003225
2026-01-07 02:45+01:00,0.002604
2026-01-07 03:00+01:00,0.003767
2026-01-07 03:15+01:00,0.002463
2026-01-07 03:30+01:00,
2026-01-07 03:45+01:00,0.002692
2026-01-07 04:00+01:00,0.000903
2026-01-07 04:15+01:00,0.002592
2026-01-07 04:30+01:00,0.002097
2026-01-07 04:45+01:00,0.003476
2026-01-07 05:00+01:00,0.001984
2026-01-07 05:15+01:00,0.002884
2026-01-07 05:30+01:00,0.002305
2026-01-07 05:45+01:00,0.003636
2026-01-07 06:00+01:00,0.000607
2026-01-07 06:15+01:00,0.002606
2026-01-07 06:30+01:00,0.003341
2026-01-07 06:45+01:00,0.003189
2026-01-07 07:00+01:00,
2026-01-07 07:15+01:00,0.127041
2026-01-07 07:30+01:00,0.112083
2026-01-07 07:45+01:00,0.096193
2026-01-07 08:00+01:00,0.116068
2026-01-07 08:15+01:00,0.140924
2026-01-07 08:30+01:00,0.114028
2026-01-07 08:45+01:00,0.152025
2026-01-07 09:00+01:00,0.135194
2026-01-07 09:15+01:00,0.130477
2026-01-07 09:30+01:00,0.102897
2026-01-07 09:45+01:00,0.149975
2026-01-07 10:00+01:00,0.121332
2026-01-07 10:15+01:00,0.127980
2026-01-07 10:30+01:00,0.158966
2026-01-07 10:45+01:00,0.126774
2026-01-07 11:00+01:00,0.126936
2026-01-07 11:15+01:00,0.142633
2026-01-07 11:30+01:00,0.110153
2026-01-07 11:45+01:00,0.155236
2026-01-07 12:00+01:00,0.158733
2026-01-07 12:15+01:00,0.126082
2026-01-07 12:30+01:00,0.143779
2026-01-07 12:45+01:00,0.143219
2026-01-07 13:00+01:00,0.125019
2026-01-07 13:15+01:00,0.126008
2026-01-07 13:30+01:00,0.132158
2026-01-07 13:45+01:00,0.136599
2026-01-07 14:00+01:00,0.124951
2026-01-07 14:15+01:00,
2026-01-07 14:30+01:00,0.127517
2026-01-07 14:45+01:00,0.148620
2026-01-07 15:00+01:00,0.126472
2026-01-07 15:15+01:00,0.124909
2026-01-07 15:30+01:00,0.129835
2026-01-07 15:45+01:00,0.111302
2026-01-07 16:00+01:00,0.114424
2026-01-07 16:15+01:00,0.131781
2026-01-07 16:30+01:00,0.135134
2026-01-07 16:45+01:00,0.155037
2026-01-07 17:00+01:00,0.106724
2026-01-07 17:15+01:00,0.135469
2026-01-07 17:30+01:00,0.128208
2026-01-07 17:45+01:00,0.120969
2026-01-07 18:00+01:00,0.003591
2026-01-07 18:15+01:00,0.002652
2026-01-07 18:30+01:00,0.003132
2026-01-07 18:45+01:00,0.002219
2026-01-07 19:00+01:00,
2026-01-07 19:15+01:00,0.001240
2026-01-07 19:30+01:00,0.002847
2026-01-07 19:45+01:00,0.002368
2026-01-07 20:00+01:00,0.002249
2026-01-07 20:15+01:00,0.002516
2026-01-07 20:30+01:00,0.003146
2026-01-07 20:45+01:00,0.003374
2026-01-07 21:00+01:00,0.002931
2026-01-07 21:15+01:00,0.002066
2026-01-07 21:30+01:00,0.002229
2026-01-07 21:45+01:00,0.002433
2026-01-07 22:00+01:00,0.003024
2026-01-07 22:15+01:00,0.002642
2026-01-07 22:30+01:00,0.002810
2026-01-07 22:45+01:00,0.000000
2026-01-07 23:00+01:00,0.002000
2026-01-07 23:15+01:00,0.001990
2026-01-07 23:30+01:00,0.003548
2026-01-07 23:45+01:00,0.002649
2026-01-08 00:00+01:00,0.001795
2026-01-08 00:15+01:00,0.000000
2026-01-08 00:30+01:00,0.002298
2026-01-08 00:45+01:00,0.002218
2026-01-08 01:00+01:00,0.001677
2026-01-08 01:15+01:00,0.001903
2026-01-08 01:30+01:00,0.003063
2026-01-08 01:45+01:00,0.002823
2026-01-08 02:00+01:00,0.002571
2026-01-08 02:15+01:00,0.002470
2026-01-08 02:30+01:00,0.001714
2026-01-08 02:45+01:00,0.002275
2026-01-08 03:00+01:00,0.002548
2026-01-08 03:15+01:00,0.002298
2026-01-08 03:30+01:00,0.003181
2026-01-08 03:45+01:00,0.000000
2026-01-08 04:00+01:00,0.002901
2026-01-08 04:15+01:00,0.002994
2026-01-08 04:30+01:00,0.003257
2026-01-08 04:45+01:00,0.002682
2026-01-08 05:00+01:00,0.000000
2026-01-08 05:15+01:00,0.000000
2026-01-08 05:30+01:00,0.002596
2026-01-08 05:45+01:00,0.003032
2026-01-08 06:00+01:00,0.003079
2026-01-08 06:15+01:00,0.001665
2026-01-08 06:30+01:00,
2026-01-08 06:45+01:00,0.002835
2026-01-08 07:00+01:00,0.136863
2026-01-08 07:15+01:00,0.128229
2026-01-08 07:30+01:00,0.129869
2026-01-08 07:45+01:00,0.104733
2026-01-08 08:00+01:00,0.118538
2026-01-08 08:15+01:00,0.129712
2026-01-08 08:30+01:00,0.124391
2026-01-08 08:45+01:00,0.138164
2026-01-08 09:00+01:00,0.130912
2026-01-08 09:15+01:00,0.124570
2026-01-08 09:30+01:00,0.133954
2026-01-08 09:45+01:00,0.115570
2026-01-08 10:00+01:00,0.141629
2026-01-08 10:15+01:00,0.139406
2026-01-08 10:30+01:00,0.141026
2026-01-08 10:45+01:00,0.137832
2026-01-08 11:00+01:00,0.142539
2026-01-08 11:15+01:00,0.147685
2026-01-08 11:30+01:00,0.139260
2026-01-08 11:45+01:00,0.100993
2026-01-08 12:00+01:00,0.143048
2026-01-08 12:15+01:00,0.122169
2026-01-08 12:30+01:00,0.101511
2026-01-08 12:45+01:00,0.122904
2026-01-08 13:00+01:00,
2026-01-08 13:15+01:00,0.145073
2026-01-08 13:30+01:00,0.129174
2026-01-08 13:45+01:00,0.131918
2026-01-08 14:00+01:00,0.120807
2026-01-08 14:15+01:00,0.150033
2026-01-08 14:30+01:00,0.113985
2026-01-08 14:45+01:00,0.124748
2026-01-08 15:00+01:00,0.112003
2026-01-08 15:15+01:00,0.147342
2026-01-08 15:30+01:00,0.154212
2026-01-08 15:45+01:00,0.108953
2026-01-08 16:00+01:00,0.123010
2026-01-08 16:15+01:00,0.132973
2026-01-08 16:30+01:00,0.156030
2026-01-08 16:45+01:00,0.143100
2026-01-08 17:00+01:00,0.108131
2026-01-08 17:15+01:00,0.136333
2026-01-08 17:30+01:00,0.122001
2026-01-08 17:45+01:00,0.110487
2026-01-08 18:00+01:00,0.001319
2026-01-08 18:15+01:00,0.002867
2026-01-08 18:30+01:00,0.003044
2026-01-08 18:45+01:00,0.002157
2026-01-08 19:00+01:00,0.002408
2026-01-08 19:15+01:00,0.002654
2026-01-08 19:30+01:00,0.002296
2026-01-08 19:45+01:00,0.003006
2026-01-08 20:00+01:00,0.003019
2026-01-08 20:15+01:00,0.000000
2026-01-08 20:30+01:00,0.002468
2026-01-08 20:45+01:00,0.002217
2026-01-08 21:00+01:00,0.002212
2026-01-08 21:15+01:00,0.002821
2026-01-08 21:30+01:00,
2026-01-08 21:45+01:00,0.001737
2026-01-08 22:00+01:00,0.002795
2026-01-08 22:15+01:00,0.001967
2026-01-08 22:30+01:00,0.002779
2026-01-08 22:45+01:00,0.001191
2026-01-08 23:00+01:00,0.002608
2026-01-08 23:15+01:00,0.002271
2026-01-08 23:30+01:00,0.003573
2026-01-08 23:45+01:00,0.002536
2026-01-09 00:00+01:00,
2026-01-09 00:15+01:00,0.003514
2026-01-09 00:30+01:00,0.002566
2026-01-09 00:45+01:00,0.002676
2026-01-09 01:00+01:00,0.001461
2026-01-09 01:15+01:00,0.002642
2026-01-09 01:30+01:00,0.000000
2026-01-09 01:45+01:00,0.002085
2026-01-09 02:00+01:00,0.001343
2026-01-09 02:15+01:00,0.001923
2026-01-09 02:30+01:00,0.002724
2026-01-09 02:45+01:00,0.002498
2026-01-09 03:00+01:00,0.001997
2026-01-09 03:15+01:00,0.001653
2026-01-09 03:30+01:00,0.002893
2026-01-09 03:45+01:00,0.002824
2026-01-09 04:00+01:00,0.002458
2026-01-09 04:15+01:00,0.002486
2026-01-09 04:30+01:00,0.000000
2026-01-09 04:45+01:00,0.009727
2026-01-09 05:00+01:00,0.014805
2026-01-09 05:15+01:00,0.000000
2026-01-09 05:30+01:00,
2026-01-09 05:45+01:00,0.002646
2026-01-09 06:00+01:00,0.001823
2026-01-09 06:15+01:00,0.000000
2026-01-09 06:30+01:00,0.003367
2026-01-09 06:45+01:00,0.002325
2026-01-09 07:00+01:00,0.117740
2026-01-09 07:15+01:00,0.125959
2026-01-09 07:30+01:00,0.122100
2026-01-09 07:45+01:00,0.106879
2026-01-09 08:00+01:00,0.149501
2026-01-09 08:15+01:00,0.128432
2026-01-09 08:30+01:00,0.140911
2026-01-09 08:45+01:00,0.127547
2026-01-09 09:00+01:00,0.104340
2026-01-09 09:15+01:00,0.149831
2026-01-09 09:30+01:00,0.138943
2026-01-09 09:45+01:00,0.118172
2026-01-09 10:00+01:00,0.117028
2026-01-09 10:15+01:00,0.111779
2026-01-09 10:30+01:00,0.119088
2026-01-09 10:45+01:00,0.139760
2026-01-09 11:00+01:00,0.086497
2026-01-09 11:15+01:00,0.125564
2026-01-09 11:30+01:00,0.158797
2026-01-09 11:45+01:00,0.170049
2026-01-09 12:00+01:00,0.134854
2026-01-09 12:15+01:00,0.095357
2026-01-09 12:30+01:00,0.144046
2026-01-09 12:45+01:00,0.130272
2026-01-09 13:00+01:00,0.140658
2026-01-09 13:15+01:00,0.121656
2026-01-09 13:30+01:00,0.123925
2026-01-09 13:45+01:00,0.111331
2026-01-09 14:00+01:00,0.142509
2026-01-09 14:15+01:00,0.132358
2026-01-09 14:30+01:00,0.117315
2026-01-09 14:45+01:00,0.115602
2026-01-09 15:00+01:00,0.136317
2026-01-09 15:15+01:00,0.122693
2026-01-09 15:30+01:00,0.123696
2026-01-09 15:45+01:00,0.123081
2026-01-09 16:00+01:00,0.142458
2026-01-09 16:15+01:00,0.117282
2026-01-09 16:30+01:00,0.133944
2026-01-09 16:45+01:00,0.116771
2026-01-09 17:00+01:00,0.098916
2026-01-09 17:15+01:00,0.141933
2026-01-09 17:30+01:00,0.133457
2026-01-09 17:45+01:00,0.119203
2026-01-09 18:00+01:00,0.003003
2026-01-09 18:15+01:00,0.003173
2026-01-09 18:30+01:00,0.000000
2026-01-09 18:45+01:00,0.002341
2026-01-09 19:00+01:00,0.002467
2026-01-09 19:15+01:00,0.002389
2026-01-09 19:30+01:00,0.002193
2026-01-09 19:45+01:00,0.002729
2026-01-09 20:00+01:00,0.002486
2026-01-09 20:15+01:00,0.002939
2026-01-09 20:30+01:00,0.002999
2026-01-09 20:45+01:00,0.002364
2026-01-09 21:00+01:00,0.002726
2026-01-09 21:15+01:00,0.002180
2026-01-09 21:30+01:00,0.000000
2026-01-09 21:45+01:00,0.004021
2026-01-09 22:00+01:00,0.002418
2026-01-09 22:15+01:00,0.002064
2026-01-09 22:30+01:00,0.002135
2026-01-09 22:45+01:00,0.001147
2026-01-09 23:00+01:00,0.000000
2026-01-09 23:15+01:00,0.002761
2026-01-09 23:30+01:00,0.002504
2026-01-09 23:45+01:00,0.000000
2026-01-10 00:00+01:00,0.003098
2026-01-10 00:15+01:00,0.001061
2026-01-10 00:30+01:00,0.000000
2026-01-10 00:45+01:00,
2026-01-10 01:00+01:00,0.001859
2026-01-10 01:15+01:00,0.001438
2026-01-10 01:30+01:00,0.001338
2026-01-10 01:45+01:00,0.001358
2026-01-10 02:00+01:00,0.000766
2026-01-10 02:15+01:00,0.001241
2026-01-10 02:30+01:00,0.001327
2026-01-10 02:45+01:00,0.001310
2026-01-10 03:00+01:00,0.000737
2026-01-10 03:15+01:00,0.001050
2026-01-10 03:30+01:00,0.000643
2026-01-10 03:45+01:00,0.001773
2026-01-10 04:00+01:00,0.001983
2026-01-10 04:15+01:00,0.001243
2026-01-10 04:30+01:00,0.000000
2026-01-10 04:45+01:00,0.001513
2026-01-10 05:00+01:00,0.001660
2026-01-10 05:15+01:00,0.001640
2026-01-10 05:30+01:00,0.001438
2026-01-10 05:45+01:00,0.001533
2026-01-10 06:00+01:00,0.001510
2026-01-10 06:15+01:00,0.001316
2026-01-10 06:30+01:00,0.002048
2026-01-10 06:45+01:00,0.001793
2026-01-10 07:00+01:00,0.001435
2026-01-10 07:15+01:00,0.001469
2026-01-10 07:30+01:00,0.001022
2026-01-10 07:45+01:00,0.001509
2026-01-10 08:00+01:00,0.001579
2026-01-10 08:15+01:00,0.002004
2026-01-10 08:30+01:00,0.002047
2026-01-10 08:45+01:00,0.001655
2026-01-10 09:00+01:00,0.001739
2026-01-10 09:15+01:00,0.001161
2026-01-10 09:30+01:00,0.001523
2026-01-10 09:45+01:00,0.001674
2026-01-10 10:00+01:00,0.001652
2026-01-10 10:15+01:00,0.001225
2026-01-10 10:30+01:00,0.000000
2026-01-10 10:45+01:00,0.001900
2026-01-10 11:00+01:00,0.001946
2026-01-10 11:15+01:00,0.001676
2026-01-10 11:30+01:00,0.001422
2026-01-10 11:45+01:00,0.001775
2026-01-10 12:00+01:00,0.001785
2026-01-10 12:15+01:00,0.001627
2026-01-10 12:30+01:00,0.001088
2026-01-10 12:45+01:00,0.001753
2026-01-10 13:00+01:00,0.002023
2026-01-10 13:15+01:00,0.001346
2026-01-10 13:30+01:00,0.001112
2026-01-10 13:45+01:00,
2026-01-10 14:00+01:00,0.001462
2026-01-10 14:15+01:00,0.001752
2026-01-10 14:30+01:00,0.001456
2026-01-10 14:45+01:00,0.001438
2026-01-10 15:00+01:00,0.001970
2026-01-10 15:15+01:00,0.001381
2026-01-10 15:30+01:00,0.001545
2026-01-10 15:45+01:00,0.001509
2026-01-10 16:00+01:00,
2026-01-10 16:15+01:00,0.001117
2026-01-10 16:30+01:00,0.001207
2026-01-10 16:45+01:00,0.001207
2026-01-10 17:00+01:00,0.001677
2026-01-10 17:15+01:00,0.000000
2026-01-10 17:30+01:00,0.001729
2026-01-10 17:45+01:00,0.001998
2026-01-10 18:00+01:00,0.001480
2026-01-10 18:15+01:00,0.001743
2026-01-10 18:30+01:00,0.001326
2026-01-10 18:45+01:00,0.001362
2026-01-10 19:00+01:00,0.001329
2026-01-10 19:15+01:00,
2026-01-10 19:30+01:00,0.001628
2026-01-10 19:45+01:00,0.001848
2026-01-10 20:00+01:00,0.001044
2026-01-10 20:15+01:00,0.001863
2026-01-10 20:30+01:00,0.001619
2026-01-10 20:45+01:00,0.001275
2026-01-10 21:00+01:00,0.002095
2026-01-10 21:15+01:00,0.001268
2026-01-10 21:30+01:00,0.001386
2026-01-10 21:45+01:00,0.000827
2026-01-10 22:00+01:00,0.001420
2026-01-10 22:15+01:00,0.000875
2026-01-10 22:30+01:00,0.001315
2026-01-10 22:45+01:00,0.001659
2026-01-10 23:00+01:00,0.001261
2026-01-10 23:15+01:00,0.001200
2026-01-10 23:30+01:00,0.001776
2026-01-10 23:45+01:00,0.001583
2026-01-11 00:00+01:00,0.001080
2026-01-11 00:15+01:00,0.001524
2026-01-11 00:30+01:00,0.001331
2026-01-11 00:45+01:00,0.001749
2026-01-11 01:00+01:00,0.001004
2026-01-11 01:15+01:00,0.001265
2026-01-11 01:30+01:00,0.001705
2026-01-11 01:45+01:00,0.001374
2026-01-11 02:00+01:00,0.001121
2026-01-11 02:15+01:00,0.001771
2026-01-11 02:30+01:00,0.000000
2026-01-11 02:45+01:00,0.001840
2026-01-11 03:00+01:00,0.001947
2026-01-11 03:15+01:00,0.001943
2026-01-11 03:30+01:00,0.001392
2026-01-11 03:45+01:00,0.001148
2026-01-11 04:00+01:00,0.002018
2026-01-11 04:15+01:00,0.001500
2026-01-11 04:30+01:00,0.001586
2026-01-11 04:45+01:00,0.000884
2026-01-11 05:00+01:00,0.001631
2026-01-11 05:15+01:00,0.000000
2026-01-11 05:30+01:00,0.001479
2026-01-11 05:45+01:00,0.002118
2026-01-11 06:00+01:00,0.001313
2026-01-11 06:15+01:00,0.001404
2026-01-11 06:30+01:00,0.000000
2026-01-11 06:45+01:00,0.001460
2026-01-11 07:00+01:00,0.000000
2026-01-11 07:15+01:00,0.001764
2026-01-11 07:30+01:00,0.001865
2026-01-11 07:45+01:00,0.001838
2026-01-11 08:00+01:00,0.001574
2026-01-11 08:15+01:00,0.001765
2026-01-11 08:30+01:00,0.001900
2026-01-11 08:45+01:00,0.001391
2026-01-11 09:00+01:00,0.001361
2026-01-11 09:15+01:00,0.001710
2026-01-11 09:30+01:00,0.001727
2026-01-11 09:45+01:00,0.001577
2026-01-11 10:00+01:00,0.001148
2026-01-11 10:15+01:00,0.001446
2026-01-11 10:30+01:00,0.002321
2026-01-11 10:45+01:00,
2026-01-11 11:00+01:00,0.001795
2026-01-11 11:15+01:00,0.000000
2026-01-11 11:30+01:00,0.001176
2026-01-11 11:45+01:00,0.000863
2026-01-11 12:00+01:00,0.001493
2026-01-11 12:15+01:00,0.001669
2026-01-11 12:30+01:00,0.001590
2026-01-11 12:45+01:00,0.000916
2026-01-11 13:00+01:00,0.001467
2026-01-11 13:15+01:00,0.000882
2026-01-11 13:30+01:00,0.001525
2026-01-11 13:45+01:00,0.001611
2026-01-11 14:00+01:00,0.001675
2026-01-11 14:15+01:00,0.000000
2026-01-11 14:30+01:00,0.001516
2026-01-11 14:45+01:00,0.002047
2026-01-11 15:00+01:00,0.001294
2026-01-11 15:15+01:00,0.001742
2026-01-11 15:30+01:00,0.001360
2026-01-11 15:45+01:00,0.001128
2026-01-11 16:00+01:00,0.001500
2026-01-11 16:15+01:00,0.002294
2026-01-11 16:30+01:00,0.000000
2026-01-11 16:45+01:00,0.001475
2026-01-11 17:00+01:00,0.001485
2026-01-11 17:15+01:00,0.001773
2026-01-11 17:30+01:00,0.001416
2026-01-11 17:45+01:00,0.001795
2026-01-11 18:00+01:00,0.001242
2026-01-11 18:15+01:00,0.001675
2026-01-11 18:30+01:00,0.001464
2026-01-11 18:45+01:00,0.001306
2026-01-11 19:00+01:00,0.001891
2026-01-11 19:15+01:00,0.001179
2026-01-11 19:30+01:00,0.001960
2026-01-11 19:45+01:00,0.000952
2026-01-11 20:00+01:00,0.001717
2026-01-11 20:15+01:00,0.001905
2026-01-11 20:30+01:00,0.001206
2026-01-11 20:45+01:00,0.002106
2026-01-11 21:00+01:00,0.001669
2026-01-11 21:15+01:00,0.001541
2026-01-11 21:30+01:00,0.001644
2026-01-11 21:45+01:00,0.001796
2026-01-11 22:00+01:00,0.001157
2026-01-11 22:15+01:00,0.000000
2026-01-11 22:30+01:00,0.001600
2026-01-11 22:45+01:00,0.001929
2026-01-11 23:00+01:00,0.001332
2026-01-11 23:15+01:00,0.001292
2026-01-11 23:30+01:00,0.001479
2026-01-11 23:45+01:00,0.001491
2026-01-12 00:00+01:00,0.001557
2026-01-12 00:15+01:00,0.002468
2026-01-12 00:30+01:00,0.002513
2026-01-12 00:45+01:00,0.002152
2026-01-12 01:00+01:00,0.000000
2026-01-12 01:15+01:00,0.003080
2026-01-12 01:30+01:00,0.002250
2026-01-12 01:45+01:00,0.000735
2026-01-12 02:00+01:00,0.002530
2026-01-12 02:15+01:00,0.003207
2026-01-12 02:30+01:00,0.002249
2026-01-12 02:45+01:00,0.002471
2026-01-12 03:00+01:00,0.002484
2026-01-12 03:15+01:00,0.002489
2026-01-12 03:30+01:00,0.002007
2026-01-12 03:45+01:00,0.002047
2026-01-12 04:00+01:00,0.002062
2026-01-12 04:15+01:00,0.003359
2026-01-12 04:30+01:00,0.003070
2026-01-12 04:45+01:00,0.001675
2026-01-12 05:00+01:00,0.002542
2026-01-12 05:15+01:00,0.002325
2026-01-12 05:30+01:00,0.003366
2026-01-12 05:45+01:00,0.003551
2026-01-12 06:00+01:00,0.002176
2026-01-12 06:15+01:00,0.002192
2026-01-12 06:30+01:00,0.003476
2026-01-12 06:45+01:00,0.002064
2026-01-12 07:00+01:00,0.150129
2026-01-12 07:15+01:00,0.123785
2026-01-12 07:30+01:00,0.114953
2026-01-12 07:45+01:00,0.137986
2026-01-12 08:00+01:00,0.117035
2026-01-12 08:15+01:00,0.156720
2026-01-12 08:30+01:00,0.154899
2026-01-12 08:45+01:00,0.119700
2026-01-12 09:00+01:00,0.107110
2026-01-12 09:15+01:00,0.141608
2026-01-12 09:30+01:00,0.125181
2026-01-12 09:45+01:00,0.120598
2026-01-12 10:00+01:00,0.149986
2026-01-12 10:15+01:00,0.135558
2026-01-12 10:30+01:00,0.137970
2026-01-12 10:45+01:00,0.114743
2026-01-12 11:00+01:00,0.125927
2026-01-12 11:15+01:00,0.157271
2026-01-12 11:30+01:00,0.147871
2026-01-12 11:45+01:00,0.126993
2026-01-12 12:00+01:00,0.152380
2026-01-12 12:15+01:00,0.563968
2026-01-12 12:30+01:00,0.721033
2026-01-12 12:45+01:00,0.118581
2026-01-12 13:00+01:00,0.126359
2026-01-12 13:15+01:00,0.124291
2026-01-12 13:30+01:00,0.151314
2026-01-12 13:45+01:00,0.145180
2026-01-12 14:00+01:00,0.151916
2026-01-12 14:15+01:00,0.130103
2026-01-12 14:30+01:00,0.146098
2026-01-12 14:45+01:00,0.141503
2026-01-12 15:00+01:00,0.156149
2026-01-12 15:15+01:00,0.130740
2026-01-12 15:30+01:00,0.138608
2026-01-12 15:45+01:00,0.128983
2026-01-12 16:00+01:00,0.160870
2026-01-12 16:15+01:00,
2026-01-12 16:30+01:00,0.114875
2026-01-12 16:45+01:00,0.135876
2026-01-12 17:00+01:00,
2026-01-12 17:15+01:00,0.106041
2026-01-12 17:30+01:00,0.160206
2026-01-12 17:45+01:00,
2026-01-12 18:00+01:00,0.002619
2026-01-12 18:15+01:00,0.002157
2026-01-12 18:30+01:00,0.002609
2026-01-12 18:45+01:00,0.003020
2026-01-12 19:00+01:00,0.003185
2026-01-12 19:15+01:00,0.003425
2026-01-12 19:30+01:00,0.002917
2026-01-12 19:45+01:00,0.002113
2026-01-12 20:00+01:00,0.002236
2026-01-12 20:15+01:00,0.002042
2026-01-12 20:30+01:00,0.000000
2026-01-12 20:45+01:00,0.002510
2026-01-12 21:00+01:00,0.003029
2026-01-12 21:15+01:00,0.000000
2026-01-12 21:30+01:00,0.002578
2026-01-12 21:45+01:00,0.001133
2026-01-12 22:00+01:00,0.002716
2026-01-12 22:15+01:00,0.002030
2026-01-12 22:30+01:00,0.000000
2026-01-12 22:45+01:00,0.003698
2026-01-12 23:00+01:00,0.001606
2026-01-12 23:15+01:00,0.002188
2026-01-12 23:30+01:00,0.002157
2026-01-12 23:45+01:00,0.002553
2026-01-13 00:00+01:00,0.002673
2026-01-13 00:15+01:00,0.001887
2026-01-13 00:30+01:00,0.000000
2026-01-13 00:45+01:00,0.002223
2026-01-13 01:00+01:00,0.000000
2026-01-13 01:15+01:00,0.002340
2026-01-13 01:30+01:00,0.002836
2026-01-13 01:45+01:00,0.001924
2026-01-13 02:00+01:00,0.002620
2026-01-13 02:15+01:00,0.002762
2026-01-13 02:30+01:00,0.002148
2026-01-13 02:45+01:00,0.001524
2026-01-13 03:00+01:00,0.003181
2026-01-13 03:15+01:00,0.001193
2026-01-13 03:30+01:00,0.002381
2026-01-13 03:45+01:00,0.003353
2026-01-13 04:00+01:00,0.002960
2026-01-13 04:15+01:00,0.001905
2026-01-13 04:30+01:00,0.002429
2026-01-13 04:45+01:00,0.003488
2026-01-13 05:00+01:00,0.002021
2026-01-13 05:15+01:00,0.003082
2026-01-13 05:30+01:00,0.002560
2026-01-13 05:45+01:00,0.002600
2026-01-13 06:00+01:00,0.001940
2026-01-13 06:15+01:00,0.001725
2026-01-13 06:30+01:00,0.000000
2026-01-13 06:45+01:00,0.003036
2026-01-13 07:00+01:00,0.107697
2026-01-13 07:15+01:00,0.172592
2026-01-13 07:30+01:00,0.113465
2026-01-13 07:45+01:00,0.151080
2026-01-13 08:00+01:00,0.114460
2026-01-13 08:15+01:00,0.140878
2026-01-13 08:30+01:00,0.113810
2026-01-13 08:45+01:00,0.098838
2026-01-13 09:00+01:00,0.155103
2026-01-13 09:15+01:00,0.132811
2026-01-13 09:30+01:00,0.143040
2026-01-13 09:45+01:00,0.139319
2026-01-13 10:00+01:00,0.136733
2026-01-13 10:15+01:00,0.132855
2026-01-13 10:30+01:00,0.135533
2026-01-13 10:45+01:00,0.138319
2026-01-13 11:00+01:00,0.118232
2026-01-13 11:15+01:00,0.157330
2026-01-13 11:30+01:00,0.137104
2026-01-13 11:45+01:00,0.138753
2026-01-13 12:00+01:00,0.119275
2026-01-13 12:15+01:00,0.115517
2026-01-13 12:30+01:00,0.137796
2026-01-13 12:45+01:00,0.108978
2026-01-13 13:00+01:00,0.134686
2026-01-13 13:15+01:00,0.129789
2026-01-13 13:30+01:00,0.123184
2026-01-13 13:45+01:00,0.158281
2026-01-13 14:00+01:00,0.144263
2026-01-13 14:15+01:00,0.132683
2026-01-13 14:30+01:00,0.132202
2026-01-13 14:45+01:00,0.148419
2026-01-13 15:00+01:00,0.128012
2026-01-13 15:15+01:00,0.150197
2026-01-13 15:30+01:00,0.120999
2026-01-13 15:45+01:00,0.122965
2026-01-13 16:00+01:00,0.130972
2026-01-13 16:15+01:00,0.131235
2026-01-13 16:30+01:00,0.128932
2026-01-13 16:45+01:00,0.141277
2026-01-13 17:00+01:00,0.120318
2026-01-13 17:15+01:00,0.128221
2026-01-13 17:30+01:00,0.136675
2026-01-13 17:45+01:00,0.132289
2026-01-13 18:00+01:00,0.002617
2026-01-13 18:15+01:00,
2026-01-13 18:30+01:00,0.002856
2026-01-13 18:45+01:00,0.001730
2026-01-13 19:00+01:00,0.002187
2026-01-13 19:15+01:00,0.002673
2026-01-13 19:30+01:00,0.002555
2026-01-13 19:45+01:00,0.002467
2026-01-13 20:00+01:00,0.002769
2026-01-13 20:15+01:00,0.003397
2026-01-13 20:30+01:00,0.002924
2026-01-13 20:45+01:00,0.002583
2026-01-13 21:00+01:00,0.002694
2026-01-13 21:15+01:00,
2026-01-13 21:30+01:00,0.002589
2026-01-13 21:45+01:00,0.001815
2026-01-13 22:00+01:00,0.003286
2026-01-13 22:15+01:00,0.002373
2026-01-13 22:30+01:00,0.000000
2026-01-13 22:45+01:00,0.001928
2026-01-13 23:00+01:00,0.002116
2026-01-13 23:15+01:00,0.002321
2026-01-13 23:30+01:00,0.002928
2026-01-13 23:45+01:00,0.002926
2026-01-14 00:00+01:00,0.000000
2026-01-14 00:15+01:00,0.003201
2026-01-14 00:30+01:00,0.002200
2026-01-14 00:45+01:00,0.002586
2026-01-14 01:00+01:00,0.002920
2026-01-14 01:15+01:00,0.003254
2026-01-14 01:30+01:00,0.003334
2026-01-14 01:45+01:00,0.002660
2026-01-14 02:00+01:00,0.001369
2026-01-14 02:15+01:00,0.003370
2026-01-14 02:30+01:00,0.001978
2026-01-14 02:45+01:00,0.002356
2026-01-14 03:00+01:00,0.002965
2026-01-14 03:15+01:00,0.002048
2026-01-14 03:30+01:00,
2026-01-14 03:45+01:00,0.003573
2026-01-14 04:00+01:00,0.002796
2026-01-14 04:15+01:00,0.002234
2026-01-14 04:30+01:00,0.003365
2026-01-14 04:45+01:00,0.003196
2026-01-14 05:00+01:00,0.002730
2026-01-14 05:15+01:00,0.002821
2026-01-14 05:30+01:00,0.003300
2026-01-14 05:45+01:00,0.002770
2026-01-14 06:00+01:00,0.003377
2026-01-14 06:15+01:00,0.002841
2026-01-14 06:30+01:00,
2026-01-14 06:45+01:00,0.002197
2026-01-14 07:00+01:00,0.119832
2026-01-14 07:15+01:00,0.125733
2026-01-14 07:30+01:00,0.154322
2026-01-14 07:45+01:00,0.121525
2026-01-14 08:00+01:00,0.128168
2026-01-14 08:15+01:00,0.113892
2026-01-14 08:30+01:00,0.124487
2026-01-14 08:45+01:00,0.117129
2026-01-14 09:00+01:00,0.126430
2026-01-14 09:15+01:00,0.128860
2026-01-14 09:30+01:00,0.130973
2026-01-14 09:45+01:00,0.112260
2026-01-14 10:00+01:00,0.133102
2026-01-14 10:15+01:00,0.134818
2026-01-14 10:30+01:00,
2026-01-14 10:45+01:00,0.112735
2026-01-14 11:00+01:00,0.125645
2026-01-14 11:15+01:00,0.138093
2026-01-14 11:30+01:00,0.120982
2026-01-14 11:45+01:00,0.134728
2026-01-14 12:00+01:00,0.140228
2026-01-14 12:15+01:00,0.125341
2026-01-14 12:30+01:00,0.143667
2026-01-14 12:45+01:00,0.159859
2026-01-14 13:00+01:00,0.123058
2026-01-14 13:15+01:00,1.156809
2026-01-14 13:30+01:00,1.137816
2026-01-14 13:45+01:00,0.117929
2026-01-14 14:00+01:00,0.127942
2026-01-14 14:15+01:00,0.153273
2026-01-14 14:30+01:00,0.106113
2026-01-14 14:45+01:00,0.126629
2026-01-14 15:00+01:00,0.142584
2026-01-14 15:15+01:00,0.109408
2026-01-14 15:30+01:00,0.140786
2026-01-14 15:45+01:00,0.110235
2026-01-14 16:00+01:00,0.128758
2026-01-14 16:15+01:00,
2026-01-14 16:30+01:00,0.147968
2026-01-14 16:45+01:00,0.147215
2026-01-14 17:00+01:00,0.133772
2026-01-14 17:15+01:00,0.136048
2026-01-14 17:30+01:00,0.129494
2026-01-14 17:45+01:00,0.130753
2026-01-14 18:00+01:00,0.002225
2026-01-14 18:15+01:00,0.003341
2026-01-14 18:30+01:00,0.002513
2026-01-14 18:45+01:00,0.001176
2026-01-14 19:00+01:00,0.003259
2026-01-14 19:15+01:00,0.002548
2026-01-14 19:30+01:00,0.002519
2026-01-14 19:45+01:00,0.002696
2026-01-14 20:00+01:00,0.002528
2026-01-14 20:15+01:00,0.002091
2026-01-14 20:30+01:00,0.002086
2026-01-14 20:45+01:00,0.001806
2026-01-14 21:00+01:00,0.002315
2026-01-14 21:15+01:00,0.001944
2026-01-14 21:30+01:00,0.002482
2026-01-14 21:45+01:00,0.001633
2026-01-14 22:00+01:00,0.002602
2026-01-14 22:15+01:00,0.002900
2026-01-14 22:30+01:00,0.001873
2026-01-14 22:45+01:00,0.003376
2026-01-14 23:00+01:00,0.003545
2026-01-14 23:15+01:00,0.003287
2026-01-14 23:30+01:00,0.002531
2026-01-14 23:45+01:00,0.003396
2026-01-15 00:00+01:00,0.002185
2026-01-15 00:15+01:00,0.002399
2026-01-15 00:30+01:00,0.002496
2026-01-15 00:45+01:00,0.002751
2026-01-15 01:00+01:00,0.004208
2026-01-15 01:15+01:00,0.002334
2026-01-15 01:30+01:00,0.003077
2026-01-15 01:45+01:00,0.003039
2026-01-15 02:00+01:00,0.001995
2026-01-15 02:15+01:00,0.003397
2026-01-15 02:30+01:00,0.002619
2026-01-15 02:45+01:00,0.002595
2026-01-15 03:00+01:00,0.002804
2026-01-15 03:15+01:00,0.003492
2026-01-15 03:30+01:00,0.002403
2026-01-15 03:45+01:00,0.002349
2026-01-15 04:00+01:00,0.002121
2026-01-15 04:15+01:00,0.000000
2026-01-15 04:30+01:00,0.002586
2026-01-15 04:45+01:00,0.002726
2026-01-15 05:00+01:00,0.002479
2026-01-15 05:15+01:00,0.001991
2026-01-15 05:30+01:00,0.002414
2026-01-15 05:45+01:00,0.001345
2026-01-15 06:00+01:00,0.002947
2026-01-15 06:15+01:00,0.002229
2026-01-15 06:30+01:00,0.002818
2026-01-15 06:45+01:00,0.002369
2026-01-15 07:00+01:00,0.122079
2026-01-15 07:15+01:00,0.164170
2026-01-15 07:30+01:00,0.138094
2026-01-15 07:45+01:00,0.117086
2026-01-15 08:00+01:00,0.147524
2026-01-15 08:15+01:00,0.122313
2026-01-15 08:30+01:00,0.148585
2026-01-15 08:45+01:00,0.125247
2026-01-15 09:00+01:00,0.159943
2026-01-15 09:15+01:00,0.117906
2026-01-15 09:30+01:00,0.093109
2026-01-15 09:45+01:00,0.145710
2026-01-15 10:00+01:00,0.104838
2026-01-15 10:15+01:00,0.154329
2026-01-15 10:30+01:00,0.118391
2026-01-15 10:45+01:00,0.139399
2026-01-15 11:00+01:00,0.134032
2026-01-15 11:15+01:00,0.092087
2026-01-15 11:30+01:00,0.136091
2026-01-15 11:45+01:00,0.137293
2026-01-15 12:00+01:00,0.127912
2026-01-15 12:15+01:00,0.088086
2026-01-15 12:30+01:00,0.135384
2026-01-15 12:45+01:00,0.114431
2026-01-15 13:00+01:00,0.141162
2026-01-15 13:15+01:00,0.138786
2026-01-15 13:30+01:00,0.092030
2026-01-15 13:45+01:00,0.145164
2026-01-15 14:00+01:00,0.170982
2026-01-15 14:15+01:00,0.132565
2026-01-15 14:30+01:00,0.110152
2026-01-15 14:45+01:00,0.134013
2026-01-15 15:00+01:00,0.128955
2026-01-15 15:15+01:00,0.141590
2026-01-15 15:30+01:00,0.133732
2026-01-15 15:45+01:00,0.107047
2026-01-15 16:00+01:00,0.142066
2026-01-15 16:15+01:00,0.143644
2026-01-15 16:30+01:00,0.124258
2026-01-15 16:45+01:00,0.137130
2026-01-15 17:00+01:00,0.114050
2026-01-15 17:15+01:00,0.121318
2026-01-15 17:30+01:00,0.128420
2026-01-15 17:45+01:00,0.140988
2026-01-15 18:00+01:00,0.002820
2026-01-15 18:15+01:00,0.001712
2026-01-15 18:30+01:00,0.002518
2026-01-15 18:45+01:00,0.001741
2026-01-15 19:00+01:00,0.001718
2026-01-15 19:15+01:00,0.000000
2026-01-15 19:30+01:00,0.002437
2026-01-15 19:45+01:00,0.002172
2026-01-15 20:00+01:00,0.001493
2026-01-15 20:15+01:00,0.003735
2026-01-15 20:30+01:00,0.002441
2026-01-15 20:45+01:00,0.002723
2026-01-15 21:00+01:00,0.002294
2026-01-15 21:15+01:00,0.000000
2026-01-15 21:30+01:00,0.002787
2026-01-15 21:45+01:00,0.002610
2026-01-15 22:00+01:00,0.001055
2026-01-15 22:15+01:00,0.002917
2026-01-15 22:30+01:00,0.000000
2026-01-15 22:45+01:00,0.002389
2026-01-15 23:00+01:00,0.003155
2026-01-15 23:15+01:00,0.001856
2026-01-15 23:30+01:00,0.001884
2026-01-15 23:45+01:00,0.002331
2026-01-16 00:00+01:00,0.002336
2026-01-16 00:15+01:00,0.002589
2026-01-16 00:30+01:00,0.002189
2026-01-16 00:45+01:00,0.001700
2026-01-16 01:00+01:00,0.002969
2026-01-16 01:15+01:00,0.002653
2026-01-16 01:30+01:00,0.002363
2026-01-16 01:45+01:00,0.002584
2026-01-16 02:00+01:00,0.002018
2026-01-16 02:15+01:00,0.001897
2026-01-16 02:30+01:00,0.003897
2026-01-16 02:45+01:00,0.001445
2026-01-16 03:00+01:00,0.003049
2026-01-16 03:15+01:00,0.002820
2026-01-16 03:30+01:00,0.002765
2026-01-16 03:45+01:00,0.002634
2026-01-16 04:00+01:00,0.002782
2026-01-16 04:15+01:00,0.003220
2026-01-16 04:30+01:00,0.002399
2026-01-16 04:45+01:00,0.001493
2026-01-16 05:00+01:00,0.002799
2026-01-16 05:15+01:00,0.002320
2026-01-16 05:30+01:00,0.003281
2026-01-16 05:45+01:00,0.002683
2026-01-16 06:00+01:00,0.003047
2026-01-16 06:15+01:00,0.002297
2026-01-16 06:30+01:00,0.003052
2026-01-16 06:45+01:00,
2026-01-16 07:00+01:00,0.146524
2026-01-16 07:15+01:00,
2026-01-16 07:30+01:00,0.113007
2026-01-16 07:45+01:00,0.120502
2026-01-16 08:00+01:00,0.122976
2026-01-16 08:15+01:00,0.120622
2026-01-16 08:30+01:00,0.137065
2026-01-16 08:45+01:00,0.126019
2026-01-16 09:00+01:00,0.150587
2026-01-16 09:15+01:00,0.113951
2026-01-16 09:30+01:00,0.119056
2026-01-16 09:45+01:00,0.103174
2026-01-16 10:00+01:00,0.136551
2026-01-16 10:15+01:00,0.138579
2026-01-16 10:30+01:00,0.132164
2026-01-16 10:45+01:00,0.127641
2026-01-16 11:00+01:00,0.131569
2026-01-16 11:15+01:00,0.135007
2026-01-16 11:30+01:00,0.137992
2026-01-16 11:45+01:00,0.168105
2026-01-16 12:00+01:00,0.128381
2026-01-16 12:15+01:00,0.123856
2026-01-16 12:30+01:00,0.124098
2026-01-16 12:45+01:00,0.104726
2026-01-16 13:00+01:00,0.136474
2026-01-16 13:15+01:00,0.147068
2026-01-16 13:30+01:00,0.155971
2026-01-16 13:45+01:00,0.113154
2026-01-16 14:00+01:00,0.125460
2026-01-16 14:15+01:00,0.123473
2026-01-16 14:30+01:00,0.133129
2026-01-16 14:45+01:00,0.140968
2026-01-16 15:00+01:00,0.156083
2026-01-16 15:15+01:00,0.129770
2026-01-16 15:30+01:00,0.117225
2026-01-16 15:45+01:00,0.111427
2026-01-16 16:00+01:00,0.129163
2026-01-16 16:15+01:00,0.129366
2026-01-16 16:30+01:00,0.106245
2026-01-16 16:45+01:00,0.107128
2026-01-16 17:00+01:00,0.125296
2026-01-16 17:15+01:00,0.118080
2026-01-16 17:30+01:00,0.091010
2026-01-16 17:45+01:00,0.138371
2026-01-16 18:00+01:00,0.003098
2026-01-16 18:15+01:00,0.002617
2026-01-16 18:30+01:00,0.002505
2026-01-16 18:45+01:00,0.002806
2026-01-16 19:00+01:00,0.002676
2026-01-16 19:15+01:00,0.002602
2026-01-16 19:30+01:00,0.003356
2026-01-16 19:45+01:00,0.002290
2026-01-16 20:00+01:00,0.001611
2026-01-16 20:15+01:00,0.002364
2026-01-16 20:30+01:00,0.002609
2026-01-16 20:45+01:00,0.000000
2026-01-16 21:00+01:00,0.002379
2026-01-16 21:15+01:00,0.000000
2026-01-16 21:30+01:00,0.002775
2026-01-16 21:45+01:00,0.001639
2026-01-16 22:00+01:00,0.002609
2026-01-16 22:15+01:00,0.002265
2026-01-16 22:30+01:00,0.000000
2026-01-16 22:45+01:00,0.002761
2026-01-16 23:00+01:00,0.001891
2026-01-16 23:15+01:00,0.002145
2026-01-16 23:30+01:00,0.003472
2026-01-16 23:45+01:00,0.002131
2026-01-17 00:00+01:00,0.002632
2026-01-17 00:15+01:00,0.001296
2026-01-17 00:30+01:00,0.001396
2026-01-17 00:45+01:00,0.001756
2026-01-17 01:00+01:00,0.001407
2026-01-17 01:15+01:00,0.002090
2026-01-17 01:30+01:00,0.001528
2026-01-17 01:45+01:00,
2026-01-17 02:00+01:00,0.001487
2026-01-17 02:15+01:00,0.001646
2026-01-17 02:30+01:00,0.001969
2026-01-17 02:45+01:00,0.001215
2026-01-17 03:00+01:00,0.001219
2026-01-17 03:15+01:00,0.001789
2026-01-17 03:30+01:00,0.001352
2026-01-17 03:45+01:00,0.001468
2026-01-17 04:00+01:00,0.001428
2026-01-17 04:15+01:00,0.002187
2026-01-17 04:30+01:00,0.001364
2026-01-17 04:45+01:00,0.001414
2026-01-17 05:00+01:00,0.000887
2026-01-17 05:15+01:00,0.000000
2026-01-17 05:30+01:00,0.001925
2026-01-17 05:45+01:00,0.000000
2026-01-17 06:00+01:00,0.001776
2026-01-17 06:15+01:00,0.000000
2026-01-17 06:30+01:00,0.001318
2026-01-17 06:45+01:00,0.001650
2026-01-17 07:00+01:00,0.001302
2026-01-17 07:15+01:00,0.001533
2026-01-17 07:30+01:00,0.001148
2026-01-17 07:45+01:00,0.001788
2026-01-17 08:00+01:00,0.002108
2026-01-17 08:15+01:00,0.001493
2026-01-17 08:30+01:00,0.001680
2026-01-17 08:45+01:00,0.002264
2026-01-17 09:00+01:00,0.001084
2026-01-17 09:15+01:00,
2026-01-17 09:30+01:00,0.001252
2026-01-17 09:45+01:00,0.001637
2026-01-17 10:00+01:00,0.001375
2026-01-17 10:15+01:00,0.001583
2026-01-17 10:30+01:00,0.001435
2026-01-17 10:45+01:00,0.001530
2026-01-17 11:00+01:00,0.001920
2026-01-17 11:15+01:00,0.001880
2026-01-17 11:30+01:00,0.001860
2026-01-17 11:45+01:00,0.001407
2026-01-17 12:00+01:00,0.002006
2026-01-17 12:15+01:00,0.001127
2026-01-17 12:30+01:00,0.001675
2026-01-17 12:45+01:00,0.002694
2026-01-17 13:00+01:00,0.000729
2026-01-17 13:15+01:00,0.001507
2026-01-17 13:30+01:00,0.000954
2026-01-17 13:45+01:00,0.001998
2026-01-17 14:00+01:00,0.001900
2026-01-17 14:15+01:00,0.001397
2026-01-17 14:30+01:00,0.001116
2026-01-17 14:45+01:00,0.001448
2026-01-17 15:00+01:00,0.001692
2026-01-17 15:15+01:00,0.001942
2026-01-17 15:30+01:00,0.001666
2026-01-17 15:45+01:00,0.000000
2026-01-17 16:00+01:00,0.001899
2026-01-17 16:15+01:00,0.001618
2026-01-17 16:30+01:00,0.001537
2026-01-17 16:45+01:00,0.001415
2026-01-17 17:00+01:00,0.001581
2026-01-17 17:15+01:00,0.001654
2026-01-17 17:30+01:00,0.000000
2026-01-17 17:45+01:00,0.001232
2026-01-17 18:00+01:00,0.002110
2026-01-17 18:15+01:00,0.001168
2026-01-17 18:30+01:00,0.001819
2026-01-17 18:45+01:00,0.001740
2026-01-17 19:00+01:00,0.001374
2026-01-17 19:15+01:00,0.000983
2026-01-17 19:30+01:00,0.001404
2026-01-17 19:45+01:00,0.000000
2026-01-17 20:00+01:00,0.001286
2026-01-17 20:15+01:00,0.002108
2026-01-17 20:30+01:00,0.001263
2026-01-17 20:45+01:00,0.001434
2026-01-17 21:00+01:00,0.001303
2026-01-17 21:15+01:00,0.001780
2026-01-17 21:30+01:00,0.000000
2026-01-17 21:45+01:00,0.001645
2026-01-17 22:00+01:00,0.001341
2026-01-17 22:15+01:00,0.001781
2026-01-17 22:30+01:00,0.001445
2026-01-17 22:45+01:00,0.001524
2026-01-17 23:00+01:00,0.001642
2026-01-17 23:15+01:00,0.001892
2026-01-17 23:30+01:00,0.001160
2026-01-17 23:45+01:00,0.001235
2026-01-18 00:00+01:00,0.001571
2026-01-18 00:15+01:00,0.001143
2026-01-18 00:30+01:00,0.001555
2026-01-18 00:45+01:00,0.001560
2026-01-18 01:00+01:00,0.001987
2026-01-18 01:15+01:00,0.001653
2026-01-18 01:30+01:00,0.001453
2026-01-18 01:45+01:00,0.001296
2026-01-18 02:00+01:00,0.001519
2026-01-18 02:15+01:00,0.001964
2026-01-18 02:30+01:00,0.001065
2026-01-18 02:45+01:00,0.001847
2026-01-18 03:00+01:00,0.001432
2026-01-18 03:15+01:00,0.001250
2026-01-18 03:30+01:00,0.001962
2026-01-18 03:45+01:00,0.001435
2026-01-18 04:00+01:00,0.001583
2026-01-18 04:15+01:00,0.001989
2026-01-18 04:30+01:00,
2026-01-18 04:45+01:00,0.001499
2026-01-18 05:00+01:00,0.000000
2026-01-18 05:15+01:00,0.001541
2026-01-18 05:30+01:00,0.001559
2026-01-18 05:45+01:00,0.001513
2026-01-18 06:00+01:00,0.000000
2026-01-18 06:15+01:00,0.001681
2026-01-18 06:30+01:00,0.001570
2026-01-18 06:45+01:00,0.001015
2026-01-18 07:00+01:00,0.001482
2026-01-18 07:15+01:00,
2026-01-18 07:30+01:00,0.001430
2026-01-18 07:45+01:00,0.001812
2026-01-18 08:00+01:00,0.001612
2026-01-18 08:15+01:00,0.001679
2026-01-18 08:30+01:00,0.001635
2026-01-18 08:45+01:00,0.001700
2026-01-18 09:00+01:00,0.001289
2026-01-18 09:15+01:00,0.001449
2026-01-18 09:30+01:00,0.001740
2026-01-18 09:45+01:00,0.001280
2026-01-18 10:00+01:00,0.001355
2026-01-18 10:15+01:00,0.001218
2026-01-18 10:30+01:00,0.000000
2026-01-18 10:45+01:00,0.000984
2026-01-18 11:00+01:00,0.000946
2026-01-18 11:15+01:00,0.001424
2026-01-18 11:30+01:00,0.001776
2026-01-18 11:45+01:00,0.001599
2026-01-18 12:00+01:00,0.002040
2026-01-18 12:15+01:00,0.001837
2026-01-18 12:30+01:00,0.001757
2026-01-18 12:45+01:00,0.001472
2026-01-18 13:00+01:00,0.001550
2026-01-18 13:15+01:00,0.001990
2026-01-18 13:30+01:00,0.001869
2026-01-18 13:45+01:00,0.001292
2026-01-18 14:00+01:00,0.001395
2026-01-18 14:15+01:00,0.002161
2026-01-18 14:30+01:00,0.000000
2026-01-18 14:45+01:00,0.001119
2026-01-18 15:00+01:00,0.001362
2026-01-18 15:15+01:00,0.001523
2026-01-18 15:30+01:00,0.001801
2026-01-18 15:45+01:00,0.001770
2026-01-18 16:00+01:00,0.001198
2026-01-18 16:15+01:00,0.001700
2026-01-18 16:30+01:00,0.001433
2026-01-18 16:45+01:00,0.001325
2026-01-18 17:00+01:00,0.001684
2026-01-18 17:15+01:00,0.001620
2026-01-18 17:30+01:00,0.001741
2026-01-18 17:45+01:00,0.001799
2026-01-18 18:00+01:00,0.000000
2026-01-18 18:15+01:00,0.001159
2026-01-18 18:30+01:00,0.001191
2026-01-18 18:45+01:00,0.001828
2026-01-18 19:00+01:00,0.001640
2026-01-18 19:15+01:00,0.000000
2026-01-18 19:30+01:00,0.000000
2026-01-18 19:45+01:00,0.001426
2026-01-18 20:00+01:00,0.000815
2026-01-18 20:15+01:00,0.001103
2026-01-18 20:30+01:00,0.001474
2026-01-18 20:45+01:00,0.001955
2026-01-18 21:00+01:00,0.000000
2026-01-18 21:15+01:00,0.001251
2026-01-18 21:30+01:00,0.001225
2026-01-18 21:45+01:00,0.000000
2026-01-18 22:00+01:00,0.001239
2026-01-18 22:15+01:00,0.001948
2026-01-18 22:30+01:00,0.001747
2026-01-18 22:45+01:00,0.001281
2026-01-18 23:00+01:00,0.000000
2026-01-18 23:15+01:00,0.001335
2026-01-18 23:30+01:00,0.000000
2026-01-18 23:45+01:00,0.001234
2026-01-19 00:00+01:00,0.001234
2026-01-19 00:15+01:00,0.003167
2026-01-19 00:30+01:00,0.001622
2026-01-19 00:45+01:00,0.002315
2026-01-19 01:00+01:00,0.002693
2026-01-19 01:15+01:00,0.001864
2026-01-19 01:30+01:00,0.002154
2026-01-19 01:45+01:00,0.003099
2026-01-19 02:00+01:00,0.003059
2026-01-19 02:15+01:00,0.002216
2026-01-19 02:30+01:00,0.003397
2026-01-19 02:45+01:00,0.000000
2026-01-19 03:00+01:00,0.001904
2026-01-19 03:15+01:00,0.001543
2026-01-19 03:30+01:00,0.000000
2026-01-19 03:45+01:00,0.002613
2026-01-19 04:00+01:00,0.002299
2026-01-19 04:15+01:00,
2026-01-19 04:30+01:00,0.003030
2026-01-19 04:45+01:00,0.003165
2026-01-19 05:00+01:00,0.002254
2026-01-19 05:15+01:00,0.003436
2026-01-19 05:30+01:00,0.002762
2026-01-19 05:45+01:00,0.001867
2026-01-19 06:00+01:00,0.002333
2026-01-19 06:15+01:00,0.002549
2026-01-19 06:30+01:00,0.003443
2026-01-19 06:45+01:00,0.003117
2026-01-19 07:00+01:00,0.135145
2026-01-19 07:15+01:00,0.113598
2026-01-19 07:30+01:00,
2026-01-19 07:45+01:00,0.134201
2026-01-19 08:00+01:00,0.101581
2026-01-19 08:15+01:00,0.163517
2026-01-19 08:30+01:00,0.129348
2026-01-19 08:45+01:00,0.118436
2026-01-19 09:00+01:00,0.135632
2026-01-19 09:15+01:00,0.131790
2026-01-19 09:30+01:00,0.145148
2026-01-19 09:45+01:00,0.130005
2026-01-19 10:00+01:00,0.147105
2026-01-19 10:15+01:00,0.169878
2026-01-19 10:30+01:00,0.158641
2026-01-19 10:45+01:00,0.134164
2026-01-19 11:00+01:00,0.141633
2026-01-19 11:15+01:00,0.134236
2026-01-19 11:30+01:00,0.138900
2026-01-19 11:45+01:00,0.130229
2026-01-19 12:00+01:00,0.123178
2026-01-19 12:15+01:00,0.139840
2026-01-19 12:30+01:00,0.127078
2026-01-19 12:45+01:00,0.129766
2026-01-19 13:00+01:00,0.125968
2026-01-19 13:15+01:00,0.131203
2026-01-19 13:30+01:00,0.137327
2026-01-19 13:45+01:00,0.100455
2026-01-19 14:00+01:00,0.145042
2026-01-19 14:15+01:00,0.119064
2026-01-19 14:30+01:00,0.126224
2026-01-19 14:45+01:00,0.115095
2026-01-19 15:00+01:00,0.135712
2026-01-19 15:15+01:00,0.124771
2026-01-19 15:30+01:00,0.117727
2026-01-19 15:45+01:00,0.118320
2026-01-19 16:00+01:00,0.096086
2026-01-19 16:15+01:00,0.148212
2026-01-19 16:30+01:00,0.126725
2026-01-19 16:45+01:00,0.143739
2026-01-19 17:00+01:00,0.118337
2026-01-19 17:15+01:00,0.121288
2026-01-19 17:30+01:00,0.126339
2026-01-19 17:45+01:00,0.130956
2026-01-19 18:00+01:00,0.002026
2026-01-19 18:15+01:00,0.001274
2026-01-19 18:30+01:00,0.002216
2026-01-19 18:45+01:00,0.002197
2026-01-19 19:00+01:00,0.003603
2026-01-19 19:15+01:00,0.002661
2026-01-19 19:30+01:00,0.003221
2026-01-19 19:45+01:00,0.000000
2026-01-19 20:00+01:00,0.002131
2026-01-19 20:15+01:00,0.002713
2026-01-19 20:30+01:00,0.002481
2026-01-19 20:45+01:00,0.001782
2026-01-19 21:00+01:00,0.002795
2026-01-19 21:15+01:00,0.002192
2026-01-19 21:30+01:00,0.002637
2026-01-19 21:45+01:00,0.003125
2026-01-19 22:00+01:00,0.002642
2026-01-19 22:15+01:00,0.002750
2026-01-19 22:30+01:00,0.002261
2026-01-19 22:45+01:00,0.002571
2026-01-19 23:00+01:00,0.002780
2026-01-19 23:15+01:00,0.003173
2026-01-19 23:30+01:00,0.002363
2026-01-19 23:45+01:00,0.002186
2026-01-20 00:00+01:00,0.002200
2026-01-20 00:15+01:00,0.002327
2026-01-20 00:30+01:00,0.002954
2026-01-20 00:45+01:00,0.002161
2026-01-20 01:00+01:00,0.003052
2026-01-20 01:15+01:00,0.002936
2026-01-20 01:30+01:00,0.002589
2026-01-20 01:45+01:00,0.002463
2026-01-20 02:00+01:00,
2026-01-20 02:15+01:00,0.002907
2026-01-20 02:30+01:00,0.002146
2026-01-20 02:45+01:00,0.002114
2026-01-20 03:00+01:00,0.003568
2026-01-20 03:15+01:00,0.002698
2026-01-20 03:30+01:00,0.002173
2026-01-20 03:45+01:00,0.003746
2026-01-20 04:00+01:00,
2026-01-20 04:15+01:00,0.001777
2026-01-20 04:30+01:00,0.002730
2026-01-20 04:45+01:00,0.003294
2026-01-20 05:00+01:00,0.002655
2026-01-20 05:15+01:00,0.003003
2026-01-20 05:30+01:00,0.001219
2026-01-20 05:45+01:00,0.003929
2026-01-20 06:00+01:00,0.001814
2026-01-20 06:15+01:00,0.002768
2026-01-20 06:30+01:00,0.001588
2026-01-20 06:45+01:00,0.002258
2026-01-20 07:00+01:00,0.150681
2026-01-20 07:15+01:00,0.151736
2026-01-20 07:30+01:00,0.153754
2026-01-20 07:45+01:00,0.130761
2026-01-20 08:00+01:00,0.104763
2026-01-20 08:15+01:00,0.115057
2026-01-20 08:30+01:00,0.142103
2026-01-20 08:45+01:00,0.113849
2026-01-20 09:00+01:00,0.139855
2026-01-20 09:15+01:00,0.119161
2026-01-20 09:30+01:00,0.126150
2026-01-20 09:45+01:00,0.135227
2026-01-20 10:00+01:00,0.107104
2026-01-20 10:15+01:00,0.106322
2026-01-20 10:30+01:00,0.135236
2026-01-20 10:45+01:00,0.128694
2026-01-20 11:00+01:00,0.125121
2026-01-20 11:15+01:00,0.133635
2026-01-20 11:30+01:00,0.110068
2026-01-20 11:45+01:00,0.131886
2026-01-20 12:00+01:00,0.139349
2026-01-20 12:15+01:00,0.123067
2026-01-20 12:30+01:00,0.119138
2026-01-20 12:45+01:00,0.145109
2026-01-20 13:00+01:00,0.141032
2026-01-20 13:15+01:00,0.145677
2026-01-20 13:30+01:00,0.166252
2026-01-20 13:45+01:00,0.132827
2026-01-20 14:00+01:00,0.122780
2026-01-20 14:15+01:00,0.134070
2026-01-20 14:30+01:00,0.144432
2026-01-20 14:45+01:00,0.114731
2026-01-20 15:00+01:00,0.113511
2026-01-20 15:15+01:00,0.130571
2026-01-20 15:30+01:00,0.131724
2026-01-20 15:45+01:00,0.128684
2026-01-20 16:00+01:00,0.138503
2026-01-20 16:15+01:00,0.108081
2026-01-20 16:30+01:00,0.119156
2026-01-20 16:45+01:00,0.146283
2026-01-20 17:00+01:00,0.132093
2026-01-20 17:15+01:00,0.107839
2026-01-20 17:30+01:00,0.139984
2026-01-20 17:45+01:00,0.134855
2026-01-20 18:00+01:00,0.001913
2026-01-20 18:15+01:00,0.002101
2026-01-20 18:30+01:00,0.003201
2026-01-20 18:45+01:00,0.001988
2026-01-20 19:00+01:00,0.002773
2026-01-20 19:15+01:00,0.002202
2026-01-20 19:30+01:00,0.003076
2026-01-20 19:45+01:00,0.002581
2026-01-20 20:00+01:00,0.002507
2026-01-20 20:15+01:00,0.001942
2026-01-20 20:30+01:00,0.000000
2026-01-20 20:45+01:00,0.003352
2026-01-20 21:00+01:00,0.002609
2026-01-20 21:15+01:00,0.003379
2026-01-20 21:30+01:00,0.002995
2026-01-20 21:45+01:00,0.002813
2026-01-20 22:00+01:00,0.002746
2026-01-20 22:15+01:00,0.002710
2026-01-20 22:30+01:00,
2026-01-20 22:45+01:00,0.003147
2026-01-20 23:00+01:00,0.002511
2026-01-20 23:15+01:00,
2026-01-20 23:30+01:00,0.001906
2026-01-20 23:45+01:00,0.001535
2026-01-21 00:00+01:00,0.002084
2026-01-21 00:15+01:00,0.001658
2026-01-21 00:30+01:00,0.002821
2026-01-21 00:45+01:00,0.002695
2026-01-21 01:00+01:00,0.003246
2026-01-21 01:15+01:00,0.002573
2026-01-21 01:30+01:00,0.002936
2026-01-21 01:45+01:00,0.001471
2026-01-21 02:00+01:00,0.002276
2026-01-21 02:15+01:00,0.001955
2026-01-21 02:30+01:00,0.002698
2026-01-21 02:45+01:00,0.002344
2026-01-21 03:00+01:00,0.002465
2026-01-21 03:15+01:00,0.003115
2026-01-21 03:30+01:00,0.001640
2026-01-21 03:45+01:00,0.002939
2026-01-21 04:00+01:00,0.002043
2026-01-21 04:15+01:00,0.002546
2026-01-21 04:30+01:00,0.003012
2026-01-21 04:45+01:00,0.001717
2026-01-21 05:00+01:00,0.002436
2026-01-21 05:15+01:00,0.002487
2026-01-21 05:30+01:00,0.002434
2026-01-21 05:45+01:00,0.002539
2026-01-21 06:00+01:00,0.003252
2026-01-21 06:15+01:00,0.001980
2026-01-21 06:30+01:00,0.003051
2026-01-21 06:45+01:00,0.003291
2026-01-21 07:00+01:00,0.121225
2026-01-21 07:15+01:00,0.120433
2026-01-21 07:30+01:00,0.128573
2026-01-21 07:45+01:00,0.127137
2026-01-21 08:00+01:00,0.156484
2026-01-21 08:15+01:00,0.127170
2026-01-21 08:30+01:00,0.123807
2026-01-21 08:45+01:00,0.110598
2026-01-21 09:00+01:00,0.132099
2026-01-21 09:15+01:00,0.120790
2026-01-21 09:30+01:00,0.133755
2026-01-21 09:45+01:00,0.135845
2026-01-21 10:00+01:00,0.135989
2026-01-21 10:15+01:00,
2026-01-21 10:30+01:00,0.131849
2026-01-21 10:45+01:00,0.137374
2026-01-21 11:00+01:00,0.130874
2026-01-21 11:15+01:00,0.125539
2026-01-21 11:30+01:00,0.126192
2026-01-21 11:45+01:00,0.117473
2026-01-21 12:00+01:00,0.114256
2026-01-21 12:15+01:00,0.102846
2026-01-21 12:30+01:00,0.141647
2026-01-21 12:45+01:00,0.121370
2026-01-21 13:00+01:00,0.129033
2026-01-21 13:15+01:00,0.150918
2026-01-21 13:30+01:00,0.149414
2026-01-21 13:45+01:00,0.125112
2026-01-21 14:00+01:00,0.166983
2026-01-21 14:15+01:00,0.124789
2026-01-21 14:30+01:00,0.125966
2026-01-21 14:45+01:00,0.146295
2026-01-21 15:00+01:00,0.101369
2026-01-21 15:15+01:00,0.117094
2026-01-21 15:30+01:00,
2026-01-21 15:45+01:00,0.128192
2026-01-21 16:00+01:00,0.132642
2026-01-21 16:15+01:00,0.141105
2026-01-21 16:30+01:00,0.145091
2026-01-21 16:45+01:00,0.117727
2026-01-21 17:00+01:00,0.112278
2026-01-21 17:15+01:00,0.144437
2026-01-21 17:30+01:00,0.141931
2026-01-21 17:45+01:00,0.125572
2026-01-21 18:00+01:00,0.003476
2026-01-21 18:15+01:00,0.001720
2026-01-21 18:30+01:00,0.001756
2026-01-21 18:45+01:00,0.002456
2026-01-21 19:00+01:00,
2026-01-21 19:15+01:00,0.002099
2026-01-21 19:30+01:00,0.002739
2026-01-21 19:45+01:00,0.002303
2026-01-21 20:00+01:00,0.002782
2026-01-21 20:15+01:00,0.002080
2026-01-21 20:30+01:00,0.001187
2026-01-21 20:45+01:00,0.002927
2026-01-21 21:00+01:00,0.003152
2026-01-21 21:15+01:00,0.002662
2026-01-21 21:30+01:00,0.003061
2026-01-21 21:45+01:00,
2026-01-21 22:00+01:00,0.003427
2026-01-21 22:15+01:00,0.002723
2026-01-21 22:30+01:00,0.002048
2026-01-21 22:45+01:00,0.003727
2026-01-21 23:00+01:00,0.002976
2026-01-21 23:15+01:00,0.002994
2026-01-21 23:30+01:00,0.003079
2026-01-21 23:45+01:00,0.002321
2026-01-22 00:00+01:00,0.000000
2026-01-22 00:15+01:00,0.002176
2026-01-22 00:30+01:00,0.002644
2026-01-22 00:45+01:00,0.002672
2026-01-22 01:00+01:00,
2026-01-22 01:15+01:00,0.002556
2026-01-22 01:30+01:00,0.002776
2026-01-22 01:45+01:00,0.002621
2026-01-22 02:00+01:00,0.002439
2026-01-22 02:15+01:00,0.002034
2026-01-22 02:30+01:00,0.000000
2026-01-22 02:45+01:00,0.002862
2026-01-22 03:00+01:00,0.003106
2026-01-22 03:15+01:00,0.002959
2026-01-22 03:30+01:00,0.001731
2026-01-22 03:45+01:00,0.002016
2026-01-22 04:00+01:00,
2026-01-22 04:15+01:00,0.002499
2026-01-22 04:30+01:00,0.002930
2026-01-22 04:45+01:00,0.002775
2026-01-22 05:00+01:00,0.001459
2026-01-22 05:15+01:00,0.003096
2026-01-22 05:30+01:00,0.002326
2026-01-22 05:45+01:00,0.001699
2026-01-22 06:00+01:00,0.002321
2026-01-22 06:15+01:00,0.002553
2026-01-22 06:30+01:00,0.001401
2026-01-22 06:45+01:00,0.000000
2026-01-22 07:00+01:00,0.114794
2026-01-22 07:15+01:00,0.146025
2026-01-22 07:30+01:00,0.150319
2026-01-22 07:45+01:00,0.146884
2026-01-22 08:00+01:00,0.118614
2026-01-22 08:15+01:00,0.129405
2026-01-22 08:30+01:00,0.130659
2026-01-22 08:45+01:00,0.120111
2026-01-22 09:00+01:00,0.147590
2026-01-22 09:15+01:00,0.150320
2026-01-22 09:30+01:00,0.098648
2026-01-22 09:45+01:00,0.140828
2026-01-22 10:00+01:00,
2026-01-22 10:15+01:00,0.126031
2026-01-22 10:30+01:00,0.095363
2026-01-22 10:45+01:00,0.115413
2026-01-22 11:00+01:00,0.134644
2026-01-22 11:15+01:00,0.120896
2026-01-22 11:30+01:00,0.130420
2026-01-22 11:45+01:00,0.128403
2026-01-22 12:00+01:00,0.136860
2026-01-22 12:15+01:00,0.149820
2026-01-22 12:30+01:00,0.139815
2026-01-22 12:45+01:00,0.122477
2026-01-22 13:00+01:00,0.132192
2026-01-22 13:15+01:00,
2026-01-22 13:30+01:00,0.136040
2026-01-22 13:45+01:00,0.142467
2026-01-22 14:00+01:00,0.149199
2026-01-22 14:15+01:00,0.124011
2026-01-22 14:30+01:00,0.148501
2026-01-22 14:45+01:00,0.131969
2026-01-22 15:00+01:00,
2026-01-22 15:15+01:00,0.139227
2026-01-22 15:30+01:00,0.131266
2026-01-22 15:45+01:00,0.127599
2026-01-22 16:00+01:00,0.146241
2026-01-22 16:15+01:00,0.106759
2026-01-22 16:30+01:00,0.152446
2026-01-22 16:45+01:00,0.127225
2026-01-22 17:00+01:00,0.120939
2026-01-22 17:15+01:00,0.126064
2026-01-22 17:30+01:00,0.128900
2026-01-22 17:45+01:00,
2026-01-22 18:00+01:00,0.003059
2026-01-22 18:15+01:00,0.002947
2026-01-22 18:30+01:00,0.002406
2026-01-22 18:45+01:00,0.002987
2026-01-22 19:00+01:00,0.002418
2026-01-22 19:15+01:00,0.002187
2026-01-22 19:30+01:00,0.001197
2026-01-22 19:45+01:00,0.001336
2026-01-22 20:00+01:00,0.003158
2026-01-22 20:15+01:00,0.002919
2026-01-22 20:30+01:00,0.002584
2026-01-22 20:45+01:00,0.002463
2026-01-22 21:00+01:00,0.000000
2026-01-22 21:15+01:00,0.002839
2026-01-22 21:30+01:00,0.003345
2026-01-22 21:45+01:00,0.003300
2026-01-22 22:00+01:00,0.002072
2026-01-22 22:15+01:00,0.002616
2026-01-22 22:30+01:00,0.002606
2026-01-22 22:45+01:00,0.001799
2026-01-22 23:00+01:00,0.002489
2026-01-22 23:15+01:00,0.001948
2026-01-22 23:30+01:00,0.002412
2026-01-22 23:45+01:00,0.003139
2026-01-23 00:00+01:00,0.002308
2026-01-23 00:15+01:00,0.002272
2026-01-23 00:30+01:00,0.002587
2026-01-23 00:45+01:00,0.002834
2026-01-23 01:00+01:00,0.002006
2026-01-23 01:15+01:00,0.002259
2026-01-23 01:30+01:00,0.000000
2026-01-23 01:45+01:00,0.002518
2026-01-23 02:00+01:00,0.002140
2026-01-23 02:15+01:00,0.003239
2026-01-23 02:30+01:00,0.003058
2026-01-23 02:45+01:00,0.002276
2026-01-23 03:00+01:00,0.002482
2026-01-23 03:15+01:00,0.002913
2026-01-23 03:30+01:00,0.001995
2026-01-23 03:45+01:00,0.001728
2026-01-23 04:00+01:00,0.002202
2026-01-23 04:15+01:00,0.002748
2026-01-23 04:30+01:00,0.003468
2026-01-23 04:45+01:00,0.001660
2026-01-23 05:00+01:00,0.001825
2026-01-23 05:15+01:00,0.002095
2026-01-23 05:30+01:00,0.002344
2026-01-23 05:45+01:00,0.003303
2026-01-23 06:00+01:00,0.003068
2026-01-23 06:15+01:00,
2026-01-23 06:30+01:00,0.002032
2026-01-23 06:45+01:00,0.002683
2026-01-23 07:00+01:00,0.147238
2026-01-23 07:15+01:00,0.108039
2026-01-23 07:30+01:00,0.127458
2026-01-23 07:45+01:00,0.120892
2026-01-23 08:00+01:00,0.115006
2026-01-23 08:15+01:00,0.109649
2026-01-23 08:30+01:00,0.126175
2026-01-23 08:45+01:00,0.117383
2026-01-23 09:00+01:00,0.137243
2026-01-23 09:15+01:00,0.105382
2026-01-23 09:30+01:00,0.111927
2026-01-23 09:45+01:00,0.113033
2026-01-23 10:00+01:00,0.108957
2026-01-23 10:15+01:00,0.133197
2026-01-23 10:30+01:00,0.139017
2026-01-23 10:45+01:00,0.138516
2026-01-23 11:00+01:00,0.132551
2026-01-23 11:15+01:00,0.129551
2026-01-23 11:30+01:00,0.147721
2026-01-23 11:45+01:00,0.106236
2026-01-23 12:00+01:00,0.124207
2026-01-23 12:15+01:00,0.143657
2026-01-23 12:30+01:00,0.131505
2026-01-23 12:45+01:00,0.120458
2026-01-23 13:00+01:00,0.126899
2026-01-23 13:15+01:00,
2026-01-23 13:30+01:00,0.123619
2026-01-23 13:45+01:00,0.136429
2026-01-23 14:00+01:00,0.134568
2026-01-23 14:15+01:00,0.150625
2026-01-23 14:30+01:00,0.153428
2026-01-23 14:45+01:00,0.167120
2026-01-23 15:00+01:00,0.134498
2026-01-23 15:15+01:00,0.109501
2026-01-23 15:30+01:00,0.120347
2026-01-23 15:45+01:00,0.125536
2026-01-23 16:00+01:00,0.132693
2026-01-23 16:15+01:00,0.145481
2026-01-23 16:30+01:00,0.116386
2026-01-23 16:45+01:00,0.125673
2026-01-23 17:00+01:00,0.128476
2026-01-23 17:15+01:00,
2026-01-23 17:30+01:00,0.118924
2026-01-23 17:45+01:00,0.113113
2026-01-23 18:00+01:00,0.001916
2026-01-23 18:15+01:00,0.002740
2026-01-23 18:30+01:00,0.003017
2026-01-23 18:45+01:00,0.002183
2026-01-23 19:00+01:00,0.002521
2026-01-23 19:15+01:00,0.000000
2026-01-23 19:30+01:00,0.002350
2026-01-23 19:45+01:00,0.002023
2026-01-23 20:00+01:00,0.003259
2026-01-23 20:15+01:00,0.003429
2026-01-23 20:30+01:00,0.000000
2026-01-23 20:45+01:00,0.002430
2026-01-23 21:00+01:00,0.002896
2026-01-23 21:15+01:00,0.003803
2026-01-23 21:30+01:00,0.002396
2026-01-23 21:45+01:00,0.003461
2026-01-23 22:00+01:00,0.000000
2026-01-23 22:15+01:00,0.003497
2026-01-23 22:30+01:00,0.002073
2026-01-23 22:45+01:00,0.002738
2026-01-23 23:00+01:00,0.003341
2026-01-23 23:15+01:00,0.001514
2026-01-23 23:30+01:00,0.002074
2026-01-23 23:45+01:00,0.000000
2026-01-24 00:00+01:00,0.001715
2026-01-24 00:15+01:00,0.001756
2026-01-24 00:30+01:00,0.001722
2026-01-24 00:45+01:00,0.001035
2026-01-24 01:00+01:00,0.001188
2026-01-24 01:15+01:00,0.001899
2026-01-24 01:30+01:00,0.002118
2026-01-24 01:45+01:00,0.001141
2026-01-24 02:00+01:00,0.002179
2026-01-24 02:15+01:00,0.001986
2026-01-24 02:30+01:00,0.001507
2026-01-24 02:45+01:00,0.001697
2026-01-24 03:00+01:00,0.001850
2026-01-24 03:15+01:00,0.001535
2026-01-24 03:30+01:00,0.001859
2026-01-24 03:45+01:00,0.001168
2026-01-24 04:00+01:00,0.001634
2026-01-24 04:15+01:00,0.001264
2026-01-24 04:30+01:00,0.001678
2026-01-24 04:45+01:00,0.001613
2026-01-24 05:00+01:00,0.001658
2026-01-24 05:15+01:00,0.000524
2026-01-24 05:30+01:00,0.002221
2026-01-24 05:45+01:00,0.001809
2026-01-24 06:00+01:00,0.001637
2026-01-24 06:15+01:00,0.001236
2026-01-24 06:30+01:00,0.001193
2026-01-24 06:45+01:00,0.001729
2026-01-24 07:00+01:00,0.001532
2026-01-24 07:15+01:00,0.001181
2026-01-24 07:30+01:00,0.001751
2026-01-24 07:45+01:00,0.001170
2026-01-24 08:00+01:00,
2026-01-24 08:15+01:00,0.001626
2026-01-24 08:30+01:00,0.001137
2026-01-24 08:45+01:00,0.002019
2026-01-24 09:00+01:00,0.001471
2026-01-24 09:15+01:00,0.001040
2026-01-24 09:30+01:00,0.000000
2026-01-24 09:45+01:00,0.001469
2026-01-24 10:00+01:00,0.002491
2026-01-24 10:15+01:00,0.001714
2026-01-24 10:30+01:00,0.001387
2026-01-24 10:45+01:00,0.001497
2026-01-24 11:00+01:00,0.001644
2026-01-24 11:15+01:00,0.001796
2026-01-24 11:30+01:00,0.001859
2026-01-24 11:45+01:00,0.001367
2026-01-24 12:00+01:00,0.000000
2026-01-24 12:15+01:00,0.001287
2026-01-24 12:30+01:00,0.000000
2026-01-24 12:45+01:00,0.001154
2026-01-24 13:00+01:00,0.001792
2026-01-24 13:15+01:00,0.000824
2026-01-24 13:30+01:00,0.001200
2026-01-24 13:45+01:00,0.001728
2026-01-24 14:00+01:00,0.001255
2026-01-24 14:15+01:00,0.001259
2026-01-24 14:30+01:00,0.001680
2026-01-24 14:45+01:00,0.001529
2026-01-24 15:00+01:00,0.001620
2026-01-24 15:15+01:00,0.001241
2026-01-24 15:30+01:00,0.001517
2026-01-24 15:45+01:00,0.001500
2026-01-24 16:00+01:00,0.001783
2026-01-24 16:15+01:00,0.001565
2026-01-24 16:30+01:00,0.001916
2026-01-24 16:45+01:00,0.001483
2026-01-24 17:00+01:00,0.000000
2026-01-24 17:15+01:00,0.001856
2026-01-24 17:30+01:00,0.001680
2026-01-24 17:45+01:00,0.000000
2026-01-24 18:00+01:00,
2026-01-24 18:15+01:00,0.001680
2026-01-24 18:30+01:00,0.001243
2026-01-24 18:45+01:00,0.001329
2026-01-24 19:00+01:00,
2026-01-24 19:15+01:00,0.001412
2026-01-24 19:30+01:00,0.001281
2026-01-24 19:45+01:00,0.000886
2026-01-24 20:00+01:00,0.001381
2026-01-24 20:15+01:00,0.001614
2026-01-24 20:30+01:00,0.001359
2026-01-24 20:45+01:00,0.001616
2026-01-24 21:00+01:00,0.000000
2026-01-24 21:15+01:00,0.001098
2026-01-24 21:30+01:00,
2026-01-24 21:45+01:00,0.001667
2026-01-24 22:00+01:00,0.001565
2026-01-24 22:15+01:00,0.001643
2026-01-24 22:30+01:00,0.001971
2026-01-24 22:45+01:00,0.001496
2026-01-24 23:00+01:00,0.000000
2026-01-24 23:15+01:00,0.000907
2026-01-24 23:30+01:00,0.001295
2026-01-24 23:45+01:00,0.001228
2026-01-25 00:00+01:00,0.001723
2026-01-25 00:15+01:00,0.001226
2026-01-25 00:30+01:00,0.001404
2026-01-25 00:45+01:00,0.002019
2026-01-25 01:00+01:00,0.001522
2026-01-25 01:15+01:00,0.001459
2026-01-25 01:30+01:00,0.001228
2026-01-25 01:45+01:00,0.001084
2026-01-25 02:00+01:00,0.001611
2026-01-25 02:15+01:00,0.001374
2026-01-25 02:30+01:00,0.001244
2026-01-25 02:45+01:00,0.001760
2026-01-25 03:00+01:00,0.001181
2026-01-25 03:15+01:00,0.001523
2026-01-25 03:30+01:00,0.001437
2026-01-25 03:45+01:00,0.001362
2026-01-25 04:00+01:00,0.001445
2026-01-25 04:15+01:00,0.001368
2026-01-25 04:30+01:00,0.001401
2026-01-25 04:45+01:00,0.001822
2026-01-25 05:00+01:00,0.002264
2026-01-25 05:15+01:00,0.001589
2026-01-25 05:30+01:00,0.001853
2026-01-25 05:45+01:00,
2026-01-25 06:00+01:00,0.002084
2026-01-25 06:15+01:00,0.001134
2026-01-25 06:30+01:00,0.000799
2026-01-25 06:45+01:00,0.001207
2026-01-25 07:00+01:00,0.002206
2026-01-25 07:15+01:00,0.001097
2026-01-25 07:30+01:00,0.001384
2026-01-25 07:45+01:00,0.001348
2026-01-25 08:00+01:00,0.001191
2026-01-25 08:15+01:00,0.001662
2026-01-25 08:30+01:00,0.001434
2026-01-25 08:45+01:00,0.001258
2026-01-25 09:00+01:00,0.001608
2026-01-25 09:15+01:00,0.001310
2026-01-25 09:30+01:00,0.001760
2026-01-25 09:45+01:00,0.001596
2026-01-25 10:00+01:00,0.002220
2026-01-25 10:15+01:00,0.001475
2026-01-25 10:30+01:00,0.001114
2026-01-25 10:45+01:00,0.001845
2026-01-25 11:00+01:00,0.001846
2026-01-25 11:15+01:00,0.001622
2026-01-25 11:30+01:00,0.001682
2026-01-25 11:45+01:00,0.001826
2026-01-25 12:00+01:00,0.002044
2026-01-25 12:15+01:00,0.001511
2026-01-25 12:30+01:00,0.001653
2026-01-25 12:45+01:00,0.001333
2026-01-25 13:00+01:00,0.001976
2026-01-25 13:15+01:00,0.001358
2026-01-25 13:30+01:00,0.001972
2026-01-25 13:45+01:00,0.001333
2026-01-25 14:00+01:00,0.000000
2026-01-25 14:15+01:00,0.001681
2026-01-25 14:30+01:00,0.001087
2026-01-25 14:45+01:00,0.001432
2026-01-25 15:00+01:00,0.001389
2026-01-25 15:15+01:00,0.001549
2026-01-25 15:30+01:00,0.001292
2026-01-25 15:45+01:00,0.001418
2026-01-25 16:00+01:00,0.001766
2026-01-25 16:15+01:00,0.001779
2026-01-25 16:30+01:00,0.001785
2026-01-25 16:45+01:00,0.001119
2026-01-25 17:00+01:00,0.001021
2026-01-25 17:15+01:00,0.001778
2026-01-25 17:30+01:00,0.001511
2026-01-25 17:45+01:00,0.001484
2026-01-25 18:00+01:00,0.001679
2026-01-25 18:15+01:00,0.001338
2026-01-25 18:30+01:00,0.001279
2026-01-25 18:45+01:00,0.001693
2026-01-25 19:00+01:00,0.000000
2026-01-25 19:15+01:00,0.001640
2026-01-25 19:30+01:00,0.001722
2026-01-25 19:45+01:00,0.000947
2026-01-25 20:00+01:00,0.001822
2026-01-25 20:15+01:00,0.001263
2026-01-25 20:30+01:00,0.000000
2026-01-25 20:45+01:00,0.001635
2026-01-25 21:00+01:00,0.001627
2026-01-25 21:15+01:00,0.001440
2026-01-25 21:30+01:00,0.000000
2026-01-25 21:45+01:00,0.001282
2026-01-25 22:00+01:00,0.001912
2026-01-25 22:15+01:00,0.001283
2026-01-25 22:30+01:00,0.002544
2026-01-25 22:45+01:00,0.001501
2026-01-25 23:00+01:00,0.001129
2026-01-25 23:15+01:00,0.000954
2026-01-25 23:30+01:00,0.001801
2026-01-25 23:45+01:00,0.001419
2026-01-26 00:00+01:00,0.001641
2026-01-26 00:15+01:00,0.000000
2026-01-26 00:30+01:00,0.003927
2026-01-26 00:45+01:00,0.002931
2026-01-26 01:00+01:00,0.002013
2026-01-26 01:15+01:00,0.002318
2026-01-26 01:30+01:00,0.002423
2026-01-26 01:45+01:00,0.002656
2026-01-26 02:00+01:00,0.001656
2026-01-26 02:15+01:00,0.002104
2026-01-26 02:30+01:00,0.000000
2026-01-26 02:45+01:00,0.003862
2026-01-26 03:00+01:00,0.001760
2026-01-26 03:15+01:00,
2026-01-26 03:30+01:00,
2026-01-26 03:45+01:00,0.002614
2026-01-26 04:00+01:00,0.001825
2026-01-26 04:15+01:00,0.002395
2026-01-26 04:30+01:00,0.002943
2026-01-26 04:45+01:00,0.002086
2026-01-26 05:00+01:00,0.000000
2026-01-26 05:15+01:00,0.002627
2026-01-26 05:30+01:00,0.002283
2026-01-26 05:45+01:00,0.001786
2026-01-26 06:00+01:00,0.002818
2026-01-26 06:15+01:00,0.002500
2026-01-26 06:30+01:00,0.001833
2026-01-26 06:45+01:00,0.003513
2026-01-26 07:00+01:00,0.106692
2026-01-26 07:15+01:00,0.123807
2026-01-26 07:30+01:00,0.103775
2026-01-26 07:45+01:00,0.115093
2026-01-26 08:00+01:00,0.132230
2026-01-26 08:15+01:00,0.108330
2026-01-26 08:30+01:00,0.121110
2026-01-26 08:45+01:00,0.134284
2026-01-26 09:00+01:00,0.118940
2026-01-26 09:15+01:00,0.124858
2026-01-26 09:30+01:00,0.130973
2026-01-26 09:45+01:00,0.157233
2026-01-26 10:00+01:00,0.126462
2026-01-26 10:15+01:00,0.117295
2026-01-26 10:30+01:00,0.128422
2026-01-26 10:45+01:00,0.137052
2026-01-26 11:00+01:00,0.113825
2026-01-26 11:15+01:00,0.118896
2026-01-26 11:30+01:00,0.108639
2026-01-26 11:45+01:00,0.106672
2026-01-26 12:00+01:00,0.128500
2026-01-26 12:15+01:00,0.143962
2026-01-26 12:30+01:00,0.133660
2026-01-26 12:45+01:00,0.131602
2026-01-26 13:00+01:00,0.129635
2026-01-26 13:15+01:00,0.168590
2026-01-26 13:30+01:00,0.136995
2026-01-26 13:45+01:00,0.144121
2026-01-26 14:00+01:00,0.142395
2026-01-26 14:15+01:00,0.118665
2026-01-26 14:30+01:00,0.136069
2026-01-26 14:45+01:00,0.132813
2026-01-26 15:00+01:00,0.143192
2026-01-26 15:15+01:00,0.125789
2026-01-26 15:30+01:00,0.163949
2026-01-26 15:45+01:00,0.136419
2026-01-26 16:00+01:00,0.108966
2026-01-26 16:15+01:00,0.114889
2026-01-26 16:30+01:00,0.152897
2026-01-26 16:45+01:00,0.149126
2026-01-26 17:00+01:00,0.142231
2026-01-26 17:15+01:00,0.125953
2026-01-26 17:30+01:00,0.129321
2026-01-26 17:45+01:00,0.128613
2026-01-26 18:00+01:00,0.003056
2026-01-26 18:15+01:00,0.001087
2026-01-26 18:30+01:00,0.002350
2026-01-26 18:45+01:00,0.001863
2026-01-26 19:00+01:00,0.003025
2026-01-26 19:15+01:00,0.002589
2026-01-26 19:30+01:00,0.002711
2026-01-26 19:45+01:00,0.002241
2026-01-26 20:00+01:00,0.003138
2026-01-26 20:15+01:00,0.002342
2026-01-26 20:30+01:00,0.000000
2026-01-26 20:45+01:00,0.002456
2026-01-26 21:00+01:00,0.003440
2026-01-26 21:15+01:00,0.002796
2026-01-26 21:30+01:00,0.002732
2026-01-26 21:45+01:00,0.002239
2026-01-26 22:00+01:00,0.000000
2026-01-26 22:15+01:00,0.002048
2026-01-26 22:30+01:00,0.003697
2026-01-26 22:45+01:00,0.002789
2026-01-26 23:00+01:00,0.002938
2026-01-26 23:15+01:00,0.001388
2026-01-26 23:30+01:00,0.000000
2026-01-26 23:45+01:00,0.002743
2026-01-27 00:00+01:00,0.002264
2026-01-27 00:15+01:00,
2026-01-27 00:30+01:00,0.002700
2026-01-27 00:45+01:00,0.002958
2026-01-27 01:00+01:00,0.002758
2026-01-27 01:15+01:00,0.002560
2026-01-27 01:30+01:00,0.002539
2026-01-27 01:45+01:00,0.002378
2026-01-27 02:00+01:00,0.003190
2026-01-27 02:15+01:00,0.002130
2026-01-27 02:30+01:00,0.001917
2026-01-27 02:45+01:00,0.003291
2026-01-27 03:00+01:00,0.001898
2026-01-27 03:15+01:00,0.003044
2026-01-27 03:30+01:00,0.003073
2026-01-27 03:45+01:00,0.002647
2026-01-27 04:00+01:00,0.002347
2026-01-27 04:15+01:00,0.002544
2026-01-27 04:30+01:00,0.001831
2026-01-27 04:45+01:00,0.002740
2026-01-27 05:00+01:00,0.003336
2026-01-27 05:15+01:00,0.002344
2026-01-27 05:30+01:00,0.001654
2026-01-27 05:45+01:00,0.002754
2026-01-27 06:00+01:00,0.002583
2026-01-27 06:15+01:00,0.002898
2026-01-27 06:30+01:00,0.002788
2026-01-27 06:45+01:00,0.001944
2026-01-27 07:00+01:00,0.128961
2026-01-27 07:15+01:00,0.119396
2026-01-27 07:30+01:00,0.116141
2026-01-27 07:45+01:00,0.144365
2026-01-27 08:00+01:00,0.131309
2026-01-27 08:15+01:00,0.119576
2026-01-27 08:30+01:00,0.112659
2026-01-27 08:45+01:00,0.144080
2026-01-27 09:00+01:00,0.131893
2026-01-27 09:15+01:00,0.136013
2026-01-27 09:30+01:00,0.108129
2026-01-27 09:45+01:00,0.119487
2026-01-27 10:00+01:00,0.133942
2026-01-27 10:15+01:00,0.113114
2026-01-27 10:30+01:00,0.135880
2026-01-27 10:45+01:00,0.135855
2026-01-27 11:00+01:00,0.095939
2026-01-27 11:15+01:00,0.120312
2026-01-27 11:30+01:00,0.119675
2026-01-27 11:45+01:00,0.117676
2026-01-27 12:00+01:00,0.120588
2026-01-27 12:15+01:00,0.156345
2026-01-27 12:30+01:00,0.115288
2026-01-27 12:45+01:00,0.091087
2026-01-27 13:00+01:00,0.131864
2026-01-27 13:15+01:00,0.139924
2026-01-27 13:30+01:00,0.122842
2026-01-27 13:45+01:00,0.131118
2026-01-27 14:00+01:00,0.143057
2026-01-27 14:15+01:00,0.123808
2026-01-27 14:30+01:00,0.134275
2026-01-27 14:45+01:00,
2026-01-27 15:00+01:00,0.140958
2026-01-27 15:15+01:00,0.113877
2026-01-27 15:30+01:00,0.086341
2026-01-27 15:45+01:00,0.130584
2026-01-27 16:00+01:00,0.135355
2026-01-27 16:15+01:00,0.139304
2026-01-27 16:30+01:00,0.126846
2026-01-27 16:45+01:00,0.154620
2026-01-27 17:00+01:00,0.108354
2026-01-27 17:15+01:00,
2026-01-27 17:30+01:00,0.124138
2026-01-27 17:45+01:00,0.140898
2026-01-27 18:00+01:00,0.003667
2026-01-27 18:15+01:00,0.001870
2026-01-27 18:30+01:00,0.002481
2026-01-27 18:45+01:00,0.002459
2026-01-27 19:00+01:00,0.003036
2026-01-27 19:15+01:00,0.002629
2026-01-27 19:30+01:00,0.002602
2026-01-27 19:45+01:00,0.003397
2026-01-27 20:00+01:00,0.002878
2026-01-27 20:15+01:00,0.003046
2026-01-27 20:30+01:00,0.003344
2026-01-27 20:45+01:00,0.002638
2026-01-27 21:00+01:00,0.002655
2026-01-27 21:15+01:00,0.002531
2026-01-27 21:30+01:00,0.002306
2026-01-27 21:45+01:00,0.002797
2026-01-27 22:00+01:00,0.003228
2026-01-27 22:15+01:00,0.002341
2026-01-27 22:30+01:00,0.017288
2026-01-27 22:45+01:00,0.003545
2026-01-27 23:00+01:00,0.003404
2026-01-27 23:15+01:00,0.003003
2026-01-27 23:30+01:00,0.000000
2026-01-27 23:45+01:00,0.002950
2026-01-28 00:00+01:00,
2026-01-28 00:15+01:00,0.000000
2026-01-28 00:30+01:00,0.002909
2026-01-28 00:45+01:00,0.003931
2026-01-28 01:00+01:00,0.000000
2026-01-28 01:15+01:00,0.002200
2026-01-28 01:30+01:00,0.002103
2026-01-28 01:45+01:00,0.002745
2026-01-28 02:00+01:00,0.002728
2026-01-28 02:15+01:00,0.002816
2026-01-28 02:30+01:00,0.001544
2026-01-28 02:45+01:00,0.002338
2026-01-28 03:00+01:00,0.002878
2026-01-28 03:15+01:00,0.002775
2026-01-28 03:30+01:00,0.002621
2026-01-28 03:45+01:00,
2026-01-28 04:00+01:00,0.002853
2026-01-28 04:15+01:00,0.002838
2026-01-28 04:30+01:00,0.002701
2026-01-28 04:45+01:00,0.002983
2026-01-28 05:00+01:00,0.002464
2026-01-28 05:15+01:00,0.001948
2026-01-28 05:30+01:00,0.003194
2026-01-28 05:45+01:00,0.002958
2026-01-28 06:00+01:00,0.003161
2026-01-28 06:15+01:00,0.002872
2026-01-28 06:30+01:00,0.002985
2026-01-28 06:45+01:00,0.001550
2026-01-28 07:00+01:00,0.145400
2026-01-28 07:15+01:00,0.127892
2026-01-28 07:30+01:00,0.148647
2026-01-28 07:45+01:00,0.143824
2026-01-28 08:00+01:00,0.123064
2026-01-28 08:15+01:00,0.113626
2026-01-28 08:30+01:00,0.107798
2026-01-28 08:45+01:00,0.171178
2026-01-28 09:00+01:00,0.151373
2026-01-28 09:15+01:00,0.128268
2026-01-28 09:30+01:00,0.123366
2026-01-28 09:45+01:00,0.134057
2026-01-28 10:00+01:00,0.146623
2026-01-28 10:15+01:00,0.119372
2026-01-28 10:30+01:00,0.144328
2026-01-28 10:45+01:00,0.134193
2026-01-28 11:00+01:00,0.143386
2026-01-28 11:15+01:00,0.124568
2026-01-28 11:30+01:00,0.116556
2026-01-28 11:45+01:00,0.108570
2026-01-28 12:00+01:00,0.166325
2026-01-28 12:15+01:00,0.108707
2026-01-28 12:30+01:00,0.132322
2026-01-28 12:45+01:00,0.105556
2026-01-28 13:00+01:00,0.143555
2026-01-28 13:15+01:00,
2026-01-28 13:30+01:00,0.078846
2026-01-28 13:45+01:00,0.108991
2026-01-28 14:00+01:00,0.115585
2026-01-28 14:15+01:00,0.108959
2026-01-28 14:30+01:00,0.134140
2026-01-28 14:45+01:00,0.124325
2026-01-28 15:00+01:00,0.142389
2026-01-28 15:15+01:00,
2026-01-28 15:30+01:00,0.137193
2026-01-28 15:45+01:00,0.120339
2026-01-28 16:00+01:00,0.138836
2026-01-28 16:15+01:00,
2026-01-28 16:30+01:00,0.135208
2026-01-28 16:45+01:00,0.087282
2026-01-28 17:00+01:00,
2026-01-28 17:15+01:00,0.133781
2026-01-28 17:30+01:00,0.147284
2026-01-28 17:45+01:00,0.125750
2026-01-28 18:00+01:00,0.003149
2026-01-28 18:15+01:00,0.002182
2026-01-28 18:30+01:00,0.002946
2026-01-28 18:45+01:00,0.002959
2026-01-28 19:00+01:00,0.003591
2026-01-28 19:15+01:00,0.002302
2026-01-28 19:30+01:00,0.002248
2026-01-28 19:45+01:00,0.002783
2026-01-28 20:00+01:00,0.002231
2026-01-28 20:15+01:00,0.001995
2026-01-28 20:30+01:00,0.002406
2026-01-28 20:45+01:00,0.002557
2026-01-28 21:00+01:00,0.001308
2026-01-28 21:15+01:00,0.002433
2026-01-28 21:30+01:00,0.002010
2026-01-28 21:45+01:00,0.002908
2026-01-28 22:00+01:00,0.002709
2026-01-28 22:15+01:00,0.002703
2026-01-28 22:30+01:00,0.001679
2026-01-28 22:45+01:00,0.002639
2026-01-28 23:00+01:00,0.001976
2026-01-28 23:15+01:00,0.002551
2026-01-28 23:30+01:00,0.002880
2026-01-28 23:45+01:00,0.002520
2026-01-29 00:00+01:00,0.002973
2026-01-29 00:15+01:00,0.002312
2026-01-29 00:30+01:00,
2026-01-29 00:45+01:00,0.003361
2026-01-29 01:00+01:00,0.003017
2026-01-29 01:15+01:00,0.003020
2026-01-29 01:30+01:00,0.003134
2026-01-29 01:45+01:00,0.000000
2026-01-29 02:00+01:00,0.001365
2026-01-29 02:15+01:00,0.003370
2026-01-29 02:30+01:00,0.002623
2026-01-29 02:45+01:00,0.003122
2026-01-29 03:00+01:00,0.002222
2026-01-29 03:15+01:00,0.002937
2026-01-29 03:30+01:00,0.002344
2026-01-29 03:45+01:00,0.002728
2026-01-29 04:00+01:00,0.003342
2026-01-29 04:15+01:00,0.002458
2026-01-29 04:30+01:00,0.003137
2026-01-29 04:45+01:00,0.003402
2026-01-29 05:00+01:00,0.002707
2026-01-29 05:15+01:00,0.002770
2026-01-29 05:30+01:00,0.003061
2026-01-29 05:45+01:00,0.002087
2026-01-29 06:00+01:00,0.003042
2026-01-29 06:15+01:00,0.002732
2026-01-29 06:30+01:00,0.002754
2026-01-29 06:45+01:00,0.003207
2026-01-29 07:00+01:00,0.121388
2026-01-29 07:15+01:00,0.136826
2026-01-29 07:30+01:00,0.124035
2026-01-29 07:45+01:00,0.121225
2026-01-29 08:00+01:00,0.122553
2026-01-29 08:15+01:00,0.152312
2026-01-29 08:30+01:00,0.169784
2026-01-29 08:45+01:00,0.119738
2026-01-29 09:00+01:00,0.137783
2026-01-29 09:15+01:00,0.111255
2026-01-29 09:30+01:00,0.128984
2026-01-29 09:45+01:00,0.129496
2026-01-29 10:00+01:00,0.119174
2026-01-29 10:15+01:00,0.125840
2026-01-29 10:30+01:00,0.143040
2026-01-29 10:45+01:00,0.170463
2026-01-29 11:00+01:00,0.156953
2026-01-29 11:15+01:00,0.119624
2026-01-29 11:30+01:00,0.122101
2026-01-29 11:45+01:00,0.101667
2026-01-29 12:00+01:00,0.120317
2026-01-29 12:15+01:00,0.120904
2026-01-29 12:30+01:00,0.140103
2026-01-29 12:45+01:00,0.147825
2026-01-29 13:00+01:00,0.144523
2026-01-29 13:15+01:00,0.118907
2026-01-29 13:30+01:00,0.122771
2026-01-29 13:45+01:00,0.145121
2026-01-29 14:00+01:00,0.127729
2026-01-29 14:15+01:00,0.153853
2026-01-29 14:30+01:00,0.123522
2026-01-29 14:45+01:00,0.146879
2026-01-29 15:00+01:00,0.130435
2026-01-29 15:15+01:00,0.128406
2026-01-29 15:30+01:00,0.143863
2026-01-29 15:45+01:00,0.133653
2026-01-29 16:00+01:00,0.149546
2026-01-29 16:15+01:00,0.135512
2026-01-29 16:30+01:00,0.142152
2026-01-29 16:45+01:00,0.118949
2026-01-29 17:00+01:00,0.125943
2026-01-29 17:15+01:00,0.129295
2026-01-29 17:30+01:00,0.152662
2026-01-29 17:45+01:00,0.108572
2026-01-29 18:00+01:00,0.002635
2026-01-29 18:15+01:00,0.002313
2026-01-29 18:30+01:00,0.001191
2026-01-29 18:45+01:00,0.002116
2026-01-29 19:00+01:00,0.002230
2026-01-29 19:15+01:00,0.002609
2026-01-29 19:30+01:00,0.003788
2026-01-29 19:45+01:00,0.002085
2026-01-29 20:00+01:00,0.002306
2026-01-29 20:15+01:00,0.002739
2026-01-29 20:30+01:00,0.002622
2026-01-29 20:45+01:00,0.001833
2026-01-29 21:00+01:00,0.002278
2026-01-29 21:15+01:00,0.002430
2026-01-29 21:30+01:00,0.000000
2026-01-29 21:45+01:00,0.002595
2026-01-29 22:00+01:00,0.002165
2026-01-29 22:15+01:00,0.002037
2026-01-29 22:30+01:00,0.002395
2026-01-29 22:45+01:00,0.000000
2026-01-29 23:00+01:00,0.002315
2026-01-29 23:15+01:00,0.002140
2026-01-29 23:30+01:00,0.003123
2026-01-29 23:45+01:00,0.002485
2026-01-30 00:00+01:00,0.002487
2026-01-30 00:15+01:00,0.001745
2026-01-30 00:30+01:00,0.002442
2026-01-30 00:45+01:00,0.002239
2026-01-30 01:00+01:00,0.001705
2026-01-30 01:15+01:00,0.002515
2026-01-30 01:30+01:00,0.002342
2026-01-30 01:45+01:00,0.002525
2026-01-30 02:00+01:00,0.002457
2026-01-30 02:15+01:00,0.002292
2026-01-30 02:30+01:00,0.002068
2026-01-30 02:45+01:00,0.003451
2026-01-30 03:00+01:00,0.003104
2026-01-30 03:15+01:00,0.002609
2026-01-30 03:30+01:00,0.002849
2026-01-30 03:45+01:00,0.003189
2026-01-30 04:00+01:00,0.003568
2026-01-30 04:15+01:00,0.002851
2026-01-30 04:30+01:00,0.001792
2026-01-30 04:45+01:00,0.001627
2026-01-30 05:00+01:00,0.002639
2026-01-30 05:15+01:00,0.001882
2026-01-30 05:30+01:00,0.000000
2026-01-30 05:45+01:00,0.002061
2026-01-30 06:00+01:00,0.001847
2026-01-30 06:15+01:00,0.002879
2026-01-30 06:30+01:00,0.003508
2026-01-30 06:45+01:00,0.003007
2026-01-30 07:00+01:00,0.111679
2026-01-30 07:15+01:00,0.118227
2026-01-30 07:30+01:00,0.125721
2026-01-30 07:45+01:00,0.166190
2026-01-30 08:00+01:00,0.143572
2026-01-30 08:15+01:00,0.137387
2026-01-30 08:30+01:00,0.109762
2026-01-30 08:45+01:00,0.117043
2026-01-30 09:00+01:00,0.120030
2026-01-30 09:15+01:00,0.131155
2026-01-30 09:30+01:00,0.136603
2026-01-30 09:45+01:00,0.119546
2026-01-30 10:00+01:00,0.139680
2026-01-30 10:15+01:00,0.141885
2026-01-30 10:30+01:00,0.129575
2026-01-30 10:45+01:00,0.129052
2026-01-30 11:00+01:00,0.126030
2026-01-30 11:15+01:00,0.124897
2026-01-30 11:30+01:00,0.133966
2026-01-30 11:45+01:00,0.122077
2026-01-30 12:00+01:00,0.111585
2026-01-30 12:15+01:00,
2026-01-30 12:30+01:00,0.110430
2026-01-30 12:45+01:00,0.124002
2026-01-30 13:00+01:00,0.134182
2026-01-30 13:15+01:00,0.109294
2026-01-30 13:30+01:00,0.132805
2026-01-30 13:45+01:00,0.128867
2026-01-30 14:00+01:00,0.122843
2026-01-30 14:15+01:00,0.118843
2026-01-30 14:30+01:00,0.135684
2026-01-30 14:45+01:00,0.119565
2026-01-30 15:00+01:00,0.144436
2026-01-30 15:15+01:00,0.132588
2026-01-30 15:30+01:00,0.149999
2026-01-30 15:45+01:00,0.162525
2026-01-30 16:00+01:00,0.111197
2026-01-30 16:15+01:00,0.139140
2026-01-30 16:30+01:00,0.156125
2026-01-30 16:45+01:00,0.126404
2026-01-30 17:00+01:00,0.110286
2026-01-30 17:15+01:00,0.111280
2026-01-30 17:30+01:00,0.130599
2026-01-30 17:45+01:00,0.131179
2026-01-30 18:00+01:00,0.003452
2026-01-30 18:15+01:00,0.001378
2026-01-30 18:30+01:00,0.002930
2026-01-30 18:45+01:00,0.002709
2026-01-30 19:00+01:00,0.002643
2026-01-30 19:15+01:00,0.003372
2026-01-30 19:30+01:00,0.002959
2026-01-30 19:45+01:00,0.003101
2026-01-30 20:00+01:00,0.002114
2026-01-30 20:15+01:00,0.001855
2026-01-30 20:30+01:00,0.002451
2026-01-30 20:45+01:00,0.002384
2026-01-30 21:00+01:00,0.002553
2026-01-30 21:15+01:00,0.002538
2026-01-30 21:30+01:00,0.001944
2026-01-30 21:45+01:00,0.000000
2026-01-30 22:00+01:00,0.002330
2026-01-30 22:15+01:00,0.003164
2026-01-30 22:30+01:00,0.002733
2026-01-30 22:45+01:00,0.003103
2026-01-30 23:00+01:00,0.001863
2026-01-30 23:15+01:00,0.002868
2026-01-30 23:30+01:00,0.002817
2026-01-30 23:45+01:00,0.002377
2026-01-31 00:00+01:00,0.003020
2026-01-31 00:15+01:00,0.001372
2026-01-31 00:30+01:00,0.001114
2026-01-31 00:45+01:00,0.002149
2026-01-31 01:00+01:00,0.001648
2026-01-31 01:15+01:00,0.002097
2026-01-31 01:30+01:00,0.001734
2026-01-31 01:45+01:00,0.001219
2026-01-31 02:00+01:00,0.001751
2026-01-31 02:15+01:00,0.001819
2026-01-31 02:30+01:00,0.001151
2026-01-31 02:45+01:00,0.001847
2026-01-31 03:00+01:00,0.001577
2026-01-31 03:15+01:00,0.001872
2026-01-31 03:30+01:00,0.001453
2026-01-31 03:45+01:00,0.001232
2026-01-31 04:00+01:00,0.001827
2026-01-31 04:15+01:00,0.001793
2026-01-31 04:30+01:00,0.001917
2026-01-31 04:45+01:00,0.001368
2026-01-31 05:00+01:00,0.001494
2026-01-31 05:15+01:00,0.001469
2026-01-31 05:30+01:00,0.001957
2026-01-31 05:45+01:00,0.001875
2026-01-31 06:00+01:00,0.001136
2026-01-31 06:15+01:00,0.001278
2026-01-31 06:30+01:00,0.001099
2026-01-31 06:45+01:00,0.001551
2026-01-31 07:00+01:00,0.001232
2026-01-31 07:15+01:00,0.001335
2026-01-31 07:30+01:00,0.002175
2026-01-31 07:45+01:00,0.001361
2026-01-31 08:00+01:00,0.001636
2026-01-31 08:15+01:00,0.001768
2026-01-31 08:30+01:00,0.001469
2026-01-31 08:45+01:00,0.002164
2026-01-31 09:00+01:00,0.002298
2026-01-31 09:15+01:00,0.001677
2026-01-31 09:30+01:00,0.001388
2026-01-31 09:45+01:00,0.000815
2026-01-31 10:00+01:00,0.001914
2026-01-31 10:15+01:00,0.000000
2026-01-31 10:30+01:00,0.001676
2026-01-31 10:45+01:00,0.001347
2026-01-31 11:00+01:00,0.001397
2026-01-31 11:15+01:00,0.001534
2026-01-31 11:30+01:00,0.001353
2026-01-31 11:45+01:00,0.001817
2026-01-31 12:00+01:00,0.001925
2026-01-31 12:15+01:00,0.001387
2026-01-31 12:30+01:00,0.001895
2026-01-31 12:45+01:00,0.001326
2026-01-31 13:00+01:00,0.001600
2026-01-31 13:15+01:00,0.002194
2026-01-31 13:30+01:00,0.001917
2026-01-31 13:45+01:00,0.001438
2026-01-31 14:00+01:00,0.001233
2026-01-31 14:15+01:00,0.001143
2026-01-31 14:30+01:00,0.002064
2026-01-31 14:45+01:00,
2026-01-31 15:00+01:00,0.000982
2026-01-31 15:15+01:00,0.001350
2026-01-31 15:30+01:00,0.001490
2026-01-31 15:45+01:00,0.001563
2026-01-31 16:00+01:00,0.001986
2026-01-31 16:15+01:00,0.001533
2026-01-31 16:30+01:00,0.001578
2026-01-31 16:45+01:00,0.001450
2026-01-31 17:00+01:00,0.001426
2026-01-31 17:15+01:00,0.001084
2026-01-31 17:30+01:00,0.001766
2026-01-31 17:45+01:00,0.001646
2026-01-31 18:00+01:00,0.001443
2026-01-31 18:15+01:00,0.001319
2026-01-31 18:30+01:00,0.001497
2026-01-31 18:45+01:00,0.001503
2026-01-31 19:00+01:00,0.001424
2026-01-31 19:15+01:00,0.002114
2026-01-31 19:30+01:00,0.001426
2026-01-31 19:45+01:00,0.001758
2026-01-31 20:00+01:00,0.001598
2026-01-31 20:15+01:00,0.001179
2026-01-31 20:30+01:00,0.001623
2026-01-31 20:45+01:00,0.001508
2026-01-31 21:00+01:00,0.001124
2026-01-31 21:15+01:00,0.001053
2026-01-31 21:30+01:00,0.001026
2026-01-31 21:45+01:00,0.001569
2026-01-31 22:00+01:00,0.001339
2026-01-31 22:15+01:00,0.001374
2026-01-31 22:30+01:00,0.001569
2026-01-31 22:45+01:00,0.000952
2026-01-31 23:00+01:00,0.001582
2026-01-31 23:15+01:00,0.001238
2026-01-31 23:30+01:00,0.001367
2026-01-31 23:45+01:00,0.001258
2026-02-01 00:00+01:00,0.001850
2026-02-01 00:15+01:00,0.001945
2026-02-01 00:30+01:00,0.001565
2026-02-01 00:45+01:00,0.000000
2026-02-01 01:00+01:00,0.001509
2026-02-01 01:15+01:00,0.000767
2026-02-01 01:30+01:00,0.001718
2026-02-01 01:45+01:00,0.001408
2026-02-01 02:00+01:00,0.001316
2026-02-01 02:15+01:00,0.001702
2026-02-01 02:30+01:00,0.001731
2026-02-01 02:45+01:00,0.000929
2026-02-01 03:00+01:00,0.001610
2026-02-01 03:15+01:00,0.001575
2026-02-01 03:30+01:00,0.001320
2026-02-01 03:45+01:00,0.001227
2026-02-01 04:00+01:00,0.001417
2026-02-01 04:15+01:00,0.001541
2026-02-01 04:30+01:00,0.002190
2026-02-01 04:45+01:00,0.001339
2026-02-01 05:00+01:00,0.001251
2026-02-01 05:15+01:00,0.001901
2026-02-01 05:30+01:00,0.002043
2026-02-01 05:45+01:00,0.001603
2026-02-01 06:00+01:00,0.001554
2026-02-01 06:15+01:00,0.001481
2026-02-01 06:30+01:00,0.001905
2026-02-01 06:45+01:00,
2026-02-01 07:00+01:00,0.001524
2026-02-01 07:15+01:00,0.001755
2026-02-01 07:30+01:00,0.001695
2026-02-01 07:45+01:00,0.000952
2026-02-01 08:00+01:00,0.001480
2026-02-01 08:15+01:00,0.001531
2026-02-01 08:30+01:00,
2026-02-01 08:45+01:00,0.001599
2026-02-01 09:00+01:00,0.001665
2026-02-01 09:15+01:00,0.001895
2026-02-01 09:30+01:00,0.001351
2026-02-01 09:45+01:00,0.001476
2026-02-01 10:00+01:00,0.001822
2026-02-01 10:15+01:00,0.001735
2026-02-01 10:30+01:00,0.001950
2026-02-01 10:45+01:00,0.001789
2026-02-01 11:00+01:00,0.001640
2026-02-01 11:15+01:00,0.001846
2026-02-01 11:30+01:00,0.001594
2026-02-01 11:45+01:00,0.002008
2026-02-01 12:00+01:00,0.001892
2026-02-01 12:15+01:00,0.001888
2026-02-01 12:30+01:00,0.001834
2026-02-01 12:45+01:00,0.001646
2026-02-01 13:00+01:00,0.000936
2026-02-01 13:15+01:00,0.001904
2026-02-01 13:30+01:00,0.001584
2026-02-01 13:45+01:00,0.001849
2026-02-01 14:00+01:00,0.001695
2026-02-01 14:15+01:00,0.001207
2026-02-01 14:30+01:00,
2026-02-01 14:45+01:00,0.001200
2026-02-01 15:00+01:00,0.001416
2026-02-01 15:15+01:00,0.001340
2026-02-01 15:30+01:00,0.001776
2026-02-01 15:45+01:00,0.001300
2026-02-01 16:00+01:00,0.001957
2026-02-01 16:15+01:00,0.000000
2026-02-01 16:30+01:00,0.001628
2026-02-01 16:45+01:00,0.001672
2026-02-01 17:00+01:00,0.000887
2026-02-01 17:15+01:00,0.000991
2026-02-01 17:30+01:00,
2026-02-01 17:45+01:00,0.001377
2026-02-01 18:00+01:00,0.001463
2026-02-01 18:15+01:00,0.001716
2026-02-01 18:30+01:00,0.000839
2026-02-01 18:45+01:00,0.001147
2026-02-01 19:00+01:00,0.001256
2026-02-01 19:15+01:00,0.001788
2026-02-01 19:30+01:00,0.002086
2026-02-01 19:45+01:00,0.001830
2026-02-01 20:00+01:00,0.001574
2026-02-01 20:15+01:00,0.001199
2026-02-01 20:30+01:00,0.001490
2026-02-01 20:45+01:00,0.001470
2026-02-01 21:00+01:00,0.000902
2026-02-01 21:15+01:00,0.000957
2026-02-01 21:30+01:00,0.000983
2026-02-01 21:45+01:00,0.002019
2026-02-01 22:00+01:00,0.001428
2026-02-01 22:15+01:00,0.001452
2026-02-01 22:30+01:00,0.001530
2026-02-01 22:45+01:00,0.001785
2026-02-01 23:00+01:00,0.001471
2026-02-01 23:15+01:00,0.000963
2026-02-01 23:30+01:00,0.002161
2026-02-01 23:45+01:00,0.000830
2026-02-02 00:00+01:00,0.001916
2026-02-02 00:15+01:00,0.002967
2026-02-02 00:30+01:00,0.000000
2026-02-02 00:45+01:00,0.002755
2026-02-02 01:00+01:00,0.003959
2026-02-02 01:15+01:00,0.002123
2026-02-02 01:30+01:00,0.001742
2026-02-02 01:45+01:00,0.002689
2026-02-02 02:00+01:00,0.001941
2026-02-02 02:15+01:00,0.000000
2026-02-02 02:30+01:00,0.002697
2026-02-02 02:45+01:00,0.002440
2026-02-02 03:00+01:00,0.002251
2026-02-02 03:15+01:00,0.002595
2026-02-02 03:30+01:00,0.002228
2026-02-02 03:45+01:00,0.002445
2026-02-02 04:00+01:00,0.002183
2026-02-02 04:15+01:00,0.002904
2026-02-02 04:30+01:00,0.001627
2026-02-02 04:45+01:00,0.002553
2026-02-02 05:00+01:00,0.002513
2026-02-02 05:15+01:00,0.001473
2026-02-02 05:30+01:00,0.003024
2026-02-02 05:45+01:00,0.000000
2026-02-02 06:00+01:00,0.002104
2026-02-02 06:15+01:00,0.002867
2026-02-02 06:30+01:00,0.001865
2026-02-02 06:45+01:00,0.001326
2026-02-02 07:00+01:00,0.090928
2026-02-02 07:15+01:00,0.124873
2026-02-02 07:30+01:00,0.118477
2026-02-02 07:45+01:00,0.135638
2026-02-02 08:00+01:00,0.154841
2026-02-02 08:15+01:00,0.137459
2026-02-02 08:30+01:00,0.145442
2026-02-02 08:45+01:00,0.145494
2026-02-02 09:00+01:00,0.105414
2026-02-02 09:15+01:00,0.117520
2026-02-02 09:30+01:00,0.134437
2026-02-02 09:45+01:00,0.102874
2026-02-02 10:00+01:00,0.159814
2026-02-02 10:15+01:00,0.111030
2026-02-02 10:30+01:00,0.150794
2026-02-02 10:45+01:00,0.112539
2026-02-02 11:00+01:00,0.134173
2026-02-02 11:15+01:00,0.152682
2026-02-02 11:30+01:00,0.122996
2026-02-02 11:45+01:00,0.133222
2026-02-02 12:00+01:00,0.129258
2026-02-02 12:15+01:00,0.120557
2026-02-02 12:30+01:00,0.129418
2026-02-02 12:45+01:00,0.131293
2026-02-02 13:00+01:00,0.170134
2026-02-02 13:15+01:00,0.148773
2026-02-02 13:30+01:00,
2026-02-02 13:45+01:00,0.127036
2026-02-02 14:00+01:00,0.136911
2026-02-02 14:15+01:00,0.145117
2026-02-02 14:30+01:00,0.128574
2026-02-02 14:45+01:00,0.128725
2026-02-02 15:00+01:00,0.128148
2026-02-02 15:15+01:00,0.132401
2026-02-02 15:30+01:00,0.139464
2026-02-02 15:45+01:00,0.145638
2026-02-02 16:00+01:00,0.111178
2026-02-02 16:15+01:00,
2026-02-02 16:30+01:00,0.129211
2026-02-02 16:45+01:00,0.124251
2026-02-02 17:00+01:00,0.117218
2026-02-02 17:15+01:00,0.123673
2026-02-02 17:30+01:00,0.145805
2026-02-02 17:45+01:00,0.126061
2026-02-02 18:00+01:00,0.003660
2026-02-02 18:15+01:00,0.002252
2026-02-02 18:30+01:00,0.002327
2026-02-02 18:45+01:00,0.002727
2026-02-02 19:00+01:00,0.002015
2026-02-02 19:15+01:00,0.002406
2026-02-02 19:30+01:00,0.002958
2026-02-02 19:45+01:00,0.003266
2026-02-02 20:00+01:00,0.002688
2026-02-02 20:15+01:00,0.002007
2026-02-02 20:30+01:00,0.003810
2026-02-02 20:45+01:00,0.002306
2026-02-02 21:00+01:00,0.002719
2026-02-02 21:15+01:00,0.002359
2026-02-02 21:30+01:00,0.002736
2026-02-02 21:45+01:00,0.001974
2026-02-02 22:00+01:00,0.002951
2026-02-02 22:15+01:00,0.002508
2026-02-02 22:30+01:00,0.002404
2026-02-02 22:45+01:00,0.001690
2026-02-02 23:00+01:00,0.002662
2026-02-02 23:15+01:00,0.001956
2026-02-02 23:30+01:00,0.002840
2026-02-02 23:45+01:00,0.001729
2026-02-03 00:00+01:00,0.002476
2026-02-03 00:15+01:00,0.003871
2026-02-03 00:30+01:00,0.002327
2026-02-03 00:45+01:00,0.002671
2026-02-03 01:00+01:00,0.002376
2026-02-03 01:15+01:00,0.003343
2026-02-03 01:30+01:00,0.002861
2026-02-03 01:45+01:00,0.001846
2026-02-03 02:00+01:00,0.002213
2026-02-03 02:15+01:00,0.002291
2026-02-03 02:30+01:00,0.002610
2026-02-03 02:45+01:00,0.002256
2026-02-03 03:00+01:00,0.002525
2026-02-03 03:15+01:00,0.002911
2026-02-03 03:30+01:00,0.000000
2026-02-03 03:45+01:00,0.001887
2026-02-03 04:00+01:00,
2026-02-03 04:15+01:00,0.002506
2026-02-03 04:30+01:00,0.003032
2026-02-03 04:45+01:00,0.002709
2026-02-03 05:00+01:00,0.001913
2026-02-03 05:15+01:00,0.002033
2026-02-03 05:30+01:00,0.002589
2026-02-03 05:45+01:00,
2026-02-03 06:00+01:00,0.002313
2026-02-03 06:15+01:00,0.001728
2026-02-03 06:30+01:00,0.002319
2026-02-03 06:45+01:00,0.002789
2026-02-03 07:00+01:00,0.119050
2026-02-03 07:15+01:00,0.143616
2026-02-03 07:30+01:00,0.139990
2026-02-03 07:45+01:00,0.123357
2026-02-03 08:00+01:00,0.139824
2026-02-03 08:15+01:00,0.112429
2026-02-03 08:30+01:00,0.139724
2026-02-03 08:45+01:00,0.144088
2026-02-03 09:00+01:00,0.125989
2026-02-03 09:15+01:00,
2026-02-03 09:30+01:00,0.130970
2026-02-03 09:45+01:00,
2026-02-03 10:00+01:00,0.131238
2026-02-03 10:15+01:00,0.127476
2026-02-03 10:30+01:00,0.112865
2026-02-03 10:45+01:00,0.119195
2026-02-03 11:00+01:00,0.144860
2026-02-03 11:15+01:00,0.121952
2026-02-03 11:30+01:00,
2026-02-03 11:45+01:00,0.133819
2026-02-03 12:00+01:00,0.139444
2026-02-03 12:15+01:00,0.156969
2026-02-03 12:30+01:00,0.120005
2026-02-03 12:45+01:00,0.161857
2026-02-03 13:00+01:00,0.127851
2026-02-03 13:15+01:00,0.136709
2026-02-03 13:30+01:00,0.130831
2026-02-03 13:45+01:00,0.111021
2026-02-03 14:00+01:00,0.141205
2026-02-03 14:15+01:00,0.126037
2026-02-03 14:30+01:00,0.141421
2026-02-03 14:45+01:00,0.136209
2026-02-03 15:00+01:00,0.130998
2026-02-03 15:15+01:00,0.134799
2026-02-03 15:30+01:00,0.102047
2026-02-03 15:45+01:00,0.143359
2026-02-03 16:00+01:00,0.112742
2026-02-03 16:15+01:00,0.143911
2026-02-03 16:30+01:00,
2026-02-03 16:45+01:00,0.121780
2026-02-03 17:00+01:00,0.113422
2026-02-03 17:15+01:00,0.120484
2026-02-03 17:30+01:00,0.126842
2026-02-03 17:45+01:00,0.139630
2026-02-03 18:00+01:00,0.001684
2026-02-03 18:15+01:00,0.003058
2026-02-03 18:30+01:00,
2026-02-03 18:45+01:00,0.002780
2026-02-03 19:00+01:00,0.001779
2026-02-03 19:15+01:00,0.001905
2026-02-03 19:30+01:00,0.002236
2026-02-03 19:45+01:00,0.001476
2026-02-03 20:00+01:00,0.003518
2026-02-03 20:15+01:00,0.001856
2026-02-03 20:30+01:00,0.002137
2026-02-03 20:45+01:00,0.002956
2026-02-03 21:00+01:00,0.002376
2026-02-03 21:15+01:00,0.002761
2026-02-03 21:30+01:00,0.002314
2026-02-03 21:45+01:00,0.000872
2026-02-03 22:00+01:00,0.000000
2026-02-03 22:15+01:00,0.002083
2026-02-03 22:30+01:00,0.002906
2026-02-03 22:45+01:00,0.002153
2026-02-03 23:00+01:00,0.002846
2026-02-03 23:15+01:00,0.001549
2026-02-03 23:30+01:00,0.002750
2026-02-03 23:45+01:00,0.000000
2026-02-04 00:00+01:00,0.003213
2026-02-04 00:15+01:00,0.002098
2026-02-04 00:30+01:00,0.002917
2026-02-04 00:45+01:00,0.003320
2026-02-04 01:00+01:00,0.001776
2026-02-04 01:15+01:00,0.002073
2026-02-04 01:30+01:00,0.002253
2026-02-04 01:45+01:00,0.002710
2026-02-04 02:00+01:00,0.002170
2026-02-04 02:15+01:00,0.002499
2026-02-04 02:30+01:00,0.002720
2026-02-04 02:45+01:00,0.002799
2026-02-04 03:00+01:00,0.003735
2026-02-04 03:15+01:00,0.002905
2026-02-04 03:30+01:00,0.001955
2026-02-04 03:45+01:00,0.002558
2026-02-04 04:00+01:00,0.001168
2026-02-04 04:15+01:00,0.002451
2026-02-04 04:30+01:00,0.002791
2026-02-04 04:45+01:00,0.002319
2026-02-04 05:00+01:00,0.000000
2026-02-04 05:15+01:00,0.002801
2026-02-04 05:30+01:00,0.002231
2026-02-04 05:45+01:00,0.003469
2026-02-04 06:00+01:00,0.002061
2026-02-04 06:15+01:00,0.003404
2026-02-04 06:30+01:00,0.003012
2026-02-04 06:45+01:00,0.002389
2026-02-04 07:00+01:00,0.116423
2026-02-04 07:15+01:00,0.132466
2026-02-04 07:30+01:00,0.139300
2026-02-04 07:45+01:00,0.124844
2026-02-04 08:00+01:00,0.138884
2026-02-04 08:15+01:00,0.141536
2026-02-04 08:30+01:00,0.118852
2026-02-04 08:45+01:00,0.148356
2026-02-04 09:00+01:00,0.121790
2026-02-04 09:15+01:00,
2026-02-04 09:30+01:00,0.135286
2026-02-04 09:45+01:00,0.144217
2026-02-04 10:00+01:00,0.119078
2026-02-04 10:15+01:00,0.122788
2026-02-04 10:30+01:00,0.129332
2026-02-04 10:45+01:00,0.148492
2026-02-04 11:00+01:00,0.140543
2026-02-04 11:15+01:00,0.138991
2026-02-04 11:30+01:00,0.095759
2026-02-04 11:45+01:00,0.119597
2026-02-04 12:00+01:00,0.134011
2026-02-04 12:15+01:00,0.122596
2026-02-04 12:30+01:00,0.095131
2026-02-04 12:45+01:00,0.133225
2026-02-04 13:00+01:00,0.160101
2026-02-04 13:15+01:00,0.119193
2026-02-04 13:30+01:00,0.138880
2026-02-04 13:45+01:00,0.128857
2026-02-04 14:00+01:00,
2026-02-04 14:15+01:00,0.126637
2026-02-04 14:30+01:00,0.166190
2026-02-04 14:45+01:00,0.124253
2026-02-04 15:00+01:00,0.132756
2026-02-04 15:15+01:00,0.116426
2026-02-04 15:30+01:00,0.112882
2026-02-04 15:45+01:00,0.166832
2026-02-04 16:00+01:00,0.129865
2026-02-04 16:15+01:00,0.150569
2026-02-04 16:30+01:00,0.165134
2026-02-04 16:45+01:00,0.120515
2026-02-04 17:00+01:00,0.138188
2026-02-04 17:15+01:00,0.122438
2026-02-04 17:30+01:00,0.106592
2026-02-04 17:45+01:00,0.137043
2026-02-04 18:00+01:00,0.002280
2026-02-04 18:15+01:00,0.002705
2026-02-04 18:30+01:00,0.002600
2026-02-04 18:45+01:00,0.002106
2026-02-04 19:00+01:00,0.002255
2026-02-04 19:15+01:00,0.003654
2026-02-04 19:30+01:00,0.002532
2026-02-04 19:45+01:00,0.002163
2026-02-04 20:00+01:00,0.001963
2026-02-04 20:15+01:00,0.002254
2026-02-04 20:30+01:00,0.002131
2026-02-04 20:45+01:00,0.002453
2026-02-04 21:00+01:00,0.002872
2026-02-04 21:15+01:00,0.002195
2026-02-04 21:30+01:00,0.002498
2026-02-04 21:45+01:00,0.003736
2026-02-04 22:00+01:00,0.001900
2026-02-04 22:15+01:00,0.003699
2026-02-04 22:30+01:00,0.002371
2026-02-04 22:45+01:00,0.002823
2026-02-04 23:00+01:00,0.002338
2026-02-04 23:15+01:00,0.003857
2026-02-04 23:30+01:00,0.002014
2026-02-04 23:45+01:00,0.003077
2026-02-05 00:00+01:00,0.002393
2026-02-05 00:15+01:00,0.002571
2026-02-05 00:30+01:00,0.003284
2026-02-05 00:45+01:00,0.002484
2026-02-05 01:00+01:00,0.002638
2026-02-05 01:15+01:00,0.002190
2026-02-05 01:30+01:00,0.001962
2026-02-05 01:45+01:00,0.002012
2026-02-05 02:00+01:00,0.002805
2026-02-05 02:15+01:00,0.002103
2026-02-05 02:30+01:00,0.003396
2026-02-05 02:45+01:00,0.004032
2026-02-05 03:00+01:00,0.002049
2026-02-05 03:15+01:00,0.003671
2026-02-05 03:30+01:00,0.002093
2026-02-05 03:45+01:00,0.002988
2026-02-05 04:00+01:00,0.002588
2026-02-05 04:15+01:00,0.002637
2026-02-05 04:30+01:00,0.001872
2026-02-05 04:45+01:00,0.003322
2026-02-05 05:00+01:00,0.001791
2026-02-05 05:15+01:00,0.003218
2026-02-05 05:30+01:00,0.002983
2026-02-05 05:45+01:00,0.002660
2026-02-05 06:00+01:00,0.002187
2026-02-05 06:15+01:00,0.003320
2026-02-05 06:30+01:00,0.002577
2026-02-05 06:45+01:00,0.000000
2026-02-05 07:00+01:00,0.140026
2026-02-05 07:15+01:00,0.148128
2026-02-05 07:30+01:00,0.135053
2026-02-05 07:45+01:00,0.119156
2026-02-05 08:00+01:00,0.126258
2026-02-05 08:15+01:00,
2026-02-05 08:30+01:00,0.134647
2026-02-05 08:45+01:00,0.121038
2026-02-05 09:00+01:00,0.148165
2026-02-05 09:15+01:00,0.130239
2026-02-05 09:30+01:00,0.134010
2026-02-05 09:45+01:00,0.131787
2026-02-05 10:00+01:00,0.107401
2026-02-05 10:15+01:00,0.150698
2026-02-05 10:30+01:00,0.136848
2026-02-05 10:45+01:00,0.121133
2026-02-05 11:00+01:00,0.137739
2026-02-05 11:15+01:00,0.127201
2026-02-05 11:30+01:00,0.150491
2026-02-05 11:45+01:00,0.136178
2026-02-05 12:00+01:00,0.126340
2026-02-05 12:15+01:00,0.134669
2026-02-05 12:30+01:00,0.123187
2026-02-05 12:45+01:00,0.108475
2026-02-05 13:00+01:00,0.135012
2026-02-05 13:15+01:00,0.137741
2026-02-05 13:30+01:00,0.148178
2026-02-05 13:45+01:00,0.130702
2026-02-05 14:00+01:00,0.142396
2026-02-05 14:15+01:00,0.146029
2026-02-05 14:30+01:00,0.126598
2026-02-05 14:45+01:00,0.099863
2026-02-05 15:00+01:00,0.136583
2026-02-05 15:15+01:00,0.108670
2026-02-05 15:30+01:00,0.145274
2026-02-05 15:45+01:00,0.145384
2026-02-05 16:00+01:00,0.132637
2026-02-05 16:15+01:00,0.122336
2026-02-05 16:30+01:00,0.122427
2026-02-05 16:45+01:00,0.130391
2026-02-05 17:00+01:00,0.145791
2026-02-05 17:15+01:00,0.135223
2026-02-05 17:30+01:00,0.147539
2026-02-05 17:45+01:00,0.152995
2026-02-05 18:00+01:00,0.001522
2026-02-05 18:15+01:00,0.002236
2026-02-05 18:30+01:00,0.003222
2026-02-05 18:45+01:00,0.002520
2026-02-05 19:00+01:00,0.003566
2026-02-05 19:15+01:00,0.002001
2026-02-05 19:30+01:00,0.002562
2026-02-05 19:45+01:00,0.002679
2026-02-05 20:00+01:00,0.002752
2026-02-05 20:15+01:00,0.002873
2026-02-05 20:30+01:00,0.001950
2026-02-05 20:45+01:00,0.002574
2026-02-05 21:00+01:00,0.002958
2026-02-05 21:15+01:00,0.002443
2026-02-05 21:30+01:00,0.002566
2026-02-05 21:45+01:00,0.002104
2026-02-05 22:00+01:00,0.000000
2026-02-05 22:15+01:00,0.003131
2026-02-05 22:30+01:00,0.000000
2026-02-05 22:45+01:00,0.002201
2026-02-05 23:00+01:00,0.002153
2026-02-05 23:15+01:00,0.002453
2026-02-05 23:30+01:00,0.002747
2026-02-05 23:45+01:00,0.002561
2026-02-06 00:00+01:00,0.002895
2026-02-06 00:15+01:00,0.003219
2026-02-06 00:30+01:00,0.001842
2026-02-06 00:45+01:00,0.002291
2026-02-06 01:00+01:00,0.002845
2026-02-06 01:15+01:00,0.001464
2026-02-06 01:30+01:00,0.002614
2026-02-06 01:45+01:00,0.002124
2026-02-06 02:00+01:00,0.002741
2026-02-06 02:15+01:00,0.002189
2026-02-06 02:30+01:00,0.002772
2026-02-06 02:45+01:00,0.001054
2026-02-06 03:00+01:00,0.001796
2026-02-06 03:15+01:00,0.003075
2026-02-06 03:30+01:00,0.002767
2026-02-06 03:45+01:00,0.002831
2026-02-06 04:00+01:00,0.002825
2026-02-06 04:15+01:00,0.002906
2026-02-06 04:30+01:00,0.002532
2026-02-06 04:45+01:00,0.001580
2026-02-06 05:00+01:00,0.002132
2026-02-06 05:15+01:00,0.001979
2026-02-06 05:30+01:00,0.003412
2026-02-06 05:45+01:00,0.000000
2026-02-06 06:00+01:00,0.002900
2026-02-06 06:15+01:00,0.001766
2026-02-06 06:30+01:00,0.001604
2026-02-06 06:45+01:00,0.002761
2026-02-06 07:00+01:00,0.125311
2026-02-06 07:15+01:00,0.127834
2026-02-06 07:30+01:00,0.140086
2026-02-06 07:45+01:00,0.148091
2026-02-06 08:00+01:00,0.120956
2026-02-06 08:15+01:00,0.116546
2026-02-06 08:30+01:00,0.133942
2026-02-06 08:45+01:00,0.107195
2026-02-06 09:00+01:00,0.130570
2026-02-06 09:15+01:00,0.134708
2026-02-06 09:30+01:00,0.121184
2026-02-06 09:45+01:00,0.116237
2026-02-06 10:00+01:00,0.089665
2026-02-06 10:15+01:00,0.134414
2026-02-06 10:30+01:00,0.121002
2026-02-06 10:45+01:00,0.145481
2026-02-06 11:00+01:00,0.118758
2026-02-06 11:15+01:00,0.105879
2026-02-06 11:30+01:00,0.145484
2026-02-06 11:45+01:00,0.121260
2026-02-06 12:00+01:00,0.129875
2026-02-06 12:15+01:00,0.137748
2026-02-06 12:30+01:00,0.132891
2026-02-06 12:45+01:00,0.121281
2026-02-06 13:00+01:00,0.132459
2026-02-06 13:15+01:00,0.140352
2026-02-06 13:30+01:00,
2026-02-06 13:45+01:00,0.119163
2026-02-06 14:00+01:00,0.161474
2026-02-06 14:15+01:00,0.131072
2026-02-06 14:30+01:00,0.140280
2026-02-06 14:45+01:00,0.095271
2026-02-06 15:00+01:00,
2026-02-06 15:15+01:00,0.112229
2026-02-06 15:30+01:00,0.137735
2026-02-06 15:45+01:00,0.120701
2026-02-06 16:00+01:00,0.131832
2026-02-06 16:15+01:00,0.117770
2026-02-06 16:30+01:00,0.157345
2026-02-06 16:45+01:00,0.128216
2026-02-06 17:00+01:00,0.119930
2026-02-06 17:15+01:00,0.116872
2026-02-06 17:30+01:00,0.127842
2026-02-06 17:45+01:00,0.107218
2026-02-06 18:00+01:00,0.002823
2026-02-06 18:15+01:00,0.002760
2026-02-06 18:30+01:00,0.003474
2026-02-06 18:45+01:00,0.003250
2026-02-06 19:00+01:00,0.001824
2026-02-06 19:15+01:00,0.002914
2026-02-06 19:30+01:00,0.003728
2026-02-06 19:45+01:00,0.003161
2026-02-06 20:00+01:00,0.002467
2026-02-06 20:15+01:00,0.001769
2026-02-06 20:30+01:00,0.002336
2026-02-06 20:45+01:00,0.002274
2026-02-06 21:00+01:00,0.003073
2026-02-06 21:15+01:00,0.003010
2026-02-06 21:30+01:00,0.002229
2026-02-06 21:45+01:00,0.002462
2026-02-06 22:00+01:00,0.002143
2026-02-06 22:15+01:00,0.002353
2026-02-06 22:30+01:00,0.000000
2026-02-06 22:45+01:00,0.002347
2026-02-06 23:00+01:00,0.002325
2026-02-06 23:15+01:00,0.002841
2026-02-06 23:30+01:00,
2026-02-06 23:45+01:00,0.002132
2026-02-07 00:00+01:00,0.002263
2026-02-07 00:15+01:00,0.001846
2026-02-07 00:30+01:00,0.001616
2026-02-07 00:45+01:00,0.002398
2026-02-07 01:00+01:00,0.001523
2026-02-07 01:15+01:00,0.001734
2026-02-07 01:30+01:00,0.001523
2026-02-07 01:45+01:00,0.001594
2026-02-07 02:00+01:00,0.001195
2026-02-07 02:15+01:00,0.001688
2026-02-07 02:30+01:00,
2026-02-07 02:45+01:00,
2026-02-07 03:00+01:00,0.001422
2026-02-07 03:15+01:00,0.001458
2026-02-07 03:30+01:00,0.000000
2026-02-07 03:45+01:00,0.001250
2026-02-07 04:00+01:00,0.001841
2026-02-07 04:15+01:00,0.001641
2026-02-07 04:30+01:00,0.000723
2026-02-07 04:45+01:00,0.001400
2026-02-07 05:00+01:00,0.001869
2026-02-07 05:15+01:00,0.001631
2026-02-07 05:30+01:00,0.001452
2026-02-07 05:45+01:00,0.001406
2026-02-07 06:00+01:00,0.001567
2026-02-07 06:15+01:00,0.000662
2026-02-07 06:30+01:00,0.001536
2026-02-07 06:45+01:00,0.001440
2026-02-07 07:00+01:00,0.001551
2026-02-07 07:15+01:00,0.001724
2026-02-07 07:30+01:00,
2026-02-07 07:45+01:00,0.001906
2026-02-07 08:00+01:00,0.001247
2026-02-07 08:15+01:00,0.001432
2026-02-07 08:30+01:00,0.001720
2026-02-07 08:45+01:00,0.002258
2026-02-07 09:00+01:00,0.001565
2026-02-07 09:15+01:00,0.001434
2026-02-07 09:30+01:00,0.001590
2026-02-07 09:45+01:00,0.001546
2026-02-07 10:00+01:00,0.001338
2026-02-07 10:15+01:00,0.000000
2026-02-07 10:30+01:00,0.001465
2026-02-07 10:45+01:00,0.001765
2026-02-07 11:00+01:00,0.001959
2026-02-07 11:15+01:00,0.001638
2026-02-07 11:30+01:00,0.001131
2026-02-07 11:45+01:00,0.001241
2026-02-07 12:00+01:00,0.001253
2026-02-07 12:15+01:00,0.001377
2026-02-07 12:30+01:00,0.001416
2026-02-07 12:45+01:00,0.001598
2026-02-07 13:00+01:00,0.001479
2026-02-07 13:15+01:00,0.001723
2026-02-07 13:30+01:00,0.001093
2026-02-07 13:45+01:00,0.001507
2026-02-07 14:00+01:00,0.001111
2026-02-07 14:15+01:00,0.001139
2026-02-07 14:30+01:00,0.001319
2026-02-07 14:45+01:00,0.001851
2026-02-07 15:00+01:00,0.002285
2026-02-07 15:15+01:00,0.000000
2026-02-07 15:30+01:00,0.001532
2026-02-07 15:45+01:00,0.001277
2026-02-07 16:00+01:00,0.000944
2026-02-07 16:15+01:00,0.001713
2026-02-07 16:30+01:00,0.001860
2026-02-07 16:45+01:00,0.001640
2026-02-07 17:00+01:00,0.001164
2026-02-07 17:15+01:00,0.001841
2026-02-07 17:30+01:00,0.001411
2026-02-07 17:45+01:00,0.000000
2026-02-07 18:00+01:00,0.001171
2026-02-07 18:15+01:00,0.001396
2026-02-07 18:30+01:00,0.001176
2026-02-07 18:45+01:00,0.002019
2026-02-07 19:00+01:00,0.000000
2026-02-07 19:15+01:00,0.002048
2026-02-07 19:30+01:00,0.000976
2026-02-07 19:45+01:00,0.001582
2026-02-07 20:00+01:00,0.001241
2026-02-07 20:15+01:00,0.001490
2026-02-07 20:30+01:00,0.001445
2026-02-07 20:45+01:00,0.001488
2026-02-07 21:00+01:00,0.001436
2026-02-07 21:15+01:00,0.002071
2026-02-07 21:30+01:00,0.001403
2026-02-07 21:45+01:00,
2026-02-07 22:00+01:00,0.001886
2026-02-07 22:15+01:00,0.001778
2026-02-07 22:30+01:00,0.002061
2026-02-07 22:45+01:00,0.001335
2026-02-07 23:00+01:00,0.001101
2026-02-07 23:15+01:00,0.001639
2026-02-07 23:30+01:00,0.001756
2026-02-07 23:45+01:00,0.001260
2026-02-08 00:00+01:00,
2026-02-08 00:15+01:00,0.001284
2026-02-08 00:30+01:00,0.002200
2026-02-08 00:45+01:00,0.001709
2026-02-08 01:00+01:00,0.001074
2026-02-08 01:15+01:00,0.001661
2026-02-08 01:30+01:00,0.001756
2026-02-08 01:45+01:00,0.001338
2026-02-08 02:00+01:00,0.001613
2026-02-08 02:15+01:00,0.001148
2026-02-08 02:30+01:00,0.001514
2026-02-08 02:45+01:00,0.001922
2026-02-08 03:00+01:00,0.001510
2026-02-08 03:15+01:00,0.001833
2026-02-08 03:30+01:00,0.001320
2026-02-08 03:45+01:00,0.001220
2026-02-08 04:00+01:00,0.001801
2026-02-08 04:15+01:00,0.001289
2026-02-08 04:30+01:00,0.001556
2026-02-08 04:45+01:00,0.001807
2026-02-08 05:00+01:00,0.001385
2026-02-08 05:15+01:00,0.001103
2026-02-08 05:30+01:00,0.001505
2026-02-08 05:45+01:00,0.001087
2026-02-08 06:00+01:00,0.001661
2026-02-08 06:15+01:00,0.000000
2026-02-08 06:30+01:00,0.000878
2026-02-08 06:45+01:00,0.001233
2026-02-08 07:00+01:00,0.000703
2026-02-08 07:15+01:00,0.001633
2026-02-08 07:30+01:00,0.001931
2026-02-08 07:45+01:00,0.002165
2026-02-08 08:00+01:00,0.001685
2026-02-08 08:15+01:00,0.001855
2026-02-08 08:30+01:00,0.001582
2026-02-08 08:45+01:00,0.001805
2026-02-08 09:00+01:00,0.001821
2026-02-08 09:15+01:00,0.001742
2026-02-08 09:30+01:00,0.001630
2026-02-08 09:45+01:00,0.000795
2026-02-08 10:00+01:00,0.001666
2026-02-08 10:15+01:00,0.002107
2026-02-08 10:30+01:00,0.001043
2026-02-08 10:45+01:00,0.001850
2026-02-08 11:00+01:00,0.000881
2026-02-08 11:15+01:00,0.001322
2026-02-08 11:30+01:00,0.001415
2026-02-08 11:45+01:00,0.000000
2026-02-08 12:00+01:00,0.001270
2026-02-08 12:15+01:00,0.001856
2026-02-08 12:30+01:00,0.001395
2026-02-08 12:45+01:00,0.001453
2026-02-08 13:00+01:00,0.001154
2026-02-08 13:15+01:00,0.001406
2026-02-08 13:30+01:00,0.001694
2026-02-08 13:45+01:00,0.001474
2026-02-08 14:00+01:00,0.001875
2026-02-08 14:15+01:00,0.001774
2026-02-08 14:30+01:00,0.001515
2026-02-08 14:45+01:00,0.002119
2026-02-08 15:00+01:00,0.001352
2026-02-08 15:15+01:00,0.001491
2026-02-08 15:30+01:00,0.001796
2026-02-08 15:45+01:00,0.000000
2026-02-08 16:00+01:00,0.001192
2026-02-08 16:15+01:00,0.001697
2026-02-08 16:30+01:00,0.001116
2026-02-08 16:45+01:00,0.002078
2026-02-08 17:00+01:00,0.001994
2026-02-08 17:15+01:00,0.001787
2026-02-08 17:30+01:00,0.000000
2026-02-08 17:45+01:00,0.000000
2026-02-08 18:00+01:00,0.001195
2026-02-08 18:15+01:00,0.002277
2026-02-08 18:30+01:00,0.001095
2026-02-08 18:45+01:00,0.001493
2026-02-08 19:00+01:00,0.010979
2026-02-08 19:15+01:00,0.012544
2026-02-08 19:30+01:00,
2026-02-08 19:45+01:00,0.000849
2026-02-08 20:00+01:00,0.001019
2026-02-08 20:15+01:00,0.001184
2026-02-08 20:30+01:00,0.001828
2026-02-08 20:45+01:00,0.001385
2026-02-08 21:00+01:00,0.001378
2026-02-08 21:15+01:00,0.001905
2026-02-08 21:30+01:00,0.001423
2026-02-08 21:45+01:00,0.001862
2026-02-08 22:00+01:00,0.001612
2026-02-08 22:15+01:00,0.001149
2026-02-08 22:30+01:00,0.001842
2026-02-08 22:45+01:00,0.001725
2026-02-08 23:00+01:00,0.001293
2026-02-08 23:15+01:00,0.001354
2026-02-08 23:30+01:00,0.001842
2026-02-08 23:45+01:00,0.001139
2026-02-09 00:00+01:00,0.001309
2026-02-09 00:15+01:00,0.002254
2026-02-09 00:30+01:00,0.003102
2026-02-09 00:45+01:00,0.003418
2026-02-09 01:00+01:00,0.002618
2026-02-09 01:15+01:00,0.002501
2026-02-09 01:30+01:00,0.002512
2026-02-09 01:45+01:00,0.002827
2026-02-09 02:00+01:00,0.002301
2026-02-09 02:15+01:00,0.002208
2026-02-09 02:30+01:00,0.003326
2026-02-09 02:45+01:00,0.003289
2026-02-09 03:00+01:00,0.002381
2026-02-09 03:15+01:00,0.001944
2026-02-09 03:30+01:00,0.002868
2026-02-09 03:45+01:00,0.002040
2026-02-09 04:00+01:00,0.002856
2026-02-09 04:15+01:00,0.003234
2026-02-09 04:30+01:00,0.002443
2026-02-09 04:45+01:00,0.000000
2026-02-09 05:00+01:00,0.001924
2026-02-09 05:15+01:00,0.003625
2026-02-09 05:30+01:00,0.002610
2026-02-09 05:45+01:00,
2026-02-09 06:00+01:00,0.002462
2026-02-09 06:15+01:00,0.000000
2026-02-09 06:30+01:00,0.002449
2026-02-09 06:45+01:00,0.002837
2026-02-09 07:00+01:00,0.141509
2026-02-09 07:15+01:00,0.124322
2026-02-09 07:30+01:00,0.127525
2026-02-09 07:45+01:00,0.113395
2026-02-09 08:00+01:00,0.124144
2026-02-09 08:15+01:00,0.136484
2026-02-09 08:30+01:00,0.149188
2026-02-09 08:45+01:00,0.153131
2026-02-09 09:00+01:00,0.138007
2026-02-09 09:15+01:00,
2026-02-09 09:30+01:00,0.124365
2026-02-09 09:45+01:00,0.125605
2026-02-09 10:00+01:00,0.125750
2026-02-09 10:15+01:00,
2026-02-09 10:30+01:00,0.120595
2026-02-09 10:45+01:00,0.159137
2026-02-09 11:00+01:00,0.143778
2026-02-09 11:15+01:00,0.109779
2026-02-09 11:30+01:00,0.130223
2026-02-09 11:45+01:00,0.148032
2026-02-09 12:00+01:00,0.130788
2026-02-09 12:15+01:00,0.115656
2026-02-09 12:30+01:00,0.121732
2026-02-09 12:45+01:00,0.122796
2026-02-09 13:00+01:00,0.109556
2026-02-09 13:15+01:00,0.155272
2026-02-09 13:30+01:00,0.129432
2026-02-09 13:45+01:00,0.099371
2026-02-09 14:00+01:00,0.128982
2026-02-09 14:15+01:00,0.113029
2026-02-09 14:30+01:00,0.135192
2026-02-09 14:45+01:00,0.121551
2026-02-09 15:00+01:00,0.107869
2026-02-09 15:15+01:00,0.114689
2026-02-09 15:30+01:00,
2026-02-09 15:45+01:00,0.108375
2026-02-09 16:00+01:00,0.160990
2026-02-09 16:15+01:00,0.130241
2026-02-09 16:30+01:00,0.134692
2026-02-09 16:45+01:00,0.136245
2026-02-09 17:00+01:00,0.149682
2026-02-09 17:15+01:00,0.124413
2026-02-09 17:30+01:00,0.147216
2026-02-09 17:45+01:00,0.141614
2026-02-09 18:00+01:00,0.002150
2026-02-09 18:15+01:00,0.002635
2026-02-09 18:30+01:00,0.002916
2026-02-09 18:45+01:00,0.003081
2026-02-09 19:00+01:00,0.001407
2026-02-09 19:15+01:00,0.000000
2026-02-09 19:30+01:00,0.003035
2026-02-09 19:45+01:00,0.002736
2026-02-09 20:00+01:00,0.002525
2026-02-09 20:15+01:00,0.002525
2026-02-09 20:30+01:00,0.002278
2026-02-09 20:45+01:00,0.002459
2026-02-09 21:00+01:00,0.002826
2026-02-09 21:15+01:00,0.001914
2026-02-09 21:30+01:00,0.001786
2026-02-09 21:45+01:00,
2026-02-09 22:00+01:00,0.003582
2026-02-09 22:15+01:00,0.002024
2026-02-09 22:30+01:00,0.002145
2026-02-09 22:45+01:00,0.002518
2026-02-09 23:00+01:00,
2026-02-09 23:15+01:00,0.002614
2026-02-09 23:30+01:00,0.002570
2026-02-09 23:45+01:00,0.002018
2026-02-10 00:00+01:00,0.003073
2026-02-10 00:15+01:00,0.002613
2026-02-10 00:30+01:00,0.002865
2026-02-10 00:45+01:00,0.002978
2026-02-10 01:00+01:00,0.002826
2026-02-10 01:15+01:00,0.002435
2026-02-10 01:30+01:00,0.002254
2026-02-10 01:45+01:00,0.002699
2026-02-10 02:00+01:00,0.001735
2026-02-10 02:15+01:00,0.002282
2026-02-10 02:30+01:00,0.003328
2026-02-10 02:45+01:00,0.000000
2026-02-10 03:00+01:00,0.002198
2026-02-10 03:15+01:00,0.002591
2026-02-10 03:30+01:00,0.002006
2026-02-10 03:45+01:00,0.003068
2026-02-10 04:00+01:00,0.001939
2026-02-10 04:15+01:00,0.000000
2026-02-10 04:30+01:00,0.002788
2026-02-10 04:45+01:00,0.002487
2026-02-10 05:00+01:00,
2026-02-10 05:15+01:00,0.002356
2026-02-10 05:30+01:00,0.003343
2026-02-10 05:45+01:00,0.002268
2026-02-10 06:00+01:00,0.002666
2026-02-10 06:15+01:00,0.000000
2026-02-10 06:30+01:00,0.002590
2026-02-10 06:45+01:00,0.003146
2026-02-10 07:00+01:00,0.130624
2026-02-10 07:15+01:00,0.119669
2026-02-10 07:30+01:00,0.115599
2026-02-10 07:45+01:00,0.145846
2026-02-10 08:00+01:00,0.134404
2026-02-10 08:15+01:00,0.120227
2026-02-10 08:30+01:00,0.115009
2026-02-10 08:45+01:00,0.114789
2026-02-10 09:00+01:00,0.122176
2026-02-10 09:15+01:00,0.140767
2026-02-10 09:30+01:00,
2026-02-10 09:45+01:00,0.123613
2026-02-10 10:00+01:00,0.140059
2026-02-10 10:15+01:00,0.165740
2026-02-10 10:30+01:00,0.144804
2026-02-10 10:45+01:00,0.113622
2026-02-10 11:00+01:00,0.114984
2026-02-10 11:15+01:00,0.139664
2026-02-10 11:30+01:00,0.099707
2026-02-10 11:45+01:00,0.142234
2026-02-10 12:00+01:00,0.086906
2026-02-10 12:15+01:00,0.136938
2026-02-10 12:30+01:00,0.134915
2026-02-10 12:45+01:00,0.148708
2026-02-10 13:00+01:00,0.138568
2026-02-10 13:15+01:00,
2026-02-10 13:30+01:00,0.135848
2026-02-10 13:45+01:00,0.101497
2026-02-10 14:00+01:00,0.124630
2026-02-10 14:15+01:00,0.137778
2026-02-10 14:30+01:00,0.126787
2026-02-10 14:45+01:00,0.097714
2026-02-10 15:00+01:00,0.112915
2026-02-10 15:15+01:00,0.088812
2026-02-10 15:30+01:00,0.139730
2026-02-10 15:45+01:00,0.124279
2026-02-10 16:00+01:00,0.144664
2026-02-10 16:15+01:00,0.114932
2026-02-10 16:30+01:00,0.127754
2026-02-10 16:45+01:00,0.131348
2026-02-10 17:00+01:00,
2026-02-10 17:15+01:00,0.127028
2026-02-10 17:30+01:00,0.102427
2026-02-10 17:45+01:00,0.150505
2026-02-10 18:00+01:00,0.003028
2026-02-10 18:15+01:00,0.002561
2026-02-10 18:30+01:00,0.002852
2026-02-10 18:45+01:00,0.002108
2026-02-10 19:00+01:00,
2026-02-10 19:15+01:00,0.001460
2026-02-10 19:30+01:00,0.002291
2026-02-10 19:45+01:00,0.001678
2026-02-10 20:00+01:00,0.003164
2026-02-10 20:15+01:00,0.000000
2026-02-10 20:30+01:00,0.002970
2026-02-10 20:45+01:00,0.002514
2026-02-10 21:00+01:00,0.003319
2026-02-10 21:15+01:00,0.002550
2026-02-10 21:30+01:00,0.001704
2026-02-10 21:45+01:00,0.002956
2026-02-10 22:00+01:00,0.001836
2026-02-10 22:15+01:00,0.002519
2026-02-10 22:30+01:00,0.002865
2026-02-10 22:45+01:00,0.002954
2026-02-10 23:00+01:00,0.002847
2026-02-10 23:15+01:00,0.003408
2026-02-10 23:30+01:00,0.002231
2026-02-10 23:45+01:00,0.002049
2026-02-11 00:00+01:00,0.001666
2026-02-11 00:15+01:00,0.002323
2026-02-11 00:30+01:00,0.001978
2026-02-11 00:45+01:00,0.002788
2026-02-11 01:00+01:00,0.002853
2026-02-11 01:15+01:00,0.003294
2026-02-11 01:30+01:00,0.004041
2026-02-11 01:45+01:00,0.002495
2026-02-11 02:00+01:00,0.003043
2026-02-11 02:15+01:00,0.002315
2026-02-11 02:30+01:00,0.002994
2026-02-11 02:45+01:00,0.003453
2026-02-11 03:00+01:00,0.001723
2026-02-11 03:15+01:00,0.002251
2026-02-11 03:30+01:00,
2026-02-11 03:45+01:00,0.001751
2026-02-11 04:00+01:00,0.002557
2026-02-11 04:15+01:00,0.001785
2026-02-11 04:30+01:00,0.002110
2026-02-11 04:45+01:00,0.002875
2026-02-11 05:00+01:00,0.002572
2026-02-11 05:15+01:00,0.002816
2026-02-11 05:30+01:00,0.002098
2026-02-11 05:45+01:00,0.000000
2026-02-11 06:00+01:00,0.002279
2026-02-11 06:15+01:00,0.002067
2026-02-11 06:30+01:00,0.003048
2026-02-11 06:45+01:00,0.000000
2026-02-11 07:00+01:00,0.151433
2026-02-11 07:15+01:00,0.147638
2026-02-11 07:30+01:00,0.165287
2026-02-11 07:45+01:00,0.123516
2026-02-11 08:00+01:00,0.136165
2026-02-11 08:15+01:00,0.152013
2026-02-11 08:30+01:00,0.137657
2026-02-11 08:45+01:00,0.131611
2026-02-11 09:00+01:00,0.134473
2026-02-11 09:15+01:00,0.130997
2026-02-11 09:30+01:00,0.126855
2026-02-11 09:45+01:00,
2026-02-11 10:00+01:00,0.151243
2026-02-11 10:15+01:00,0.132554
2026-02-11 10:30+01:00,0.130080
2026-02-11 10:45+01:00,0.133142
2026-02-11 11:00+01:00,0.162771
2026-02-11 11:15+01:00,0.131803
2026-02-11 11:30+01:00,0.139376
2026-02-11 11:45+01:00,0.099842
2026-02-11 12:00+01:00,0.129683
2026-02-11 12:15+01:00,0.128560
2026-02-11 12:30+01:00,0.141401
2026-02-11 12:45+01:00,0.135226
2026-02-11 13:00+01:00,0.121375
2026-02-11 13:15+01:00,0.127276
2026-02-11 13:30+01:00,0.115866
2026-02-11 13:45+01:00,0.120820
2026-02-11 14:00+01:00,0.146209
2026-02-11 14:15+01:00,0.129341
2026-02-11 14:30+01:00,0.116106
2026-02-11 14:45+01:00,0.131339
2026-02-11 15:00+01:00,0.120432
2026-02-11 15:15+01:00,0.124453
2026-02-11 15:30+01:00,0.122670
2026-02-11 15:45+01:00,0.096786
2026-02-11 16:00+01:00,0.128658
2026-02-11 16:15+01:00,0.140705
2026-02-11 16:30+01:00,0.132209
2026-02-11 16:45+01:00,0.111314
2026-02-11 17:00+01:00,0.117789
2026-02-11 17:15+01:00,0.137383
2026-02-11 17:30+01:00,0.117635
2026-02-11 17:45+01:00,0.117317
2026-02-11 18:00+01:00,0.002870
2026-02-11 18:15+01:00,0.001816
2026-02-11 18:30+01:00,0.002076
2026-02-11 18:45+01:00,0.002451
2026-02-11 19:00+01:00,0.000000
2026-02-11 19:15+01:00,0.003207
2026-02-11 19:30+01:00,0.000000
2026-02-11 19:45+01:00,0.000000
2026-02-11 20:00+01:00,0.002558
2026-02-11 20:15+01:00,0.002745
2026-02-11 20:30+01:00,0.002580
2026-02-11 20:45+01:00,0.003244
2026-02-11 21:00+01:00,0.001381
2026-02-11 21:15+01:00,0.002232
2026-02-11 21:30+01:00,0.002939
2026-02-11 21:45+01:00,0.002140
2026-02-11 22:00+01:00,0.002143
2026-02-11 22:15+01:00,0.002328
2026-02-11 22:30+01:00,0.002216
2026-02-11 22:45+01:00,0.001646
2026-02-11 23:00+01:00,0.003296
2026-02-11 23:15+01:00,0.001910
2026-02-11 23:30+01:00,0.001938
2026-02-11 23:45+01:00,0.002430
2026-02-12 00:00+01:00,0.002436
2026-02-12 00:15+01:00,0.001813
2026-02-12 00:30+01:00,0.001923
2026-02-12 00:45+01:00,0.002642
2026-02-12 01:00+01:00,0.002237
2026-02-12 01:15+01:00,0.003112
2026-02-12 01:30+01:00,0.002213
2026-02-12 01:45+01:00,0.002812
2026-02-12 02:00+01:00,0.001961
2026-02-12 02:15+01:00,0.002112
2026-02-12 02:30+01:00,0.002451
2026-02-12 02:45+01:00,0.002463
2026-02-12 03:00+01:00,0.001772
2026-02-12 03:15+01:00,0.001767
2026-02-12 03:30+01:00,0.002449
2026-02-12 03:45+01:00,0.001859
2026-02-12 04:00+01:00,0.003253
2026-02-12 04:15+01:00,0.002413
2026-02-12 04:30+01:00,0.002668
2026-02-12 04:45+01:00,0.003658
2026-02-12 05:00+01:00,0.001969
2026-02-12 05:15+01:00,0.000000
2026-02-12 05:30+01:00,0.001631
2026-02-12 05:45+01:00,0.002281
2026-02-12 06:00+01:00,0.002557
2026-02-12 06:15+01:00,0.002638
2026-02-12 06:30+01:00,0.003375
2026-02-12 06:45+01:00,0.002200
2026-02-12 07:00+01:00,0.118881
2026-02-12 07:15+01:00,0.119764
2026-02-12 07:30+01:00,0.121192
2026-02-12 07:45+01:00,0.107135
2026-02-12 08:00+01:00,0.142049
2026-02-12 08:15+01:00,0.155542
2026-02-12 08:30+01:00,0.114724
2026-02-12 08:45+01:00,0.127901
2026-02-12 09:00+01:00,0.139702
2026-02-12 09:15+01:00,0.146925
2026-02-12 09:30+01:00,0.144480
2026-02-12 09:45+01:00,0.166544
2026-02-12 10:00+01:00,0.139600
2026-02-12 10:15+01:00,0.151580
2026-02-12 10:30+01:00,0.136540
2026-02-12 10:45+01:00,0.124144
2026-02-12 11:00+01:00,0.131453
2026-02-12 11:15+01:00,0.084900
2026-02-12 11:30+01:00,0.136335
2026-02-12 11:45+01:00,0.104070
2026-02-12 12:00+01:00,0.124226
2026-02-12 12:15+01:00,0.112059
2026-02-12 12:30+01:00,0.134631
2026-02-12 12:45+01:00,0.117738
2026-02-12 13:00+01:00,0.119825
2026-02-12 13:15+01:00,0.124713
2026-02-12 13:30+01:00,0.110759
2026-02-12 13:45+01:00,0.152777
2026-02-12 14:00+01:00,0.139773
2026-02-12 14:15+01:00,0.148123
2026-02-12 14:30+01:00,0.123095
2026-02-12 14:45+01:00,0.153749
2026-02-12 15:00+01:00,0.142465
2026-02-12 15:15+01:00,0.157410
2026-02-12 15:30+01:00,0.128155
2026-02-12 15:45+01:00,0.134588
2026-02-12 16:00+01:00,0.150697
2026-02-12 16:15+01:00,0.163552
2026-02-12 16:30+01:00,0.114307
2026-02-12 16:45+01:00,0.130376
2026-02-12 17:00+01:00,0.108848
2026-02-12 17:15+01:00,0.135948
2026-02-12 17:30+01:00,0.144445
2026-02-12 17:45+01:00,0.127720
2026-02-12 18:00+01:00,
2026-02-12 18:15+01:00,0.003004
2026-02-12 18:30+01:00,0.002226
2026-02-12 18:45+01:00,0.002893
2026-02-12 19:00+01:00,0.001872
2026-02-12 19:15+01:00,0.002880
2026-02-12 19:30+01:00,0.002382
2026-02-12 19:45+01:00,0.002384
2026-02-12 20:00+01:00,0.002777
2026-02-12 20:15+01:00,0.003449
2026-02-12 20:30+01:00,0.002352
2026-02-12 20:45+01:00,0.003471
2026-02-12 21:00+01:00,0.001554
2026-02-12 21:15+01:00,0.002503
2026-02-12 21:30+01:00,0.001881
2026-02-12 21:45+01:00,0.002400
2026-02-12 22:00+01:00,0.002190
2026-02-12 22:15+01:00,0.002939
2026-02-12 22:30+01:00,0.002657
2026-02-12 22:45+01:00,0.002381
2026-02-12 23:00+01:00,0.003103
2026-02-12 23:15+01:00,0.002025
2026-02-12 23:30+01:00,0.002973
2026-02-12 23:45+01:00,0.002356
2026-02-13 00:00+01:00,0.002102
2026-02-13 00:15+01:00,0.002012
2026-02-13 00:30+01:00,0.002795
2026-02-13 00:45+01:00,0.003042
2026-02-13 01:00+01:00,0.002660
2026-02-13 01:15+01:00,0.002898
2026-02-13 01:30+01:00,0.002387
2026-02-13 01:45+01:00,0.003535
2026-02-13 02:00+01:00,0.002238
2026-02-13 02:15+01:00,0.003234
2026-02-13 02:30+01:00,0.002049
2026-02-13 02:45+01:00,0.002706
2026-02-13 03:00+01:00,0.000000
2026-02-13 03:15+01:00,0.002699
2026-02-13 03:30+01:00,0.003311
2026-02-13 03:45+01:00,0.002970
2026-02-13 04:00+01:00,0.002934
2026-02-13 04:15+01:00,0.001841
2026-02-13 04:30+01:00,0.002033
2026-02-13 04:45+01:00,0.002612
2026-02-13 05:00+01:00,0.000000
2026-02-13 05:15+01:00,0.002712
2026-02-13 05:30+01:00,0.002383
2026-02-13 05:45+01:00,0.003243
2026-02-13 06:00+01:00,0.014104
2026-02-13 06:15+01:00,0.011343
2026-02-13 06:30+01:00,0.000000
2026-02-13 06:45+01:00,0.002223
2026-02-13 07:00+01:00,0.128142
2026-02-13 07:15+01:00,0.131436
2026-02-13 07:30+01:00,0.114052
2026-02-13 07:45+01:00,0.128737
2026-02-13 08:00+01:00,0.112823
2026-02-13 08:15+01:00,0.113433
2026-02-13 08:30+01:00,0.103649
2026-02-13 08:45+01:00,0.153187
2026-02-13 09:00+01:00,0.112636
2026-02-13 09:15+01:00,0.133792
2026-02-13 09:30+01:00,0.137599
2026-02-13 09:45+01:00,0.127272
2026-02-13 10:00+01:00,0.133929
2026-02-13 10:15+01:00,0.127989
2026-02-13 10:30+01:00,0.148377
2026-02-13 10:45+01:00,0.106123
2026-02-13 11:00+01:00,0.136135
2026-02-13 11:15+01:00,0.152345
2026-02-13 11:30+01:00,0.134036
2026-02-13 11:45+01:00,0.113798
2026-02-13 12:00+01:00,0.131105
2026-02-13 12:15+01:00,0.134380
2026-02-13 12:30+01:00,0.139789
2026-02-13 12:45+01:00,0.124019
2026-02-13 13:00+01:00,0.119958
2026-02-13 13:15+01:00,0.119324
2026-02-13 13:30+01:00,0.156659
2026-02-13 13:45+01:00,0.114083
2026-02-13 14:00+01:00,0.147711
2026-02-13 14:15+01:00,0.133846
2026-02-13 14:30+01:00,0.138686
2026-02-13 14:45+01:00,0.121017
2026-02-13 15:00+01:00,0.126402
2026-02-13 15:15+01:00,0.168136
2026-02-13 15:30+01:00,0.137943
2026-02-13 15:45+01:00,0.110008
2026-02-13 16:00+01:00,0.100881
2026-02-13 16:15+01:00,0.142158
2026-02-13 16:30+01:00,0.143754
2026-02-13 16:45+01:00,0.122453
2026-02-13 17:00+01:00,0.125589
2026-02-13 17:15+01:00,0.098754
2026-02-13 17:30+01:00,0.145893
2026-02-13 17:45+01:00,0.126105
2026-02-13 18:00+01:00,0.002805
2026-02-13 18:15+01:00,0.003051
2026-02-13 18:30+01:00,0.002967
2026-02-13 18:45+01:00,0.003606
2026-02-13 19:00+01:00,0.002510
2026-02-13 19:15+01:00,0.002538
2026-02-13 19:30+01:00,0.000000
2026-02-13 19:45+01:00,0.002615
2026-02-13 20:00+01:00,0.002280
2026-02-13 20:15+01:00,0.002057
2026-02-13 20:30+01:00,0.002499
2026-02-13 20:45+01:00,0.001918
2026-02-13 21:00+01:00,0.002336
2026-02-13 21:15+01:00,0.002982
2026-02-13 21:30+01:00,0.003235
2026-02-13 21:45+01:00,0.003397
2026-02-13 22:00+01:00,0.000000
2026-02-13 22:15+01:00,0.002416
2026-02-13 22:30+01:00,0.002172
2026-02-13 22:45+01:00,0.002637
2026-02-13 23:00+01:00,0.000000
2026-02-13 23:15+01:00,0.002804
2026-02-13 23:30+01:00,0.002254
2026-02-13 23:45+01:00,0.002727
2026-02-14 00:00+01:00,0.002266
2026-02-14 00:15+01:00,0.000860
2026-02-14 00:30+01:00,0.001502
2026-02-14 00:45+01:00,0.001781
2026-02-14 01:00+01:00,0.001329
2026-02-14 01:15+01:00,0.001657
2026-02-14 01:30+01:00,0.001512
2026-02-14 01:45+01:00,0.001819
2026-02-14 02:00+01:00,0.001185
2026-02-14 02:15+01:00,0.000929
2026-02-14 02:30+01:00,0.001746
2026-02-14 02:45+01:00,0.002149
2026-02-14 03:00+01:00,0.001094
2026-02-14 03:15+01:00,0.001565
2026-02-14 03:30+01:00,0.001583
2026-02-14 03:45+01:00,0.001179
2026-02-14 04:00+01:00,0.000895
2026-02-14 04:15+01:00,0.001287
2026-02-14 04:30+01:00,0.002013
2026-02-14 04:45+01:00,0.001594
2026-02-14 05:00+01:00,0.001292
2026-02-14 05:15+01:00,0.001736
2026-02-14 05:30+01:00,0.001335
2026-02-14 05:45+01:00,0.001693
2026-02-14 06:00+01:00,0.001444
2026-02-14 06:15+01:00,0.001580
2026-02-14 06:30+01:00,0.001406
2026-02-14 06:45+01:00,0.001797
2026-02-14 07:00+01:00,0.001074
2026-02-14 07:15+01:00,0.001288
2026-02-14 07:30+01:00,0.001152
2026-02-14 07:45+01:00,0.001825
2026-02-14 08:00+01:00,
2026-02-14 08:15+01:00,0.001277
2026-02-14 08:30+01:00,0.000805
2026-02-14 08:45+01:00,0.001829
2026-02-14 09:00+01:00,0.001602
2026-02-14 09:15+01:00,0.001689
2026-02-14 09:30+01:00,0.001720
2026-02-14 09:45+01:00,0.000879
2026-02-14 10:00+01:00,0.001644
2026-02-14 10:15+01:00,0.001405
2026-02-14 10:30+01:00,0.001188
2026-02-14 10:45+01:00,0.001850
2026-02-14 11:00+01:00,0.001472
2026-02-14 11:15+01:00,0.001362
2026-02-14 11:30+01:00,0.001829
2026-02-14 11:45+01:00,0.001124
2026-02-14 12:00+01:00,0.001254
2026-02-14 12:15+01:00,0.000985
2026-02-14 12:30+01:00,0.001036
2026-02-14 12:45+01:00,0.001458
2026-02-14 13:00+01:00,0.001236
2026-02-14 13:15+01:00,0.001662
2026-02-14 13:30+01:00,0.001428
2026-02-14 13:45+01:00,0.001054
2026-02-14 14:00+01:00,0.001496
2026-02-14 14:15+01:00,0.002055
2026-02-14 14:30+01:00,0.001122
2026-02-14 14:45+01:00,0.001833
2026-02-14 15:00+01:00,0.001817
2026-02-14 15:15+01:00,0.001508
2026-02-14 15:30+01:00,0.001235
2026-02-14 15:45+01:00,0.001514
2026-02-14 16:00+01:00,0.001969
2026-02-14 16:15+01:00,0.001762
2026-02-14 16:30+01:00,0.001496
2026-02-14 16:45+01:00,0.001505
2026-02-14 17:00+01:00,0.001444
2026-02-14 17:15+01:00,0.001066
2026-02-14 17:30+01:00,0.001926
2026-02-14 17:45+01:00,0.001342
2026-02-14 18:00+01:00,0.001612
2026-02-14 18:15+01:00,0.001664
2026-02-14 18:30+01:00,0.001746
2026-02-14 18:45+01:00,0.001308
2026-02-14 19:00+01:00,0.001163
2026-02-14 19:15+01:00,0.001025
2026-02-14 19:30+01:00,0.001981
2026-02-14 19:45+01:00,0.001654
2026-02-14 20:00+01:00,0.001482
2026-02-14 20:15+01:00,0.001387
2026-02-14 20:30+01:00,0.000000
2026-02-14 20:45+01:00,0.001270
2026-02-14 21:00+01:00,0.001163
2026-02-14 21:15+01:00,0.001163
2026-02-14 21:30+01:00,0.001735
2026-02-14 21:45+01:00,0.001662
2026-02-14 22:00+01:00,
2026-02-14 22:15+01:00,0.001406
2026-02-14 22:30+01:00,0.001436
2026-02-14 22:45+01:00,
2026-02-14 23:00+01:00,0.001857
2026-02-14 23:15+01:00,0.001733
2026-02-14 23:30+01:00,0.001540
2026-02-14 23:45+01:00,0.000000
2026-02-15 00:00+01:00,0.001373
2026-02-15 00:15+01:00,0.001536
2026-02-15 00:30+01:00,0.000000
2026-02-15 00:45+01:00,0.001200
2026-02-15 01:00+01:00,0.001602
2026-02-15 01:15+01:00,0.001310
2026-02-15 01:30+01:00,0.001543
2026-02-15 01:45+01:00,0.000988
2026-02-15 02:00+01:00,0.001883
2026-02-15 02:15+01:00,0.001698
2026-02-15 02:30+01:00,0.001864
2026-02-15 02:45+01:00,0.001200
2026-02-15 03:00+01:00,0.001418
2026-02-15 03:15+01:00,0.001246
2026-02-15 03:30+01:00,0.000958
2026-02-15 03:45+01:00,0.001691
2026-02-15 04:00+01:00,0.000990
2026-02-15 04:15+01:00,0.001289
2026-02-15 04:30+01:00,0.001102
2026-02-15 04:45+01:00,0.001665
2026-02-15 05:00+01:00,0.001010
2026-02-15 05:15+01:00,0.000992
2026-02-15 05:30+01:00,0.001503
2026-02-15 05:45+01:00,0.002036
2026-02-15 06:00+01:00,0.001959
2026-02-15 06:15+01:00,0.001152
2026-02-15 06:30+01:00,0.001289
2026-02-15 06:45+01:00,0.001762
2026-02-15 07:00+01:00,0.001289
2026-02-15 07:15+01:00,0.000941
2026-02-15 07:30+01:00,0.000000
2026-02-15 07:45+01:00,0.001213
2026-02-15 08:00+01:00,0.001170
2026-02-15 08:15+01:00,0.001932
2026-02-15 08:30+01:00,0.001419
2026-02-15 08:45+01:00,0.001786
2026-02-15 09:00+01:00,0.001980
2026-02-15 09:15+01:00,0.000834
2026-02-15 09:30+01:00,0.001546
2026-02-15 09:45+01:00,
2026-02-15 10:00+01:00,0.001363
2026-02-15 10:15+01:00,0.002095
2026-02-15 10:30+01:00,0.001636
2026-02-15 10:45+01:00,0.001258
2026-02-15 11:00+01:00,0.000937
2026-02-15 11:15+01:00,0.001491
2026-02-15 11:30+01:00,0.001190
2026-02-15 11:45+01:00,0.001343
2026-02-15 12:00+01:00,0.001528
2026-02-15 12:15+01:00,0.001382
2026-02-15 12:30+01:00,0.001294
2026-02-15 12:45+01:00,0.001324
2026-02-15 13:00+01:00,0.002018
2026-02-15 13:15+01:00,0.001384
2026-02-15 13:30+01:00,0.001428
2026-02-15 13:45+01:00,0.001702
2026-02-15 14:00+01:00,0.001183
2026-02-15 14:15+01:00,0.011581
2026-02-15 14:30+01:00,0.012709
2026-02-15 14:45+01:00,0.001741
2026-02-15 15:00+01:00,0.001695
2026-02-15 15:15+01:00,0.001670
2026-02-15 15:30+01:00,0.001036
2026-02-15 15:45+01:00,0.001672
2026-02-15 16:00+01:00,0.001404
2026-02-15 16:15+01:00,0.001658
2026-02-15 16:30+01:00,0.002007
2026-02-15 16:45+01:00,0.001555
2026-02-15 17:00+01:00,0.001728
2026-02-15 17:15+01:00,0.001986
2026-02-15 17:30+01:00,0.001571
2026-02-15 17:45+01:00,0.000000
2026-02-15 18:00+01:00,0.001925
2026-02-15 18:15+01:00,0.001939
2026-02-15 18:30+01:00,0.001512
2026-02-15 18:45+01:00,0.001546
2026-02-15 19:00+01:00,0.001387
2026-02-15 19:15+01:00,0.001549
2026-02-15 19:30+01:00,0.001278
2026-02-15 19:45+01:00,0.002178
2026-02-15 20:00+01:00,0.001466
2026-02-15 20:15+01:00,0.001334
2026-02-15 20:30+01:00,0.001446
2026-02-15 20:45+01:00,0.000804
2026-02-15 21:00+01:00,0.001228
2026-02-15 21:15+01:00,0.001505
2026-02-15 21:30+01:00,0.001966
2026-02-15 21:45+01:00,0.000977
2026-02-15 22:00+01:00,0.001436
2026-02-15 22:15+01:00,0.001353
2026-02-15 22:30+01:00,0.001619
2026-02-15 22:45+01:00,0.001179
2026-02-15 23:00+01:00,0.001452
2026-02-15 23:15+01:00,0.001829
2026-02-15 23:30+01:00,0.001512
2026-02-15 23:45+01:00,0.001556
2026-02-16 00:00+01:00,0.001138
2026-02-16 00:15+01:00,0.002994
2026-02-16 00:30+01:00,0.002357
2026-02-16 00:45+01:00,0.002030
2026-02-16 01:00+01:00,0.001158
2026-02-16 01:15+01:00,0.000000
2026-02-16 01:30+01:00,0.002378
2026-02-16 01:45+01:00,0.002474
2026-02-16 02:00+01:00,0.001787
2026-02-16 02:15+01:00,0.002241
2026-02-16 02:30+01:00,0.002265
2026-02-16 02:45+01:00,0.002898
2026-02-16 03:00+01:00,0.002935
2026-02-16 03:15+01:00,0.002667
2026-02-16 03:30+01:00,0.002686
2026-02-16 03:45+01:00,0.001682
2026-02-16 04:00+01:00,0.003303
2026-02-16 04:15+01:00,0.002249
2026-02-16 04:30+01:00,0.002246
2026-02-16 04:45+01:00,0.003043
2026-02-16 05:00+01:00,0.002727
2026-02-16 05:15+01:00,0.002767
2026-02-16 05:30+01:00,0.002443
2026-02-16 05:45+01:00,0.002872
2026-02-16 06:00+01:00,0.002511
2026-02-16 06:15+01:00,0.002878
2026-02-16 06:30+01:00,0.002550
2026-02-16 06:45+01:00,0.003048
2026-02-16 07:00+01:00,0.104753
2026-02-16 07:15+01:00,0.120540
2026-02-16 07:30+01:00,0.147916
2026-02-16 07:45+01:00,0.123229
2026-02-16 08:00+01:00,0.136962
2026-02-16 08:15+01:00,0.161399
2026-02-16 08:30+01:00,0.130178
2026-02-16 08:45+01:00,0.118272
2026-02-16 09:00+01:00,0.131418
2026-02-16 09:15+01:00,0.119879
2026-02-16 09:30+01:00,0.120957
2026-02-16 09:45+01:00,0.119096
2026-02-16 10:00+01:00,0.137240
2026-02-16 10:15+01:00,0.142167
2026-02-16 10:30+01:00,0.118399
2026-02-16 10:45+01:00,0.147169
2026-02-16 11:00+01:00,0.133321
2026-02-16 11:15+01:00,0.122282
2026-02-16 11:30+01:00,0.165638
2026-02-16 11:45+01:00,0.126858
2026-02-16 12:00+01:00,0.152374
2026-02-16 12:15+01:00,0.091139
2026-02-16 12:30+01:00,0.129945
2026-02-16 12:45+01:00,0.136853
2026-02-16 13:00+01:00,0.133221
2026-02-16 13:15+01:00,0.132177
2026-02-16 13:30+01:00,0.117926
2026-02-16 13:45+01:00,0.095688
2026-02-16 14:00+01:00,0.133413
2026-02-16 14:15+01:00,0.155251
2026-02-16 14:30+01:00,0.128286
2026-02-16 14:45+01:00,0.148631
2026-02-16 15:00+01:00,0.095917
2026-02-16 15:15+01:00,0.143387
2026-02-16 15:30+01:00,0.102802
2026-02-16 15:45+01:00,0.130192
2026-02-16 16:00+01:00,0.109238
2026-02-16 16:15+01:00,0.113877
2026-02-16 16:30+01:00,0.141571
2026-02-16 16:45+01:00,0.140215
2026-02-16 17:00+01:00,0.137134
2026-02-16 17:15+01:00,0.161839
2026-02-16 17:30+01:00,0.119047
2026-02-16 17:45+01:00,0.112806
2026-02-16 18:00+01:00,0.002071
2026-02-16 18:15+01:00,0.002438
2026-02-16 18:30+01:00,0.001883
2026-02-16 18:45+01:00,0.002586
2026-02-16 19:00+01:00,0.003485
2026-02-16 19:15+01:00,0.002505
2026-02-16 19:30+01:00,0.002495
2026-02-16 19:45+01:00,0.002616
2026-02-16 20:00+01:00,0.001299
2026-02-16 20:15+01:00,0.003264
2026-02-16 20:30+01:00,0.002842
2026-02-16 20:45+01:00,0.001840
2026-02-16 21:00+01:00,0.002902
2026-02-16 21:15+01:00,0.000000
2026-02-16 21:30+01:00,0.002756
2026-02-16 21:45+01:00,0.001967
2026-02-16 22:00+01:00,0.002541
2026-02-16 22:15+01:00,0.002630
2026-02-16 22:30+01:00,0.002670
2026-02-16 22:45+01:00,0.002044
2026-02-16 23:00+01:00,0.000000
2026-02-16 23:15+01:00,0.002616
2026-02-16 23:30+01:00,0.002382
2026-02-16 23:45+01:00,0.002327
2026-02-17 00:00+01:00,0.002477
2026-02-17 00:15+01:00,0.003512
2026-02-17 00:30+01:00,0.003114
2026-02-17 00:45+01:00,0.003699
2026-02-17 01:00+01:00,0.001627
2026-02-17 01:15+01:00,
2026-02-17 01:30+01:00,0.001879
2026-02-17 01:45+01:00,0.001376
2026-02-17 02:00+01:00,0.002802
2026-02-17 02:15+01:00,0.002353
2026-02-17 02:30+01:00,0.002785
2026-02-17 02:45+01:00,0.002226
2026-02-17 03:00+01:00,0.002580
2026-02-17 03:15+01:00,0.003328
2026-02-17 03:30+01:00,0.001754
2026-02-17 03:45+01:00,0.000000
2026-02-17 04:00+01:00,0.001899
2026-02-17 04:15+01:00,0.002841
2026-02-17 04:30+01:00,0.002410
2026-02-17 04:45+01:00,0.003467
2026-02-17 05:00+01:00,0.003120
2026-02-17 05:15+01:00,0.002932
2026-02-17 05:30+01:00,0.002985
2026-02-17 05:45+01:00,0.002162
2026-02-17 06:00+01:00,0.003497
2026-02-17 06:15+01:00,0.002515
2026-02-17 06:30+01:00,0.002615
2026-02-17 06:45+01:00,0.001994
2026-02-17 07:00+01:00,0.140660
2026-02-17 07:15+01:00,0.122782
2026-02-17 07:30+01:00,0.125043
2026-02-17 07:45+01:00,0.114543
2026-02-17 08:00+01:00,0.135917
2026-02-17 08:15+01:00,0.135247
2026-02-17 08:30+01:00,0.112486
2026-02-17 08:45+01:00,0.130706
2026-02-17 09:00+01:00,0.119294
2026-02-17 09:15+01:00,0.146942
2026-02-17 09:30+01:00,0.157682
2026-02-17 09:45+01:00,0.132786
2026-02-17 10:00+01:00,0.113241
2026-02-17 10:15+01:00,0.123185
2026-02-17 10:30+01:00,0.157326
2026-02-17 10:45+01:00,0.101811
2026-02-17 11:00+01:00,0.097993
2026-02-17 11:15+01:00,0.145196
2026-02-17 11:30+01:00,0.143078
2026-02-17 11:45+01:00,0.127198
2026-02-17 12:00+01:00,0.113627
2026-02-17 12:15+01:00,0.110486
2026-02-17 12:30+01:00,0.125322
2026-02-17 12:45+01:00,0.148503
2026-02-17 13:00+01:00,0.118115
2026-02-17 13:15+01:00,0.105203
2026-02-17 13:30+01:00,0.143497
2026-02-17 13:45+01:00,0.153554
2026-02-17 14:00+01:00,0.131519
2026-02-17 14:15+01:00,0.131548
2026-02-17 14:30+01:00,0.138888
2026-02-17 14:45+01:00,0.143178
2026-02-17 15:00+01:00,0.111424
2026-02-17 15:15+01:00,0.121683
2026-02-17 15:30+01:00,0.106495
2026-02-17 15:45+01:00,0.119736
2026-02-17 16:00+01:00,0.122061
2026-02-17 16:15+01:00,0.136312
2026-02-17 16:30+01:00,0.124775
2026-02-17 16:45+01:00,0.118461
2026-02-17 17:00+01:00,0.118934
2026-02-17 17:15+01:00,0.123652
2026-02-17 17:30+01:00,0.112165
2026-02-17 17:45+01:00,0.132818
2026-02-17 18:00+01:00,0.003057
2026-02-17 18:15+01:00,0.002856
2026-02-17 18:30+01:00,0.002638
2026-02-17 18:45+01:00,0.002335
2026-02-17 19:00+01:00,0.002123
2026-02-17 19:15+01:00,0.002121
2026-02-17 19:30+01:00,0.002722
2026-02-17 19:45+01:00,0.003120
2026-02-17 20:00+01:00,0.002878
2026-02-17 20:15+01:00,0.002007
2026-02-17 20:30+01:00,0.002141
2026-02-17 20:45+01:00,0.002761
2026-02-17 21:00+01:00,0.002318
2026-02-17 21:15+01:00,0.002647
2026-02-17 21:30+01:00,0.002525
2026-02-17 21:45+01:00,0.002898
2026-02-17 22:00+01:00,0.002981
2026-02-17 22:15+01:00,0.002749
2026-02-17 22:30+01:00,0.002552
2026-02-17 22:45+01:00,0.003001
2026-02-17 23:00+01:00,0.002603
2026-02-17 23:15+01:00,0.003094
2026-02-17 23:30+01:00,0.002790
2026-02-17 23:45+01:00,0.001997
2026-02-18 00:00+01:00,0.001700
2026-02-18 00:15+01:00,0.000000
2026-02-18 00:30+01:00,0.003386
2026-02-18 00:45+01:00,0.002964
2026-02-18 01:00+01:00,0.003830
2026-02-18 01:15+01:00,0.003378
2026-02-18 01:30+01:00,0.000000
2026-02-18 01:45+01:00,0.000000
2026-02-18 02:00+01:00,0.002371
2026-02-18 02:15+01:00,0.003087
2026-02-18 02:30+01:00,0.000000
2026-02-18 02:45+01:00,0.002928
2026-02-18 03:00+01:00,0.002887
2026-02-18 03:15+01:00,0.002088
2026-02-18 03:30+01:00,0.002610
2026-02-18 03:45+01:00,0.003365
2026-02-18 04:00+01:00,0.003129
2026-02-18 04:15+01:00,0.002717
2026-02-18 04:30+01:00,0.002191
2026-02-18 04:45+01:00,0.003274
2026-02-18 05:00+01:00,0.002202
2026-02-18 05:15+01:00,0.002445
2026-02-18 05:30+01:00,0.000000
2026-02-18 05:45+01:00,0.001795
2026-02-18 06:00+01:00,0.003239
2026-02-18 06:15+01:00,0.000000
2026-02-18 06:30+01:00,0.002961
2026-02-18 06:45+01:00,0.002645
2026-02-18 07:00+01:00,0.147101
2026-02-18 07:15+01:00,0.138684
2026-02-18 07:30+01:00,0.143868
2026-02-18 07:45+01:00,0.126910
2026-02-18 08:00+01:00,0.109972
2026-02-18 08:15+01:00,0.107893
2026-02-18 08:30+01:00,0.123692
2026-02-18 08:45+01:00,0.131265
2026-02-18 09:00+01:00,0.129430
2026-02-18 09:15+01:00,0.128542
2026-02-18 09:30+01:00,
2026-02-18 09:45+01:00,0.123581
2026-02-18 10:00+01:00,0.115326
2026-02-18 10:15+01:00,0.125920
2026-02-18 10:30+01:00,0.155001
2026-02-18 10:45+01:00,0.112351
2026-02-18 11:00+01:00,0.119778
2026-02-18 11:15+01:00,0.117010
2026-02-18 11:30+01:00,0.129009
2026-02-18 11:45+01:00,0.138878
2026-02-18 12:00+01:00,0.123716
2026-02-18 12:15+01:00,0.135595
2026-02-18 12:30+01:00,0.131910
2026-02-18 12:45+01:00,0.127591
2026-02-18 13:00+01:00,0.101656
2026-02-18 13:15+01:00,0.103745
2026-02-18 13:30+01:00,0.123083
2026-02-18 13:45+01:00,0.130106
2026-02-18 14:00+01:00,0.110406
2026-02-18 14:15+01:00,0.130071
2026-02-18 14:30+01:00,0.097744
2026-02-18 14:45+01:00,0.132351
2026-02-18 15:00+01:00,0.111100
2026-02-18 15:15+01:00,0.108790
2026-02-18 15:30+01:00,0.134406
2026-02-18 15:45+01:00,0.138124
2026-02-18 16:00+01:00,0.133528
2026-02-18 16:15+01:00,0.121058
2026-02-18 16:30+01:00,0.135201
2026-02-18 16:45+01:00,0.136786
2026-02-18 17:00+01:00,0.135533
2026-02-18 17:15+01:00,0.140210
2026-02-18 17:30+01:00,0.131090
2026-02-18 17:45+01:00,0.129485
2026-02-18 18:00+01:00,0.002661
2026-02-18 18:15+01:00,0.002264
2026-02-18 18:30+01:00,0.003467
2026-02-18 18:45+01:00,0.001628
2026-02-18 19:00+01:00,0.002785
2026-02-18 19:15+01:00,
2026-02-18 19:30+01:00,0.002663
2026-02-18 19:45+01:00,0.002098
2026-02-18 20:00+01:00,0.003247
2026-02-18 20:15+01:00,0.002771
2026-02-18 20:30+01:00,0.002373
2026-02-18 20:45+01:00,0.002459
2026-02-18 21:00+01:00,0.003296
2026-02-18 21:15+01:00,
2026-02-18 21:30+01:00,0.002221
2026-02-18 21:45+01:00,0.002617
2026-02-18 22:00+01:00,0.002265
2026-02-18 22:15+01:00,0.002240
2026-02-18 22:30+01:00,0.003098
2026-02-18 22:45+01:00,0.002675
2026-02-18 23:00+01:00,0.002572
2026-02-18 23:15+01:00,0.002768
2026-02-18 23:30+01:00,0.002549
2026-02-18 23:45+01:00,0.002614
2026-02-19 00:00+01:00,0.002393
2026-02-19 00:15+01:00,0.002984
2026-02-19 00:30+01:00,0.003127
2026-02-19 00:45+01:00,0.002528
2026-02-19 01:00+01:00,0.000000
2026-02-19 01:15+01:00,0.003595
2026-02-19 01:30+01:00,0.002836
2026-02-19 01:45+01:00,0.002033
2026-02-19 02:00+01:00,0.003050
2026-02-19 02:15+01:00,0.001879
2026-02-19 02:30+01:00,0.000000
2026-02-19 02:45+01:00,0.002128
2026-02-19 03:00+01:00,0.000000
2026-02-19 03:15+01:00,0.003427
2026-02-19 03:30+01:00,0.002358
2026-02-19 03:45+01:00,0.002421
2026-02-19 04:00+01:00,0.001756
2026-02-19 04:15+01:00,0.002950
2026-02-19 04:30+01:00,0.002396
2026-02-19 04:45+01:00,0.002745
2026-02-19 05:00+01:00,0.002126
2026-02-19 05:15+01:00,0.002570
2026-02-19 05:30+01:00,0.003230
2026-02-19 05:45+01:00,0.002681
2026-02-19 06:00+01:00,0.000000
2026-02-19 06:15+01:00,0.001292
2026-02-19 06:30+01:00,0.002153
2026-02-19 06:45+01:00,0.002748
2026-02-19 07:00+01:00,0.110931
2026-02-19 07:15+01:00,0.145407
2026-02-19 07:30+01:00,0.140127
2026-02-19 07:45+01:00,0.121516
2026-02-19 08:00+01:00,0.104652
2026-02-19 08:15+01:00,0.164667
2026-02-19 08:30+01:00,0.134065
2026-02-19 08:45+01:00,0.120556
2026-02-19 09:00+01:00,0.139791
2026-02-19 09:15+01:00,0.142251
2026-02-19 09:30+01:00,0.147164
2026-02-19 09:45+01:00,0.145097
2026-02-19 10:00+01:00,0.129228
2026-02-19 10:15+01:00,0.138996
2026-02-19 10:30+01:00,0.129542
2026-02-19 10:45+01:00,0.130152
2026-02-19 11:00+01:00,0.134509
2026-02-19 11:15+01:00,0.136767
2026-02-19 11:30+01:00,0.112329
2026-02-19 11:45+01:00,0.135849
2026-02-19 12:00+01:00,0.122360
2026-02-19 12:15+01:00,0.118619
2026-02-19 12:30+01:00,0.136592
2026-02-19 12:45+01:00,0.142100
2026-02-19 13:00+01:00,0.115714
2026-02-19 13:15+01:00,0.146459
2026-02-19 13:30+01:00,0.145236
2026-02-19 13:45+01:00,0.127992
2026-02-19 14:00+01:00,0.134940
2026-02-19 14:15+01:00,0.146512
2026-02-19 14:30+01:00,0.112381
2026-02-19 14:45+01:00,0.128493
2026-02-19 15:00+01:00,0.153885
2026-02-19 15:15+01:00,0.122234
2026-02-19 15:30+01:00,0.130113
2026-02-19 15:45+01:00,0.129088
2026-02-19 16:00+01:00,0.127928
2026-02-19 16:15+01:00,0.144101
2026-02-19 16:30+01:00,0.130875
2026-02-19 16:45+01:00,0.130474
2026-02-19 17:00+01:00,
2026-02-19 17:15+01:00,0.127453
2026-02-19 17:30+01:00,0.147635
2026-02-19 17:45+01:00,0.136294
2026-02-19 18:00+01:00,
2026-02-19 18:15+01:00,0.002528
2026-02-19 18:30+01:00,0.002850
2026-02-19 18:45+01:00,0.001369
2026-02-19 19:00+01:00,0.002669
2026-02-19 19:15+01:00,0.003097
2026-02-19 19:30+01:00,0.002907
2026-02-19 19:45+01:00,0.002485
2026-02-19 20:00+01:00,0.000000
2026-02-19 20:15+01:00,0.002907
2026-02-19 20:30+01:00,0.003143
2026-02-19 20:45+01:00,0.002332
2026-02-19 21:00+01:00,0.002050
2026-02-19 21:15+01:00,0.002457
2026-02-19 21:30+01:00,0.002248
2026-02-19 21:45+01:00,0.003292
2026-02-19 22:00+01:00,0.002521
2026-02-19 22:15+01:00,0.002734
2026-02-19 22:30+01:00,0.003238
2026-02-19 22:45+01:00,0.002714
2026-02-19 23:00+01:00,0.002230
2026-02-19 23:15+01:00,0.002335
2026-02-19 23:30+01:00,0.001779
2026-02-19 23:45+01:00,0.002743
2026-02-20 00:00+01:00,0.002364
2026-02-20 00:15+01:00,0.002857
2026-02-20 00:30+01:00,0.002759
2026-02-20 00:45+01:00,0.002199
2026-02-20 01:00+01:00,0.003611
2026-02-20 01:15+01:00,0.000000
2026-02-20 01:30+01:00,0.002900
2026-02-20 01:45+01:00,0.002927
2026-02-20 02:00+01:00,0.002578
2026-02-20 02:15+01:00,0.002060
2026-02-20 02:30+01:00,0.002058
2026-02-20 02:45+01:00,0.001791
2026-02-20 03:00+01:00,0.002522
2026-02-20 03:15+01:00,0.000000
2026-02-20 03:30+01:00,0.002574
2026-02-20 03:45+01:00,0.000000
2026-02-20 04:00+01:00,0.001739
2026-02-20 04:15+01:00,0.002802
2026-02-20 04:30+01:00,0.003514
2026-02-20 04:45+01:00,0.003193
2026-02-20 05:00+01:00,0.002917
2026-02-20 05:15+01:00,0.002029
2026-02-20 05:30+01:00,0.002076
2026-02-20 05:45+01:00,0.000000
2026-02-20 06:00+01:00,0.002325
2026-02-20 06:15+01:00,0.002117
2026-02-20 06:30+01:00,0.002449
2026-02-20 06:45+01:00,0.000000
2026-02-20 07:00+01:00,0.076538
2026-02-20 07:15+01:00,0.109767
2026-02-20 07:30+01:00,0.125538
2026-02-20 07:45+01:00,0.138142
2026-02-20 08:00+01:00,0.141906
2026-02-20 08:15+01:00,0.107501
2026-02-20 08:30+01:00,
2026-02-20 08:45+01:00,0.125377
2026-02-20 09:00+01:00,0.131663
2026-02-20 09:15+01:00,0.144718
2026-02-20 09:30+01:00,0.107495
2026-02-20 09:45+01:00,
2026-02-20 10:00+01:00,0.130716
2026-02-20 10:15+01:00,0.125568
2026-02-20 10:30+01:00,0.136414
2026-02-20 10:45+01:00,0.114449
2026-02-20 11:00+01:00,0.136098
2026-02-20 11:15+01:00,0.136949
2026-02-20 11:30+01:00,0.115486
2026-02-20 11:45+01:00,0.139428
2026-02-20 12:00+01:00,0.116282
2026-02-20 12:15+01:00,0.136742
2026-02-20 12:30+01:00,0.127992
2026-02-20 12:45+01:00,0.126310
2026-02-20 13:00+01:00,0.119101
2026-02-20 13:15+01:00,0.170017
2026-02-20 13:30+01:00,0.130482
2026-02-20 13:45+01:00,0.149248
2026-02-20 14:00+01:00,0.116913
2026-02-20 14:15+01:00,0.137354
2026-02-20 14:30+01:00,0.140266
2026-02-20 14:45+01:00,0.147209
2026-02-20 15:00+01:00,0.133429
2026-02-20 15:15+01:00,0.100729
2026-02-20 15:30+01:00,0.134178
2026-02-20 15:45+01:00,0.102097
2026-02-20 16:00+01:00,0.153070
2026-02-20 16:15+01:00,0.128450
2026-02-20 16:30+01:00,0.133122
2026-02-20 16:45+01:00,0.150261
2026-02-20 17:00+01:00,0.117078
2026-02-20 17:15+01:00,0.148166
2026-02-20 17:30+01:00,0.133569
2026-02-20 17:45+01:00,0.130037
2026-02-20 18:00+01:00,0.002752
2026-02-20 18:15+01:00,0.002229
2026-02-20 18:30+01:00,0.002019
2026-02-20 18:45+01:00,0.000000
2026-02-20 19:00+01:00,0.002581
2026-02-20 19:15+01:00,0.002427
2026-02-20 19:30+01:00,0.001844
2026-02-20 19:45+01:00,0.002085
2026-02-20 20:00+01:00,0.002594
2026-02-20 20:15+01:00,0.003010
2026-02-20 20:30+01:00,0.002349
2026-02-20 20:45+01:00,0.003543
2026-02-20 21:00+01:00,0.002624
2026-02-20 21:15+01:00,0.002511
2026-02-20 21:30+01:00,0.002194
2026-02-20 21:45+01:00,0.002446
2026-02-20 22:00+01:00,0.002807
2026-02-20 22:15+01:00,0.003332
2026-02-20 22:30+01:00,0.003284
2026-02-20 22:45+01:00,0.002965
2026-02-20 23:00+01:00,0.002677
2026-02-20 23:15+01:00,0.002626
2026-02-20 23:30+01:00,0.003585
2026-02-20 23:45+01:00,0.002125
2026-02-21 00:00+01:00,0.002870
2026-02-21 00:15+01:00,0.000730
2026-02-21 00:30+01:00,0.001594
2026-02-21 00:45+01:00,0.001067
2026-02-21 01:00+01:00,
2026-02-21 01:15+01:00,0.000000
2026-02-21 01:30+01:00,0.001390
2026-02-21 01:45+01:00,0.001488
2026-02-21 02:00+01:00,0.001891
2026-02-21 02:15+01:00,0.001789
2026-02-21 02:30+01:00,0.001220
2026-02-21 02:45+01:00,0.001393
2026-02-21 03:00+01:00,0.001711
2026-02-21 03:15+01:00,0.001564
2026-02-21 03:30+01:00,0.001865
2026-02-21 03:45+01:00,0.001440
2026-02-21 04:00+01:00,0.001944
2026-02-21 04:15+01:00,0.001498
2026-02-21 04:30+01:00,0.001587
2026-02-21 04:45+01:00,0.001280
2026-02-21 05:00+01:00,0.001903
2026-02-21 05:15+01:00,0.000000
2026-02-21 05:30+01:00,0.001786
2026-02-21 05:45+01:00,0.001699
2026-02-21 06:00+01:00,0.001460
2026-02-21 06:15+01:00,0.001118
2026-02-21 06:30+01:00,0.001588
2026-02-21 06:45+01:00,0.001349
2026-02-21 07:00+01:00,0.001588
2026-02-21 07:15+01:00,0.001327
2026-02-21 07:30+01:00,0.001362
2026-02-21 07:45+01:00,0.001617
2026-02-21 08:00+01:00,0.001495
2026-02-21 08:15+01:00,0.000000
2026-02-21 08:30+01:00,0.001565
2026-02-21 08:45+01:00,
2026-02-21 09:00+01:00,0.001387
2026-02-21 09:15+01:00,0.001379
2026-02-21 09:30+01:00,0.001784
2026-02-21 09:45+01:00,0.002104
2026-02-21 10:00+01:00,0.001134
2026-02-21 10:15+01:00,0.001243
2026-02-21 10:30+01:00,0.000732
2026-02-21 10:45+01:00,0.001416
2026-02-21 11:00+01:00,0.001381
2026-02-21 11:15+01:00,0.001482
2026-02-21 11:30+01:00,0.001463
2026-02-21 11:45+01:00,0.001831
2026-02-21 12:00+01:00,0.001591
2026-02-21 12:15+01:00,0.001493
2026-02-21 12:30+01:00,0.001646
2026-02-21 12:45+01:00,0.001048
2026-02-21 13:00+01:00,0.001613
2026-02-21 13:15+01:00,0.001431
2026-02-21 13:30+01:00,0.001455
2026-02-21 13:45+01:00,0.001295
2026-02-21 14:00+01:00,0.001710
2026-02-21 14:15+01:00,0.001735
2026-02-21 14:30+01:00,0.001476
2026-02-21 14:45+01:00,0.001871
2026-02-21 15:00+01:00,0.001772
2026-02-21 15:15+01:00,0.001434
2026-02-21 15:30+01:00,0.001266
2026-02-21 15:45+01:00,0.001818
2026-02-21 16:00+01:00,0.002057
2026-02-21 16:15+01:00,0.001549
2026-02-21 16:30+01:00,0.001281
2026-02-21 16:45+01:00,0.001988
2026-02-21 17:00+01:00,0.001198
2026-02-21 17:15+01:00,0.001358
2026-02-21 17:30+01:00,0.000000
2026-02-21 17:45+01:00,0.001672
2026-02-21 18:00+01:00,0.001196
2026-02-21 18:15+01:00,0.001838
2026-02-21 18:30+01:00,0.001537
2026-02-21 18:45+01:00,
2026-02-21 19:00+01:00,0.001759
2026-02-21 19:15+01:00,0.001432
2026-02-21 19:30+01:00,0.001879
2026-02-21 19:45+01:00,
2026-02-21 20:00+01:00,0.001990
2026-02-21 20:15+01:00,0.001719
2026-02-21 20:30+01:00,0.001725
2026-02-21 20:45+01:00,0.000993
2026-02-21 21:00+01:00,0.001088
2026-02-21 21:15+01:00,0.001586
2026-02-21 21:30+01:00,0.001657
2026-02-21 21:45+01:00,0.001143
2026-02-21 22:00+01:00,0.001360
2026-02-21 22:15+01:00,0.001687
2026-02-21 22:30+01:00,0.001257
2026-02-21 22:45+01:00,0.001479
2026-02-21 23:00+01:00,0.001169
2026-02-21 23:15+01:00,0.001316
2026-02-21 23:30+01:00,0.001133
2026-02-21 23:45+01:00,0.001426
2026-02-22 00:00+01:00,0.001768
2026-02-22 00:15+01:00,0.000000
2026-02-22 00:30+01:00,0.001520
2026-02-22 00:45+01:00,0.000000
2026-02-22 01:00+01:00,0.001478
2026-02-22 01:15+01:00,0.001794
2026-02-22 01:30+01:00,0.001650
2026-02-22 01:45+01:00,0.000000
2026-02-22 02:00+01:00,0.002084
2026-02-22 02:15+01:00,0.001315
2026-02-22 02:30+01:00,0.001040
2026-02-22 02:45+01:00,0.001520
2026-02-22 03:00+01:00,0.001382
2026-02-22 03:15+01:00,0.001252
2026-02-22 03:30+01:00,0.001623
2026-02-22 03:45+01:00,0.001369
2026-02-22 04:00+01:00,0.001466
2026-02-22 04:15+01:00,0.001728
2026-02-22 04:30+01:00,0.001559
2026-02-22 04:45+01:00,0.001908
2026-02-22 05:00+01:00,0.001772
2026-02-22 05:15+01:00,0.001902
2026-02-22 05:30+01:00,0.001391
2026-02-22 05:45+01:00,0.001292
2026-02-22 06:00+01:00,0.001749
2026-02-22 06:15+01:00,0.001473
2026-02-22 06:30+01:00,0.001837
2026-02-22 06:45+01:00,0.000000
2026-02-22 07:00+01:00,0.001009
2026-02-22 07:15+01:00,0.000975
2026-02-22 07:30+01:00,0.001512
2026-02-22 07:45+01:00,0.000000
2026-02-22 08:00+01:00,0.001933
2026-02-22 08:15+01:00,0.001521
2026-02-22 08:30+01:00,0.001233
2026-02-22 08:45+01:00,0.000805
2026-02-22 09:00+01:00,0.001537
2026-02-22 09:15+01:00,0.000915
2026-02-22 09:30+01:00,0.001401
2026-02-22 09:45+01:00,0.001571
2026-02-22 10:00+01:00,0.001393
2026-02-22 10:15+01:00,0.001720
2026-02-22 10:30+01:00,0.001325
2026-02-22 10:45+01:00,
2026-02-22 11:00+01:00,0.001426
2026-02-22 11:15+01:00,0.002173
2026-02-22 11:30+01:00,0.001528
2026-02-22 11:45+01:00,0.001915
2026-02-22 12:00+01:00,0.001143
2026-02-22 12:15+01:00,0.001846
2026-02-22 12:30+01:00,0.001467
2026-02-22 12:45+01:00,0.001402
2026-02-22 13:00+01:00,0.001594
2026-02-22 13:15+01:00,0.001577
2026-02-22 13:30+01:00,0.001412
2026-02-22 13:45+01:00,0.002106
2026-02-22 14:00+01:00,0.001572
2026-02-22 14:15+01:00,0.000000
2026-02-22 14:30+01:00,0.001559
2026-02-22 14:45+01:00,0.001976
2026-02-22 15:00+01:00,0.001309
2026-02-22 15:15+01:00,0.001462
2026-02-22 15:30+01:00,0.001482
2026-02-22 15:45+01:00,0.001429
2026-02-22 16:00+01:00,0.001234
2026-02-22 16:15+01:00,
2026-02-22 16:30+01:00,0.001795
2026-02-22 16:45+01:00,0.001378
2026-02-22 17:00+01:00,0.001702
2026-02-22 17:15+01:00,0.001927
2026-02-22 17:30+01:00,0.001583
2026-02-22 17:45+01:00,0.001928
2026-02-22 18:00+01:00,0.000000
2026-02-22 18:15+01:00,0.001077
2026-02-22 18:30+01:00,0.001559
2026-02-22 18:45+01:00,0.001424
2026-02-22 19:00+01:00,0.001756
2026-02-22 19:15+01:00,0.001219
2026-02-22 19:30+01:00,0.001532
2026-02-22 19:45+01:00,0.001439
2026-02-22 20:00+01:00,0.002053
2026-02-22 20:15+01:00,0.001704
2026-02-22 20:30+01:00,0.001706
2026-02-22 20:45+01:00,0.001121
2026-02-22 21:00+01:00,0.001463
2026-02-22 21:15+01:00,0.001833
2026-02-22 21:30+01:00,0.002014
2026-02-22 21:45+01:00,0.001865
2026-02-22 22:00+01:00,0.001606
2026-02-22 22:15+01:00,0.001804
2026-02-22 22:30+01:00,0.001644
2026-02-22 22:45+01:00,0.001818
2026-02-22 23:00+01:00,0.001342
2026-02-22 23:15+01:00,0.001230
2026-02-22 23:30+01:00,0.001809
2026-02-22 23:45+01:00,0.001204
2026-02-23 00:00+01:00,0.000990
2026-02-23 00:15+01:00,0.003351
2026-02-23 00:30+01:00,0.001953
2026-02-23 00:45+01:00,0.000000
2026-02-23 01:00+01:00,0.002987
2026-02-23 01:15+01:00,0.002304
2026-02-23 01:30+01:00,0.002122
2026-02-23 01:45+01:00,0.003018
2026-02-23 02:00+01:00,0.002302
2026-02-23 02:15+01:00,0.003147
2026-02-23 02:30+01:00,0.003546
2026-02-23 02:45+01:00,0.003498
2026-02-23 03:00+01:00,
2026-02-23 03:15+01:00,0.002512
2026-02-23 03:30+01:00,0.002218
2026-02-23 03:45+01:00,0.002105
2026-02-23 04:00+01:00,0.001901
2026-02-23 04:15+01:00,0.002330
2026-02-23 04:30+01:00,0.002984
2026-02-23 04:45+01:00,0.000000
2026-02-23 05:00+01:00,0.002477
2026-02-23 05:15+01:00,0.002666
2026-02-23 05:30+01:00,0.002376
2026-02-23 05:45+01:00,0.002645
2026-02-23 06:00+01:00,0.002658
2026-02-23 06:15+01:00,0.002015
2026-02-23 06:30+01:00,0.002188
2026-02-23 06:45+01:00,0.003110
2026-02-23 07:00+01:00,0.126050
2026-02-23 07:15+01:00,0.102793
2026-02-23 07:30+01:00,0.150174
2026-02-23 07:45+01:00,0.114650
2026-02-23 08:00+01:00,0.148835
2026-02-23 08:15+01:00,0.150484
2026-02-23 08:30+01:00,0.136248
2026-02-23 08:45+01:00,0.129212
2026-02-23 09:00+01:00,0.146150
2026-02-23 09:15+01:00,0.126652
2026-02-23 09:30+01:00,0.122842
2026-02-23 09:45+01:00,0.106657
2026-02-23 10:00+01:00,0.136461
2026-02-23 10:15+01:00,0.167453
2026-02-23 10:30+01:00,0.100438
2026-02-23 10:45+01:00,0.128151
2026-02-23 11:00+01:00,0.128213
2026-02-23 11:15+01:00,0.111345
2026-02-23 11:30+01:00,0.135072
2026-02-23 11:45+01:00,0.140731
2026-02-23 12:00+01:00,0.128503
2026-02-23 12:15+01:00,0.134588
2026-02-23 12:30+01:00,0.118361
2026-02-23 12:45+01:00,0.145906
2026-02-23 13:00+01:00,0.117701
2026-02-23 13:15+01:00,0.149728
2026-02-23 13:30+01:00,0.132731
2026-02-23 13:45+01:00,0.111258
2026-02-23 14:00+01:00,0.102589
2026-02-23 14:15+01:00,0.139501
2026-02-23 14:30+01:00,0.124256
2026-02-23 14:45+01:00,0.115533
2026-02-23 15:00+01:00,0.130417
2026-02-23 15:15+01:00,0.155314
2026-02-23 15:30+01:00,0.134571
2026-02-23 15:45+01:00,0.122783
2026-02-23 16:00+01:00,0.117973
2026-02-23 16:15+01:00,0.136414
2026-02-23 16:30+01:00,0.125836
2026-02-23 16:45+01:00,0.138975
2026-02-23 17:00+01:00,0.140643
2026-02-23 17:15+01:00,0.140733
2026-02-23 17:30+01:00,0.137754
2026-02-23 17:45+01:00,0.135584
2026-02-23 18:00+01:00,0.000000
2026-02-23 18:15+01:00,0.002320
2026-02-23 18:30+01:00,0.002199
2026-02-23 18:45+01:00,0.003018
2026-02-23 19:00+01:00,0.003252
2026-02-23 19:15+01:00,0.003194
2026-02-23 19:30+01:00,0.002190
2026-02-23 19:45+01:00,0.003376
2026-02-23 20:00+01:00,0.002775
2026-02-23 20:15+01:00,0.001789
2026-02-23 20:30+01:00,0.002379
2026-02-23 20:45+01:00,0.000000
2026-02-23 21:00+01:00,0.002066
2026-02-23 21:15+01:00,0.002884
2026-02-23 21:30+01:00,0.002081
2026-02-23 21:45+01:00,0.002362
2026-02-23 22:00+01:00,0.002833
2026-02-23 22:15+01:00,0.003741
2026-02-23 22:30+01:00,0.003286
2026-02-23 22:45+01:00,0.002488
2026-02-23 23:00+01:00,0.001272
2026-02-23 23:15+01:00,
2026-02-23 23:30+01:00,0.001946
2026-02-23 23:45+01:00,0.002766
2026-02-24 00:00+01:00,0.002215
2026-02-24 00:15+01:00,0.002132
2026-02-24 00:30+01:00,0.002922
2026-02-24 00:45+01:00,0.002398
2026-02-24 01:00+01:00,0.003663
2026-02-24 01:15+01:00,0.003144
2026-02-24 01:30+01:00,0.003286
2026-02-24 01:45+01:00,0.001897
2026-02-24 02:00+01:00,0.002940
2026-02-24 02:15+01:00,0.002641
2026-02-24 02:30+01:00,0.002332
2026-02-24 02:45+01:00,0.002916
2026-02-24 03:00+01:00,0.002623
2026-02-24 03:15+01:00,0.002888
2026-02-24 03:30+01:00,0.002710
2026-02-24 03:45+01:00,0.001658
2026-02-24 04:00+01:00,0.002558
2026-02-24 04:15+01:00,0.002256
2026-02-24 04:30+01:00,0.003019
2026-02-24 04:45+01:00,0.001223
2026-02-24 05:00+01:00,0.003108
2026-02-24 05:15+01:00,0.003099
2026-02-24 05:30+01:00,0.003267
2026-02-24 05:45+01:00,0.002123
2026-02-24 06:00+01:00,0.003073
2026-02-24 06:15+01:00,0.000000
2026-02-24 06:30+01:00,0.003508
2026-02-24 06:45+01:00,0.003506
2026-02-24 07:00+01:00,0.114869
2026-02-24 07:15+01:00,0.134579
2026-02-24 07:30+01:00,0.164028
2026-02-24 07:45+01:00,0.129193
2026-02-24 08:00+01:00,0.116241
2026-02-24 08:15+01:00,0.133070
2026-02-24 08:30+01:00,0.117376
2026-02-24 08:45+01:00,0.153396
2026-02-24 09:00+01:00,0.141003
2026-02-24 09:15+01:00,0.134399
2026-02-24 09:30+01:00,0.152816
2026-02-24 09:45+01:00,0.146797
2026-02-24 10:00+01:00,0.109945
2026-02-24 10:15+01:00,0.128794
2026-02-24 10:30+01:00,0.151563
2026-02-24 10:45+01:00,0.137163
2026-02-24 11:00+01:00,0.134204
2026-02-24 11:15+01:00,0.156554
2026-02-24 11:30+01:00,0.145281
2026-02-24 11:45+01:00,0.112930
2026-02-24 12:00+01:00,0.098150
2026-02-24 12:15+01:00,0.109944
2026-02-24 12:30+01:00,0.138260
2026-02-24 12:45+01:00,0.127475
2026-02-24 13:00+01:00,0.098021
2026-02-24 13:15+01:00,0.156152
2026-02-24 13:30+01:00,0.138646
2026-02-24 13:45+01:00,0.124525
2026-02-24 14:00+01:00,0.119858
2026-02-24 14:15+01:00,0.124015
2026-02-24 14:30+01:00,0.120937
2026-02-24 14:45+01:00,0.152989
2026-02-24 15:00+01:00,0.143242
2026-02-24 15:15+01:00,0.145326
2026-02-24 15:30+01:00,0.111940
2026-02-24 15:45+01:00,0.153501
2026-02-24 16:00+01:00,0.142707
2026-02-24 16:15+01:00,0.119871
2026-02-24 16:30+01:00,0.118970
2026-02-24 16:45+01:00,0.134803
2026-02-24 17:00+01:00,0.134229
2026-02-24 17:15+01:00,0.138270
2026-02-24 17:30+01:00,0.116506
2026-02-24 17:45+01:00,0.136431
2026-02-24 18:00+01:00,0.002107
2026-02-24 18:15+01:00,0.002778
2026-02-24 18:30+01:00,0.003503
2026-02-24 18:45+01:00,0.002275
2026-02-24 19:00+01:00,0.001883
2026-02-24 19:15+01:00,0.002716
2026-02-24 19:30+01:00,0.002953
2026-02-24 19:45+01:00,0.002429
2026-02-24 20:00+01:00,0.002041
2026-02-24 20:15+01:00,0.002613
2026-02-24 20:30+01:00,0.002618
2026-02-24 20:45+01:00,0.002296
2026-02-24 21:00+01:00,0.001782
2026-02-24 21:15+01:00,0.002563
2026-02-24 21:30+01:00,0.002297
2026-02-24 21:45+01:00,0.001606
2026-02-24 22:00+01:00,0.002476
2026-02-24 22:15+01:00,0.002364
2026-02-24 22:30+01:00,0.002826
2026-02-24 22:45+01:00,0.002661
2026-02-24 23:00+01:00,0.002914
2026-02-24 23:15+01:00,0.001658
2026-02-24 23:30+01:00,0.002551
2026-02-24 23:45+01:00,0.002434
2026-02-25 00:00+01:00,0.003567
2026-02-25 00:15+01:00,0.003068
2026-02-25 00:30+01:00,0.001946
2026-02-25 00:45+01:00,
2026-02-25 01:00+01:00,0.001832
2026-02-25 01:15+01:00,0.002591
2026-02-25 01:30+01:00,0.003178
2026-02-25 01:45+01:00,0.001765
2026-02-25 02:00+01:00,0.000000
2026-02-25 02:15+01:00,0.003459
2026-02-25 02:30+01:00,0.002618
2026-02-25 02:45+01:00,0.003208
2026-02-25 03:00+01:00,0.002156
2026-02-25 03:15+01:00,0.002192
2026-02-25 03:30+01:00,0.001865
2026-02-25 03:45+01:00,0.002689
2026-02-25 04:00+01:00,0.001353
2026-02-25 04:15+01:00,0.003332
2026-02-25 04:30+01:00,0.003000
2026-02-25 04:45+01:00,0.002364
2026-02-25 05:00+01:00,0.002021
2026-02-25 05:15+01:00,0.000000
2026-02-25 05:30+01:00,0.002654
2026-02-25 05:45+01:00,0.002422
2026-02-25 06:00+01:00,0.002656
2026-02-25 06:15+01:00,0.003310
2026-02-25 06:30+01:00,0.003683
2026-02-25 06:45+01:00,0.002503
2026-02-25 07:00+01:00,0.135661
2026-02-25 07:15+01:00,0.115246
2026-02-25 07:30+01:00,0.146482
2026-02-25 07:45+01:00,0.135176
2026-02-25 08:00+01:00,0.125000
2026-02-25 08:15+01:00,0.148101
2026-02-25 08:30+01:00,0.116458
2026-02-25 08:45+01:00,0.115493
2026-02-25 09:00+01:00,0.141708
2026-02-25 09:15+01:00,0.138006
2026-02-25 09:30+01:00,0.171740
2026-02-25 09:45+01:00,0.128978
2026-02-25 10:00+01:00,0.173698
2026-02-25 10:15+01:00,0.124671
2026-02-25 10:30+01:00,0.132788
2026-02-25 10:45+01:00,0.130074
2026-02-25 11:00+01:00,
2026-02-25 11:15+01:00,0.131775
2026-02-25 11:30+01:00,0.122886
2026-02-25 11:45+01:00,0.126587
2026-02-25 12:00+01:00,0.125601
2026-02-25 12:15+01:00,0.110664
2026-02-25 12:30+01:00,0.158364
2026-02-25 12:45+01:00,0.127728
2026-02-25 13:00+01:00,0.134974
2026-02-25 13:15+01:00,0.118197
2026-02-25 13:30+01:00,0.128306
2026-02-25 13:45+01:00,0.127848
2026-02-25 14:00+01:00,0.144281
2026-02-25 14:15+01:00,0.145741
2026-02-25 14:30+01:00,0.122135
2026-02-25 14:45+01:00,0.126353
2026-02-25 15:00+01:00,0.131604
2026-02-25 15:15+01:00,0.108149
2026-02-25 15:30+01:00,0.138179
2026-02-25 15:45+01:00,0.140780
2026-02-25 16:00+01:00,0.132772
2026-02-25 16:15+01:00,0.152704
2026-02-25 16:30+01:00,0.113646
2026-02-25 16:45+01:00,0.148093
2026-02-25 17:00+01:00,0.138863
2026-02-25 17:15+01:00,0.153492
2026-02-25 17:30+01:00,0.116919
2026-02-25 17:45+01:00,0.144277
2026-02-25 18:00+01:00,0.003210
2026-02-25 18:15+01:00,0.002272
2026-02-25 18:30+01:00,0.002734
2026-02-25 18:45+01:00,0.002604
2026-02-25 19:00+01:00,0.002956
2026-02-25 19:15+01:00,0.002478
2026-02-25 19:30+01:00,0.002961
2026-02-25 19:45+01:00,0.002005
2026-02-25 20:00+01:00,0.002790
2026-02-25 20:15+01:00,0.002021
2026-02-25 20:30+01:00,0.002712
2026-02-25 20:45+01:00,0.000000
2026-02-25 21:00+01:00,0.002863
2026-02-25 21:15+01:00,0.001692
2026-02-25 21:30+01:00,0.002758
2026-02-25 21:45+01:00,0.002339
2026-02-25 22:00+01:00,0.002952
2026-02-25 22:15+01:00,0.002205
2026-02-25 22:30+01:00,0.002346
2026-02-25 22:45+01:00,0.003014
2026-02-25 23:00+01:00,0.002019
2026-02-25 23:15+01:00,0.002376
2026-02-25 23:30+01:00,0.003077
2026-02-25 23:45+01:00,0.001396
2026-02-26 00:00+01:00,0.001794
2026-02-26 00:15+01:00,0.002740
2026-02-26 00:30+01:00,0.003183
2026-02-26 00:45+01:00,0.003303
2026-02-26 01:00+01:00,0.000000
2026-02-26 01:15+01:00,0.002946
2026-02-26 01:30+01:00,0.002860
2026-02-26 01:45+01:00,0.002778
2026-02-26 02:00+01:00,0.003487
2026-02-26 02:15+01:00,0.003198
2026-02-26 02:30+01:00,0.000000
2026-02-26 02:45+01:00,0.003330
2026-02-26 03:00+01:00,0.002453
2026-02-26 03:15+01:00,0.001956
2026-02-26 03:30+01:00,0.001913
2026-02-26 03:45+01:00,0.002781
2026-02-26 04:00+01:00,0.002721
2026-02-26 04:15+01:00,0.001207
2026-02-26 04:30+01:00,0.002716
2026-02-26 04:45+01:00,0.002289
2026-02-26 05:00+01:00,0.002475
2026-02-26 05:15+01:00,0.003425
2026-02-26 05:30+01:00,0.003035
2026-02-26 05:45+01:00,0.002584
2026-02-26 06:00+01:00,0.003909
2026-02-26 06:15+01:00,0.001872
2026-02-26 06:30+01:00,0.002749
2026-02-26 06:45+01:00,0.000000
2026-02-26 07:00+01:00,0.129204
2026-02-26 07:15+01:00,0.110714
2026-02-26 07:30+01:00,0.128099
2026-02-26 07:45+01:00,0.126692
2026-02-26 08:00+01:00,0.116208
2026-02-26 08:15+01:00,0.117726
2026-02-26 08:30+01:00,0.103520
2026-02-26 08:45+01:00,0.132274
2026-02-26 09:00+01:00,0.128370
2026-02-26 09:15+01:00,0.126558
2026-02-26 09:30+01:00,0.115535
2026-02-26 09:45+01:00,0.123668
2026-02-26 10:00+01:00,0.144638
2026-02-26 10:15+01:00,0.126978
2026-02-26 10:30+01:00,0.127796
2026-02-26 10:45+01:00,0.148568
2026-02-26 11:00+01:00,0.118520
2026-02-26 11:15+01:00,0.144990
2026-02-26 11:30+01:00,0.145950
2026-02-26 11:45+01:00,0.136034
2026-02-26 12:00+01:00,0.143666
2026-02-26 12:15+01:00,0.135350
2026-02-26 12:30+01:00,0.123150
2026-02-26 12:45+01:00,0.112559
2026-02-26 13:00+01:00,0.140907
2026-02-26 13:15+01:00,0.125209
2026-02-26 13:30+01:00,0.128827
2026-02-26 13:45+01:00,0.142375
2026-02-26 14:00+01:00,0.148015
2026-02-26 14:15+01:00,0.129708
2026-02-26 14:30+01:00,0.114582
2026-02-26 14:45+01:00,0.121546
2026-02-26 15:00+01:00,0.158578
2026-02-26 15:15+01:00,0.158530
2026-02-26 15:30+01:00,0.109212
2026-02-26 15:45+01:00,0.134846
2026-02-26 16:00+01:00,0.114391
2026-02-26 16:15+01:00,0.130465
2026-02-26 16:30+01:00,0.148389
2026-02-26 16:45+01:00,0.125571
2026-02-26 17:00+01:00,0.146063
2026-02-26 17:15+01:00,0.155049
2026-02-26 17:30+01:00,0.101691
2026-02-26 17:45+01:00,0.120967
2026-02-26 18:00+01:00,0.001884
2026-02-26 18:15+01:00,0.002762
2026-02-26 18:30+01:00,0.002174
2026-02-26 18:45+01:00,0.001419
2026-02-26 19:00+01:00,0.001757
2026-02-26 19:15+01:00,0.002969
2026-02-26 19:30+01:00,0.000000
2026-02-26 19:45+01:00,
2026-02-26 20:00+01:00,0.002492
2026-02-26 20:15+01:00,0.002724
2026-02-26 20:30+01:00,0.002403
2026-02-26 20:45+01:00,0.002299
2026-02-26 21:00+01:00,0.002780
2026-02-26 21:15+01:00,0.000000
2026-02-26 21:30+01:00,0.002139
2026-02-26 21:45+01:00,0.002343
2026-02-26 22:00+01:00,0.002526
2026-02-26 22:15+01:00,0.003616
2026-02-26 22:30+01:00,
2026-02-26 22:45+01:00,0.002441
2026-02-26 23:00+01:00,
2026-02-26 23:15+01:00,0.001485
2026-02-26 23:30+01:00,0.002956
2026-02-26 23:45+01:00,0.000000
2026-02-27 00:00+01:00,0.002969
2026-02-27 00:15+01:00,0.002057
2026-02-27 00:30+01:00,0.002823
2026-02-27 00:45+01:00,0.002151
2026-02-27 01:00+01:00,0.002061
2026-02-27 01:15+01:00,0.002424
2026-02-27 01:30+01:00,0.002939
2026-02-27 01:45+01:00,0.003089
2026-02-27 02:00+01:00,0.001588
2026-02-27 02:15+01:00,0.002566
2026-02-27 02:30+01:00,0.002178
2026-02-27 02:45+01:00,0.001933
2026-02-27 03:00+01:00,0.003408
2026-02-27 03:15+01:00,0.003235
2026-02-27 03:30+01:00,0.003343
2026-02-27 03:45+01:00,0.003565
2026-02-27 04:00+01:00,0.002767
2026-02-27 04:15+01:00,0.003130
2026-02-27 04:30+01:00,0.002783
2026-02-27 04:45+01:00,0.002517
2026-02-27 05:00+01:00,0.001959
2026-02-27 05:15+01:00,0.002770
2026-02-27 05:30+01:00,0.002755
2026-02-27 05:45+01:00,0.002265
2026-02-27 06:00+01:00,0.002423
2026-02-27 06:15+01:00,0.000000
2026-02-27 06:30+01:00,0.001883
2026-02-27 06:45+01:00,0.002124
2026-02-27 07:00+01:00,0.137136
2026-02-27 07:15+01:00,0.138536
2026-02-27 07:30+01:00,0.141679
2026-02-27 07:45+01:00,0.122240
2026-02-27 08:00+01:00,0.119892
2026-02-27 08:15+01:00,0.128592
2026-02-27 08:30+01:00,0.128373
2026-02-27 08:45+01:00,0.127320
2026-02-27 09:00+01:00,0.133582
2026-02-27 09:15+01:00,0.137769
2026-02-27 09:30+01:00,0.118608
2026-02-27 09:45+01:00,0.145720
2026-02-27 10:00+01:00,0.145673
2026-02-27 10:15+01:00,0.101750
2026-02-27 10:30+01:00,0.135297
2026-02-27 10:45+01:00,0.113304
2026-02-27 11:00+01:00,0.106944
2026-02-27 11:15+01:00,0.164709
2026-02-27 11:30+01:00,0.137751
2026-02-27 11:45+01:00,
2026-02-27 12:00+01:00,0.148681
2026-02-27 12:15+01:00,0.146512
2026-02-27 12:30+01:00,0.134672
2026-02-27 12:45+01:00,0.145640
2026-02-27 13:00+01:00,0.134437
2026-02-27 13:15+01:00,0.112121
2026-02-27 13:30+01:00,0.148378
2026-02-27 13:45+01:00,0.136303
2026-02-27 14:00+01:00,0.128236
2026-02-27 14:15+01:00,0.116103
2026-02-27 14:30+01:00,0.139312
2026-02-27 14:45+01:00,0.111189
2026-02-27 15:00+01:00,0.114407
2026-02-27 15:15+01:00,0.134276
2026-02-27 15:30+01:00,0.134039
2026-02-27 15:45+01:00,0.151903
2026-02-27 16:00+01:00,0.097924
2026-02-27 16:15+01:00,0.120123
2026-02-27 16:30+01:00,0.120859
2026-02-27 16:45+01:00,0.126564
2026-02-27 17:00+01:00,0.137491
2026-02-27 17:15+01:00,0.128349
2026-02-27 17:30+01:00,0.132136
2026-02-27 17:45+01:00,0.152521
2026-02-27 18:00+01:00,
2026-02-27 18:15+01:00,0.003072
2026-02-27 18:30+01:00,0.002266
2026-02-27 18:45+01:00,0.003120
2026-02-27 19:00+01:00,
2026-02-27 19:15+01:00,0.002600
2026-02-27 19:30+01:00,0.002446
2026-02-27 19:45+01:00,0.002020
2026-02-27 20:00+01:00,0.003813
2026-02-27 20:15+01:00,0.002067
2026-02-27 20:30+01:00,0.003282
2026-02-27 20:45+01:00,0.001367
2026-02-27 21:00+01:00,0.002297
2026-02-27 21:15+01:00,0.002528
2026-02-27 21:30+01:00,0.004249
2026-02-27 21:45+01:00,0.003329
2026-02-27 22:00+01:00,0.002178
2026-02-27 22:15+01:00,0.002199
2026-02-27 22:30+01:00,0.003343
2026-02-27 22:45+01:00,0.003195
2026-02-27 23:00+01:00,
2026-02-27 23:15+01:00,0.002135
2026-02-27 23:30+01:00,0.001306
2026-02-27 23:45+01:00,0.001900
2026-02-28 00:00+01:00,0.003269
2026-02-28 00:15+01:00,0.001630
2026-02-28 00:30+01:00,0.002001
2026-02-28 00:45+01:00,0.001409
2026-02-28 01:00+01:00,0.001754
2026-02-28 01:15+01:00,0.001978
2026-02-28 01:30+01:00,0.000000
2026-02-28 01:45+01:00,0.001921
2026-02-28 02:00+01:00,0.001636
2026-02-28 02:15+01:00,0.001346
2026-02-28 02:30+01:00,0.001941
2026-02-28 02:45+01:00,0.001974
2026-02-28 03:00+01:00,0.001877
2026-02-28 03:15+01:00,0.001515
2026-02-28 03:30+01:00,0.001334
2026-02-28 03:45+01:00,0.001348
2026-02-28 04:00+01:00,0.001447
2026-02-28 04:15+01:00,0.001718
2026-02-28 04:30+01:00,0.001675
2026-02-28 04:45+01:00,0.001511
2026-02-28 05:00+01:00,0.001453
2026-02-28 05:15+01:00,0.001664
2026-02-28 05:30+01:00,0.001521
2026-02-28 05:45+01:00,
2026-02-28 06:00+01:00,0.001471
2026-02-28 06:15+01:00,0.001498
2026-02-28 06:30+01:00,0.001246
2026-02-28 06:45+01:00,0.001448
2026-02-28 07:00+01:00,0.001316
2026-02-28 07:15+01:00,0.001621
2026-02-28 07:30+01:00,0.000606
2026-02-28 07:45+01:00,0.001256
2026-02-28 08:00+01:00,0.000806
2026-02-28 08:15+01:00,0.001489
2026-02-28 08:30+01:00,0.001440
2026-02-28 08:45+01:00,0.001835
2026-02-28 09:00+01:00,0.002228
2026-02-28 09:15+01:00,0.001337
2026-02-28 09:30+01:00,0.001505
2026-02-28 09:45+01:00,0.001921
2026-02-28 10:00+01:00,0.001092
2026-02-28 10:15+01:00,0.001861
2026-02-28 10:30+01:00,0.001720
2026-02-28 10:45+01:00,0.001673
2026-02-28 11:00+01:00,0.001227
2026-02-28 11:15+01:00,0.001645
2026-02-28 11:30+01:00,0.001543
2026-02-28 11:45+01:00,0.001856
2026-02-28 12:00+01:00,0.001714
2026-02-28 12:15+01:00,0.001163
2026-02-28 12:30+01:00,0.001534
2026-02-28 12:45+01:00,0.001321
2026-02-28 13:00+01:00,0.001560
2026-02-28 13:15+01:00,0.001503
2026-02-28 13:30+01:00,0.001353
2026-02-28 13:45+01:00,0.001786
2026-02-28 14:00+01:00,
2026-02-28 14:15+01:00,0.001577
2026-02-28 14:30+01:00,0.000954
2026-02-28 14:45+01:00,0.001612
2026-02-28 15:00+01:00,0.001379
2026-02-28 15:15+01:00,0.001543
2026-02-28 15:30+01:00,0.001358
2026-02-28 15:45+01:00,0.001812
2026-02-28 16:00+01:00,0.001183
2026-02-28 16:15+01:00,0.001865
2026-02-28 16:30+01:00,0.000000
2026-02-28 16:45+01:00,0.011746
2026-02-28 17:00+01:00,0.006076
2026-02-28 17:15+01:00,0.001292
2026-02-28 17:30+01:00,0.001023
2026-02-28 17:45+01:00,0.001819
2026-02-28 18:00+01:00,0.001645
2026-02-28 18:15+01:00,0.001708
2026-02-28 18:30+01:00,0.001200
2026-02-28 18:45+01:00,0.001582
2026-02-28 19:00+01:00,0.001695
2026-02-28 19:15+01:00,0.001526
2026-02-28 19:30+01:00,0.000613
2026-02-28 19:45+01:00,0.001185
2026-02-28 20:00+01:00,0.001473
2026-02-28 20:15+01:00,0.002422
2026-02-28 20:30+01:00,0.001653
2026-02-28 20:45+01:00,0.001600
2026-02-28 21:00+01:00,0.001404
2026-02-28 21:15+01:00,0.001554
2026-02-28 21:30+01:00,0.001421
2026-02-28 21:45+01:00,0.001123
2026-02-28 22:00+01:00,0.000836
2026-02-28 22:15+01:00,0.001301
2026-02-28 22:30+01:00,0.001762
2026-02-28 22:45+01:00,0.001265
2026-02-28 23:00+01:00,0.001625
2026-02-28 23:15+01:00,0.001769
2026-02-28 23:30+01:00,0.001672
2026-02-28 23:45+01:00,0.001229
2026-03-01 00:00+01:00,
2026-03-01 00:15+01:00,0.000914
2026-03-01 00:30+01:00,0.001394
2026-03-01 00:45+01:00,0.001800
2026-03-01 01:00+01:00,0.000927
2026-03-01 01:15+01:00,0.001254
2026-03-01 01:30+01:00,0.001326
2026-03-01 01:45+01:00,0.001630
2026-03-01 02:00+01:00,0.001608
2026-03-01 02:15+01:00,0.001991
2026-03-01 02:30+01:00,0.001650
2026-03-01 02:45+01:00,0.001961
2026-03-01 03:00+01:00,
2026-03-01 03:15+01:00,0.000000
2026-03-01 03:30+01:00,0.001248
2026-03-01 03:45+01:00,
2026-03-01 04:00+01:00,0.001694
2026-03-01 04:15+01:00,0.001514
2026-03-01 04:30+01:00,0.001796
2026-03-01 04:45+01:00,0.001170
2026-03-01 05:00+01:00,0.001286
2026-03-01 05:15+01:00,0.001363
2026-03-01 05:30+01:00,0.001646
2026-03-01 05:45+01:00,0.001955
2026-03-01 06:00+01:00,0.001376
2026-03-01 06:15+01:00,0.001220
2026-03-01 06:30+01:00,0.001309
2026-03-01 06:45+01:00,0.001431
2026-03-01 07:00+01:00,0.002064
2026-03-01 07:15+01:00,0.001641
2026-03-01 07:30+01:00,0.000000
2026-03-01 07:45+01:00,0.001311
2026-03-01 08:00+01:00,0.001209
2026-03-01 08:15+01:00,0.001769
2026-03-01 08:30+01:00,0.001305
2026-03-01 08:45+01:00,0.001909
2026-03-01 09:00+01:00,0.001997
2026-03-01 09:15+01:00,0.001144
2026-03-01 09:30+01:00,0.001916
2026-03-01 09:45+01:00,0.001435
2026-03-01 10:00+01:00,0.001410
2026-03-01 10:15+01:00,0.001766
2026-03-01 10:30+01:00,0.001096
2026-03-01 10:45+01:00,0.001047
2026-03-01 11:00+01:00,0.001560
2026-03-01 11:15+01:00,0.001043
2026-03-01 11:30+01:00,0.001451
2026-03-01 11:45+01:00,0.002354
2026-03-01 12:00+01:00,0.001529
2026-03-01 12:15+01:00,0.001428
2026-03-01 12:30+01:00,0.001790
2026-03-01 12:45+01:00,0.001450
2026-03-01 13:00+01:00,0.000000
2026-03-01 13:15+01:00,0.001821
2026-03-01 13:30+01:00,0.000913
2026-03-01 13:45+01:00,0.001208
2026-03-01 14:00+01:00,0.002044
2026-03-01 14:15+01:00,0.001639
2026-03-01 14:30+01:00,0.001468
2026-03-01 14:45+01:00,0.002131
2026-03-01 15:00+01:00,0.001614
2026-03-01 15:15+01:00,0.002095
2026-03-01 15:30+01:00,0.001783
2026-03-01 15:45+01:00,0.001973
2026-03-01 16:00+01:00,0.001340
2026-03-01 16:15+01:00,0.001867
2026-03-01 16:30+01:00,0.001395
2026-03-01 16:45+01:00,0.001876
2026-03-01 17:00+01:00,0.001148
2026-03-01 17:15+01:00,0.001046
2026-03-01 17:30+01:00,0.000000
2026-03-01 17:45+01:00,0.000000
2026-03-01 18:00+01:00,0.001128
2026-03-01 18:15+01:00,0.001523
2026-03-01 18:30+01:00,0.001431
2026-03-01 18:45+01:00,0.002036
2026-03-01 19:00+01:00,0.001556
2026-03-01 19:15+01:00,0.001660
2026-03-01 19:30+01:00,
2026-03-01 19:45+01:00,0.001086
2026-03-01 20:00+01:00,0.001539
2026-03-01 20:15+01:00,0.000000
2026-03-01 20:30+01:00,0.002279
2026-03-01 20:45+01:00,0.001866
2026-03-01 21:00+01:00,0.001198
2026-03-01 21:15+01:00,0.001715
2026-03-01 21:30+01:00,0.001745
2026-03-01 21:45+01:00,0.001384
2026-03-01 22:00+01:00,0.001694
2026-03-01 22:15+01:00,0.001984
2026-03-01 22:30+01:00,0.001626
2026-03-01 22:45+01:00,0.001499
2026-03-01 23:00+01:00,0.001967
2026-03-01 23:15+01:00,0.001600
2026-03-01 23:30+01:00,0.001776
2026-03-01 23:45+01:00,0.001137
2026-03-02 00:00+01:00,0.001101
2026-03-02 00:15+01:00,0.002847
2026-03-02 00:30+01:00,0.002413
2026-03-02 00:45+01:00,0.001952
2026-03-02 01:00+01:00,0.002234
2026-03-02 01:15+01:00,0.001823
2026-03-02 01:30+01:00,0.002532
2026-03-02 01:45+01:00,0.001756
2026-03-02 02:00+01:00,0.002499
2026-03-02 02:15+01:00,0.001066
2026-03-02 02:30+01:00,0.003608
2026-03-02 02:45+01:00,0.003637
2026-03-02 03:00+01:00,0.001901
2026-03-02 03:15+01:00,0.002834
2026-03-02 03:30+01:00,0.002769
2026-03-02 03:45+01:00,0.002454
2026-03-02 04:00+01:00,0.002515
2026-03-02 04:15+01:00,0.001838
2026-03-02 04:30+01:00,0.002336
2026-03-02 04:45+01:00,0.002401
2026-03-02 05:00+01:00,0.002875
2026-03-02 05:15+01:00,0.002145
2026-03-02 05:30+01:00,0.002803
2026-03-02 05:45+01:00,0.002224
2026-03-02 06:00+01:00,0.003063
2026-03-02 06:15+01:00,0.001913
2026-03-02 06:30+01:00,0.002378
2026-03-02 06:45+01:00,0.001869
2026-03-02 07:00+01:00,0.107914
2026-03-02 07:15+01:00,0.135201
2026-03-02 07:30+01:00,0.114878
2026-03-02 07:45+01:00,0.097333
2026-03-02 08:00+01:00,0.120061
2026-03-02 08:15+01:00,0.127443
2026-03-02 08:30+01:00,0.145622
2026-03-02 08:45+01:00,0.146941
2026-03-02 09:00+01:00,0.139531
2026-03-02 09:15+01:00,0.153777
2026-03-02 09:30+01:00,0.090599
2026-03-02 09:45+01:00,0.147629
2026-03-02 10:00+01:00,0.124005
2026-03-02 10:15+01:00,0.140323
2026-03-02 10:30+01:00,0.140078
2026-03-02 10:45+01:00,0.145501
2026-03-02 11:00+01:00,0.145172
2026-03-02 11:15+01:00,0.105818
2026-03-02 11:30+01:00,0.117504
2026-03-02 11:45+01:00,0.153540
2026-03-02 12:00+01:00,0.476029
2026-03-02 12:15+01:00,0.353178
2026-03-02 12:30+01:00,0.143476
2026-03-02 12:45+01:00,0.096836
2026-03-02 13:00+01:00,0.109898
2026-03-02 13:15+01:00,0.103218
2026-03-02 13:30+01:00,0.143865
2026-03-02 13:45+01:00,0.136096
2026-03-02 14:00+01:00,0.135052
2026-03-02 14:15+01:00,0.132824
2026-03-02 14:30+01:00,0.148378
2026-03-02 14:45+01:00,0.131212
2026-03-02 15:00+01:00,0.143432
2026-03-02 15:15+01:00,0.117174
2026-03-02 15:30+01:00,0.116629
2026-03-02 15:45+01:00,0.118793
2026-03-02 16:00+01:00,
2026-03-02 16:15+01:00,0.098372
2026-03-02 16:30+01:00,0.130317
2026-03-02 16:45+01:00,0.117807
2026-03-02 17:00+01:00,0.143771
2026-03-02 17:15+01:00,0.147584
2026-03-02 17:30+01:00,0.160435
2026-03-02 17:45+01:00,0.140533
2026-03-02 18:00+01:00,0.002964
2026-03-02 18:15+01:00,0.001634
2026-03-02 18:30+01:00,0.002232
2026-03-02 18:45+01:00,0.001820
2026-03-02 19:00+01:00,0.001747
2026-03-02 19:15+01:00,0.002929
2026-03-02 19:30+01:00,0.001500
2026-03-02 19:45+01:00,0.002686
2026-03-02 20:00+01:00,0.002325
2026-03-02 20:15+01:00,0.000000
2026-03-02 20:30+01:00,0.002101
2026-03-02 20:45+01:00,0.002919
2026-03-02 21:00+01:00,0.001843
2026-03-02 21:15+01:00,0.000000
2026-03-02 21:30+01:00,0.002545
2026-03-02 21:45+01:00,0.010074
2026-03-02 22:00+01:00,0.011438
2026-03-02 22:15+01:00,0.002142
2026-03-02 22:30+01:00,0.003075
2026-03-02 22:45+01:00,0.003143
2026-03-02 23:00+01:00,0.002404
2026-03-02 23:15+01:00,0.001909
2026-03-02 23:30+01:00,0.003259
2026-03-02 23:45+01:00,0.002846
2026-03-03 00:00+01:00,0.002319
2026-03-03 00:15+01:00,0.000000
2026-03-03 00:30+01:00,0.001717
2026-03-03 00:45+01:00,0.002247
2026-03-03 01:00+01:00,0.002402
2026-03-03 01:15+01:00,0.002909
2026-03-03 01:30+01:00,0.002565
2026-03-03 01:45+01:00,0.002295
2026-03-03 02:00+01:00,0.002199
2026-03-03 02:15+01:00,0.002806
2026-03-03 02:30+01:00,0.002774
2026-03-03 02:45+01:00,0.002507
2026-03-03 03:00+01:00,0.002567
2026-03-03 03:15+01:00,0.002795
2026-03-03 03:30+01:00,0.002478
2026-03-03 03:45+01:00,0.002874
2026-03-03 04:00+01:00,0.002283
2026-03-03 04:15+01:00,0.002274
2026-03-03 04:30+01:00,0.001920
2026-03-03 04:45+01:00,0.001385
2026-03-03 05:00+01:00,0.002359
2026-03-03 05:15+01:00,0.003018
2026-03-03 05:30+01:00,0.002230
2026-03-03 05:45+01:00,0.003759
2026-03-03 06:00+01:00,0.002354
2026-03-03 06:15+01:00,0.002336
2026-03-03 06:30+01:00,0.001669
2026-03-03 06:45+01:00,0.002205
2026-03-03 07:00+01:00,0.122892
2026-03-03 07:15+01:00,0.139000
2026-03-03 07:30+01:00,0.117975
2026-03-03 07:45+01:00,0.120237
2026-03-03 08:00+01:00,0.134945
2026-03-03 08:15+01:00,0.166078
2026-03-03 08:30+01:00,0.132684
2026-03-03 08:45+01:00,0.151749
2026-03-03 09:00+01:00,0.161273
2026-03-03 09:15+01:00,0.155821
2026-03-03 09:30+01:00,0.125679
2026-03-03 09:45+01:00,0.092839
2026-03-03 10:00+01:00,0.132542
2026-03-03 10:15+01:00,0.148840
2026-03-03 10:30+01:00,0.121903
2026-03-03 10:45+01:00,0.128414
2026-03-03 11:00+01:00,0.135417
2026-03-03 11:15+01:00,0.138810
2026-03-03 11:30+01:00,0.128631
2026-03-03 11:45+01:00,0.131318
2026-03-03 12:00+01:00,0.117982
2026-03-03 12:15+01:00,
2026-03-03 12:30+01:00,0.134942
2026-03-03 12:45+01:00,0.136255
2026-03-03 13:00+01:00,0.152144
2026-03-03 13:15+01:00,0.138442
2026-03-03 13:30+01:00,0.139382
2026-03-03 13:45+01:00,0.165030
2026-03-03 14:00+01:00,0.133779
2026-03-03 14:15+01:00,0.138182
2026-03-03 14:30+01:00,0.148175
2026-03-03 14:45+01:00,0.121498
2026-03-03 15:00+01:00,0.106621
2026-03-03 15:15+01:00,0.118372
2026-03-03 15:30+01:00,0.118606
2026-03-03 15:45+01:00,0.152745
2026-03-03 16:00+01:00,0.121936
2026-03-03 16:15+01:00,0.151634
2026-03-03 16:30+01:00,0.115524
2026-03-03 16:45+01:00,0.135074
2026-03-03 17:00+01:00,0.130691
2026-03-03 17:15+01:00,0.154581
2026-03-03 17:30+01:00,0.133009
2026-03-03 17:45+01:00,0.112062
2026-03-03 18:00+01:00,0.002321
2026-03-03 18:15+01:00,0.000000
2026-03-03 18:30+01:00,0.002338
2026-03-03 18:45+01:00,0.003120
2026-03-03 19:00+01:00,0.002578
2026-03-03 19:15+01:00,0.001815
2026-03-03 19:30+01:00,0.002389
2026-03-03 19:45+01:00,
2026-03-03 20:00+01:00,0.002226
2026-03-03 20:15+01:00,0.001931
2026-03-03 20:30+01:00,0.002658
2026-03-03 20:45+01:00,0.001986
2026-03-03 21:00+01:00,0.001682
2026-03-03 21:15+01:00,0.002376
2026-03-03 21:30+01:00,0.002898
2026-03-03 21:45+01:00,0.002133
2026-03-03 22:00+01:00,0.002124
2026-03-03 22:15+01:00,0.003126
2026-03-03 22:30+01:00,0.003185
2026-03-03 22:45+01:00,0.002663
2026-03-03 23:00+01:00,0.001757
2026-03-03 23:15+01:00,0.003237
2026-03-03 23:30+01:00,0.003061
2026-03-03 23:45+01:00,0.000000
2026-03-04 00:00+01:00,0.002380
2026-03-04 00:15+01:00,0.003341
2026-03-04 00:30+01:00,0.003494
2026-03-04 00:45+01:00,0.002375
2026-03-04 01:00+01:00,0.002894
2026-03-04 01:15+01:00,0.002448
2026-03-04 01:30+01:00,0.002333
2026-03-04 01:45+01:00,0.001981
2026-03-04 02:00+01:00,0.004470
2026-03-04 02:15+01:00,0.003435
2026-03-04 02:30+01:00,0.000000
2026-03-04 02:45+01:00,0.002262
2026-03-04 03:00+01:00,0.002974
2026-03-04 03:15+01:00,0.002710
2026-03-04 03:30+01:00,0.002852
2026-03-04 03:45+01:00,0.001777
2026-03-04 04:00+01:00,0.002526
2026-03-04 04:15+01:00,0.003299
2026-03-04 04:30+01:00,0.003430
2026-03-04 04:45+01:00,0.001637
2026-03-04 05:00+01:00,0.002745
2026-03-04 05:15+01:00,0.002548
2026-03-04 05:30+01:00,0.002294
2026-03-04 05:45+01:00,0.003071
2026-03-04 06:00+01:00,0.001687
2026-03-04 06:15+01:00,0.003015
2026-03-04 06:30+01:00,0.001419
2026-03-04 06:45+01:00,0.002802
2026-03-04 07:00+01:00,0.126783
2026-03-04 07:15+01:00,0.132156
2026-03-04 07:30+01:00,0.155096
2026-03-04 07:45+01:00,0.130999
2026-03-04 08:00+01:00,0.108674
2026-03-04 08:15+01:00,0.142844
2026-03-04 08:30+01:00,0.125061
2026-03-04 08:45+01:00,0.134533
2026-03-04 09:00+01:00,0.127808
2026-03-04 09:15+01:00,0.125733
2026-03-04 09:30+01:00,0.120542
2026-03-04 09:45+01:00,0.127779
2026-03-04 10:00+01:00,0.128148
2026-03-04 10:15+01:00,0.135556
2026-03-04 10:30+01:00,0.130878
2026-03-04 10:45+01:00,0.149459
2026-03-04 11:00+01:00,0.137129
2026-03-04 11:15+01:00,0.141247
2026-03-04 11:30+01:00,0.128584
2026-03-04 11:45+01:00,0.168845
2026-03-04 12:00+01:00,0.131166
2026-03-04 12:15+01:00,
2026-03-04 12:30+01:00,0.131567
2026-03-04 12:45+01:00,0.133460
2026-03-04 13:00+01:00,0.112158
2026-03-04 13:15+01:00,0.115944
2026-03-04 13:30+01:00,0.119338
2026-03-04 13:45+01:00,0.132783
2026-03-04 14:00+01:00,0.133807
2026-03-04 14:15+01:00,0.136281
2026-03-04 14:30+01:00,0.131310
2026-03-04 14:45+01:00,0.090184
2026-03-04 15:00+01:00,0.159434
2026-03-04 15:15+01:00,0.125519
2026-03-04 15:30+01:00,0.115601
2026-03-04 15:45+01:00,0.142714
2026-03-04 16:00+01:00,0.120455
2026-03-04 16:15+01:00,0.143252
2026-03-04 16:30+01:00,0.107247
2026-03-04 16:45+01:00,0.133500
2026-03-04 17:00+01:00,0.125767
2026-03-04 17:15+01:00,0.126137
2026-03-04 17:30+01:00,0.147106
2026-03-04 17:45+01:00,0.113559
2026-03-04 18:00+01:00,0.002737
2026-03-04 18:15+01:00,0.001055
2026-03-04 18:30+01:00,0.002637
2026-03-04 18:45+01:00,0.002640
2026-03-04 19:00+01:00,0.002253
2026-03-04 19:15+01:00,0.001579
2026-03-04 19:30+01:00,0.003393
2026-03-04 19:45+01:00,0.002755
2026-03-04 20:00+01:00,0.001977
2026-03-04 20:15+01:00,0.002425
2026-03-04 20:30+01:00,
2026-03-04 20:45+01:00,0.002595
2026-03-04 21:00+01:00,0.002177
2026-03-04 21:15+01:00,0.002047
2026-03-04 21:30+01:00,0.003312
2026-03-04 21:45+01:00,0.002685
2026-03-04 22:00+01:00,0.003697
2026-03-04 22:15+01:00,0.001208
2026-03-04 22:30+01:00,0.001971
2026-03-04 22:45+01:00,0.001904
2026-03-04 23:00+01:00,0.002616
2026-03-04 23:15+01:00,0.001701
2026-03-04 23:30+01:00,0.002356
2026-03-04 23:45+01:00,0.002214
2026-03-05 00:00+01:00,0.002285
2026-03-05 00:15+01:00,0.002594
2026-03-05 00:30+01:00,0.002575
2026-03-05 00:45+01:00,0.002435
2026-03-05 01:00+01:00,0.002097
2026-03-05 01:15+01:00,0.002815
2026-03-05 01:30+01:00,0.003589
2026-03-05 01:45+01:00,0.002185
2026-03-05 02:00+01:00,0.002341
2026-03-05 02:15+01:00,0.002782
2026-03-05 02:30+01:00,0.002636
2026-03-05 02:45+01:00,0.002167
2026-03-05 03:00+01:00,0.001943
2026-03-05 03:15+01:00,0.002367
2026-03-05 03:30+01:00,0.001947
2026-03-05 03:45+01:00,0.002419
2026-03-05 04:00+01:00,0.001908
2026-03-05 04:15+01:00,0.003015
2026-03-05 04:30+01:00,0.002921
2026-03-05 04:45+01:00,0.002900
2026-03-05 05:00+01:00,0.003232
2026-03-05 05:15+01:00,0.001485
2026-03-05 05:30+01:00,0.002307
2026-03-05 05:45+01:00,0.003265
2026-03-05 06:00+01:00,0.000000
2026-03-05 06:15+01:00,0.003116
2026-03-05 06:30+01:00,0.002612
2026-03-05 06:45+01:00,0.003378
2026-03-05 07:00+01:00,0.141617
2026-03-05 07:15+01:00,0.155422
2026-03-05 07:30+01:00,
2026-03-05 07:45+01:00,0.122971
2026-03-05 08:00+01:00,0.130308
2026-03-05 08:15+01:00,0.137868
2026-03-05 08:30+01:00,0.143682
2026-03-05 08:45+01:00,0.143809
2026-03-05 09:00+01:00,0.152119
2026-03-05 09:15+01:00,0.137037
2026-03-05 09:30+01:00,0.132347
2026-03-05 09:45+01:00,0.127438
2026-03-05 10:00+01:00,0.121117
2026-03-05 10:15+01:00,0.125031
2026-03-05 10:30+01:00,0.135759
2026-03-05 10:45+01:00,0.129379
2026-03-05 11:00+01:00,0.149143
2026-03-05 11:15+01:00,0.142424
2026-03-05 11:30+01:00,0.101836
2026-03-05 11:45+01:00,0.164413
2026-03-05 12:00+01:00,0.149799
2026-03-05 12:15+01:00,0.158302
2026-03-05 12:30+01:00,0.115621
2026-03-05 12:45+01:00,0.138028
2026-03-05 13:00+01:00,0.124810
2026-03-05 13:15+01:00,0.131183
2026-03-05 13:30+01:00,0.128528
2026-03-05 13:45+01:00,0.118446
2026-03-05 14:00+01:00,0.130916
2026-03-05 14:15+01:00,0.120058
2026-03-05 14:30+01:00,0.143219
2026-03-05 14:45+01:00,0.129876
2026-03-05 15:00+01:00,0.138632
2026-03-05 15:15+01:00,0.109360
2026-03-05 15:30+01:00,0.145597
2026-03-05 15:45+01:00,0.111892
2026-03-05 16:00+01:00,0.122320
2026-03-05 16:15+01:00,0.178430
2026-03-05 16:30+01:00,0.128007
2026-03-05 16:45+01:00,0.116533
2026-03-05 17:00+01:00,0.115769
2026-03-05 17:15+01:00,0.119646
2026-03-05 17:30+01:00,0.145998
2026-03-05 17:45+01:00,0.142701
2026-03-05 18:00+01:00,0.002762
2026-03-05 18:15+01:00,0.002901
2026-03-05 18:30+01:00,0.002635
2026-03-05 18:45+01:00,0.003441
2026-03-05 19:00+01:00,0.000000
2026-03-05 19:15+01:00,0.002672
2026-03-05 19:30+01:00,0.002203
2026-03-05 19:45+01:00,0.002841
2026-03-05 20:00+01:00,0.000000
2026-03-05 20:15+01:00,0.002243
2026-03-05 20:30+01:00,0.001883
2026-03-05 20:45+01:00,0.003352
2026-03-05 21:00+01:00,0.001886
2026-03-05 21:15+01:00,0.002187
2026-03-05 21:30+01:00,0.001738
2026-03-05 21:45+01:00,0.002119
2026-03-05 22:00+01:00,0.000000
2026-03-05 22:15+01:00,0.002068
2026-03-05 22:30+01:00,
2026-03-05 22:45+01:00,0.003520
2026-03-05 23:00+01:00,0.002990
2026-03-05 23:15+01:00,0.003537
2026-03-05 23:30+01:00,0.003442
2026-03-05 23:45+01:00,0.002509
2026-03-06 00:00+01:00,0.003208
2026-03-06 00:15+01:00,0.003137
2026-03-06 00:30+01:00,0.002316
2026-03-06 00:45+01:00,0.002800
2026-03-06 01:00+01:00,0.002914
2026-03-06 01:15+01:00,0.002179
2026-03-06 01:30+01:00,0.002636
2026-03-06 01:45+01:00,0.002523
2026-03-06 02:00+01:00,0.003065
2026-03-06 02:15+01:00,0.002841
2026-03-06 02:30+01:00,0.002413
2026-03-06 02:45+01:00,0.002328
2026-03-06 03:00+01:00,0.001745
2026-03-06 03:15+01:00,0.001863
2026-03-06 03:30+01:00,0.000000
2026-03-06 03:45+01:00,0.001969
2026-03-06 04:00+01:00,0.002062
2026-03-06 04:15+01:00,0.002067
2026-03-06 04:30+01:00,0.002190
2026-03-06 04:45+01:00,0.003390
2026-03-06 05:00+01:00,0.001857
2026-03-06 05:15+01:00,0.002478
2026-03-06 05:30+01:00,0.002165
2026-03-06 05:45+01:00,
2026-03-06 06:00+01:00,0.002011
2026-03-06 06:15+01:00,0.002249
2026-03-06 06:30+01:00,0.002105
2026-03-06 06:45+01:00,0.002002
2026-03-06 07:00+01:00,0.129906
2026-03-06 07:15+01:00,0.149411
2026-03-06 07:30+01:00,0.121963
2026-03-06 07:45+01:00,0.109807
2026-03-06 08:00+01:00,0.122204
2026-03-06 08:15+01:00,0.135050
2026-03-06 08:30+01:00,0.108528
2026-03-06 08:45+01:00,0.123695
2026-03-06 09:00+01:00,0.147884
2026-03-06 09:15+01:00,0.148496
2026-03-06 09:30+01:00,0.130497
2026-03-06 09:45+01:00,0.126719
2026-03-06 10:00+01:00,0.158970
2026-03-06 10:15+01:00,0.120037
2026-03-06 10:30+01:00,0.121307
2026-03-06 10:45+01:00,0.131575
2026-03-06 11:00+01:00,0.121289
2026-03-06 11:15+01:00,0.102875
2026-03-06 11:30+01:00,0.116269
2026-03-06 11:45+01:00,0.135146
2026-03-06 12:00+01:00,0.170046
2026-03-06 12:15+01:00,0.168713
2026-03-06 12:30+01:00,0.121423
2026-03-06 12:45+01:00,0.143740
2026-03-06 13:00+01:00,
2026-03-06 13:15+01:00,0.141174
2026-03-06 13:30+01:00,0.137194
2026-03-06 13:45+01:00,0.137020
2026-03-06 14:00+01:00,0.133335
2026-03-06 14:15+01:00,0.114080
2026-03-06 14:30+01:00,
2026-03-06 14:45+01:00,0.124130
2026-03-06 15:00+01:00,0.155710
2026-03-06 15:15+01:00,0.137069
2026-03-06 15:30+01:00,0.141998
2026-03-06 15:45+01:00,0.118605
2026-03-06 16:00+01:00,0.147489
2026-03-06 16:15+01:00,0.143830
2026-03-06 16:30+01:00,0.140859
2026-03-06 16:45+01:00,0.156383
2026-03-06 17:00+01:00,0.132884
2026-03-06 17:15+01:00,0.112020
2026-03-06 17:30+01:00,0.106979
2026-03-06 17:45+01:00,0.097786
2026-03-06 18:00+01:00,0.002638
2026-03-06 18:15+01:00,0.003029
2026-03-06 18:30+01:00,0.001896
2026-03-06 18:45+01:00,0.002460
2026-03-06 19:00+01:00,0.002317
2026-03-06 19:15+01:00,0.001680
2026-03-06 19:30+01:00,0.001736
2026-03-06 19:45+01:00,0.002636
2026-03-06 20:00+01:00,0.001491
2026-03-06 20:15+01:00,0.000000
2026-03-06 20:30+01:00,0.002924
2026-03-06 20:45+01:00,0.002763
2026-03-06 21:00+01:00,0.002822
2026-03-06 21:15+01:00,0.002122
2026-03-06 21:30+01:00,0.003528
2026-03-06 21:45+01:00,0.002152
2026-03-06 22:00+01:00,0.003092
2026-03-06 22:15+01:00,0.002875
2026-03-06 22:30+01:00,0.002810
2026-03-06 22:45+01:00,0.002635
2026-03-06 23:00+01:00,0.000000
2026-03-06 23:15+01:00,0.003383
2026-03-06 23:30+01:00,0.002486
2026-03-06 23:45+01:00,0.003023
2026-03-07 00:00+01:00,0.002195
2026-03-07 00:15+01:00,0.001465
2026-03-07 00:30+01:00,0.001346
2026-03-07 00:45+01:00,0.002048
2026-03-07 01:00+01:00,0.001255
2026-03-07 01:15+01:00,0.001391
2026-03-07 01:30+01:00,0.001657
2026-03-07 01:45+01:00,0.000000
2026-03-07 02:00+01:00,0.001954
2026-03-07 02:15+01:00,0.001634
2026-03-07 02:30+01:00,0.001228
2026-03-07 02:45+01:00,0.001780
2026-03-07 03:00+01:00,0.001551
2026-03-07 03:15+01:00,0.001496
2026-03-07 03:30+01:00,0.001685
2026-03-07 03:45+01:00,0.001587
2026-03-07 04:00+01:00,0.001532
2026-03-07 04:15+01:00,0.001328
2026-03-07 04:30+01:00,0.001675
2026-03-07 04:45+01:00,0.001557
2026-03-07 05:00+01:00,0.001678
2026-03-07 05:15+01:00,0.000846
2026-03-07 05:30+01:00,0.000000
2026-03-07 05:45+01:00,0.001833
2026-03-07 06:00+01:00,0.001205
2026-03-07 06:15+01:00,0.001709
2026-03-07 06:30+01:00,0.001870
2026-03-07 06:45+01:00,0.001643
2026-03-07 07:00+01:00,0.001331
2026-03-07 07:15+01:00,0.001113
2026-03-07 07:30+01:00,0.000000
2026-03-07 07:45+01:00,0.001227
2026-03-07 08:00+01:00,0.001265
2026-03-07 08:15+01:00,0.001389
2026-03-07 08:30+01:00,0.000751
2026-03-07 08:45+01:00,0.002085
2026-03-07 09:00+01:00,0.001349
2026-03-07 09:15+01:00,0.001110
2026-03-07 09:30+01:00,0.001319
2026-03-07 09:45+01:00,0.001966
2026-03-07 10:00+01:00,0.001469
2026-03-07 10:15+01:00,0.000000
2026-03-07 10:30+01:00,0.001297
2026-03-07 10:45+01:00,0.000000
2026-03-07 11:00+01:00,0.001664
2026-03-07 11:15+01:00,0.001599
2026-03-07 11:30+01:00,
2026-03-07 11:45+01:00,0.001386
2026-03-07 12:00+01:00,0.001884
2026-03-07 12:15+01:00,0.001637
2026-03-07 12:30+01:00,0.001906
2026-03-07 12:45+01:00,0.001412
2026-03-07 13:00+01:00,0.001128
2026-03-07 13:15+01:00,0.001809
2026-03-07 13:30+01:00,0.001584
2026-03-07 13:45+01:00,0.001354
2026-03-07 14:00+01:00,0.001496
2026-03-07 14:15+01:00,0.000000
2026-03-07 14:30+01:00,0.007034
2026-03-07 14:45+01:00,0.001268
2026-03-07 15:00+01:00,0.001561
2026-03-07 15:15+01:00,0.001483
2026-03-07 15:30+01:00,0.001280
2026-03-07 15:45+01:00,0.001426
2026-03-07 16:00+01:00,0.001658
2026-03-07 16:15+01:00,0.001462
2026-03-07 16:30+01:00,0.001681
2026-03-07 16:45+01:00,0.001786
2026-03-07 17:00+01:00,0.001478
2026-03-07 17:15+01:00,0.001685
2026-03-07 17:30+01:00,0.001296
2026-03-07 17:45+01:00,0.001508
2026-03-07 18:00+01:00,0.001444
2026-03-07 18:15+01:00,0.000996
2026-03-07 18:30+01:00,0.001748
2026-03-07 18:45+01:00,0.001534
2026-03-07 19:00+01:00,0.001643
2026-03-07 19:15+01:00,0.001997
2026-03-07 19:30+01:00,0.000889
2026-03-07 19:45+01:00,0.001475
2026-03-07 20:00+01:00,0.001872
2026-03-07 20:15+01:00,0.002112
2026-03-07 20:30+01:00,0.001195
2026-03-07 20:45+01:00,0.001211
2026-03-07 21:00+01:00,0.002187
2026-03-07 21:15+01:00,0.001002
2026-03-07 21:30+01:00,0.001280
2026-03-07 21:45+01:00,0.001694
2026-03-07 22:00+01:00,0.001734
2026-03-07 22:15+01:00,0.002017
2026-03-07 22:30+01:00,0.001689
2026-03-07 22:45+01:00,0.001208
2026-03-07 23:00+01:00,0.002067
2026-03-07 23:15+01:00,0.001770
2026-03-07 23:30+01:00,0.001142
2026-03-07 23:45+01:00,0.001211
2026-03-08 00:00+01:00,0.001513
2026-03-08 00:15+01:00,0.001092
2026-03-08 00:30+01:00,0.001682
2026-03-08 00:45+01:00,0.001784
2026-03-08 01:00+01:00,0.001677
2026-03-08 01:15+01:00,0.001408
2026-03-08 01:30+01:00,0.000000
2026-03-08 01:45+01:00,0.001554
2026-03-08 02:00+01:00,0.001630
2026-03-08 02:15+01:00,0.001273
2026-03-08 02:30+01:00,0.001135
2026-03-08 02:45+01:00,0.001596
2026-03-08 03:00+01:00,0.001417
2026-03-08 03:15+01:00,0.001289
2026-03-08 03:30+01:00,0.001526
2026-03-08 03:45+01:00,0.001135
2026-03-08 04:00+01:00,0.001522
2026-03-08 04:15+01:00,0.001962
2026-03-08 04:30+01:00,0.001542
2026-03-08 04:45+01:00,0.001662
2026-03-08 05:00+01:00,0.002118
2026-03-08 05:15+01:00,0.001475
2026-03-08 05:30+01:00,0.000000
2026-03-08 05:45+01:00,0.001444
2026-03-08 06:00+01:00,0.001730
2026-03-08 06:15+01:00,0.000000
2026-03-08 06:30+01:00,0.001873
2026-03-08 06:45+01:00,0.001962
2026-03-08 07:00+01:00,0.001510
2026-03-08 07:15+01:00,0.001655
2026-03-08 07:30+01:00,0.000000
2026-03-08 07:45+01:00,0.000000
2026-03-08 08:00+01:00,0.001951
2026-03-08 08:15+01:00,0.002199
2026-03-08 08:30+01:00,0.001624
2026-03-08 08:45+01:00,0.001255
2026-03-08 09:00+01:00,0.001390
2026-03-08 09:15+01:00,0.001564
2026-03-08 09:30+01:00,0.001568
2026-03-08 09:45+01:00,0.001745
2026-03-08 10:00+01:00,0.001560
2026-03-08 10:15+01:00,0.001283
2026-03-08 10:30+01:00,0.001758
2026-03-08 10:45+01:00,0.001870
2026-03-08 11:00+01:00,0.001532
2026-03-08 11:15+01:00,0.001508
2026-03-08 11:30+01:00,0.001517
2026-03-08 11:45+01:00,0.001999
2026-03-08 12:00+01:00,0.001446
2026-03-08 12:15+01:00,0.001366
2026-03-08 12:30+01:00,0.001454
2026-03-08 12:45+01:00,0.001304
2026-03-08 13:00+01:00,0.001622
2026-03-08 13:15+01:00,0.001512
2026-03-08 13:30+01:00,0.001267
2026-03-08 13:45+01:00,0.001215
2026-03-08 14:00+01:00,0.001953
2026-03-08 14:15+01:00,0.001165
2026-03-08 14:30+01:00,0.001547
2026-03-08 14:45+01:00,0.001986
2026-03-08 15:00+01:00,0.001206
2026-03-08 15:15+01:00,0.001596
2026-03-08 15:30+01:00,0.001359
2026-03-08 15:45+01:00,0.000779
2026-03-08 16:00+01:00,0.001390
2026-03-08 16:15+01:00,0.001330
2026-03-08 16:30+01:00,0.001834
2026-03-08 16:45+01:00,0.000000
2026-03-08 17:00+01:00,0.000978
2026-03-08 17:15+01:00,0.001496
2026-03-08 17:30+01:00,0.002135
2026-03-08 17:45+01:00,0.002082
2026-03-08 18:00+01:00,0.001543
2026-03-08 18:15+01:00,0.001684
2026-03-08 18:30+01:00,0.001139
2026-03-08 18:45+01:00,0.001113
2026-03-08 19:00+01:00,0.000877
2026-03-08 19:15+01:00,0.001314
2026-03-08 19:30+01:00,0.000961
2026-03-08 19:45+01:00,
2026-03-08 20:00+01:00,0.001506
2026-03-08 20:15+01:00,0.001605
2026-03-08 20:30+01:00,0.000661
2026-03-08 20:45+01:00,0.001764
2026-03-08 21:00+01:00,0.001204
2026-03-08 21:15+01:00,0.001864
2026-03-08 21:30+01:00,0.002121
2026-03-08 21:45+01:00,0.001641
2026-03-08 22:00+01:00,0.001514
2026-03-08 22:15+01:00,0.001815
2026-03-08 22:30+01:00,0.000000
2026-03-08 22:45+01:00,0.001558
2026-03-08 23:00+01:00,0.000933
2026-03-08 23:15+01:00,0.000000
2026-03-08 23:30+01:00,0.001126
2026-03-08 23:45+01:00,0.001159
2026-03-09 00:00+01:00,0.002245
2026-03-09 00:15+01:00,
2026-03-09 00:30+01:00,0.002823
2026-03-09 00:45+01:00,0.002600
2026-03-09 01:00+01:00,0.002017
2026-03-09 01:15+01:00,0.002573
2026-03-09 01:30+01:00,0.002999
2026-03-09 01:45+01:00,0.000000
2026-03-09 02:00+01:00,0.003104
2026-03-09 02:15+01:00,0.002159
2026-03-09 02:30+01:00,0.001612
2026-03-09 02:45+01:00,0.002540
2026-03-09 03:00+01:00,0.002744
2026-03-09 03:15+01:00,0.001809
2026-03-09 03:30+01:00,0.002331
2026-03-09 03:45+01:00,0.003084
2026-03-09 04:00+01:00,0.000000
2026-03-09 04:15+01:00,0.002503
2026-03-09 04:30+01:00,0.002677
2026-03-09 04:45+01:00,0.001576
2026-03-09 05:00+01:00,0.000000
2026-03-09 05:15+01:00,0.001945
2026-03-09 05:30+01:00,0.003631
2026-03-09 05:45+01:00,0.000000
2026-03-09 06:00+01:00,0.002171
2026-03-09 06:15+01:00,0.000000
2026-03-09 06:30+01:00,0.002952
2026-03-09 06:45+01:00,0.002455
2026-03-09 07:00+01:00,0.154663
2026-03-09 07:15+01:00,0.132781
2026-03-09 07:30+01:00,0.104250
2026-03-09 07:45+01:00,0.133598
2026-03-09 08:00+01:00,0.139963
2026-03-09 08:15+01:00,0.123413
2026-03-09 08:30+01:00,0.132884
2026-03-09 08:45+01:00,0.107286
2026-03-09 09:00+01:00,0.159514
2026-03-09 09:15+01:00,0.125496
2026-03-09 09:30+01:00,0.161569
2026-03-09 09:45+01:00,0.114789
2026-03-09 10:00+01:00,0.151957
2026-03-09 10:15+01:00,0.100378
2026-03-09 10:30+01:00,0.125572
2026-03-09 10:45+01:00,0.154032
2026-03-09 11:00+01:00,
2026-03-09 11:15+01:00,0.129581
2026-03-09 11:30+01:00,0.127048
2026-03-09 11:45+01:00,0.128661
2026-03-09 12:00+01:00,0.153604
2026-03-09 12:15+01:00,0.154752
2026-03-09 12:30+01:00,0.144428
2026-03-09 12:45+01:00,0.141563
2026-03-09 13:00+01:00,0.117367
2026-03-09 13:15+01:00,0.115226
2026-03-09 13:30+01:00,0.163077
2026-03-09 13:45+01:00,0.128792
2026-03-09 14:00+01:00,0.125392
2026-03-09 14:15+01:00,0.119711
2026-03-09 14:30+01:00,0.131485
2026-03-09 14:45+01:00,0.111725
2026-03-09 15:00+01:00,0.116110
2026-03-09 15:15+01:00,0.131027
2026-03-09 15:30+01:00,0.130455
2026-03-09 15:45+01:00,0.155951
2026-03-09 16:00+01:00,0.130325
2026-03-09 16:15+01:00,0.163731
2026-03-09 16:30+01:00,0.106704
2026-03-09 16:45+01:00,
2026-03-09 17:00+01:00,0.156931
2026-03-09 17:15+01:00,0.151245
2026-03-09 17:30+01:00,0.135624
2026-03-09 17:45+01:00,0.108326
2026-03-09 18:00+01:00,0.002439
2026-03-09 18:15+01:00,0.002858
2026-03-09 18:30+01:00,0.001904
2026-03-09 18:45+01:00,0.002539
2026-03-09 19:00+01:00,
2026-03-09 19:15+01:00,0.002649
2026-03-09 19:30+01:00,0.002146
2026-03-09 19:45+01:00,0.002763
2026-03-09 20:00+01:00,0.003222
2026-03-09 20:15+01:00,0.002418
2026-03-09 20:30+01:00,0.003023
2026-03-09 20:45+01:00,0.003434
2026-03-09 21:00+01:00,0.000000
2026-03-09 21:15+01:00,0.001654
2026-03-09 21:30+01:00,0.002854
2026-03-09 21:45+01:00,0.000000
2026-03-09 22:00+01:00,0.001979
2026-03-09 22:15+01:00,0.002737
2026-03-09 22:30+01:00,0.003233
2026-03-09 22:45+01:00,0.002427
2026-03-09 23:00+01:00,0.003189
2026-03-09 23:15+01:00,0.003360
2026-03-09 23:30+01:00,0.002508
2026-03-09 23:45+01:00,0.002539
2026-03-10 00:00+01:00,0.002862
2026-03-10 00:15+01:00,0.002775
2026-03-10 00:30+01:00,0.000000
2026-03-10 00:45+01:00,0.002119
2026-03-10 01:00+01:00,0.002132
2026-03-10 01:15+01:00,0.002720
2026-03-10 01:30+01:00,0.001928
2026-03-10 01:45+01:00,0.000000
2026-03-10 02:00+01:00,0.002873
2026-03-10 02:15+01:00,0.002688
2026-03-10 02:30+01:00,0.002286
2026-03-10 02:45+01:00,0.002277
2026-03-10 03:00+01:00,0.002750
2026-03-10 03:15+01:00,0.002413
2026-03-10 03:30+01:00,0.002884
2026-03-10 03:45+01:00,0.002897
2026-03-10 04:00+01:00,0.001916
2026-03-10 04:15+01:00,0.003362
2026-03-10 04:30+01:00,0.002430
2026-03-10 04:45+01:00,0.002100
2026-03-10 05:00+01:00,0.002926
2026-03-10 05:15+01:00,0.002371
2026-03-10 05:30+01:00,0.002845
2026-03-10 05:45+01:00,0.002769
2026-03-10 06:00+01:00,0.001550
2026-03-10 06:15+01:00,0.003442
2026-03-10 06:30+01:00,0.003647
2026-03-10 06:45+01:00,0.002154
2026-03-10 07:00+01:00,0.122612
2026-03-10 07:15+01:00,0.113895
2026-03-10 07:30+01:00,0.144078
2026-03-10 07:45+01:00,0.108844
2026-03-10 08:00+01:00,0.104439
2026-03-10 08:15+01:00,0.141371
2026-03-10 08:30+01:00,0.158559
2026-03-10 08:45+01:00,0.103637
2026-03-10 09:00+01:00,0.150547
2026-03-10 09:15+01:00,0.092061
2026-03-10 09:30+01:00,0.115435
2026-03-10 09:45+01:00,0.109233
2026-03-10 10:00+01:00,0.126782
2026-03-10 10:15+01:00,0.137390
2026-03-10 10:30+01:00,0.146842
2026-03-10 10:45+01:00,0.154137
2026-03-10 11:00+01:00,0.106776
2026-03-10 11:15+01:00,0.127264
2026-03-10 11:30+01:00,0.156250
2026-03-10 11:45+01:00,0.155372
2026-03-10 12:00+01:00,0.122717
2026-03-10 12:15+01:00,0.127366
2026-03-10 12:30+01:00,0.143739
2026-03-10 12:45+01:00,0.122976
2026-03-10 13:00+01:00,0.121183
2026-03-10 13:15+01:00,0.081885
2026-03-10 13:30+01:00,0.140559
2026-03-10 13:45+01:00,
2026-03-10 14:00+01:00,0.138001
2026-03-10 14:15+01:00,0.145574
2026-03-10 14:30+01:00,0.135227
2026-03-10 14:45+01:00,0.117586
2026-03-10 15:00+01:00,0.121623
2026-03-10 15:15+01:00,0.134897
2026-03-10 15:30+01:00,0.111038
2026-03-10 15:45+01:00,0.123986
2026-03-10 16:00+01:00,0.130088
2026-03-10 16:15+01:00,0.118812
2026-03-10 16:30+01:00,0.114607
2026-03-10 16:45+01:00,0.118522
2026-03-10 17:00+01:00,0.141702
2026-03-10 17:15+01:00,0.117128
2026-03-10 17:30+01:00,0.147060
2026-03-10 17:45+01:00,0.136972
2026-03-10 18:00+01:00,0.002999
2026-03-10 18:15+01:00,0.002450
2026-03-10 18:30+01:00,0.002584
2026-03-10 18:45+01:00,0.001070
2026-03-10 19:00+01:00,0.002290
2026-03-10 19:15+01:00,0.001927
2026-03-10 19:30+01:00,0.001280
2026-03-10 19:45+01:00,0.001622
2026-03-10 20:00+01:00,0.002031
2026-03-10 20:15+01:00,0.001818
2026-03-10 20:30+01:00,0.002490
2026-03-10 20:45+01:00,0.001808
2026-03-10 21:00+01:00,0.002579
2026-03-10 21:15+01:00,0.002543
2026-03-10 21:30+01:00,0.003024
2026-03-10 21:45+01:00,0.003053
2026-03-10 22:00+01:00,0.002285
2026-03-10 22:15+01:00,0.003922
2026-03-10 22:30+01:00,0.001453
2026-03-10 22:45+01:00,0.003313
2026-03-10 23:00+01:00,0.002622
2026-03-10 23:15+01:00,0.002074
2026-03-10 23:30+01:00,0.002879
2026-03-10 23:45+01:00,0.003403
2026-03-11 00:00+01:00,0.002729
2026-03-11 00:15+01:00,0.002269
2026-03-11 00:30+01:00,0.000000
2026-03-11 00:45+01:00,0.001478
2026-03-11 01:00+01:00,0.002761
2026-03-11 01:15+01:00,0.003134
2026-03-11 01:30+01:00,0.003617
2026-03-11 01:45+01:00,0.003463
2026-03-11 02:00+01:00,0.003053
2026-03-11 02:15+01:00,0.002493
2026-03-11 02:30+01:00,0.001723
2026-03-11 02:45+01:00,0.002284
2026-03-11 03:00+01:00,0.001414
2026-03-11 03:15+01:00,0.002555
2026-03-11 03:30+01:00,0.002483
2026-03-11 03:45+01:00,0.003173
2026-03-11 04:00+01:00,0.002660
2026-03-11 04:15+01:00,0.003648
2026-03-11 04:30+01:00,0.002804
2026-03-11 04:45+01:00,0.002383
2026-03-11 05:00+01:00,0.002983
2026-03-11 05:15+01:00,0.002248
2026-03-11 05:30+01:00,0.002232
2026-03-11 05:45+01:00,0.002035
2026-03-11 06:00+01:00,0.002837
2026-03-11 06:15+01:00,0.003192
2026-03-11 06:30+01:00,0.001202
2026-03-11 06:45+01:00,0.002673
2026-03-11 07:00+01:00,0.149311
2026-03-11 07:15+01:00,
2026-03-11 07:30+01:00,0.131880
2026-03-11 07:45+01:00,0.144165
2026-03-11 08:00+01:00,0.121592
2026-03-11 08:15+01:00,0.113377
2026-03-11 08:30+01:00,0.116317
2026-03-11 08:45+01:00,0.126034
2026-03-11 09:00+01:00,0.173258
2026-03-11 09:15+01:00,0.123748
2026-03-11 09:30+01:00,0.145040
2026-03-11 09:45+01:00,0.106954
2026-03-11 10:00+01:00,0.129174
2026-03-11 10:15+01:00,0.152405
2026-03-11 10:30+01:00,0.134465
2026-03-11 10:45+01:00,0.135161
2026-03-11 11:00+01:00,0.107726
2026-03-11 11:15+01:00,0.122547
2026-03-11 11:30+01:00,0.142367
2026-03-11 11:45+01:00,0.156136
2026-03-11 12:00+01:00,0.139937
2026-03-11 12:15+01:00,0.157142
2026-03-11 12:30+01:00,0.121631
2026-03-11 12:45+01:00,0.136548
2026-03-11 13:00+01:00,0.154160
2026-03-11 13:15+01:00,0.145219
2026-03-11 13:30+01:00,0.149264
2026-03-11 13:45+01:00,0.124034
2026-03-11 14:00+01:00,0.136132
2026-03-11 14:15+01:00,
2026-03-11 14:30+01:00,0.112849
2026-03-11 14:45+01:00,0.131778
2026-03-11 15:00+01:00,0.104597
2026-03-11 15:15+01:00,0.141631
2026-03-11 15:30+01:00,0.128218
2026-03-11 15:45+01:00,0.144271
2026-03-11 16:00+01:00,0.100846
2026-03-11 16:15+01:00,0.146701
2026-03-11 16:30+01:00,0.141563
2026-03-11 16:45+01:00,0.137664
2026-03-11 17:00+01:00,0.129550
2026-03-11 17:15+01:00,0.145863
2026-03-11 17:30+01:00,0.121429
2026-03-11 17:45+01:00,0.147473
2026-03-11 18:00+01:00,0.000000
2026-03-11 18:15+01:00,0.001610
2026-03-11 18:30+01:00,0.000000
2026-03-11 18:45+01:00,0.003266
2026-03-11 19:00+01:00,0.003620
2026-03-11 19:15+01:00,0.002222
2026-03-11 19:30+01:00,0.002729
2026-03-11 19:45+01:00,0.002641
2026-03-11 20:00+01:00,0.002280
2026-03-11 20:15+01:00,0.002388
2026-03-11 20:30+01:00,0.000000
2026-03-11 20:45+01:00,0.002319
2026-03-11 21:00+01:00,0.003553
2026-03-11 21:15+01:00,
2026-03-11 21:30+01:00,0.002136
2026-03-11 21:45+01:00,0.002830
2026-03-11 22:00+01:00,0.002420
2026-03-11 22:15+01:00,0.002242
2026-03-11 22:30+01:00,0.002933
2026-03-11 22:45+01:00,0.002991
2026-03-11 23:00+01:00,
2026-03-11 23:15+01:00,0.003100
2026-03-11 23:30+01:00,0.003208
2026-03-11 23:45+01:00,0.002725
2026-03-12 00:00+01:00,0.002244
2026-03-12 00:15+01:00,0.003045
2026-03-12 00:30+01:00,0.003343
2026-03-12 00:45+01:00,0.002613
2026-03-12 01:00+01:00,0.001802
2026-03-12 01:15+01:00,0.002029
2026-03-12 01:30+01:00,0.000000
2026-03-12 01:45+01:00,0.001314
2026-03-12 02:00+01:00,0.003016
2026-03-12 02:15+01:00,0.002035
2026-03-12 02:30+01:00,0.003297
2026-03-12 02:45+01:00,0.001837
2026-03-12 03:00+01:00,0.002425
2026-03-12 03:15+01:00,0.003117
2026-03-12 03:30+01:00,0.002752
2026-03-12 03:45+01:00,0.002820
2026-03-12 04:00+01:00,0.000000
2026-03-12 04:15+01:00,
2026-03-12 04:30+01:00,0.002204
2026-03-12 04:45+01:00,0.003436
2026-03-12 05:00+01:00,0.002481
2026-03-12 05:15+01:00,0.002790
2026-03-12 05:30+01:00,0.003286
2026-03-12 05:45+01:00,0.002439
2026-03-12 06:00+01:00,0.002704
2026-03-12 06:15+01:00,0.002858
2026-03-12 06:30+01:00,0.001877
2026-03-12 06:45+01:00,0.002012
2026-03-12 07:00+01:00,0.124351
2026-03-12 07:15+01:00,0.161603
2026-03-12 07:30+01:00,
2026-03-12 07:45+01:00,0.133032
2026-03-12 08:00+01:00,0.138143
2026-03-12 08:15+01:00,0.138656
2026-03-12 08:30+01:00,0.116462
2026-03-12 08:45+01:00,0.142733
2026-03-12 09:00+01:00,0.150902
2026-03-12 09:15+01:00,0.109052
2026-03-12 09:30+01:00,0.127129
2026-03-12 09:45+01:00,0.131956
2026-03-12 10:00+01:00,0.108410
2026-03-12 10:15+01:00,0.133101
2026-03-12 10:30+01:00,0.141873
2026-03-12 10:45+01:00,0.124491
2026-03-12 11:00+01:00,0.143069
2026-03-12 11:15+01:00,0.157236
2026-03-12 11:30+01:00,0.148031
2026-03-12 11:45+01:00,0.118883
2026-03-12 12:00+01:00,0.136078
2026-03-12 12:15+01:00,0.132681
2026-03-12 12:30+01:00,0.125404
2026-03-12 12:45+01:00,0.108132
2026-03-12 13:00+01:00,0.142526
2026-03-12 13:15+01:00,0.156732
2026-03-12 13:30+01:00,0.142589
2026-03-12 13:45+01:00,0.125870
2026-03-12 14:00+01:00,0.120628
2026-03-12 14:15+01:00,0.147125
2026-03-12 14:30+01:00,0.148352
2026-03-12 14:45+01:00,0.119443
2026-03-12 15:00+01:00,0.113686
2026-03-12 15:15+01:00,0.129066
2026-03-12 15:30+01:00,0.150979
2026-03-12 15:45+01:00,0.120282
2026-03-12 16:00+01:00,0.141014
2026-03-12 16:15+01:00,0.149405
2026-03-12 16:30+01:00,0.111333
2026-03-12 16:45+01:00,0.160232
2026-03-12 17:00+01:00,0.127036
2026-03-12 17:15+01:00,0.126995
2026-03-12 17:30+01:00,0.128409
2026-03-12 17:45+01:00,0.141228
2026-03-12 18:00+01:00,0.003027
2026-03-12 18:15+01:00,0.003262
2026-03-12 18:30+01:00,0.003259
2026-03-12 18:45+01:00,0.002460
2026-03-12 19:00+01:00,0.002613
2026-03-12 19:15+01:00,0.002714
2026-03-12 19:30+01:00,0.002079
2026-03-12 19:45+01:00,0.003311
2026-03-12 20:00+01:00,0.003058
2026-03-12 20:15+01:00,0.002704
2026-03-12 20:30+01:00,0.002615
2026-03-12 20:45+01:00,0.000000
2026-03-12 21:00+01:00,0.002393
2026-03-12 21:15+01:00,0.001882
2026-03-12 21:30+01:00,0.000000
2026-03-12 21:45+01:00,0.002063
2026-03-12 22:00+01:00,0.001963
2026-03-12 22:15+01:00,0.002115
2026-03-12 22:30+01:00,0.002734
2026-03-12 22:45+01:00,0.002181
2026-03-12 23:00+01:00,0.003273
2026-03-12 23:15+01:00,0.002503
2026-03-12 23:30+01:00,0.002785
2026-03-12 23:45+01:00,0.003131
2026-03-13 00:00+01:00,0.002199
2026-03-13 00:15+01:00,0.002952
2026-03-13 00:30+01:00,0.003988
2026-03-13 00:45+01:00,0.002194
2026-03-13 01:00+01:00,
2026-03-13 01:15+01:00,
2026-03-13 01:30+01:00,0.001846
2026-03-13 01:45+01:00,0.002633
2026-03-13 02:00+01:00,0.002594
2026-03-13 02:15+01:00,0.003699
2026-03-13 02:30+01:00,0.002115
2026-03-13 02:45+01:00,0.000000
2026-03-13 03:00+01:00,0.003096
2026-03-13 03:15+01:00,0.003318
2026-03-13 03:30+01:00,0.002615
2026-03-13 03:45+01:00,0.002503
2026-03-13 04:00+01:00,0.003091
2026-03-13 04:15+01:00,0.002621
2026-03-13 04:30+01:00,0.003764
2026-03-13 04:45+01:00,0.003023
2026-03-13 05:00+01:00,0.003099
2026-03-13 05:15+01:00,0.001999
2026-03-13 05:30+01:00,0.002720
2026-03-13 05:45+01:00,0.002803
2026-03-13 06:00+01:00,0.002633
2026-03-13 06:15+01:00,0.003000
2026-03-13 06:30+01:00,0.002279
2026-03-13 06:45+01:00,0.002453
2026-03-13 07:00+01:00,0.138347
2026-03-13 07:15+01:00,0.119337
2026-03-13 07:30+01:00,0.113580
2026-03-13 07:45+01:00,0.130676
2026-03-13 08:00+01:00,0.131241
2026-03-13 08:15+01:00,0.123538
2026-03-13 08:30+01:00,0.147774
2026-03-13 08:45+01:00,0.126719
2026-03-13 09:00+01:00,0.123296
2026-03-13 09:15+01:00,0.135880
2026-03-13 09:30+01:00,0.099680
2026-03-13 09:45+01:00,0.135801
2026-03-13 10:00+01:00,0.128984
2026-03-13 10:15+01:00,0.150498
2026-03-13 10:30+01:00,0.121405
2026-03-13 10:45+01:00,0.120941
2026-03-13 11:00+01:00,0.137197
2026-03-13 11:15+01:00,0.122730
2026-03-13 11:30+01:00,
2026-03-13 11:45+01:00,0.160440
2026-03-13 12:00+01:00,0.172832
2026-03-13 12:15+01:00,0.139628
2026-03-13 12:30+01:00,0.133877
2026-03-13 12:45+01:00,0.152822
2026-03-13 13:00+01:00,0.135258
2026-03-13 13:15+01:00,0.147408
2026-03-13 13:30+01:00,0.131102
2026-03-13 13:45+01:00,0.127654
2026-03-13 14:00+01:00,0.132833
2026-03-13 14:15+01:00,0.137254
2026-03-13 14:30+01:00,0.121168
2026-03-13 14:45+01:00,0.139212
2026-03-13 15:00+01:00,0.124062
2026-03-13 15:15+01:00,0.126245
2026-03-13 15:30+01:00,0.103032
2026-03-13 15:45+01:00,0.142575
2026-03-13 16:00+01:00,0.137276
2026-03-13 16:15+01:00,0.148141
2026-03-13 16:30+01:00,0.128999
2026-03-13 16:45+01:00,0.144133
2026-03-13 17:00+01:00,0.114313
2026-03-13 17:15+01:00,0.139822
2026-03-13 17:30+01:00,0.115108
2026-03-13 17:45+01:00,0.122748
2026-03-13 18:00+01:00,0.003364
2026-03-13 18:15+01:00,0.002018
2026-03-13 18:30+01:00,0.002313
2026-03-13 18:45+01:00,0.001948
2026-03-13 19:00+01:00,0.002523
2026-03-13 19:15+01:00,0.002667
2026-03-13 19:30+01:00,0.001884
2026-03-13 19:45+01:00,0.003529
2026-03-13 20:00+01:00,0.002592
2026-03-13 20:15+01:00,0.001796
2026-03-13 20:30+01:00,
2026-03-13 20:45+01:00,0.002661
2026-03-13 21:00+01:00,0.002340
2026-03-13 21:15+01:00,0.003054
2026-03-13 21:30+01:00,0.003142
2026-03-13 21:45+01:00,0.001629
2026-03-13 22:00+01:00,0.002509
2026-03-13 22:15+01:00,0.002676
2026-03-13 22:30+01:00,0.001665
2026-03-13 22:45+01:00,0.003264
2026-03-13 23:00+01:00,0.003198
2026-03-13 23:15+01:00,0.002130
2026-03-13 23:30+01:00,0.002767
2026-03-13 23:45+01:00,0.002174
2026-03-14 00:00+01:00,0.001959
2026-03-14 00:15+01:00,
2026-03-14 00:30+01:00,0.001050
2026-03-14 00:45+01:00,0.001668
2026-03-14 01:00+01:00,0.001590
2026-03-14 01:15+01:00,0.001520
2026-03-14 01:30+01:00,0.001715
2026-03-14 01:45+01:00,0.001458
2026-03-14 02:00+01:00,0.001425
2026-03-14 02:15+01:00,0.001812
2026-03-14 02:30+01:00,0.001116
2026-03-14 02:45+01:00,0.001603
2026-03-14 03:00+01:00,0.001342
2026-03-14 03:15+01:00,0.001578
2026-03-14 03:30+01:00,0.001616
2026-03-14 03:45+01:00,0.002143
2026-03-14 04:00+01:00,0.001582
2026-03-14 04:15+01:00,0.001383
2026-03-14 04:30+01:00,0.001278
2026-03-14 04:45+01:00,0.001127
2026-03-14 05:00+01:00,0.001175
2026-03-14 05:15+01:00,0.001092
2026-03-14 05:30+01:00,0.001722
2026-03-14 05:45+01:00,0.002337
2026-03-14 06:00+01:00,0.001203
2026-03-14 06:15+01:00,0.001319
2026-03-14 06:30+01:00,0.001600
2026-03-14 06:45+01:00,0.001777
2026-03-14 07:00+01:00,0.001845
2026-03-14 07:15+01:00,0.001184
2026-03-14 07:30+01:00,0.002055
2026-03-14 07:45+01:00,0.001906
2026-03-14 08:00+01:00,0.001611
2026-03-14 08:15+01:00,0.000000
2026-03-14 08:30+01:00,0.000000
2026-03-14 08:45+01:00,0.001792
2026-03-14 09:00+01:00,0.001728
2026-03-14 09:15+01:00,0.001899
2026-03-14 09:30+01:00,0.001526
2026-03-14 09:45+01:00,0.001503
2026-03-14 10:00+01:00,0.001119
2026-03-14 10:15+01:00,0.001445
2026-03-14 10:30+01:00,0.001494
2026-03-14 10:45+01:00,0.001373
2026-03-14 11:00+01:00,0.001069
2026-03-14 11:15+01:00,0.001616
2026-03-14 11:30+01:00,0.002397
2026-03-14 11:45+01:00,0.001829
2026-03-14 12:00+01:00,0.001472
2026-03-14 12:15+01:00,0.001400
2026-03-14 12:30+01:00,0.001310
2026-03-14 12:45+01:00,0.001836
2026-03-14 13:00+01:00,0.001593
2026-03-14 13:15+01:00,0.001967
2026-03-14 13:30+01:00,0.001543
2026-03-14 13:45+01:00,0.001405
2026-03-14 14:00+01:00,0.001656
2026-03-14 14:15+01:00,0.002428
2026-03-14 14:30+01:00,0.001080
2026-03-14 14:45+01:00,0.001893
2026-03-14 15:00+01:00,0.001314
2026-03-14 15:15+01:00,0.001346
2026-03-14 15:30+01:00,0.001698
2026-03-14 15:45+01:00,0.000000
2026-03-14 16:00+01:00,0.001800
2026-03-14 16:15+01:00,0.001140
2026-03-14 16:30+01:00,0.002030
2026-03-14 16:45+01:00,0.001813
2026-03-14 17:00+01:00,0.001559
2026-03-14 17:15+01:00,0.001798
2026-03-14 17:30+01:00,0.001865
2026-03-14 17:45+01:00,0.001915
2026-03-14 18:00+01:00,0.001367
2026-03-14 18:15+01:00,0.001025
2026-03-14 18:30+01:00,0.001329
2026-03-14 18:45+01:00,0.001549
2026-03-14 19:00+01:00,0.001190
2026-03-14 19:15+01:00,0.001236
2026-03-14 19:30+01:00,0.001298
2026-03-14 19:45+01:00,0.002111
2026-03-14 20:00+01:00,0.001384
2026-03-14 20:15+01:00,0.001406
2026-03-14 20:30+01:00,0.001247
2026-03-14 20:45+01:00,0.001763
2026-03-14 21:00+01:00,0.001439
2026-03-14 21:15+01:00,0.001792
2026-03-14 21:30+01:00,0.001406
2026-03-14 21:45+01:00,0.001286
2026-03-14 22:00+01:00,0.001554
2026-03-14 22:15+01:00,0.001355
2026-03-14 22:30+01:00,0.001572
2026-03-14 22:45+01:00,0.000000
2026-03-14 23:00+01:00,0.000972
2026-03-14 23:15+01:00,0.001696
2026-03-14 23:30+01:00,0.001257
2026-03-14 23:45+01:00,0.001743
2026-03-15 00:00+01:00,0.001469
2026-03-15 00:15+01:00,0.001701
2026-03-15 00:30+01:00,0.001573
2026-03-15 00:45+01:00,0.001698
2026-03-15 01:00+01:00,0.001587
2026-03-15 01:15+01:00,0.001272
2026-03-15 01:30+01:00,0.001156
2026-03-15 01:45+01:00,0.001902
2026-03-15 02:00+01:00,0.001432
2026-03-15 02:15+01:00,0.001111
2026-03-15 02:30+01:00,0.001476
2026-03-15 02:45+01:00,0.001283
2026-03-15 03:00+01:00,0.000977
2026-03-15 03:15+01:00,0.001845
2026-03-15 03:30+01:00,0.001407
2026-03-15 03:45+01:00,0.001339
2026-03-15 04:00+01:00,0.001343
2026-03-15 04:15+01:00,0.001829
2026-03-15 04:30+01:00,0.001369
2026-03-15 04:45+01:00,0.001230
2026-03-15 05:00+01:00,0.001795
2026-03-15 05:15+01:00,0.001385
2026-03-15 05:30+01:00,0.001400
2026-03-15 05:45+01:00,0.001909
2026-03-15 06:00+01:00,0.001218
2026-03-15 06:15+01:00,0.001612
2026-03-15 06:30+01:00,0.002003
2026-03-15 06:45+01:00,0.002065
2026-03-15 07:00+01:00,0.001325
2026-03-15 07:15+01:00,0.001703
2026-03-15 07:30+01:00,0.001331
2026-03-15 07:45+01:00,0.001310
2026-03-15 08:00+01:00,0.001618
2026-03-15 08:15+01:00,0.001777
2026-03-15 08:30+01:00,0.001765
2026-03-15 08:45+01:00,0.000000
2026-03-15 09:00+01:00,0.002075
2026-03-15 09:15+01:00,0.001510
2026-03-15 09:30+01:00,0.001295
2026-03-15 09:45+01:00,0.001693
2026-03-15 10:00+01:00,0.001905
2026-03-15 10:15+01:00,0.000000
2026-03-15 10:30+01:00,0.001781
2026-03-15 10:45+01:00,0.000973
2026-03-15 11:00+01:00,0.001713
2026-03-15 11:15+01:00,0.001438
2026-03-15 11:30+01:00,0.001433
2026-03-15 11:45+01:00,0.001679
2026-03-15 12:00+01:00,
2026-03-15 12:15+01:00,0.001480
2026-03-15 12:30+01:00,0.001287
2026-03-15 12:45+01:00,0.000000
2026-03-15 13:00+01:00,0.001364
2026-03-15 13:15+01:00,0.001445
2026-03-15 13:30+01:00,0.000958
2026-03-15 13:45+01:00,0.001621
2026-03-15 14:00+01:00,0.001378
2026-03-15 14:15+01:00,0.001526
2026-03-15 14:30+01:00,0.001954
2026-03-15 14:45+01:00,0.001120
2026-03-15 15:00+01:00,0.001707
2026-03-15 15:15+01:00,0.000897
2026-03-15 15:30+01:00,0.001635
2026-03-15 15:45+01:00,0.001681
2026-03-15 16:00+01:00,0.001570
2026-03-15 16:15+01:00,0.001814
2026-03-15 16:30+01:00,0.002252
2026-03-15 16:45+01:00,0.001273
2026-03-15 17:00+01:00,0.002130
2026-03-15 17:15+01:00,0.001216
2026-03-15 17:30+01:00,0.001601
2026-03-15 17:45+01:00,0.001627
2026-03-15 18:00+01:00,0.001322
2026-03-15 18:15+01:00,0.001500
2026-03-15 18:30+01:00,0.001524
2026-03-15 18:45+01:00,0.001448
2026-03-15 19:00+01:00,0.000977
2026-03-15 19:15+01:00,0.001207
2026-03-15 19:30+01:00,0.000000
2026-03-15 19:45+01:00,0.001345
2026-03-15 20:00+01:00,0.001399
2026-03-15 20:15+01:00,0.001582
2026-03-15 20:30+01:00,0.000654
2026-03-15 20:45+01:00,0.002039
2026-03-15 21:00+01:00,0.001700
2026-03-15 21:15+01:00,0.001516
2026-03-15 21:30+01:00,0.002471
2026-03-15 21:45+01:00,
2026-03-15 22:00+01:00,0.001375
2026-03-15 22:15+01:00,0.001582
2026-03-15 22:30+01:00,0.001401
2026-03-15 22:45+01:00,0.000735
2026-03-15 23:00+01:00,0.001103
2026-03-15 23:15+01:00,0.001722
2026-03-15 23:30+01:00,0.001341
2026-03-15 23:45+01:00,0.001415
2026-03-16 00:00+01:00,0.001634
2026-03-16 00:15+01:00,0.002300
2026-03-16 00:30+01:00,0.002654
2026-03-16 00:45+01:00,0.002618
2026-03-16 01:00+01:00,0.003464
2026-03-16 01:15+01:00,0.001249
2026-03-16 01:30+01:00,0.002171
2026-03-16 01:45+01:00,0.002974
2026-03-16 02:00+01:00,0.001280
2026-03-16 02:15+01:00,0.001743
2026-03-16 02:30+01:00,0.002982
2026-03-16 02:45+01:00,0.002489
2026-03-16 03:00+01:00,0.001853
2026-03-16 03:15+01:00,0.002698
2026-03-16 03:30+01:00,0.002039
2026-03-16 03:45+01:00,0.002898
2026-03-16 04:00+01:00,0.003585
2026-03-16 04:15+01:00,0.003369
2026-03-16 04:30+01:00,0.002289
2026-03-16 04:45+01:00,0.002526
2026-03-16 05:00+01:00,0.002691
2026-03-16 05:15+01:00,
2026-03-16 05:30+01:00,0.002411
2026-03-16 05:45+01:00,0.002464
2026-03-16 06:00+01:00,0.002940
2026-03-16 06:15+01:00,0.002583
2026-03-16 06:30+01:00,0.002628
2026-03-16 06:45+01:00,0.003329
2026-03-16 07:00+01:00,0.112032
2026-03-16 07:15+01:00,0.152410
2026-03-16 07:30+01:00,0.116510
2026-03-16 07:45+01:00,0.116918
2026-03-16 08:00+01:00,0.131875
2026-03-16 08:15+01:00,0.146323
2026-03-16 08:30+01:00,
2026-03-16 08:45+01:00,0.115776
2026-03-16 09:00+01:00,0.149981
2026-03-16 09:15+01:00,0.134138
2026-03-16 09:30+01:00,0.147854
2026-03-16 09:45+01:00,0.133758
2026-03-16 10:00+01:00,0.115738
2026-03-16 10:15+01:00,0.139154
2026-03-16 10:30+01:00,0.141579
2026-03-16 10:45+01:00,0.133774
2026-03-16 11:00+01:00,0.108455
2026-03-16 11:15+01:00,0.113939
2026-03-16 11:30+01:00,0.117217
2026-03-16 11:45+01:00,0.100846
2026-03-16 12:00+01:00,0.135950
2026-03-16 12:15+01:00,0.114116
2026-03-16 12:30+01:00,0.133496
2026-03-16 12:45+01:00,0.119232
2026-03-16 13:00+01:00,0.132232
2026-03-16 13:15+01:00,0.117380
2026-03-16 13:30+01:00,0.137169
2026-03-16 13:45+01:00,0.126767
2026-03-16 14:00+01:00,0.121964
2026-03-16 14:15+01:00,0.127497
2026-03-16 14:30+01:00,0.121446
2026-03-16 14:45+01:00,0.120946
2026-03-16 15:00+01:00,0.143413
2026-03-16 15:15+01:00,0.124032
2026-03-16 15:30+01:00,0.136343
2026-03-16 15:45+01:00,0.130548
2026-03-16 16:00+01:00,0.165349
2026-03-16 16:15+01:00,0.111367
2026-03-16 16:30+01:00,0.125314
2026-03-16 16:45+01:00,0.118257
2026-03-16 17:00+01:00,0.110707
2026-03-16 17:15+01:00,0.156972
2026-03-16 17:30+01:00,0.122736
2026-03-16 17:45+01:00,0.118370
2026-03-16 18:00+01:00,0.002689
2026-03-16 18:15+01:00,0.002499
2026-03-16 18:30+01:00,0.002088
2026-03-16 18:45+01:00,0.003251
2026-03-16 19:00+01:00,0.002933
2026-03-16 19:15+01:00,0.002129
2026-03-16 19:30+01:00,0.001908
2026-03-16 19:45+01:00,0.002708
2026-03-16 20:00+01:00,0.003030
2026-03-16 20:15+01:00,0.002200
2026-03-16 20:30+01:00,0.002833
2026-03-16 20:45+01:00,0.002354
2026-03-16 21:00+01:00,0.002028
2026-03-16 21:15+01:00,0.002276
2026-03-16 21:30+01:00,0.001952
2026-03-16 21:45+01:00,0.003071
2026-03-16 22:00+01:00,0.002024
2026-03-16 22:15+01:00,0.002568
2026-03-16 22:30+01:00,0.002487
2026-03-16 22:45+01:00,0.004023
2026-03-16 23:00+01:00,0.002075
2026-03-16 23:15+01:00,0.003255
2026-03-16 23:30+01:00,0.003080
2026-03-16 23:45+01:00,0.000000
2026-03-17 00:00+01:00,0.002325
2026-03-17 00:15+01:00,0.002101
2026-03-17 00:30+01:00,0.002438
2026-03-17 00:45+01:00,0.002794
2026-03-17 01:00+01:00,0.000987
2026-03-17 01:15+01:00,0.003151
2026-03-17 01:30+01:00,0.002054
2026-03-17 01:45+01:00,0.002808
2026-03-17 02:00+01:00,0.002920
2026-03-17 02:15+01:00,0.002125
2026-03-17 02:30+01:00,0.002712
2026-03-17 02:45+01:00,0.001817
2026-03-17 03:00+01:00,0.001673
2026-03-17 03:15+01:00,0.003000
2026-03-17 03:30+01:00,0.002014
2026-03-17 03:45+01:00,0.003075
2026-03-17 04:00+01:00,0.001802
2026-03-17 04:15+01:00,0.002281
2026-03-17 04:30+01:00,0.003171
2026-03-17 04:45+01:00,0.002854
2026-03-17 05:00+01:00,0.002798
2026-03-17 05:15+01:00,0.002917
2026-03-17 05:30+01:00,0.002090
2026-03-17 05:45+01:00,0.002551
2026-03-17 06:00+01:00,0.002658
2026-03-17 06:15+01:00,0.002848
2026-03-17 06:30+01:00,0.002830
2026-03-17 06:45+01:00,0.003408
2026-03-17 07:00+01:00,0.106764
2026-03-17 07:15+01:00,0.123027
2026-03-17 07:30+01:00,0.127369
2026-03-17 07:45+01:00,0.136125
2026-03-17 08:00+01:00,0.100150
2026-03-17 08:15+01:00,0.119362
2026-03-17 08:30+01:00,0.119784
2026-03-17 08:45+01:00,0.129092
2026-03-17 09:00+01:00,0.134486
2026-03-17 09:15+01:00,0.126752
2026-03-17 09:30+01:00,0.143537
2026-03-17 09:45+01:00,0.135224
2026-03-17 10:00+01:00,0.142932
2026-03-17 10:15+01:00,0.154739
2026-03-17 10:30+01:00,0.124585
2026-03-17 10:45+01:00,0.125689
2026-03-17 11:00+01:00,0.155011
2026-03-17 11:15+01:00,0.131008
2026-03-17 11:30+01:00,0.138776
2026-03-17 11:45+01:00,
2026-03-17 12:00+01:00,0.114071
2026-03-17 12:15+01:00,0.130220
2026-03-17 12:30+01:00,0.093084
2026-03-17 12:45+01:00,0.151373
2026-03-17 13:00+01:00,0.144915
2026-03-17 13:15+01:00,0.131086
2026-03-17 13:30+01:00,0.154707
2026-03-17 13:45+01:00,0.109698
2026-03-17 14:00+01:00,0.119794
2026-03-17 14:15+01:00,0.116936
2026-03-17 14:30+01:00,0.135832
2026-03-17 14:45+01:00,0.119118
2026-03-17 15:00+01:00,0.147869
2026-03-17 15:15+01:00,0.122207
2026-03-17 15:30+01:00,0.160468
2026-03-17 15:45+01:00,0.115642
2026-03-17 16:00+01:00,0.137394
2026-03-17 16:15+01:00,
2026-03-17 16:30+01:00,0.125251
2026-03-17 16:45+01:00,0.156278
2026-03-17 17:00+01:00,0.131745
2026-03-17 17:15+01:00,0.106293
2026-03-17 17:30+01:00,0.148949
2026-03-17 17:45+01:00,0.121044
2026-03-17 18:00+01:00,0.003512
2026-03-17 18:15+01:00,0.000000
2026-03-17 18:30+01:00,
2026-03-17 18:45+01:00,0.002217
2026-03-17 19:00+01:00,0.003253
2026-03-17 19:15+01:00,
2026-03-17 19:30+01:00,0.003373
2026-03-17 19:45+01:00,0.002919
2026-03-17 20:00+01:00,0.002869
2026-03-17 20:15+01:00,0.003043
2026-03-17 20:30+01:00,0.001829
2026-03-17 20:45+01:00,0.002509
2026-03-17 21:00+01:00,0.001600
2026-03-17 21:15+01:00,0.002452
2026-03-17 21:30+01:00,0.002053
2026-03-17 21:45+01:00,0.002832
2026-03-17 22:00+01:00,0.002464
2026-03-17 22:15+01:00,0.003127
2026-03-17 22:30+01:00,0.002363
2026-03-17 22:45+01:00,
2026-03-17 23:00+01:00,0.003414
2026-03-17 23:15+01:00,0.003486
2026-03-17 23:30+01:00,0.002352
2026-03-17 23:45+01:00,0.002536
2026-03-18 00:00+01:00,0.001804
2026-03-18 00:15+01:00,0.002028
2026-03-18 00:30+01:00,0.003045
2026-03-18 00:45+01:00,0.002568
2026-03-18 01:00+01:00,0.002677
2026-03-18 01:15+01:00,0.003176
2026-03-18 01:30+01:00,0.002774
2026-03-18 01:45+01:00,0.003283
2026-03-18 02:00+01:00,
2026-03-18 02:15+01:00,
2026-03-18 02:30+01:00,
2026-03-18 02:45+01:00,
2026-03-18 03:00+01:00,
2026-03-18 03:15+01:00,
2026-03-18 03:30+01:00,
2026-03-18 03:45+01:00,
2026-03-18 04:00+01:00,
2026-03-18 04:15+01:00,
2026-03-18 04:30+01:00,
2026-03-18 04:45+01:00,
2026-03-18 05:00+01:00,0.001727
2026-03-18 05:15+01:00,0.001930
2026-03-18 05:30+01:00,0.003231
2026-03-18 05:45+01:00,0.001895
2026-03-18 06:00+01:00,0.002842
2026-03-18 06:15+01:00,0.001902
2026-03-18 06:30+01:00,0.002623
2026-03-18 06:45+01:00,0.002252
2026-03-18 07:00+01:00,0.117514
2026-03-18 07:15+01:00,0.106903
2026-03-18 07:30+01:00,0.135779
2026-03-18 07:45+01:00,0.168910
2026-03-18 08:00+01:00,0.164584
2026-03-18 08:15+01:00,0.169174
2026-03-18 08:30+01:00,0.110250
2026-03-18 08:45+01:00,0.130850
2026-03-18 09:00+01:00,0.119219
2026-03-18 09:15+01:00,0.135684
2026-03-18 09:30+01:00,0.104954
2026-03-18 09:45+01:00,0.144433
2026-03-18 10:00+01:00,0.118701
2026-03-18 10:15+01:00,0.096145
2026-03-18 10:30+01:00,0.103449
2026-03-18 10:45+01:00,0.146444
2026-03-18 11:00+01:00,0.167062
2026-03-18 11:15+01:00,0.146679
2026-03-18 11:30+01:00,0.155699
2026-03-18 11:45+01:00,0.150014
2026-03-18 12:00+01:00,0.095507
2026-03-18 12:15+01:00,0.137696
2026-03-18 12:30+01:00,0.122548
2026-03-18 12:45+01:00,0.129860
2026-03-18 13:00+01:00,0.152064
2026-03-18 13:15+01:00,0.122345
2026-03-18 13:30+01:00,0.148519
2026-03-18 13:45+01:00,0.120898
2026-03-18 14:00+01:00,0.148843
2026-03-18 14:15+01:00,0.117958
2026-03-18 14:30+01:00,0.108487
2026-03-18 14:45+01:00,0.134771
2026-03-18 15:00+01:00,0.146599
2026-03-18 15:15+01:00,0.126233
2026-03-18 15:30+01:00,0.142456
2026-03-18 15:45+01:00,0.096658
2026-03-18 16:00+01:00,0.141351
2026-03-18 16:15+01:00,0.130008
2026-03-18 16:30+01:00,0.140303
2026-03-18 16:45+01:00,0.097935
2026-03-18 17:00+01:00,0.127649
2026-03-18 17:15+01:00,0.101512
2026-03-18 17:30+01:00,0.148940
2026-03-18 17:45+01:00,0.153353
2026-03-18 18:00+01:00,0.002923
2026-03-18 18:15+01:00,0.002798
2026-03-18 18:30+01:00,0.002528
2026-03-18 18:45+01:00,0.002047
2026-03-18 19:00+01:00,0.002252
2026-03-18 19:15+01:00,0.002238
2026-03-18 19:30+01:00,0.003222
2026-03-18 19:45+01:00,0.002601
2026-03-18 20:00+01:00,0.001593
2026-03-18 20:15+01:00,0.000927
2026-03-18 20:30+01:00,0.002928
2026-03-18 20:45+01:00,0.003071
2026-03-18 21:00+01:00,0.002918
2026-03-18 21:15+01:00,0.001436
2026-03-18 21:30+01:00,0.002194
2026-03-18 21:45+01:00,0.003085
2026-03-18 22:00+01:00,0.002237
2026-03-18 22:15+01:00,0.002838
2026-03-18 22:30+01:00,0.002352
2026-03-18 22:45+01:00,0.001877
2026-03-18 23:00+01:00,0.001962
2026-03-18 23:15+01:00,0.002144
2026-03-18 23:30+01:00,0.002738
2026-03-18 23:45+01:00,0.002491
2026-03-19 00:00+01:00,0.003491
2026-03-19 00:15+01:00,0.002594
2026-03-19 00:30+01:00,0.002731
2026-03-19 00:45+01:00,0.002692
2026-03-19 01:00+01:00,0.002478
2026-03-19 01:15+01:00,0.002904
2026-03-19 01:30+01:00,0.002481
2026-03-19 01:45+01:00,0.003073
2026-03-19 02:00+01:00,0.002288
2026-03-19 02:15+01:00,0.002888
2026-03-19 02:30+01:00,0.002490
2026-03-19 02:45+01:00,0.003617
2026-03-19 03:00+01:00,0.002270
2026-03-19 03:15+01:00,0.002880
2026-03-19 03:30+01:00,0.003549
2026-03-19 03:45+01:00,0.002636
2026-03-19 04:00+01:00,0.002470
2026-03-19 04:15+01:00,0.003051
2026-03-19 04:30+01:00,0.000000
2026-03-19 04:45+01:00,0.003251
2026-03-19 05:00+01:00,0.001901
2026-03-19 05:15+01:00,0.003479
2026-03-19 05:30+01:00,0.002470
2026-03-19 05:45+01:00,0.003275
2026-03-19 06:00+01:00,0.002839
2026-03-19 06:15+01:00,0.001726
2026-03-19 06:30+01:00,0.003650
2026-03-19 06:45+01:00,0.002515
2026-03-19 07:00+01:00,0.123531
2026-03-19 07:15+01:00,0.119456
2026-03-19 07:30+01:00,0.131864
2026-03-19 07:45+01:00,0.128219
2026-03-19 08:00+01:00,0.139032
2026-03-19 08:15+01:00,0.124748
2026-03-19 08:30+01:00,0.123147
2026-03-19 08:45+01:00,0.129482
2026-03-19 09:00+01:00,0.115701
2026-03-19 09:15+01:00,0.123458
2026-03-19 09:30+01:00,0.113512
2026-03-19 09:45+01:00,0.140438
2026-03-19 10:00+01:00,0.175595
2026-03-19 10:15+01:00,0.104886
2026-03-19 10:30+01:00,0.134496
2026-03-19 10:45+01:00,0.104948
2026-03-19 11:00+01:00,0.115384
2026-03-19 11:15+01:00,0.118612
2026-03-19 11:30+01:00,0.121201
2026-03-19 11:45+01:00,0.128895
2026-03-19 12:00+01:00,0.097702
2026-03-19 12:15+01:00,0.106379
2026-03-19 12:30+01:00,0.145244
2026-03-19 12:45+01:00,0.125289
2026-03-19 13:00+01:00,0.129528
2026-03-19 13:15+01:00,0.158663
2026-03-19 13:30+01:00,0.158885
2026-03-19 13:45+01:00,0.151055
2026-03-19 14:00+01:00,0.111665
2026-03-19 14:15+01:00,0.131959
2026-03-19 14:30+01:00,0.142228
2026-03-19 14:45+01:00,0.126740
2026-03-19 15:00+01:00,0.133258
2026-03-19 15:15+01:00,0.125184
2026-03-19 15:30+01:00,0.120957
2026-03-19 15:45+01:00,0.133010
2026-03-19 16:00+01:00,0.161726
2026-03-19 16:15+01:00,0.139238
2026-03-19 16:30+01:00,0.144069
2026-03-19 16:45+01:00,0.119816
2026-03-19 17:00+01:00,0.136447
2026-03-19 17:15+01:00,0.135326
2026-03-19 17:30+01:00,0.135757
2026-03-19 17:45+01:00,0.134812
2026-03-19 18:00+01:00,0.002718
2026-03-19 18:15+01:00,0.002702
2026-03-19 18:30+01:00,0.000000
2026-03-19 18:45+01:00,0.003418
2026-03-19 19:00+01:00,0.000000
2026-03-19 19:15+01:00,0.002732
2026-03-19 19:30+01:00,0.001780
2026-03-19 19:45+01:00,0.001703
2026-03-19 20:00+01:00,
2026-03-19 20:15+01:00,
2026-03-19 20:30+01:00,0.002098
2026-03-19 20:45+01:00,0.002390
2026-03-19 21:00+01:00,0.001828
2026-03-19 21:15+01:00,0.002497
2026-03-19 21:30+01:00,0.002806
2026-03-19 21:45+01:00,0.002130
2026-03-19 22:00+01:00,
2026-03-19 22:15+01:00,0.000000
2026-03-19 22:30+01:00,0.002386
2026-03-19 22:45+01:00,0.002299
2026-03-19 23:00+01:00,0.000000
2026-03-19 23:15+01:00,0.001953
2026-03-19 23:30+01:00,
2026-03-19 23:45+01:00,0.002226
2026-03-20 00:00+01:00,0.003354
2026-03-20 00:15+01:00,0.002815
2026-03-20 00:30+01:00,0.002034
2026-03-20 00:45+01:00,0.002035
2026-03-20 01:00+01:00,0.002384
2026-03-20 01:15+01:00,
2026-03-20 01:30+01:00,0.002500
2026-03-20 01:45+01:00,0.001791
2026-03-20 02:00+01:00,
2026-03-20 02:15+01:00,0.002760
2026-03-20 02:30+01:00,0.003911
2026-03-20 02:45+01:00,0.001656
2026-03-20 03:00+01:00,0.000000
2026-03-20 03:15+01:00,0.000000
2026-03-20 03:30+01:00,0.001857
2026-03-20 03:45+01:00,0.001982
2026-03-20 04:00+01:00,0.002857
2026-03-20 04:15+01:00,0.001951
2026-03-20 04:30+01:00,0.002942
2026-03-20 04:45+01:00,0.002783
2026-03-20 05:00+01:00,
2026-03-20 05:15+01:00,0.003002
2026-03-20 05:30+01:00,0.002724
2026-03-20 05:45+01:00,0.002440
2026-03-20 06:00+01:00,0.001922
2026-03-20 06:15+01:00,0.002669
2026-03-20 06:30+01:00,0.002764
2026-03-20 06:45+01:00,0.002925
2026-03-20 07:00+01:00,0.140684
2026-03-20 07:15+01:00,0.138780
2026-03-20 07:30+01:00,0.128970
2026-03-20 07:45+01:00,0.130148
2026-03-20 08:00+01:00,0.157925
2026-03-20 08:15+01:00,0.129362
2026-03-20 08:30+01:00,0.126059
2026-03-20 08:45+01:00,0.118716
2026-03-20 09:00+01:00,0.131020
2026-03-20 09:15+01:00,0.131001
2026-03-20 09:30+01:00,0.125489
2026-03-20 09:45+01:00,0.143294
2026-03-20 10:00+01:00,0.103215
2026-03-20 10:15+01:00,0.125998
2026-03-20 10:30+01:00,0.108936
2026-03-20 10:45+01:00,0.126732
2026-03-20 11:00+01:00,0.138261
2026-03-20 11:15+01:00,0.140309
2026-03-20 11:30+01:00,0.129786
2026-03-20 11:45+01:00,0.129851
2026-03-20 12:00+01:00,0.125083
2026-03-20 12:15+01:00,0.115809
2026-03-20 12:30+01:00,0.124317
2026-03-20 12:45+01:00,0.107196
2026-03-20 13:00+01:00,0.117158
2026-03-20 13:15+01:00,
2026-03-20 13:30+01:00,0.098474
2026-03-20 13:45+01:00,0.118496
2026-03-20 14:00+01:00,0.127324
2026-03-20 14:15+01:00,0.121896
2026-03-20 14:30+01:00,0.126019
2026-03-20 14:45+01:00,0.165334
2026-03-20 15:00+01:00,0.135123
2026-03-20 15:15+01:00,0.129164
2026-03-20 15:30+01:00,0.110879
2026-03-20 15:45+01:00,0.107288
2026-03-20 16:00+01:00,0.111408
2026-03-20 16:15+01:00,0.104328
2026-03-20 16:30+01:00,0.111518
2026-03-20 16:45+01:00,0.106542
2026-03-20 17:00+01:00,0.103324
2026-03-20 17:15+01:00,0.122848
2026-03-20 17:30+01:00,0.118187
2026-03-20 17:45+01:00,0.145080
2026-03-20 18:00+01:00,0.003172
2026-03-20 18:15+01:00,0.001586
2026-03-20 18:30+01:00,0.001968
2026-03-20 18:45+01:00,0.002803
2026-03-20 19:00+01:00,0.002317
2026-03-20 19:15+01:00,0.003036
2026-03-20 19:30+01:00,0.001942
2026-03-20 19:45+01:00,0.002095
2026-03-20 20:00+01:00,0.002880
2026-03-20 20:15+01:00,0.002616
2026-03-20 20:30+01:00,0.003359
2026-03-20 20:45+01:00,0.001622
2026-03-20 21:00+01:00,0.002350
2026-03-20 21:15+01:00,0.003145
2026-03-20 21:30+01:00,0.002444
2026-03-20 21:45+01:00,0.003245
2026-03-20 22:00+01:00,0.002138
2026-03-20 22:15+01:00,
2026-03-20 22:30+01:00,0.003648
2026-03-20 22:45+01:00,0.002850
2026-03-20 23:00+01:00,0.002362
2026-03-20 23:15+01:00,0.002919
2026-03-20 23:30+01:00,0.003487
2026-03-20 23:45+01:00,0.002842
2026-03-21 00:00+01:00,0.002762
2026-03-21 00:15+01:00,0.001004
2026-03-21 00:30+01:00,0.001116
2026-03-21 00:45+01:00,0.001905
2026-03-21 01:00+01:00,0.001932
2026-03-21 01:15+01:00,0.001789
2026-03-21 01:30+01:00,0.001051
2026-03-21 01:45+01:00,0.001520
2026-03-21 02:00+01:00,0.000923
2026-03-21 02:15+01:00,0.001648
2026-03-21 02:30+01:00,0.001239
2026-03-21 02:45+01:00,
2026-03-21 03:00+01:00,0.001721
2026-03-21 03:15+01:00,0.001063
2026-03-21 03:30+01:00,0.000000
2026-03-21 03:45+01:00,0.001420
2026-03-21 04:00+01:00,0.001692
2026-03-21 04:15+01:00,0.001516
2026-03-21 04:30+01:00,0.001325
2026-03-21 04:45+01:00,0.001919
2026-03-21 05:00+01:00,0.001362
2026-03-21 05:15+01:00,0.001682
2026-03-21 05:30+01:00,0.001626
2026-03-21 05:45+01:00,0.001634
2026-03-21 06:00+01:00,0.002075
2026-03-21 06:15+01:00,0.000827
2026-03-21 06:30+01:00,0.001550
2026-03-21 06:45+01:00,0.001898
2026-03-21 07:00+01:00,0.001981
2026-03-21 07:15+01:00,0.001137
2026-03-21 07:30+01:00,0.000000
2026-03-21 07:45+01:00,0.001184
2026-03-21 08:00+01:00,0.001547
2026-03-21 08:15+01:00,0.001265
2026-03-21 08:30+01:00,0.001189
2026-03-21 08:45+01:00,0.001595
2026-03-21 09:00+01:00,0.000000
2026-03-21 09:15+01:00,0.001842
2026-03-21 09:30+01:00,0.001038
2026-03-21 09:45+01:00,0.001801
2026-03-21 10:00+01:00,0.001365
2026-03-21 10:15+01:00,0.001704
2026-03-21 10:30+01:00,0.001854
2026-03-21 10:45+01:00,0.001169
2026-03-21 11:00+01:00,0.001592
2026-03-21 11:15+01:00,0.001754
2026-03-21 11:30+01:00,0.001290
2026-03-21 11:45+01:00,0.001237
2026-03-21 12:00+01:00,0.001743
2026-03-21 12:15+01:00,0.001653
2026-03-21 12:30+01:00,0.001631
2026-03-21 12:45+01:00,0.001188
2026-03-21 13:00+01:00,0.001276
2026-03-21 13:15+01:00,0.002166
2026-03-21 13:30+01:00,0.001858
2026-03-21 13:45+01:00,0.001634
2026-03-21 14:00+01:00,0.001010
2026-03-21 14:15+01:00,0.001910
2026-03-21 14:30+01:00,0.001582
2026-03-21 14:45+01:00,0.001605
2026-03-21 15:00+01:00,0.000000
2026-03-21 15:15+01:00,0.002022
2026-03-21 15:30+01:00,0.001393
2026-03-21 15:45+01:00,0.001331
2026-03-21 16:00+01:00,0.001724
2026-03-21 16:15+01:00,0.001812
2026-03-21 16:30+01:00,0.001493
2026-03-21 16:45+01:00,0.001778
2026-03-21 17:00+01:00,0.001678
2026-03-21 17:15+01:00,0.001271
2026-03-21 17:30+01:00,0.000000
2026-03-21 17:45+01:00,0.001998
2026-03-21 18:00+01:00,0.001308
2026-03-21 18:15+01:00,0.002067
2026-03-21 18:30+01:00,0.001275
2026-03-21 18:45+01:00,0.001361
2026-03-21 19:00+01:00,0.002068
2026-03-21 19:15+01:00,0.002105
2026-03-21 19:30+01:00,0.001352
2026-03-21 19:45+01:00,0.001482
2026-03-21 20:00+01:00,0.002022
2026-03-21 20:15+01:00,0.001849
2026-03-21 20:30+01:00,0.001187
2026-03-21 20:45+01:00,0.001934
2026-03-21 21:00+01:00,0.001749
2026-03-21 21:15+01:00,0.001364
2026-03-21 21:30+01:00,0.001676
2026-03-21 21:45+01:00,0.000918
2026-03-21 22:00+01:00,0.001411
2026-03-21 22:15+01:00,0.002120
2026-03-21 22:30+01:00,0.001146
2026-03-21 22:45+01:00,0.001893
2026-03-21 23:00+01:00,0.001760
2026-03-21 23:15+01:00,0.001715
2026-03-21 23:30+01:00,0.001454
2026-03-21 23:45+01:00,0.001596
2026-03-22 00:00+01:00,0.001169
2026-03-22 00:15+01:00,0.001605
2026-03-22 00:30+01:00,0.001242
2026-03-22 00:45+01:00,0.001610
2026-03-22 01:00+01:00,0.000682
2026-03-22 01:15+01:00,0.001770
2026-03-22 01:30+01:00,0.000000
2026-03-22 01:45+01:00,0.001527
2026-03-22 02:00+01:00,0.000000
2026-03-22 02:15+01:00,0.001560
2026-03-22 02:30+01:00,0.001266
2026-03-22 02:45+01:00,0.001598
2026-03-22 03:00+01:00,0.001897
2026-03-22 03:15+01:00,0.001508
2026-03-22 03:30+01:00,0.001667
2026-03-22 03:45+01:00,0.002294
2026-03-22 04:00+01:00,0.001958
2026-03-22 04:15+01:00,0.000000
2026-03-22 04:30+01:00,0.001728
2026-03-22 04:45+01:00,0.001272
2026-03-22 05:00+01:00,0.002181
2026-03-22 05:15+01:00,0.001681
2026-03-22 05:30+01:00,0.001886
2026-03-22 05:45+01:00,0.001678
2026-03-22 06:00+01:00,0.001759
2026-03-22 06:15+01:00,0.001764
2026-03-22 06:30+01:00,0.001547
2026-03-22 06:45+01:00,0.000000
2026-03-22 07:00+01:00,0.001255
2026-03-22 07:15+01:00,0.001660
2026-03-22 07:30+01:00,0.001731
2026-03-22 07:45+01:00,0.002080
2026-03-22 08:00+01:00,0.001415
2026-03-22 08:15+01:00,0.001084
2026-03-22 08:30+01:00,0.001549
2026-03-22 08:45+01:00,0.002128
2026-03-22 09:00+01:00,0.001095
2026-03-22 09:15+01:00,0.001478
2026-03-22 09:30+01:00,
2026-03-22 09:45+01:00,0.001342
2026-03-22 10:00+01:00,
2026-03-22 10:15+01:00,0.001369
2026-03-22 10:30+01:00,
2026-03-22 10:45+01:00,0.001548
2026-03-22 11:00+01:00,0.000000
2026-03-22 11:15+01:00,0.001443
2026-03-22 11:30+01:00,0.001895
2026-03-22 11:45+01:00,0.001342
2026-03-22 12:00+01:00,0.001792
2026-03-22 12:15+01:00,0.000000
2026-03-22 12:30+01:00,0.000768
2026-03-22 12:45+01:00,0.001795
2026-03-22 13:00+01:00,0.001851
2026-03-22 13:15+01:00,0.000000
2026-03-22 13:30+01:00,0.001292
2026-03-22 13:45+01:00,0.001467
2026-03-22 14:00+01:00,0.001527
2026-03-22 14:15+01:00,0.001662
2026-03-22 14:30+01:00,0.001819
2026-03-22 14:45+01:00,0.000855
2026-03-22 15:00+01:00,0.001935
2026-03-22 15:15+01:00,0.001159
2026-03-22 15:30+01:00,0.001512
2026-03-22 15:45+01:00,0.002161
2026-03-22 16:00+01:00,0.001472
2026-03-22 16:15+01:00,
2026-03-22 16:30+01:00,0.001634
2026-03-22 16:45+01:00,0.001799
2026-03-22 17:00+01:00,0.001411
2026-03-22 17:15+01:00,0.000994
2026-03-22 17:30+01:00,0.001618
2026-03-22 17:45+01:00,0.001541
2026-03-22 18:00+01:00,0.000587
2026-03-22 18:15+01:00,0.001532
2026-03-22 18:30+01:00,0.001586
2026-03-22 18:45+01:00,0.001704
2026-03-22 19:00+01:00,0.001621
2026-03-22 19:15+01:00,0.001842
2026-03-22 19:30+01:00,0.001524
2026-03-22 19:45+01:00,0.001122
2026-03-22 20:00+01:00,0.001208
2026-03-22 20:15+01:00,0.001394
2026-03-22 20:30+01:00,0.001387
2026-03-22 20:45+01:00,0.001212
2026-03-22 21:00+01:00,0.001498
2026-03-22 21:15+01:00,0.001240
2026-03-22 21:30+01:00,0.000815
2026-03-22 21:45+01:00,0.001509
2026-03-22 22:00+01:00,0.002000
2026-03-22 22:15+01:00,0.001376
2026-03-22 22:30+01:00,0.001490
2026-03-22 22:45+01:00,0.001650
2026-03-22 23:00+01:00,0.001333
2026-03-22 23:15+01:00,0.001902
2026-03-22 23:30+01:00,0.000000
2026-03-22 23:45+01:00,0.001996
2026-03-23 00:00+01:00,0.001928
2026-03-23 00:15+01:00,0.002458
2026-03-23 00:30+01:00,0.002320
2026-03-23 00:45+01:00,0.003174
2026-03-23 01:00+01:00,0.002430
2026-03-23 01:15+01:00,0.002776
2026-03-23 01:30+01:00,0.003067
2026-03-23 01:45+01:00,0.001495
2026-03-23 02:00+01:00,0.000000
2026-03-23 02:15+01:00,0.003340
2026-03-23 02:30+01:00,0.003018
2026-03-23 02:45+01:00,0.001848
2026-03-23 03:00+01:00,0.002549
2026-03-23 03:15+01:00,0.002646
2026-03-23 03:30+01:00,0.002151
2026-03-23 03:45+01:00,0.002593
2026-03-23 04:00+01:00,0.003305
2026-03-23 04:15+01:00,0.002759
2026-03-23 04:30+01:00,0.000000
2026-03-23 04:45+01:00,0.003310
2026-03-23 05:00+01:00,0.002429
2026-03-23 05:15+01:00,0.002531
2026-03-23 05:30+01:00,0.002493
2026-03-23 05:45+01:00,0.003878
2026-03-23 06:00+01:00,0.002528
2026-03-23 06:15+01:00,0.003263
2026-03-23 06:30+01:00,0.003258
2026-03-23 06:45+01:00,0.002796
2026-03-23 07:00+01:00,0.111566
2026-03-23 07:15+01:00,0.140911
2026-03-23 07:30+01:00,0.129014
2026-03-23 07:45+01:00,0.124016
2026-03-23 08:00+01:00,0.123379
2026-03-23 08:15+01:00,0.126019
2026-03-23 08:30+01:00,0.156281
2026-03-23 08:45+01:00,0.139614
2026-03-23 09:00+01:00,0.100460
2026-03-23 09:15+01:00,0.147534
2026-03-23 09:30+01:00,
2026-03-23 09:45+01:00,0.101775
2026-03-23 10:00+01:00,0.117156
2026-03-23 10:15+01:00,0.138717
2026-03-23 10:30+01:00,0.103445
2026-03-23 10:45+01:00,0.144210
2026-03-23 11:00+01:00,0.142741
2026-03-23 11:15+01:00,0.125590
2026-03-23 11:30+01:00,0.095763
2026-03-23 11:45+01:00,0.131182
2026-03-23 12:00+01:00,0.139527
2026-03-23 12:15+01:00,0.100438
2026-03-23 12:30+01:00,0.137498
2026-03-23 12:45+01:00,0.127753
2026-03-23 13:00+01:00,0.128236
2026-03-23 13:15+01:00,0.134965
2026-03-23 13:30+01:00,0.137374
2026-03-23 13:45+01:00,0.114259
2026-03-23 14:00+01:00,0.142479
2026-03-23 14:15+01:00,0.139814
2026-03-23 14:30+01:00,0.112084
2026-03-23 14:45+01:00,0.134578
2026-03-23 15:00+01:00,0.130127
2026-03-23 15:15+01:00,0.139566
2026-03-23 15:30+01:00,0.118443
2026-03-23 15:45+01:00,0.138712
2026-03-23 16:00+01:00,0.091106
2026-03-23 16:15+01:00,0.100350
2026-03-23 16:30+01:00,0.112908
2026-03-23 16:45+01:00,0.078605
2026-03-23 17:00+01:00,0.114309
2026-03-23 17:15+01:00,0.115772
2026-03-23 17:30+01:00,0.139655
2026-03-23 17:45+01:00,0.138142
2026-03-23 18:00+01:00,0.001865
2026-03-23 18:15+01:00,0.002843
2026-03-23 18:30+01:00,0.002524
2026-03-23 18:45+01:00,0.002261
2026-03-23 19:00+01:00,0.002250
2026-03-23 19:15+01:00,0.002860
2026-03-23 19:30+01:00,0.003004
2026-03-23 19:45+01:00,0.003224
2026-03-23 20:00+01:00,0.002896
2026-03-23 20:15+01:00,0.001938
2026-03-23 20:30+01:00,0.003335
2026-03-23 20:45+01:00,0.002671
2026-03-23 21:00+01:00,0.002240
2026-03-23 21:15+01:00,
2026-03-23 21:30+01:00,0.002517
2026-03-23 21:45+01:00,0.003294
2026-03-23 22:00+01:00,0.002889
2026-03-23 22:15+01:00,0.001988
2026-03-23 22:30+01:00,0.000000
2026-03-23 22:45+01:00,0.003004
2026-03-23 23:00+01:00,
2026-03-23 23:15+01:00,0.002604
2026-03-23 23:30+01:00,0.002729
2026-03-23 23:45+01:00,0.002618
2026-03-24 00:00+01:00,0.001615
2026-03-24 00:15+01:00,0.002843
2026-03-24 00:30+01:00,0.003375
2026-03-24 00:45+01:00,0.000000
2026-03-24 01:00+01:00,
2026-03-24 01:15+01:00,0.001653
2026-03-24 01:30+01:00,0.002235
2026-03-24 01:45+01:00,0.002235
2026-03-24 02:00+01:00,0.000000
2026-03-24 02:15+01:00,
2026-03-24 02:30+01:00,0.002547
2026-03-24 02:45+01:00,0.003067
2026-03-24 03:00+01:00,0.001658
2026-03-24 03:15+01:00,0.002965
2026-03-24 03:30+01:00,0.003343
2026-03-24 03:45+01:00,0.002708
2026-03-24 04:00+01:00,0.003268
2026-03-24 04:15+01:00,0.003475
2026-03-24 04:30+01:00,0.003218
2026-03-24 04:45+01:00,0.003036
2026-03-24 05:00+01:00,0.000000
2026-03-24 05:15+01:00,0.002073
2026-03-24 05:30+01:00,
2026-03-24 05:45+01:00,0.002288
2026-03-24 06:00+01:00,0.003012
2026-03-24 06:15+01:00,0.000000
2026-03-24 06:30+01:00,0.002025
2026-03-24 06:45+01:00,0.003484
2026-03-24 07:00+01:00,0.108635
2026-03-24 07:15+01:00,0.144074
2026-03-24 07:30+01:00,0.130181
2026-03-24 07:45+01:00,0.141933
2026-03-24 08:00+01:00,0.127230
2026-03-24 08:15+01:00,0.122981
2026-03-24 08:30+01:00,0.145536
2026-03-24 08:45+01:00,0.145761
2026-03-24 09:00+01:00,0.120333
2026-03-24 09:15+01:00,0.134248
2026-03-24 09:30+01:00,0.092458
2026-03-24 09:45+01:00,0.122497
2026-03-24 10:00+01:00,0.160078
2026-03-24 10:15+01:00,0.141017
2026-03-24 10:30+01:00,0.127808
2026-03-24 10:45+01:00,0.150386
2026-03-24 11:00+01:00,0.135312
2026-03-24 11:15+01:00,0.146244
2026-03-24 11:30+01:00,0.136567
2026-03-24 11:45+01:00,0.149946
2026-03-24 12:00+01:00,0.130152
2026-03-24 12:15+01:00,
2026-03-24 12:30+01:00,0.110127
2026-03-24 12:45+01:00,0.119167
2026-03-24 13:00+01:00,0.100067
2026-03-24 13:15+01:00,0.144266
2026-03-24 13:30+01:00,0.099438
2026-03-24 13:45+01:00,0.146469
2026-03-24 14:00+01:00,0.122804
2026-03-24 14:15+01:00,0.128598
2026-03-24 14:30+01:00,0.112363
2026-03-24 14:45+01:00,0.135627
2026-03-24 15:00+01:00,0.108142
2026-03-24 15:15+01:00,0.112175
2026-03-24 15:30+01:00,0.151636
2026-03-24 15:45+01:00,0.117582
2026-03-24 16:00+01:00,0.148568
2026-03-24 16:15+01:00,0.142325
2026-03-24 16:30+01:00,0.105354
2026-03-24 16:45+01:00,0.134176
2026-03-24 17:00+01:00,0.114043
2026-03-24 17:15+01:00,0.143550
2026-03-24 17:30+01:00,0.121260
2026-03-24 17:45+01:00,0.125188
2026-03-24 18:00+01:00,0.002122
2026-03-24 18:15+01:00,0.001665
2026-03-24 18:30+01:00,0.001484
2026-03-24 18:45+01:00,0.002821
2026-03-24 19:00+01:00,0.002355
2026-03-24 19:15+01:00,0.003884
2026-03-24 19:30+01:00,0.002510
2026-03-24 19:45+01:00,0.003033
2026-03-24 20:00+01:00,0.002151
2026-03-24 20:15+01:00,0.000000
2026-03-24 20:30+01:00,0.001699
2026-03-24 20:45+01:00,0.003081
2026-03-24 21:00+01:00,0.001926
2026-03-24 21:15+01:00,0.002246
2026-03-24 21:30+01:00,0.002397
2026-03-24 21:45+01:00,0.001904
2026-03-24 22:00+01:00,0.002614
2026-03-24 22:15+01:00,0.002504
2026-03-24 22:30+01:00,0.002665
2026-03-24 22:45+01:00,0.001169
2026-03-24 23:00+01:00,0.002396
2026-03-24 23:15+01:00,0.002574
2026-03-24 23:30+01:00,0.002140
2026-03-24 23:45+01:00,0.002368
2026-03-25 00:00+01:00,0.002996
2026-03-25 00:15+01:00,0.003117
2026-03-25 00:30+01:00,0.002491
2026-03-25 00:45+01:00,0.003258
2026-03-25 01:00+01:00,0.002962
2026-03-25 01:15+01:00,0.002961
2026-03-25 01:30+01:00,0.002481
2026-03-25 01:45+01:00,0.002234
2026-03-25 02:00+01:00,0.001923
2026-03-25 02:15+01:00,0.002316
2026-03-25 02:30+01:00,0.002588
2026-03-25 02:45+01:00,0.002501
2026-03-25 03:00+01:00,0.003202
2026-03-25 03:15+01:00,0.002657
2026-03-25 03:30+01:00,0.002098
2026-03-25 03:45+01:00,0.002334
2026-03-25 04:00+01:00,0.002064
2026-03-25 04:15+01:00,0.001626
2026-03-25 04:30+01:00,0.002399
2026-03-25 04:45+01:00,0.002536
2026-03-25 05:00+01:00,0.003612
2026-03-25 05:15+01:00,0.002304
2026-03-25 05:30+01:00,0.003291
2026-03-25 05:45+01:00,0.001964
2026-03-25 06:00+01:00,0.003121
2026-03-25 06:15+01:00,0.001910
2026-03-25 06:30+01:00,0.001753
2026-03-25 06:45+01:00,0.000000
2026-03-25 07:00+01:00,0.121406
2026-03-25 07:15+01:00,0.123429
2026-03-25 07:30+01:00,0.158266
2026-03-25 07:45+01:00,0.138292
2026-03-25 08:00+01:00,0.121743
2026-03-25 08:15+01:00,0.133573
2026-03-25 08:30+01:00,0.125443
2026-03-25 08:45+01:00,0.128281
2026-03-25 09:00+01:00,0.124464
2026-03-25 09:15+01:00,0.125308
2026-03-25 09:30+01:00,0.152126
2026-03-25 09:45+01:00,0.146278
2026-03-25 10:00+01:00,0.143305
2026-03-25 10:15+01:00,0.111876
2026-03-25 10:30+01:00,0.119744
2026-03-25 10:45+01:00,0.123318
2026-03-25 11:00+01:00,0.123761
2026-03-25 11:15+01:00,0.128799
2026-03-25 11:30+01:00,0.119181
2026-03-25 11:45+01:00,0.143083
2026-03-25 12:00+01:00,
2026-03-25 12:15+01:00,0.126393
2026-03-25 12:30+01:00,0.128521
2026-03-25 12:45+01:00,0.140649
2026-03-25 13:00+01:00,0.120159
2026-03-25 13:15+01:00,0.164277
2026-03-25 13:30+01:00,0.111229
2026-03-25 13:45+01:00,0.109203
2026-03-25 14:00+01:00,0.146346
2026-03-25 14:15+01:00,0.105195
2026-03-25 14:30+01:00,0.115583
2026-03-25 14:45+01:00,0.170373
2026-03-25 15:00+01:00,0.127337
2026-03-25 15:15+01:00,0.119022
2026-03-25 15:30+01:00,0.144238
2026-03-25 15:45+01:00,0.128428
2026-03-25 16:00+01:00,0.124184
2026-03-25 16:15+01:00,0.139798
2026-03-25 16:30+01:00,0.119321
2026-03-25 16:45+01:00,0.144732
2026-03-25 17:00+01:00,0.096376
2026-03-25 17:15+01:00,0.137317
2026-03-25 17:30+01:00,1.211958
2026-03-25 17:45+01:00,1.102996
2026-03-25 18:00+01:00,0.002478
2026-03-25 18:15+01:00,0.001832
2026-03-25 18:30+01:00,0.001976
2026-03-25 18:45+01:00,0.002285
2026-03-25 19:00+01:00,0.002515
2026-03-25 19:15+01:00,0.002938
2026-03-25 19:30+01:00,0.001747
2026-03-25 19:45+01:00,0.001825
2026-03-25 20:00+01:00,0.002247
2026-03-25 20:15+01:00,0.002613
2026-03-25 20:30+01:00,0.000000
2026-03-25 20:45+01:00,0.002920
2026-03-25 21:00+01:00,0.003419
2026-03-25 21:15+01:00,0.002693
2026-03-25 21:30+01:00,0.003865
2026-03-25 21:45+01:00,0.002526
2026-03-25 22:00+01:00,0.002455
2026-03-25 22:15+01:00,0.003365
2026-03-25 22:30+01:00,0.000000
2026-03-25 22:45+01:00,0.003594
2026-03-25 23:00+01:00,0.003040
2026-03-25 23:15+01:00,0.003314
2026-03-25 23:30+01:00,0.000000
2026-03-25 23:45+01:00,0.002676
2026-03-26 00:00+01:00,0.003384
2026-03-26 00:15+01:00,0.002560
2026-03-26 00:30+01:00,0.002449
2026-03-26 00:45+01:00,0.002085
2026-03-26 01:00+01:00,0.000745
2026-03-26 01:15+01:00,0.002113
2026-03-26 01:30+01:00,0.001588
2026-03-26 01:45+01:00,0.000000
2026-03-26 02:00+01:00,0.002554
2026-03-26 02:15+01:00,0.000981
2026-03-26 02:30+01:00,0.000000
2026-03-26 02:45+01:00,0.000000
2026-03-26 03:00+01:00,0.002822
2026-03-26 03:15+01:00,0.002276
2026-03-26 03:30+01:00,0.003406
2026-03-26 03:45+01:00,0.003302
2026-03-26 04:00+01:00,
2026-03-26 04:15+01:00,0.002213
2026-03-26 04:30+01:00,0.002075
2026-03-26 04:45+01:00,0.002645
2026-03-26 05:00+01:00,0.001683
2026-03-26 05:15+01:00,0.001981
2026-03-26 05:30+01:00,0.002012
2026-03-26 05:45+01:00,0.002942
2026-03-26 06:00+01:00,0.002839
2026-03-26 06:15+01:00,0.001633
2026-03-26 06:30+01:00,0.002658
2026-03-26 06:45+01:00,0.003148
2026-03-26 07:00+01:00,0.133375
2026-03-26 07:15+01:00,0.136071
2026-03-26 07:30+01:00,0.153835
2026-03-26 07:45+01:00,0.139956
2026-03-26 08:00+01:00,0.148603
2026-03-26 08:15+01:00,0.133301
2026-03-26 08:30+01:00,0.136242
2026-03-26 08:45+01:00,0.123137
2026-03-26 09:00+01:00,0.146006
2026-03-26 09:15+01:00,0.135691
2026-03-26 09:30+01:00,0.137875
2026-03-26 09:45+01:00,0.134858
2026-03-26 10:00+01:00,0.138749
2026-03-26 10:15+01:00,0.125789
2026-03-26 10:30+01:00,0.147445
2026-03-26 10:45+01:00,0.122021
2026-03-26 11:00+01:00,0.125392
2026-03-26 11:15+01:00,0.114491
2026-03-26 11:30+01:00,0.117826
2026-03-26 11:45+01:00,0.122041
2026-03-26 12:00+01:00,0.113327
2026-03-26 12:15+01:00,0.126196
2026-03-26 12:30+01:00,0.122068
2026-03-26 12:45+01:00,0.101923
2026-03-26 13:00+01:00,0.117283
2026-03-26 13:15+01:00,0.147059
2026-03-26 13:30+01:00,0.137525
2026-03-26 13:45+01:00,0.149659
2026-03-26 14:00+01:00,0.106472
2026-03-26 14:15+01:00,0.134447
2026-03-26 14:30+01:00,0.127456
2026-03-26 14:45+01:00,0.114149
2026-03-26 15:00+01:00,0.150228
2026-03-26 15:15+01:00,0.139053
2026-03-26 15:30+01:00,0.122722
2026-03-26 15:45+01:00,0.135974
2026-03-26 16:00+01:00,0.116299
2026-03-26 16:15+01:00,0.153462
2026-03-26 16:30+01:00,0.130520
2026-03-26 16:45+01:00,0.112717
2026-03-26 17:00+01:00,0.106172
2026-03-26 17:15+01:00,0.134399
2026-03-26 17:30+01:00,0.126126
2026-03-26 17:45+01:00,0.146110
2026-03-26 18:00+01:00,0.002395
2026-03-26 18:15+01:00,0.003246
2026-03-26 18:30+01:00,0.002064
2026-03-26 18:45+01:00,0.002408
2026-03-26 19:00+01:00,0.002865
2026-03-26 19:15+01:00,0.002953
2026-03-26 19:30+01:00,0.002121
2026-03-26 19:45+01:00,0.002837
2026-03-26 20:00+01:00,0.003099
2026-03-26 20:15+01:00,0.002557
2026-03-26 20:30+01:00,0.002594
2026-03-26 20:45+01:00,0.001375
2026-03-26 21:00+01:00,0.003088
2026-03-26 21:15+01:00,0.002381
2026-03-26 21:30+01:00,0.002756
2026-03-26 21:45+01:00,0.002633
2026-03-26 22:00+01:00,0.002870
2026-03-26 22:15+01:00,0.003182
2026-03-26 22:30+01:00,0.002216
2026-03-26 22:45+01:00,0.002575
2026-03-26 23:00+01:00,0.001515
2026-03-26 23:15+01:00,0.002965
2026-03-26 23:30+01:00,0.002505
2026-03-26 23:45+01:00,0.003521
2026-03-27 00:00+01:00,0.008621
2026-03-27 00:15+01:00,0.007307
2026-03-27 00:30+01:00,0.002350
2026-03-27 00:45+01:00,0.000000
2026-03-27 01:00+01:00,0.002803
2026-03-27 01:15+01:00,0.003607
2026-03-27 01:30+01:00,0.002801
2026-03-27 01:45+01:00,0.001796
2026-03-27 02:00+01:00,0.000000
2026-03-27 02:15+01:00,0.001720
2026-03-27 02:30+01:00,0.003007
2026-03-27 02:45+01:00,0.002137
2026-03-27 03:00+01:00,0.001975
2026-03-27 03:15+01:00,0.002082
2026-03-27 03:30+01:00,0.002220
2026-03-27 03:45+01:00,0.003415
2026-03-27 04:00+01:00,0.002405
2026-03-27 04:15+01:00,0.002638
2026-03-27 04:30+01:00,0.002194
2026-03-27 04:45+01:00,0.002420
2026-03-27 05:00+01:00,0.002271
2026-03-27 05:15+01:00,0.001755
2026-03-27 05:30+01:00,0.003344
2026-03-27 05:45+01:00,0.002140
2026-03-27 06:00+01:00,0.002325
2026-03-27 06:15+01:00,0.001960
2026-03-27 06:30+01:00,0.003024
2026-03-27 06:45+01:00,0.003266
2026-03-27 07:00+01:00,0.124060
2026-03-27 07:15+01:00,0.124289
2026-03-27 07:30+01:00,0.100393
2026-03-27 07:45+01:00,0.131489
2026-03-27 08:00+01:00,0.150112
2026-03-27 08:15+01:00,0.140921
2026-03-27 08:30+01:00,0.135394
2026-03-27 08:45+01:00,0.134055
2026-03-27 09:00+01:00,0.125881
2026-03-27 09:15+01:00,0.136878
2026-03-27 09:30+01:00,0.154133
2026-03-27 09:45+01:00,0.118682
2026-03-27 10:00+01:00,0.125651
2026-03-27 10:15+01:00,0.110363
2026-03-27 10:30+01:00,0.131983
2026-03-27 10:45+01:00,0.120597
2026-03-27 11:00+01:00,0.143755
2026-03-27 11:15+01:00,0.154507
2026-03-27 11:30+01:00,0.133162
2026-03-27 11:45+01:00,0.128719
2026-03-27 12:00+01:00,0.144051
2026-03-27 12:15+01:00,0.144145
2026-03-27 12:30+01:00,0.129246
2026-03-27 12:45+01:00,0.136711
2026-03-27 13:00+01:00,0.142412
2026-03-27 13:15+01:00,0.148716
2026-03-27 13:30+01:00,0.127373
2026-03-27 13:45+01:00,0.115838
2026-03-27 14:00+01:00,0.144355
2026-03-27 14:15+01:00,0.123548
2026-03-27 14:30+01:00,0.134885
2026-03-27 14:45+01:00,0.122043
2026-03-27 15:00+01:00,
2026-03-27 15:15+01:00,0.120010
2026-03-27 15:30+01:00,0.131659
2026-03-27 15:45+01:00,0.132273
2026-03-27 16:00+01:00,0.136707
2026-03-27 16:15+01:00,0.128101
2026-03-27 16:30+01:00,0.106417
2026-03-27 16:45+01:00,0.129550
2026-03-27 17:00+01:00,0.133209
2026-03-27 17:15+01:00,0.143866
2026-03-27 17:30+01:00,0.137155
2026-03-27 17:45+01:00,0.143848
2026-03-27 18:00+01:00,0.002403
2026-03-27 18:15+01:00,0.002812
2026-03-27 18:30+01:00,0.002585
2026-03-27 18:45+01:00,0.002991
2026-03-27 19:00+01:00,0.002947
2026-03-27 19:15+01:00,0.002963
2026-03-27 19:30+01:00,0.002009
2026-03-27 19:45+01:00,0.002335
2026-03-27 20:00+01:00,0.002242
2026-03-27 20:15+01:00,0.003416
2026-03-27 20:30+01:00,0.003089
2026-03-27 20:45+01:00,0.002382
2026-03-27 21:00+01:00,0.000000
2026-03-27 21:15+01:00,0.002181
2026-03-27 21:30+01:00,0.003170
2026-03-27 21:45+01:00,0.000000
2026-03-27 22:00+01:00,0.000000
2026-03-27 22:15+01:00,0.002379
2026-03-27 22:30+01:00,0.003067
2026-03-27 22:45+01:00,0.003853
2026-03-27 23:00+01:00,0.002541
2026-03-27 23:15+01:00,0.002293
2026-03-27 23:30+01:00,0.001921
2026-03-27 23:45+01:00,0.002228
2026-03-28 00:00+01:00,0.002750
2026-03-28 00:15+01:00,0.001566
2026-03-28 00:30+01:00,0.002045
2026-03-28 00:45+01:00,0.000000
2026-03-28 01:00+01:00,0.001407
2026-03-28 01:15+01:00,0.001324
2026-03-28 01:30+01:00,0.001987
2026-03-28 01:45+01:00,0.001779
2026-03-28 02:00+01:00,0.001624
2026-03-28 02:15+01:00,0.001227
2026-03-28 02:30+01:00,0.001411
2026-03-28 02:45+01:00,0.001160
2026-03-28 03:00+01:00,0.001634
2026-03-28 03:15+01:00,0.001267
2026-03-28 03:30+01:00,0.002015
2026-03-28 03:45+01:00,0.000000
2026-03-28 04:00+01:00,0.001835
2026-03-28 04:15+01:00,0.000000
2026-03-28 04:30+01:00,0.001437
2026-03-28 04:45+01:00,0.001910
2026-03-28 05:00+01:00,0.001392
2026-03-28 05:15+01:00,0.001087
2026-03-28 05:30+01:00,0.001605
2026-03-28 05:45+01:00,0.001686
2026-03-28 06:00+01:00,0.000000
2026-03-28 06:15+01:00,0.001483
2026-03-28 06:30+01:00,0.001432
2026-03-28 06:45+01:00,0.001845
2026-03-28 07:00+01:00,0.002338
2026-03-28 07:15+01:00,0.001936
2026-03-28 07:30+01:00,0.001456
2026-03-28 07:45+01:00,0.001429
2026-03-28 08:00+01:00,0.001288
2026-03-28 08:15+01:00,0.001094
2026-03-28 08:30+01:00,0.001230
2026-03-28 08:45+01:00,0.000000
2026-03-28 09:00+01:00,0.001195
2026-03-28 09:15+01:00,0.001727
2026-03-28 09:30+01:00,0.001546
2026-03-28 09:45+01:00,0.001636
2026-03-28 10:00+01:00,0.002268
2026-03-28 10:15+01:00,0.001343
2026-03-28 10:30+01:00,0.002058
2026-03-28 10:45+01:00,0.001807
2026-03-28 11:00+01:00,0.001848
2026-03-28 11:15+01:00,0.001266
2026-03-28 11:30+01:00,0.001864
2026-03-28 11:45+01:00,0.001695
2026-03-28 12:00+01:00,0.001699
2026-03-28 12:15+01:00,0.001802
2026-03-28 12:30+01:00,0.001468
2026-03-28 12:45+01:00,0.001565
2026-03-28 13:00+01:00,0.001774
2026-03-28 13:15+01:00,0.001436
2026-03-28 13:30+01:00,0.002131
2026-03-28 13:45+01:00,0.001048
2026-03-28 14:00+01:00,0.001318
2026-03-28 14:15+01:00,0.001250
2026-03-28 14:30+01:00,0.001267
2026-03-28 14:45+01:00,0.001721
2026-03-28 15:00+01:00,0.001055
2026-03-28 15:15+01:00,0.001844
2026-03-28 15:30+01:00,0.001499
2026-03-28 15:45+01:00,0.001515
2026-03-28 16:00+01:00,0.001396
2026-03-28 16:15+01:00,0.002039
2026-03-28 16:30+01:00,0.001543
2026-03-28 16:45+01:00,0.001597
2026-03-28 17:00+01:00,0.001033
2026-03-28 17:15+01:00,0.001446
2026-03-28 17:30+01:00,0.001577
2026-03-28 17:45+01:00,0.001605
2026-03-28 18:00+01:00,0.001145
2026-03-28 18:15+01:00,
2026-03-28 18:30+01:00,0.001548
2026-03-28 18:45+01:00,0.001253
2026-03-28 19:00+01:00,0.001665
2026-03-28 19:15+01:00,0.001277
2026-03-28 19:30+01:00,0.001574
2026-03-28 19:45+01:00,0.001693
2026-03-28 20:00+01:00,0.001800
2026-03-28 20:15+01:00,0.001546
2026-03-28 20:30+01:00,0.001354
2026-03-28 20:45+01:00,0.002007
2026-03-28 21:00+01:00,0.001393
2026-03-28 21:15+01:00,0.001506
2026-03-28 21:30+01:00,0.000870
2026-03-28 21:45+01:00,0.001618
2026-03-28 22:00+01:00,0.000908
2026-03-28 22:15+01:00,0.001485
2026-03-28 22:30+01:00,0.001728
2026-03-28 22:45+01:00,0.001419
2026-03-28 23:00+01:00,0.001955
2026-03-28 23:15+01:00,0.001852
2026-03-28 23:30+01:00,0.001297
2026-03-28 23:45+01:00,0.001639
2026-03-29 00:00+01:00,0.000752
2026-03-29 00:15+01:00,0.002047
2026-03-29 00:30+01:00,0.001759
2026-03-29 00:45+01:00,0.002066
2026-03-29 01:00+01:00,0.001889
2026-03-29 01:15+01:00,
2026-03-29 01:30+01:00,0.000000
2026-03-29 01:45+01:00,0.001276
2026-03-29 03:00+02:00,0.001887
2026-03-29 03:15+02:00,0.001375
2026-03-29 03:30+02:00,0.001861
2026-03-29 03:45+02:00,0.001311
2026-03-29 04:00+02:00,0.001721
2026-03-29 04:15+02:00,0.001186
2026-03-29 04:30+02:00,0.001281
2026-03-29 04:45+02:00,0.001332
2026-03-29 05:00+02:00,0.001579
2026-03-29 05:15+02:00,0.001538
2026-03-29 05:30+02:00,0.001753
2026-03-29 05:45+02:00,0.001856
2026-03-29 06:00+02:00,0.001115
2026-03-29 06:15+02:00,0.001697
2026-03-29 06:30+02:00,0.001299
2026-03-29 06:45+02:00,0.001045
2026-03-29 07:00+02:00,0.001388
2026-03-29 07:15+02:00,0.001777
2026-03-29 07:30+02:00,0.001607
2026-03-29 07:45+02:00,0.000000
2026-03-29 08:00+02:00,0.001331
2026-03-29 08:15+02:00,0.002169
2026-03-29 08:30+02:00,0.002327
2026-03-29 08:45+02:00,0.001397
2026-03-29 09:00+02:00,0.001758
2026-03-29 09:15+02:00,0.001511
2026-03-29 09:30+02:00,0.001175
2026-03-29 09:45+02:00,0.001330
2026-03-29 10:00+02:00,0.001255
2026-03-29 10:15+02:00,0.000000
2026-03-29 10:30+02:00,0.001814
2026-03-29 10:45+02:00,0.001412
2026-03-29 11:00+02:00,0.002083
2026-03-29 11:15+02:00,0.000000
2026-03-29 11:30+02:00,0.001201
2026-03-29 11:45+02:00,0.001509
2026-03-29 12:00+02:00,0.001419
2026-03-29 12:15+02:00,0.001219
2026-03-29 12:30+02:00,0.001859
2026-03-29 12:45+02:00,0.001833
2026-03-29 13:00+02:00,0.001122
2026-03-29 13:15+02:00,0.001661
2026-03-29 13:30+02:00,0.001542
2026-03-29 13:45+02:00,0.001677
2026-03-29 14:00+02:00,0.001772
2026-03-29 14:15+02:00,0.001699
2026-03-29 14:30+02:00,0.001341
2026-03-29 14:45+02:00,0.001831
2026-03-29 15:00+02:00,0.000850
2026-03-29 15:15+02:00,0.000000
2026-03-29 15:30+02:00,0.001615
2026-03-29 15:45+02:00,0.001943
2026-03-29 16:00+02:00,0.001607
2026-03-29 16:15+02:00,0.001742
2026-03-29 16:30+02:00,0.001869
2026-03-29 16:45+02:00,0.001456
2026-03-29 17:00+02:00,0.001516
2026-03-29 17:15+02:00,0.001773
2026-03-29 17:30+02:00,0.001930
2026-03-29 17:45+02:00,0.001311
2026-03-29 18:00+02:00,0.001351
2026-03-29 18:15+02:00,0.001312
2026-03-29 18:30+02:00,0.001937
2026-03-29 18:45+02:00,
2026-03-29 19:00+02:00,0.001867
2026-03-29 19:15+02:00,0.001441
2026-03-29 19:30+02:00,0.001373
2026-03-29 19:45+02:00,0.001831
2026-03-29 20:00+02:00,0.001261
2026-03-29 20:15+02:00,0.001480
2026-03-29 20:30+02:00,0.001295
2026-03-29 20:45+02:00,0.002208
2026-03-29 21:00+02:00,0.001013
2026-03-29 21:15+02:00,0.001581
2026-03-29 21:30+02:00,0.001771
2026-03-29 21:45+02:00,0.001333
2026-03-29 22:00+02:00,0.001873
2026-03-29 22:15+02:00,0.001583
2026-03-29 22:30+02:00,0.001542
2026-03-29 22:45+02:00,0.001761
2026-03-29 23:00+02:00,0.001812
2026-03-29 23:15+02:00,0.002432
2026-03-29 23:30+02:00,0.001698
2026-03-29 23:45+02:00,0.002318
2026-03-30 00:00+02:00,0.001709
2026-03-30 00:15+02:00,0.002796
2026-03-30 00:30+02:00,0.003102
2026-03-30 00:45+02:00,0.003270
2026-03-30 01:00+02:00,0.002437
2026-03-30 01:15+02:00,0.001573
2026-03-30 01:30+02:00,
2026-03-30 01:45+02:00,0.002839
2026-03-30 02:00+02:00,0.002595
2026-03-30 02:15+02:00,0.002119
2026-03-30 02:30+02:00,0.002035
2026-03-30 02:45+02:00,0.001812
2026-03-30 03:00+02:00,0.003691
2026-03-30 03:15+02:00,0.002310
2026-03-30 03:30+02:00,0.002922
2026-03-30 03:45+02:00,0.000000
2026-03-30 04:00+02:00,0.001846
2026-03-30 04:15+02:00,
2026-03-30 04:30+02:00,0.002230
2026-03-30 04:45+02:00,0.003666
2026-03-30 05:00+02:00,0.002286
2026-03-30 05:15+02:00,0.001749
2026-03-30 05:30+02:00,0.000000
2026-03-30 05:45+02:00,0.002565
2026-03-30 06:00+02:00,0.001447
2026-03-30 06:15+02:00,0.002221
2026-03-30 06:30+02:00,0.002676
2026-03-30 06:45+02:00,0.002605
2026-03-30 07:00+02:00,0.118462
2026-03-30 07:15+02:00,0.131568
2026-03-30 07:30+02:00,0.139581
2026-03-30 07:45+02:00,0.112271
2026-03-30 08:00+02:00,0.127864
2026-03-30 08:15+02:00,0.143418
2026-03-30 08:30+02:00,0.151154
2026-03-30 08:45+02:00,0.113261
2026-03-30 09:00+02:00,0.105736
2026-03-30 09:15+02:00,0.126814
2026-03-30 09:30+02:00,0.110139
2026-03-30 09:45+02:00,0.111888
2026-03-30 10:00+02:00,
2026-03-30 10:15+02:00,0.160204
2026-03-30 10:30+02:00,0.125397
2026-03-30 10:45+02:00,0.141468
2026-03-30 11:00+02:00,0.118845
2026-03-30 11:15+02:00,0.156449
2026-03-30 11:30+02:00,0.137334
2026-03-30 11:45+02:00,0.146408
2026-03-30 12:00+02:00,0.113743
2026-03-30 12:15+02:00,0.130244
2026-03-30 12:30+02:00,0.136990
2026-03-30 12:45+02:00,0.139297
2026-03-30 13:00+02:00,0.123837
2026-03-30 13:15+02:00,0.114621
2026-03-30 13:30+02:00,0.143092
2026-03-30 13:45+02:00,0.114118
2026-03-30 14:00+02:00,0.145103
2026-03-30 14:15+02:00,0.113350
2026-03-30 14:30+02:00,0.121091
2026-03-30 14:45+02:00,0.168246
2026-03-30 15:00+02:00,0.129973
2026-03-30 15:15+02:00,0.134734
2026-03-30 15:30+02:00,0.104583
2026-03-30 15:45+02:00,0.132485
2026-03-30 16:00+02:00,0.126579
2026-03-30 16:15+02:00,0.139806
2026-03-30 16:30+02:00,0.100795
2026-03-30 16:45+02:00,0.133695
2026-03-30 17:00+02:00,0.111846
2026-03-30 17:15+02:00,0.130953
2026-03-30 17:30+02:00,0.148144
2026-03-30 17:45+02:00,0.129801
2026-03-30 18:00+02:00,0.002487
2026-03-30 18:15+02:00,0.002110
2026-03-30 18:30+02:00,0.002990
2026-03-30 18:45+02:00,0.002743
2026-03-30 19:00+02:00,0.002322
2026-03-30 19:15+02:00,0.002486
2026-03-30 19:30+02:00,0.002712
2026-03-30 19:45+02:00,0.002492
2026-03-30 20:00+02:00,0.002001
2026-03-30 20:15+02:00,0.001841
2026-03-30 20:30+02:00,0.000000
2026-03-30 20:45+02:00,0.001506
2026-03-30 21:00+02:00,0.000000
2026-03-30 21:15+02:00,0.002752
2026-03-30 21:30+02:00,0.002633
2026-03-30 21:45+02:00,0.003346
2026-03-30 22:00+02:00,0.002232
2026-03-30 22:15+02:00,0.001606
2026-03-30 22:30+02:00,0.000000
2026-03-30 22:45+02:00,0.002814
2026-03-30 23:00+02:00,0.002315
2026-03-30 23:15+02:00,0.000000
2026-03-30 23:30+02:00,0.001838
2026-03-30 23:45+02:00,0.003061
2026-03-31 00:00+02:00,0.001688
2026-03-31 00:15+02:00,0.001806
2026-03-31 00:30+02:00,0.002671
2026-03-31 00:45+02:00,0.001700
2026-03-31 01:00+02:00,0.002613
2026-03-31 01:15+02:00,0.003217
2026-03-31 01:30+02:00,0.003008
2026-03-31 01:45+02:00,0.002464
2026-03-31 02:00+02:00,0.003320
2026-03-31 02:15+02:00,0.002363
2026-03-31 02:30+02:00,0.002548
2026-03-31 02:45+02:00,0.001906
2026-03-31 03:00+02:00,
2026-03-31 03:15+02:00,0.003010
2026-03-31 03:30+02:00,0.003307
2026-03-31 03:45+02:00,0.003512
2026-03-31 04:00+02:00,0.002090
2026-03-31 04:15+02:00,0.002155
2026-03-31 04:30+02:00,0.002329
2026-03-31 04:45+02:00,0.002145
2026-03-31 05:00+02:00,0.002589
2026-03-31 05:15+02:00,0.002054
2026-03-31 05:30+02:00,0.003200
2026-03-31 05:45+02:00,0.002881
2026-03-31 06:00+02:00,0.002755
2026-03-31 06:15+02:00,0.001666
2026-03-31 06:30+02:00,0.002505
2026-03-31 06:45+02:00,0.002328
2026-03-31 07:00+02:00,0.110544
2026-03-31 07:15+02:00,0.145167
2026-03-31 07:30+02:00,0.140569
2026-03-31 07:45+02:00,0.125955
2026-03-31 08:00+02:00,0.145623
2026-03-31 08:15+02:00,0.113564
2026-03-31 08:30+02:00,0.124467
2026-03-31 08:45+02:00,0.157293
2026-03-31 09:00+02:00,0.154868
2026-03-31 09:15+02:00,0.111752
2026-03-31 09:30+02:00,0.120429
2026-03-31 09:45+02:00,0.106724
2026-03-31 10:00+02:00,0.111769
2026-03-31 10:15+02:00,0.147916
2026-03-31 10:30+02:00,0.134863
2026-03-31 10:45+02:00,0.111029
2026-03-31 11:00+02:00,0.138551
2026-03-31 11:15+02:00,0.117443
2026-03-31 11:30+02:00,0.113309
2026-03-31 11:45+02:00,0.138832
2026-03-31 12:00+02:00,0.102351
2026-03-31 12:15+02:00,0.088093
2026-03-31 12:30+02:00,0.129428
2026-03-31 12:45+02:00,0.119810
2026-03-31 13:00+02:00,0.101650
2026-03-31 13:15+02:00,0.118871
2026-03-31 13:30+02:00,0.102251
2026-03-31 13:45+02:00,0.122887
2026-03-31 14:00+02:00,0.142527
2026-03-31 14:15+02:00,0.093287
2026-03-31 14:30+02:00,0.124778
2026-03-31 14:45+02:00,0.129089
2026-03-31 15:00+02:00,0.119465
2026-03-31 15:15+02:00,0.139975
2026-03-31 15:30+02:00,
2026-03-31 15:45+02:00,0.121425
2026-03-31 16:00+02:00,0.126483
2026-03-31 16:15+02:00,0.137375
2026-03-31 16:30+02:00,0.135153
2026-03-31 16:45+02:00,0.124719
2026-03-31 17:00+02:00,0.121290
2026-03-31 17:15+02:00,0.117532
2026-03-31 17:30+02:00,0.139094
2026-03-31 17:45+02:00,0.116310
2026-03-31 18:00+02:00,0.001728
2026-03-31 18:15+02:00,
2026-03-31 18:30+02:00,0.002872
2026-03-31 18:45+02:00,0.002619
2026-03-31 19:00+02:00,0.002388
2026-03-31 19:15+02:00,0.000000
2026-03-31 19:30+02:00,0.002737
2026-03-31 19:45+02:00,0.002903
2026-03-31 20:00+02:00,0.002726
2026-03-31 20:15+02:00,0.002671
2026-03-31 20:30+02:00,0.002506
2026-03-31 20:45+02:00,0.002955
2026-03-31 21:00+02:00,0.002713
2026-03-31 21:15+02:00,0.002514
2026-03-31 21:30+02:00,0.002402
2026-03-31 21:45+02:00,0.004040
2026-03-31 22:00+02:00,0.001730
2026-03-31 22:15+02:00,0.002307
2026-03-31 22:30+02:00,0.002256
2026-03-31 22:45+02:00,0.002226
2026-03-31 23:00+02:00,0.002298
2026-03-31 23:15+02:00,0.002601
2026-03-31 23:30+02:00,0.002875
2026-03-31 23:45+02:00,0.000000
2026-04-01 00:00+02:00,0.002349
2026-04-01 00:15+02:00,0.001762
2026-04-01 00:30+02:00,0.001805
2026-04-01 00:45+02:00,0.003334
2026-04-01 01:00+02:00,0.002888
2026-04-01 01:15+02:00,0.002265
2026-04-01 01:30+02:00,0.003246
2026-04-01 01:45+02:00,0.002610
2026-04-01 02:00+02:00,0.002279
2026-04-01 02:15+02:00,0.003219
2026-04-01 02:30+02:00,0.001900
2026-04-01 02:45+02:00,0.002542
2026-04-01 03:00+02:00,0.002584
2026-04-01 03:15+02:00,0.003549
2026-04-01 03:30+02:00,0.003404
2026-04-01 03:45+02:00,0.001669
2026-04-01 04:00+02:00,0.001093
2026-04-01 04:15+02:00,0.002125
2026-04-01 04:30+02:00,0.002385
2026-04-01 04:45+02:00,0.002295
2026-04-01 05:00+02:00,0.002619
2026-04-01 05:15+02:00,0.002452
2026-04-01 05:30+02:00,0.000000
2026-04-01 05:45+02:00,0.003352
2026-04-01 06:00+02:00,0.001603
2026-04-01 06:15+02:00,0.002194
2026-04-01 06:30+02:00,0.002719
2026-04-01 06:45+02:00,0.002816
2026-04-01 07:00+02:00,0.114740
2026-04-01 07:15+02:00,0.147990
2026-04-01 07:30+02:00,0.103325
2026-04-01 07:45+02:00,0.131732
2026-04-01 08:00+02:00,0.931221
2026-04-01 08:15+02:00,0.780480
2026-04-01 08:30+02:00,0.108056
2026-04-01 08:45+02:00,0.112831
2026-04-01 09:00+02:00,0.134643
2026-04-01 09:15+02:00,0.168469
2026-04-01 09:30+02:00,0.147152
2026-04-01 09:45+02:00,0.116734
2026-04-01 10:00+02:00,0.132639
2026-04-01 10:15+02:00,0.132691
2026-04-01 10:30+02:00,0.139087
2026-04-01 10:45+02:00,0.076477
2026-04-01 11:00+02:00,0.130559
2026-04-01 11:15+02:00,0.142429
2026-04-01 11:30+02:00,0.121960
2026-04-01 11:45+02:00,0.143123
2026-04-01 12:00+02:00,0.130314
2026-04-01 12:15+02:00,0.142597
2026-04-01 12:30+02:00,0.127179
2026-04-01 12:45+02:00,0.148705
2026-04-01 13:00+02:00,0.123487
2026-04-01 13:15+02:00,0.122906
2026-04-01 13:30+02:00,0.148184
2026-04-01 13:45+02:00,0.118623
2026-04-01 14:00+02:00,0.128654
2026-04-01 14:15+02:00,0.119486
2026-04-01 14:30+02:00,0.150170
2026-04-01 14:45+02:00,0.117153
2026-04-01 15:00+02:00,0.108485
2026-04-01 15:15+02:00,0.141886
2026-04-01 15:30+02:00,0.153577
2026-04-01 15:45+02:00,0.121480
2026-04-01 16:00+02:00,0.118658
2026-04-01 16:15+02:00,0.116766
2026-04-01 16:30+02:00,0.122716
2026-04-01 16:45+02:00,0.135943
2026-04-01 17:00+02:00,0.114509
2026-04-01 17:15+02:00,0.127446
2026-04-01 17:30+02:00,0.129731
2026-04-01 17:45+02:00,0.082338
2026-04-01 18:00+02:00,0.002959
2026-04-01 18:15+02:00,0.002494
2026-04-01 18:30+02:00,0.001433
2026-04-01 18:45+02:00,0.001956
2026-04-01 19:00+02:00,0.002953
2026-04-01 19:15+02:00,0.002672
2026-04-01 19:30+02:00,0.004252
2026-04-01 19:45+02:00,0.002492
2026-04-01 20:00+02:00,0.002481
2026-04-01 20:15+02:00,0.002389
2026-04-01 20:30+02:00,0.003024
2026-04-01 20:45+02:00,0.002012
2026-04-01 21:00+02:00,0.002125
2026-04-01 21:15+02:00,0.002814
2026-04-01 21:30+02:00,0.002970
2026-04-01 21:45+02:00,0.002611
2026-04-01 22:00+02:00,0.002456
2026-04-01 22:15+02:00,0.002751
2026-04-01 22:30+02:00,0.002293
2026-04-01 22:45+02:00,0.002338
2026-04-01 23:00+02:00,
2026-04-01 23:15+02:00,0.002297
2026-04-01 23:30+02:00,0.002210
2026-04-01 23:45+02:00,0.001796
2026-04-02 00:00+02:00,0.000000
2026-04-02 00:15+02:00,0.003099
2026-04-02 00:30+02:00,0.002809
2026-04-02 00:45+02:00,0.001469
2026-04-02 01:00+02:00,0.002245
2026-04-02 01:15+02:00,0.002081
2026-04-02 01:30+02:00,0.003146
2026-04-02 01:45+02:00,0.002083
2026-04-02 02:00+02:00,0.003153
2026-04-02 02:15+02:00,0.002656
2026-04-02 02:30+02:00,0.003027
2026-04-02 02:45+02:00,
2026-04-02 03:00+02:00,0.002578
2026-04-02 03:15+02:00,0.001875
2026-04-02 03:30+02:00,0.002018
2026-04-02 03:45+02:00,0.002941
2026-04-02 04:00+02:00,0.003045
2026-04-02 04:15+02:00,0.001997
2026-04-02 04:30+02:00,0.000000
2026-04-02 04:45+02:00,0.002505
2026-04-02 05:00+02:00,0.002877
2026-04-02 05:15+02:00,0.002910
2026-04-02 05:30+02:00,0.002093
2026-04-02 05:45+02:00,0.002712
2026-04-02 06:00+02:00,0.001372
2026-04-02 06:15+02:00,0.002807
2026-04-02 06:30+02:00,0.003342
2026-04-02 06:45+02:00,0.002780
2026-04-02 07:00+02:00,0.106235
2026-04-02 07:15+02:00,0.146770
2026-04-02 07:30+02:00,0.118249
2026-04-02 07:45+02:00,0.104068
2026-04-02 08:00+02:00,0.123517
2026-04-02 08:15+02:00,0.107527
2026-04-02 08:30+02:00,0.145788
2026-04-02 08:45+02:00,0.169029
2026-04-02 09:00+02:00,0.097880
2026-04-02 09:15+02:00,0.141005
2026-04-02 09:30+02:00,0.154831
2026-04-02 09:45+02:00,0.085645
2026-04-02 10:00+02:00,0.139125
2026-04-02 10:15+02:00,0.167880
2026-04-02 10:30+02:00,0.151096
2026-04-02 10:45+02:00,0.112645
2026-04-02 11:00+02:00,0.130579
2026-04-02 11:15+02:00,0.126230
2026-04-02 11:30+02:00,0.121868
2026-04-02 11:45+02:00,0.142897
2026-04-02 12:00+02:00,
2026-04-02 12:15+02:00,
2026-04-02 12:30+02:00,0.137176
2026-04-02 12:45+02:00,0.153539
2026-04-02 13:00+02:00,0.133934
2026-04-02 13:15+02:00,0.130025
2026-04-02 13:30+02:00,0.146800
2026-04-02 13:45+02:00,0.137778
2026-04-02 14:00+02:00,0.108975
2026-04-02 14:15+02:00,0.136339
2026-04-02 14:30+02:00,0.111987
2026-04-02 14:45+02:00,0.095915
2026-04-02 15:00+02:00,0.113180
2026-04-02 15:15+02:00,0.129862
2026-04-02 15:30+02:00,0.130346
2026-04-02 15:45+02:00,0.141146
2026-04-02 16:00+02:00,0.133922
2026-04-02 16:15+02:00,0.151451
2026-04-02 16:30+02:00,0.100153
2026-04-02 16:45+02:00,0.136994
2026-04-02 17:00+02:00,0.149522
2026-04-02 17:15+02:00,0.123377
2026-04-02 17:30+02:00,0.144363
2026-04-02 17:45+02:00,
2026-04-02 18:00+02:00,0.002792
2026-04-02 18:15+02:00,0.002747
2026-04-02 18:30+02:00,0.003153
2026-04-02 18:45+02:00,0.002284
2026-04-02 19:00+02:00,0.002339
2026-04-02 19:15+02:00,0.002594
2026-04-02 19:30+02:00,0.002294
2026-04-02 19:45+02:00,0.001502
2026-04-02 20:00+02:00,0.003100
2026-04-02 20:15+02:00,0.002295
2026-04-02 20:30+02:00,0.002620
2026-04-02 20:45+02:00,0.002557
2026-04-02 21:00+02:00,0.001568
2026-04-02 21:15+02:00,0.002942
2026-04-02 21:30+02:00,0.002679
2026-04-02 21:45+02:00,0.002181
2026-04-02 22:00+02:00,0.002575
2026-04-02 22:15+02:00,0.002541
2026-04-02 22:30+02:00,0.001666
2026-04-02 22:45+02:00,0.002298
2026-04-02 23:00+02:00,
2026-04-02 23:15+02:00,0.002094
2026-04-02 23:30+02:00,
2026-04-02 23:45+02:00,0.001572
2026-04-03 00:00+02:00,0.002431
2026-04-03 00:15+02:00,0.002460
2026-04-03 00:30+02:00,0.002837
2026-04-03 00:45+02:00,0.000000
2026-04-03 01:00+02:00,0.002033
2026-04-03 01:15+02:00,0.003266
2026-04-03 01:30+02:00,0.002266
2026-04-03 01:45+02:00,0.002998
2026-04-03 02:00+02:00,0.003122
2026-04-03 02:15+02:00,0.002371
2026-04-03 02:30+02:00,0.002358
2026-04-03 02:45+02:00,0.002171
2026-04-03 03:00+02:00,0.002236
2026-04-03 03:15+02:00,0.003010
2026-04-03 03:30+02:00,0.000000
2026-04-03 03:45+02:00,0.002530
2026-04-03 04:00+02:00,0.003328
2026-04-03 04:15+02:00,0.003116
2026-04-03 04:30+02:00,0.001766
2026-04-03 04:45+02:00,0.002663
2026-04-03 05:00+02:00,0.002812
2026-04-03 05:15+02:00,0.002109
2026-04-03 05:30+02:00,0.002030
2026-04-03 05:45+02:00,0.001824
2026-04-03 06:00+02:00,0.002784
2026-04-03 06:15+02:00,
2026-04-03 06:30+02:00,0.002084
2026-04-03 06:45+02:00,0.000000
2026-04-03 07:00+02:00,0.115268
2026-04-03 07:15+02:00,0.144108
2026-04-03 07:30+02:00,0.127204
2026-04-03 07:45+02:00,0.113853
2026-04-03 08:00+02:00,0.112895
2026-04-03 08:15+02:00,0.124082
2026-04-03 08:30+02:00,0.123098
2026-04-03 08:45+02:00,0.110595
2026-04-03 09:00+02:00,0.104783
2026-04-03 09:15+02:00,0.135849
2026-04-03 09:30+02:00,0.119973
2026-04-03 09:45+02:00,0.132758
2026-04-03 10:00+02:00,0.098226
2026-04-03 10:15+02:00,0.110853
2026-04-03 10:30+02:00,0.137213
2026-04-03 10:45+02:00,
2026-04-03 11:00+02:00,0.145544
2026-04-03 11:15+02:00,0.125747
2026-04-03 11:30+02:00,0.128720
2026-04-03 11:45+02:00,0.153821
2026-04-03 12:00+02:00,0.145089
2026-04-03 12:15+02:00,0.134748
2026-04-03 12:30+02:00,0.141295
2026-04-03 12:45+02:00,0.122872
2026-04-03 13:00+02:00,0.125192
2026-04-03 13:15+02:00,0.132301
2026-04-03 13:30+02:00,0.135135
2026-04-03 13:45+02:00,0.101944
2026-04-03 14:00+02:00,0.117783
2026-04-03 14:15+02:00,0.110406
2026-04-03 14:30+02:00,0.130093
2026-04-03 14:45+02:00,0.121901
2026-04-03 15:00+02:00,0.152326
2026-04-03 15:15+02:00,0.140727
2026-04-03 15:30+02:00,0.101818
2026-04-03 15:45+02:00,0.117007
2026-04-03 16:00+02:00,0.142245
2026-04-03 16:15+02:00,0.111074
2026-04-03 16:30+02:00,
2026-04-03 16:45+02:00,0.118833
2026-04-03 17:00+02:00,0.133273
2026-04-03 17:15+02:00,0.098306
2026-04-03 17:30+02:00,0.122782
2026-04-03 17:45+02:00,0.106357
2026-04-03 18:00+02:00,0.000000
2026-04-03 18:15+02:00,0.002829
2026-04-03 18:30+02:00,0.004150
2026-04-03 18:45+02:00,0.002499
2026-04-03 19:00+02:00,0.002903
2026-04-03 19:15+02:00,0.002904
2026-04-03 19:30+02:00,0.002344
2026-04-03 19:45+02:00,0.002096
2026-04-03 20:00+02:00,0.002584
2026-04-03 20:15+02:00,0.003495
2026-04-03 20:30+02:00,0.002572
2026-04-03 20:45+02:00,0.002319
2026-04-03 21:00+02:00,0.002244
2026-04-03 21:15+02:00,0.000000
2026-04-03 21:30+02:00,0.002855
2026-04-03 21:45+02:00,0.002650
2026-04-03 22:00+02:00,0.003625
2026-04-03 22:15+02:00,0.003375
2026-04-03 22:30+02:00,0.003282
2026-04-03 22:45+02:00,0.003532
2026-04-03 23:00+02:00,0.002553
2026-04-03 23:15+02:00,0.001261
2026-04-03 23:30+02:00,0.002580
2026-04-03 23:45+02:00,0.002405
2026-04-04 00:00+02:00,0.001490
2026-04-04 00:15+02:00,0.001424
2026-04-04 00:30+02:00,0.001460
2026-04-04 00:45+02:00,0.001534
2026-04-04 01:00+02:00,0.001830
2026-04-04 01:15+02:00,0.001443
2026-04-04 01:30+02:00,0.001213
2026-04-04 01:45+02:00,0.001208
2026-04-04 02:00+02:00,0.001567
2026-04-04 02:15+02:00,0.001656
2026-04-04 02:30+02:00,
2026-04-04 02:45+02:00,0.002058
2026-04-04 03:00+02:00,0.001211
2026-04-04 03:15+02:00,0.001823
2026-04-04 03:30+02:00,
2026-04-04 03:45+02:00,0.000000
2026-04-04 04:00+02:00,0.001324
2026-04-04 04:15+02:00,0.002141
2026-04-04 04:30+02:00,0.001275
2026-04-04 04:45+02:00,0.001197
2026-04-04 05:00+02:00,0.001422
2026-04-04 05:15+02:00,0.001583
2026-04-04 05:30+02:00,0.001950
2026-04-04 05:45+02:00,0.001767
2026-04-04 06:00+02:00,0.000701
2026-04-04 06:15+02:00,0.001505
2026-04-04 06:30+02:00,0.001489
2026-04-04 06:45+02:00,0.002235
2026-04-04 07:00+02:00,0.001799
2026-04-04 07:15+02:00,
2026-04-04 07:30+02:00,0.001589
2026-04-04 07:45+02:00,0.000922
2026-04-04 08:00+02:00,0.001572
2026-04-04 08:15+02:00,0.001565
2026-04-04 08:30+02:00,0.001202
2026-04-04 08:45+02:00,0.001102
2026-04-04 09:00+02:00,0.001363
2026-04-04 09:15+02:00,0.001929
2026-04-04 09:30+02:00,0.001324
2026-04-04 09:45+02:00,0.001380
2026-04-04 10:00+02:00,0.001374
2026-04-04 10:15+02:00,0.001798
2026-04-04 10:30+02:00,0.001192
2026-04-04 10:45+02:00,0.001518
2026-04-04 11:00+02:00,0.001648
2026-04-04 11:15+02:00,0.001343
2026-04-04 11:30+02:00,0.001269
2026-04-04 11:45+02:00,0.000000
2026-04-04 12:00+02:00,0.001855
2026-04-04 12:15+02:00,0.001159
2026-04-04 12:30+02:00,0.002195
2026-04-04 12:45+02:00,0.000954
2026-04-04 13:00+02:00,
2026-04-04 13:15+02:00,0.001660
2026-04-04 13:30+02:00,0.001618
2026-04-04 13:45+02:00,0.001340
2026-04-04 14:00+02:00,0.001688
2026-04-04 14:15+02:00,0.001704
2026-04-04 14:30+02:00,0.001614
2026-04-04 14:45+02:00,0.001573
2026-04-04 15:00+02:00,0.000000
2026-04-04 15:15+02:00,0.001602
2026-04-04 15:30+02:00,0.001799
2026-04-04 15:45+02:00,0.001524
2026-04-04 16:00+02:00,0.001867
2026-04-04 16:15+02:00,0.001149
2026-04-04 16:30+02:00,0.001662
2026-04-04 16:45+02:00,0.001493
2026-04-04 17:00+02:00,0.000000
2026-04-04 17:15+02:00,0.001112
2026-04-04 17:30+02:00,0.001425
2026-04-04 17:45+02:00,0.001074
2026-04-04 18:00+02:00,0.001944
2026-04-04 18:15+02:00,0.001872
2026-04-04 18:30+02:00,0.001681
2026-04-04 18:45+02:00,0.002113
2026-04-04 19:00+02:00,0.001510
2026-04-04 19:15+02:00,0.001449
2026-04-04 19:30+02:00,0.001177
2026-04-04 19:45+02:00,0.000000
2026-04-04 20:00+02:00,0.000000
2026-04-04 20:15+02:00,0.001692
2026-04-04 20:30+02:00,0.001669
2026-04-04 20:45+02:00,0.001306
2026-04-04 21:00+02:00,0.001638
2026-04-04 21:15+02:00,0.001365
2026-04-04 21:30+02:00,0.002083
2026-04-04 21:45+02:00,0.001353
2026-04-04 22:00+02:00,0.000000
2026-04-04 22:15+02:00,0.001570
2026-04-04 22:30+02:00,0.001722
2026-04-04 22:45+02:00,0.001709
2026-04-04 23:00+02:00,0.001467
2026-04-04 23:15+02:00,0.001041
2026-04-04 23:30+02:00,0.002031
2026-04-04 23:45+02:00,0.001608
2026-04-05 00:00+02:00,0.000597
